query_id,surface_form,family,anchor_id,anchor_label,strict_start_year,strict_end_year,strict_start_value,strict_end_value,strict_window_mean,contextual_start_year,contextual_end_year,contextual_years_available,contextual_window_mean,contextual_window_median,contextual_window_maximum,five_year_pre_anchor_mean,five_year_post_anchor_mean,statistics_note
FT-Q-V01-001,temperature,temperature_threshold,FT-A1842,1842,1842,1842,3.817854639009965e-05,3.817854639009965e-05,3.817854639009965e-05,1839,1845,4,3.556259241623005e-05,3.529720518158364e-05,3.969042568030545e-05,,3.258122445154443e-05,Descriptive only; unavailable edge years are blank rather than imputed.
FT-Q-V01-001,temperature,temperature_threshold,FT-A1938,1938,1938,1938,0.0001075987250857835,0.0001075987250857835,0.0001075987250857835,1936,1940,5,9.734126570980633e-05,9.735008271904988e-05,0.0001075987250857835,9.535819162236753e-05,9.910785257373211e-05,Descriptive only; unavailable edge years are blank rather than imputed.
FT-Q-V01-001,temperature,temperature_threshold,FT-A1988,1988,1988,1988,0.0001381082131784381,0.0001381082131784381,0.0001381082131784381,1986,1990,5,0.0001416853556544695,0.0001416338860931177,0.0001448689636844719,0.0001461991983051449,0.0001338457299897511,Descriptive only; unavailable edge years are blank rather than imputed.
FT-Q-V01-001,temperature,temperature_threshold,FT-A0607,2006–2007,2006,2007,9.349962672342699e-05,9.569523659125334e-05,9.459743165734016e-05,2005,2008,4,9.32373906082154e-05,9.426902219349456e-05,9.569523659125334e-05,9.781370107063356e-05,9.410914973679504e-05,Descriptive only; unavailable edge years are blank rather than imputed.
FT-Q-V01-001,temperature,temperature_threshold,FT-A2015,2015,2015,2015,7.593630839236587e-05,7.593630839236587e-05,7.593630839236587e-05,2014,2016,3,8.05180694114412e-05,8.042775988104101e-05,8.519013996091673e-05,0.0001001336627821599,8.479270798884553e-05,Descriptive only; unavailable edge years are blank rather than imputed.
FT-Q-V01-001,temperature,temperature_threshold,FT-A2022,2022,2022,2022,9.003187850510977e-05,9.003187850510977e-05,9.003187850510977e-05,2021,2023,2,8.92609802639905e-05,8.92609802639905e-05,9.003187850510977e-05,8.545269640123642e-05,,Descriptive only; unavailable edge years are blank rather than imputed.
FT-Q-V01-002,mean temperature,temperature_threshold,FT-A1842,1842,1842,1842,2.365172290907935e-06,2.365172290907935e-06,2.365172290907935e-06,1839,1845,4,2.362568602809478e-06,2.478758438062556e-06,2.779309651090855e-06,,2.075284211233708e-06,Descriptive only; unavailable edge years are blank rather than imputed.
FT-Q-V01-002,mean temperature,temperature_threshold,FT-A1938,1938,1938,1938,1.06460447896195e-06,1.06460447896195e-06,1.06460447896195e-06,1936,1940,5,8.800343775428044e-07,8.062782838325067e-07,1.06460447896195e-06,9.739647467948976e-07,8.067700703939807e-07,Descriptive only; unavailable edge years are blank rather than imputed.
FT-Q-V01-002,mean temperature,temperature_threshold,FT-A1988,1988,1988,1988,5.396020415979197e-07,5.396020415979197e-07,5.396020415979197e-07,1986,1990,5,5.64572382051598e-07,5.535438606790732e-07,6.115092494041185e-07,6.394992091124374e-07,5.302647232391378e-07,Descriptive only; unavailable edge years are blank rather than imputed.
FT-Q-V01-002,mean temperature,temperature_threshold,FT-A0607,2006–2007,2006,2007,4.059007448348195e-07,4.200255244168893e-07,4.129631346258544e-07,2005,2008,4,4.054515155126753e-07,4.052923998840163e-07,4.200255244168893e-07,4.096327817906809e-07,4.044935560512664e-07,Descriptive only; unavailable edge years are blank rather than imputed.
FT-Q-V01-002,mean temperature,temperature_threshold,FT-A2015,2015,2015,2015,3.047325316460348e-07,3.047325316460348e-07,3.047325316460348e-07,2014,2016,3,3.126225558876261e-07,3.047325316460348e-07,3.460151810387446e-07,4.27245008267213e-07,3.010051292384741e-07,Descriptive only; unavailable edge years are blank rather than imputed.
FT-Q-V01-002,mean temperature,temperature_threshold,FT-A2022,2022,2022,2022,3.990877988080399e-07,3.990877988080399e-07,3.990877988080399e-07,2021,2023,2,3.642845499279845e-07,3.642845499279845e-07,3.990877988080399e-07,3.094773984524401e-07,,Descriptive only; unavailable edge years are blank rather than imputed.
FT-Q-V01-003,temperature of the air in shade,temperature_threshold,FT-A1842,1842,1842,1842,0,0,0,1839,1845,4,0,0,0,,2.614551908308727e-10,Descriptive only; unavailable edge years are blank rather than imputed.
FT-Q-V01-003,temperature of the air in shade,temperature_threshold,FT-A1938,1938,1938,1938,0,0,0,1936,1940,5,0,0,0,7.633950138696832e-11,3.389312164259195e-11,Descriptive only; unavailable edge years are blank rather than imputed.
FT-Q-V01-003,temperature of the air in shade,temperature_threshold,FT-A1988,1988,1988,1988,0,0,0,1986,1990,5,1.304540087065931e-11,0,6.522700435329654e-11,2.872680981980125e-11,3.869460446503936e-11,Descriptive only; unavailable edge years are blank rather than imputed.
FT-Q-V01-003,temperature of the air in shade,temperature_threshold,FT-A0607,2006–2007,2006,2007,0,0,0,2005,2008,4,0,0,0,0,3.63046773199649e-11,Descriptive only; unavailable edge years are blank rather than imputed.
FT-Q-V01-003,temperature of the air in shade,temperature_threshold,FT-A2015,2015,2015,2015,6.163167892703214e-11,6.163167892703214e-11,6.163167892703214e-11,2014,2016,3,3.843223655985994e-11,5.366503075254769e-11,6.163167892703214e-11,2.021581652078552e-11,1.132113916502142e-11,Descriptive only; unavailable edge years are blank rather than imputed.
FT-Q-V01-003,temperature of the air in shade,temperature_threshold,FT-A2022,2022,2022,2022,5.812207659605662e-11,5.812207659605662e-11,5.812207659605662e-11,2021,2023,2,2.906103829802831e-11,2.906103829802831e-11,5.812207659605662e-11,1.132113916502142e-11,,Descriptive only; unavailable edge years are blank rather than imputed.
FT-Q-V01-004,maximum temperature,temperature_threshold,FT-A1842,1842,1842,1842,3.882829831547419e-07,3.882829831547419e-07,3.882829831547419e-07,1839,1845,4,1.566754800064185e-07,9.252725954866925e-08,3.882829831547419e-07,,7.057077121563893e-08,Descriptive only; unavailable edge years are blank rather than imputed.
FT-Q-V01-004,maximum temperature,temperature_threshold,FT-A1938,1938,1938,1938,7.694687983172965e-07,7.694687983172965e-07,7.694687983172965e-07,1936,1940,5,6.628247554985034e-07,6.379729278194191e-07,7.694687983172965e-07,6.556290723963576e-07,6.356432560902792e-07,Descriptive only; unavailable edge years are blank rather than imputed.
FT-Q-V01-004,maximum temperature,temperature_threshold,FT-A1988,1988,1988,1988,6.011975100389533e-07,6.011975100389533e-07,6.011975100389533e-07,1986,1990,5,6.164882036252539e-07,6.125372186555067e-07,6.38159774656033e-07,7.08860323814231e-07,5.822338466882071e-07,Descriptive only; unavailable edge years are blank rather than imputed.
FT-Q-V01-004,maximum temperature,temperature_threshold,FT-A0607,2006–2007,2006,2007,5.097794715247517e-07,4.458864027237497e-07,4.778329371242507e-07,2005,2008,4,4.561179307634861e-07,4.497461883815057e-07,5.097794715247517e-07,4.810542516449356e-07,4.288719217593329e-07,Descriptive only; unavailable edge years are blank rather than imputed.
FT-Q-V01-004,maximum temperature,temperature_threshold,FT-A2015,2015,2015,2015,3.236936924611022e-07,3.236936924611022e-07,3.236936924611022e-07,2014,2016,3,3.462220177496977e-07,3.566430782503405e-07,3.583292825376505e-07,4.360962388497147e-07,3.845306969105233e-07,Descriptive only; unavailable edge years are blank rather than imputed.
FT-Q-V01-004,maximum temperature,temperature_threshold,FT-A2022,2022,2022,2022,4.573516876604788e-07,4.573516876604788e-07,4.573516876604788e-07,2021,2023,2,4.43167018186752e-07,4.43167018186752e-07,4.573516876604788e-07,3.986613101455982e-07,,Descriptive only; unavailable edge years are blank rather than imputed.
FT-Q-V01-005,minimum temperature,temperature_threshold,FT-A1842,1842,1842,1842,2.334857803210078e-07,2.334857803210078e-07,2.334857803210078e-07,1839,1845,4,1.050004963948359e-07,7.300534160536998e-08,2.334857803210078e-07,,5.52500519224175e-08,Descriptive only; unavailable edge years are blank rather than imputed.
FT-Q-V01-005,minimum temperature,temperature_threshold,FT-A1938,1938,1938,1938,4.141922915756879e-07,4.141922915756879e-07,4.141922915756879e-07,1936,1940,5,3.513431922286258e-07,3.549368146060772e-07,4.141922915756879e-07,3.456349713992779e-07,3.162037340909141e-07,Descriptive only; unavailable edge years are blank rather than imputed.
FT-Q-V01-005,minimum temperature,temperature_threshold,FT-A1988,1988,1988,1988,3.655257283935454e-07,3.655257283935454e-07,3.655257283935454e-07,1986,1990,5,3.71031200615407e-07,3.766118430031939e-07,3.915923460322268e-07,4.299932924244076e-07,3.625217068065067e-07,Descriptive only; unavailable edge years are blank rather than imputed.
FT-Q-V01-005,minimum temperature,temperature_threshold,FT-A0607,2006–2007,2006,2007,2.540885604349064e-07,2.430921979997003e-07,2.485903792173033e-07,2005,2008,4,2.488740446079593e-07,2.485903792173033e-07,2.81660470780043e-07,2.756780001167414e-07,2.115557244233845e-07,Descriptive only; unavailable edge years are blank rather than imputed.
FT-Q-V01-005,minimum temperature,temperature_threshold,FT-A2015,2015,2015,2015,1.545846264848494e-07,1.545846264848494e-07,1.545846264848494e-07,2014,2016,3,1.723902426122026e-07,1.794779442565453e-07,1.831081570952131e-07,2.07482104401524e-07,1.815682831397825e-07,Descriptive only; unavailable edge years are blank rather than imputed.
FT-Q-V01-005,minimum temperature,temperature_threshold,FT-A2022,2022,2022,2022,2.218629117367588e-07,2.218629117367588e-07,2.218629117367588e-07,2021,2023,2,2.168565477970313e-07,2.168565477970313e-07,2.218629117367588e-07,1.880427310599342e-07,,Descriptive only; unavailable edge years are blank rather than imputed.
FT-Q-V01-006,mean temperature of sea at surface,temperature_threshold,FT-A1842,1842,1842,1842,,,,1839,1845,0,,,,,,Descriptive only; unavailable edge years are blank rather than imputed.
FT-Q-V01-006,mean temperature of sea at surface,temperature_threshold,FT-A1938,1938,1938,1938,,,,1936,1940,0,,,,,,Descriptive only; unavailable edge years are blank rather than imputed.
FT-Q-V01-006,mean temperature of sea at surface,temperature_threshold,FT-A1988,1988,1988,1988,,,,1986,1990,0,,,,,,Descriptive only; unavailable edge years are blank rather than imputed.
FT-Q-V01-006,mean temperature of sea at surface,temperature_threshold,FT-A0607,2006–2007,2006,2007,,,,2005,2008,0,,,,,,Descriptive only; unavailable edge years are blank rather than imputed.
FT-Q-V01-006,mean temperature of sea at surface,temperature_threshold,FT-A2015,2015,2015,2015,,,,2014,2016,0,,,,,,Descriptive only; unavailable edge years are blank rather than imputed.
FT-Q-V01-006,mean temperature of sea at surface,temperature_threshold,FT-A2022,2022,2022,2022,,,,2021,2023,0,,,,,,Descriptive only; unavailable edge years are blank rather than imputed.
FT-Q-V01-007,dew point,temperature_threshold,FT-A1842,1842,1842,1842,5.02445909766891e-07,5.02445909766891e-07,5.02445909766891e-07,1839,1845,4,6.271446773009615e-07,4.515002651750422e-07,1.28604265636767e-06,,4.898512258044718e-07,Descriptive only; unavailable edge years are blank rather than imputed.
FT-Q-V01-007,dew point,temperature_threshold,FT-A1938,1938,1938,1938,5.571938874737725e-07,5.571938874737725e-07,5.571938874737725e-07,1936,1940,5,5.108418474009113e-07,4.643412889748788e-07,7.189588835387895e-07,4.004982628841303e-07,6.186468291202729e-07,Descriptive only; unavailable edge years are blank rather than imputed.
FT-Q-V01-007,dew point,temperature_threshold,FT-A1988,1988,1988,1988,3.645386200609724e-07,3.645386200609724e-07,3.645386200609724e-07,1986,1990,5,3.910490468314598e-07,3.728357125254433e-07,4.881754590221887e-07,5.11039360638621e-07,3.46065979577731e-07,Descriptive only; unavailable edge years are blank rather than imputed.
FT-Q-V01-007,dew point,temperature_threshold,FT-A0607,2006–2007,2006,2007,2.918584796063328e-07,2.695827225132619e-07,2.807206010597973e-07,2005,2008,4,2.752757340372669e-07,2.795631751269234e-07,2.918584796063328e-07,3.033783409225887e-07,2.679028158716901e-07,Descriptive only; unavailable edge years are blank rather than imputed.
FT-Q-V01-007,dew point,temperature_threshold,FT-A2015,2015,2015,2015,2.239375508326924e-07,2.239375508326924e-07,2.239375508326924e-07,2014,2016,3,2.600588146668692e-07,2.69835056077028e-07,2.864038370908872e-07,2.784719198886676e-07,2.501096577921247e-07,Descriptive only; unavailable edge years are blank rather than imputed.
FT-Q-V01-007,dew point,temperature_threshold,FT-A2022,2022,2022,2022,2.297376025528486e-07,2.297376025528486e-07,2.297376025528486e-07,2021,2023,2,2.369967234960857e-07,2.369967234960857e-07,2.442558444393228e-07,2.416800592618118e-07,,Descriptive only; unavailable edge years are blank rather than imputed.
FT-Q-V01-008,standard thermometer,temperature_threshold,FT-A1842,1842,1842,1842,8.384848482201335e-09,8.384848482201335e-09,8.384848482201335e-09,1839,1845,4,2.363772483304771e-08,2.430154905086468e-08,3.756295274826016e-08,,2.358496832277623e-08,Descriptive only; unavailable edge years are blank rather than imputed.
FT-Q-V01-008,standard thermometer,temperature_threshold,FT-A1938,1938,1938,1938,3.541628268433072e-08,3.541628268433072e-08,3.541628268433072e-08,1936,1940,5,3.31517371443546e-08,3.389659739005957e-08,3.541628268433072e-08,3.303484029104631e-08,2.331175225078752e-08,Descriptive only; unavailable edge years are blank rather than imputed.
FT-Q-V01-008,standard thermometer,temperature_threshold,FT-A1988,1988,1988,1988,5.922642067751616e-09,5.922642067751616e-09,5.922642067751616e-09,1986,1990,5,6.796405017939211e-09,6.642344382856713e-09,8.363314735193583e-09,7.494877259789368e-09,5.760202930610303e-09,Descriptive only; unavailable edge years are blank rather than imputed.
FT-Q-V01-008,standard thermometer,temperature_threshold,FT-A0607,2006–2007,2006,2007,2.975811957961483e-09,4.857346223158254e-09,3.916579090559869e-09,2005,2008,4,3.819869768585671e-09,3.916579090559869e-09,4.895888597311604e-09,4.318774358275101e-09,3.629843526448129e-09,Descriptive only; unavailable edge years are blank rather than imputed.
FT-Q-V01-008,standard thermometer,temperature_threshold,FT-A2015,2015,2015,2015,2.335115319856973e-09,2.335115319856973e-09,2.335115319856973e-09,2014,2016,3,2.36266468773653e-09,2.335115319856973e-09,2.5149989937856e-09,3.363294572705788e-09,2.458134706201376e-09,Descriptive only; unavailable edge years are blank rather than imputed.
FT-Q-V01-008,standard thermometer,temperature_threshold,FT-A2022,2022,2022,2022,2.610151789150805e-09,2.610151789150805e-09,2.610151789150805e-09,2021,2023,2,2.75643049010843e-09,2.75643049010843e-09,2.902709191066055e-09,2.591100594501183e-09,,Descriptive only; unavailable edge years are blank rather than imputed.
FT-Q-V01-009,attached thermometer,temperature_threshold,FT-A1842,1842,1842,1842,6.901375293466572e-08,6.901375293466572e-08,6.901375293466572e-08,1839,1845,4,1.360565220070997e-07,1.211848619231404e-07,2.328426112474524e-07,,1.144009786013811e-07,Descriptive only; unavailable edge years are blank rather than imputed.
FT-Q-V01-009,attached thermometer,temperature_threshold,FT-A1938,1938,1938,1938,6.23682937239689e-09,6.23682937239689e-09,6.23682937239689e-09,1936,1940,5,4.744859763428089e-09,5.594583990520263e-09,6.23682937239689e-09,3.262933906400534e-09,6.554963558058624e-09,Descriptive only; unavailable edge years are blank rather than imputed.
FT-Q-V01-009,attached thermometer,temperature_threshold,FT-A1988,1988,1988,1988,1.085817696172553e-09,1.085817696172553e-09,1.085817696172553e-09,1986,1990,5,6.381114810161126e-10,5.03814157060134e-10,1.085817696172553e-09,5.13530305779053e-10,6.066120938896802e-10,Descriptive only; unavailable edge years are blank rather than imputed.
FT-Q-V01-009,attached thermometer,temperature_threshold,FT-A0607,2006–2007,2006,2007,1.281888230980632e-09,1.619115414658312e-09,1.450501822819472e-09,2005,2008,4,1.352448677355289e-09,1.450501822819472e-09,2.091447584562367e-09,4.707221515354299e-10,1.308672435695879e-09,Descriptive only; unavailable edge years are blank rather than imputed.
FT-Q-V01-009,attached thermometer,temperature_threshold,FT-A2015,2015,2015,2015,6.538322626370441e-10,6.538322626370441e-10,6.538322626370441e-10,2014,2016,3,5.331316765370501e-10,6.538322626370441e-10,8.112899796408612e-10,9.203889095310558e-10,8.401407368407998e-10,Descriptive only; unavailable edge years are blank rather than imputed.
FT-Q-V01-009,attached thermometer,temperature_threshold,FT-A2022,2022,2022,2022,3.406469412103874e-09,3.406469412103874e-09,3.406469412103874e-09,2021,2023,2,2.869076962119799e-09,2.869076962119799e-09,3.406469412103874e-09,1.279623081801295e-09,,Descriptive only; unavailable edge years are blank rather than imputed.
FT-Q-V01-010,dry bulb thermometer,temperature_threshold,FT-A1842,1842,1842,1842,8.854272692815357e-08,8.854272692815357e-08,8.854272692815357e-08,1839,1845,4,4.692082165858036e-08,4.53306745473725e-08,8.854272692815357e-08,,2.252351143372522e-08,Descriptive only; unavailable edge years are blank rather than imputed.
FT-Q-V01-010,dry bulb thermometer,temperature_threshold,FT-A1938,1938,1938,1938,2.359136080931634e-08,2.359136080931634e-08,2.359136080931634e-08,1936,1940,5,2.327682812330867e-08,2.359136080931634e-08,2.722668246413207e-08,2.43664857929593e-08,2.411452551809301e-08,Descriptive only; unavailable edge years are blank rather than imputed.
FT-Q-V01-010,dry bulb thermometer,temperature_threshold,FT-A1988,1988,1988,1988,5.081662771133644e-09,5.081662771133644e-09,5.081662771133644e-09,1986,1990,5,4.25910864562673e-09,4.335833043295212e-09,5.081662771133644e-09,4.774496360770986e-09,3.657570706722124e-09,Descriptive only; unavailable edge years are blank rather than imputed.
FT-Q-V01-010,dry bulb thermometer,temperature_threshold,FT-A0607,2006–2007,2006,2007,4.013041593475819e-09,4.081663229626997e-09,4.047352411551408e-09,2005,2008,4,4.233526409644361e-09,4.047352411551408e-09,5.074000608562557e-09,5.3973486978387e-09,4.018979701120307e-09,Descriptive only; unavailable edge years are blank rather than imputed.
FT-Q-V01-010,dry bulb thermometer,temperature_threshold,FT-A2015,2015,2015,2015,3.149171701188891e-09,3.149171701188891e-09,3.149171701188891e-09,2014,2016,3,2.882664232317644e-09,3.149171701188891e-09,3.345380486519112e-09,3.300505482112248e-09,2.374859824766373e-09,Descriptive only; unavailable edge years are blank rather than imputed.
FT-Q-V01-010,dry bulb thermometer,temperature_threshold,FT-A2022,2022,2022,2022,8.466447189159343e-09,8.466447189159343e-09,8.466447189159343e-09,2021,2023,2,5.633885708650199e-09,5.633885708650199e-09,8.466447189159343e-09,2.504436568545598e-09,,Descriptive only; unavailable edge years are blank rather than imputed.
FT-Q-V01-011,wet bulb thermometer,temperature_threshold,FT-A1842,1842,1842,1842,7.550155167734829e-09,7.550155167734829e-09,7.550155167734829e-09,1839,1845,4,5.215477506814725e-08,2.755269451482079e-08,1.459635560752126e-07,,4.700684947955836e-08,Descriptive only; unavailable edge years are blank rather than imputed.
FT-Q-V01-011,wet bulb thermometer,temperature_threshold,FT-A1938,1938,1938,1938,2.579159086302241e-08,2.579159086302241e-08,2.579159086302241e-08,1936,1940,5,2.318168961096267e-08,2.313063413028615e-08,2.579159086302241e-08,2.118182410998371e-08,2.35961836320131e-08,Descriptive only; unavailable edge years are blank rather than imputed.
FT-Q-V01-011,wet bulb thermometer,temperature_threshold,FT-A1988,1988,1988,1988,5.406024211618288e-09,5.406024211618288e-09,5.406024211618288e-09,1986,1990,5,4.816390354600575e-09,5.084058063431485e-09,5.653048279485873e-09,6.272097946569133e-09,3.807812386236176e-09,Descriptive only; unavailable edge years are blank rather than imputed.
FT-Q-V01-011,wet bulb thermometer,temperature_threshold,FT-A0607,2006–2007,2006,2007,5.350721948849113e-09,4.421801869103348e-09,4.88626190897623e-09,2005,2008,4,4.869233633485182e-09,4.88626190897623e-09,5.637778410783056e-09,3.979517646662823e-09,4.687387498286677e-09,Descriptive only; unavailable edge years are blank rather than imputed.
FT-Q-V01-011,wet bulb thermometer,temperature_threshold,FT-A2015,2015,2015,2015,2.749276847846538e-09,2.749276847846538e-09,2.749276847846538e-09,2014,2016,3,2.556690059894266e-09,2.749276847846538e-09,2.910915484349852e-09,3.873786914854182e-09,2.76153776235244e-09,Descriptive only; unavailable edge years are blank rather than imputed.
FT-Q-V01-011,wet bulb thermometer,temperature_threshold,FT-A2022,2022,2022,2022,7.142087012079745e-09,7.142087012079745e-09,7.142087012079745e-09,2021,2023,2,6.346901126191851e-09,6.346901126191851e-09,7.142087012079745e-09,3.469905240915949e-09,,Descriptive only; unavailable edge years are blank rather than imputed.
FT-Q-V01-012,meteorological observations,climate,FT-A1842,1842,1842,1842,9.468428674996865e-07,9.468428674996865e-07,9.468428674996865e-07,1839,1845,4,8.245251478522508e-07,8.517944637687069e-07,9.586065328193172e-07,,7.438877327237137e-07,Descriptive only; unavailable edge years are blank rather than imputed.
FT-Q-V01-012,meteorological observations,climate,FT-A1938,1938,1938,1938,1.848774440205148e-07,1.848774440205148e-07,1.848774440205148e-07,1936,1940,5,1.609669051272356e-07,1.554276326531934e-07,1.848774440205148e-07,1.695864381312529e-07,1.32406540445662e-07,Descriptive only; unavailable edge years are blank rather than imputed.
FT-Q-V01-012,meteorological observations,climate,FT-A1988,1988,1988,1988,1.338023542483968e-07,1.338023542483968e-07,1.338023542483968e-07,1986,1990,5,1.441746415378753e-07,1.381118264198733e-07,1.800235805669848e-07,1.679817021392471e-07,1.38226193786839e-07,Descriptive only; unavailable edge years are blank rather than imputed.
FT-Q-V01-012,meteorological observations,climate,FT-A0607,2006–2007,2006,2007,5.699824457902625e-08,5.293608024148355e-08,5.49671624102549e-08,2005,2008,4,5.131901604105843e-08,5.22737772790105e-08,5.699824457902625e-08,6.212101450395192e-08,4.518334294628668e-08,Descriptive only; unavailable edge years are blank rather than imputed.
FT-Q-V01-012,meteorological observations,climate,FT-A2015,2015,2015,2015,3.44663013546187e-08,3.44663013546187e-08,3.44663013546187e-08,2014,2016,3,3.719812225142875e-08,3.44663013546187e-08,4.475759502603482e-08,4.796246116101077e-08,4.057428952611297e-08,Descriptive only; unavailable edge years are blank rather than imputed.
FT-Q-V01-012,meteorological observations,climate,FT-A2022,2022,2022,2022,6.520955656008631e-08,6.520955656008631e-08,6.520955656008631e-08,2021,2023,2,5.492232908743677e-08,5.492232908743677e-08,6.520955656008631e-08,4.054979084386345e-08,,Descriptive only; unavailable edge years are blank rather than imputed.
FT-Q-V01-013,meteorological journal,climate,FT-A1842,1842,1842,1842,5.256654992402687e-07,5.256654992402687e-07,5.256654992402687e-07,1839,1845,4,2.929219990871479e-07,2.548970942373163e-07,5.256654992402687e-07,,1.784088046630217e-07,Descriptive only; unavailable edge years are blank rather than imputed.
FT-Q-V01-013,meteorological journal,climate,FT-A1938,1938,1938,1938,4.900366015747615e-09,4.900366015747615e-09,4.900366015747615e-09,1936,1940,5,4.396276806484245e-09,4.900366015747615e-09,5.704281630380947e-09,4.649330681560926e-09,6.535089162873486e-09,Descriptive only; unavailable edge years are blank rather than imputed.
FT-Q-V01-013,meteorological journal,climate,FT-A1988,1988,1988,1988,2.023569350279031e-09,2.023569350279031e-09,2.023569350279031e-09,1986,1990,5,2.507074706864509e-09,2.254273490098768e-09,3.265522290074596e-09,3.201066264835184e-09,2.735713243440241e-09,Descriptive only; unavailable edge years are blank rather than imputed.
FT-Q-V01-013,meteorological journal,climate,FT-A0607,2006–2007,2006,2007,2.472213010695778e-09,3.598034273299966e-09,3.035123641997872e-09,2005,2008,4,2.76585994298667e-09,2.828458580197979e-09,3.598034273299966e-09,3.89664117639299e-09,3.1578615104777e-09,Descriptive only; unavailable edge years are blank rather than imputed.
FT-Q-V01-013,meteorological journal,climate,FT-A2015,2015,2015,2015,3.782886774661431e-09,3.782886774661431e-09,3.782886774661431e-09,2014,2016,3,3.822053988115452e-09,3.782886774661431e-09,4.908304429562804e-09,3.597914657871293e-09,2.761083237740048e-09,Descriptive only; unavailable edge years are blank rather than imputed.
FT-Q-V01-013,meteorological journal,climate,FT-A2022,2022,2022,2022,2.964070766608984e-09,2.964070766608984e-09,2.964070766608984e-09,2021,2023,2,2.909597273184628e-09,2.909597273184628e-09,2.964070766608984e-09,2.777113841667678e-09,,Descriptive only; unavailable edge years are blank rather than imputed.
FT-Q-V01-014,weather,climate,FT-A1842,1842,1842,1842,4.329318915097247e-05,4.329318915097247e-05,4.329318915097247e-05,1839,1845,4,4.177567043939234e-05,4.144589186694247e-05,4.329318915097247e-05,,4.068003943302756e-05,Descriptive only; unavailable edge years are blank rather than imputed.
FT-Q-V01-014,weather,climate,FT-A1938,1938,1938,1938,5.426566421712353e-05,5.426566421712353e-05,5.426566421712353e-05,1936,1940,5,5.193786365764314e-05,5.194689780316231e-05,5.459315773204132e-05,5.2861710451102e-05,5.021545455120846e-05,Descriptive only; unavailable edge years are blank rather than imputed.
FT-Q-V01-014,weather,climate,FT-A1988,1988,1988,1988,2.997015501321476e-05,2.997015501321476e-05,2.997015501321476e-05,1986,1990,5,3.045773578688182e-05,2.997015501321476e-05,3.206966023295427e-05,3.250695771547171e-05,2.860197871675241e-05,Descriptive only; unavailable edge years are blank rather than imputed.
FT-Q-V01-014,weather,climate,FT-A0607,2006–2007,2006,2007,2.847566345511032e-05,2.852544831488668e-05,2.85005558849985e-05,2005,2008,4,2.898880277811371e-05,2.869287940987508e-05,3.009378883759434e-05,2.88462870098781e-05,3.082482305789419e-05,Descriptive only; unavailable edge years are blank rather than imputed.
FT-Q-V01-014,weather,climate,FT-A2015,2015,2015,2015,3.181802008718482e-05,3.181802008718482e-05,3.181802008718482e-05,2014,2016,3,3.079716841572026e-05,3.172206798335298e-05,3.181802008718482e-05,3.108196359940807e-05,2.845694560241196e-05,Descriptive only; unavailable edge years are blank rather than imputed.
FT-Q-V01-014,weather,climate,FT-A2022,2022,2022,2022,3.185808739692569e-05,3.185808739692569e-05,3.185808739692569e-05,2021,2023,2,3.080704063098023e-05,3.080704063098023e-05,3.185808739692569e-05,2.863786094009432e-05,,Descriptive only; unavailable edge years are blank rather than imputed.
FT-Q-V01-015,climate,climate,FT-A1842,1842,1842,1842,3.055828983633546e-05,3.055828983633546e-05,3.055828983633546e-05,1839,1845,4,2.717266106344596e-05,2.628997900444574e-05,3.055828983633546e-05,,2.532557670633651e-05,Descriptive only; unavailable edge years are blank rather than imputed.
FT-Q-V01-015,climate,climate,FT-A1938,1938,1938,1938,1.196127764144239e-05,1.196127764144239e-05,1.196127764144239e-05,1936,1940,5,1.118323514967823e-05,1.074980347361143e-05,1.222494544483865e-05,1.133591281580748e-05,1.089152909098945e-05,Descriptive only; unavailable edge years are blank rather than imputed.
FT-Q-V01-015,climate,climate,FT-A1988,1988,1988,1988,2.184559476219039e-05,2.184559476219039e-05,2.184559476219039e-05,1986,1990,5,2.298635136408558e-05,2.184559476219039e-05,2.593683826701554e-05,2.131656308830415e-05,2.625736426132008e-05,Descriptive only; unavailable edge years are blank rather than imputed.
FT-Q-V01-015,climate,climate,FT-A0607,2006–2007,2006,2007,3.083595194560557e-05,3.638060761700784e-05,3.36082797813067e-05,2005,2008,4,3.470432114859295e-05,3.36082797813067e-05,4.102244750236669e-05,2.837013523181303e-05,4.218558712965684e-05,Descriptive only; unavailable edge years are blank rather than imputed.
FT-Q-V01-015,climate,climate,FT-A2015,2015,2015,2015,4.357352890455024e-05,4.357352890455024e-05,4.357352890455024e-05,2014,2016,3,4.325054389250904e-05,4.357352890455024e-05,4.586141418708167e-05,4.165681174603669e-05,4.699298867623866e-05,Descriptive only; unavailable edge years are blank rather than imputed.
FT-Q-V01-015,climate,climate,FT-A2022,2022,2022,2022,6.484931783038578e-05,6.484931783038578e-05,6.484931783038578e-05,2021,2023,2,6.369662856312713e-05,6.369662856312713e-05,6.484931783038578e-05,5.032949369799602e-05,,Descriptive only; unavailable edge years are blank rather than imputed.
FT-Q-V01-016,sun's heat,heat,FT-A1842,1842,1842,1842,,,,1839,1845,0,,,,,,Descriptive only; unavailable edge years are blank rather than imputed.
FT-Q-V01-016,sun's heat,heat,FT-A1938,1938,1938,1938,,,,1936,1940,0,,,,,,Descriptive only; unavailable edge years are blank rather than imputed.
FT-Q-V01-016,sun's heat,heat,FT-A1988,1988,1988,1988,,,,1986,1990,0,,,,,,Descriptive only; unavailable edge years are blank rather than imputed.
FT-Q-V01-016,sun's heat,heat,FT-A0607,2006–2007,2006,2007,,,,2005,2008,0,,,,,,Descriptive only; unavailable edge years are blank rather than imputed.
FT-Q-V01-016,sun's heat,heat,FT-A2015,2015,2015,2015,,,,2014,2016,0,,,,,,Descriptive only; unavailable edge years are blank rather than imputed.
FT-Q-V01-016,sun's heat,heat,FT-A2022,2022,2022,2022,,,,2021,2023,0,,,,,,Descriptive only; unavailable edge years are blank rather than imputed.
FT-Q-V01-017,radiation of the heat,heat,FT-A1842,1842,1842,1842,5.867545560533927e-09,5.867545560533927e-09,5.867545560533927e-09,1839,1845,4,6.735577318117691e-09,5.521692658660982e-09,1.151023809597973e-08,,7.571411320128619e-09,Descriptive only; unavailable edge years are blank rather than imputed.
FT-Q-V01-017,radiation of the heat,heat,FT-A1938,1938,1938,1938,2.708925944672202e-09,2.708925944672202e-09,2.708925944672202e-09,1936,1940,5,2.32183085535631e-09,2.271087318206355e-09,2.783514307935775e-09,3.221102642947393e-09,3.028700751306346e-09,Descriptive only; unavailable edge years are blank rather than imputed.
FT-Q-V01-017,radiation of the heat,heat,FT-A1988,1988,1988,1988,1.792699877434245e-10,1.792699877434245e-10,1.792699877434245e-10,1986,1990,5,2.477928584543321e-10,1.828604767606379e-10,5.461684993157689e-10,6.719460377002661e-10,3.395776104753168e-10,Descriptive only; unavailable edge years are blank rather than imputed.
FT-Q-V01-017,radiation of the heat,heat,FT-A0607,2006–2007,2006,2007,4.318347346377038e-10,7.925886058579579e-10,6.122116702478309e-10,2005,2008,4,5.417665760454327e-10,6.051434839338121e-10,7.925886058579579e-10,3.389915709250957e-10,6.145595456141795e-10,Descriptive only; unavailable edge years are blank rather than imputed.
FT-Q-V01-017,radiation of the heat,heat,FT-A2015,2015,2015,2015,4.301466960399125e-10,4.301466960399125e-10,4.301466960399125e-10,2014,2016,3,3.241535512232829e-10,3.084673072528687e-10,4.301466960399125e-10,4.838627339076585e-10,4.541575338024017e-10,Descriptive only; unavailable edge years are blank rather than imputed.
FT-Q-V01-017,radiation of the heat,heat,FT-A2022,2022,2022,2022,5.081168263920688e-10,5.081168263920688e-10,5.081168263920688e-10,2021,2023,2,4.458151001140997e-10,4.458151001140997e-10,5.081168263920688e-10,4.691667471190542e-10,,Descriptive only; unavailable edge years are blank rather than imputed.
FT-Q-V01-018,changes of temperature,temperature_threshold,FT-A1842,1842,1842,1842,6.602953730450167e-07,6.602953730450167e-07,6.602953730450167e-07,1839,1845,4,4.767976034547594e-07,4.417501476838837e-07,6.602953730450167e-07,,4.213392503338298e-07,Descriptive only; unavailable edge years are blank rather than imputed.
FT-Q-V01-018,changes of temperature,temperature_threshold,FT-A1938,1938,1938,1938,2.283350331311329e-07,2.283350331311329e-07,2.283350331311329e-07,1936,1940,5,2.15638353452674e-07,2.22299060936848e-07,2.336280687798009e-07,2.402839053020078e-07,1.825752515394185e-07,Descriptive only; unavailable edge years are blank rather than imputed.
FT-Q-V01-018,changes of temperature,temperature_threshold,FT-A1988,1988,1988,1988,3.962615856278884e-08,3.962615856278884e-08,3.962615856278884e-08,1986,1990,5,3.709604625284913e-08,3.818027824453729e-08,3.962615856278884e-08,3.999852991112829e-08,3.557494519454418e-08,Descriptive only; unavailable edge years are blank rather than imputed.
FT-Q-V01-018,changes of temperature,temperature_threshold,FT-A0607,2006–2007,2006,2007,2.754631066997915e-08,4.290605436219064e-08,3.522618251608489e-08,2005,2008,4,3.823343014148356e-08,3.581175296411832e-08,5.376390396771846e-08,2.859216284012422e-08,4.770611570920069e-08,Descriptive only; unavailable edge years are blank rather than imputed.
FT-Q-V01-018,changes of temperature,temperature_threshold,FT-A2015,2015,2015,2015,2.989213794199475e-08,2.989213794199475e-08,2.989213794199475e-08,2014,2016,3,3.327910471385512e-08,3.319312431165899e-08,3.675205188791164e-08,4.563225396991832e-08,2.790455276777126e-08,Descriptive only; unavailable edge years are blank rather than imputed.
FT-Q-V01-018,changes of temperature,temperature_threshold,FT-A2022,2022,2022,2022,6.394769389017618e-08,6.394769389017618e-08,6.394769389017618e-08,2021,2023,2,4.875632522716167e-08,4.875632522716167e-08,6.394769389017618e-08,2.726713370301837e-08,,Descriptive only; unavailable edge years are blank rather than imputed.
FT-Q-V01-019,excessive heat,heat,FT-A1842,1842,1842,1842,4.727764535417123e-07,4.727764535417123e-07,4.727764535417123e-07,1839,1845,4,4.305090330891659e-07,4.404261579882274e-07,4.727764535417123e-07,,4.267923705336685e-07,Descriptive only; unavailable edge years are blank rather than imputed.
FT-Q-V01-019,excessive heat,heat,FT-A1938,1938,1938,1938,4.204291131626459e-07,4.204291131626459e-07,4.204291131626459e-07,1936,1940,5,4.092342629158363e-07,4.204291131626459e-07,4.365110245485582e-07,4.042752917432502e-07,4.099441339666665e-07,Descriptive only; unavailable edge years are blank rather than imputed.
FT-Q-V01-019,excessive heat,heat,FT-A1988,1988,1988,1988,1.919429495761404e-07,1.919429495761404e-07,1.919429495761404e-07,1986,1990,5,2.06373917877728e-07,2.076405769546597e-07,2.301162892598407e-07,2.045998983277175e-07,2.117660823607037e-07,Descriptive only; unavailable edge years are blank rather than imputed.
FT-Q-V01-019,excessive heat,heat,FT-A0607,2006–2007,2006,2007,1.719103683017753e-07,1.945187375618218e-07,1.832145529317986e-07,2005,2008,4,1.791817320108413e-07,1.764955347011155e-07,1.945187375618218e-07,2.02894769227302e-07,1.642229392889716e-07,Descriptive only; unavailable edge years are blank rather than imputed.
FT-Q-V01-019,excessive heat,heat,FT-A2015,2015,2015,2015,1.528099464187527e-07,1.528099464187527e-07,1.528099464187527e-07,2014,2016,3,1.479886220327279e-07,1.462755891690204e-07,1.528099464187527e-07,1.63838973517294e-07,1.423847407956702e-07,Descriptive only; unavailable edge years are blank rather than imputed.
FT-Q-V01-019,excessive heat,heat,FT-A2022,2022,2022,2022,1.668727563908234e-07,1.668727563908234e-07,1.668727563908234e-07,2021,2023,2,1.595254253417e-07,1.595254253417e-07,1.668727563908234e-07,1.438442935521034e-07,,Descriptive only; unavailable edge years are blank rather than imputed.
FT-Q-V01-020,heat of the men,heat,FT-A1842,1842,1842,1842,7.334431950667408e-10,7.334431950667408e-10,7.334431950667408e-10,1839,1845,4,2.611168059551972e-09,2.661271591986036e-09,4.388685859169073e-09,,2.521786657272429e-09,Descriptive only; unavailable edge years are blank rather than imputed.
FT-Q-V01-020,heat of the men,heat,FT-A1938,1938,1938,1938,0,0,0,1936,1940,5,5.28026289359218e-11,0,1.335933724755378e-10,0,5.28026289359218e-11,Descriptive only; unavailable edge years are blank rather than imputed.
FT-Q-V01-020,heat of the men,heat,FT-A1988,1988,1988,1988,5.975666489410614e-11,5.975666489410614e-11,5.975666489410614e-11,1986,1990,5,2.323325767883411e-11,0,5.975666489410614e-11,1.21518128892717e-11,5.517499027107853e-11,Descriptive only; unavailable edge years are blank rather than imputed.
FT-Q-V01-020,heat of the men,heat,FT-A0607,2006–2007,2006,2007,5.397934182971298e-11,1.585177267227067e-10,1.062485342762098e-10,2005,2008,4,5.312426713810492e-11,2.698967091485649e-11,1.585177267227067e-10,8.465683917768808e-11,1.088522501302425e-10,Descriptive only; unavailable edge years are blank rather than imputed.
FT-Q-V01-020,heat of the men,heat,FT-A2015,2015,2015,2015,1.613050110149672e-10,1.613050110149672e-10,1.613050110149672e-10,2014,2016,3,1.971709207941134e-10,1.613050110149672e-10,3.273853133034521e-10,2.077864887095604e-10,1.982207051276497e-10,Descriptive only; unavailable edge years are blank rather than imputed.
FT-Q-V01-020,heat of the men,heat,FT-A2022,2022,2022,2022,1.524350368153904e-10,1.524350368153904e-10,1.524350368153904e-10,2021,2023,2,2.405804028215996e-10,2.405804028215996e-10,3.287257688278089e-10,2.434013712804273e-10,,Descriptive only; unavailable edge years are blank rather than imputed.
FT-Q-V01-021,artificial production of carbon dioxide,carbon_greenhouse,FT-A1842,1842,1842,1842,0,0,0,1839,1845,4,0,0,0,,0,Descriptive only; unavailable edge years are blank rather than imputed.
FT-Q-V01-021,artificial production of carbon dioxide,carbon_greenhouse,FT-A1938,1938,1938,1938,4.288904842386643e-09,4.288904842386643e-09,4.288904842386643e-09,1936,1940,5,1.033285018658958e-09,2.84624296353897e-10,4.288904842386643e-09,1.522252546237723e-10,5.692485927077939e-11,Descriptive only; unavailable edge years are blank rather than imputed.
FT-Q-V01-021,artificial production of carbon dioxide,carbon_greenhouse,FT-A1988,1988,1988,1988,3.258350533830168e-10,3.258350533830168e-10,3.258350533830168e-10,1986,1990,5,5.520224444222066e-10,3.987105645641975e-10,9.227661412758437e-10,5.486131771093028e-10,8.048678487582173e-10,Descriptive only; unavailable edge years are blank rather than imputed.
FT-Q-V01-021,artificial production of carbon dioxide,carbon_greenhouse,FT-A0607,2006–2007,2006,2007,5.240586020693883e-10,9.678072787622227e-10,7.459329404158055e-10,2005,2008,4,7.163399352860811e-10,7.459329404158055e-10,1.196296395278296e-09,4.756428390040313e-10,1.396421689392469e-09,Descriptive only; unavailable edge years are blank rather than imputed.
FT-Q-V01-021,artificial production of carbon dioxide,carbon_greenhouse,FT-A2015,2015,2015,2015,1.151764794649068e-09,1.151764794649068e-09,1.151764794649068e-09,2014,2016,3,1.153466553753072e-09,1.151764794649068e-09,1.703949148446071e-09,1.611767019848997e-09,1.101654212298797e-09,Descriptive only; unavailable edge years are blank rather than imputed.
FT-Q-V01-021,artificial production of carbon dioxide,carbon_greenhouse,FT-A2022,2022,2022,2022,1.794034754087903e-09,1.794034754087903e-09,1.794034754087903e-09,2021,2023,2,1.54246146411019e-09,1.54246146411019e-09,1.794034754087903e-09,1.238894703492477e-09,,Descriptive only; unavailable edge years are blank rather than imputed.
FT-Q-V01-022,carbon dioxide,carbon_greenhouse,FT-A1842,1842,1842,1842,7.094871634638622e-09,7.094871634638622e-09,7.094871634638622e-09,1839,1845,4,1.324838561772568e-07,9.29082597522779e-08,3.370240335698327e-07,,1.053744337120577e-07,Descriptive only; unavailable edge years are blank rather than imputed.
FT-Q-V01-022,carbon dioxide,carbon_greenhouse,FT-A1938,1938,1938,1938,9.657730330014935e-06,9.657730330014935e-06,9.657730330014935e-06,1936,1940,5,8.807275233857492e-06,8.965923886772309e-06,9.657730330014935e-06,8.97020848165675e-06,8.603463052331283e-06,Descriptive only; unavailable edge years are blank rather than imputed.
FT-Q-V01-022,carbon dioxide,carbon_greenhouse,FT-A1988,1988,1988,1988,7.055988905570881e-06,7.055988905570881e-06,7.055988905570881e-06,1986,1990,5,7.809567203092421e-06,7.819924264806238e-06,8.500881655021386e-06,7.695790274147436e-06,8.323618589239912e-06,Descriptive only; unavailable edge years are blank rather than imputed.
FT-Q-V01-022,carbon dioxide,carbon_greenhouse,FT-A0607,2006–2007,2006,2007,6.240827137342364e-06,7.639031842188865e-06,6.939929489765614e-06,2005,2008,4,6.991300844278771e-06,7.041755214104092e-06,7.640865811564534e-06,6.221897808459526e-06,7.696726090070105e-06,Descriptive only; unavailable edge years are blank rather than imputed.
FT-Q-V01-022,carbon dioxide,carbon_greenhouse,FT-A2015,2015,2015,2015,7.018469256155763e-06,7.018469256155763e-06,7.018469256155763e-06,2014,2016,3,6.881708783793479e-06,7.018469256155763e-06,7.032492135815305e-06,7.675808825974989e-06,6.92585209765978e-06,Descriptive only; unavailable edge years are blank rather than imputed.
FT-Q-V01-022,carbon dioxide,carbon_greenhouse,FT-A2022,2022,2022,2022,7.577890368426488e-06,7.577890368426488e-06,7.577890368426488e-06,2021,2023,2,8.18400374606211e-06,8.18400374606211e-06,8.790117123697733e-06,7.277377095236265e-06,,Descriptive only; unavailable edge years are blank rather than imputed.
FT-Q-V01-023,fuel combustion,carbon_greenhouse,FT-A1842,1842,1842,1842,0,0,0,1839,1845,4,0,0,0,,0,Descriptive only; unavailable edge years are blank rather than imputed.
FT-Q-V01-023,fuel combustion,carbon_greenhouse,FT-A1938,1938,1938,1938,3.608451315528782e-08,3.608451315528782e-08,3.608451315528782e-08,1936,1940,5,3.974408916973538e-08,4.17900504756652e-08,4.519546270564945e-08,3.995165983594617e-08,4.125015628797524e-08,Descriptive only; unavailable edge years are blank rather than imputed.
FT-Q-V01-023,fuel combustion,carbon_greenhouse,FT-A1988,1988,1988,1988,2.62274336634144e-07,2.62274336634144e-07,2.62274336634144e-07,1986,1990,5,2.978956616682405e-07,2.62274336634144e-07,4.530897827342839e-07,2.836865510835729e-07,3.272906026363653e-07,Descriptive only; unavailable edge years are blank rather than imputed.
FT-Q-V01-023,fuel combustion,carbon_greenhouse,FT-A0607,2006–2007,2006,2007,1.396342554360608e-07,1.814758646689896e-07,1.605550600525252e-07,2005,2008,4,1.794379593592077e-07,1.888832064506074e-07,2.003511690995552e-07,1.799435214389078e-07,2.110145472300484e-07,Descriptive only; unavailable edge years are blank rather than imputed.
FT-Q-V01-023,fuel combustion,carbon_greenhouse,FT-A2015,2015,2015,2015,1.964765977136018e-07,1.964765977136018e-07,1.964765977136018e-07,2014,2016,3,1.901417002551457e-07,1.964765977136018e-07,1.968439017341339e-07,2.147259302975879e-07,2.032582858746412e-07,Descriptive only; unavailable edge years are blank rather than imputed.
FT-Q-V01-023,fuel combustion,carbon_greenhouse,FT-A2022,2022,2022,2022,2.188545896730787e-07,2.188545896730787e-07,2.188545896730787e-07,2021,2023,2,2.269632238260932e-07,2.269632238260932e-07,2.350718579791078e-07,2.10903877123636e-07,,Descriptive only; unavailable edge years are blank rather than imputed.
FT-Q-V01-024,air,climate,FT-A1842,1842,1842,1842,0.0001596951176452421,0.0001596951176452421,0.0001596951176452421,1839,1845,4,0.0001462086854786548,0.0001462102941331977,0.0001596951176452421,,0.0001377097607615174,Descriptive only; unavailable edge years are blank rather than imputed.
FT-Q-V01-024,air,climate,FT-A1938,1938,1938,1938,0.0002449050748590531,0.0002449050748590531,0.0002449050748590531,1936,1940,5,0.0002351973059102869,0.0002411728276581204,0.0002527404039586734,0.0002136046084021986,0.0002739382412585811,Descriptive only; unavailable edge years are blank rather than imputed.
FT-Q-V01-024,air,climate,FT-A1988,1988,1988,1988,0.000195882758400559,0.000195882758400559,0.000195882758400559,1986,1990,5,0.0002024146124242079,0.0002029279967679515,0.000206424013727835,0.0002090791267745307,0.0002015709134307119,Descriptive only; unavailable edge years are blank rather than imputed.
FT-Q-V01-024,air,climate,FT-A0607,2006–2007,2006,2007,0.0001554248265307964,0.0001617948143970288,0.0001586098204639126,2005,2008,4,0.0001586751452357128,0.000158740470007513,0.0001617948143970288,0.0001666343115151243,0.0001654482047867625,Descriptive only; unavailable edge years are blank rather than imputed.
FT-Q-V01-024,air,climate,FT-A2015,2015,2015,2015,0.0001673772195566331,0.0001673772195566331,0.0001673772195566331,2014,2016,3,0.0001678815104968895,0.0001673772195566331,0.0001731466307002272,0.0001680221923694908,0.0001621949547586675,Descriptive only; unavailable edge years are blank rather than imputed.
FT-Q-V01-024,air,climate,FT-A2022,2022,2022,2022,0.0001629262595982672,0.0001629262595982672,0.0001629262595982672,2021,2023,2,0.0001619756896188637,0.0001619756896188637,0.0001629262595982672,0.0001617758424397979,,Descriptive only; unavailable edge years are blank rather than imputed.
FT-Q-V01-025,atmosphere,climate,FT-A1842,1842,1842,1842,2.831485350895946e-05,2.831485350895946e-05,2.831485350895946e-05,1839,1845,4,2.625467743300192e-05,2.640271558362883e-05,2.831485350895946e-05,,2.457161547511078e-05,Descriptive only; unavailable edge years are blank rather than imputed.
FT-Q-V01-025,atmosphere,climate,FT-A1938,1938,1938,1938,1.888270770677991e-05,1.888270770677991e-05,1.888270770677991e-05,1936,1940,5,1.742774464617014e-05,1.734418458454456e-05,1.888270770677991e-05,1.759455569128321e-05,1.671109833418505e-05,Descriptive only; unavailable edge years are blank rather than imputed.
FT-Q-V01-025,atmosphere,climate,FT-A1988,1988,1988,1988,2.367981869610958e-05,2.367981869610958e-05,2.367981869610958e-05,1986,1990,5,2.436064048169859e-05,2.454988175182304e-05,2.49354014272285e-05,2.430101131436838e-05,2.400323984378116e-05,Descriptive only; unavailable edge years are blank rather than imputed.
FT-Q-V01-025,atmosphere,climate,FT-A0607,2006–2007,2006,2007,2.126778495892268e-05,2.173044436442478e-05,2.149911466167373e-05,2005,2008,4,2.159244596157232e-05,2.162676427521978e-05,2.184847033692705e-05,2.09334929729979e-05,2.249937507906655e-05,Descriptive only; unavailable edge years are blank rather than imputed.
FT-Q-V01-025,atmosphere,climate,FT-A2015,2015,2015,2015,2.122521947781064e-05,2.122521947781064e-05,2.122521947781064e-05,2014,2016,3,2.160630718863836e-05,2.168421455310543e-05,2.190948753499899e-05,2.318588673895297e-05,2.204491991688318e-05,Descriptive only; unavailable edge years are blank rather than imputed.
FT-Q-V01-025,atmosphere,climate,FT-A2022,2022,2022,2022,2.270211442953474e-05,2.270211442953474e-05,2.270211442953474e-05,2021,2023,2,2.246809080904549e-05,2.246809080904549e-05,2.270211442953474e-05,2.215489044397334e-05,,Descriptive only; unavailable edge years are blank rather than imputed.
FT-Q-V01-026,radiation absorption coefficients,climate,FT-A1842,1842,1842,1842,0,0,0,1839,1845,4,0,0,0,,0,Descriptive only; unavailable edge years are blank rather than imputed.
FT-Q-V01-026,radiation absorption coefficients,climate,FT-A1938,1938,1938,1938,1.222350221041779e-09,1.222350221041779e-09,1.222350221041779e-09,1936,1940,5,3.363348849427794e-10,1.223824375173876e-10,1.222350221041779e-09,6.831621102154628e-11,2.35486297128773e-11,Descriptive only; unavailable edge years are blank rather than imputed.
FT-Q-V01-026,radiation absorption coefficients,climate,FT-A1988,1988,1988,1988,3.784216828783826e-10,3.784216828783826e-10,3.784216828783826e-10,1986,1990,5,3.834767337007605e-10,3.489059249850435e-10,6.037235850131495e-10,5.53358853877528e-10,3.474077102383344e-10,Descriptive only; unavailable edge years are blank rather than imputed.
FT-Q-V01-026,radiation absorption coefficients,climate,FT-A0607,2006–2007,2006,2007,9.908744658115864e-11,3.887298122284832e-10,2.439086294048209e-10,2005,2008,4,1.721596502510248e-10,1.499543943878079e-10,3.887298122284832e-10,1.94782345114275e-10,1.386979940620758e-10,Descriptive only; unavailable edge years are blank rather than imputed.
FT-Q-V01-026,radiation absorption coefficients,climate,FT-A2015,2015,2015,2015,9.997370292724739e-11,9.997370292724739e-11,9.997370292724739e-11,2014,2016,3,1.231560571116989e-10,9.997370292724739e-11,1.737859994799251e-10,2.64758439477708e-10,1.466114410431096e-10,Descriptive only; unavailable edge years are blank rather than imputed.
FT-Q-V01-026,radiation absorption coefficients,climate,FT-A2022,2022,2022,2022,4.729858865681891e-11,4.729858865681891e-11,4.729858865681891e-11,2021,2023,2,4.911587803135831e-11,4.911587803135831e-11,5.093316740589771e-11,1.376563807387043e-10,,Descriptive only; unavailable edge years are blank rather than imputed.
FT-Q-V01-027,water vapour,climate,FT-A1842,1842,1842,1842,4.514918217068953e-09,4.514918217068953e-09,4.514918217068953e-09,1839,1845,4,5.702787797545739e-09,5.793655555308419e-09,9.51594802955924e-09,,5.977772044030161e-09,Descriptive only; unavailable edge years are blank rather than imputed.
FT-Q-V01-027,water vapour,climate,FT-A1938,1938,1938,1938,6.766959614878942e-07,6.766959614878942e-07,6.766959614878942e-07,1936,1940,5,6.369132615313689e-07,6.331438489881602e-07,6.85133948130634e-07,6.615701721418566e-07,5.273773383801528e-07,Descriptive only; unavailable edge years are blank rather than imputed.
FT-Q-V01-027,water vapour,climate,FT-A1988,1988,1988,1988,6.493189931566778e-07,6.493189931566778e-07,6.493189931566778e-07,1986,1990,5,6.321980794483927e-07,6.351907317903027e-07,6.493189931566778e-07,6.470929614144083e-07,5.9964506995136e-07,Descriptive only; unavailable edge years are blank rather than imputed.
FT-Q-V01-027,water vapour,climate,FT-A0607,2006–2007,2006,2007,5.637561245712408e-07,5.652062349884024e-07,5.644811797798216e-07,2005,2008,4,5.667735602137361e-07,5.644811797798216e-07,5.803291641681696e-07,5.117126989827303e-07,5.976576053154381e-07,Descriptive only; unavailable edge years are blank rather than imputed.
FT-Q-V01-027,water vapour,climate,FT-A2015,2015,2015,2015,5.057859777633789e-07,5.057859777633789e-07,5.057859777633789e-07,2014,2016,3,5.113859838772975e-07,5.057859777633789e-07,5.297723920730246e-07,6.529836607621631e-07,5.099704804376048e-07,Descriptive only; unavailable edge years are blank rather than imputed.
FT-Q-V01-027,water vapour,climate,FT-A2022,2022,2022,2022,5.510517200879583e-07,5.510517200879583e-07,5.510517200879583e-07,2021,2023,2,6.291091675658667e-07,6.291091675658667e-07,7.07166615043775e-07,5.51683887087262e-07,,Descriptive only; unavailable edge years are blank rather than imputed.
FT-Q-V01-028,sky radiation,climate,FT-A1842,1842,1842,1842,0,0,0,1839,1845,4,1.017276957115953e-09,1.070136701475377e-09,1.92883442551306e-09,,1.015402339987759e-09,Descriptive only; unavailable edge years are blank rather than imputed.
FT-Q-V01-028,sky radiation,climate,FT-A1938,1938,1938,1938,7.016433356543672e-08,7.016433356543672e-08,7.016433356543672e-08,1936,1940,5,4.266326549262622e-08,4.421275914823219e-08,7.016433356543672e-08,2.586445995156339e-08,5.89525008892755e-08,Descriptive only; unavailable edge years are blank rather than imputed.
FT-Q-V01-028,sky radiation,climate,FT-A1988,1988,1988,1988,3.519036362309436e-08,3.519036362309436e-08,3.519036362309436e-08,1986,1990,5,2.967472793047321e-08,3.21433425432005e-08,3.519036362309436e-08,4.745202784040004e-08,2.153161987039631e-08,Descriptive only; unavailable edge years are blank rather than imputed.
FT-Q-V01-028,sky radiation,climate,FT-A0607,2006–2007,2006,2007,1.011776039339107e-08,1.097400473965005e-08,1.054588256652056e-08,2005,2008,4,9.793085334851293e-09,1.039160230087433e-08,1.097400473965005e-08,1.231308540683429e-08,1.164550747570492e-08,Descriptive only; unavailable edge years are blank rather than imputed.
FT-Q-V01-028,sky radiation,climate,FT-A2015,2015,2015,2015,7.612475511065142e-09,7.612475511065142e-09,7.612475511065142e-09,2014,2016,3,7.938429103885683e-09,7.788384062679121e-09,8.414427737912789e-09,1.541526909454305e-08,9.061869928744803e-09,Descriptive only; unavailable edge years are blank rather than imputed.
FT-Q-V01-028,sky radiation,climate,FT-A2022,2022,2022,2022,8.007414870059293e-09,8.007414870059293e-09,8.007414870059293e-09,2021,2023,2,7.525026770108245e-09,7.525026770108245e-09,8.007414870059293e-09,8.787512115193686e-09,,Descriptive only; unavailable edge years are blank rather than imputed.
FT-Q-V01-029,increase in mean temperature,temperature_threshold,FT-A1842,1842,1842,1842,0,0,0,1839,1845,4,0,0,0,,0,Descriptive only; unavailable edge years are blank rather than imputed.
FT-Q-V01-029,increase in mean temperature,temperature_threshold,FT-A1938,1938,1938,1938,2.30258700995023e-09,2.30258700995023e-09,2.30258700995023e-09,1936,1940,5,1.201329591360434e-09,6.679668484999013e-10,2.30258700995023e-09,9.609345985595042e-10,6.125237428378228e-10,Descriptive only; unavailable edge years are blank rather than imputed.
FT-Q-V01-029,increase in mean temperature,temperature_threshold,FT-A1988,1988,1988,1988,1.254889969715123e-09,1.254889969715123e-09,1.254889969715123e-09,1986,1990,5,1.614413572270656e-09,1.335078492203934e-09,2.369204180063811e-09,7.06177560871879e-10,2.129492496227847e-09,Descriptive only; unavailable edge years are blank rather than imputed.
FT-Q-V01-029,increase in mean temperature,temperature_threshold,FT-A0607,2006–2007,2006,2007,1.511421543476388e-09,2.430605078318493e-09,1.97101331089744e-09,2005,2008,4,1.991976628784586e-09,2.012939946671732e-09,2.430605078318493e-09,1.73807050418695e-09,2.15054682117799e-09,Descriptive only; unavailable edge years are blank rather than imputed.
FT-Q-V01-029,increase in mean temperature,temperature_threshold,FT-A2015,2015,2015,2015,1.774355107286851e-09,1.774355107286851e-09,1.774355107286851e-09,2014,2016,3,2.043928285881217e-09,2.159271206281232e-09,2.198158544075568e-09,2.56441787249706e-09,2.022578090427052e-09,Descriptive only; unavailable edge years are blank rather than imputed.
FT-Q-V01-029,increase in mean temperature,temperature_threshold,FT-A2022,2022,2022,2022,3.455194436119413e-09,3.455194436119413e-09,3.455194436119413e-09,2021,2023,2,2.741168292352825e-09,2.741168292352825e-09,3.455194436119413e-09,1.996152278888053e-09,,Descriptive only; unavailable edge years are blank rather than imputed.
FT-Q-V01-030,mean temperature,temperature_threshold,FT-A1842,1842,1842,1842,2.365172290907935e-06,2.365172290907935e-06,2.365172290907935e-06,1839,1845,4,2.362568602809478e-06,2.478758438062556e-06,2.779309651090855e-06,,2.075284211233708e-06,Descriptive only; unavailable edge years are blank rather than imputed.
FT-Q-V01-030,mean temperature,temperature_threshold,FT-A1938,1938,1938,1938,1.06460447896195e-06,1.06460447896195e-06,1.06460447896195e-06,1936,1940,5,8.800343775428044e-07,8.062782838325067e-07,1.06460447896195e-06,9.739647467948976e-07,8.067700703939807e-07,Descriptive only; unavailable edge years are blank rather than imputed.
FT-Q-V01-030,mean temperature,temperature_threshold,FT-A1988,1988,1988,1988,5.396020415979197e-07,5.396020415979197e-07,5.396020415979197e-07,1986,1990,5,5.64572382051598e-07,5.535438606790732e-07,6.115092494041185e-07,6.394992091124374e-07,5.302647232391378e-07,Descriptive only; unavailable edge years are blank rather than imputed.
FT-Q-V01-030,mean temperature,temperature_threshold,FT-A0607,2006–2007,2006,2007,4.059007448348195e-07,4.200255244168893e-07,4.129631346258544e-07,2005,2008,4,4.054515155126753e-07,4.052923998840163e-07,4.200255244168893e-07,4.096327817906809e-07,4.044935560512664e-07,Descriptive only; unavailable edge years are blank rather than imputed.
FT-Q-V01-030,mean temperature,temperature_threshold,FT-A2015,2015,2015,2015,3.047325316460348e-07,3.047325316460348e-07,3.047325316460348e-07,2014,2016,3,3.126225558876261e-07,3.047325316460348e-07,3.460151810387446e-07,4.27245008267213e-07,3.010051292384741e-07,Descriptive only; unavailable edge years are blank rather than imputed.
FT-Q-V01-030,mean temperature,temperature_threshold,FT-A2022,2022,2022,2022,3.990877988080399e-07,3.990877988080399e-07,3.990877988080399e-07,2021,2023,2,3.642845499279845e-07,3.642845499279845e-07,3.990877988080399e-07,3.094773984524401e-07,,Descriptive only; unavailable edge years are blank rather than imputed.
FT-Q-V01-031,temperature observations,temperature_threshold,FT-A1842,1842,1842,1842,0,0,0,1839,1845,4,3.25393963163112e-09,1.249065878505817e-09,1.051762676951284e-08,,2.603151705304896e-09,Descriptive only; unavailable edge years are blank rather than imputed.
FT-Q-V01-031,temperature observations,temperature_threshold,FT-A1938,1938,1938,1938,3.630725631253995e-08,3.630725631253995e-08,3.630725631253995e-08,1936,1940,5,3.627383349247282e-08,3.630725631253995e-08,4.257013030972701e-08,4.42183614612901e-08,3.417368295011159e-08,Descriptive only; unavailable edge years are blank rather than imputed.
FT-Q-V01-031,temperature observations,temperature_threshold,FT-A1988,1988,1988,1988,4.333399722389331e-08,4.333399722389331e-08,4.333399722389331e-08,1986,1990,5,4.125201120558364e-08,4.333399722389331e-08,5.063650235226369e-08,3.098302593790292e-08,3.931249436817108e-08,Descriptive only; unavailable edge years are blank rather than imputed.
FT-Q-V01-031,temperature observations,temperature_threshold,FT-A0607,2006–2007,2006,2007,1.327669915673901e-08,1.196346471887821e-08,1.262008193780861e-08,2005,2008,4,1.386961400243192e-08,1.336425447043266e-08,1.678648234998414e-08,1.646960724188684e-08,1.163482737931432e-08,Descriptive only; unavailable edge years are blank rather than imputed.
FT-Q-V01-031,temperature observations,temperature_threshold,FT-A2015,2015,2015,2015,8.032796372514639e-09,8.032796372514639e-09,8.032796372514639e-09,2014,2016,3,8.097648246385702e-09,8.032796372514639e-09,8.593458139527499e-09,1.294914617477883e-08,1.098934534551899e-08,Descriptive only; unavailable edge years are blank rather than imputed.
FT-Q-V01-031,temperature observations,temperature_threshold,FT-A2022,2022,2022,2022,1.079452616181698e-08,1.079452616181698e-08,1.079452616181698e-08,2021,2023,2,1.03937297241119e-08,1.03937297241119e-08,1.079452616181698e-08,1.126924037489485e-08,,Descriptive only; unavailable edge years are blank rather than imputed.
FT-Q-V01-032,meteorological stations,climate,FT-A1842,1842,1842,1842,6.449883405146295e-10,6.449883405146295e-10,6.449883405146295e-10,1839,1845,4,2.086408226742442e-09,1.929856191518198e-09,3.985081153956571e-09,,3.153699168478852e-09,Descriptive only; unavailable edge years are blank rather than imputed.
FT-Q-V01-032,meteorological stations,climate,FT-A1938,1938,1938,1938,9.076814153075041e-08,9.076814153075041e-08,9.076814153075041e-08,1936,1940,5,8.024797307215614e-08,7.701278903482489e-08,9.829019625984259e-08,8.291015519690248e-08,5.805958737670202e-08,Descriptive only; unavailable edge years are blank rather than imputed.
FT-Q-V01-032,meteorological stations,climate,FT-A1988,1988,1988,1988,9.47622730285147e-08,9.47622730285147e-08,9.47622730285147e-08,1986,1990,5,8.114561341338034e-08,7.374821942018883e-08,9.593186378609175e-08,8.604631863765034e-08,7.144906577702392e-08,Descriptive only; unavailable edge years are blank rather than imputed.
FT-Q-V01-032,meteorological stations,climate,FT-A0607,2006–2007,2006,2007,6.752804135312651e-08,5.707381896605246e-08,6.230093015958948e-08,2005,2008,4,6.065065059641245e-08,5.900037103323541e-08,6.752804135312651e-08,5.815415308751959e-08,5.408613588664402e-08,Descriptive only; unavailable edge years are blank rather than imputed.
FT-Q-V01-032,meteorological stations,climate,FT-A2015,2015,2015,2015,4.119143208469733e-08,4.119143208469733e-08,4.119143208469733e-08,2014,2016,3,4.472163462586794e-08,4.37281686693769e-08,4.924530312352959e-08,5.584785330373099e-08,4.81514905621705e-08,Descriptive only; unavailable edge years are blank rather than imputed.
FT-Q-V01-032,meteorological stations,climate,FT-A2022,2022,2022,2022,5.706942204919407e-08,5.706942204919407e-08,5.706942204919407e-08,2021,2023,2,5.822799869527329e-08,5.822799869527329e-08,5.93865753413525e-08,5.128317189656562e-08,,Descriptive only; unavailable edge years are blank rather than imputed.
FT-Q-V01-033,world temperatures,temperature_threshold,FT-A1842,1842,1842,1842,0,0,0,1839,1845,4,0,0,0,,0,Descriptive only; unavailable edge years are blank rather than imputed.
FT-Q-V01-033,world temperatures,temperature_threshold,FT-A1938,1938,1938,1938,2.561554982016823e-09,2.561554982016823e-09,2.561554982016823e-09,1936,1940,5,1.525601808771704e-09,1.645465791400014e-09,2.561554982016823e-09,7.691371345375231e-10,1.79879134504235e-09,Descriptive only; unavailable edge years are blank rather than imputed.
FT-Q-V01-033,world temperatures,temperature_threshold,FT-A1988,1988,1988,1988,4.590047536501274e-09,4.590047536501274e-09,4.590047536501274e-09,1986,1990,5,4.961564695898923e-09,4.590047536501274e-09,6.950897614432794e-09,3.067942756784792e-09,6.054138072808524e-09,Descriptive only; unavailable edge years are blank rather than imputed.
FT-Q-V01-033,world temperatures,temperature_threshold,FT-A0607,2006–2007,2006,2007,4.761299195188418e-09,7.465921342958426e-09,6.113610269073422e-09,2005,2008,4,6.136529268237212e-09,6.159448267401002e-09,7.465921342958426e-09,5.174720552753032e-09,6.565768133348637e-09,Descriptive only; unavailable edge years are blank rather than imputed.
FT-Q-V01-033,world temperatures,temperature_threshold,FT-A2015,2015,2015,2015,5.650978740501245e-09,5.650978740501245e-09,5.650978740501245e-09,2014,2016,3,4.904906561927398e-09,4.543224164932358e-09,5.650978740501245e-09,5.824139620580482e-09,4.185461157518722e-09,Descriptive only; unavailable edge years are blank rather than imputed.
FT-Q-V01-033,world temperatures,temperature_threshold,FT-A2022,2022,2022,2022,4.114307144975626e-09,4.114307144975626e-09,4.114307144975626e-09,2021,2023,2,4.460216246685023e-09,4.460216246685023e-09,4.806125348394419e-09,4.242582871127887e-09,,Descriptive only; unavailable edge years are blank rather than imputed.
FT-Q-V01-034,actually increased,warming,FT-A1842,1842,1842,1842,5.611398634641773e-08,5.611398634641773e-08,5.611398634641773e-08,1839,1845,4,6.049073064673394e-08,5.988276008395133e-08,6.811415431684509e-08,,6.1064155687518e-08,Descriptive only; unavailable edge years are blank rather than imputed.
FT-Q-V01-034,actually increased,warming,FT-A1938,1938,1938,1938,1.804225649021385e-07,1.804225649021385e-07,1.804225649021385e-07,1936,1940,5,1.734230705124906e-07,1.757410927893943e-07,1.804225649021385e-07,2.119450567578118e-07,1.770750882201799e-07,Descriptive only; unavailable edge years are blank rather than imputed.
FT-Q-V01-034,actually increased,warming,FT-A1988,1988,1988,1988,2.214574481781972e-07,2.214574481781972e-07,2.214574481781972e-07,1986,1990,5,2.123685777476181e-07,2.156324514501762e-07,2.214574481781972e-07,2.169448154475118e-07,2.066922900792467e-07,Descriptive only; unavailable edge years are blank rather than imputed.
FT-Q-V01-034,actually increased,warming,FT-A0607,2006–2007,2006,2007,2.003408214254487e-07,2.006803638751609e-07,2.005105926503048e-07,2005,2008,4,2.002077701653351e-07,2.005105926503048e-07,2.026434403890054e-07,2.07825286563379e-07,1.920624284418304e-07,Descriptive only; unavailable edge years are blank rather than imputed.
FT-Q-V01-034,actually increased,warming,FT-A2015,2015,2015,2015,1.679881892306667e-07,1.679881892306667e-07,1.679881892306667e-07,2014,2016,3,1.751127214471663e-07,1.709793599133369e-07,1.863706151974953e-07,1.87253194274678e-07,1.671679511178192e-07,Descriptive only; unavailable edge years are blank rather than imputed.
FT-Q-V01-034,actually increased,warming,FT-A2022,2022,2022,2022,1.005129691700191e-07,1.005129691700191e-07,1.005129691700191e-07,2021,2023,2,1.143540162996254e-07,1.143540162996254e-07,1.281950634292317e-07,1.555328407641665e-07,,Descriptive only; unavailable edge years are blank rather than imputed.
FT-Q-V01-035,average rate,temperature_threshold,FT-A1842,1842,1842,1842,1.024886465750274e-06,1.024886465750274e-06,1.024886465750274e-06,1839,1845,4,9.112134986138942e-07,9.341825302211504e-07,1.024886465750274e-06,,1.073763579750864e-06,Descriptive only; unavailable edge years are blank rather than imputed.
FT-Q-V01-035,average rate,temperature_threshold,FT-A1938,1938,1938,1938,2.678272757100641e-06,2.678272757100641e-06,2.678272757100641e-06,1936,1940,5,2.751333045558635e-06,2.750634414599995e-06,2.89131432568146e-06,2.952513046838856e-06,2.544555964938133e-06,Descriptive only; unavailable edge years are blank rather than imputed.
FT-Q-V01-035,average rate,temperature_threshold,FT-A1988,1988,1988,1988,1.477254987107546e-06,1.477254987107546e-06,1.477254987107546e-06,1986,1990,5,1.449839307185452e-06,1.421965062781139e-06,1.556150069699502e-06,1.596163953273416e-06,1.394456167055913e-06,Descriptive only; unavailable edge years are blank rather than imputed.
FT-Q-V01-035,average rate,temperature_threshold,FT-A0607,2006–2007,2006,2007,1.087956885408026e-06,1.109498924400931e-06,1.098727904904478e-06,2005,2008,4,1.09087540718384e-06,1.098727904904478e-06,1.113505637851536e-06,1.079491807698396e-06,9.547648875805892e-07,Descriptive only; unavailable edge years are blank rather than imputed.
FT-Q-V01-035,average rate,temperature_threshold,FT-A2015,2015,2015,2015,7.784807402877458e-07,7.784807402877458e-07,7.784807402877458e-07,2014,2016,3,7.717464396208665e-07,7.784807402877458e-07,8.453366940330831e-07,8.978558166693185e-07,6.798908475304232e-07,Descriptive only; unavailable edge years are blank rather than imputed.
FT-Q-V01-035,average rate,temperature_threshold,FT-A2022,2022,2022,2022,5.522904276411555e-07,5.522904276411555e-07,5.522904276411555e-07,2021,2023,2,5.837134264136123e-07,5.837134264136123e-07,6.151364251860691e-07,6.338507937610204e-07,,Descriptive only; unavailable edge years are blank rather than imputed.
FT-Q-V01-036,small increases in mean temperature,temperature_threshold,FT-A1842,1842,1842,1842,,,,1839,1845,0,,,,,,Descriptive only; unavailable edge years are blank rather than imputed.
FT-Q-V01-036,small increases in mean temperature,temperature_threshold,FT-A1938,1938,1938,1938,,,,1936,1940,0,,,,,,Descriptive only; unavailable edge years are blank rather than imputed.
FT-Q-V01-036,small increases in mean temperature,temperature_threshold,FT-A1988,1988,1988,1988,,,,1986,1990,0,,,,,,Descriptive only; unavailable edge years are blank rather than imputed.
FT-Q-V01-036,small increases in mean temperature,temperature_threshold,FT-A0607,2006–2007,2006,2007,,,,2005,2008,0,,,,,,Descriptive only; unavailable edge years are blank rather than imputed.
FT-Q-V01-036,small increases in mean temperature,temperature_threshold,FT-A2015,2015,2015,2015,,,,2014,2016,0,,,,,,Descriptive only; unavailable edge years are blank rather than imputed.
FT-Q-V01-036,small increases in mean temperature,temperature_threshold,FT-A2022,2022,2022,2022,,,,2021,2023,0,,,,,,Descriptive only; unavailable edge years are blank rather than imputed.
FT-Q-V01-037,deadly glaciers,danger_threat,FT-A1842,1842,1842,1842,0,0,0,1839,1845,4,3.756295274826016e-10,0,1.502518109930406e-09,,3.005036219860813e-10,Descriptive only; unavailable edge years are blank rather than imputed.
FT-Q-V01-037,deadly glaciers,danger_threat,FT-A1938,1938,1938,1938,1.113719533263335e-10,1.113719533263335e-10,1.113719533263335e-10,1936,1940,5,4.230372441238473e-11,0,1.113719533263335e-10,7.327235485021787e-11,0,Descriptive only; unavailable edge years are blank rather than imputed.
FT-Q-V01-037,deadly glaciers,danger_threat,FT-A1988,1988,1988,1988,4.9355349668323e-11,4.9355349668323e-11,4.9355349668323e-11,1986,1990,5,1.12724821837995e-10,1.001899327390809e-10,2.274775506849736e-10,3.000898904370608e-11,1.997313758828057e-10,Descriptive only; unavailable edge years are blank rather than imputed.
FT-Q-V01-037,deadly glaciers,danger_threat,FT-A0607,2006–2007,2006,2007,9.156344432659225e-11,4.497542963055601e-11,6.826943697857413e-11,2005,2008,4,1.283294677120739e-10,1.153389710129016e-10,2.376644991919363e-10,1.260848522810498e-10,2.71050468181322e-10,Descriptive only; unavailable edge years are blank rather than imputed.
FT-Q-V01-037,deadly glaciers,danger_threat,FT-A2015,2015,2015,2015,3.269161330532455e-10,3.269161330532455e-10,3.269161330532455e-10,2014,2016,3,3.579498364381095e-10,3.269161330532455e-10,5.679030024019482e-10,3.471347959083104e-10,4.314001544880597e-10,Descriptive only; unavailable edge years are blank rather than imputed.
FT-Q-V01-037,deadly glaciers,danger_threat,FT-A2022,2022,2022,2022,2.211993088696573e-10,2.211993088696573e-10,2.211993088696573e-10,2021,2023,2,3.009412441468129e-10,3.009412441468129e-10,3.806831794239685e-10,4.717307156010264e-10,,Descriptive only; unavailable edge years are blank rather than imputed.
FT-Q-V01-038,rather a coincidence,concern_alarm,FT-A1842,1842,1842,1842,1.372755464856823e-09,1.372755464856823e-09,1.372755464856823e-09,1839,1845,4,3.584776253617861e-09,2.200522541961902e-09,8.569366549693314e-09,,2.808741550452965e-09,Descriptive only; unavailable edge years are blank rather than imputed.
FT-Q-V01-038,rather a coincidence,concern_alarm,FT-A1938,1938,1938,1938,4.644931106412287e-09,4.644931106412287e-09,4.644931106412287e-09,1936,1940,5,4.688150873066732e-09,4.644931106412287e-09,6.027962046184498e-09,7.517483893715316e-09,3.775512508186197e-09,Descriptive only; unavailable edge years are blank rather than imputed.
FT-Q-V01-038,rather a coincidence,concern_alarm,FT-A1988,1988,1988,1988,7.027831511186022e-10,7.027831511186022e-10,7.027831511186022e-10,1986,1990,5,7.366094532945678e-10,7.171515603587864e-10,8.97186679116313e-10,7.610267020730088e-10,8.253559648230268e-10,Descriptive only; unavailable edge years are blank rather than imputed.
FT-Q-V01-038,rather a coincidence,concern_alarm,FT-A0607,2006–2007,2006,2007,9.413307355821132e-10,8.746421087391099e-10,9.079864221606115e-10,2005,2008,4,1.026133606904511e-09,9.079864221606115e-10,1.435070867694677e-09,8.387845355783962e-10,1.636325885900902e-09,Descriptive only; unavailable edge years are blank rather than imputed.
FT-Q-V01-038,rather a coincidence,concern_alarm,FT-A2015,2015,2015,2015,2.049460878783549e-09,2.049460878783549e-09,2.049460878783549e-09,2014,2016,3,2.852542887084771e-09,3.206233722963248e-09,3.301934059507516e-09,2.176644675611073e-09,2.598098686190653e-09,Descriptive only; unavailable edge years are blank rather than imputed.
FT-Q-V01-038,rather a coincidence,concern_alarm,FT-A2022,2022,2022,2022,3.216303917641383e-09,3.216303917641383e-09,3.216303917641383e-09,2021,2023,2,2.932414269740669e-09,2.932414269740669e-09,3.216303917641383e-09,2.486556865965994e-09,,Descriptive only; unavailable edge years are blank rather than imputed.
FT-Q-V01-039,Hottest Day for Ten Years,heat,FT-A1842,1842,1842,1842,,,,1839,1845,0,,,,,,Descriptive only; unavailable edge years are blank rather than imputed.
FT-Q-V01-039,Hottest Day for Ten Years,heat,FT-A1938,1938,1938,1938,,,,1936,1940,0,,,,,,Descriptive only; unavailable edge years are blank rather than imputed.
FT-Q-V01-039,Hottest Day for Ten Years,heat,FT-A1988,1988,1988,1988,,,,1986,1990,0,,,,,,Descriptive only; unavailable edge years are blank rather than imputed.
FT-Q-V01-039,Hottest Day for Ten Years,heat,FT-A0607,2006–2007,2006,2007,,,,2005,2008,0,,,,,,Descriptive only; unavailable edge years are blank rather than imputed.
FT-Q-V01-039,Hottest Day for Ten Years,heat,FT-A2015,2015,2015,2015,,,,2014,2016,0,,,,,,Descriptive only; unavailable edge years are blank rather than imputed.
FT-Q-V01-039,Hottest Day for Ten Years,heat,FT-A2022,2022,2022,2022,,,,2021,2023,0,,,,,,Descriptive only; unavailable edge years are blank rather than imputed.
FT-Q-V01-040,Heat Wave Over Queensland,heat,FT-A1842,1842,1842,1842,,,,1839,1845,0,,,,,,Descriptive only; unavailable edge years are blank rather than imputed.
FT-Q-V01-040,Heat Wave Over Queensland,heat,FT-A1938,1938,1938,1938,,,,1936,1940,0,,,,,,Descriptive only; unavailable edge years are blank rather than imputed.
FT-Q-V01-040,Heat Wave Over Queensland,heat,FT-A1988,1988,1988,1988,,,,1986,1990,0,,,,,,Descriptive only; unavailable edge years are blank rather than imputed.
FT-Q-V01-040,Heat Wave Over Queensland,heat,FT-A0607,2006–2007,2006,2007,,,,2005,2008,0,,,,,,Descriptive only; unavailable edge years are blank rather than imputed.
FT-Q-V01-040,Heat Wave Over Queensland,heat,FT-A2015,2015,2015,2015,,,,2014,2016,0,,,,,,Descriptive only; unavailable edge years are blank rather than imputed.
FT-Q-V01-040,Heat Wave Over Queensland,heat,FT-A2022,2022,2022,2022,,,,2021,2023,0,,,,,,Descriptive only; unavailable edge years are blank rather than imputed.
FT-Q-V01-041,greenhouse effect,carbon_greenhouse,FT-A1842,1842,1842,1842,0,0,0,1839,1845,4,5.363657296086899e-10,3.214724042521766e-10,1.502518109930406e-09,,4.290925836869519e-10,Descriptive only; unavailable edge years are blank rather than imputed.
FT-Q-V01-041,greenhouse effect,carbon_greenhouse,FT-A1938,1938,1938,1938,9.689360203068986e-09,9.689360203068986e-09,9.689360203068986e-09,1936,1940,5,4.388036189961752e-09,3.566084316730667e-09,9.689360203068986e-09,6.699326052239662e-09,4.690915558769326e-09,Descriptive only; unavailable edge years are blank rather than imputed.
FT-Q-V01-041,greenhouse effect,carbon_greenhouse,FT-A1988,1988,1988,1988,1.086015104533045e-06,1.086015104533045e-06,1.086015104533045e-06,1986,1990,5,1.181375277284347e-06,1.086015104533045e-06,1.960720042576414e-06,3.585020989002596e-07,1.660773145030492e-06,Descriptive only; unavailable edge years are blank rather than imputed.
FT-Q-V01-041,greenhouse effect,carbon_greenhouse,FT-A0607,2006–2007,2006,2007,4.812116740637862e-07,5.082223493886595e-07,4.947170117262228e-07,2005,2008,4,5.144006713303853e-07,5.006452377821075e-07,5.751005356935401e-07,5.099099564163933e-07,5.403415032120829e-07,Descriptive only; unavailable edge years are blank rather than imputed.
FT-Q-V01-041,greenhouse effect,carbon_greenhouse,FT-A2015,2015,2015,2015,4.161642502796548e-07,4.161642502796548e-07,4.161642502796548e-07,2014,2016,3,4.48778527600141e-07,4.341486428138808e-07,4.960226897068876e-07,5.299390676533067e-07,4.297777772777067e-07,Descriptive only; unavailable edge years are blank rather than imputed.
FT-Q-V01-041,greenhouse effect,carbon_greenhouse,FT-A2022,2022,2022,2022,4.531046594036248e-07,4.531046594036248e-07,4.531046594036248e-07,2021,2023,2,5.185839056873892e-07,5.185839056873892e-07,5.840631519711537e-07,4.597606791091613e-07,,Descriptive only; unavailable edge years are blank rather than imputed.
FT-Q-V01-042,global warming,warming,FT-A1842,1842,1842,1842,0,0,0,1839,1845,4,7.715337591029936e-09,0,3.086135036411974e-08,,6.172270072823949e-09,Descriptive only; unavailable edge years are blank rather than imputed.
FT-Q-V01-042,global warming,warming,FT-A1938,1938,1938,1938,2.00469511824064e-09,2.00469511824064e-09,2.00469511824064e-09,1936,1940,5,9.615092347314835e-09,3.949118143609098e-09,2.974356050344795e-08,1.059533454583761e-08,8.571099191501119e-09,Descriptive only; unavailable edge years are blank rather than imputed.
FT-Q-V01-042,global warming,warming,FT-A1988,1988,1988,1988,6.400895369296222e-07,6.400895369296222e-07,6.400895369296222e-07,1986,1990,5,1.142737135707145e-06,6.400895369296222e-07,2.645472821902195e-06,1.650790084926912e-07,2.582561059355504e-06,Descriptive only; unavailable edge years are blank rather than imputed.
FT-Q-V01-042,global warming,warming,FT-A0607,2006–2007,2006,2007,3.39393631278162e-06,4.96164442403968e-06,4.17779036841065e-06,2005,2008,4,4.173465091666245e-06,4.17779036841065e-06,5.431204078656937e-06,2.537355364306409e-06,4.652159176726789e-06,Descriptive only; unavailable edge years are blank rather than imputed.
FT-Q-V01-042,global warming,warming,FT-A2015,2015,2015,2015,3.293586607857474e-06,3.293586607857474e-06,3.293586607857474e-06,2014,2016,3,3.232972508608369e-06,3.265111240942364e-06,3.293586607857474e-06,3.791421973563247e-06,3.274995867441621e-06,Descriptive only; unavailable edge years are blank rather than imputed.
FT-Q-V01-042,global warming,warming,FT-A2022,2022,2022,2022,3.963670369644401e-06,3.963670369644401e-06,3.963670369644401e-06,2021,2023,2,4.05548779371448e-06,4.05548779371448e-06,4.147305217784558e-06,3.45143466281006e-06,,Descriptive only; unavailable edge years are blank rather than imputed.
FT-Q-V01-043,earth is warmer,warming,FT-A1842,1842,1842,1842,0,0,0,1839,1845,4,7.395542650501241e-10,2.67792704677916e-10,2.422631650844664e-09,,1.023203310968057e-09,Descriptive only; unavailable edge years are blank rather than imputed.
FT-Q-V01-043,earth is warmer,warming,FT-A1938,1938,1938,1938,2.444700553105861e-10,2.444700553105861e-10,2.444700553105861e-10,1936,1940,5,5.52774204187756e-10,3.287979333244095e-10,1.590971687726039e-09,9.938292078182086e-10,4.529746439052573e-10,Descriptive only; unavailable edge years are blank rather than imputed.
FT-Q-V01-043,earth is warmer,warming,FT-A1988,1988,1988,1988,1.243385561178201e-09,1.243385561178201e-09,1.243385561178201e-09,1986,1990,5,6.124371773608139e-10,4.984370555183304e-10,1.243385561178201e-09,3.751638388838075e-10,5.789138390888126e-10,Descriptive only; unavailable edge years are blank rather than imputed.
FT-Q-V01-043,earth is warmer,warming,FT-A0607,2006–2007,2006,2007,1.04041819604106e-09,2.235196472355483e-09,1.637807334198271e-09,2005,2008,4,1.492501920663525e-09,1.347196507128778e-09,2.235196472355483e-09,7.259762097033828e-10,1.733665877523549e-09,Descriptive only; unavailable edge years are blank rather than imputed.
FT-Q-V01-043,earth is warmer,warming,FT-A2015,2015,2015,2015,1.249671310876721e-09,1.249671310876721e-09,1.249671310876721e-09,2014,2016,3,1.313402738419474e-09,1.249671310876721e-09,1.781306435688634e-09,1.688904782692902e-09,8.840839504919984e-10,Descriptive only; unavailable edge years are blank rather than imputed.
FT-Q-V01-043,earth is warmer,warming,FT-A2022,2022,2022,2022,1.702749219401056e-09,1.702749219401056e-09,1.702749219401056e-09,2021,2023,2,1.89550453111309e-09,1.89550453111309e-09,2.088259842825124e-09,1.11988982531841e-09,,Descriptive only; unavailable edge years are blank rather than imputed.
FT-Q-V01-044,instrumental measurements,climate,FT-A1842,1842,1842,1842,0,0,0,1839,1845,4,3.927440178630448e-10,2.846486657492875e-10,1.001678739953604e-09,,5.158337423871728e-10,Descriptive only; unavailable edge years are blank rather than imputed.
FT-Q-V01-044,instrumental measurements,climate,FT-A1938,1938,1938,1938,4.343506249115947e-09,4.343506249115947e-09,4.343506249115947e-09,1936,1940,5,6.157360593617156e-09,6.129207419380833e-09,1.191745380157982e-08,7.130592974413652e-09,3.626621158936416e-09,Descriptive only; unavailable edge years are blank rather than imputed.
FT-Q-V01-044,instrumental measurements,climate,FT-A1988,1988,1988,1988,6.959104164455665e-09,6.959104164455665e-09,6.959104164455665e-09,1986,1990,5,9.169332604308522e-09,8.630308870327674e-09,1.246576949998079e-08,9.603223198595413e-09,9.409948627248088e-09,Descriptive only; unavailable edge years are blank rather than imputed.
FT-Q-V01-044,instrumental measurements,climate,FT-A0607,2006–2007,2006,2007,9.659943039919128e-09,1.155868578628372e-08,1.060931441310142e-08,2005,2008,4,1.042852294276531e-08,1.034817975753555e-08,1.155868578628372e-08,1.084417182509179e-08,9.947938522936184e-09,Descriptive only; unavailable edge years are blank rather than imputed.
FT-Q-V01-044,instrumental measurements,climate,FT-A2015,2015,2015,2015,7.752582603659519e-09,7.752582603659519e-09,7.752582603659519e-09,2014,2016,3,7.622421991047382e-09,7.752582603659519e-09,8.356286902017063e-09,1.057980244453804e-08,8.76489280945969e-09,Descriptive only; unavailable edge years are blank rather than imputed.
FT-Q-V01-044,instrumental measurements,climate,FT-A2022,2022,2022,2022,8.892212299826951e-09,8.892212299826951e-09,8.892212299826951e-09,2021,2023,2,9.656707378180585e-09,9.656707378180585e-09,1.042120245653422e-08,9.49745400727342e-09,,Descriptive only; unavailable edge years are blank rather than imputed.
FT-Q-V01-045,cause-and-effect relationship,harm_loss_consequences,FT-A1842,1842,1842,1842,0,0,0,1839,1845,4,0,0,0,,0,Descriptive only; unavailable edge years are blank rather than imputed.
FT-Q-V01-045,cause-and-effect relationship,harm_loss_consequences,FT-A1938,1938,1938,1938,1.153081288784996e-08,1.153081288784996e-08,1.153081288784996e-08,1936,1940,5,1.010940878787281e-08,1.027717910773163e-08,1.153081288784996e-08,8.424552239150174e-09,1.149510898967865e-08,Descriptive only; unavailable edge years are blank rather than imputed.
FT-Q-V01-045,cause-and-effect relationship,harm_loss_consequences,FT-A1988,1988,1988,1988,1.040740936764095e-07,1.040740936764095e-07,1.040740936764095e-07,1986,1990,5,1.009639132160123e-07,1.005770801643102e-07,1.040740936764095e-07,9.984328000617327e-08,9.866963887605884e-08,Descriptive only; unavailable edge years are blank rather than imputed.
FT-Q-V01-045,cause-and-effect relationship,harm_loss_consequences,FT-A0607,2006–2007,2006,2007,1.102150947035474e-07,1.140745307104396e-07,1.121448127069935e-07,2005,2008,4,1.180418407673023e-07,1.167380979313903e-07,1.284760725028811e-07,1.215713498523008e-07,1.270154701846216e-07,Descriptive only; unavailable edge years are blank rather than imputed.
FT-Q-V01-045,cause-and-effect relationship,harm_loss_consequences,FT-A2015,2015,2015,2015,1.375002782744161e-07,1.375002782744161e-07,1.375002782744161e-07,2014,2016,3,1.235157466259832e-07,1.198674087765639e-07,1.375002782744161e-07,1.278936382395623e-07,1.107470972108726e-07,Descriptive only; unavailable edge years are blank rather than imputed.
FT-Q-V01-045,cause-and-effect relationship,harm_loss_consequences,FT-A2022,2022,2022,2022,1.046778577290519e-07,1.046778577290519e-07,1.046778577290519e-07,2021,2023,2,1.019784072464613e-07,1.019784072464613e-07,1.046778577290519e-07,1.06629406808334e-07,,Descriptive only; unavailable edge years are blank rather than imputed.
FT-Q-V01-046,global temperature,temperature_threshold,FT-A1842,1842,1842,1842,0,0,0,1839,1845,4,1.607362021260883e-10,0,6.429448085043532e-10,,1.285889617008706e-10,Descriptive only; unavailable edge years are blank rather than imputed.
FT-Q-V01-046,global temperature,temperature_threshold,FT-A1938,1938,1938,1938,0,0,0,1936,1940,5,8.585001598504504e-11,0,4.292500799252252e-10,1.746174999039951e-09,2.04444975393514e-09,Descriptive only; unavailable edge years are blank rather than imputed.
FT-Q-V01-046,global temperature,temperature_threshold,FT-A1988,1988,1988,1988,1.101611393217183e-07,1.101611393217183e-07,1.101611393217183e-07,1986,1990,5,1.054527312874254e-07,1.101611393217183e-07,1.589158204057251e-07,5.351041201945295e-08,1.597574048689543e-07,Descriptive only; unavailable edge years are blank rather than imputed.
FT-Q-V01-046,global temperature,temperature_threshold,FT-A0607,2006–2007,2006,2007,1.36521097881398e-07,1.52331783999371e-07,1.444264409403845e-07,2005,2008,4,1.480920420061232e-07,1.444264409403845e-07,1.808626778170008e-07,1.10434406465354e-07,1.927073427311632e-07,Descriptive only; unavailable edge years are blank rather than imputed.
FT-Q-V01-046,global temperature,temperature_threshold,FT-A2015,2015,2015,2015,1.917596575834457e-07,1.917596575834457e-07,1.917596575834457e-07,2014,2016,3,2.05561737839921e-07,2.095967745613381e-07,2.153287813749794e-07,2.046641970482321e-07,2.229282989742176e-07,Descriptive only; unavailable edge years are blank rather than imputed.
FT-Q-V01-046,global temperature,temperature_threshold,FT-A2022,2022,2022,2022,3.140587651051518e-07,3.140587651051518e-07,3.140587651051518e-07,2021,2023,2,3.065189131019885e-07,3.065189131019885e-07,3.140587651051518e-07,2.396583549189868e-07,,Descriptive only; unavailable edge years are blank rather than imputed.
FT-Q-V01-047,regional heat waves,heat,FT-A1842,1842,1842,1842,0,0,0,1839,1845,4,0,0,0,,0,Descriptive only; unavailable edge years are blank rather than imputed.
FT-Q-V01-047,regional heat waves,heat,FT-A1938,1938,1938,1938,0,0,0,1936,1940,5,0,0,0,0,0,Descriptive only; unavailable edge years are blank rather than imputed.
FT-Q-V01-047,regional heat waves,heat,FT-A1988,1988,1988,1988,7.0278316499639e-10,7.0278316499639e-10,7.0278316499639e-10,1986,1990,5,1.108687130296771e-09,7.0278316499639e-10,2.84109114012665e-09,2.200989321354818e-11,1.323641091177663e-09,Descriptive only; unavailable edge years are blank rather than imputed.
FT-Q-V01-047,regional heat waves,heat,FT-A0607,2006–2007,2006,2007,4.954372329057932e-11,9.718245652656776e-11,7.336308990857354e-11,2005,2008,4,1.776260024483056e-10,7.336308990857354e-11,5.637778299760754e-10,5.844579889502378e-11,2.441870775027333e-10,Descriptive only; unavailable edge years are blank rather than imputed.
FT-Q-V01-047,regional heat waves,heat,FT-A2015,2015,2015,2015,3.499079706537067e-10,3.499079706537067e-10,3.499079706537067e-10,2014,2016,3,3.384865015591358e-10,3.499079706537067e-10,6.221050341537193e-10,1.496777167486751e-10,3.068294042452013e-10,Descriptive only; unavailable edge years are blank rather than imputed.
FT-Q-V01-047,regional heat waves,heat,FT-A2022,2022,2022,2022,4.729858865681891e-11,4.729858865681891e-11,4.729858865681891e-11,2021,2023,2,1.509822128431537e-10,1.509822128431537e-10,2.546658370294885e-10,2.333415648203552e-10,,Descriptive only; unavailable edge years are blank rather than imputed.
FT-Q-V01-048,heat wave,heat,FT-A1842,1842,1842,1842,4.514918217068953e-09,4.514918217068953e-09,4.514918217068953e-09,1839,1845,4,1.539885441381728e-09,8.223117742289787e-10,4.514918217068953e-09,,4.297728506408305e-10,Descriptive only; unavailable edge years are blank rather than imputed.
FT-Q-V01-048,heat wave,heat,FT-A1938,1938,1938,1938,1.921166252749629e-07,1.921166252749629e-07,1.921166252749629e-07,1936,1940,5,2.149780281346381e-07,2.173111940673156e-07,2.596803092558275e-07,2.15653221702361e-07,1.765335533865375e-07,Descriptive only; unavailable edge years are blank rather than imputed.
FT-Q-V01-048,heat wave,heat,FT-A1988,1988,1988,1988,1.718059701449892e-07,1.718059701449892e-07,1.718059701449892e-07,1986,1990,5,1.548774984955204e-07,1.53814457934387e-07,1.718059701449892e-07,1.491579221218897e-07,1.447592306469403e-07,Descriptive only; unavailable edge years are blank rather than imputed.
FT-Q-V01-048,heat wave,heat,FT-A0607,2006–2007,2006,2007,2.572474944173564e-07,2.559551631371726e-07,2.566013287772645e-07,2005,2008,4,2.725014982812163e-07,2.566013287772645e-07,3.620105626690739e-07,2.040938749975352e-07,2.92204905994603e-07,Descriptive only; unavailable edge years are blank rather than imputed.
FT-Q-V01-048,heat wave,heat,FT-A2015,2015,2015,2015,3.528359153667782e-07,3.528359153667782e-07,3.528359153667782e-07,2014,2016,3,3.163260567639696e-07,3.163625424441874e-07,3.528359153667782e-07,2.798294360541187e-07,3.113940168650297e-07,Descriptive only; unavailable edge years are blank rather than imputed.
FT-Q-V01-048,heat wave,heat,FT-A2022,2022,2022,2022,3.006541136052476e-07,3.006541136052476e-07,3.006541136052476e-07,2021,2023,2,2.86135784352895e-07,2.86135784352895e-07,3.006541136052476e-07,3.097615653889496e-07,,Descriptive only; unavailable edge years are blank rather than imputed.
FT-Q-V01-049,drought,harm_loss_consequences,FT-A1842,1842,1842,1842,3.115138760279024e-06,3.115138760279024e-06,3.115138760279024e-06,1839,1845,4,3.498493425180271e-06,3.536630338807356e-06,3.805574262827349e-06,,3.562007381319177e-06,Descriptive only; unavailable edge years are blank rather than imputed.
FT-Q-V01-049,drought,harm_loss_consequences,FT-A1938,1938,1938,1938,9.374461029665326e-06,9.374461029665326e-06,9.374461029665326e-06,1936,1940,5,9.55775340969467e-06,9.374461029665326e-06,1.150456472487349e-05,1.157721126219258e-05,6.867058641546464e-06,Descriptive only; unavailable edge years are blank rather than imputed.
FT-Q-V01-049,drought,harm_loss_consequences,FT-A1988,1988,1988,1988,1.090940310177757e-05,1.090940310177757e-05,1.090940310177757e-05,1986,1990,5,9.547862759973214e-06,9.224101717109079e-06,1.090940310177757e-05,9.169727934477124e-06,9.009837225448791e-06,Descriptive only; unavailable edge years are blank rather than imputed.
FT-Q-V01-049,drought,harm_loss_consequences,FT-A0607,2006–2007,2006,2007,6.629869545804468e-06,6.241732602774164e-06,6.435801074289316e-06,2005,2008,4,6.558684044755125e-06,6.574246281587648e-06,6.844511013071042e-06,6.61947607767388e-06,6.161366511747702e-06,Descriptive only; unavailable edge years are blank rather than imputed.
FT-Q-V01-049,drought,harm_loss_consequences,FT-A2015,2015,2015,2015,5.762521983143643e-06,5.762521983143643e-06,5.762521983143643e-06,2014,2016,3,6.232299605575993e-06,5.762521983143643e-06,7.519306482350885e-06,5.960785405534352e-06,7.433091714403872e-06,Descriptive only; unavailable edge years are blank rather than imputed.
FT-Q-V01-049,drought,harm_loss_consequences,FT-A2022,2022,2022,2022,8.803938708723535e-06,8.803938708723535e-06,8.803938708723535e-06,2021,2023,2,8.616291957252997e-06,8.616291957252997e-06,8.803938708723535e-06,7.614959459090187e-06,,Descriptive only; unavailable edge years are blank rather than imputed.
FT-Q-V01-050,heat wave/drought occurrences,heat,FT-A1842,1842,1842,1842,,,,1839,1845,0,,,,,,Descriptive only; unavailable edge years are blank rather than imputed.
FT-Q-V01-050,heat wave/drought occurrences,heat,FT-A1938,1938,1938,1938,,,,1936,1940,0,,,,,,Descriptive only; unavailable edge years are blank rather than imputed.
FT-Q-V01-050,heat wave/drought occurrences,heat,FT-A1988,1988,1988,1988,,,,1986,1990,0,,,,,,Descriptive only; unavailable edge years are blank rather than imputed.
FT-Q-V01-050,heat wave/drought occurrences,heat,FT-A0607,2006–2007,2006,2007,,,,2005,2008,0,,,,,,Descriptive only; unavailable edge years are blank rather than imputed.
FT-Q-V01-050,heat wave/drought occurrences,heat,FT-A2015,2015,2015,2015,,,,2014,2016,0,,,,,,Descriptive only; unavailable edge years are blank rather than imputed.
FT-Q-V01-050,heat wave/drought occurrences,heat,FT-A2022,2022,2022,2022,,,,2021,2023,0,,,,,,Descriptive only; unavailable edge years are blank rather than imputed.
FT-Q-V01-051,extreme events,harm_loss_consequences,FT-A1842,1842,1842,1842,0,0,0,1839,1845,4,9.817505974840657e-10,1.212242140002928e-09,1.502518109930406e-09,,9.869812522822486e-10,Descriptive only; unavailable edge years are blank rather than imputed.
FT-Q-V01-051,extreme events,harm_loss_consequences,FT-A1938,1938,1938,1938,3.341158599790006e-10,3.341158599790006e-10,3.341158599790006e-10,1936,1940,5,3.42009162657142e-10,3.341158599790006e-10,7.678840896474526e-10,5.805008085335573e-10,5.535470803952336e-10,Descriptive only; unavailable edge years are blank rather than imputed.
FT-Q-V01-051,extreme events,harm_loss_consequences,FT-A1988,1988,1988,1988,5.5376702223775e-08,5.5376702223775e-08,5.5376702223775e-08,1986,1990,5,6.501919660450995e-08,6.388363371634398e-08,7.989011596709616e-08,4.80100460720223e-08,8.029432001510628e-08,Descriptive only; unavailable edge years are blank rather than imputed.
FT-Q-V01-051,extreme events,harm_loss_consequences,FT-A0607,2006–2007,2006,2007,2.56927021435871e-07,2.204695532803669e-07,2.386982873581189e-07,2005,2008,4,2.252625997400948e-07,2.184909477787045e-07,2.56927021435871e-07,1.658937021753459e-07,2.664690084808185e-07,Descriptive only; unavailable edge years are blank rather than imputed.
FT-Q-V01-051,extreme events,harm_loss_consequences,FT-A2015,2015,2015,2015,3.062737106152014e-07,3.062737106152014e-07,3.062737106152014e-07,2014,2016,3,3.337814423372739e-07,3.370098780042241e-07,3.580607383923962e-07,3.020005641785062e-07,3.505299638162373e-07,Descriptive only; unavailable edge years are blank rather than imputed.
FT-Q-V01-051,extreme events,harm_loss_consequences,FT-A2022,2022,2022,2022,4.590328079867589e-07,4.590328079867589e-07,4.590328079867589e-07,2021,2023,2,4.266389104778945e-07,4.266389104778945e-07,4.590328079867589e-07,3.577668187315642e-07,,Descriptive only; unavailable edge years are blank rather than imputed.
FT-Q-V01-052,global climate models,climate,FT-A1842,1842,1842,1842,0,0,0,1839,1845,4,0,0,0,,0,Descriptive only; unavailable edge years are blank rather than imputed.
FT-Q-V01-052,global climate models,climate,FT-A1938,1938,1938,1938,0,0,0,1936,1940,5,0,0,0,1.406048555363526e-10,5.177160367075828e-11,Descriptive only; unavailable edge years are blank rather than imputed.
FT-Q-V01-052,global climate models,climate,FT-A1988,1988,1988,1988,1.378536206020353e-08,1.378536206020353e-08,1.378536206020353e-08,1986,1990,5,2.040563838179299e-08,1.378536206020353e-08,3.449184371451253e-08,8.48345112769433e-09,3.436531323466885e-08,Descriptive only; unavailable edge years are blank rather than imputed.
FT-Q-V01-052,global climate models,climate,FT-A0607,2006–2007,2006,2007,3.141072137807788e-08,3.527723113627701e-08,3.334397625717744e-08,2005,2008,4,3.848521271544031e-08,3.556192093405464e-08,5.140628761557409e-08,2.933725399487108e-08,4.599370733646136e-08,Descriptive only; unavailable edge years are blank rather than imputed.
FT-Q-V01-052,global climate models,climate,FT-A2015,2015,2015,2015,3.734017823067703e-08,3.734017823067703e-08,3.734017823067703e-08,2014,2016,3,3.879296326184112e-08,3.734017823067703e-08,4.544503912767839e-08,4.579329360640538e-08,3.346461221603869e-08,Descriptive only; unavailable edge years are blank rather than imputed.
FT-Q-V01-052,global climate models,climate,FT-A2022,2022,2022,2022,4.237953538099859e-08,4.237953538099859e-08,4.237953538099859e-08,2021,2023,2,3.98567733816968e-08,3.98567733816968e-08,4.237953538099859e-08,3.421268000708411e-08,,Descriptive only; unavailable edge years are blank rather than imputed.
FT-Q-V01-053,global observations,climate,FT-A1842,1842,1842,1842,0,0,0,1839,1845,4,0,0,0,,0,Descriptive only; unavailable edge years are blank rather than imputed.
FT-Q-V01-053,global observations,climate,FT-A1938,1938,1938,1938,0,0,0,1936,1940,5,2.19395446254822e-11,0,1.09697723127411e-10,2.539307653037781e-11,4.553479537872107e-11,Descriptive only; unavailable edge years are blank rather than imputed.
FT-Q-V01-053,global observations,climate,FT-A1988,1988,1988,1988,1.599113318151435e-08,1.599113318151435e-08,1.599113318151435e-08,1986,1990,5,1.318389498961015e-08,1.133581861711974e-08,1.847352654182899e-08,1.445844575731492e-08,1.413457821342057e-08,Descriptive only; unavailable edge years are blank rather than imputed.
FT-Q-V01-053,global observations,climate,FT-A0607,2006–2007,2006,2007,1.16285575613162e-08,1.421223546141381e-08,1.292039651136501e-08,2005,2008,4,1.33311461470581e-08,1.345175970265955e-08,1.479250762159712e-08,1.530640884456203e-08,1.061213353581447e-08,Descriptive only; unavailable edge years are blank rather than imputed.
FT-Q-V01-053,global observations,climate,FT-A2015,2015,2015,2015,8.17290351715072e-09,8.17290351715072e-09,8.17290351715072e-09,2014,2016,3,7.829618473241077e-09,8.17290351715072e-09,8.90676094683629e-09,9.08859158696429e-09,9.719830776355743e-09,Descriptive only; unavailable edge years are blank rather than imputed.
FT-Q-V01-053,global observations,climate,FT-A2022,2022,2022,2022,1.190052256738738e-08,1.190052256738738e-08,1.190052256738738e-08,2021,2023,2,1.130361859669193e-08,1.130361859669193e-08,1.190052256738738e-08,1.007982151218778e-08,,Descriptive only; unavailable edge years are blank rather than imputed.
FT-Q-V01-054,warm air,temperature_threshold,FT-A1842,1842,1842,1842,4.637466225476672e-07,4.637466225476672e-07,4.637466225476672e-07,1839,1845,4,4.08856316386208e-07,4.151374717320522e-07,4.637466225476672e-07,,4.346710309022228e-07,Descriptive only; unavailable edge years are blank rather than imputed.
FT-Q-V01-054,warm air,temperature_threshold,FT-A1938,1938,1938,1938,1.56020963704151e-06,1.56020963704151e-06,1.56020963704151e-06,1936,1940,5,1.685050935973376e-06,1.643407700036015e-06,2.014927827476143e-06,1.388383173564489e-06,1.784580632104016e-06,Descriptive only; unavailable edge years are blank rather than imputed.
FT-Q-V01-054,warm air,temperature_threshold,FT-A1988,1988,1988,1988,4.812640085269382e-07,4.812640085269382e-07,4.812640085269382e-07,1986,1990,5,5.471666789776119e-07,5.268988674256292e-07,6.027221210562483e-07,6.025903922964038e-07,5.771816384093909e-07,Descriptive only; unavailable edge years are blank rather than imputed.
FT-Q-V01-054,warm air,temperature_threshold,FT-A0607,2006–2007,2006,2007,5.327618970638048e-07,5.737065812000397e-07,5.532342391319223e-07,2005,2008,4,5.546434167719508e-07,5.560525944119793e-07,5.737065812000397e-07,5.344402011282778e-07,6.311032447380016e-07,Descriptive only; unavailable edge years are blank rather than imputed.
FT-Q-V01-054,warm air,temperature_threshold,FT-A2015,2015,2015,2015,6.757823330823254e-07,6.757823330823254e-07,6.757823330823254e-07,2014,2016,3,6.771381961337882e-07,6.757823330823254e-07,7.39409708121197e-07,6.692677644373757e-07,6.031663629744999e-07,Descriptive only; unavailable edge years are blank rather than imputed.
FT-Q-V01-054,warm air,temperature_threshold,FT-A2022,2022,2022,2022,5.92194779214239e-07,5.92194779214239e-07,5.92194779214239e-07,2021,2023,2,6.177746660496891e-07,6.177746660496891e-07,6.433545528851392e-07,6.085927641119593e-07,,Descriptive only; unavailable edge years are blank rather than imputed.
FT-Q-V01-055,changing atmosphere,climate,FT-A1842,1842,1842,1842,1.93496507705504e-09,1.93496507705504e-09,1.93496507705504e-09,1839,1845,4,3.039062695942008e-09,2.253372155536226e-09,6.510911809698428e-09,,2.64923047943455e-09,Descriptive only; unavailable edge years are blank rather than imputed.
FT-Q-V01-055,changing atmosphere,climate,FT-A1938,1938,1938,1938,2.450182945423762e-09,2.450182945423762e-09,2.450182945423762e-09,1936,1940,5,2.062012349757225e-09,2.303373269896269e-09,2.575500479551351e-09,2.594557355073412e-09,2.637394716509256e-09,Descriptive only; unavailable edge years are blank rather than imputed.
FT-Q-V01-055,changing atmosphere,climate,FT-A1988,1988,1988,1988,3.622682637205443e-08,3.622682637205443e-08,3.622682637205443e-08,1986,1990,5,3.301469004707291e-08,3.622682637205443e-08,6.209157343839422e-08,6.426798052072691e-09,4.25761592537377e-08,Descriptive only; unavailable edge years are blank rather than imputed.
FT-Q-V01-055,changing atmosphere,climate,FT-A0607,2006–2007,2006,2007,9.110562668862565e-09,9.534791317600266e-09,9.322676993231416e-09,2005,2008,4,1.133605749114447e-08,1.023367894245619e-08,1.576630941080293e-08,1.173781348437486e-08,1.122719409246686e-08,Descriptive only; unavailable edge years are blank rather than imputed.
FT-Q-V01-055,changing atmosphere,climate,FT-A2015,2015,2015,2015,8.266307967991215e-09,8.266307967991215e-09,8.266307967991215e-09,2014,2016,3,1.044888801986684e-08,1.139862438465089e-08,1.168173170695841e-08,1.171888034390278e-08,1.035371671662122e-08,Descriptive only; unavailable edge years are blank rather than imputed.
FT-Q-V01-055,changing atmosphere,climate,FT-A2022,2022,2022,2022,1.070604704889178e-08,1.070604704889178e-08,1.070604704889178e-08,2021,2023,2,1.201497924763206e-08,1.201497924763206e-08,1.332391144637235e-08,1.068215266450401e-08,,Descriptive only; unavailable edge years are blank rather than imputed.
FT-Q-V01-056,global security,danger_threat,FT-A1842,1842,1842,1842,0,0,0,1839,1845,4,4.822086063782649e-10,0,1.92883442551306e-09,,7.889284336926039e-10,Descriptive only; unavailable edge years are blank rather than imputed.
FT-Q-V01-056,global security,danger_threat,FT-A1938,1938,1938,1938,0,0,0,1936,1940,5,3.514828927908553e-10,1.073125199813063e-10,1.101613356091491e-09,4.202721837209822e-10,2.045694419416932e-09,Descriptive only; unavailable edge years are blank rather than imputed.
FT-Q-V01-056,global security,danger_threat,FT-A1988,1988,1988,1988,1.697824010271631e-07,1.697824010271631e-07,1.697824010271631e-07,1986,1990,5,1.554475363096941e-07,1.678011994910023e-07,2.170590770456116e-07,8.861394672834977e-08,2.1036156713089e-07,Descriptive only; unavailable edge years are blank rather than imputed.
FT-Q-V01-056,global security,danger_threat,FT-A0607,2006–2007,2006,2007,3.610804458209493e-07,3.68618609414284e-07,3.648495276176167e-07,2005,2008,4,3.595669901962362e-07,3.648495276176167e-07,3.838756867380333e-07,2.764856274303784e-07,3.595402019815341e-07,Descriptive only; unavailable edge years are blank rather than imputed.
FT-Q-V01-056,global security,danger_threat,FT-A2015,2015,2015,2015,2.910487669725847e-07,2.910487669725847e-07,2.910487669725847e-07,2014,2016,3,3.287335511616141e-07,2.910487669725847e-07,4.139182114837325e-07,3.115919462073902e-07,3.028635049633077e-07,Descriptive only; unavailable edge years are blank rather than imputed.
FT-Q-V01-056,global security,danger_threat,FT-A2022,2022,2022,2022,2.638022949807972e-07,2.638022949807972e-07,2.638022949807972e-07,2021,2023,2,2.926208259798613e-07,2.926208259798613e-07,3.214393569789253e-07,2.843677340623463e-07,,Descriptive only; unavailable edge years are blank rather than imputed.
FT-Q-V01-057,climate warming,warming,FT-A1842,1842,1842,1842,0,0,0,1839,1845,4,0,0,0,,0,Descriptive only; unavailable edge years are blank rather than imputed.
FT-Q-V01-057,climate warming,warming,FT-A1938,1938,1938,1938,0,0,0,1936,1940,5,1.527140969237451e-10,0,4.292500799252252e-10,4.743817283436869e-10,3.216692093244156e-10,Descriptive only; unavailable edge years are blank rather than imputed.
FT-Q-V01-057,climate warming,warming,FT-A1988,1988,1988,1988,3.632553680077422e-08,3.632553680077422e-08,3.632553680077422e-08,1986,1990,5,4.277552263509677e-08,3.632553680077422e-08,7.675092628112168e-08,1.14756296167029e-08,7.016902624501497e-08,Descriptive only; unavailable edge years are blank rather than imputed.
FT-Q-V01-057,climate warming,warming,FT-A0607,2006–2007,2006,2007,9.815601531570906e-08,9.899091737985977e-08,9.857346634778441e-08,2005,2008,4,1.021334904288684e-07,9.857346634778441e-08,1.358014889152326e-07,7.579091489962054e-08,1.220533963230963e-07,Descriptive only; unavailable edge years are blank rather than imputed.
FT-Q-V01-057,climate warming,warming,FT-A2015,2015,2015,2015,8.350372171506137e-08,8.350372171506137e-08,8.350372171506137e-08,2014,2016,3,8.929185876110912e-08,8.839624610068597e-08,9.597560846758002e-08,1.153914947052415e-07,1.025347088394468e-07,Descriptive only; unavailable edge years are blank rather than imputed.
FT-Q-V01-057,climate warming,warming,FT-A2022,2022,2022,2022,1.583787058723196e-07,1.583787058723196e-07,1.583787058723196e-07,2021,2023,2,1.442623840663959e-07,1.442623840663959e-07,1.583787058723196e-07,1.108846720714041e-07,,Descriptive only; unavailable edge years are blank rather than imputed.
FT-Q-V01-058,changed climatic extremes,harm_loss_consequences,FT-A1842,1842,1842,1842,,,,1839,1845,0,,,,,,Descriptive only; unavailable edge years are blank rather than imputed.
FT-Q-V01-058,changed climatic extremes,harm_loss_consequences,FT-A1938,1938,1938,1938,,,,1936,1940,0,,,,,,Descriptive only; unavailable edge years are blank rather than imputed.
FT-Q-V01-058,changed climatic extremes,harm_loss_consequences,FT-A1988,1988,1988,1988,,,,1986,1990,0,,,,,,Descriptive only; unavailable edge years are blank rather than imputed.
FT-Q-V01-058,changed climatic extremes,harm_loss_consequences,FT-A0607,2006–2007,2006,2007,,,,2005,2008,0,,,,,,Descriptive only; unavailable edge years are blank rather than imputed.
FT-Q-V01-058,changed climatic extremes,harm_loss_consequences,FT-A2015,2015,2015,2015,,,,2014,2016,0,,,,,,Descriptive only; unavailable edge years are blank rather than imputed.
FT-Q-V01-058,changed climatic extremes,harm_loss_consequences,FT-A2022,2022,2022,2022,,,,2021,2023,0,,,,,,Descriptive only; unavailable edge years are blank rather than imputed.
FT-Q-V01-059,major threat,danger_threat,FT-A1842,1842,1842,1842,0,0,0,1839,1845,4,3.927440178630448e-10,2.846486657492875e-10,1.001678739953604e-09,,3.141952142904358e-10,Descriptive only; unavailable edge years are blank rather than imputed.
FT-Q-V01-059,major threat,danger_threat,FT-A1938,1938,1938,1938,1.403286584156227e-08,1.403286584156227e-08,1.403286584156227e-08,1936,1940,5,2.017574595170046e-08,2.017066491610819e-08,2.665654766365044e-08,1.329673721128799e-08,3.07444684322089e-08,Descriptive only; unavailable edge years are blank rather than imputed.
FT-Q-V01-059,major threat,danger_threat,FT-A1988,1988,1988,1988,2.255045952748169e-07,2.255045952748169e-07,2.255045952748169e-07,1986,1990,5,2.191226072978392e-07,2.153301595642088e-07,2.283874575570444e-07,2.074498662629765e-07,2.193232549740909e-07,Descriptive only; unavailable edge years are blank rather than imputed.
FT-Q-V01-059,major threat,danger_threat,FT-A0607,2006–2007,2006,2007,2.440623619870408e-07,2.354463725096068e-07,2.397543672483238e-07,2005,2008,4,2.473153373795667e-07,2.461444855439421e-07,2.615260059207758e-07,2.383423240381877e-07,2.283389279073012e-07,Descriptive only; unavailable edge years are blank rather than imputed.
FT-Q-V01-059,major threat,danger_threat,FT-A2015,2015,2015,2015,2.18847005184486e-07,2.18847005184486e-07,2.18847005184486e-07,2014,2016,3,2.277826748146398e-07,2.18847005184486e-07,2.554315918779082e-07,2.144172360551977e-07,2.377342952497585e-07,Descriptive only; unavailable edge years are blank rather than imputed.
FT-Q-V01-059,major threat,danger_threat,FT-A2022,2022,2022,2022,2.351791106303125e-07,2.351791106303125e-07,2.351791106303125e-07,2021,2023,2,2.490917988540176e-07,2.490917988540176e-07,2.630044870777226e-07,2.392488742897214e-07,,Descriptive only; unavailable edge years are blank rather than imputed.
FT-Q-V01-060,harmful consequences,harm_loss_consequences,FT-A1842,1842,1842,1842,0,0,0,1839,1845,4,2.846486657492875e-10,0,1.13859466299715e-09,,3.28509319746928e-10,Descriptive only; unavailable edge years are blank rather than imputed.
FT-Q-V01-060,harmful consequences,harm_loss_consequences,FT-A1938,1938,1938,1938,2.706338442237666e-08,2.706338442237666e-08,2.706338442237666e-08,1936,1940,5,2.537411105674181e-08,2.685707300997819e-08,2.94431213854196e-08,2.781726050893329e-08,2.394761258184275e-08,Descriptive only; unavailable edge years are blank rather than imputed.
FT-Q-V01-060,harmful consequences,harm_loss_consequences,FT-A1988,1988,1988,1988,8.069599446991482e-08,8.069599446991482e-08,8.069599446991482e-08,1986,1990,5,8.098120236471606e-08,8.069599446991482e-08,8.242399273522549e-08,8.217521898015723e-08,8.209123908559102e-08,Descriptive only; unavailable edge years are blank rather than imputed.
FT-Q-V01-060,harmful consequences,harm_loss_consequences,FT-A0607,2006–2007,2006,2007,1.050232736748979e-07,1.079860063382676e-07,1.065046400065828e-07,2005,2008,4,1.064285663782832e-07,1.063524927499837e-07,1.079860063382676e-07,9.782437394856291e-08,1.090266350513292e-07,Descriptive only; unavailable edge years are blank rather than imputed.
FT-Q-V01-060,harmful consequences,harm_loss_consequences,FT-A2015,2015,2015,2015,1.12132235940976e-07,1.12132235940976e-07,1.12132235940976e-07,2014,2016,3,1.17189753653472e-07,1.12132235940976e-07,1.331986015651321e-07,1.088076526579995e-07,1.267480257610698e-07,Descriptive only; unavailable edge years are blank rather than imputed.
FT-Q-V01-060,harmful consequences,harm_loss_consequences,FT-A2022,2022,2022,2022,1.412578776172069e-07,1.412578776172069e-07,1.412578776172069e-07,2021,2023,2,1.392470818095681e-07,1.392470818095681e-07,1.412578776172069e-07,1.275555626484293e-07,,Descriptive only; unavailable edge years are blank rather than imputed.
FT-Q-V01-061,warming of the climate system,warming,FT-A1842,1842,1842,1842,0,0,0,1839,1845,4,0,0,0,,0,Descriptive only; unavailable edge years are blank rather than imputed.
FT-Q-V01-061,warming of the climate system,warming,FT-A1938,1938,1938,1938,0,0,0,1936,1940,5,0,0,0,0,0,Descriptive only; unavailable edge years are blank rather than imputed.
FT-Q-V01-061,warming of the climate system,warming,FT-A1988,1988,1988,1988,1.303340213532067e-10,1.303340213532067e-10,1.303340213532067e-10,1986,1990,5,8.741528056965819e-11,6.622155601654356e-11,2.405208254785407e-10,5.285319404357836e-11,1.311162081685247e-10,Descriptive only; unavailable edge years are blank rather than imputed.
FT-Q-V01-061,warming of the climate system,warming,FT-A0607,2006–2007,2006,2007,1.048117204138777e-09,7.173159843887333e-09,4.110638524013055e-09,2005,2008,4,6.480305066863812e-09,4.110638524013055e-09,1.728648246768216e-08,2.319412259477183e-10,1.314329014512339e-08,Descriptive only; unavailable edge years are blank rather than imputed.
FT-Q-V01-061,warming of the climate system,warming,FT-A2015,2015,2015,2015,1.336047139588459e-08,1.336047139588459e-08,1.336047139588459e-08,2014,2016,3,1.121417988099912e-08,1.23136003615798e-08,1.336047139588459e-08,1.005233860595922e-08,8.526397410335563e-09,Descriptive only; unavailable edge years are blank rather than imputed.
FT-Q-V01-061,warming of the climate system,warming,FT-A2022,2022,2022,2022,4.892822147439801e-09,4.892822147439801e-09,4.892822147439801e-09,2021,2023,2,5.9670152152691e-09,5.9670152152691e-09,7.041208283098399e-09,7.471918994639282e-09,,Descriptive only; unavailable edge years are blank rather than imputed.
FT-Q-V01-062,unequivocal,climate,FT-A1842,1842,1842,1842,2.489191224697151e-06,2.489191224697151e-06,2.489191224697151e-06,1839,1845,4,2.406385738340511e-06,2.407111752145141e-06,2.493547962445497e-06,,2.312582962193943e-06,Descriptive only; unavailable edge years are blank rather than imputed.
FT-Q-V01-062,unequivocal,climate,FT-A1938,1938,1938,1938,6.214660617231971e-07,6.214660617231971e-07,6.214660617231971e-07,1936,1940,5,7.150020586266237e-07,6.638346763399028e-07,1.032031885506157e-06,7.255706746978063e-07,6.986819681475964e-07,Descriptive only; unavailable edge years are blank rather than imputed.
FT-Q-V01-062,unequivocal,climate,FT-A1988,1988,1988,1988,1.265813166506646e-06,1.265813166506646e-06,1.265813166506646e-06,1986,1990,5,1.258175545526541e-06,1.243908949843942e-06,1.326770848963932e-06,1.25677364288812e-06,1.236825412531672e-06,Descriptive only; unavailable edge years are blank rather than imputed.
FT-Q-V01-062,unequivocal,climate,FT-A0607,2006–2007,2006,2007,1.163251503566443e-06,1.199470233470556e-06,1.1813608685185e-06,2005,2008,4,1.187840953320585e-06,1.187627293230964e-06,1.212857723253968e-06,1.174659686653534e-06,1.183511485436384e-06,Descriptive only; unavailable edge years are blank rather than imputed.
FT-Q-V01-062,unequivocal,climate,FT-A2015,2015,2015,2015,1.04477917728385e-06,1.04477917728385e-06,1.04477917728385e-06,2014,2016,3,1.098076161258158e-06,1.059329671093678e-06,1.190119635396947e-06,1.157409598673276e-06,1.091212082160453e-06,Descriptive only; unavailable edge years are blank rather than imputed.
FT-Q-V01-062,unequivocal,climate,FT-A2022,2022,2022,2022,9.735799887389263e-07,9.735799887389263e-07,9.735799887389263e-07,2021,2023,2,1.011545901874467e-06,1.011545901874467e-06,1.049511815010007e-06,1.063090518083065e-06,,Descriptive only; unavailable edge years are blank rather than imputed.
FT-Q-V01-063,global average air and ocean temperatures,temperature_threshold,FT-A1842,1842,1842,1842,0,0,0,1839,1845,4,0,0,0,,0,Descriptive only; unavailable edge years are blank rather than imputed.
FT-Q-V01-063,global average air and ocean temperatures,temperature_threshold,FT-A1938,1938,1938,1938,0,0,0,1936,1940,5,0,0,0,0,0,Descriptive only; unavailable edge years are blank rather than imputed.
FT-Q-V01-063,global average air and ocean temperatures,temperature_threshold,FT-A1988,1988,1988,1988,0,0,0,1986,1990,5,0,0,0,2.881920535546812e-11,1.285008627283091e-11,Descriptive only; unavailable edge years are blank rather than imputed.
FT-Q-V01-063,global average air and ocean temperatures,temperature_threshold,FT-A0607,2006–2007,2006,2007,1.877599464794599e-10,3.851390761866469e-09,2.019575354172964e-09,2005,2008,4,3.239182859438028e-09,2.019575354172964e-09,8.854073030306608e-09,4.978870232763555e-11,7.227747467197787e-09,Descriptive only; unavailable edge years are blank rather than imputed.
FT-Q-V01-063,global average air and ocean temperatures,temperature_threshold,FT-A2015,2015,2015,2015,2.896688888753829e-09,2.896688888753829e-09,2.896688888753829e-09,2014,2016,3,2.986298319740399e-09,2.896688888753829e-09,3.595556963276181e-09,5.592844543045317e-09,1.41341336412637e-09,Descriptive only; unavailable edge years are blank rather than imputed.
FT-Q-V01-063,global average air and ocean temperatures,temperature_threshold,FT-A2022,2022,2022,2022,9.299532255369058e-10,9.299532255369058e-10,9.299532255369058e-10,2021,2023,2,9.04541885837773e-10,9.04541885837773e-10,9.299532255369058e-10,1.095909651915861e-09,,Descriptive only; unavailable edge years are blank rather than imputed.
FT-Q-V01-064,global surface temperature,temperature_threshold,FT-A1842,1842,1842,1842,0,0,0,1839,1845,4,0,0,0,,0,Descriptive only; unavailable edge years are blank rather than imputed.
FT-Q-V01-064,global surface temperature,temperature_threshold,FT-A1938,1938,1938,1938,0,0,0,1936,1940,5,0,0,0,8.490499969759924e-11,2.423912182081267e-11,Descriptive only; unavailable edge years are blank rather than imputed.
FT-Q-V01-064,global surface temperature,temperature_threshold,FT-A1988,1988,1988,1988,7.406253152431042e-09,7.406253152431042e-09,7.406253152431042e-09,1986,1990,5,6.744592443569397e-09,7.406253152431042e-09,8.922023550517189e-09,5.378858299043276e-09,1.028965552277161e-08,Descriptive only; unavailable edge years are blank rather than imputed.
FT-Q-V01-064,global surface temperature,temperature_threshold,FT-A0607,2006–2007,2006,2007,1.441722324857508e-08,1.423723021420908e-08,1.432722673139208e-08,2005,2008,4,1.659791600341909e-08,1.432722673139208e-08,2.372992188859335e-08,1.248037288098525e-08,2.08221838216005e-08,Descriptive only; unavailable edge years are blank rather than imputed.
FT-Q-V01-064,global surface temperature,temperature_threshold,FT-A2015,2015,2015,2015,2.654301840820938e-08,2.654301840820938e-08,2.654301840820938e-08,2014,2016,3,2.256356021121397e-08,2.176669680956089e-08,2.654301840820938e-08,2.060600192213546e-08,2.003017533017126e-08,Descriptive only; unavailable edge years are blank rather than imputed.
FT-Q-V01-064,global surface temperature,temperature_threshold,FT-A2022,2022,2022,2022,3.419688007766375e-08,3.419688007766375e-08,3.419688007766375e-08,2021,2023,2,2.845653669647508e-08,2.845653669647508e-08,3.419688007766375e-08,2.069722091005421e-08,,Descriptive only; unavailable edge years are blank rather than imputed.
FT-Q-V01-065,temperature increase,warming,FT-A1842,1842,1842,1842,2.579953362058518e-09,2.579953362058518e-09,2.579953362058518e-09,1839,1845,4,2.575557933592876e-09,2.897338702290142e-09,4.507554329791219e-09,,2.350894257041602e-09,Descriptive only; unavailable edge years are blank rather than imputed.
FT-Q-V01-065,temperature increase,warming,FT-A1938,1938,1938,1938,7.439646565465807e-08,7.439646565465807e-08,7.439646565465807e-08,1936,1940,5,6.392654653963881e-08,6.385519618623547e-08,7.439646565465807e-08,6.650809365460475e-08,7.462065142321839e-08,Descriptive only; unavailable edge years are blank rather than imputed.
FT-Q-V01-065,temperature increase,warming,FT-A1988,1988,1988,1988,2.921836819713697e-07,2.921836819713697e-07,2.921836819713697e-07,1986,1990,5,3.073585628621256e-07,3.067724335115152e-07,3.376221679174396e-07,3.018548098948637e-07,3.129925408462686e-07,Descriptive only; unavailable edge years are blank rather than imputed.
FT-Q-V01-065,temperature increase,warming,FT-A0607,2006–2007,2006,2007,3.161227772885411e-07,3.19865252479401e-07,3.179940148839711e-07,2005,2008,4,3.186941229353646e-07,3.18835105005133e-07,3.209835044426512e-07,2.953055370111257e-07,3.468850556881397e-07,Descriptive only; unavailable edge years are blank rather than imputed.
FT-Q-V01-065,temperature increase,warming,FT-A2015,2015,2015,2015,3.016501993191589e-07,3.016501993191589e-07,3.016501993191589e-07,2014,2016,3,3.164231610989591e-07,3.016501993191589e-07,3.477665065088065e-07,3.642300170414448e-07,3.508944013075332e-07,Descriptive only; unavailable edge years are blank rather than imputed.
FT-Q-V01-065,temperature increase,warming,FT-A2022,2022,2022,2022,3.553787956689369e-07,3.553787956689369e-07,3.553787956689369e-07,2021,2023,2,3.655565533888794e-07,3.655565533888794e-07,3.757343111088218e-07,3.564879622275363e-07,,Descriptive only; unavailable edge years are blank rather than imputed.
FT-Q-V01-066,rising global average sea level,harm_loss_consequences,FT-A1842,1842,1842,1842,0,0,0,1839,1845,4,0,0,0,,0,Descriptive only; unavailable edge years are blank rather than imputed.
FT-Q-V01-066,rising global average sea level,harm_loss_consequences,FT-A1938,1938,1938,1938,0,0,0,1936,1940,5,0,0,0,0,0,Descriptive only; unavailable edge years are blank rather than imputed.
FT-Q-V01-066,rising global average sea level,harm_loss_consequences,FT-A1988,1988,1988,1988,0,0,0,1986,1990,5,0,0,0,0,1.179272651752328e-11,Descriptive only; unavailable edge years are blank rather than imputed.
FT-Q-V01-066,rising global average sea level,harm_loss_consequences,FT-A0607,2006–2007,2006,2007,0,2.22026375062967e-09,1.110131875314835e-09,2005,2008,4,2.289508461289502e-09,1.139664786153904e-09,6.8787042728502e-09,6.936979671245958e-11,5.627250532214134e-09,Descriptive only; unavailable edge years are blank rather than imputed.
FT-Q-V01-066,rising global average sea level,harm_loss_consequences,FT-A2015,2015,2015,2015,2.130764897856352e-09,2.130764897856352e-09,2.130764897856352e-09,2014,2016,3,1.848415642768941e-09,2.130764897856352e-09,2.205110538611166e-09,4.070538972555937e-09,9.66173141492277e-10,Descriptive only; unavailable edge years are blank rather than imputed.
FT-Q-V01-066,rising global average sea level,harm_loss_consequences,FT-A2022,2022,2022,2022,6.523762641208464e-10,6.523762641208464e-10,6.523762641208464e-10,2021,2023,2,5.902334454521707e-10,5.902334454521707e-10,6.523762641208464e-10,8.299169684811147e-10,,Descriptive only; unavailable edge years are blank rather than imputed.
FT-Q-V01-067,widespread melting of snow and ice,harm_loss_consequences,FT-A1842,1842,1842,1842,0,0,0,1839,1845,4,0,0,0,,0,Descriptive only; unavailable edge years are blank rather than imputed.
FT-Q-V01-067,widespread melting of snow and ice,harm_loss_consequences,FT-A1938,1938,1938,1938,0,0,0,1936,1940,5,0,0,0,0,0,Descriptive only; unavailable edge years are blank rather than imputed.
FT-Q-V01-067,widespread melting of snow and ice,harm_loss_consequences,FT-A1988,1988,1988,1988,0,0,0,1986,1990,5,0,0,0,0,2.570017254566182e-11,Descriptive only; unavailable edge years are blank rather than imputed.
FT-Q-V01-067,widespread melting of snow and ice,harm_loss_consequences,FT-A0607,2006–2007,2006,2007,2.503466045578051e-10,5.074054509890402e-09,2.662200557224104e-09,2005,2008,4,4.169851873514485e-09,2.662200557224104e-09,1.122799098141058e-08,8.751256802552731e-11,8.735068490750564e-09,Descriptive only; unavailable edge years are blank rather than imputed.
FT-Q-V01-067,widespread melting of snow and ice,harm_loss_consequences,FT-A2015,2015,2015,2015,3.451374075424951e-09,3.451374075424951e-09,3.451374075424951e-09,2014,2016,3,3.624149054933431e-09,3.451374075424951e-09,4.132207465090687e-09,6.352127179809486e-09,1.836423102474782e-09,Descriptive only; unavailable edge years are blank rather than imputed.
FT-Q-V01-067,widespread melting of snow and ice,harm_loss_consequences,FT-A2022,2022,2022,2022,1.104319413691712e-09,1.104319413691712e-09,1.104319413691712e-09,2021,2023,2,1.305700159104362e-09,1.305700159104362e-09,1.507080904517011e-09,1.480066158521254e-09,,Descriptive only; unavailable edge years are blank rather than imputed.
FT-Q-V01-068,anthropogenic CO₂,carbon_greenhouse,FT-A1842,1842,1842,1842,,,,1839,1845,0,,,,,,Descriptive only; unavailable edge years are blank rather than imputed.
FT-Q-V01-068,anthropogenic CO₂,carbon_greenhouse,FT-A1938,1938,1938,1938,,,,1936,1940,0,,,,,,Descriptive only; unavailable edge years are blank rather than imputed.
FT-Q-V01-068,anthropogenic CO₂,carbon_greenhouse,FT-A1988,1988,1988,1988,,,,1986,1990,0,,,,,,Descriptive only; unavailable edge years are blank rather than imputed.
FT-Q-V01-068,anthropogenic CO₂,carbon_greenhouse,FT-A0607,2006–2007,2006,2007,,,,2005,2008,0,,,,,,Descriptive only; unavailable edge years are blank rather than imputed.
FT-Q-V01-068,anthropogenic CO₂,carbon_greenhouse,FT-A2015,2015,2015,2015,,,,2014,2016,0,,,,,,Descriptive only; unavailable edge years are blank rather than imputed.
FT-Q-V01-068,anthropogenic CO₂,carbon_greenhouse,FT-A2022,2022,2022,2022,,,,2021,2023,0,,,,,,Descriptive only; unavailable edge years are blank rather than imputed.
FT-Q-V01-069,anthropogenic GHG emissions,carbon_greenhouse,FT-A1842,1842,1842,1842,0,0,0,1839,1845,4,0,0,0,,0,Descriptive only; unavailable edge years are blank rather than imputed.
FT-Q-V01-069,anthropogenic GHG emissions,carbon_greenhouse,FT-A1938,1938,1938,1938,0,0,0,1936,1940,5,0,0,0,0,0,Descriptive only; unavailable edge years are blank rather than imputed.
FT-Q-V01-069,anthropogenic GHG emissions,carbon_greenhouse,FT-A1988,1988,1988,1988,0,0,0,1986,1990,5,1.198697287263517e-10,0,5.482807541312695e-10,0,3.553680447132557e-10,Descriptive only; unavailable edge years are blank rather than imputed.
FT-Q-V01-069,anthropogenic GHG emissions,carbon_greenhouse,FT-A0607,2006–2007,2006,2007,1.585399145298538e-09,2.915473612530306e-09,2.250436378914422e-09,2005,2008,4,2.740966904835052e-09,2.562254214355519e-09,4.253960045330629e-09,1.595798958947681e-09,6.99986554414389e-09,Descriptive only; unavailable edge years are blank rather than imputed.
FT-Q-V01-069,anthropogenic GHG emissions,carbon_greenhouse,FT-A2015,2015,2015,2015,1.43962131382569e-08,1.43962131382569e-08,1.43962131382569e-08,2014,2016,3,9.742200500021761e-09,8.183074107215305e-09,1.43962131382569e-08,7.154178928436838e-09,9.138614923132061e-09,Descriptive only; unavailable edge years are blank rather than imputed.
FT-Q-V01-069,anthropogenic GHG emissions,carbon_greenhouse,FT-A2022,2022,2022,2022,1.622341538887184e-08,1.622341538887184e-08,1.622341538887184e-08,2021,2023,2,1.475848599927221e-08,1.475848599927221e-08,1.622341538887184e-08,1.016071142362351e-08,,Descriptive only; unavailable edge years are blank rather than imputed.
FT-Q-V01-070,climate change,climate,FT-A1842,1842,1842,1842,5.159906557583582e-09,5.159906557583582e-09,5.159906557583582e-09,1839,1845,4,2.307926597056031e-08,4.082471388722198e-09,8.358282377329829e-08,,2.035458370741594e-08,Descriptive only; unavailable edge years are blank rather than imputed.
FT-Q-V01-070,climate change,climate,FT-A1938,1938,1938,1938,2.561554912627884e-09,2.561554912627884e-09,2.561554912627884e-09,1936,1940,5,1.097953453710332e-08,6.801258833899482e-09,2.403520038551932e-08,2.791481668595886e-08,1.985115901798062e-08,Descriptive only; unavailable edge years are blank rather than imputed.
FT-Q-V01-070,climate change,climate,FT-A1988,1988,1988,1988,1.240793510930149e-06,1.240793510930149e-06,1.240793510930149e-06,1986,1990,5,1.802351180329315e-06,1.240793510930149e-06,3.608567470184121e-06,6.142952441508253e-07,3.828553272728491e-06,Descriptive only; unavailable edge years are blank rather than imputed.
FT-Q-V01-070,climate change,climate,FT-A0607,2006–2007,2006,2007,8.716473492563492e-06,1.319138383155949e-05,1.095392866206149e-05,2005,2008,4,1.150220058720487e-05,1.095392866206149e-05,1.610176903391047e-05,6.658122290033319e-06,1.78076648989639e-05,Descriptive only; unavailable edge years are blank rather than imputed.
FT-Q-V01-070,climate change,climate,FT-A2015,2015,2015,2015,1.967096413684616e-05,1.967096413684616e-05,1.967096413684616e-05,2014,2016,3,1.885475098546349e-05,1.967096413684616e-05,2.013966373886483e-05,1.734328187341996e-05,2.110776454280761e-05,Descriptive only; unavailable edge years are blank rather than imputed.
FT-Q-V01-070,climate change,climate,FT-A2022,2022,2022,2022,2.890008815206735e-05,2.890008815206735e-05,2.890008815206735e-05,2021,2023,2,2.869409079314829e-05,2.869409079314829e-05,2.890008815206735e-05,2.277745048188049e-05,,Descriptive only; unavailable edge years are blank rather than imputed.
FT-Q-V01-071,global warming,warming,FT-A1842,1842,1842,1842,0,0,0,1839,1845,4,7.715337591029936e-09,0,3.086135036411974e-08,,6.172270072823949e-09,Descriptive only; unavailable edge years are blank rather than imputed.
FT-Q-V01-071,global warming,warming,FT-A1938,1938,1938,1938,2.00469511824064e-09,2.00469511824064e-09,2.00469511824064e-09,1936,1940,5,9.615092347314835e-09,3.949118143609098e-09,2.974356050344795e-08,1.059533454583761e-08,8.571099191501119e-09,Descriptive only; unavailable edge years are blank rather than imputed.
FT-Q-V01-071,global warming,warming,FT-A1988,1988,1988,1988,6.400895369296222e-07,6.400895369296222e-07,6.400895369296222e-07,1986,1990,5,1.142737135707145e-06,6.400895369296222e-07,2.645472821902195e-06,1.650790084926912e-07,2.582561059355504e-06,Descriptive only; unavailable edge years are blank rather than imputed.
FT-Q-V01-071,global warming,warming,FT-A0607,2006–2007,2006,2007,3.39393631278162e-06,4.96164442403968e-06,4.17779036841065e-06,2005,2008,4,4.173465091666245e-06,4.17779036841065e-06,5.431204078656937e-06,2.537355364306409e-06,4.652159176726789e-06,Descriptive only; unavailable edge years are blank rather than imputed.
FT-Q-V01-071,global warming,warming,FT-A2015,2015,2015,2015,3.293586607857474e-06,3.293586607857474e-06,3.293586607857474e-06,2014,2016,3,3.232972508608369e-06,3.265111240942364e-06,3.293586607857474e-06,3.791421973563247e-06,3.274995867441621e-06,Descriptive only; unavailable edge years are blank rather than imputed.
FT-Q-V01-071,global warming,warming,FT-A2022,2022,2022,2022,3.963670369644401e-06,3.963670369644401e-06,3.963670369644401e-06,2021,2023,2,4.05548779371448e-06,4.05548779371448e-06,4.147305217784558e-06,3.45143466281006e-06,,Descriptive only; unavailable edge years are blank rather than imputed.
FT-Q-V01-072,serious global threat,danger_threat,FT-A1842,1842,1842,1842,0,0,0,1839,1845,4,0,0,0,,0,Descriptive only; unavailable edge years are blank rather than imputed.
FT-Q-V01-072,serious global threat,danger_threat,FT-A1938,1938,1938,1938,0,0,0,1936,1940,5,0,0,0,0,0,Descriptive only; unavailable edge years are blank rather than imputed.
FT-Q-V01-072,serious global threat,danger_threat,FT-A1988,1988,1988,1988,7.568433657567653e-10,7.568433657567653e-10,7.568433657567653e-10,1986,1990,5,4.881511590781872e-10,6.12814687883656e-10,7.568433657567653e-10,1.989542287861301e-10,3.21731999375352e-10,Descriptive only; unavailable edge years are blank rather than imputed.
FT-Q-V01-072,serious global threat,danger_threat,FT-A0607,2006–2007,2006,2007,8.422432751231668e-10,1.749284272989371e-09,1.295763774056269e-09,2005,2008,4,1.16850794318335e-09,1.041252112310431e-09,1.749284272989371e-09,6.064369700853334e-10,1.194394672054955e-09,Descriptive only; unavailable edge years are blank rather than imputed.
FT-Q-V01-072,serious global threat,danger_threat,FT-A2015,2015,2015,2015,6.498290794354489e-10,6.498290794354489e-10,6.498290794354489e-10,2014,2016,3,9.499540413552647e-10,9.558229763229065e-10,1.244210068307439e-09,1.006026872918397e-09,1.190584886234802e-09,Descriptive only; unavailable edge years are blank rather than imputed.
FT-Q-V01-072,serious global threat,danger_threat,FT-A2022,2022,2022,2022,2.317630753978506e-09,2.317630753978506e-09,2.317630753978506e-09,2021,2023,2,2.050145830878591e-09,2.050145830878591e-09,2.317630753978506e-09,1.29827505412905e-09,,Descriptive only; unavailable edge years are blank rather than imputed.
FT-Q-V01-073,urgent global response,harm_loss_consequences,FT-A1842,1842,1842,1842,0,0,0,1839,1845,4,0,0,0,,0,Descriptive only; unavailable edge years are blank rather than imputed.
FT-Q-V01-073,urgent global response,harm_loss_consequences,FT-A1938,1938,1938,1938,0,0,0,1936,1940,5,0,0,0,0,0,Descriptive only; unavailable edge years are blank rather than imputed.
FT-Q-V01-073,urgent global response,harm_loss_consequences,FT-A1988,1988,1988,1988,5.406024239373863e-11,5.406024239373863e-11,5.406024239373863e-11,1986,1990,5,3.175758198081802e-11,4.984370555183304e-11,5.488396195851841e-11,2.216943573163377e-11,9.968741110366608e-12,Descriptive only; unavailable edge years are blank rather than imputed.
FT-Q-V01-073,urgent global response,harm_loss_consequences,FT-A0607,2006–2007,2006,2007,6.440684097164251e-10,1.652101788707228e-09,1.148085099211826e-09,2005,2008,4,9.44838009914184e-10,9.883171225855136e-10,1.652101788707228e-09,1.267935909043949e-10,9.119251687117469e-10,Descriptive only; unavailable edge years are blank rather than imputed.
FT-Q-V01-073,urgent global response,harm_loss_consequences,FT-A2015,2015,2015,2015,7.997896234179791e-10,7.997896234179791e-10,7.997896234179791e-10,2014,2016,3,6.492201406101591e-10,6.699593102510448e-10,7.997896234179791e-10,5.823799331672319e-10,5.0921604710652e-10,Descriptive only; unavailable edge years are blank rather than imputed.
FT-Q-V01-073,urgent global response,harm_loss_consequences,FT-A2022,2022,2022,2022,3.783887092545513e-10,3.783887092545513e-10,3.783887092545513e-10,2021,2023,2,5.966596938744573e-10,5.966596938744573e-10,8.149306784943633e-10,5.382103207551836e-10,,Descriptive only; unavailable edge years are blank rather than imputed.
FT-Q-V01-074,costs and risks of climate change,climate,FT-A1842,1842,1842,1842,0,0,0,1839,1845,4,0,0,0,,0,Descriptive only; unavailable edge years are blank rather than imputed.
FT-Q-V01-074,costs and risks of climate change,climate,FT-A1938,1938,1938,1938,0,0,0,1936,1940,5,0,0,0,0,0,Descriptive only; unavailable edge years are blank rather than imputed.
FT-Q-V01-074,costs and risks of climate change,climate,FT-A1988,1988,1988,1988,7.065451002041812e-11,7.065451002041812e-11,7.065451002041812e-11,1986,1990,5,2.849873947941006e-11,0,7.18391873766322e-11,1.436783747532644e-11,0,Descriptive only; unavailable edge years are blank rather than imputed.
FT-Q-V01-074,costs and risks of climate change,climate,FT-A0607,2006–2007,2006,2007,7.510397859178397e-10,1.650596104241231e-09,1.200817945079535e-09,2005,2008,4,1.209439284832747e-09,1.200817945079535e-09,2.245598151873196e-09,5.03157043807434e-11,2.004817956091642e-09,Descriptive only; unavailable edge years are blank rather than imputed.
FT-Q-V01-074,costs and risks of climate change,climate,FT-A2015,2015,2015,2015,4.930534314162571e-10,4.930534314162571e-10,4.930534314162571e-10,2014,2016,3,8.404080394560273e-10,9.12305508915523e-10,1.115865178036302e-09,1.381330350103127e-09,7.931836576435813e-10,Descriptive only; unavailable edge years are blank rather than imputed.
FT-Q-V01-074,costs and risks of climate change,climate,FT-A2022,2022,2022,2022,8.137091001003682e-10,8.137091001003682e-10,8.137091001003682e-10,2021,2023,2,9.406123657740295e-10,9.406123657740295e-10,1.067515631447691e-09,7.835137483258592e-10,,Descriptive only; unavailable edge years are blank rather than imputed.
FT-Q-V01-075,impacts of climate change,climate,FT-A1842,1842,1842,1842,0,0,0,1839,1845,4,0,0,0,,0,Descriptive only; unavailable edge years are blank rather than imputed.
FT-Q-V01-075,impacts of climate change,climate,FT-A1938,1938,1938,1938,0,0,0,1936,1940,5,1.316892095371003e-10,0,3.912593027344258e-10,4.759140470600443e-10,5.007846526350335e-10,Descriptive only; unavailable edge years are blank rather than imputed.
FT-Q-V01-075,impacts of climate change,climate,FT-A1988,1988,1988,1988,4.559433364192955e-08,4.559433364192955e-08,4.559433364192955e-08,1986,1990,5,5.187820283913957e-08,4.559433364192955e-08,9.137385320601155e-08,1.466519026216417e-08,1.118695468975417e-07,Descriptive only; unavailable edge years are blank rather than imputed.
FT-Q-V01-075,impacts of climate change,climate,FT-A0607,2006–2007,2006,2007,2.229886647206469e-07,3.110645994466865e-07,2.670266320836667e-07,2005,2008,4,2.820544902117084e-07,2.670266320836667e-07,3.980115036716914e-07,1.719908621779231e-07,5.105546340380962e-07,Descriptive only; unavailable edge years are blank rather than imputed.
FT-Q-V01-075,impacts of climate change,climate,FT-A2015,2015,2015,2015,5.157996520455121e-07,5.157996520455121e-07,5.157996520455121e-07,2014,2016,3,4.924218902924623e-07,4.996656288551449e-07,5.157996520455121e-07,4.992674287190857e-07,5.516678338417236e-07,Descriptive only; unavailable edge years are blank rather than imputed.
FT-Q-V01-075,impacts of climate change,climate,FT-A2022,2022,2022,2022,7.144630615740777e-07,7.144630615740777e-07,7.144630615740777e-07,2021,2023,2,7.139263839515964e-07,7.139263839515964e-07,7.144630615740777e-07,5.944126493365176e-07,,Descriptive only; unavailable edge years are blank rather than imputed.
FT-Q-V01-076,damage,harm_loss_consequences,FT-A1842,1842,1842,1842,1.40214699513308e-05,1.40214699513308e-05,1.40214699513308e-05,1839,1845,4,1.533489062843785e-05,1.552022073880721e-05,1.627765108480617e-05,,1.664293447021237e-05,Descriptive only; unavailable edge years are blank rather than imputed.
FT-Q-V01-076,damage,harm_loss_consequences,FT-A1938,1938,1938,1938,4.59952369169514e-05,4.59952369169514e-05,4.59952369169514e-05,1936,1940,5,4.503786899994477e-05,4.59952369169514e-05,4.679245793108577e-05,4.252527232452702e-05,4.970625425555764e-05,Descriptive only; unavailable edge years are blank rather than imputed.
FT-Q-V01-076,damage,harm_loss_consequences,FT-A1988,1988,1988,1988,5.460717676498972e-05,5.460717676498972e-05,5.460717676498972e-05,1986,1990,5,5.660605978135766e-05,5.716532061028623e-05,5.759856095523264e-05,5.600374148595141e-05,5.59629486745955e-05,Descriptive only; unavailable edge years are blank rather than imputed.
FT-Q-V01-076,damage,harm_loss_consequences,FT-A0607,2006–2007,2006,2007,4.860308943087019e-05,4.797855570867759e-05,4.829082256977389e-05,2005,2008,4,4.876599097426628e-05,4.829082256977389e-05,5.062597969085481e-05,4.913366303838165e-05,4.935964595002354e-05,Descriptive only; unavailable edge years are blank rather than imputed.
FT-Q-V01-076,damage,harm_loss_consequences,FT-A2015,2015,2015,2015,4.768336144450602e-05,4.768336144450602e-05,4.768336144450602e-05,2014,2016,3,4.718856674358618e-05,4.701804021756129e-05,4.768336144450602e-05,5.021297888960011e-05,4.664328490693453e-05,Descriptive only; unavailable edge years are blank rather than imputed.
FT-Q-V01-076,damage,harm_loss_consequences,FT-A2022,2022,2022,2022,4.813777670335459e-05,4.813777670335459e-05,4.813777670335459e-05,2021,2023,2,4.786302473402601e-05,4.786302473402601e-05,4.813777670335459e-05,4.678807974613577e-05,,Descriptive only; unavailable edge years are blank rather than imputed.
FT-Q-V01-077,hunger,harm_loss_consequences,FT-A1842,1842,1842,1842,8.491353739259466e-06,8.491353739259466e-06,8.491353739259466e-06,1839,1845,4,8.570367700855286e-06,8.508250386896066e-06,9.048845360126734e-06,,8.777480410770976e-06,Descriptive only; unavailable edge years are blank rather than imputed.
FT-Q-V01-077,hunger,harm_loss_consequences,FT-A1938,1938,1938,1938,3.766231525759167e-06,3.766231525759167e-06,3.766231525759167e-06,1936,1940,5,3.520981196203366e-06,3.539575203603817e-06,3.766231525759167e-06,3.74988400295706e-06,3.702327376231551e-06,Descriptive only; unavailable edge years are blank rather than imputed.
FT-Q-V01-077,hunger,harm_loss_consequences,FT-A1988,1988,1988,1988,6.137961449326212e-06,6.137961449326212e-06,6.137961449326212e-06,1986,1990,5,6.204464180441932e-06,6.137961449326212e-06,6.445278804747406e-06,6.038452895781865e-06,6.181491412710072e-06,Descriptive only; unavailable edge years are blank rather than imputed.
FT-Q-V01-077,hunger,harm_loss_consequences,FT-A0607,2006–2007,2006,2007,7.45067320195858e-06,8.010337945583978e-06,7.730505573771279e-06,2005,2008,4,7.81596456063318e-06,7.793144442085759e-06,8.226896156402624e-06,6.915818170515759e-06,9.435416615365121e-06,Descriptive only; unavailable edge years are blank rather than imputed.
FT-Q-V01-077,hunger,harm_loss_consequences,FT-A2015,2015,2015,2015,1.191392740906849e-05,1.191392740906849e-05,1.191392740906849e-05,2014,2016,3,1.136071862980111e-05,1.129610585060004e-05,1.191392740906849e-05,1.013358889105157e-05,1.090674777884174e-05,Descriptive only; unavailable edge years are blank rather than imputed.
FT-Q-V01-077,hunger,harm_loss_consequences,FT-A2022,2022,2022,2022,1.147104043752734e-05,1.147104043752734e-05,1.147104043752734e-05,2021,2023,2,1.162321222381024e-05,1.162321222381024e-05,1.177538401009315e-05,1.108740005491341e-05,,Descriptive only; unavailable edge years are blank rather than imputed.
FT-Q-V01-078,water shortages,harm_loss_consequences,FT-A1842,1842,1842,1842,0,0,0,1839,1845,4,8.933644934927543e-10,5.008393699768021e-10,2.571779234017413e-09,,7.146915947942034e-10,Descriptive only; unavailable edge years are blank rather than imputed.
FT-Q-V01-078,water shortages,harm_loss_consequences,FT-A1938,1938,1938,1938,4.131899500325886e-08,4.131899500325886e-08,4.131899500325886e-08,1936,1940,5,3.694819916133518e-08,3.543796123217646e-08,4.749911364232418e-08,3.310323176131113e-08,4.21710468434533e-08,Descriptive only; unavailable edge years are blank rather than imputed.
FT-Q-V01-078,water shortages,harm_loss_consequences,FT-A1988,1988,1988,1988,1.448085923394515e-07,1.448085923394515e-07,1.448085923394515e-07,1986,1990,5,1.453525984018711e-07,1.448085923394515e-07,1.568230294513029e-07,1.475786863158746e-07,1.605776658752944e-07,Descriptive only; unavailable edge years are blank rather than imputed.
FT-Q-V01-078,water shortages,harm_loss_consequences,FT-A0607,2006–2007,2006,2007,2.040491388077825e-07,2.140380712667422e-07,2.090436050372624e-07,2005,2008,4,2.110986289105554e-07,2.090436050372624e-07,2.397083971317215e-07,1.869072309812481e-07,2.259709576957203e-07,Descriptive only; unavailable edge years are blank rather than imputed.
FT-Q-V01-078,water shortages,harm_loss_consequences,FT-A2015,2015,2015,2015,1.87883369612285e-07,1.87883369612285e-07,1.87883369612285e-07,2014,2016,3,1.927499640360283e-07,1.87883369612285e-07,2.079885298988948e-07,2.029093019217942e-07,1.825119073206594e-07,Descriptive only; unavailable edge years are blank rather than imputed.
FT-Q-V01-078,water shortages,harm_loss_consequences,FT-A2022,2022,2022,2022,1.740838606878459e-07,1.740838606878459e-07,1.740838606878459e-07,2021,2023,2,1.817368742856873e-07,1.817368742856873e-07,1.893898878835287e-07,1.787921789175861e-07,,Descriptive only; unavailable edge years are blank rather than imputed.
FT-Q-V01-079,coastal flooding,harm_loss_consequences,FT-A1842,1842,1842,1842,0,0,0,1839,1845,4,1.607362021260883e-10,0,6.429448085043532e-10,,1.285889617008706e-10,Descriptive only; unavailable edge years are blank rather than imputed.
FT-Q-V01-079,coastal flooding,harm_loss_consequences,FT-A1938,1938,1938,1938,4.454877994275463e-10,4.454877994275463e-10,4.454877994275463e-10,1936,1940,5,1.091268936326273e-10,0,4.454877994275463e-10,3.78390379307536e-09,1.915293756926673e-10,Descriptive only; unavailable edge years are blank rather than imputed.
FT-Q-V01-079,coastal flooding,harm_loss_consequences,FT-A1988,1988,1988,1988,2.620769057326555e-08,2.620769057326555e-08,2.620769057326555e-08,1986,1990,5,3.764496570024534e-08,3.396143155587339e-08,4.86422111478646e-08,3.700332008582663e-08,3.931540406565403e-08,Descriptive only; unavailable edge years are blank rather than imputed.
FT-Q-V01-079,coastal flooding,harm_loss_consequences,FT-A0607,2006–2007,2006,2007,4.335529258867044e-08,5.518485168831688e-08,4.927007213849366e-08,2005,2008,4,4.964529571032522e-08,4.927007213849366e-08,5.955872212082269e-08,3.670246986192671e-08,5.61529913206682e-08,Descriptive only; unavailable edge years are blank rather than imputed.
FT-Q-V01-079,coastal flooding,harm_loss_consequences,FT-A2015,2015,2015,2015,5.272690167812399e-08,5.272690167812399e-08,5.272690167812399e-08,2014,2016,3,5.773724375453722e-08,5.984090289956612e-08,6.064392668592156e-08,5.568586197435277e-08,7.2165591114004e-08,Descriptive only; unavailable edge years are blank rather than imputed.
FT-Q-V01-079,coastal flooding,harm_loss_consequences,FT-A2022,2022,2022,2022,1.034327956617176e-07,1.034327956617176e-07,1.034327956617176e-07,2021,2023,2,9.380568113948051e-08,9.380568113948051e-08,1.034327956617176e-07,7.703312385753946e-08,,Descriptive only; unavailable edge years are blank rather than imputed.
FT-Q-V01-080,worst impacts,harm_loss_consequences,FT-A1842,1842,1842,1842,0,0,0,1839,1845,4,0,0,0,,0,Descriptive only; unavailable edge years are blank rather than imputed.
FT-Q-V01-080,worst impacts,harm_loss_consequences,FT-A1938,1938,1938,1938,1.113719533263335e-10,1.113719533263335e-10,1.113719533263335e-10,1936,1940,5,3.478976634552211e-10,1.114401348978333e-10,9.872794803911233e-10,6.77104372570625e-11,4.937462327880837e-10,Descriptive only; unavailable edge years are blank rather than imputed.
FT-Q-V01-080,worst impacts,harm_loss_consequences,FT-A1988,1988,1988,1988,1.332594479208637e-09,1.332594479208637e-09,1.332594479208637e-09,1986,1990,5,1.536645433120043e-09,1.552943995619671e-09,2.005963617435214e-09,1.186709641665118e-09,1.691329032382782e-09,Descriptive only; unavailable edge years are blank rather than imputed.
FT-Q-V01-080,worst impacts,harm_loss_consequences,FT-A0607,2006–2007,2006,2007,7.691329351189324e-09,8.09557739248068e-09,7.893453371835002e-09,2005,2008,4,7.610180590734983e-09,7.893453371835002e-09,9.506579648488334e-09,3.584430663394755e-09,1.00685160014935e-08,Descriptive only; unavailable edge years are blank rather than imputed.
FT-Q-V01-080,worst impacts,harm_loss_consequences,FT-A2015,2015,2015,2015,1.125525539436012e-08,1.125525539436012e-08,1.125525539436012e-08,2014,2016,3,1.07859013988761e-08,1.125525539436012e-08,1.22188234114029e-08,9.425205860225106e-09,1.167535185475632e-08,Descriptive only; unavailable edge years are blank rather than imputed.
FT-Q-V01-080,worst impacts,harm_loss_consequences,FT-A2022,2022,2022,2022,1.9288579872212e-08,1.9288579872212e-08,1.9288579872212e-08,2021,2023,2,1.778139301078507e-08,1.778139301078507e-08,1.9288579872212e-08,1.248642840234737e-08,,Descriptive only; unavailable edge years are blank rather than imputed.
FT-Q-V01-081,climate change,climate,FT-A1842,1842,1842,1842,5.159906557583582e-09,5.159906557583582e-09,5.159906557583582e-09,1839,1845,4,2.307926597056031e-08,4.082471388722198e-09,8.358282377329829e-08,,2.035458370741594e-08,Descriptive only; unavailable edge years are blank rather than imputed.
FT-Q-V01-081,climate change,climate,FT-A1938,1938,1938,1938,2.561554912627884e-09,2.561554912627884e-09,2.561554912627884e-09,1936,1940,5,1.097953453710332e-08,6.801258833899482e-09,2.403520038551932e-08,2.791481668595886e-08,1.985115901798062e-08,Descriptive only; unavailable edge years are blank rather than imputed.
FT-Q-V01-081,climate change,climate,FT-A1988,1988,1988,1988,1.240793510930149e-06,1.240793510930149e-06,1.240793510930149e-06,1986,1990,5,1.802351180329315e-06,1.240793510930149e-06,3.608567470184121e-06,6.142952441508253e-07,3.828553272728491e-06,Descriptive only; unavailable edge years are blank rather than imputed.
FT-Q-V01-081,climate change,climate,FT-A0607,2006–2007,2006,2007,8.716473492563492e-06,1.319138383155949e-05,1.095392866206149e-05,2005,2008,4,1.150220058720487e-05,1.095392866206149e-05,1.610176903391047e-05,6.658122290033319e-06,1.78076648989639e-05,Descriptive only; unavailable edge years are blank rather than imputed.
FT-Q-V01-081,climate change,climate,FT-A2015,2015,2015,2015,1.967096413684616e-05,1.967096413684616e-05,1.967096413684616e-05,2014,2016,3,1.885475098546349e-05,1.967096413684616e-05,2.013966373886483e-05,1.734328187341996e-05,2.110776454280761e-05,Descriptive only; unavailable edge years are blank rather than imputed.
FT-Q-V01-081,climate change,climate,FT-A2022,2022,2022,2022,2.890008815206735e-05,2.890008815206735e-05,2.890008815206735e-05,2021,2023,2,2.869409079314829e-05,2.869409079314829e-05,2.890008815206735e-05,2.277745048188049e-05,,Descriptive only; unavailable edge years are blank rather than imputed.
FT-Q-V01-082,threat of climate change,climate,FT-A1842,1842,1842,1842,0,0,0,1839,1845,4,0,0,0,,0,Descriptive only; unavailable edge years are blank rather than imputed.
FT-Q-V01-082,threat of climate change,climate,FT-A1938,1938,1938,1938,0,0,0,1936,1940,5,0,0,0,0,2.866888393349143e-11,Descriptive only; unavailable edge years are blank rather than imputed.
FT-Q-V01-082,threat of climate change,climate,FT-A1988,1988,1988,1988,2.210996594143033e-09,2.210996594143033e-09,2.210996594143033e-09,1986,1990,5,3.721245823984365e-09,2.210996594143033e-09,8.707520121609136e-09,6.955982234657654e-10,8.836994094818529e-09,Descriptive only; unavailable edge years are blank rather than imputed.
FT-Q-V01-082,threat of climate change,climate,FT-A0607,2006–2007,2006,2007,2.31571378392359e-08,3.566648866526467e-08,2.941181325225029e-08,2005,2008,4,2.919991208549799e-08,2.941181325225029e-08,4.287047458695348e-08,1.357427998477378e-08,4.650609311401821e-08,Descriptive only; unavailable edge years are blank rather than imputed.
FT-Q-V01-082,threat of climate change,climate,FT-A2015,2015,2015,2015,4.538047629343289e-08,4.538047629343289e-08,4.538047629343289e-08,2014,2016,3,4.426350256348891e-08,4.538047629343289e-08,5.074287453069037e-08,4.34607504748441e-08,6.229709820573803e-08,Descriptive only; unavailable edge years are blank rather than imputed.
FT-Q-V01-082,threat of climate change,climate,FT-A2022,2022,2022,2022,1.140722242637393e-07,1.140722242637393e-07,1.140722242637393e-07,2021,2023,2,1.150562096985386e-07,1.150562096985386e-07,1.160401951333379e-07,7.535656232626753e-08,,Descriptive only; unavailable edge years are blank rather than imputed.
FT-Q-V01-083,global average temperature,temperature_threshold,FT-A1842,1842,1842,1842,0,0,0,1839,1845,4,0,0,0,,0,Descriptive only; unavailable edge years are blank rather than imputed.
FT-Q-V01-083,global average temperature,temperature_threshold,FT-A1938,1938,1938,1938,0,0,0,1936,1940,5,0,0,0,2.784992791937668e-11,2.588580183537914e-11,Descriptive only; unavailable edge years are blank rather than imputed.
FT-Q-V01-083,global average temperature,temperature_threshold,FT-A1988,1988,1988,1988,6.216928000180033e-09,6.216928000180033e-09,6.216928000180033e-09,1986,1990,5,1.015599758111274e-08,1.19126452799434e-08,1.424794117410588e-08,5.724005618795713e-09,1.387616132553227e-08,Descriptive only; unavailable edge years are blank rather than imputed.
FT-Q-V01-083,global average temperature,temperature_threshold,FT-A0607,2006–2007,2006,2007,1.575490385374856e-08,2.793995544647654e-08,2.184742965011255e-08,2005,2008,4,2.513571529649122e-08,2.358429993486177e-08,3.761935746249279e-08,1.318602030758731e-08,4.048310419182966e-08,Descriptive only; unavailable edge years are blank rather than imputed.
FT-Q-V01-083,global average temperature,temperature_threshold,FT-A2015,2015,2015,2015,4.038937463646253e-08,4.038937463646253e-08,4.038937463646253e-08,2014,2016,3,4.33465910804065e-08,4.131762193493316e-08,4.833277666982383e-08,3.929856263532039e-08,5.152485666390372e-08,Descriptive only; unavailable edge years are blank rather than imputed.
FT-Q-V01-083,global average temperature,temperature_threshold,FT-A2022,2022,2022,2022,7.577234045763603e-08,7.577234045763603e-08,7.577234045763603e-08,2021,2023,2,7.066166252123196e-08,7.066166252123196e-08,7.577234045763603e-08,5.496849824690453e-08,,Descriptive only; unavailable edge years are blank rather than imputed.
FT-Q-V01-084,well below 2°C above pre-industrial levels,temperature_threshold,FT-A1842,1842,1842,1842,,,,1839,1845,0,,,,,,Descriptive only; unavailable edge years are blank rather than imputed.
FT-Q-V01-084,well below 2°C above pre-industrial levels,temperature_threshold,FT-A1938,1938,1938,1938,,,,1936,1940,0,,,,,,Descriptive only; unavailable edge years are blank rather than imputed.
FT-Q-V01-084,well below 2°C above pre-industrial levels,temperature_threshold,FT-A1988,1988,1988,1988,,,,1986,1990,0,,,,,,Descriptive only; unavailable edge years are blank rather than imputed.
FT-Q-V01-084,well below 2°C above pre-industrial levels,temperature_threshold,FT-A0607,2006–2007,2006,2007,,,,2005,2008,0,,,,,,Descriptive only; unavailable edge years are blank rather than imputed.
FT-Q-V01-084,well below 2°C above pre-industrial levels,temperature_threshold,FT-A2015,2015,2015,2015,,,,2014,2016,0,,,,,,Descriptive only; unavailable edge years are blank rather than imputed.
FT-Q-V01-084,well below 2°C above pre-industrial levels,temperature_threshold,FT-A2022,2022,2022,2022,,,,2021,2023,0,,,,,,Descriptive only; unavailable edge years are blank rather than imputed.
FT-Q-V01-085,1.5°C above pre-industrial levels,temperature_threshold,FT-A1842,1842,1842,1842,,,,1839,1845,0,,,,,,Descriptive only; unavailable edge years are blank rather than imputed.
FT-Q-V01-085,1.5°C above pre-industrial levels,temperature_threshold,FT-A1938,1938,1938,1938,,,,1936,1940,0,,,,,,Descriptive only; unavailable edge years are blank rather than imputed.
FT-Q-V01-085,1.5°C above pre-industrial levels,temperature_threshold,FT-A1988,1988,1988,1988,,,,1986,1990,0,,,,,,Descriptive only; unavailable edge years are blank rather than imputed.
FT-Q-V01-085,1.5°C above pre-industrial levels,temperature_threshold,FT-A0607,2006–2007,2006,2007,,,,2005,2008,0,,,,,,Descriptive only; unavailable edge years are blank rather than imputed.
FT-Q-V01-085,1.5°C above pre-industrial levels,temperature_threshold,FT-A2015,2015,2015,2015,,,,2014,2016,0,,,,,,Descriptive only; unavailable edge years are blank rather than imputed.
FT-Q-V01-085,1.5°C above pre-industrial levels,temperature_threshold,FT-A2022,2022,2022,2022,,,,2021,2023,0,,,,,,Descriptive only; unavailable edge years are blank rather than imputed.
FT-Q-V01-086,pre-industrial levels,climate,FT-A1842,1842,1842,1842,0,0,0,1839,1845,4,1.828619200505699e-10,0,7.314476802022796e-10,,1.462895360404559e-10,Descriptive only; unavailable edge years are blank rather than imputed.
FT-Q-V01-086,pre-industrial levels,climate,FT-A1938,1938,1938,1938,0,0,0,1936,1940,5,2.608395444081424e-11,0,1.304197722040712e-10,0,2.608395444081424e-11,Descriptive only; unavailable edge years are blank rather than imputed.
FT-Q-V01-086,pre-industrial levels,climate,FT-A1988,1988,1988,1988,3.406129822636217e-09,3.406129822636217e-09,3.406129822636217e-09,1986,1990,5,5.349303128232563e-09,4.247976942428622e-09,8.266633044762273e-09,2.524061389064247e-09,7.215752358125105e-09,Descriptive only; unavailable edge years are blank rather than imputed.
FT-Q-V01-086,pre-industrial levels,climate,FT-A0607,2006–2007,2006,2007,1.92166460591392e-08,2.43588904463854e-08,2.17877682527623e-08,2005,2008,4,2.236265267841625e-08,2.17877682527623e-08,2.858031708519171e-08,1.085760091418253e-08,2.892018190064905e-08,Descriptive only; unavailable edge years are blank rather than imputed.
FT-Q-V01-086,pre-industrial levels,climate,FT-A2015,2015,2015,2015,3.183085471591962e-08,3.183085471591962e-08,3.183085471591962e-08,2014,2016,3,3.505893414699571e-08,3.183085471591962e-08,4.467634775323637e-08,2.748323359308413e-08,6.978662631523802e-08,Descriptive only; unavailable edge years are blank rather than imputed.
FT-Q-V01-086,pre-industrial levels,climate,FT-A2022,2022,2022,2022,1.564491737549023e-07,1.564491737549023e-07,1.564491737549023e-07,2021,2023,2,1.482705690586394e-07,1.482705690586394e-07,1.564491737549023e-07,8.886974963706607e-08,,Descriptive only; unavailable edge years are blank rather than imputed.
FT-Q-V01-087,risks and impacts,risk,FT-A1842,1842,1842,1842,0,0,0,1839,1845,4,0,0,0,,0,Descriptive only; unavailable edge years are blank rather than imputed.
FT-Q-V01-087,risks and impacts,risk,FT-A1938,1938,1938,1938,0,0,0,1936,1940,5,1.534390281499043e-10,0,7.671951407495214e-10,1.534390281499043e-10,2.588580183537914e-11,Descriptive only; unavailable edge years are blank rather than imputed.
FT-Q-V01-087,risks and impacts,risk,FT-A1988,1988,1988,1988,3.730156780679117e-09,3.730156780679117e-09,3.730156780679117e-09,1986,1990,5,3.962842301530323e-09,4.034363360744253e-09,4.799398663213328e-09,3.966562836521526e-09,4.563849283906185e-09,Descriptive only; unavailable edge years are blank rather than imputed.
FT-Q-V01-087,risks and impacts,risk,FT-A0607,2006–2007,2006,2007,8.719695195058552e-09,1.171048619186266e-08,1.02150906934606e-08,2005,2008,4,1.100388250050571e-08,1.054944194327223e-08,1.419695092041984e-08,7.465287622104855e-09,1.377999604423863e-08,Descriptive only; unavailable edge years are blank rather than imputed.
FT-Q-V01-087,risks and impacts,risk,FT-A2015,2015,2015,2015,1.904498948129829e-08,1.904498948129829e-08,1.904498948129829e-08,2014,2016,3,1.882378900322501e-08,1.904498948129829e-08,2.096015432051512e-08,1.489043586280769e-08,3.009976564452565e-08,Descriptive only; unavailable edge years are blank rather than imputed.
FT-Q-V01-087,risks and impacts,risk,FT-A2022,2022,2022,2022,4.441337393690237e-08,4.441337393690237e-08,4.441337393690237e-08,2021,2023,2,4.115382579855664e-08,4.115382579855664e-08,4.441337393690237e-08,3.348659031246481e-08,,Descriptive only; unavailable edge years are blank rather than imputed.
FT-Q-V01-088,adverse impacts,harm_loss_consequences,FT-A1842,1842,1842,1842,0,0,0,1839,1845,4,0,0,0,,1.00790387147498e-10,Descriptive only; unavailable edge years are blank rather than imputed.
FT-Q-V01-088,adverse impacts,harm_loss_consequences,FT-A1938,1938,1938,1938,3.341158461012128e-10,3.341158461012128e-10,3.341158461012128e-10,1936,1940,5,3.821652039270873e-09,1.180437747549945e-09,1.462141363539615e-08,4.212011603388355e-09,9.468787806610201e-09,Descriptive only; unavailable edge years are blank rather than imputed.
FT-Q-V01-088,adverse impacts,harm_loss_consequences,FT-A1988,1988,1988,1988,7.824303560610701e-07,7.824303560610701e-07,7.824303560610701e-07,1986,1990,5,8.159511404093323e-07,8.265669704243805e-07,9.712528938887743e-07,9.192165472793335e-07,7.584295255602668e-07,Descriptive only; unavailable edge years are blank rather than imputed.
FT-Q-V01-088,adverse impacts,harm_loss_consequences,FT-A0607,2006–2007,2006,2007,1.002482367784552e-06,8.86375771003145e-07,9.444290693938484e-07,2005,2008,4,1.035290405924927e-06,9.955381428672361e-07,1.26370956696209e-06,9.646057578249767e-07,8.975709950939658e-07,Descriptive only; unavailable edge years are blank rather than imputed.
FT-Q-V01-088,adverse impacts,harm_loss_consequences,FT-A2015,2015,2015,2015,2.372477044543242e-07,2.372477044543242e-07,2.372477044543242e-07,2014,2016,3,2.621066023481926e-07,2.703218208166547e-07,2.787502817735987e-07,5.875063630866872e-07,2.624347695233398e-07,Descriptive only; unavailable edge years are blank rather than imputed.
FT-Q-V01-088,adverse impacts,harm_loss_consequences,FT-A2022,2022,2022,2022,3.134836589757661e-07,3.134836589757661e-07,3.134836589757661e-07,2021,2023,2,3.083251155031747e-07,3.083251155031747e-07,3.134836589757661e-07,2.673180275747367e-07,,Descriptive only; unavailable edge years are blank rather than imputed.
FT-Q-V01-089,adverse effects of climate change,climate,FT-A1842,1842,1842,1842,0,0,0,1839,1845,4,0,0,0,,0,Descriptive only; unavailable edge years are blank rather than imputed.
FT-Q-V01-089,adverse effects of climate change,climate,FT-A1938,1938,1938,1938,0,0,0,1936,1940,5,0,0,0,0,0,Descriptive only; unavailable edge years are blank rather than imputed.
FT-Q-V01-089,adverse effects of climate change,climate,FT-A1988,1988,1988,1988,8.47171111040268e-10,8.47171111040268e-10,8.47171111040268e-10,1986,1990,5,1.412711915504961e-09,8.47171111040268e-10,3.247031088449148e-09,2.665642220844866e-10,5.85886867909835e-09,Descriptive only; unavailable edge years are blank rather than imputed.
FT-Q-V01-089,adverse effects of climate change,climate,FT-A0607,2006–2007,2006,2007,1.892433779820957e-08,1.759132076811776e-08,1.825782928316366e-08,2005,2008,4,2.007941542550573e-08,1.825782928316366e-08,2.63185206961225e-08,1.59522320838934e-08,2.915817525345199e-08,Descriptive only; unavailable edge years are blank rather than imputed.
FT-Q-V01-089,adverse effects of climate change,climate,FT-A2015,2015,2015,2015,3.449535698751838e-08,3.449535698751838e-08,3.449535698751838e-08,2014,2016,3,3.321515398835295e-08,3.449535698751838e-08,4.084377236424075e-08,2.842724042551037e-08,4.209867167440096e-08,Descriptive only; unavailable edge years are blank rather than imputed.
FT-Q-V01-089,adverse effects of climate change,climate,FT-A2022,2022,2022,2022,6.007298156140983e-08,6.007298156140983e-08,6.007298156140983e-08,2021,2023,2,6.415701347961544e-08,6.415701347961544e-08,6.824104539782105e-08,4.757812628111702e-08,,Descriptive only; unavailable edge years are blank rather than imputed.
FT-Q-V01-090,greenhouse gas emissions,carbon_greenhouse,FT-A1842,1842,1842,1842,0,0,0,1839,1845,4,3.421733452135811e-10,0,1.368693380854324e-09,,2.737386761708649e-10,Descriptive only; unavailable edge years are blank rather than imputed.
FT-Q-V01-090,greenhouse gas emissions,carbon_greenhouse,FT-A1938,1938,1938,1938,0,0,0,1936,1940,5,1.000578753185266e-09,3.671473125521629e-10,4.164773859116622e-09,1.074839012238371e-09,1.000862093203381e-09,Descriptive only; unavailable edge years are blank rather than imputed.
FT-Q-V01-090,greenhouse gas emissions,carbon_greenhouse,FT-A1988,1988,1988,1988,6.1250253577394e-08,6.1250253577394e-08,6.1250253577394e-08,1986,1990,5,1.296196842331954e-07,6.1250253577394e-08,3.44519689242373e-07,1.80708617930625e-08,4.214605031936658e-07,Descriptive only; unavailable edge years are blank rather than imputed.
FT-Q-V01-090,greenhouse gas emissions,carbon_greenhouse,FT-A0607,2006–2007,2006,2007,1.090903233809393e-06,1.668671410881561e-06,1.379787322345477e-06,2005,2008,4,1.403020409025679e-06,1.379787322345477e-06,1.793274775979681e-06,8.72836760386353e-07,1.657855979547707e-06,Descriptive only; unavailable edge years are blank rather than imputed.
FT-Q-V01-090,greenhouse gas emissions,carbon_greenhouse,FT-A2015,2015,2015,2015,1.287461367946441e-06,1.287461367946441e-06,1.287461367946441e-06,2014,2016,3,1.241394996290511e-06,1.287461367946441e-06,1.321973273862853e-06,1.355880017552685e-06,1.284439342003757e-06,Descriptive only; unavailable edge years are blank rather than imputed.
FT-Q-V01-090,greenhouse gas emissions,carbon_greenhouse,FT-A2022,2022,2022,2022,1.669261770767538e-06,1.669261770767538e-06,1.669261770767538e-06,2021,2023,2,1.672965369521606e-06,1.672965369521606e-06,1.676668968275674e-06,1.355378480886321e-06,,Descriptive only; unavailable edge years are blank rather than imputed.
FT-Q-V01-091,climate resilience,harm_loss_consequences,FT-A1842,1842,1842,1842,0,0,0,1839,1845,4,0,0,0,,0,Descriptive only; unavailable edge years are blank rather than imputed.
FT-Q-V01-091,climate resilience,harm_loss_consequences,FT-A1938,1938,1938,1938,0,0,0,1936,1940,5,0,0,0,0,0,Descriptive only; unavailable edge years are blank rather than imputed.
FT-Q-V01-091,climate resilience,harm_loss_consequences,FT-A1988,1988,1988,1988,0,0,0,1986,1990,5,1.007628286364692e-11,0,5.038141431823462e-11,1.007628286364692e-11,8.916385685342477e-12,Descriptive only; unavailable edge years are blank rather than imputed.
FT-Q-V01-091,climate resilience,harm_loss_consequences,FT-A0607,2006–2007,2006,2007,7.782892767760341e-10,1.07941033888892e-09,9.288498078324769e-10,2005,2008,4,1.508116183150665e-09,9.288498078324769e-10,3.850164631558073e-09,2.082259711877477e-10,1.629476073516933e-08,Descriptive only; unavailable edge years are blank rather than imputed.
FT-Q-V01-091,climate resilience,harm_loss_consequences,FT-A2015,2015,2015,2015,6.192725596904092e-08,6.192725596904092e-08,6.192725596904092e-08,2014,2016,3,6.380985545275293e-08,6.192725596904092e-08,8.508418414265861e-08,2.883841624251593e-08,1.031514843374826e-07,Descriptive only; unavailable edge years are blank rather than imputed.
FT-Q-V01-091,climate resilience,harm_loss_consequences,FT-A2022,2022,2022,2022,2.377892628357969e-07,2.377892628357969e-07,2.377892628357969e-07,2021,2023,2,2.314816835435884e-07,2.314816835435884e-07,2.377892628357969e-07,1.311694683592268e-07,,Descriptive only; unavailable edge years are blank rather than imputed.
FT-Q-V01-092,vulnerability,harm_loss_consequences,FT-A1842,1842,1842,1842,4.866453906515744e-09,4.866453906515744e-09,4.866453906515744e-09,1839,1845,4,1.083885448061039e-08,8.547478058673619e-09,2.303812962622942e-08,,1.319802463983777e-08,Descriptive only; unavailable edge years are blank rather than imputed.
FT-Q-V01-092,vulnerability,harm_loss_consequences,FT-A1938,1938,1938,1938,3.175859246695723e-07,3.175859246695723e-07,3.175859246695723e-07,1936,1940,5,3.405296394642932e-07,3.175859246695723e-07,3.942107000831641e-07,2.475371082999445e-07,4.021464717229861e-07,Descriptive only; unavailable edge years are blank rather than imputed.
FT-Q-V01-092,vulnerability,harm_loss_consequences,FT-A1988,1988,1988,1988,3.529738691554485e-06,3.529738691554485e-06,3.529738691554485e-06,1986,1990,5,3.562905455112286e-06,3.52596205033251e-06,3.725050952141373e-06,3.502629394347423e-06,3.648698367442194e-06,Descriptive only; unavailable edge years are blank rather than imputed.
FT-Q-V01-092,vulnerability,harm_loss_consequences,FT-A0607,2006–2007,2006,2007,7.107033283659803e-06,7.274388785560859e-06,7.190711034610331e-06,2005,2008,4,7.04435165754802e-06,7.105184836930789e-06,7.274388785560859e-06,6.05341120873959e-06,7.82857791463698e-06,Descriptive only; unavailable edge years are blank rather than imputed.
FT-Q-V01-092,vulnerability,harm_loss_consequences,FT-A2015,2015,2015,2015,9.355508542086e-06,9.355508542086e-06,9.355508542086e-06,2014,2016,3,9.594339388740991e-06,9.355508542086e-06,1.034619273454496e-05,8.369285635012601e-06,1.054069372941058e-05,Descriptive only; unavailable edge years are blank rather than imputed.
FT-Q-V01-092,vulnerability,harm_loss_consequences,FT-A2022,2022,2022,2022,1.17803589603227e-05,1.17803589603227e-05,1.17803589603227e-05,2021,2023,2,1.194727621722791e-05,1.194727621722791e-05,1.211419347413312e-05,1.089429387732821e-05,,Descriptive only; unavailable edge years are blank rather than imputed.
FT-Q-V01-093,vulnerable groups,harm_loss_consequences,FT-A1842,1842,1842,1842,0,0,0,1839,1845,4,0,0,0,,0,Descriptive only; unavailable edge years are blank rather than imputed.
FT-Q-V01-093,vulnerable groups,harm_loss_consequences,FT-A1938,1938,1938,1938,2.561554898750096e-09,2.561554898750096e-09,2.561554898750096e-09,1936,1940,5,2.540553981078553e-09,2.561554898750096e-09,3.112063107213459e-09,1.274820307650693e-09,9.778080470312922e-09,Descriptive only; unavailable edge years are blank rather than imputed.
FT-Q-V01-093,vulnerable groups,harm_loss_consequences,FT-A1988,1988,1988,1988,1.830589990703402e-07,1.830589990703402e-07,1.830589990703402e-07,1986,1990,5,1.813441731300658e-07,1.809700427291006e-07,1.978144716918706e-07,1.501757903553391e-07,2.423427555776903e-07,Descriptive only; unavailable edge years are blank rather than imputed.
FT-Q-V01-093,vulnerable groups,harm_loss_consequences,FT-A0607,2006–2007,2006,2007,5.319378349119552e-07,4.877135600170335e-07,5.098256974644944e-07,2005,2008,4,5.166148628211326e-07,5.098256974644944e-07,5.659177302885787e-07,4.735118988859199e-07,4.414842246544537e-07,Descriptive only; unavailable edge years are blank rather than imputed.
FT-Q-V01-093,vulnerable groups,harm_loss_consequences,FT-A2015,2015,2015,2015,4.145763595753138e-07,4.145763595753138e-07,4.145763595753138e-07,2014,2016,3,4.221060703966014e-07,4.145763595753138e-07,4.746542650660435e-07,3.996880209987397e-07,4.692061294428451e-07,Descriptive only; unavailable edge years are blank rather than imputed.
FT-Q-V01-093,vulnerable groups,harm_loss_consequences,FT-A2022,2022,2022,2022,6.561656151760076e-07,6.561656151760076e-07,6.561656151760076e-07,2021,2023,2,6.438119156682021e-07,6.438119156682021e-07,6.561656151760076e-07,5.005669196617158e-07,,Descriptive only; unavailable edge years are blank rather than imputed.
FT-Q-V01-094,loss and damage,harm_loss_consequences,FT-A1842,1842,1842,1842,1.379619247732222e-07,1.379619247732222e-07,1.379619247732222e-07,1839,1845,4,1.649342708937018e-07,1.655533784228336e-07,1.906684019559179e-07,,1.892912477319264e-07,Descriptive only; unavailable edge years are blank rather than imputed.
FT-Q-V01-094,loss and damage,harm_loss_consequences,FT-A1938,1938,1938,1938,8.379211266507092e-07,8.379211266507092e-07,8.379211266507092e-07,1936,1940,5,8.382707153128943e-07,8.379211266507092e-07,9.138045609091705e-07,7.979230659302395e-07,8.852172392881386e-07,Descriptive only; unavailable edge years are blank rather than imputed.
FT-Q-V01-094,loss and damage,harm_loss_consequences,FT-A1988,1988,1988,1988,1.054715317444499e-07,1.054715317444499e-07,1.054715317444499e-07,1986,1990,5,1.260011798669136e-07,1.266048331380332e-07,1.507662382854713e-07,1.492681582185296e-07,1.218618759311896e-07,Descriptive only; unavailable edge years are blank rather than imputed.
FT-Q-V01-094,loss and damage,harm_loss_consequences,FT-A0607,2006–2007,2006,2007,7.471193348013161e-08,7.050587146062437e-08,7.260890247037799e-08,2005,2008,4,7.518009318384367e-08,7.415647932176861e-08,8.190154263121308e-08,9.492842457103911e-08,6.6518355410633e-08,Descriptive only; unavailable edge years are blank rather than imputed.
FT-Q-V01-094,loss and damage,harm_loss_consequences,FT-A2015,2015,2015,2015,8.407788263178895e-08,8.407788263178895e-08,8.407788263178895e-08,2014,2016,3,9.455398923321108e-08,8.407788263178895e-08,1.24899555420388e-07,7.398858625912164e-08,1.23750552711438e-07,Descriptive only; unavailable edge years are blank rather than imputed.
FT-Q-V01-094,loss and damage,harm_loss_consequences,FT-A2022,2022,2022,2022,1.615246781744295e-07,1.615246781744295e-07,1.615246781744295e-07,2021,2023,2,2.054721969721451e-07,2.054721969721451e-07,2.494197157698608e-07,1.486545847813325e-07,,Descriptive only; unavailable edge years are blank rather than imputed.
FT-Q-V01-095,extreme weather events,harm_loss_consequences,FT-A1842,1842,1842,1842,0,0,0,1839,1845,4,1.710866726067906e-10,0,6.843466904271622e-10,,1.368693380854324e-10,Descriptive only; unavailable edge years are blank rather than imputed.
FT-Q-V01-095,extreme weather events,harm_loss_consequences,FT-A1938,1938,1938,1938,0,0,0,1936,1940,5,0,0,0,0,1.018965245513925e-10,Descriptive only; unavailable edge years are blank rather than imputed.
FT-Q-V01-095,extreme weather events,harm_loss_consequences,FT-A1988,1988,1988,1988,3.405795367950049e-09,3.405795367950049e-09,3.405795367950049e-09,1986,1990,5,4.33973253999298e-09,4.413240231593285e-09,6.130775713486525e-09,3.289996021449415e-09,8.126361285970551e-09,Descriptive only; unavailable edge years are blank rather than imputed.
FT-Q-V01-095,extreme weather events,harm_loss_consequences,FT-A0607,2006–2007,2006,2007,8.521520449000786e-08,1.065605648165047e-07,9.588788465325626e-08,2005,2008,4,1.008826737104382e-07,9.588788465325626e-08,1.419695054849512e-07,5.95387772327205e-08,1.556241821187854e-07,Descriptive only; unavailable edge years are blank rather than imputed.
FT-Q-V01-095,extreme weather events,harm_loss_consequences,FT-A2015,2015,2015,2015,2.641805035841216e-07,2.641805035841216e-07,2.641805035841216e-07,2014,2016,3,2.457166067559857e-07,2.553023485951655e-07,2.641805035841216e-07,1.773560728890455e-07,2.874048870005197e-07,Descriptive only; unavailable edge years are blank rather than imputed.
FT-Q-V01-095,extreme weather events,harm_loss_consequences,FT-A2022,2022,2022,2022,4.511812501384327e-07,4.511812501384327e-07,4.511812501384327e-07,2021,2023,2,4.313860930693636e-07,4.313860930693636e-07,4.511812501384327e-07,3.186626044815455e-07,,Descriptive only; unavailable edge years are blank rather than imputed.
FT-Q-V01-096,slow onset events,harm_loss_consequences,FT-A1842,1842,1842,1842,0,0,0,1839,1845,4,0,0,0,,0,Descriptive only; unavailable edge years are blank rather than imputed.
FT-Q-V01-096,slow onset events,harm_loss_consequences,FT-A1938,1938,1938,1938,0,0,0,1936,1940,5,0,0,0,0,0,Descriptive only; unavailable edge years are blank rather than imputed.
FT-Q-V01-096,slow onset events,harm_loss_consequences,FT-A1988,1988,1988,1988,0,0,0,1986,1990,5,9.968741110366608e-12,0,4.984370555183304e-11,0,9.968741110366608e-12,Descriptive only; unavailable edge years are blank rather than imputed.
FT-Q-V01-096,slow onset events,harm_loss_consequences,FT-A0607,2006–2007,2006,2007,2.477186233917905e-10,4.859122965106266e-10,3.668154599512086e-10,2005,2008,4,2.600247265768796e-10,2.519906366904578e-10,4.859122965106266e-10,1.00410672831952e-11,8.288908531772776e-10,Descriptive only; unavailable edge years are blank rather than imputed.
FT-Q-V01-096,slow onset events,harm_loss_consequences,FT-A2015,2015,2015,2015,2.049460948172488e-09,2.049460948172488e-09,2.049460948172488e-09,2014,2016,3,2.314395087614033e-09,2.049460948172488e-09,4.546152315709762e-09,1.490749863830576e-09,3.915515983665685e-09,Descriptive only; unavailable edge years are blank rather than imputed.
FT-Q-V01-096,slow onset events,harm_loss_consequences,FT-A2022,2022,2022,2022,5.013650494767319e-09,5.013650494767319e-09,5.013650494767319e-09,2021,2023,2,6.148546727313686e-09,6.148546727313686e-09,7.283442959860054e-09,4.462974112495744e-09,,Descriptive only; unavailable edge years are blank rather than imputed.
FT-Q-V01-097,risk of loss and damage,risk,FT-A1842,1842,1842,1842,7.81099351865322e-10,7.81099351865322e-10,7.81099351865322e-10,1839,1845,4,8.661388273267789e-10,6.986156098065521e-10,2.067324089694011e-09,,5.366911914883588e-10,Descriptive only; unavailable edge years are blank rather than imputed.
FT-Q-V01-097,risk of loss and damage,risk,FT-A1938,1938,1938,1938,5.767837332748549e-09,5.767837332748549e-09,5.767837332748549e-09,1936,1940,5,2.551324065902527e-09,1.714835717869789e-09,5.767837332748549e-09,1.843838465243053e-09,2.047253833126206e-09,Descriptive only; unavailable edge years are blank rather than imputed.
FT-Q-V01-097,risk of loss and damage,risk,FT-A1988,1988,1988,1988,6.516700790104579e-10,6.516700790104579e-10,6.516700790104579e-10,1986,1990,5,9.383803789564383e-10,8.418228891748925e-10,1.528390469740515e-09,1.317215438112473e-09,8.779127175229107e-10,Descriptive only; unavailable edge years are blank rather than imputed.
FT-Q-V01-097,risk of loss and damage,risk,FT-A0607,2006–2007,2006,2007,8.152023084351256e-10,6.262282359337235e-10,7.207152721844245e-10,2005,2008,4,9.256024315063005e-10,8.801277276426767e-10,1.315926034806125e-09,1.022571059772215e-09,9.446628382314692e-10,Descriptive only; unavailable edge years are blank rather than imputed.
FT-Q-V01-097,risk of loss and damage,risk,FT-A2015,2015,2015,2015,9.214118357192547e-10,9.214118357192547e-10,9.214118357192547e-10,2014,2016,3,1.244312256241479e-09,1.052439153187423e-09,1.759085779817759e-09,1.201179795906615e-09,1.620717023087526e-09,Descriptive only; unavailable edge years are blank rather than imputed.
FT-Q-V01-097,risk of loss and damage,risk,FT-A2022,2022,2022,2022,2.065858161620637e-09,2.065858161620637e-09,2.065858161620637e-09,2021,2023,2,2.470509094174012e-09,2.470509094174012e-09,2.875160026727386e-09,1.843931872469451e-09,,Descriptive only; unavailable edge years are blank rather than imputed.
FT-Q-V01-098,early warning systems,harm_loss_consequences,FT-A1842,1842,1842,1842,0,0,0,1839,1845,4,0,0,0,,0,Descriptive only; unavailable edge years are blank rather than imputed.
FT-Q-V01-098,early warning systems,harm_loss_consequences,FT-A1938,1938,1938,1938,0,0,0,1936,1940,5,1.608819619192126e-10,1.223824375173876e-10,3.532294456931595e-10,4.573798048634892e-10,6.227982851658709e-10,Descriptive only; unavailable edge years are blank rather than imputed.
FT-Q-V01-098,early warning systems,harm_loss_consequences,FT-A1988,1988,1988,1988,9.379452314828285e-08,9.379452314828285e-08,9.379452314828285e-08,1986,1990,5,9.818335570399573e-08,9.379452314828285e-08,1.199763418335831e-07,9.649100770059426e-08,8.184278841860682e-08,Descriptive only; unavailable edge years are blank rather than imputed.
FT-Q-V01-098,early warning systems,harm_loss_consequences,FT-A0607,2006–2007,2006,2007,1.387224217164196e-07,1.297385822940367e-07,1.342305020052281e-07,2005,2008,4,1.451804739899254e-07,1.426779544233536e-07,1.656274048189577e-07,1.337967233672188e-07,1.469060702974368e-07,Descriptive only; unavailable edge years are blank rather than imputed.
FT-Q-V01-098,early warning systems,harm_loss_consequences,FT-A2015,2015,2015,2015,1.42312563317093e-07,1.42312563317093e-07,1.42312563317093e-07,2014,2016,3,1.461029725130976e-07,1.42312563317093e-07,1.546648904365844e-07,1.447348160328599e-07,1.675804238376877e-07,Descriptive only; unavailable edge years are blank rather than imputed.
FT-Q-V01-098,early warning systems,harm_loss_consequences,FT-A2022,2022,2022,2022,2.00640613789993e-07,2.00640613789993e-07,2.00640613789993e-07,2021,2023,2,1.987486529519966e-07,1.987486529519966e-07,2.00640613789993e-07,1.760187841731709e-07,,Descriptive only; unavailable edge years are blank rather than imputed.
FT-Q-V01-099,emergency preparedness,crisis_emergency,FT-A1842,1842,1842,1842,0,0,0,1839,1845,4,0,0,0,,3.326082820276355e-09,Descriptive only; unavailable edge years are blank rather than imputed.
FT-Q-V01-099,emergency preparedness,crisis_emergency,FT-A1938,1938,1938,1938,3.563902506442673e-09,3.563902506442673e-09,3.563902506442673e-09,1936,1940,5,9.003062305668052e-08,6.868001334314755e-09,4.2882803086286e-07,8.844834681887014e-08,9.686708872524985e-09,Descriptive only; unavailable edge years are blank rather than imputed.
FT-Q-V01-099,emergency preparedness,crisis_emergency,FT-A1988,1988,1988,1988,1.046481490560303e-06,1.046481490560303e-06,1.046481490560303e-06,1986,1990,5,1.441051389129005e-06,1.046481490560303e-06,2.826408131394176e-06,2.263054259429853e-06,7.721923284326193e-07,Descriptive only; unavailable edge years are blank rather than imputed.
FT-Q-V01-099,emergency preparedness,crisis_emergency,FT-A0607,2006–2007,2006,2007,8.403235325082914e-07,7.499652697369463e-07,7.951444011226189e-07,2005,2008,4,8.060556555677251e-07,7.951444011226189e-07,8.923730797222307e-07,7.722006801429149e-07,5.475982450660333e-07,Descriptive only; unavailable edge years are blank rather than imputed.
FT-Q-V01-099,emergency preparedness,crisis_emergency,FT-A2015,2015,2015,2015,3.295314575553487e-07,3.295314575553487e-07,3.295314575553487e-07,2014,2016,3,3.315690667617111e-07,3.295314575553487e-07,3.426077724924537e-07,4.211608143164791e-07,2.88003344390414e-07,Descriptive only; unavailable edge years are blank rather than imputed.
FT-Q-V01-099,emergency preparedness,crisis_emergency,FT-A2022,2022,2022,2022,2.663239674349782e-07,2.663239674349782e-07,2.663239674349782e-07,2021,2023,2,2.695179410847764e-07,2.695179410847764e-07,2.727119147345747e-07,2.780321332898627e-07,,Descriptive only; unavailable edge years are blank rather than imputed.
FT-Q-V01-100,irreversible and permanent loss and damage,harm_loss_consequences,FT-A1842,1842,1842,1842,0,0,0,1839,1845,4,0,0,0,,0,Descriptive only; unavailable edge years are blank rather than imputed.
FT-Q-V01-100,irreversible and permanent loss and damage,harm_loss_consequences,FT-A1938,1938,1938,1938,0,0,0,1936,1940,5,0,0,0,0,0,Descriptive only; unavailable edge years are blank rather than imputed.
FT-Q-V01-100,irreversible and permanent loss and damage,harm_loss_consequences,FT-A1988,1988,1988,1988,0,0,0,1986,1990,5,0,0,0,0,0,Descriptive only; unavailable edge years are blank rather than imputed.
FT-Q-V01-100,irreversible and permanent loss and damage,harm_loss_consequences,FT-A0607,2006–2007,2006,2007,0,0,0,2005,2008,4,0,0,0,0,0,Descriptive only; unavailable edge years are blank rather than imputed.
FT-Q-V01-100,irreversible and permanent loss and damage,harm_loss_consequences,FT-A2015,2015,2015,2015,6.163167892703214e-11,6.163167892703214e-11,6.163167892703214e-11,2014,2016,3,1.575799606542046e-10,6.163167892703214e-11,4.111082030355817e-10,0,4.138737186298868e-10,Descriptive only; unavailable edge years are blank rather than imputed.
FT-Q-V01-100,irreversible and permanent loss and damage,harm_loss_consequences,FT-A2022,2022,2022,2022,6.393428564344106e-10,6.393428564344106e-10,6.393428564344106e-10,2021,2023,2,7.278391778164917e-10,7.278391778164917e-10,8.163354991985727e-10,4.949191778624851e-10,,Descriptive only; unavailable edge years are blank rather than imputed.
FT-Q-V01-101,climate change,climate,FT-A1842,1842,1842,1842,5.159906557583582e-09,5.159906557583582e-09,5.159906557583582e-09,1839,1845,4,2.307926597056031e-08,4.082471388722198e-09,8.358282377329829e-08,,2.035458370741594e-08,Descriptive only; unavailable edge years are blank rather than imputed.
FT-Q-V01-101,climate change,climate,FT-A1938,1938,1938,1938,2.561554912627884e-09,2.561554912627884e-09,2.561554912627884e-09,1936,1940,5,1.097953453710332e-08,6.801258833899482e-09,2.403520038551932e-08,2.791481668595886e-08,1.985115901798062e-08,Descriptive only; unavailable edge years are blank rather than imputed.
FT-Q-V01-101,climate change,climate,FT-A1988,1988,1988,1988,1.240793510930149e-06,1.240793510930149e-06,1.240793510930149e-06,1986,1990,5,1.802351180329315e-06,1.240793510930149e-06,3.608567470184121e-06,6.142952441508253e-07,3.828553272728491e-06,Descriptive only; unavailable edge years are blank rather than imputed.
FT-Q-V01-101,climate change,climate,FT-A0607,2006–2007,2006,2007,8.716473492563492e-06,1.319138383155949e-05,1.095392866206149e-05,2005,2008,4,1.150220058720487e-05,1.095392866206149e-05,1.610176903391047e-05,6.658122290033319e-06,1.78076648989639e-05,Descriptive only; unavailable edge years are blank rather than imputed.
FT-Q-V01-101,climate change,climate,FT-A2015,2015,2015,2015,1.967096413684616e-05,1.967096413684616e-05,1.967096413684616e-05,2014,2016,3,1.885475098546349e-05,1.967096413684616e-05,2.013966373886483e-05,1.734328187341996e-05,2.110776454280761e-05,Descriptive only; unavailable edge years are blank rather than imputed.
FT-Q-V01-101,climate change,climate,FT-A2022,2022,2022,2022,2.890008815206735e-05,2.890008815206735e-05,2.890008815206735e-05,2021,2023,2,2.869409079314829e-05,2.869409079314829e-05,2.890008815206735e-05,2.277745048188049e-05,,Descriptive only; unavailable edge years are blank rather than imputed.
FT-Q-V01-102,global warming,warming,FT-A1842,1842,1842,1842,0,0,0,1839,1845,4,7.715337591029936e-09,0,3.086135036411974e-08,,6.172270072823949e-09,Descriptive only; unavailable edge years are blank rather than imputed.
FT-Q-V01-102,global warming,warming,FT-A1938,1938,1938,1938,2.00469511824064e-09,2.00469511824064e-09,2.00469511824064e-09,1936,1940,5,9.615092347314835e-09,3.949118143609098e-09,2.974356050344795e-08,1.059533454583761e-08,8.571099191501119e-09,Descriptive only; unavailable edge years are blank rather than imputed.
FT-Q-V01-102,global warming,warming,FT-A1988,1988,1988,1988,6.400895369296222e-07,6.400895369296222e-07,6.400895369296222e-07,1986,1990,5,1.142737135707145e-06,6.400895369296222e-07,2.645472821902195e-06,1.650790084926912e-07,2.582561059355504e-06,Descriptive only; unavailable edge years are blank rather than imputed.
FT-Q-V01-102,global warming,warming,FT-A0607,2006–2007,2006,2007,3.39393631278162e-06,4.96164442403968e-06,4.17779036841065e-06,2005,2008,4,4.173465091666245e-06,4.17779036841065e-06,5.431204078656937e-06,2.537355364306409e-06,4.652159176726789e-06,Descriptive only; unavailable edge years are blank rather than imputed.
FT-Q-V01-102,global warming,warming,FT-A2015,2015,2015,2015,3.293586607857474e-06,3.293586607857474e-06,3.293586607857474e-06,2014,2016,3,3.232972508608369e-06,3.265111240942364e-06,3.293586607857474e-06,3.791421973563247e-06,3.274995867441621e-06,Descriptive only; unavailable edge years are blank rather than imputed.
FT-Q-V01-102,global warming,warming,FT-A2022,2022,2022,2022,3.963670369644401e-06,3.963670369644401e-06,3.963670369644401e-06,2021,2023,2,4.05548779371448e-06,4.05548779371448e-06,4.147305217784558e-06,3.45143466281006e-06,,Descriptive only; unavailable edge years are blank rather than imputed.
FT-Q-V01-103,very worried,worry,FT-A1842,1842,1842,1842,0,0,0,1839,1845,4,3.03060535000732e-10,2.846486657492875e-10,6.429448085043532e-10,,4.441447098990636e-10,Descriptive only; unavailable edge years are blank rather than imputed.
FT-Q-V01-103,very worried,worry,FT-A1938,1938,1938,1938,5.757930103544862e-08,5.757930103544862e-08,5.757930103544862e-08,1936,1940,5,5.063715638187194e-08,5.068034811261946e-08,5.757930103544862e-08,4.496513756058196e-08,5.297857488539837e-08,Descriptive only; unavailable edge years are blank rather than imputed.
FT-Q-V01-103,very worried,worry,FT-A1988,1988,1988,1988,1.573942034760467e-07,1.573942034760467e-07,1.573942034760467e-07,1986,1990,5,1.488732109394819e-07,1.500441916130191e-07,1.578180323889844e-07,1.390090421375667e-07,1.55138462718668e-07,Descriptive only; unavailable edge years are blank rather than imputed.
FT-Q-V01-103,very worried,worry,FT-A0607,2006–2007,2006,2007,2.430551577989326e-07,2.654000055557493e-07,2.542275816773409e-07,2005,2008,4,2.629820047856529e-07,2.602216216326947e-07,2.884296180782897e-07,2.227139241722798e-07,3.718107761258027e-07,Descriptive only; unavailable edge years are blank rather than imputed.
FT-Q-V01-103,very worried,worry,FT-A2015,2015,2015,2015,4.244305496919898e-07,4.244305496919898e-07,4.244305496919898e-07,2014,2016,3,4.109526408104432e-07,4.244305496919898e-07,4.306732870051899e-07,4.04257644759376e-07,5.922818676867836e-07,Descriptive only; unavailable edge years are blank rather than imputed.
FT-Q-V01-103,very worried,worry,FT-A2022,2022,2022,2022,3.79268325273463e-07,3.79268325273463e-07,3.79268325273463e-07,2021,2023,2,3.800947214332995e-07,3.800947214332995e-07,3.80921117593136e-07,5.929152740585808e-07,,Descriptive only; unavailable edge years are blank rather than imputed.
FT-Q-V01-104,somewhat worried,worry,FT-A1842,1842,1842,1842,1.289976681029259e-09,1.289976681029259e-09,1.289976681029259e-09,1839,1845,4,4.832303723834031e-10,3.214724042521766e-10,1.289976681029259e-09,,3.301697359958666e-10,Descriptive only; unavailable edge years are blank rather than imputed.
FT-Q-V01-104,somewhat worried,worry,FT-A1938,1938,1938,1938,1.046896380696438e-08,1.046896380696438e-08,1.046896380696438e-08,1936,1940,5,1.163171309825906e-08,1.195705190415453e-08,1.348425637814898e-08,1.205538815995943e-08,1.408935103586195e-08,Descriptive only; unavailable edge years are blank rather than imputed.
FT-Q-V01-104,somewhat worried,worry,FT-A1988,1988,1988,1988,8.686541097535638e-09,8.686541097535638e-09,8.686541097535638e-09,1986,1990,5,8.643229069960068e-09,8.686541097535638e-09,9.768518889619049e-09,8.611650929163383e-09,8.357811982773189e-09,Descriptive only; unavailable edge years are blank rather than imputed.
FT-Q-V01-104,somewhat worried,worry,FT-A0607,2006–2007,2006,2007,1.190324738775672e-08,1.241321874456691e-08,1.215823306616182e-08,2005,2008,4,1.236550587271901e-08,1.215823306616182e-08,1.378454071720991e-08,1.148768684067214e-08,1.447738675539045e-08,Descriptive only; unavailable edge years are blank rather than imputed.
FT-Q-V01-104,somewhat worried,worry,FT-A2015,2015,2015,2015,1.569197416104173e-08,1.569197416104173e-08,1.569197416104173e-08,2014,2016,3,1.535369327163028e-08,1.544136932901674e-08,1.569197416104173e-08,1.430072935695859e-08,3.698813192815064e-08,Descriptive only; unavailable edge years are blank rather than imputed.
FT-Q-V01-104,somewhat worried,worry,FT-A2022,2022,2022,2022,1.698810697670083e-08,1.698810697670083e-08,1.698810697670083e-08,2021,2023,2,1.660736381574324e-08,1.660736381574324e-08,1.698810697670083e-08,3.714518219330442e-08,,Descriptive only; unavailable edge years are blank rather than imputed.
FT-Q-V01-105,afraid,fear_afraid,FT-A1842,1842,1842,1842,2.212168256576774e-05,2.212168256576774e-05,2.212168256576774e-05,1839,1845,4,2.286653407734818e-05,2.275511754668003e-05,2.450852007562787e-05,,2.317812752714587e-05,Descriptive only; unavailable edge years are blank rather than imputed.
FT-Q-V01-105,afraid,fear_afraid,FT-A1938,1938,1938,1938,1.400559003883473e-05,1.400559003883473e-05,1.400559003883473e-05,1936,1940,5,1.300603217929963e-05,1.296064711793499e-05,1.400559003883473e-05,1.385882732023447e-05,1.250508298499542e-05,Descriptive only; unavailable edge years are blank rather than imputed.
FT-Q-V01-105,afraid,fear_afraid,FT-A1988,1988,1988,1988,1.09846374348882e-05,1.09846374348882e-05,1.09846374348882e-05,1986,1990,5,1.076492475305668e-05,1.092124615809098e-05,1.109739991400627e-05,1.022887069999645e-05,1.136436463449811e-05,Descriptive only; unavailable edge years are blank rather than imputed.
FT-Q-V01-105,afraid,fear_afraid,FT-A0607,2006–2007,2006,2007,1.976880774634537e-05,2.159649101456107e-05,2.068264938045322e-05,2005,2008,4,2.113699614604211e-05,2.072675658084527e-05,2.332566367613254e-05,1.760079535398015e-05,3.18355538496462e-05,Descriptive only; unavailable edge years are blank rather than imputed.
FT-Q-V01-105,afraid,fear_afraid,FT-A2015,2015,2015,2015,4.288384451456295e-05,4.288384451456295e-05,4.288384451456295e-05,2014,2016,3,4.137366458967229e-05,4.288384451456295e-05,4.350840819156154e-05,3.698289099958174e-05,5.036736175314457e-05,Descriptive only; unavailable edge years are blank rather than imputed.
FT-Q-V01-105,afraid,fear_afraid,FT-A2022,2022,2022,2022,4.233809789883428e-05,4.233809789883428e-05,4.233809789883428e-05,2021,2023,2,4.088140822501238e-05,4.088140822501238e-05,4.233809789883428e-05,5.070655725080419e-05,,Descriptive only; unavailable edge years are blank rather than imputed.
FT-Q-V01-106,anxious,anxiety,FT-A1842,1842,1842,1842,3.869925836497146e-05,3.869925836497146e-05,3.869925836497146e-05,1839,1845,4,3.913996219562232e-05,3.835742410984722e-05,4.193757599324499e-05,,3.884332948578262e-05,Descriptive only; unavailable edge years are blank rather than imputed.
FT-Q-V01-106,anxious,anxiety,FT-A1938,1938,1938,1938,1.130616075784019e-05,1.130616075784019e-05,1.130616075784019e-05,1936,1940,5,1.072043320078653e-05,1.092261424062713e-05,1.130616075784019e-05,1.141235779663768e-05,1.03933797803879e-05,Descriptive only; unavailable edge years are blank rather than imputed.
FT-Q-V01-106,anxious,anxiety,FT-A1988,1988,1988,1988,6.107358935025786e-06,6.107358935025786e-06,6.107358935025786e-06,1986,1990,5,5.951982170283865e-06,5.96581182119027e-06,6.107358935025786e-06,6.047259251460574e-06,5.755522332145935e-06,Descriptive only; unavailable edge years are blank rather than imputed.
FT-Q-V01-106,anxious,anxiety,FT-A0607,2006–2007,2006,2007,8.508186313434252e-06,9.368124114672582e-06,8.938155214053417e-06,2005,2008,4,9.11532784787783e-06,8.938155214053417e-06,1.017111141665e-05,7.649450749392522e-06,1.221097020885423e-05,Descriptive only; unavailable edge years are blank rather than imputed.
FT-Q-V01-106,anxious,anxiety,FT-A2015,2015,2015,2015,1.482205210834309e-05,1.482205210834309e-05,1.482205210834309e-05,2014,2016,3,1.447894721214963e-05,1.482205210834309e-05,1.521399350185026e-05,1.358075491898689e-05,1.588177657490461e-05,Descriptive only; unavailable edge years are blank rather than imputed.
FT-Q-V01-106,anxious,anxiety,FT-A2022,2022,2022,2022,1.753054791498593e-05,1.753054791498593e-05,1.753054791498593e-05,2021,2023,2,1.608468696928829e-05,1.608468696928829e-05,1.753054791498593e-05,1.612938257437163e-05,,Descriptive only; unavailable edge years are blank rather than imputed.
FT-Q-V01-107,hopeless,distress_depression,FT-A1842,1842,1842,1842,7.749827982905799e-06,7.749827982905799e-06,7.749827982905799e-06,1839,1845,4,8.12635539859663e-06,8.020868305980144e-06,8.735742023091575e-06,,8.251436633521791e-06,Descriptive only; unavailable edge years are blank rather than imputed.
FT-Q-V01-107,hopeless,distress_depression,FT-A1938,1938,1938,1938,3.078077401852397e-06,3.078077401852397e-06,3.078077401852397e-06,1936,1940,5,2.933616763023394e-06,2.904975069384363e-06,3.18144421207478e-06,3.307002164731898e-06,2.676369908627407e-06,Descriptive only; unavailable edge years are blank rather than imputed.
FT-Q-V01-107,hopeless,distress_depression,FT-A1988,1988,1988,1988,1.574195990450278e-06,1.574195990450278e-06,1.574195990450278e-06,1986,1990,5,1.567654132550444e-06,1.56835368780861e-06,1.586562284217052e-06,1.550449421294786e-06,1.577878659375642e-06,Descriptive only; unavailable edge years are blank rather than imputed.
FT-Q-V01-107,hopeless,distress_depression,FT-A0607,2006–2007,2006,2007,2.366883613547088e-06,2.603596225725369e-06,2.485239919636228e-06,2005,2008,4,2.521335855654172e-06,2.485239919636228e-06,2.802628415565778e-06,2.106832610415666e-06,3.416655605548158e-06,Descriptive only; unavailable edge years are blank rather than imputed.
FT-Q-V01-107,hopeless,distress_depression,FT-A2015,2015,2015,2015,4.200327168746298e-06,4.200327168746298e-06,4.200327168746298e-06,2014,2016,3,4.05229339150992e-06,4.200327168746298e-06,4.232715550500643e-06,3.771050815970511e-06,3.756279631517145e-06,Descriptive only; unavailable edge years are blank rather than imputed.
FT-Q-V01-107,hopeless,distress_depression,FT-A2022,2022,2022,2022,4.716772487256549e-06,4.716772487256549e-06,4.716772487256549e-06,2021,2023,2,4.339309100487299e-06,4.339309100487299e-06,4.716772487256549e-06,3.803881283204191e-06,,Descriptive only; unavailable edge years are blank rather than imputed.
FT-Q-V01-108,sad,distress_depression,FT-A1842,1842,1842,1842,2.810681350240429e-05,2.810681350240429e-05,2.810681350240429e-05,1839,1845,4,2.937996476386207e-05,2.930211333534993e-05,3.116317340229324e-05,,2.980246424795219e-05,Descriptive only; unavailable edge years are blank rather than imputed.
FT-Q-V01-108,sad,distress_depression,FT-A1938,1938,1938,1938,7.116686279312612e-06,7.116686279312612e-06,7.116686279312612e-06,1936,1940,5,6.637398661617222e-06,6.533128662229715e-06,7.116686279312612e-06,7.00117697788466e-06,6.404308718313545e-06,Descriptive only; unavailable edge years are blank rather than imputed.
FT-Q-V01-108,sad,distress_depression,FT-A1988,1988,1988,1988,7.082451503964693e-06,7.082451503964693e-06,7.082451503964693e-06,1986,1990,5,7.094843103179482e-06,7.082451503964693e-06,7.641308767552396e-06,6.632184891196269e-06,7.448996732777047e-06,Descriptive only; unavailable edge years are blank rather than imputed.
FT-Q-V01-108,sad,distress_depression,FT-A0607,2006–2007,2006,2007,1.270232452813339e-05,1.357899595096079e-05,1.314066023954709e-05,2005,2008,4,1.337068437225024e-05,1.314066023954709e-05,1.48306508530073e-05,1.11150778755495e-05,1.778923179273154e-05,Descriptive only; unavailable edge years are blank rather than imputed.
FT-Q-V01-108,sad,distress_depression,FT-A2015,2015,2015,2015,2.244314198969477e-05,2.244314198969477e-05,2.244314198969477e-05,2014,2016,3,2.177257510449966e-05,2.238754962519129e-05,2.244314198969477e-05,1.957731027862619e-05,2.276467990314224e-05,Descriptive only; unavailable edge years are blank rather than imputed.
FT-Q-V01-108,sad,distress_depression,FT-A2022,2022,2022,2022,2.540873449891415e-05,2.540873449891415e-05,2.540873449891415e-05,2021,2023,2,2.430353808133279e-05,2.430353808133279e-05,2.540873449891415e-05,2.330694149616994e-05,,Descriptive only; unavailable edge years are blank rather than imputed.
FT-Q-V01-109,angry,distress_depression,FT-A1842,1842,1842,1842,1.486580042708852e-05,1.486580042708852e-05,1.486580042708852e-05,1839,1845,4,1.556864973562e-05,1.537681891328191e-05,1.665516068882766e-05,,1.567855961042142e-05,Descriptive only; unavailable edge years are blank rather than imputed.
FT-Q-V01-109,angry,distress_depression,FT-A1938,1938,1938,1938,4.559940654402794e-06,4.559940654402794e-06,4.559940654402794e-06,1936,1940,5,4.161529450819046e-06,4.001540984788221e-06,4.559940654402794e-06,4.334782253678782e-06,3.964469603090493e-06,Descriptive only; unavailable edge years are blank rather than imputed.
FT-Q-V01-109,angry,distress_depression,FT-A1988,1988,1988,1988,7.51778329544095e-06,7.51778329544095e-06,7.51778329544095e-06,1986,1990,5,7.516155868358965e-06,7.51778329544095e-06,7.935593608010549e-06,6.807532776065272e-06,8.302558991601928e-06,Descriptive only; unavailable edge years are blank rather than imputed.
FT-Q-V01-109,angry,distress_depression,FT-A0607,2006–2007,2006,2007,1.53830203544203e-05,1.647590850950564e-05,1.592946443196297e-05,2005,2008,4,1.625747215072693e-05,1.592946443196297e-05,1.809022834464713e-05,1.348147606421435e-05,2.416584787283682e-05,Descriptive only; unavailable edge years are blank rather than imputed.
FT-Q-V01-109,angry,distress_depression,FT-A2015,2015,2015,2015,3.206412924328106e-05,3.206412924328106e-05,3.206412924328106e-05,2014,2016,3,3.107766922501772e-05,3.206412924328106e-05,3.232414587728272e-05,2.774914548808738e-05,3.672358315043311e-05,Descriptive only; unavailable edge years are blank rather than imputed.
FT-Q-V01-109,angry,distress_depression,FT-A2022,2022,2022,2022,3.134844381236235e-05,3.134844381236235e-05,3.134844381236235e-05,2021,2023,2,3.089259022459601e-05,3.089259022459601e-05,3.134844381236235e-05,3.704198396690117e-05,,Descriptive only; unavailable edge years are blank rather than imputed.
FT-Q-V01-110,frustrated,distress_depression,FT-A1842,1842,1842,1842,2.472158670219216e-06,2.472158670219216e-06,2.472158670219216e-06,1839,1845,4,2.308196047073885e-06,2.374283334383165e-06,2.472158670219216e-06,,2.165075412730033e-06,Descriptive only; unavailable edge years are blank rather than imputed.
FT-Q-V01-110,frustrated,distress_depression,FT-A1938,1938,1938,1938,9.431432204110024e-07,9.431432204110024e-07,9.431432204110024e-07,1936,1940,5,9.851296968843571e-07,9.5614154504986e-07,1.086168782027386e-06,9.073108718560263e-07,1.255708626946017e-06,Descriptive only; unavailable edge years are blank rather than imputed.
FT-Q-V01-110,frustrated,distress_depression,FT-A1988,1988,1988,1988,3.289961124863794e-06,3.289961124863794e-06,3.289961124863794e-06,1986,1990,5,3.257730449846008e-06,3.289961124863794e-06,3.318817217490277e-06,3.098489325381593e-06,3.381291095649885e-06,Descriptive only; unavailable edge years are blank rather than imputed.
FT-Q-V01-110,frustrated,distress_depression,FT-A0607,2006–2007,2006,2007,5.059109890126479e-06,5.217783510147456e-06,5.138446700136967e-06,2005,2008,4,5.203297456457534e-06,5.138446700136967e-06,5.526417526269256e-06,4.614653196810536e-06,6.665608176348315e-06,Descriptive only; unavailable edge years are blank rather than imputed.
FT-Q-V01-110,frustrated,distress_depression,FT-A2015,2015,2015,2015,8.185089514611832e-06,8.185089514611832e-06,8.185089514611832e-06,2014,2016,3,8.044908398119333e-06,8.156119450930532e-06,8.185089514611832e-06,7.261410186387706e-06,7.862736371322399e-06,Descriptive only; unavailable edge years are blank rather than imputed.
FT-Q-V01-110,frustrated,distress_depression,FT-A2022,2022,2022,2022,7.597455986996238e-06,7.597455986996238e-06,7.597455986996238e-06,2021,2023,2,7.820137710723429e-06,7.820137710723429e-06,8.042819434450621e-06,7.912597012449397e-06,,Descriptive only; unavailable edge years are blank rather than imputed.
FT-Q-V01-111,hopeful,concern_alarm,FT-A1842,1842,1842,1842,2.357188563451018e-06,2.357188563451018e-06,2.357188563451018e-06,1839,1845,4,3.104587253499602e-06,3.266890447939375e-06,3.527379554668642e-06,,3.413376134275836e-06,Descriptive only; unavailable edge years are blank rather than imputed.
FT-Q-V01-111,hopeful,concern_alarm,FT-A1938,1938,1938,1938,3.194065403278046e-06,3.194065403278046e-06,3.194065403278046e-06,1936,1940,5,2.913196037468424e-06,2.972074792495505e-06,3.194065403278046e-06,3.309587791733293e-06,2.841287761157218e-06,Descriptive only; unavailable edge years are blank rather than imputed.
FT-Q-V01-111,hopeful,concern_alarm,FT-A1988,1988,1988,1988,2.021741480007222e-06,2.021741480007222e-06,2.021741480007222e-06,1986,1990,5,1.958718212335953e-06,1.938482609986636e-06,2.021741480007222e-06,1.965274167403663e-06,1.980362409170766e-06,Descriptive only; unavailable edge years are blank rather than imputed.
FT-Q-V01-111,hopeful,concern_alarm,FT-A0607,2006–2007,2006,2007,2.639803955872821e-06,2.804317349003327e-06,2.722060652438074e-06,2005,2008,4,2.754390452386346e-06,2.728534987728182e-06,2.920687878216199e-06,2.383548261164492e-06,3.409054575698178e-06,Descriptive only; unavailable edge years are blank rather than imputed.
FT-Q-V01-111,hopeful,concern_alarm,FT-A2015,2015,2015,2015,4.381402916919797e-06,4.381402916919797e-06,4.381402916919797e-06,2014,2016,3,4.314301495611517e-06,4.381402916919797e-06,4.423301652067835e-06,3.722338105660583e-06,4.237941432805314e-06,Descriptive only; unavailable edge years are blank rather than imputed.
FT-Q-V01-111,hopeful,concern_alarm,FT-A2022,2022,2022,2022,4.994718922901598e-06,4.994718922901598e-06,4.994718922901598e-06,2021,2023,2,4.901949312241527e-06,4.901949312241527e-06,4.994718922901598e-06,4.372137389552222e-06,,Descriptive only; unavailable edge years are blank rather than imputed.
FT-Q-V01-112,disgusted,distress_depression,FT-A1842,1842,1842,1842,2.792127986595005e-06,2.792127986595005e-06,2.792127986595005e-06,1839,1845,4,2.879004708383759e-06,2.881121538400588e-06,3.003750467911459e-06,,2.821564238852936e-06,Descriptive only; unavailable edge years are blank rather than imputed.
FT-Q-V01-112,disgusted,distress_depression,FT-A1938,1938,1938,1938,8.480208872896355e-07,8.480208872896355e-07,8.480208872896355e-07,1936,1940,5,7.978445338174822e-07,7.995787001391363e-07,8.480208872896355e-07,8.410063822239522e-07,7.462678883518592e-07,Descriptive only; unavailable edge years are blank rather than imputed.
FT-Q-V01-112,disgusted,distress_depression,FT-A1988,1988,1988,1988,5.909761447986384e-07,5.909761447986384e-07,5.909761447986384e-07,1986,1990,5,5.786703904719914e-07,5.909761447986384e-07,5.978433741393729e-07,5.469689776660402e-07,6.197203249680427e-07,Descriptive only; unavailable edge years are blank rather than imputed.
FT-Q-V01-112,disgusted,distress_depression,FT-A0607,2006–2007,2006,2007,1.171719041792585e-06,1.319191128779096e-06,1.24545508528584e-06,2005,2008,4,1.266938157051811e-06,1.24545508528584e-06,1.426907071611083e-06,1.029261981511098e-06,1.909811020084362e-06,Descriptive only; unavailable edge years are blank rather than imputed.
FT-Q-V01-112,disgusted,distress_depression,FT-A2015,2015,2015,2015,2.510783113862658e-06,2.510783113862658e-06,2.510783113862658e-06,2014,2016,3,2.482790493788893e-06,2.510783113862658e-06,2.693003529508076e-06,2.222765769044344e-06,2.66567298732312e-06,Descriptive only; unavailable edge years are blank rather than imputed.
FT-Q-V01-112,disgusted,distress_depression,FT-A2022,2022,2022,2022,2.543607640959067e-06,2.543607640959067e-06,2.543607640959067e-06,2021,2023,2,2.408987088919901e-06,2.408987088919901e-06,2.543607640959067e-06,2.671629327100078e-06,,Descriptive only; unavailable edge years are blank rather than imputed.
FT-Q-V01-113,outraged,distress_depression,FT-A1842,1842,1842,1842,1.254328481969935e-06,1.254328481969935e-06,1.254328481969935e-06,1839,1845,4,1.392830855789784e-06,1.430666454638185e-06,1.45566203191283e-06,,1.454436268999437e-06,Descriptive only; unavailable edge years are blank rather than imputed.
FT-Q-V01-113,outraged,distress_depression,FT-A1938,1938,1938,1938,6.021347390694487e-07,6.021347390694487e-07,6.021347390694487e-07,1936,1940,5,5.844087107798046e-07,5.855625077599846e-07,6.507941248123927e-07,6.226899449401913e-07,5.653174933617499e-07,Descriptive only; unavailable edge years are blank rather than imputed.
FT-Q-V01-113,outraged,distress_depression,FT-A1988,1988,1988,1988,8.586316730951893e-07,8.586316730951893e-07,8.586316730951893e-07,1986,1990,5,8.779847369577709e-07,8.586316730951893e-07,9.41032208157111e-07,8.026958494777858e-07,9.519794568646489e-07,Descriptive only; unavailable edge years are blank rather than imputed.
FT-Q-V01-113,outraged,distress_depression,FT-A0607,2006–2007,2006,2007,1.27507472225119e-06,1.373316791397627e-06,1.324195756824409e-06,2005,2008,4,1.338099066494625e-06,1.324195756824409e-06,1.440290688714541e-06,1.199781014982193e-06,1.724592986462881e-06,Descriptive only; unavailable edge years are blank rather than imputed.
FT-Q-V01-113,outraged,distress_depression,FT-A2015,2015,2015,2015,1.949325438399541e-06,1.949325438399541e-06,1.949325438399541e-06,2014,2016,3,1.922845137780627e-06,1.949325438399541e-06,2.010090121018493e-06,1.829416296006414e-06,1.656151334028522e-06,Descriptive only; unavailable edge years are blank rather than imputed.
FT-Q-V01-113,outraged,distress_depression,FT-A2022,2022,2022,2022,1.70548937417081e-06,1.70548937417081e-06,1.70548937417081e-06,2021,2023,2,1.701641459739278e-06,1.701641459739278e-06,1.70548937417081e-06,1.633886072305302e-06,,Descriptive only; unavailable edge years are blank rather than imputed.
FT-Q-V01-114,depressed,distress_depression,FT-A1842,1842,1842,1842,9.307701199112728e-06,9.307701199112728e-06,9.307701199112728e-06,1839,1845,4,8.833649834061319e-06,8.387306276613771e-06,1.112499241706644e-05,,7.833962175674002e-06,Descriptive only; unavailable edge years are blank rather than imputed.
FT-Q-V01-114,depressed,distress_depression,FT-A1938,1938,1938,1938,6.043337837269291e-06,6.043337837269291e-06,6.043337837269291e-06,1936,1940,5,5.955838283711046e-06,6.014436863210904e-06,6.256823255057498e-06,6.54556495618408e-06,5.517063975091219e-06,Descriptive only; unavailable edge years are blank rather than imputed.
FT-Q-V01-114,depressed,distress_depression,FT-A1988,1988,1988,1988,7.711703084112287e-06,7.711703084112287e-06,7.711703084112287e-06,1986,1990,5,7.70352582577516e-06,7.711703084112287e-06,8.137059289481385e-06,8.244530333456623e-06,7.166296734339994e-06,Descriptive only; unavailable edge years are blank rather than imputed.
FT-Q-V01-114,depressed,distress_depression,FT-A0607,2006–2007,2006,2007,6.793051444020648e-06,7.274933071954592e-06,7.03399225798762e-06,2005,2008,4,7.125661487528134e-06,7.156418689646671e-06,7.396757126798548e-06,6.749783695170209e-06,8.303795592823348e-06,Descriptive only; unavailable edge years are blank rather than imputed.
FT-Q-V01-114,depressed,distress_depression,FT-A2015,2015,2015,2015,7.909356614987928e-06,7.909356614987928e-06,7.909356614987928e-06,2014,2016,3,7.849610368519203e-06,7.909356614987928e-06,8.260656816361234e-06,8.670536207944223e-06,7.895873240926221e-06,Descriptive only; unavailable edge years are blank rather than imputed.
FT-Q-V01-114,depressed,distress_depression,FT-A2022,2022,2022,2022,6.592711166319987e-06,6.592711166319987e-06,6.592711166319987e-06,2021,2023,2,6.748224906871769e-06,6.748224906871769e-06,6.903738647423552e-06,7.800857435569242e-06,,Descriptive only; unavailable edge years are blank rather than imputed.
FT-Q-V01-115,symptoms of anxiety,anxiety,FT-A1842,1842,1842,1842,4.118266616615074e-09,4.118266616615074e-09,4.118266616615074e-09,1839,1845,4,4.011264931325087e-09,4.481764959152201e-09,5.474773523417298e-09,,4.648581652944017e-09,Descriptive only; unavailable edge years are blank rather than imputed.
FT-Q-V01-115,symptoms of anxiety,anxiety,FT-A1938,1938,1938,1938,4.033755884869095e-09,4.033755884869095e-09,4.033755884869095e-09,1936,1940,5,6.490691353833178e-09,6.004900576783712e-09,9.315941004728323e-09,4.778522508241956e-09,7.301353732724891e-09,Descriptive only; unavailable edge years are blank rather than imputed.
FT-Q-V01-115,symptoms of anxiety,anxiety,FT-A1988,1988,1988,1988,7.033237547915405e-08,7.033237547915405e-08,7.033237547915405e-08,1986,1990,5,6.351281194652558e-08,6.465194942253949e-08,7.033237547915405e-08,6.461574582894424e-08,6.435144092042933e-08,Descriptive only; unavailable edge years are blank rather than imputed.
FT-Q-V01-115,symptoms of anxiety,anxiety,FT-A0607,2006–2007,2006,2007,1.017628106780855e-07,1.071436565580619e-07,1.044532336180737e-07,2005,2008,4,1.073318657007771e-07,1.055594523180492e-07,1.164457474889247e-07,9.053365125286095e-08,1.269122778660425e-07,Descriptive only; unavailable edge years are blank rather than imputed.
FT-Q-V01-115,symptoms of anxiety,anxiety,FT-A2015,2015,2015,2015,1.362641557159372e-07,1.362641557159372e-07,1.362641557159372e-07,2014,2016,3,1.329768931773723e-07,1.325987174852217e-07,1.362641557159372e-07,1.347730457457175e-07,1.467787035067114e-07,Descriptive only; unavailable edge years are blank rather than imputed.
FT-Q-V01-115,symptoms of anxiety,anxiety,FT-A2022,2022,2022,2022,1.926471570046218e-07,1.926471570046218e-07,1.926471570046218e-07,2021,2023,2,1.894039404065628e-07,1.894039404065628e-07,1.926471570046218e-07,1.579972870022206e-07,,Descriptive only; unavailable edge years are blank rather than imputed.
FT-Q-V01-116,climate anxiety,anxiety,FT-A1842,1842,1842,1842,0,0,0,1839,1845,4,0,0,0,,0,Descriptive only; unavailable edge years are blank rather than imputed.
FT-Q-V01-116,climate anxiety,anxiety,FT-A1938,1938,1938,1938,0,0,0,1936,1940,5,0,0,0,0,0,Descriptive only; unavailable edge years are blank rather than imputed.
FT-Q-V01-116,climate anxiety,anxiety,FT-A1988,1988,1988,1988,0,0,0,1986,1990,5,1.00189932739081e-11,0,5.009496636954047e-11,2.001534007978201e-11,0,Descriptive only; unavailable edge years are blank rather than imputed.
FT-Q-V01-116,climate anxiety,anxiety,FT-A0607,2006–2007,2006,2007,0,4.497542963055601e-11,2.2487714815278e-11,2005,2008,4,1.1243857407639e-11,0,4.497542963055601e-11,0,3.662008266069882e-11,Descriptive only; unavailable edge years are blank rather than imputed.
FT-Q-V01-116,climate anxiety,anxiety,FT-A2015,2015,2015,2015,1.86809217400663e-10,1.86809217400663e-10,1.86809217400663e-10,2014,2016,3,1.461941355011357e-10,1.622580021731768e-10,1.86809217400663e-10,7.608841889883423e-11,1.652710000799029e-09,Descriptive only; unavailable edge years are blank rather than imputed.
FT-Q-V01-116,climate anxiety,anxiety,FT-A2022,2022,2022,2022,3.579004737019886e-08,3.579004737019886e-08,3.579004737019886e-08,2021,2023,2,2.405733245947062e-08,2.405733245947062e-08,3.579004737019886e-08,4.099730473161589e-09,,Descriptive only; unavailable edge years are blank rather than imputed.
FT-Q-V01-117,eco-anxiety,anxiety,FT-A1842,1842,1842,1842,0,0,0,1839,1845,4,0,0,0,,0,Descriptive only; unavailable edge years are blank rather than imputed.
FT-Q-V01-117,eco-anxiety,anxiety,FT-A1938,1938,1938,1938,0,0,0,1936,1940,5,0,0,0,0,0,Descriptive only; unavailable edge years are blank rather than imputed.
FT-Q-V01-117,eco-anxiety,anxiety,FT-A1988,1988,1988,1988,0,0,0,1986,1990,5,0,0,0,0,0,Descriptive only; unavailable edge years are blank rather than imputed.
FT-Q-V01-117,eco-anxiety,anxiety,FT-A0607,2006–2007,2006,2007,4.954372329057932e-11,7.774596660903299e-10,4.135016946904546e-10,2005,2008,4,4.243123014405215e-10,4.13832501253153e-10,8.200404799652006e-10,1.00410672831952e-11,9.343142051698728e-10,Descriptive only; unavailable edge years are blank rather than imputed.
FT-Q-V01-117,eco-anxiety,anxiety,FT-A2015,2015,2015,2015,8.997633402230143e-10,8.997633402230143e-10,8.997633402230143e-10,2014,2016,3,5.941824567090581e-10,6.221050341537193e-10,8.997633402230143e-10,6.229543735025711e-10,5.225670512976066e-09,Descriptive only; unavailable edge years are blank rather than imputed.
FT-Q-V01-117,eco-anxiety,anxiety,FT-A2022,2022,2022,2022,5.496096178170262e-08,5.496096178170262e-08,5.496096178170262e-08,2021,2023,2,4.02901724205762e-08,4.02901724205762e-08,5.496096178170262e-08,1.022512611803528e-08,,Descriptive only; unavailable edge years are blank rather than imputed.
FT-Q-V01-118,psychological distress,distress_depression,FT-A1842,1842,1842,1842,0,0,0,1839,1845,4,0,0,0,,0,Descriptive only; unavailable edge years are blank rather than imputed.
FT-Q-V01-118,psychological distress,distress_depression,FT-A1938,1938,1938,1938,6.682316922024256e-10,6.682316922024256e-10,6.682316922024256e-10,1936,1940,5,6.594916041047228e-09,1.645465902422316e-09,2.794092102131884e-08,6.596340793030286e-09,1.418233316896611e-09,Descriptive only; unavailable edge years are blank rather than imputed.
FT-Q-V01-118,psychological distress,distress_depression,FT-A1988,1988,1988,1988,1.915481164793675e-07,1.915481164793675e-07,1.915481164793675e-07,1986,1990,5,2.178789550999483e-07,1.951272117217684e-07,2.732309152264634e-07,1.507138718270795e-07,2.551541875561725e-07,Descriptive only; unavailable edge years are blank rather than imputed.
FT-Q-V01-118,psychological distress,distress_depression,FT-A0607,2006–2007,2006,2007,4.426177031557899e-07,3.763993797756271e-07,4.095085414657085e-07,2005,2008,4,4.122722272459356e-07,4.147939229315334e-07,4.431016833450485e-07,3.736254032160602e-07,4.285617902000105e-07,Descriptive only; unavailable edge years are blank rather than imputed.
FT-Q-V01-118,psychological distress,distress_depression,FT-A2015,2015,2015,2015,4.692647605497591e-07,4.692647605497591e-07,4.692647605497591e-07,2014,2016,3,4.609615102957321e-07,4.692647605497591e-07,4.908565409134091e-07,4.438279521346011e-07,5.332874753904981e-07,Descriptive only; unavailable edge years are blank rather than imputed.
FT-Q-V01-118,psychological distress,distress_depression,FT-A2022,2022,2022,2022,8.442735095481879e-07,8.442735095481879e-07,8.442735095481879e-07,2021,2023,2,7.654416062652381e-07,7.654416062652381e-07,8.442735095481879e-07,5.72438107804274e-07,,Descriptive only; unavailable edge years are blank rather than imputed.
FT-Q-V01-119,distress,distress_depression,FT-A1842,1842,1842,1842,4.52841779292612e-05,4.52841779292612e-05,4.52841779292612e-05,1839,1845,4,3.767014474931329e-05,3.630354201789032e-05,4.52841779292612e-05,,3.516156692739969e-05,Descriptive only; unavailable edge years are blank rather than imputed.
FT-Q-V01-119,distress,distress_depression,FT-A1938,1938,1938,1938,7.339661380001417e-06,7.339661380001417e-06,7.339661380001417e-06,1936,1940,5,7.150785940268634e-06,7.240774792194316e-06,7.866085041996485e-06,8.427174444136654e-06,6.049741088531846e-06,Descriptive only; unavailable edge years are blank rather than imputed.
FT-Q-V01-119,distress,distress_depression,FT-A1988,1988,1988,1988,8.156161257488748e-06,8.156161257488748e-06,8.156161257488748e-06,1986,1990,5,8.319006340684609e-06,8.389929618601855e-06,9.000239117540332e-06,7.617077145027906e-06,8.607680459249423e-06,Descriptive only; unavailable edge years are blank rather than imputed.
FT-Q-V01-119,distress,distress_depression,FT-A0607,2006–2007,2006,2007,1.067856989322991e-05,1.097895778201519e-05,1.082876383762255e-05,2005,2008,4,1.090311747553585e-05,1.082876383762255e-05,1.164162585354234e-05,1.011848163017248e-05,1.200306169408805e-05,Descriptive only; unavailable edge years are blank rather than imputed.
FT-Q-V01-119,distress,distress_depression,FT-A2015,2015,2015,2015,1.367328086843145e-05,1.367328086843145e-05,1.367328086843145e-05,2014,2016,3,1.311823762032797e-05,1.286377818132678e-05,1.367328086843145e-05,1.244163205313953e-05,1.318435492834169e-05,Descriptive only; unavailable edge years are blank rather than imputed.
FT-Q-V01-119,distress,distress_depression,FT-A2022,2022,2022,2022,1.530569114294167e-05,1.530569114294167e-05,1.530569114294167e-05,2021,2023,2,1.473270839014162e-05,1.473270839014162e-05,1.530569114294167e-05,1.345276929356487e-05,,Descriptive only; unavailable edge years are blank rather than imputed.
FT-Q-V01-120,powerlessness,distress_depression,FT-A1842,1842,1842,1842,4.805623099457534e-08,4.805623099457534e-08,4.805623099457534e-08,1839,1845,4,9.560409550135596e-08,1.072133856139246e-07,1.199333797829993e-07,,1.129927696075228e-07,Descriptive only; unavailable edge years are blank rather than imputed.
FT-Q-V01-120,powerlessness,distress_depression,FT-A1938,1938,1938,1938,4.725432958818665e-08,4.725432958818665e-08,4.725432958818665e-08,1936,1940,5,5.724020589736867e-08,4.725432958818665e-08,1.017833810568192e-07,6.256934997200814e-08,4.330209640857063e-08,Descriptive only; unavailable edge years are blank rather than imputed.
FT-Q-V01-120,powerlessness,distress_depression,FT-A1988,1988,1988,1988,5.816229462496381e-07,5.816229462496381e-07,5.816229462496381e-07,1986,1990,5,5.819874025370097e-07,5.816229462496381e-07,6.008489084052826e-07,5.156323791055684e-07,6.358033320275069e-07,Descriptive only; unavailable edge years are blank rather than imputed.
FT-Q-V01-120,powerlessness,distress_depression,FT-A0607,2006–2007,2006,2007,7.747634387378355e-07,7.41349112098888e-07,7.580562754183617e-07,2005,2008,4,7.616042577152093e-07,7.65152240012057e-07,7.747634387378355e-07,7.258418083466722e-07,7.910155633616967e-07,Descriptive only; unavailable edge years are blank rather than imputed.
FT-Q-V01-120,powerlessness,distress_depression,FT-A2015,2015,2015,2015,8.678666019168446e-07,8.678666019168446e-07,8.678666019168446e-07,2014,2016,3,9.093052390311366e-07,8.697330025064787e-07,9.903161126700866e-07,8.271708051399429e-07,9.6513899832118e-07,Descriptive only; unavailable edge years are blank rather than imputed.
FT-Q-V01-120,powerlessness,distress_depression,FT-A2022,2022,2022,2022,8.604735197703661e-07,8.604735197703661e-07,8.604735197703661e-07,2021,2023,2,9.170843425776454e-07,9.170843425776454e-07,9.736951653849246e-07,9.618148088641477e-07,,Descriptive only; unavailable edge years are blank rather than imputed.
FT-Q-V01-121,climatic change,climate,FT-A1842,1842,1842,1842,0,0,0,1839,1845,4,7.116216504954309e-10,0,2.846486601981724e-09,,8.717262356405798e-10,Descriptive only; unavailable edge years are blank rather than imputed.
FT-Q-V01-121,climatic change,climate,FT-A1938,1938,1938,1938,5.535186192728858e-08,5.535186192728858e-08,5.535186192728858e-08,1936,1940,5,5.845349083100082e-08,5.616523338081159e-08,6.931576107538362e-08,7.625779946396349e-08,7.066246695552892e-08,Descriptive only; unavailable edge years are blank rather than imputed.
FT-Q-V01-121,climatic change,climate,FT-A1988,1988,1988,1988,6.100814835992285e-07,6.100814835992285e-07,6.100814835992285e-07,1986,1990,5,7.66692827404436e-07,6.100814835992285e-07,1.085340898890341e-06,5.771213112924778e-07,9.754921369085901e-07,Descriptive only; unavailable edge years are blank rather than imputed.
FT-Q-V01-121,climatic change,climate,FT-A0607,2006–2007,2006,2007,3.489940754372589e-07,3.570599467934976e-07,3.530270111153783e-07,2005,2008,4,3.56313442917422e-07,3.573384677411223e-07,3.615827607501843e-07,3.87891278053748e-07,4.174648364010936e-07,Descriptive only; unavailable edge years are blank rather than imputed.
FT-Q-V01-121,climatic change,climate,FT-A2015,2015,2015,2015,3.089357515362323e-07,3.089357515362323e-07,3.089357515362323e-07,2014,2016,3,3.692240586073796e-07,3.617756262966343e-07,4.36960797989272e-07,4.838376090061936e-07,3.464200717222254e-07,Descriptive only; unavailable edge years are blank rather than imputed.
FT-Q-V01-121,climatic change,climate,FT-A2022,2022,2022,2022,3.561308840049904e-07,3.561308840049904e-07,3.561308840049904e-07,2021,2023,2,3.539886594197683e-07,3.539886594197683e-07,3.561308840049904e-07,3.444342334298078e-07,,Descriptive only; unavailable edge years are blank rather than imputed.
FT-Q-V01-122,climate system,climate,FT-A1842,1842,1842,1842,0,0,0,1839,1845,4,1.607362021260883e-10,0,6.429448085043532e-10,,2.293793488483686e-10,Descriptive only; unavailable edge years are blank rather than imputed.
FT-Q-V01-122,climate system,climate,FT-A1938,1938,1938,1938,6.682317199580012e-10,6.682317199580012e-10,6.682317199580012e-10,1936,1940,5,2.190172709859439e-10,1.073125199813063e-10,6.682317199580012e-10,1.194253007597013e-09,8.671801887683017e-10,Descriptive only; unavailable edge years are blank rather than imputed.
FT-Q-V01-122,climate system,climate,FT-A1988,1988,1988,1988,1.403666166632789e-07,1.403666166632789e-07,1.403666166632789e-07,1986,1990,5,1.525106196664794e-07,1.403666166632789e-07,2.071410512005656e-07,1.03841471342514e-07,2.495327430435124e-07,Descriptive only; unavailable edge years are blank rather than imputed.
FT-Q-V01-122,climate system,climate,FT-A0607,2006–2007,2006,2007,2.739578170152246e-07,3.127591374774141e-07,2.933584772463194e-07,2005,2008,4,3.265339008386159e-07,3.241748239846132e-07,3.838281383700126e-07,2.966480599088383e-07,3.67952938105931e-07,Descriptive only; unavailable edge years are blank rather than imputed.
FT-Q-V01-122,climate system,climate,FT-A2015,2015,2015,2015,2.867988619925654e-07,2.867988619925654e-07,2.867988619925654e-07,2014,2016,3,3.076534733301624e-07,2.867988619925654e-07,3.609023630536667e-07,3.635919996657077e-07,2.6506464026535e-07,Descriptive only; unavailable edge years are blank rather than imputed.
FT-Q-V01-122,climate system,climate,FT-A2022,2022,2022,2022,2.992826562686624e-07,2.992826562686624e-07,2.992826562686624e-07,2021,2023,2,2.96323312701588e-07,2.96323312701588e-07,2.992826562686624e-07,2.686855951034017e-07,,Descriptive only; unavailable edge years are blank rather than imputed.
FT-Q-V01-123,climate crisis,crisis_emergency,FT-A1842,1842,1842,1842,0,0,0,1839,1845,4,0,0,0,,0,Descriptive only; unavailable edge years are blank rather than imputed.
FT-Q-V01-123,climate crisis,crisis_emergency,FT-A1938,1938,1938,1938,0,0,0,1936,1940,5,0,0,0,0,0,Descriptive only; unavailable edge years are blank rather than imputed.
FT-Q-V01-123,climate crisis,crisis_emergency,FT-A1988,1988,1988,1988,1.974213945099557e-09,1.974213945099557e-09,1.974213945099557e-09,1986,1990,5,2.956480328608624e-09,2.015256565790491e-09,5.595947760728137e-09,1.047998169495523e-09,4.009543608241018e-09,Descriptive only; unavailable edge years are blank rather than imputed.
FT-Q-V01-123,climate crisis,crisis_emergency,FT-A0607,2006–2007,2006,2007,1.721392753339934e-08,4.511035556209464e-08,3.116214154774699e-08,2005,2008,4,3.510280103050101e-08,3.116214154774699e-08,7.011102345910736e-08,6.398889551562093e-09,7.057338869409512e-08,Descriptive only; unavailable edge years are blank rather than imputed.
FT-Q-V01-123,climate crisis,crisis_emergency,FT-A2015,2015,2015,2015,8.700639558822942e-08,8.700639558822942e-08,8.700639558822942e-08,2014,2016,3,7.894277433602899e-08,8.700639558822942e-08,9.067888662173118e-08,6.285415010687245e-08,1.843084576735876e-07,Descriptive only; unavailable edge years are blank rather than imputed.
FT-Q-V01-123,climate crisis,crisis_emergency,FT-A2022,2022,2022,2022,9.38814122442011e-07,9.38814122442011e-07,9.38814122442011e-07,2021,2023,2,8.728122682377659e-07,8.728122682377659e-07,9.38814122442011e-07,3.275347631559455e-07,,Descriptive only; unavailable edge years are blank rather than imputed.
FT-Q-V01-124,climate emergency,crisis_emergency,FT-A1842,1842,1842,1842,0,0,0,1839,1845,4,0,0,0,,1.00848140949239e-10,Descriptive only; unavailable edge years are blank rather than imputed.
FT-Q-V01-124,climate emergency,crisis_emergency,FT-A1938,1938,1938,1938,0,0,0,1936,1940,5,0,0,0,0,0,Descriptive only; unavailable edge years are blank rather than imputed.
FT-Q-V01-124,climate emergency,crisis_emergency,FT-A1988,1988,1988,1988,0,0,0,1986,1990,5,5.551845927431742e-11,0,1.866012760975977e-10,0,7.365301632478172e-11,Descriptive only; unavailable edge years are blank rather than imputed.
FT-Q-V01-124,climate emergency,crisis_emergency,FT-A0607,2006–2007,2006,2007,4.578172285718551e-10,1.079410283377769e-09,7.686137559748119e-10,2005,2008,4,1.013537066774095e-09,7.686137559748119e-10,2.424177761306545e-09,9.030024020195704e-11,3.143292555407573e-09,Descriptive only; unavailable edge years are blank rather than imputed.
FT-Q-V01-124,climate emergency,crisis_emergency,FT-A2015,2015,2015,2015,6.398215714187305e-09,6.398215714187305e-09,6.398215714187305e-09,2014,2016,3,6.552228323566019e-09,6.398215714187305e-09,7.295487852720939e-09,4.169959848948634e-09,3.984483564478669e-08,Descriptive only; unavailable edge years are blank rather than imputed.
FT-Q-V01-124,climate emergency,crisis_emergency,FT-A2022,2022,2022,2022,2.626078123846298e-07,2.626078123846298e-07,2.626078123846298e-07,2021,2023,2,2.577383044766179e-07,2.577383044766179e-07,2.626078123846298e-07,8.895949738796372e-08,,Descriptive only; unavailable edge years are blank rather than imputed.
FT-Q-V01-125,heat,heat,FT-A1842,1842,1842,1842,7.384357303408251e-05,7.384357303408251e-05,7.384357303408251e-05,1839,1845,4,6.709025996201601e-05,6.688986536801389e-05,7.384357303408251e-05,,6.373859001860272e-05,Descriptive only; unavailable edge years are blank rather than imputed.
FT-Q-V01-125,heat,heat,FT-A1938,1938,1938,1938,8.523965218273921e-05,8.523965218273921e-05,8.523965218273921e-05,1936,1940,5,8.150083713014538e-05,8.383684550916648e-05,8.523965218273921e-05,7.961570870543278e-05,8.656959755720117e-05,Descriptive only; unavailable edge years are blank rather than imputed.
FT-Q-V01-125,heat,heat,FT-A1988,1988,1988,1988,8.679989608225552e-05,8.679989608225552e-05,8.679989608225552e-05,1986,1990,5,8.940785119251824e-05,8.679989608225552e-05,0.0001001983961574394,0.0001002149617601943,8.070428566666829e-05,Descriptive only; unavailable edge years are blank rather than imputed.
FT-Q-V01-125,heat,heat,FT-A0607,2006–2007,2006,2007,6.360847071413406e-05,6.960987830585685e-05,6.660917450999546e-05,2005,2008,4,6.680299867380893e-05,6.699682283762241e-05,6.960987830585685e-05,6.786856599872785e-05,7.972593767300376e-05,Descriptive only; unavailable edge years are blank rather than imputed.
FT-Q-V01-125,heat,heat,FT-A2015,2015,2015,2015,8.562833311283324e-05,8.562833311283324e-05,8.562833311283324e-05,2014,2016,3,8.581550592454597e-05,8.58316319023722e-05,8.598655275843248e-05,8.788595426057616e-05,8.344748656589213e-05,Descriptive only; unavailable edge years are blank rather than imputed.
FT-Q-V01-125,heat,heat,FT-A2022,2022,2022,2022,8.563693643673723e-05,8.563693643673723e-05,8.563693643673723e-05,2021,2023,2,8.494262691610167e-05,8.494262691610167e-05,8.563693643673723e-05,8.313082366451092e-05,,Descriptive only; unavailable edge years are blank rather than imputed.
FT-Q-V01-126,extreme heat,heat,FT-A1842,1842,1842,1842,3.295890467214235e-07,3.295890467214235e-07,3.295890467214235e-07,1839,1845,4,3.064288038034935e-07,3.085793259249847e-07,3.295890467214235e-07,,3.289485139723603e-07,Descriptive only; unavailable edge years are blank rather than imputed.
FT-Q-V01-126,extreme heat,heat,FT-A1938,1938,1938,1938,1.961260114313745e-07,1.961260114313745e-07,1.961260114313745e-07,1936,1940,5,2.132281178623963e-07,1.96703842547663e-07,2.477628645580765e-07,2.4209625749394e-07,2.071790214122626e-07,Descriptive only; unavailable edge years are blank rather than imputed.
FT-Q-V01-126,extreme heat,heat,FT-A1988,1988,1988,1988,1.261029182117457e-07,1.261029182117457e-07,1.261029182117457e-07,1986,1990,5,1.235440574703928e-07,1.261029182117457e-07,1.304809453955835e-07,1.249650823480219e-07,1.194120253233955e-07,Descriptive only; unavailable edge years are blank rather than imputed.
FT-Q-V01-126,extreme heat,heat,FT-A0607,2006–2007,2006,2007,1.71086288733302e-07,1.790471816642825e-07,1.750667351987922e-07,2005,2008,4,1.748445459638995e-07,1.750667351987922e-07,1.84950500723563e-07,1.544341474216115e-07,1.975656363291389e-07,Descriptive only; unavailable edge years are blank rather than imputed.
FT-Q-V01-126,extreme heat,heat,FT-A2015,2015,2015,2015,2.309896030561198e-07,2.309896030561198e-07,2.309896030561198e-07,2014,2016,3,2.236595870822959e-07,2.309896030561198e-07,2.31933844241361e-07,2.007517393154412e-07,2.309310328942049e-07,Descriptive only; unavailable edge years are blank rather than imputed.
FT-Q-V01-126,extreme heat,heat,FT-A2022,2022,2022,2022,3.640498242307721e-07,3.640498242307721e-07,3.640498242307721e-07,2021,2023,2,3.290400025848794e-07,3.290400025848794e-07,3.640498242307721e-07,2.433503002337301e-07,,Descriptive only; unavailable edge years are blank rather than imputed.
FT-Q-V01-127,fear,fear_afraid,FT-A1842,1842,1842,1842,9.290729823874244e-05,9.290729823874244e-05,9.290729823874244e-05,1839,1845,4,9.78389157992865e-05,9.740344211195406e-05,0.0001036414807344954,,9.850721613702262e-05,Descriptive only; unavailable edge years are blank rather than imputed.
FT-Q-V01-127,fear,fear_afraid,FT-A1938,1938,1938,1938,2.982965392561709e-05,2.982965392561709e-05,2.982965392561709e-05,1936,1940,5,2.816153422315893e-05,2.781934571771671e-05,2.982965392561709e-05,2.898879143629074e-05,2.770048286114546e-05,Descriptive only; unavailable edge years are blank rather than imputed.
FT-Q-V01-127,fear,fear_afraid,FT-A1988,1988,1988,1988,3.016979552554824e-05,3.016979552554824e-05,3.016979552554824e-05,1986,1990,5,2.950419119678721e-05,2.99558418095057e-05,3.021943152914375e-05,2.808708229699447e-05,3.094655777428346e-05,Descriptive only; unavailable edge years are blank rather than imputed.
FT-Q-V01-127,fear,fear_afraid,FT-A0607,2006–2007,2006,2007,5.018035645446006e-05,5.328952276396903e-05,5.173493960921455e-05,2005,2008,4,5.272020097867904e-05,5.173493960921455e-05,5.739877424031786e-05,4.529913088447274e-05,6.79713884532078e-05,Descriptive only; unavailable edge years are blank rather than imputed.
FT-Q-V01-127,fear,fear_afraid,FT-A2015,2015,2015,2015,8.53677230498312e-05,8.53677230498312e-05,8.53677230498312e-05,2014,2016,3,8.219951422010208e-05,8.166565920408875e-05,8.53677230498312e-05,7.371482001637744e-05,8.475756617533567e-05,Descriptive only; unavailable edge years are blank rather than imputed.
FT-Q-V01-127,fear,fear_afraid,FT-A2022,2022,2022,2022,8.766914891196811e-05,8.766914891196811e-05,8.766914891196811e-05,2021,2023,2,8.689764493476256e-05,8.689764493476256e-05,8.766914891196811e-05,8.606976228556981e-05,,Descriptive only; unavailable edge years are blank rather than imputed.
FT-Q-V01-128,worry,worry,FT-A1842,1842,1842,1842,4.805623241566082e-07,4.805623241566082e-07,4.805623241566082e-07,1839,1845,4,6.198782294131178e-07,6.326840080728147e-07,7.335825773502336e-07,,6.338095422719903e-07,Descriptive only; unavailable edge years are blank rather than imputed.
FT-Q-V01-128,worry,worry,FT-A1938,1938,1938,1938,7.171509579961821e-06,7.171509579961821e-06,7.171509579961821e-06,1936,1940,5,7.063877120846995e-06,7.170873359996222e-06,7.395050226885469e-06,6.979004478895045e-06,7.799991250728722e-06,Descriptive only; unavailable edge years are blank rather than imputed.
FT-Q-V01-128,worry,worry,FT-A1988,1988,1988,1988,8.552264262107201e-06,8.552264262107201e-06,8.552264262107201e-06,1986,1990,5,8.457359313801539e-06,8.552264262107201e-06,8.672811873111641e-06,7.818979568795931e-06,8.867055208838793e-06,Descriptive only; unavailable edge years are blank rather than imputed.
FT-Q-V01-128,worry,worry,FT-A0607,2006–2007,2006,2007,1.784828057793675e-05,1.894994632323233e-05,1.839911345058454e-05,2005,2008,4,1.888653360003663e-05,1.839911345058454e-05,2.093424902244873e-05,1.5554724996409e-05,2.869840254410838e-05,Descriptive only; unavailable edge years are blank rather than imputed.
FT-Q-V01-128,worry,worry,FT-A2015,2015,2015,2015,3.979197197168105e-05,3.979197197168105e-05,3.979197197168105e-05,2014,2016,3,3.875208076975038e-05,3.979197197168105e-05,4.001703780431853e-05,3.338296425958592e-05,4.393127076331368e-05,Descriptive only; unavailable edge years are blank rather than imputed.
FT-Q-V01-128,worry,worry,FT-A2022,2022,2022,2022,3.846438818300157e-05,3.846438818300157e-05,3.846438818300157e-05,2021,2023,2,3.87088427658e-05,3.87088427658e-05,3.895329734859843e-05,4.443248372638306e-05,,Descriptive only; unavailable edge years are blank rather than imputed.
FT-Q-V01-129,worried,worry,FT-A1842,1842,1842,1842,4.769124855030782e-07,4.769124855030782e-07,4.769124855030782e-07,1839,1845,4,5.655623543376898e-07,5.625563049838078e-07,6.602243218800652e-07,,5.997659197287675e-07,Descriptive only; unavailable edge years are blank rather than imputed.
FT-Q-V01-129,worried,worry,FT-A1938,1938,1938,1938,3.260957816664245e-06,3.260957816664245e-06,3.260957816664245e-06,1936,1940,5,3.162988819482848e-06,3.224714541616436e-06,3.3550703655294e-06,3.004771124892613e-06,3.606668539646307e-06,Descriptive only; unavailable edge years are blank rather than imputed.
FT-Q-V01-129,worried,worry,FT-A1988,1988,1988,1988,5.68047238402869e-06,5.68047238402869e-06,5.68047238402869e-06,1986,1990,5,5.554492552306556e-06,5.68047238402869e-06,5.725662830968758e-06,5.109702271610672e-06,5.888617633331705e-06,Descriptive only; unavailable edge years are blank rather than imputed.
FT-Q-V01-129,worried,worry,FT-A0607,2006–2007,2006,2007,1.124815432973492e-05,1.229906930433344e-05,1.177361181703418e-05,2005,2008,4,1.210131395801284e-05,1.179015059804556e-05,1.357680030622532e-05,9.853197178699702e-06,1.91376323037673e-05,Descriptive only; unavailable edge years are blank rather than imputed.
FT-Q-V01-129,worried,worry,FT-A2015,2015,2015,2015,2.799075704729148e-05,2.799075704729148e-05,2.799075704729148e-05,2014,2016,3,2.746175191248312e-05,2.799075704729148e-05,2.86664579078888e-05,2.290044292294624e-05,3.1608830084906e-05,Descriptive only; unavailable edge years are blank rather than imputed.
FT-Q-V01-129,worried,worry,FT-A2022,2022,2022,2022,2.789063478303433e-05,2.789063478303433e-05,2.789063478303433e-05,2021,2023,2,2.825980153886576e-05,2.825980153886576e-05,2.862896829469719e-05,3.218901558739162e-05,,Descriptive only; unavailable edge years are blank rather than imputed.
FT-Q-V01-130,concern,concern_alarm,FT-A1842,1842,1842,1842,1.612012939489205e-05,1.612012939489205e-05,1.612012939489205e-05,1839,1845,4,1.677904125521601e-05,1.691307265416775e-05,1.806600510889655e-05,,1.631173637914873e-05,Descriptive only; unavailable edge years are blank rather than imputed.
FT-Q-V01-130,concern,concern_alarm,FT-A1938,1938,1938,1938,2.328789579256196e-05,2.328789579256196e-05,2.328789579256196e-05,1936,1940,5,2.288195089401313e-05,2.304848655373948e-05,2.328789579256196e-05,2.263455151080424e-05,2.390624644808825e-05,Descriptive only; unavailable edge years are blank rather than imputed.
FT-Q-V01-130,concern,concern_alarm,FT-A1988,1988,1988,1988,5.265726562726086e-05,5.265726562726086e-05,5.265726562726086e-05,1986,1990,5,5.205882967031922e-05,5.220939970018712e-05,5.265726562726086e-05,5.260077939770666e-05,5.043598374692773e-05,Descriptive only; unavailable edge years are blank rather than imputed.
FT-Q-V01-130,concern,concern_alarm,FT-A0607,2006–2007,2006,2007,4.750323816384017e-05,4.754463289202704e-05,4.75239355279336e-05,2005,2008,4,4.805184811640124e-05,4.78470628131767e-05,4.901002867541138e-05,4.804390690056199e-05,4.805518888288465e-05,Descriptive only; unavailable edge years are blank rather than imputed.
FT-Q-V01-130,concern,concern_alarm,FT-A2015,2015,2015,2015,4.886092219905103e-05,4.886092219905103e-05,4.886092219905103e-05,2014,2016,3,5.010450916938247e-05,4.907035610990373e-05,5.238224919919265e-05,4.804668756066277e-05,4.920172154749755e-05,Descriptive only; unavailable edge years are blank rather than imputed.
FT-Q-V01-130,concern,concern_alarm,FT-A2022,2022,2022,2022,4.295100018327641e-05,4.295100018327641e-05,4.295100018327641e-05,2021,2023,2,4.513823082484894e-05,4.513823082484894e-05,4.732546146642147e-05,4.819036400094332e-05,,Descriptive only; unavailable edge years are blank rather than imputed.
FT-Q-V01-131,anxiety,anxiety,FT-A1842,1842,1842,1842,2.187045254231634e-05,2.187045254231634e-05,2.187045254231634e-05,1839,1845,4,2.213751632496042e-05,2.174992569692336e-05,2.361808290629597e-05,,2.174898301063877e-05,Descriptive only; unavailable edge years are blank rather than imputed.
FT-Q-V01-131,anxiety,anxiety,FT-A1938,1938,1938,1938,5.693942370044169e-06,5.693942370044169e-06,5.693942370044169e-06,1936,1940,5,5.595472588026951e-06,5.693942370044169e-06,5.772549865667997e-06,5.6119493137885e-06,5.5839879401276e-06,Descriptive only; unavailable edge years are blank rather than imputed.
FT-Q-V01-131,anxiety,anxiety,FT-A1988,1988,1988,1988,1.336584155353648e-05,1.336584155353648e-05,1.336584155353648e-05,1986,1990,5,1.296787576166025e-05,1.316118357408413e-05,1.336584155353648e-05,1.246776571406372e-05,1.293811974392156e-05,Descriptive only; unavailable edge years are blank rather than imputed.
FT-Q-V01-131,anxiety,anxiety,FT-A0607,2006–2007,2006,2007,1.985612161092831e-05,2.133666293957504e-05,2.059639227525167e-05,2005,2008,4,2.101611454818908e-05,2.074672293872482e-05,2.271489070437838e-05,1.826971823959411e-05,2.529618968765135e-05,Descriptive only; unavailable edge years are blank rather than imputed.
FT-Q-V01-131,anxiety,anxiety,FT-A2015,2015,2015,2015,3.08450222803458e-05,3.08450222803458e-05,3.08450222803458e-05,2014,2016,3,2.967234646196933e-05,2.941194743755204e-05,3.08450222803458e-05,2.768307528810965e-05,3.112728550149768e-05,Descriptive only; unavailable edge years are blank rather than imputed.
FT-Q-V01-131,anxiety,anxiety,FT-A2022,2022,2022,2022,3.612426158383641e-05,3.612426158383641e-05,3.612426158383641e-05,2021,2023,2,3.598630084411525e-05,3.598630084411525e-05,3.612426158383641e-05,3.254493958877447e-05,,Descriptive only; unavailable edge years are blank rather than imputed.
FT-Q-V01-132,danger,danger_threat,FT-A1842,1842,1842,1842,6.476216250916877e-05,6.476216250916877e-05,6.476216250916877e-05,1839,1845,4,6.525921752142949e-05,6.593092764717312e-05,6.715675652912978e-05,,6.437051231955593e-05,Descriptive only; unavailable edge years are blank rather than imputed.
FT-Q-V01-132,danger,danger_threat,FT-A1938,1938,1938,1938,3.397146667794004e-05,3.397146667794004e-05,3.397146667794004e-05,1936,1940,5,3.312194374938682e-05,3.295928431157336e-05,3.397146667794004e-05,3.301495501351614e-05,3.328023999844415e-05,Descriptive only; unavailable edge years are blank rather than imputed.
FT-Q-V01-132,danger,danger_threat,FT-A1988,1988,1988,1988,1.925716885878628e-05,1.925716885878628e-05,1.925716885878628e-05,1986,1990,5,1.946926243973773e-05,1.931286580777666e-05,1.996202545281878e-05,2.00618828274865e-05,1.910104166376603e-05,Descriptive only; unavailable edge years are blank rather than imputed.
FT-Q-V01-132,danger,danger_threat,FT-A0607,2006–2007,2006,2007,2.236469851597117e-05,2.336907294875346e-05,2.286688573236231e-05,2005,2008,4,2.311571373603619e-05,2.286688573236231e-05,2.455948258290458e-05,2.120259230913094e-05,2.684982679772713e-05,Descriptive only; unavailable edge years are blank rather than imputed.
FT-Q-V01-132,danger,danger_threat,FT-A2015,2015,2015,2015,3.182665381018523e-05,3.182665381018523e-05,3.182665381018523e-05,2014,2016,3,3.120248716906767e-05,3.12613904868142e-05,3.182665381018523e-05,2.851634809524772e-05,3.19226639880911e-05,Descriptive only; unavailable edge years are blank rather than imputed.
FT-Q-V01-132,danger,danger_threat,FT-A2022,2022,2022,2022,3.447699095004975e-05,3.447699095004975e-05,3.447699095004975e-05,2021,2023,2,3.293040514194129e-05,3.293040514194129e-05,3.447699095004975e-05,3.209554441281695e-05,,Descriptive only; unavailable edge years are blank rather than imputed.
FT-Q-V01-133,threat,danger_threat,FT-A1842,1842,1842,1842,2.933255078829689e-06,2.933255078829689e-06,2.933255078829689e-06,1839,1845,4,3.435929849970876e-06,3.433350018511305e-06,3.943764284031204e-06,,3.46456519046967e-06,Descriptive only; unavailable edge years are blank rather than imputed.
FT-Q-V01-133,threat,danger_threat,FT-A1938,1938,1938,1938,6.94792089461771e-06,6.94792089461771e-06,6.94792089461771e-06,1936,1940,5,7.681571725015602e-06,7.912182681479862e-06,8.653301932781687e-06,6.390405019374157e-06,9.186938892469244e-06,Descriptive only; unavailable edge years are blank rather than imputed.
FT-Q-V01-133,threat,danger_threat,FT-A1988,1988,1988,1988,2.416082722334068e-05,2.416082722334068e-05,2.416082722334068e-05,1986,1990,5,2.377186628450545e-05,2.365288170835811e-05,2.42327386672514e-05,2.34096560859598e-05,2.366748697113508e-05,Descriptive only; unavailable edge years are blank rather than imputed.
FT-Q-V01-133,threat,danger_threat,FT-A0607,2006–2007,2006,2007,3.019828658068491e-05,3.021426681470984e-05,3.020627669769738e-05,2005,2008,4,3.04687995047459e-05,3.041921284818727e-05,3.083848574192416e-05,2.904159376839743e-05,3.109578667874758e-05,Descriptive only; unavailable edge years are blank rather than imputed.
FT-Q-V01-133,threat,danger_threat,FT-A2015,2015,2015,2015,3.481453398990197e-05,3.481453398990197e-05,3.481453398990197e-05,2014,2016,3,3.514902798921563e-05,3.481453398990197e-05,3.743174778492175e-05,3.120089910169099e-05,3.558390069997585e-05,Descriptive only; unavailable edge years are blank rather than imputed.
FT-Q-V01-133,threat,danger_threat,FT-A2022,2022,2022,2022,3.306681564652081e-05,3.306681564652081e-05,3.306681564652081e-05,2021,2023,2,3.493304115664841e-05,3.493304115664841e-05,3.679926666677602e-05,3.545740447634671e-05,,Descriptive only; unavailable edge years are blank rather than imputed.
FT-Q-V01-134,risk,risk,FT-A1842,1842,1842,1842,1.945669182745746e-05,1.945669182745746e-05,1.945669182745746e-05,1839,1845,4,1.962896655083313e-05,1.961534122152386e-05,1.99730877170623e-05,,2.012452202109216e-05,Descriptive only; unavailable edge years are blank rather than imputed.
FT-Q-V01-134,risk,risk,FT-A1938,1938,1938,1938,2.148629917542166e-05,2.148629917542166e-05,2.148629917542166e-05,1936,1940,5,2.279312529367417e-05,2.217880640387193e-05,2.654683845548789e-05,2.259525265032314e-05,2.345584019849412e-05,Descriptive only; unavailable edge years are blank rather than imputed.
FT-Q-V01-134,risk,risk,FT-A1988,1988,1988,1988,9.523120202559188e-05,9.523120202559188e-05,9.523120202559188e-05,1986,1990,5,9.421796881279517e-05,9.523120202559188e-05,0.0001033829667244079,7.981001465142204e-05,0.0001032403561000712,Descriptive only; unavailable edge years are blank rather than imputed.
FT-Q-V01-134,risk,risk,FT-A0607,2006–2007,2006,2007,0.0001531028393812021,0.0001609916869453679,0.000157047263163285,2005,2008,4,0.0001584067004503937,0.0001576748486671227,0.0001651742650861272,0.0001428823190026719,0.0001654267309130125,Descriptive only; unavailable edge years are blank rather than imputed.
FT-Q-V01-134,risk,risk,FT-A2015,2015,2015,2015,0.0001617306934208473,0.0001617306934208473,0.0001617306934208473,2014,2016,3,0.0001610927165026227,0.0001617306934208473,0.0001708011498060408,0.0001609725648723574,0.0001648059990189868,Descriptive only; unavailable edge years are blank rather than imputed.
FT-Q-V01-134,risk,risk,FT-A2022,2022,2022,2022,0.0001606175536089036,0.0001606175536089036,0.0001606175536089036,2021,2023,2,0.0001614707561726908,0.0001614707561726908,0.000162323958736478,0.0001631105608050743,,Descriptive only; unavailable edge years are blank rather than imputed.
FT-Q-V01-135,crisis,crisis_emergency,FT-A1842,1842,1842,1842,7.94996059028108e-06,7.94996059028108e-06,7.94996059028108e-06,1839,1845,4,8.619906494936047e-06,8.551903334819144e-06,9.42585871982482e-06,,9.353923902921668e-06,Descriptive only; unavailable edge years are blank rather than imputed.
FT-Q-V01-135,crisis,crisis_emergency,FT-A1938,1938,1938,1938,1.376144248865785e-05,1.376144248865785e-05,1.376144248865785e-05,1936,1940,5,1.209823346588756e-05,1.184857388793203e-05,1.376144248865785e-05,1.290865617434162e-05,1.257014001423418e-05,Descriptive only; unavailable edge years are blank rather than imputed.
FT-Q-V01-135,crisis,crisis_emergency,FT-A1988,1988,1988,1988,3.130539030934618e-05,3.130539030934618e-05,3.130539030934618e-05,1986,1990,5,3.244804368905049e-05,3.130539030934618e-05,3.78015926782993e-05,2.988803268089285e-05,3.467022241064668e-05,Descriptive only; unavailable edge years are blank rather than imputed.
FT-Q-V01-135,crisis,crisis_emergency,FT-A0607,2006–2007,2006,2007,3.28408971757288e-05,3.38174911674663e-05,3.332919417159755e-05,2005,2008,4,3.440248991349194e-05,3.39990205355141e-05,3.677102140721075e-05,3.533066163901449e-05,4.087539025669079e-05,Descriptive only; unavailable edge years are blank rather than imputed.
FT-Q-V01-135,crisis,crisis_emergency,FT-A2015,2015,2015,2015,4.455437012765295e-05,4.455437012765295e-05,4.455437012765295e-05,2014,2016,3,4.636941713560827e-05,4.455437012765295e-05,5.138692945384771e-05,4.154085898821977e-05,4.648866937997931e-05,Descriptive only; unavailable edge years are blank rather than imputed.
FT-Q-V01-135,crisis,crisis_emergency,FT-A2022,2022,2022,2022,4.809110998900065e-05,4.809110998900065e-05,4.809110998900065e-05,2021,2023,2,4.980889342261208e-05,4.980889342261208e-05,5.15266768562235e-05,4.651661886045447e-05,,Descriptive only; unavailable edge years are blank rather than imputed.
FT-Q-V01-136,emergency,crisis_emergency,FT-A1842,1842,1842,1842,4.67909548618195e-06,4.67909548618195e-06,4.67909548618195e-06,1839,1845,4,4.178330257342822e-06,4.104763235091013e-06,4.67909548618195e-06,,4.658171866900318e-06,Descriptive only; unavailable edge years are blank rather than imputed.
FT-Q-V01-136,emergency,crisis_emergency,FT-A1938,1938,1938,1938,4.044305869846387e-05,4.044305869846387e-05,4.044305869846387e-05,1936,1940,5,4.673960855240411e-05,4.889133331589801e-05,5.248912558454555e-05,4.928135300138053e-05,6.630732497743957e-05,Descriptive only; unavailable edge years are blank rather than imputed.
FT-Q-V01-136,emergency,crisis_emergency,FT-A1988,1988,1988,1988,4.546920429717924e-05,4.546920429717924e-05,4.546920429717924e-05,1986,1990,5,4.595352061866412e-05,4.546920429717924e-05,4.871200554200025e-05,4.719874831317361e-05,4.445006790990622e-05,Descriptive only; unavailable edge years are blank rather than imputed.
FT-Q-V01-136,emergency,crisis_emergency,FT-A0607,2006–2007,2006,2007,4.097540266245411e-05,4.033688333133362e-05,4.065614299689387e-05,2005,2008,4,4.067974874242663e-05,4.065614299689387e-05,4.206483659474625e-05,4.196220206017925e-05,3.613763300158792e-05,Descriptive only; unavailable edge years are blank rather than imputed.
FT-Q-V01-136,emergency,crisis_emergency,FT-A2015,2015,2015,2015,3.082039562257721e-05,3.082039562257721e-05,3.082039562257721e-05,2014,2016,3,3.055133656457154e-05,3.068563872737906e-05,3.082039562257721e-05,3.277179545643147e-05,2.953074757354734e-05,Descriptive only; unavailable edge years are blank rather than imputed.
FT-Q-V01-136,emergency,crisis_emergency,FT-A2022,2022,2022,2022,2.919771714124386e-05,2.919771714124386e-05,2.919771714124386e-05,2021,2023,2,3.009412726942898e-05,3.009412726942898e-05,3.099053739761409e-05,2.969925998431849e-05,,Descriptive only; unavailable edge years are blank rather than imputed.
FT-Q-V01-137,mortality,harm_loss_consequences,FT-A1842,1842,1842,1842,1.566694004395686e-05,1.566694004395686e-05,1.566694004395686e-05,1839,1845,4,1.322407433690387e-05,1.287484980139197e-05,1.566694004395686e-05,,1.215217626509002e-05,Descriptive only; unavailable edge years are blank rather than imputed.
FT-Q-V01-137,mortality,harm_loss_consequences,FT-A1938,1938,1938,1938,1.688718413106471e-05,1.688718413106471e-05,1.688718413106471e-05,1936,1940,5,1.704563577928503e-05,1.719115749172079e-05,1.842968771370579e-05,1.69399902700984e-05,1.514427700074761e-05,Descriptive only; unavailable edge years are blank rather than imputed.
FT-Q-V01-137,mortality,harm_loss_consequences,FT-A1988,1988,1988,1988,2.448060722329629e-05,2.448060722329629e-05,2.448060722329629e-05,1986,1990,5,2.614529769677867e-05,2.65909767449557e-05,2.794374572598346e-05,2.44263299284321e-05,2.456071629239886e-05,Descriptive only; unavailable edge years are blank rather than imputed.
FT-Q-V01-137,mortality,harm_loss_consequences,FT-A0607,2006–2007,2006,2007,2.124850796292321e-05,2.165015705683782e-05,2.144933250988051e-05,2005,2008,4,2.153067751302015e-05,2.144933250988051e-05,2.222191297107656e-05,2.116781022380998e-05,2.108368721397691e-05,Descriptive only; unavailable edge years are blank rather than imputed.
FT-Q-V01-137,mortality,harm_loss_consequences,FT-A2015,2015,2015,2015,1.797212218355992e-05,1.797212218355992e-05,1.797212218355992e-05,2014,2016,3,1.799034516891211e-05,1.797212218355992e-05,1.966297418665164e-05,1.995146987804619e-05,1.862400193672342e-05,Descriptive only; unavailable edge years are blank rather than imputed.
FT-Q-V01-137,mortality,harm_loss_consequences,FT-A2022,2022,2022,2022,1.958383349346185e-05,1.958383349346185e-05,1.958383349346185e-05,2021,2023,2,1.883122563572578e-05,1.883122563572578e-05,1.958383349346185e-05,1.830713065499104e-05,,Descriptive only; unavailable edge years are blank rather than imputed.
FT-Q-V01-138,heat of the irons,heat,FT-A1842,1842,1842,1842,1.466886390133482e-09,1.466886390133482e-09,1.466886390133482e-09,1839,1845,4,4.098238637340046e-09,4.171519463191942e-09,6.583029232842819e-09,,3.794525071931787e-09,Descriptive only; unavailable edge years are blank rather than imputed.
FT-Q-V01-138,heat of the irons,heat,FT-A1938,1938,1938,1938,1.354462930702738e-10,1.354462930702738e-10,1.354462930702738e-10,1936,1940,5,1.577446617773148e-10,1.354462930702738e-10,2.714151126070874e-10,7.84874942816316e-11,8.240779725277036e-11,Descriptive only; unavailable edge years are blank rather than imputed.
FT-Q-V01-138,heat of the irons,heat,FT-A1988,1988,1988,1988,5.975666489410614e-11,5.975666489410614e-11,5.975666489410614e-11,1986,1990,5,4.527761290895605e-11,5.64096235000644e-11,1.102217761506097e-10,1.209877892316413e-11,7.721934550120046e-11,Descriptive only; unavailable edge years are blank rather than imputed.
FT-Q-V01-138,heat of the irons,heat,FT-A0607,2006–2007,2006,2007,0,0,0,2005,2008,4,2.736512232093258e-11,0,1.094604892837303e-10,8.611189261653607e-11,1.123499765443015e-10,Descriptive only; unavailable edge years are blank rather than imputed.
FT-Q-V01-138,heat of the irons,heat,FT-A2015,2015,2015,2015,1.075366740099781e-10,1.075366740099781e-10,1.075366740099781e-10,2014,2016,3,6.857240816837695e-11,5.141121903196044e-11,1.075366740099781e-10,9.129724337642031e-11,4.103632988972095e-11,Descriptive only; unavailable edge years are blank rather than imputed.
FT-Q-V01-138,heat of the irons,heat,FT-A2022,2022,2022,2022,1.016233625028562e-10,1.016233625028562e-10,1.016233625028562e-10,2021,2023,2,7.820549416392986e-11,7.820549416392986e-11,1.016233625028562e-10,4.171161124832956e-11,,Descriptive only; unavailable edge years are blank rather than imputed.
FT-Q-V01-139,heat wave,heat,FT-A1842,1842,1842,1842,4.514918217068953e-09,4.514918217068953e-09,4.514918217068953e-09,1839,1845,4,1.539885441381728e-09,8.223117742289787e-10,4.514918217068953e-09,,4.297728506408305e-10,Descriptive only; unavailable edge years are blank rather than imputed.
FT-Q-V01-139,heat wave,heat,FT-A1938,1938,1938,1938,1.921166252749629e-07,1.921166252749629e-07,1.921166252749629e-07,1936,1940,5,2.149780281346381e-07,2.173111940673156e-07,2.596803092558275e-07,2.15653221702361e-07,1.765335533865375e-07,Descriptive only; unavailable edge years are blank rather than imputed.
FT-Q-V01-139,heat wave,heat,FT-A1988,1988,1988,1988,1.718059701449892e-07,1.718059701449892e-07,1.718059701449892e-07,1986,1990,5,1.548774984955204e-07,1.53814457934387e-07,1.718059701449892e-07,1.491579221218897e-07,1.447592306469403e-07,Descriptive only; unavailable edge years are blank rather than imputed.
FT-Q-V01-139,heat wave,heat,FT-A0607,2006–2007,2006,2007,2.572474944173564e-07,2.559551631371726e-07,2.566013287772645e-07,2005,2008,4,2.725014982812163e-07,2.566013287772645e-07,3.620105626690739e-07,2.040938749975352e-07,2.92204905994603e-07,Descriptive only; unavailable edge years are blank rather than imputed.
FT-Q-V01-139,heat wave,heat,FT-A2015,2015,2015,2015,3.528359153667782e-07,3.528359153667782e-07,3.528359153667782e-07,2014,2016,3,3.163260567639696e-07,3.163625424441874e-07,3.528359153667782e-07,2.798294360541187e-07,3.113940168650297e-07,Descriptive only; unavailable edge years are blank rather than imputed.
FT-Q-V01-139,heat wave,heat,FT-A2022,2022,2022,2022,3.006541136052476e-07,3.006541136052476e-07,3.006541136052476e-07,2021,2023,2,2.86135784352895e-07,2.86135784352895e-07,3.006541136052476e-07,3.097615653889496e-07,,Descriptive only; unavailable edge years are blank rather than imputed.
FT-Q-V01-140,grave threats,danger_threat,FT-A1842,1842,1842,1842,0,0,0,1839,1845,4,3.03060535000732e-10,2.846486657492875e-10,6.429448085043532e-10,,1.048887010579591e-09,Descriptive only; unavailable edge years are blank rather than imputed.
FT-Q-V01-140,grave threats,danger_threat,FT-A1938,1938,1938,1938,2.33881092270849e-09,2.33881092270849e-09,2.33881092270849e-09,1936,1940,5,2.94722170557371e-09,2.33881092270849e-09,5.043688411365821e-09,2.213793598437874e-09,4.974466263907296e-09,Descriptive only; unavailable edge years are blank rather than imputed.
FT-Q-V01-140,grave threats,danger_threat,FT-A1988,1988,1988,1988,1.071011054148974e-08,1.071011054148974e-08,1.071011054148974e-08,1986,1990,5,1.209014146852372e-08,1.137155755323582e-08,1.505901367493401e-08,1.192657148388343e-08,1.299219887090919e-08,Descriptive only; unavailable edge years are blank rather than imputed.
FT-Q-V01-140,grave threats,danger_threat,FT-A0607,2006–2007,2006,2007,1.703080053025441e-08,1.664090922698369e-08,1.683585487861905e-08,2005,2008,4,1.63276515424346e-08,1.683585487861905e-08,1.763470425242275e-08,1.312893632005041e-08,1.328765190794501e-08,Descriptive only; unavailable edge years are blank rather than imputed.
FT-Q-V01-140,grave threats,danger_threat,FT-A2015,2015,2015,2015,1.251621790238078e-08,1.251621790238078e-08,1.251621790238078e-08,2014,2016,3,1.232613544334867e-08,1.251621790238078e-08,1.387485389081622e-08,1.116603977613373e-08,1.295121757199924e-08,Descriptive only; unavailable edge years are blank rather than imputed.
FT-Q-V01-140,grave threats,danger_threat,FT-A2022,2022,2022,2022,9.423090391313949e-09,9.423090391313949e-09,9.423090391313949e-09,2021,2023,2,1.144487882590028e-08,1.144487882590028e-08,1.346666726048662e-08,1.286958024593332e-08,,Descriptive only; unavailable edge years are blank rather than imputed.
FT-Q-V01-141,Be Worried. Be Very Worried.,worry,FT-A1842,1842,1842,1842,,,,1839,1845,0,,,,,,Descriptive only; unavailable edge years are blank rather than imputed.
FT-Q-V01-141,Be Worried. Be Very Worried.,worry,FT-A1938,1938,1938,1938,,,,1936,1940,0,,,,,,Descriptive only; unavailable edge years are blank rather than imputed.
FT-Q-V01-141,Be Worried. Be Very Worried.,worry,FT-A1988,1988,1988,1988,,,,1986,1990,0,,,,,,Descriptive only; unavailable edge years are blank rather than imputed.
FT-Q-V01-141,Be Worried. Be Very Worried.,worry,FT-A0607,2006–2007,2006,2007,,,,2005,2008,0,,,,,,Descriptive only; unavailable edge years are blank rather than imputed.
FT-Q-V01-141,Be Worried. Be Very Worried.,worry,FT-A2015,2015,2015,2015,,,,2014,2016,0,,,,,,Descriptive only; unavailable edge years are blank rather than imputed.
FT-Q-V01-141,Be Worried. Be Very Worried.,worry,FT-A2022,2022,2022,2022,,,,2021,2023,0,,,,,,Descriptive only; unavailable edge years are blank rather than imputed.
FT-Q-V01-142,comprehensive risk assessment and management,risk,FT-A1842,1842,1842,1842,0,0,0,1839,1845,4,0,0,0,,0,Descriptive only; unavailable edge years are blank rather than imputed.
FT-Q-V01-142,comprehensive risk assessment and management,risk,FT-A1938,1938,1938,1938,0,0,0,1936,1940,5,0,0,0,0,0,Descriptive only; unavailable edge years are blank rather than imputed.
FT-Q-V01-142,comprehensive risk assessment and management,risk,FT-A1988,1988,1988,1988,1.303340213532067e-10,1.303340213532067e-10,1.303340213532067e-10,1986,1990,5,2.606680427064134e-11,0,1.303340213532067e-10,1.327443988063948e-11,7.147506475568832e-11,Descriptive only; unavailable edge years are blank rather than imputed.
FT-Q-V01-142,comprehensive risk assessment and management,risk,FT-A0607,2006–2007,2006,2007,1.746862099416546e-10,1.707895214142496e-10,1.727378656779521e-10,2005,2008,4,2.502979386254101e-10,1.759418374880362e-10,4.785185581113183e-10,8.185816052774796e-11,2.822582556571973e-10,Descriptive only; unavailable edge years are blank rather than imputed.
FT-Q-V01-142,comprehensive risk assessment and management,risk,FT-A2015,2015,2015,2015,2.879411986622671e-10,2.879411986622671e-10,2.879411986622671e-10,2014,2016,3,3.81069227099277e-10,2.879411986622671e-10,6.046857320418653e-10,1.963238537017187e-10,8.373083643098412e-10,Descriptive only; unavailable edge years are blank rather than imputed.
FT-Q-V01-142,comprehensive risk assessment and management,risk,FT-A2022,2022,2022,2022,7.611056784817549e-10,7.611056784817549e-10,7.611056784817549e-10,2021,2023,2,9.673201961657441e-10,9.673201961657441e-10,1.173534713849733e-09,9.510781606714147e-10,,Descriptive only; unavailable edge years are blank rather than imputed.
FT-Q-V01-143,guilt,distress_depression,FT-A1842,1842,1842,1842,1.865798427758136e-05,1.865798427758136e-05,1.865798427758136e-05,1839,1845,4,1.948481809854741e-05,1.924701169286891e-05,2.078726473087045e-05,,1.886140337674647e-05,Descriptive only; unavailable edge years are blank rather than imputed.
FT-Q-V01-143,guilt,distress_depression,FT-A1938,1938,1938,1938,3.496206829295412e-06,3.496206829295412e-06,3.496206829295412e-06,1936,1940,5,4.183775730864925e-06,3.763668537715148e-06,6.200304543568791e-06,4.134905146491175e-06,3.973694291659058e-06,Descriptive only; unavailable edge years are blank rather than imputed.
FT-Q-V01-143,guilt,distress_depression,FT-A1988,1988,1988,1988,8.151257723909566e-06,8.151257723909566e-06,8.151257723909566e-06,1986,1990,5,8.234710778836502e-06,8.151257723909566e-06,8.767309777581861e-06,7.920895353663581e-06,8.430612261691589e-06,Descriptive only; unavailable edge years are blank rather than imputed.
FT-Q-V01-143,guilt,distress_depression,FT-A0607,2006–2007,2006,2007,1.063899859587991e-05,1.129985992306265e-05,1.096942925947128e-05,2005,2008,4,1.100938463335054e-05,1.096942925947128e-05,1.166701908772438e-05,9.865941142038481e-06,1.399427268273523e-05,Descriptive only; unavailable edge years are blank rather than imputed.
FT-Q-V01-143,guilt,distress_depression,FT-A2015,2015,2015,2015,1.744112144308474e-05,1.744112144308474e-05,1.744112144308474e-05,2014,2016,3,1.706279404637319e-05,1.731077958311289e-05,1.744112144308474e-05,1.525891589377326e-05,1.710372578348981e-05,Descriptive only; unavailable edge years are blank rather than imputed.
FT-Q-V01-143,guilt,distress_depression,FT-A2022,2022,2022,2022,1.681260062724732e-05,1.681260062724732e-05,1.681260062724732e-05,2021,2023,2,1.706007338952986e-05,1.706007338952986e-05,1.73075461518124e-05,1.727793879126791e-05,,Descriptive only; unavailable edge years are blank rather than imputed.
