mark_id,review_scope,snapshot_id,snapshot_at_utc,stream,source_id,month,count,counting_unit,evidence_status,reason_codes,recommended_next_action,native_date_status,body_content_status,event_attribution,parent_provenance_status,first_observed_source_month,last_observed_source_month,preceding_following_months,neighbor_count,neighbor_mean,ratio_to_neighbor_mean,source_era_completeness,invalidity_confirmed,evidence_locator,recorded_exact_hash_candidate_IDs
np9_closed:devonport_flagstaff:2026-01,source_month_aggregate,np9_closed,2026-10-09T20:39:15.304509+00:00,newspaper,devonport_flagstaff,2026-01,6,complete_article_ID,confirmed,SOURCE_FRAME_COUNTS_NOT_POPULATION,retain,not_universally_verified,unreviewed,unassessed,see_separate_parent_dimension_assertions,2017-06,2026-09,2025-10|2025-11|2025-12|2026-02|2026-03|2026-04,6,20.333333333333332,0.29508196721311475,unknown,False,worker/pinned/p29_source_month.csv,0
np9_closed:devonport_flagstaff:2026-02,source_month_aggregate,np9_closed,2026-10-09T20:39:15.304509+00:00,newspaper,devonport_flagstaff,2026-02,21,complete_article_ID,confirmed,SOURCE_FRAME_COUNTS_NOT_POPULATION,retain,not_universally_verified,unreviewed,unassessed,see_separate_parent_dimension_assertions,2017-06,2026-09,2025-11|2025-12|2026-01|2026-03|2026-04|2026-05,6,17.666666666666668,1.1886792452830188,unknown,False,worker/pinned/p29_source_month.csv,0
np9_closed:devonport_flagstaff:2026-03,source_month_aggregate,np9_closed,2026-10-09T20:39:15.304509+00:00,newspaper,devonport_flagstaff,2026-03,23,complete_article_ID,confirmed,SOURCE_FRAME_COUNTS_NOT_POPULATION,retain,not_universally_verified,unreviewed,unassessed,see_separate_parent_dimension_assertions,2017-06,2026-09,2025-12|2026-01|2026-02|2026-04|2026-05|2026-06,6,17.333333333333332,1.326923076923077,unknown,False,worker/pinned/p29_source_month.csv,0
np9_closed:devonport_flagstaff:2026-04,source_month_aggregate,np9_closed,2026-10-09T20:39:15.304509+00:00,newspaper,devonport_flagstaff,2026-04,21,complete_article_ID,confirmed,SOURCE_FRAME_COUNTS_NOT_POPULATION,retain,not_universally_verified,unreviewed,unassessed,see_separate_parent_dimension_assertions,2017-06,2026-09,2026-01|2026-02|2026-03|2026-05|2026-06|2026-07,6,19.166666666666668,1.0956521739130434,unknown,False,worker/pinned/p29_source_month.csv,0
np9_closed:devonport_flagstaff:2026-05,source_month_aggregate,np9_closed,2026-10-09T20:39:15.304509+00:00,newspaper,devonport_flagstaff,2026-05,20,complete_article_ID,confirmed,SOURCE_FRAME_COUNTS_NOT_POPULATION,retain,not_universally_verified,unreviewed,unassessed,see_separate_parent_dimension_assertions,2017-06,2026-09,2026-02|2026-03|2026-04|2026-06|2026-07|2026-08,6,22.166666666666668,0.9022556390977443,unknown,False,worker/pinned/p29_source_month.csv,0
np9_closed:devonport_flagstaff:2026-06,source_month_aggregate,np9_closed,2026-10-09T20:39:15.304509+00:00,newspaper,devonport_flagstaff,2026-06,20,complete_article_ID,confirmed,SOURCE_FRAME_COUNTS_NOT_POPULATION,retain,not_universally_verified,unreviewed,unassessed,see_separate_parent_dimension_assertions,2017-06,2026-09,2026-03|2026-04|2026-05|2026-07|2026-08|2026-09,6,20.666666666666668,0.9677419354838709,unknown,False,worker/pinned/p29_source_month.csv,0
np9_closed:devonport_flagstaff:2026-07,source_month_aggregate,np9_closed,2026-10-09T20:39:15.304509+00:00,newspaper,devonport_flagstaff,2026-07,25,complete_article_ID,confirmed,SOURCE_FRAME_COUNTS_NOT_POPULATION;ADJACENT_CONTEXT_BOUNDARY_INCOMPLETE,retain,not_universally_verified,unreviewed,unassessed,see_separate_parent_dimension_assertions,2017-06,2026-09,2026-04|2026-05|2026-06|2026-08|2026-09,5,19.2,1.3020833333333335,unknown,False,worker/pinned/p29_source_month.csv,0
np9_closed:devonport_flagstaff:2026-08,source_month_aggregate,np9_closed,2026-10-09T20:39:15.304509+00:00,newspaper,devonport_flagstaff,2026-08,23,complete_article_ID,confirmed,SOURCE_FRAME_COUNTS_NOT_POPULATION;ADJACENT_CONTEXT_BOUNDARY_INCOMPLETE,retain,not_universally_verified,unreviewed,unassessed,see_separate_parent_dimension_assertions,2017-06,2026-09,2026-05|2026-06|2026-07|2026-09,4,19.25,1.1948051948051948,unknown,False,worker/pinned/p29_source_month.csv,0
np9_closed:devonport_flagstaff:2026-09,source_month_aggregate,np9_closed,2026-10-09T20:39:15.304509+00:00,newspaper,devonport_flagstaff,2026-09,12,complete_article_ID,confirmed,SOURCE_FRAME_COUNTS_NOT_POPULATION;PARTIAL_SEPTEMBER_FIXED_CUTOFF;ADJACENT_CONTEXT_BOUNDARY_INCOMPLETE,retain,not_universally_verified,unreviewed,unassessed,see_separate_parent_dimension_assertions,2017-06,2026-09,2026-06|2026-07|2026-08,3,22.666666666666668,0.5294117647058824,unknown,False,worker/pinned/p29_source_month.csv,0
np9_closed:northern_rivers_times:2026-01,source_month_aggregate,np9_closed,2026-10-09T20:39:15.304509+00:00,newspaper,northern_rivers_times,2026-01,39,complete_article_ID,confirmed,SOURCE_FRAME_COUNTS_NOT_POPULATION;PUBLISHER_ORGANIZATION_VALID_TIME_UNRESOLVED,retain,not_universally_verified,unreviewed,unassessed,see_separate_parent_dimension_assertions,2024-06,2026-09,2025-10|2025-11|2025-12|2026-02|2026-03|2026-04,6,135.33333333333334,0.2881773399014778,unknown,False,worker/pinned/p29_source_month.csv,0
np9_closed:northern_rivers_times:2026-02,source_month_aggregate,np9_closed,2026-10-09T20:39:15.304509+00:00,newspaper,northern_rivers_times,2026-02,33,complete_article_ID,confirmed,SOURCE_FRAME_COUNTS_NOT_POPULATION;PUBLISHER_ORGANIZATION_VALID_TIME_UNRESOLVED,retain,not_universally_verified,unreviewed,unassessed,see_separate_parent_dimension_assertions,2024-06,2026-09,2025-11|2025-12|2026-01|2026-03|2026-04|2026-05,6,104.16666666666667,0.31679999999999997,unknown,False,worker/pinned/p29_source_month.csv,0
np9_closed:northern_rivers_times:2026-03,source_month_aggregate,np9_closed,2026-10-09T20:39:15.304509+00:00,newspaper,northern_rivers_times,2026-03,101,complete_article_ID,supported_candidate,SOURCE_FRAME_COUNTS_NOT_POPULATION;PUBLISHER_ORGANIZATION_VALID_TIME_UNRESOLVED;EXACT_BODY_REPEAT_WORK_CANDIDATES,link_alias_candidate,not_universally_verified,unreviewed,unassessed,see_separate_parent_dimension_assertions,2024-06,2026-09,2025-12|2026-01|2026-02|2026-04|2026-05|2026-06,6,67.5,1.4962962962962962,unknown,False,worker/pinned/p29_source_month.csv,4
np9_closed:northern_rivers_times:2026-04,source_month_aggregate,np9_closed,2026-10-09T20:39:15.304509+00:00,newspaper,northern_rivers_times,2026-04,112,complete_article_ID,supported_candidate,SOURCE_FRAME_COUNTS_NOT_POPULATION;PUBLISHER_ORGANIZATION_VALID_TIME_UNRESOLVED;EXACT_BODY_REPEAT_WORK_CANDIDATES,link_alias_candidate,not_universally_verified,unreviewed,unassessed,see_separate_parent_dimension_assertions,2024-06,2026-09,2026-01|2026-02|2026-03|2026-05|2026-06|2026-07,6,78.5,1.4267515923566878,unknown,False,worker/pinned/p29_source_month.csv,10
np9_closed:northern_rivers_times:2026-05,source_month_aggregate,np9_closed,2026-10-09T20:39:15.304509+00:00,newspaper,northern_rivers_times,2026-05,59,complete_article_ID,supported_candidate,SOURCE_FRAME_COUNTS_NOT_POPULATION;PUBLISHER_ORGANIZATION_VALID_TIME_UNRESOLVED;EXACT_BODY_REPEAT_WORK_CANDIDATES,link_alias_candidate,not_universally_verified,unreviewed,unassessed,see_separate_parent_dimension_assertions,2024-06,2026-09,2026-02|2026-03|2026-04|2026-06|2026-07|2026-08,6,88.5,0.6666666666666666,unknown,False,worker/pinned/p29_source_month.csv,6
np9_closed:northern_rivers_times:2026-06,source_month_aggregate,np9_closed,2026-10-09T20:39:15.304509+00:00,newspaper,northern_rivers_times,2026-06,43,complete_article_ID,confirmed,SOURCE_FRAME_COUNTS_NOT_POPULATION;PUBLISHER_ORGANIZATION_VALID_TIME_UNRESOLVED,retain,not_universally_verified,unreviewed,unassessed,see_separate_parent_dimension_assertions,2024-06,2026-09,2026-03|2026-04|2026-05|2026-07|2026-08|2026-09,6,91.83333333333333,0.46823956442831216,unknown,False,worker/pinned/p29_source_month.csv,0
np9_closed:northern_rivers_times:2026-07,source_month_aggregate,np9_closed,2026-10-09T20:39:15.304509+00:00,newspaper,northern_rivers_times,2026-07,196,complete_article_ID,supported_candidate,SOURCE_FRAME_COUNTS_NOT_POPULATION;ADJACENT_CONTEXT_BOUNDARY_INCOMPLETE;SAME_SOURCE_ADJACENT_HIGH_COUNT_CANDIDATE;PUBLISHER_ORGANIZATION_VALID_TIME_UNRESOLVED;EXACT_BODY_REPEAT_WORK_CANDIDATES,link_alias_candidate,not_universally_verified,unreviewed,unassessed,see_separate_parent_dimension_assertions,2024-06,2026-09,2026-04|2026-05|2026-06|2026-08|2026-09,5,59.4,3.2996632996632997,unknown,False,worker/pinned/p29_source_month.csv,31
np9_closed:northern_rivers_times:2026-08,source_month_aggregate,np9_closed,2026-10-09T20:39:15.304509+00:00,newspaper,northern_rivers_times,2026-08,46,complete_article_ID,supported_candidate,SOURCE_FRAME_COUNTS_NOT_POPULATION;ADJACENT_CONTEXT_BOUNDARY_INCOMPLETE;PUBLISHER_ORGANIZATION_VALID_TIME_UNRESOLVED;EXACT_BODY_REPEAT_WORK_CANDIDATES,link_alias_candidate,not_universally_verified,unreviewed,unassessed,see_separate_parent_dimension_assertions,2024-06,2026-09,2026-05|2026-06|2026-07|2026-09,4,83.75,0.5492537313432836,unknown,False,worker/pinned/p29_source_month.csv,1
np9_closed:northern_rivers_times:2026-09,source_month_aggregate,np9_closed,2026-10-09T20:39:15.304509+00:00,newspaper,northern_rivers_times,2026-09,37,complete_article_ID,supported_candidate,SOURCE_FRAME_COUNTS_NOT_POPULATION;PARTIAL_SEPTEMBER_FIXED_CUTOFF;ADJACENT_CONTEXT_BOUNDARY_INCOMPLETE;PUBLISHER_ORGANIZATION_VALID_TIME_UNRESOLVED;EXACT_BODY_REPEAT_WORK_CANDIDATES,link_alias_candidate,not_universally_verified,unreviewed,unassessed,see_separate_parent_dimension_assertions,2024-06,2026-09,2026-06|2026-07|2026-08,3,95.0,0.3894736842105263,unknown,False,worker/pinned/p29_source_month.csv,2
s9_closed:aussie_zone:2026-01,source_month_aggregate,s9_closed,2026-10-09T20:38:21.502535+00:00,social,aussie_zone,2026-01,195,usable_dated_independent_body,confirmed,SOURCE_FRAME_COUNTS_NOT_POPULATION,retain,not_universally_verified,unreviewed,unassessed,see_separate_parent_dimension_assertions,2023-06,2026-09,2025-10|2025-11|2025-12|2026-02|2026-03|2026-04,6,233.0,0.8369098712446352,unknown,False,worker/pinned/p29_source_month.csv,0
s9_closed:aussie_zone:2026-02,source_month_aggregate,s9_closed,2026-10-09T20:38:21.502535+00:00,social,aussie_zone,2026-02,249,usable_dated_independent_body,confirmed,SOURCE_FRAME_COUNTS_NOT_POPULATION,retain,not_universally_verified,unreviewed,unassessed,see_separate_parent_dimension_assertions,2023-06,2026-09,2025-11|2025-12|2026-01|2026-03|2026-04|2026-05,6,240.66666666666666,1.0346260387811634,unknown,False,worker/pinned/p29_source_month.csv,0
s9_closed:aussie_zone:2026-03,source_month_aggregate,s9_closed,2026-10-09T20:38:21.502535+00:00,social,aussie_zone,2026-03,345,usable_dated_independent_body,confirmed,SOURCE_FRAME_COUNTS_NOT_POPULATION,retain,not_universally_verified,unreviewed,unassessed,see_separate_parent_dimension_assertions,2023-06,2026-09,2025-12|2026-01|2026-02|2026-04|2026-05|2026-06,6,250.66666666666666,1.3763297872340425,unknown,False,worker/pinned/p29_source_month.csv,0
s9_closed:aussie_zone:2026-04,source_month_aggregate,s9_closed,2026-10-09T20:38:21.502535+00:00,social,aussie_zone,2026-04,285,usable_dated_independent_body,confirmed,SOURCE_FRAME_COUNTS_NOT_POPULATION,retain,not_universally_verified,unreviewed,unassessed,see_separate_parent_dimension_assertions,2023-06,2026-09,2026-01|2026-02|2026-03|2026-05|2026-06|2026-07,6,280.0,1.0178571428571428,unknown,False,worker/pinned/p29_source_month.csv,0
s9_closed:aussie_zone:2026-05,source_month_aggregate,s9_closed,2026-10-09T20:38:21.502535+00:00,social,aussie_zone,2026-05,288,usable_dated_independent_body,confirmed,SOURCE_FRAME_COUNTS_NOT_POPULATION,retain,not_universally_verified,unreviewed,unassessed,see_separate_parent_dimension_assertions,2023-06,2026-09,2026-02|2026-03|2026-04|2026-06|2026-07|2026-08,6,291.0,0.9896907216494846,unknown,False,worker/pinned/p29_source_month.csv,0
s9_closed:aussie_zone:2026-06,source_month_aggregate,s9_closed,2026-10-09T20:38:21.502535+00:00,social,aussie_zone,2026-06,324,usable_dated_independent_body,confirmed,SOURCE_FRAME_COUNTS_NOT_POPULATION,retain,not_universally_verified,unreviewed,unassessed,see_separate_parent_dimension_assertions,2023-06,2026-09,2026-03|2026-04|2026-05|2026-07|2026-08|2026-09,6,276.8333333333333,1.1703792895845877,unknown,False,worker/pinned/p29_source_month.csv,0
s9_closed:aussie_zone:2026-07,source_month_aggregate,s9_closed,2026-10-09T20:38:21.502535+00:00,social,aussie_zone,2026-07,279,usable_dated_independent_body,confirmed,SOURCE_FRAME_COUNTS_NOT_POPULATION;ADJACENT_CONTEXT_BOUNDARY_INCOMPLETE,retain,not_universally_verified,unreviewed,unassessed,see_separate_parent_dimension_assertions,2023-06,2026-09,2026-04|2026-05|2026-06|2026-08|2026-09,5,272.2,1.0249816311535636,unknown,False,worker/pinned/p29_source_month.csv,0
s9_closed:aussie_zone:2026-08,source_month_aggregate,s9_closed,2026-10-09T20:38:21.502535+00:00,social,aussie_zone,2026-08,264,usable_dated_independent_body,confirmed,SOURCE_FRAME_COUNTS_NOT_POPULATION;ADJACENT_CONTEXT_BOUNDARY_INCOMPLETE,retain,not_universally_verified,unreviewed,unassessed,see_separate_parent_dimension_assertions,2023-06,2026-09,2026-05|2026-06|2026-07|2026-09,4,272.75,0.9679193400549955,unknown,False,worker/pinned/p29_source_month.csv,0
s9_closed:aussie_zone:2026-09,source_month_aggregate,s9_closed,2026-10-09T20:38:21.502535+00:00,social,aussie_zone,2026-09,200,usable_dated_independent_body,confirmed,SOURCE_FRAME_COUNTS_NOT_POPULATION;PARTIAL_SEPTEMBER_FIXED_CUTOFF;ADJACENT_CONTEXT_BOUNDARY_INCOMPLETE,retain,not_universally_verified,unreviewed,unassessed,see_separate_parent_dimension_assertions,2023-06,2026-09,2026-06|2026-07|2026-08,3,289.0,0.6920415224913494,unknown,False,worker/pinned/p29_source_month.csv,0
s9_closed:bluesky:2026-01,source_month_aggregate,s9_closed,2026-10-09T20:38:21.502535+00:00,social,bluesky,2026-01,3933,usable_dated_independent_body,confirmed,SOURCE_FRAME_COUNTS_NOT_POPULATION;CLIENT_DECLARED_NATIVE_TIMESTAMP,retain,not_universally_verified,unreviewed,unassessed,see_separate_parent_dimension_assertions,2020-09,2026-09,2025-10|2025-11|2025-12|2026-02|2026-03|2026-04,6,3016.0,1.3040450928381964,unknown,False,worker/pinned/p29_source_month.csv,0
s9_closed:bluesky:2026-02,source_month_aggregate,s9_closed,2026-10-09T20:38:21.502535+00:00,social,bluesky,2026-02,3791,usable_dated_independent_body,confirmed,SOURCE_FRAME_COUNTS_NOT_POPULATION;CLIENT_DECLARED_NATIVE_TIMESTAMP,retain,not_universally_verified,unreviewed,unassessed,see_separate_parent_dimension_assertions,2020-09,2026-09,2025-11|2025-12|2026-01|2026-03|2026-04|2026-05,6,3301.5,1.1482659397243677,unknown,False,worker/pinned/p29_source_month.csv,0
s9_closed:bluesky:2026-03,source_month_aggregate,s9_closed,2026-10-09T20:38:21.502535+00:00,social,bluesky,2026-03,3858,usable_dated_independent_body,confirmed,SOURCE_FRAME_COUNTS_NOT_POPULATION;CLIENT_DECLARED_NATIVE_TIMESTAMP,retain,not_universally_verified,unreviewed,unassessed,see_separate_parent_dimension_assertions,2020-09,2026-09,2025-12|2026-01|2026-02|2026-04|2026-05|2026-06,6,3584.6666666666665,1.0762506974149155,unknown,False,worker/pinned/p29_source_month.csv,0
s9_closed:bluesky:2026-04,source_month_aggregate,s9_closed,2026-10-09T20:38:21.502535+00:00,social,bluesky,2026-04,3989,usable_dated_independent_body,confirmed,SOURCE_FRAME_COUNTS_NOT_POPULATION;CLIENT_DECLARED_NATIVE_TIMESTAMP,retain,not_universally_verified,unreviewed,unassessed,see_separate_parent_dimension_assertions,2020-09,2026-09,2026-01|2026-02|2026-03|2026-05|2026-06|2026-07,6,3879.5,1.0282252867637582,unknown,False,worker/pinned/p29_source_month.csv,0
s9_closed:bluesky:2026-05,source_month_aggregate,s9_closed,2026-10-09T20:38:21.502535+00:00,social,bluesky,2026-05,3451,usable_dated_independent_body,confirmed,SOURCE_FRAME_COUNTS_NOT_POPULATION;CLIENT_DECLARED_NATIVE_TIMESTAMP,retain,not_universally_verified,unreviewed,unassessed,see_separate_parent_dimension_assertions,2020-09,2026-09,2026-02|2026-03|2026-04|2026-06|2026-07|2026-08,6,4112.833333333333,0.8390809255582121,unknown,False,worker/pinned/p29_source_month.csv,0
s9_closed:bluesky:2026-06,source_month_aggregate,s9_closed,2026-10-09T20:38:21.502535+00:00,social,bluesky,2026-06,3882,usable_dated_independent_body,confirmed,SOURCE_FRAME_COUNTS_NOT_POPULATION;CLIENT_DECLARED_NATIVE_TIMESTAMP,retain,not_universally_verified,unreviewed,unassessed,see_separate_parent_dimension_assertions,2020-09,2026-09,2026-03|2026-04|2026-05|2026-07|2026-08|2026-09,6,4012.0,0.9675972083748754,unknown,False,worker/pinned/p29_source_month.csv,0
s9_closed:bluesky:2026-07,source_month_aggregate,s9_closed,2026-10-09T20:38:21.502535+00:00,social,bluesky,2026-07,4362,usable_dated_independent_body,confirmed,SOURCE_FRAME_COUNTS_NOT_POPULATION;ADJACENT_CONTEXT_BOUNDARY_INCOMPLETE;CLIENT_DECLARED_NATIVE_TIMESTAMP,retain,not_universally_verified,unreviewed,unassessed,see_separate_parent_dimension_assertions,2020-09,2026-09,2026-04|2026-05|2026-06|2026-08|2026-09,5,3946.8,1.1051991486774095,unknown,False,worker/pinned/p29_source_month.csv,0
s9_closed:bluesky:2026-08,source_month_aggregate,s9_closed,2026-10-09T20:38:21.502535+00:00,social,bluesky,2026-08,4795,usable_dated_independent_body,confirmed,SOURCE_FRAME_COUNTS_NOT_POPULATION;ADJACENT_CONTEXT_BOUNDARY_INCOMPLETE;CLIENT_DECLARED_NATIVE_TIMESTAMP,retain,not_universally_verified,unreviewed,unassessed,see_separate_parent_dimension_assertions,2020-09,2026-09,2026-05|2026-06|2026-07|2026-09,4,3828.0,1.252612330198537,unknown,False,worker/pinned/p29_source_month.csv,0
s9_closed:bluesky:2026-09,source_month_aggregate,s9_closed,2026-10-09T20:38:21.502535+00:00,social,bluesky,2026-09,3617,usable_dated_independent_body,confirmed,SOURCE_FRAME_COUNTS_NOT_POPULATION;PARTIAL_SEPTEMBER_FIXED_CUTOFF;ADJACENT_CONTEXT_BOUNDARY_INCOMPLETE;CLIENT_DECLARED_NATIVE_TIMESTAMP,retain,not_universally_verified,unreviewed,unassessed,see_separate_parent_dimension_assertions,2020-09,2026-09,2026-06|2026-07|2026-08,3,4346.333333333333,0.8321957205307156,unknown,False,worker/pinned/p29_source_month.csv,0
s9_closed:lemmy_nz:2026-01,source_month_aggregate,s9_closed,2026-10-09T20:38:21.502535+00:00,social,lemmy_nz,2026-01,32,usable_dated_independent_body,confirmed,SOURCE_FRAME_COUNTS_NOT_POPULATION,retain,not_universally_verified,unreviewed,unassessed,see_separate_parent_dimension_assertions,2023-06,2026-09,2025-10|2025-11|2025-12|2026-02|2026-03|2026-04,6,40.333333333333336,0.793388429752066,unknown,False,worker/pinned/p29_source_month.csv,0
s9_closed:lemmy_nz:2026-02,source_month_aggregate,s9_closed,2026-10-09T20:38:21.502535+00:00,social,lemmy_nz,2026-02,44,usable_dated_independent_body,confirmed,SOURCE_FRAME_COUNTS_NOT_POPULATION,retain,not_universally_verified,unreviewed,unassessed,see_separate_parent_dimension_assertions,2023-06,2026-09,2025-11|2025-12|2026-01|2026-03|2026-04|2026-05,6,35.166666666666664,1.2511848341232228,unknown,False,worker/pinned/p29_source_month.csv,0
s9_closed:lemmy_nz:2026-03,source_month_aggregate,s9_closed,2026-10-09T20:38:21.502535+00:00,social,lemmy_nz,2026-03,40,usable_dated_independent_body,confirmed,SOURCE_FRAME_COUNTS_NOT_POPULATION,retain,not_universally_verified,unreviewed,unassessed,see_separate_parent_dimension_assertions,2023-06,2026-09,2025-12|2026-01|2026-02|2026-04|2026-05|2026-06,6,37.666666666666664,1.0619469026548674,unknown,False,worker/pinned/p29_source_month.csv,0
s9_closed:lemmy_nz:2026-04,source_month_aggregate,s9_closed,2026-10-09T20:38:21.502535+00:00,social,lemmy_nz,2026-04,31,usable_dated_independent_body,confirmed,SOURCE_FRAME_COUNTS_NOT_POPULATION,retain,not_universally_verified,unreviewed,unassessed,see_separate_parent_dimension_assertions,2023-06,2026-09,2026-01|2026-02|2026-03|2026-05|2026-06|2026-07,6,41.5,0.7469879518072289,unknown,False,worker/pinned/p29_source_month.csv,0
s9_closed:lemmy_nz:2026-05,source_month_aggregate,s9_closed,2026-10-09T20:38:21.502535+00:00,social,lemmy_nz,2026-05,35,usable_dated_independent_body,confirmed,SOURCE_FRAME_COUNTS_NOT_POPULATION,retain,not_universally_verified,unreviewed,unassessed,see_separate_parent_dimension_assertions,2023-06,2026-09,2026-02|2026-03|2026-04|2026-06|2026-07|2026-08,6,47.0,0.7446808510638298,unknown,False,worker/pinned/p29_source_month.csv,0
s9_closed:lemmy_nz:2026-06,source_month_aggregate,s9_closed,2026-10-09T20:38:21.502535+00:00,social,lemmy_nz,2026-06,52,usable_dated_independent_body,confirmed,SOURCE_FRAME_COUNTS_NOT_POPULATION,retain,not_universally_verified,unreviewed,unassessed,see_separate_parent_dimension_assertions,2023-06,2026-09,2026-03|2026-04|2026-05|2026-07|2026-08|2026-09,6,41.333333333333336,1.2580645161290323,unknown,False,worker/pinned/p29_source_month.csv,0
s9_closed:lemmy_nz:2026-07,source_month_aggregate,s9_closed,2026-10-09T20:38:21.502535+00:00,social,lemmy_nz,2026-07,46,usable_dated_independent_body,confirmed,SOURCE_FRAME_COUNTS_NOT_POPULATION;ADJACENT_CONTEXT_BOUNDARY_INCOMPLETE,retain,not_universally_verified,unreviewed,unassessed,see_separate_parent_dimension_assertions,2023-06,2026-09,2026-04|2026-05|2026-06|2026-08|2026-09,5,42.8,1.074766355140187,unknown,False,worker/pinned/p29_source_month.csv,0
s9_closed:lemmy_nz:2026-08,source_month_aggregate,s9_closed,2026-10-09T20:38:21.502535+00:00,social,lemmy_nz,2026-08,69,usable_dated_independent_body,confirmed,SOURCE_FRAME_COUNTS_NOT_POPULATION;ADJACENT_CONTEXT_BOUNDARY_INCOMPLETE,retain,not_universally_verified,unreviewed,unassessed,see_separate_parent_dimension_assertions,2023-06,2026-09,2026-05|2026-06|2026-07|2026-09,4,40.0,1.725,unknown,False,worker/pinned/p29_source_month.csv,0
s9_closed:lemmy_nz:2026-09,source_month_aggregate,s9_closed,2026-10-09T20:38:21.502535+00:00,social,lemmy_nz,2026-09,27,usable_dated_independent_body,confirmed,SOURCE_FRAME_COUNTS_NOT_POPULATION;PARTIAL_SEPTEMBER_FIXED_CUTOFF;ADJACENT_CONTEXT_BOUNDARY_INCOMPLETE,retain,not_universally_verified,unreviewed,unassessed,see_separate_parent_dimension_assertions,2023-06,2026-09,2026-06|2026-07|2026-08,3,55.666666666666664,0.48502994011976047,unknown,False,worker/pinned/p29_source_month.csv,0
s9_closed:mastodon_au:2026-01,source_month_aggregate,s9_closed,2026-10-09T20:38:21.502535+00:00,social,mastodon_au,2026-01,0,usable_dated_independent_body,confirmed,SOURCE_FRAME_COUNTS_NOT_POPULATION;RECENT_FIRST_LOCAL_TIMELINE_FRONTIER;EARLIER_FRONTIER_UNOBSERVED_NOT_SOURCE_ABSENCE,retain_with_context,not_universally_verified,unreviewed,unassessed,see_separate_parent_dimension_assertions,2026-07,2026-09,2025-10|2025-11|2025-12|2026-02|2026-03|2026-04,6,0.0,,unknown,False,worker/pinned/p29_source_month.csv,0
s9_closed:mastodon_au:2026-02,source_month_aggregate,s9_closed,2026-10-09T20:38:21.502535+00:00,social,mastodon_au,2026-02,0,usable_dated_independent_body,confirmed,SOURCE_FRAME_COUNTS_NOT_POPULATION;RECENT_FIRST_LOCAL_TIMELINE_FRONTIER;EARLIER_FRONTIER_UNOBSERVED_NOT_SOURCE_ABSENCE,retain_with_context,not_universally_verified,unreviewed,unassessed,see_separate_parent_dimension_assertions,2026-07,2026-09,2025-11|2025-12|2026-01|2026-03|2026-04|2026-05,6,0.0,,unknown,False,worker/pinned/p29_source_month.csv,0
s9_closed:mastodon_au:2026-03,source_month_aggregate,s9_closed,2026-10-09T20:38:21.502535+00:00,social,mastodon_au,2026-03,0,usable_dated_independent_body,confirmed,SOURCE_FRAME_COUNTS_NOT_POPULATION;RECENT_FIRST_LOCAL_TIMELINE_FRONTIER;EARLIER_FRONTIER_UNOBSERVED_NOT_SOURCE_ABSENCE,retain_with_context,not_universally_verified,unreviewed,unassessed,see_separate_parent_dimension_assertions,2026-07,2026-09,2025-12|2026-01|2026-02|2026-04|2026-05|2026-06,6,0.0,,unknown,False,worker/pinned/p29_source_month.csv,0
s9_closed:mastodon_au:2026-04,source_month_aggregate,s9_closed,2026-10-09T20:38:21.502535+00:00,social,mastodon_au,2026-04,0,usable_dated_independent_body,confirmed,SOURCE_FRAME_COUNTS_NOT_POPULATION;RECENT_FIRST_LOCAL_TIMELINE_FRONTIER;EARLIER_FRONTIER_UNOBSERVED_NOT_SOURCE_ABSENCE,retain_with_context,not_universally_verified,unreviewed,unassessed,see_separate_parent_dimension_assertions,2026-07,2026-09,2026-01|2026-02|2026-03|2026-05|2026-06|2026-07,6,61.833333333333336,0.0,unknown,False,worker/pinned/p29_source_month.csv,0
s9_closed:mastodon_au:2026-05,source_month_aggregate,s9_closed,2026-10-09T20:38:21.502535+00:00,social,mastodon_au,2026-05,0,usable_dated_independent_body,confirmed,SOURCE_FRAME_COUNTS_NOT_POPULATION;RECENT_FIRST_LOCAL_TIMELINE_FRONTIER;EARLIER_FRONTIER_UNOBSERVED_NOT_SOURCE_ABSENCE,retain_with_context,not_universally_verified,unreviewed,unassessed,see_separate_parent_dimension_assertions,2026-07,2026-09,2026-02|2026-03|2026-04|2026-06|2026-07|2026-08,6,2061.8333333333335,0.0,unknown,False,worker/pinned/p29_source_month.csv,0
s9_closed:mastodon_au:2026-06,source_month_aggregate,s9_closed,2026-10-09T20:38:21.502535+00:00,social,mastodon_au,2026-06,0,usable_dated_independent_body,confirmed,SOURCE_FRAME_COUNTS_NOT_POPULATION;RECENT_FIRST_LOCAL_TIMELINE_FRONTIER;EARLIER_FRONTIER_UNOBSERVED_NOT_SOURCE_ABSENCE,retain_with_context,not_universally_verified,unreviewed,unassessed,see_separate_parent_dimension_assertions,2026-07,2026-09,2026-03|2026-04|2026-05|2026-07|2026-08|2026-09,6,3631.0,0.0,unknown,False,worker/pinned/p29_source_month.csv,0
s9_closed:mastodon_au:2026-07,source_month_aggregate,s9_closed,2026-10-09T20:38:21.502535+00:00,social,mastodon_au,2026-07,371,usable_dated_independent_body,confirmed,SOURCE_FRAME_COUNTS_NOT_POPULATION;ADJACENT_CONTEXT_BOUNDARY_INCOMPLETE;RECENT_FIRST_LOCAL_TIMELINE_FRONTIER,retain_with_context,not_universally_verified,unreviewed,unassessed,see_separate_parent_dimension_assertions,2026-07,2026-09,2026-04|2026-05|2026-06|2026-08|2026-09,5,4283.0,0.08662152696707914,unknown,False,worker/pinned/p29_source_month.csv,0
s9_closed:mastodon_au:2026-08,source_month_aggregate,s9_closed,2026-10-09T20:38:21.502535+00:00,social,mastodon_au,2026-08,12000,usable_dated_independent_body,confirmed,SOURCE_FRAME_COUNTS_NOT_POPULATION;ADJACENT_CONTEXT_BOUNDARY_INCOMPLETE;RECENT_FIRST_LOCAL_TIMELINE_FRONTIER;SAME_SOURCE_ADJACENT_HIGH_COUNT_CANDIDATE,retain_with_context,not_universally_verified,unreviewed,unassessed,see_separate_parent_dimension_assertions,2026-07,2026-09,2026-05|2026-06|2026-07|2026-09,4,2446.5,4.904966278356836,unknown,False,worker/pinned/p29_source_month.csv,0
s9_closed:mastodon_au:2026-09,source_month_aggregate,s9_closed,2026-10-09T20:38:21.502535+00:00,social,mastodon_au,2026-09,9415,usable_dated_independent_body,confirmed,SOURCE_FRAME_COUNTS_NOT_POPULATION;PARTIAL_SEPTEMBER_FIXED_CUTOFF;ADJACENT_CONTEXT_BOUNDARY_INCOMPLETE;RECENT_FIRST_LOCAL_TIMELINE_FRONTIER,retain_with_context,not_universally_verified,unreviewed,unassessed,see_separate_parent_dimension_assertions,2026-07,2026-09,2026-06|2026-07|2026-08,3,4123.666666666667,2.2831622342575377,unknown,False,worker/pinned/p29_source_month.csv,0
s9_closed:mastodon_ie:2026-01,source_month_aggregate,s9_closed,2026-10-09T20:38:21.502535+00:00,social,mastodon_ie,2026-01,0,usable_dated_independent_body,confirmed,SOURCE_FRAME_COUNTS_NOT_POPULATION;RECENT_FIRST_LOCAL_TIMELINE_FRONTIER;EARLIER_FRONTIER_UNOBSERVED_NOT_SOURCE_ABSENCE,retain_with_context,not_universally_verified,unreviewed,unassessed,see_separate_parent_dimension_assertions,2026-06,2026-09,2025-10|2025-11|2025-12|2026-02|2026-03|2026-04,6,0.0,,unknown,False,worker/pinned/p29_source_month.csv,0
s9_closed:mastodon_ie:2026-02,source_month_aggregate,s9_closed,2026-10-09T20:38:21.502535+00:00,social,mastodon_ie,2026-02,0,usable_dated_independent_body,confirmed,SOURCE_FRAME_COUNTS_NOT_POPULATION;RECENT_FIRST_LOCAL_TIMELINE_FRONTIER;EARLIER_FRONTIER_UNOBSERVED_NOT_SOURCE_ABSENCE,retain_with_context,not_universally_verified,unreviewed,unassessed,see_separate_parent_dimension_assertions,2026-06,2026-09,2025-11|2025-12|2026-01|2026-03|2026-04|2026-05,6,0.0,,unknown,False,worker/pinned/p29_source_month.csv,0
s9_closed:mastodon_ie:2026-03,source_month_aggregate,s9_closed,2026-10-09T20:38:21.502535+00:00,social,mastodon_ie,2026-03,0,usable_dated_independent_body,confirmed,SOURCE_FRAME_COUNTS_NOT_POPULATION;RECENT_FIRST_LOCAL_TIMELINE_FRONTIER;EARLIER_FRONTIER_UNOBSERVED_NOT_SOURCE_ABSENCE,retain_with_context,not_universally_verified,unreviewed,unassessed,see_separate_parent_dimension_assertions,2026-06,2026-09,2025-12|2026-01|2026-02|2026-04|2026-05|2026-06,6,41.0,0.0,unknown,False,worker/pinned/p29_source_month.csv,0
s9_closed:mastodon_ie:2026-04,source_month_aggregate,s9_closed,2026-10-09T20:38:21.502535+00:00,social,mastodon_ie,2026-04,0,usable_dated_independent_body,confirmed,SOURCE_FRAME_COUNTS_NOT_POPULATION;RECENT_FIRST_LOCAL_TIMELINE_FRONTIER;EARLIER_FRONTIER_UNOBSERVED_NOT_SOURCE_ABSENCE,retain_with_context,not_universally_verified,unreviewed,unassessed,see_separate_parent_dimension_assertions,2026-06,2026-09,2026-01|2026-02|2026-03|2026-05|2026-06|2026-07,6,1407.5,0.0,unknown,False,worker/pinned/p29_source_month.csv,0
s9_closed:mastodon_ie:2026-05,source_month_aggregate,s9_closed,2026-10-09T20:38:21.502535+00:00,social,mastodon_ie,2026-05,0,usable_dated_independent_body,confirmed,SOURCE_FRAME_COUNTS_NOT_POPULATION;RECENT_FIRST_LOCAL_TIMELINE_FRONTIER;EARLIER_FRONTIER_UNOBSERVED_NOT_SOURCE_ABSENCE,retain_with_context,not_universally_verified,unreviewed,unassessed,see_separate_parent_dimension_assertions,2026-06,2026-09,2026-02|2026-03|2026-04|2026-06|2026-07|2026-08,6,2723.8333333333335,0.0,unknown,False,worker/pinned/p29_source_month.csv,0
s9_closed:mastodon_ie:2026-06,source_month_aggregate,s9_closed,2026-10-09T20:38:21.502535+00:00,social,mastodon_ie,2026-06,246,usable_dated_independent_body,confirmed,SOURCE_FRAME_COUNTS_NOT_POPULATION;RECENT_FIRST_LOCAL_TIMELINE_FRONTIER,retain_with_context,not_universally_verified,unreviewed,unassessed,see_separate_parent_dimension_assertions,2026-06,2026-09,2026-03|2026-04|2026-05|2026-07|2026-08|2026-09,6,3605.3333333333335,0.06823224852071005,unknown,False,worker/pinned/p29_source_month.csv,0
s9_closed:mastodon_ie:2026-07,source_month_aggregate,s9_closed,2026-10-09T20:38:21.502535+00:00,social,mastodon_ie,2026-07,8199,usable_dated_independent_body,confirmed,SOURCE_FRAME_COUNTS_NOT_POPULATION;ADJACENT_CONTEXT_BOUNDARY_INCOMPLETE;RECENT_FIRST_LOCAL_TIMELINE_FRONTIER,retain_with_context,not_universally_verified,unreviewed,unassessed,see_separate_parent_dimension_assertions,2026-06,2026-09,2026-04|2026-05|2026-06|2026-08|2026-09,5,2735.8,2.9969296001169674,unknown,False,worker/pinned/p29_source_month.csv,0
s9_closed:mastodon_ie:2026-08,source_month_aggregate,s9_closed,2026-10-09T20:38:21.502535+00:00,social,mastodon_ie,2026-08,7898,usable_dated_independent_body,confirmed,SOURCE_FRAME_COUNTS_NOT_POPULATION;ADJACENT_CONTEXT_BOUNDARY_INCOMPLETE;RECENT_FIRST_LOCAL_TIMELINE_FRONTIER,retain_with_context,not_universally_verified,unreviewed,unassessed,see_separate_parent_dimension_assertions,2026-06,2026-09,2026-05|2026-06|2026-07|2026-09,4,3495.0,2.259799713876967,unknown,False,worker/pinned/p29_source_month.csv,0
s9_closed:mastodon_ie:2026-09,source_month_aggregate,s9_closed,2026-10-09T20:38:21.502535+00:00,social,mastodon_ie,2026-09,5535,usable_dated_independent_body,confirmed,SOURCE_FRAME_COUNTS_NOT_POPULATION;PARTIAL_SEPTEMBER_FIXED_CUTOFF;ADJACENT_CONTEXT_BOUNDARY_INCOMPLETE;RECENT_FIRST_LOCAL_TIMELINE_FRONTIER,retain_with_context,not_universally_verified,unreviewed,unassessed,see_separate_parent_dimension_assertions,2026-06,2026-09,2026-06|2026-07|2026-08,3,5447.666666666667,1.016031328397479,unknown,False,worker/pinned/p29_source_month.csv,0
s9_closed:mastodon_uk:2026-01,source_month_aggregate,s9_closed,2026-10-09T20:38:21.502535+00:00,social,mastodon_uk,2026-01,0,usable_dated_independent_body,confirmed,SOURCE_FRAME_COUNTS_NOT_POPULATION;RECENT_FIRST_LOCAL_TIMELINE_FRONTIER;EARLIER_FRONTIER_UNOBSERVED_NOT_SOURCE_ABSENCE,retain_with_context,not_universally_verified,unreviewed,unassessed,see_separate_parent_dimension_assertions,2026-04,2026-09,2025-10|2025-11|2025-12|2026-02|2026-03|2026-04,6,289.0,0.0,unknown,False,worker/pinned/p29_source_month.csv,0
s9_closed:mastodon_uk:2026-02,source_month_aggregate,s9_closed,2026-10-09T20:38:21.502535+00:00,social,mastodon_uk,2026-02,0,usable_dated_independent_body,confirmed,SOURCE_FRAME_COUNTS_NOT_POPULATION;RECENT_FIRST_LOCAL_TIMELINE_FRONTIER;EARLIER_FRONTIER_UNOBSERVED_NOT_SOURCE_ABSENCE,retain_with_context,not_universally_verified,unreviewed,unassessed,see_separate_parent_dimension_assertions,2026-04,2026-09,2025-11|2025-12|2026-01|2026-03|2026-04|2026-05,6,991.3333333333334,0.0,unknown,False,worker/pinned/p29_source_month.csv,0
s9_closed:mastodon_uk:2026-03,source_month_aggregate,s9_closed,2026-10-09T20:38:21.502535+00:00,social,mastodon_uk,2026-03,0,usable_dated_independent_body,confirmed,SOURCE_FRAME_COUNTS_NOT_POPULATION;RECENT_FIRST_LOCAL_TIMELINE_FRONTIER;EARLIER_FRONTIER_UNOBSERVED_NOT_SOURCE_ABSENCE,retain_with_context,not_universally_verified,unreviewed,unassessed,see_separate_parent_dimension_assertions,2026-04,2026-09,2025-12|2026-01|2026-02|2026-04|2026-05|2026-06,6,1683.3333333333333,0.0,unknown,False,worker/pinned/p29_source_month.csv,0
s9_closed:mastodon_uk:2026-04,source_month_aggregate,s9_closed,2026-10-09T20:38:21.502535+00:00,social,mastodon_uk,2026-04,1734,usable_dated_independent_body,confirmed,SOURCE_FRAME_COUNTS_NOT_POPULATION;RECENT_FIRST_LOCAL_TIMELINE_FRONTIER,retain_with_context,not_universally_verified,unreviewed,unassessed,see_separate_parent_dimension_assertions,2026-04,2026-09,2026-01|2026-02|2026-03|2026-05|2026-06|2026-07,6,2125.3333333333335,0.8158720200752823,unknown,False,worker/pinned/p29_source_month.csv,0
s9_closed:mastodon_uk:2026-05,source_month_aggregate,s9_closed,2026-10-09T20:38:21.502535+00:00,social,mastodon_uk,2026-05,4214,usable_dated_independent_body,confirmed,SOURCE_FRAME_COUNTS_NOT_POPULATION;RECENT_FIRST_LOCAL_TIMELINE_FRONTIER,retain_with_context,not_universally_verified,unreviewed,unassessed,see_separate_parent_dimension_assertions,2026-04,2026-09,2026-02|2026-03|2026-04|2026-06|2026-07|2026-08,6,2447.1666666666665,1.7219914186474155,unknown,False,worker/pinned/p29_source_month.csv,0
s9_closed:mastodon_uk:2026-06,source_month_aggregate,s9_closed,2026-10-09T20:38:21.502535+00:00,social,mastodon_uk,2026-06,4152,usable_dated_independent_body,confirmed,SOURCE_FRAME_COUNTS_NOT_POPULATION;RECENT_FIRST_LOCAL_TIMELINE_FRONTIER,retain_with_context,not_universally_verified,unreviewed,unassessed,see_separate_parent_dimension_assertions,2026-04,2026-09,2026-03|2026-04|2026-05|2026-07|2026-08|2026-09,6,2988.5,1.3893257487033628,unknown,False,worker/pinned/p29_source_month.csv,0
s9_closed:mastodon_uk:2026-07,source_month_aggregate,s9_closed,2026-10-09T20:38:21.502535+00:00,social,mastodon_uk,2026-07,4386,usable_dated_independent_body,confirmed,SOURCE_FRAME_COUNTS_NOT_POPULATION;ADJACENT_CONTEXT_BOUNDARY_INCOMPLETE;RECENT_FIRST_LOCAL_TIMELINE_FRONTIER,retain_with_context,not_universally_verified,unreviewed,unassessed,see_separate_parent_dimension_assertions,2026-04,2026-09,2026-04|2026-05|2026-06|2026-08|2026-09,5,3539.4,1.239193083573487,unknown,False,worker/pinned/p29_source_month.csv,0
s9_closed:mastodon_uk:2026-08,source_month_aggregate,s9_closed,2026-10-09T20:38:21.502535+00:00,social,mastodon_uk,2026-08,4411,usable_dated_independent_body,confirmed,SOURCE_FRAME_COUNTS_NOT_POPULATION;ADJACENT_CONTEXT_BOUNDARY_INCOMPLETE;RECENT_FIRST_LOCAL_TIMELINE_FRONTIER,retain_with_context,not_universally_verified,unreviewed,unassessed,see_separate_parent_dimension_assertions,2026-04,2026-09,2026-05|2026-06|2026-07|2026-09,4,3984.5,1.1070397791441837,unknown,False,worker/pinned/p29_source_month.csv,0
s9_closed:mastodon_uk:2026-09,source_month_aggregate,s9_closed,2026-10-09T20:38:21.502535+00:00,social,mastodon_uk,2026-09,3186,usable_dated_independent_body,confirmed,SOURCE_FRAME_COUNTS_NOT_POPULATION;PARTIAL_SEPTEMBER_FIXED_CUTOFF;ADJACENT_CONTEXT_BOUNDARY_INCOMPLETE;RECENT_FIRST_LOCAL_TIMELINE_FRONTIER,retain_with_context,not_universally_verified,unreviewed,unassessed,see_separate_parent_dimension_assertions,2026-04,2026-09,2026-06|2026-07|2026-08,3,4316.333333333333,0.7381264962545371,unknown,False,worker/pinned/p29_source_month.csv,0
s9_closed:mastodon_us:2026-01,source_month_aggregate,s9_closed,2026-10-09T20:38:21.502535+00:00,social,mastodon_us,2026-01,0,usable_dated_independent_body,confirmed,SOURCE_FRAME_COUNTS_NOT_POPULATION;RECENT_FIRST_LOCAL_TIMELINE_FRONTIER;EARLIER_FRONTIER_UNOBSERVED_NOT_SOURCE_ABSENCE,retain_with_context,not_universally_verified,unreviewed,unassessed,see_separate_parent_dimension_assertions,2026-07,2026-09,2025-10|2025-11|2025-12|2026-02|2026-03|2026-04,6,0.0,,unknown,False,worker/pinned/p29_source_month.csv,0
s9_closed:mastodon_us:2026-02,source_month_aggregate,s9_closed,2026-10-09T20:38:21.502535+00:00,social,mastodon_us,2026-02,0,usable_dated_independent_body,confirmed,SOURCE_FRAME_COUNTS_NOT_POPULATION;RECENT_FIRST_LOCAL_TIMELINE_FRONTIER;EARLIER_FRONTIER_UNOBSERVED_NOT_SOURCE_ABSENCE,retain_with_context,not_universally_verified,unreviewed,unassessed,see_separate_parent_dimension_assertions,2026-07,2026-09,2025-11|2025-12|2026-01|2026-03|2026-04|2026-05,6,0.0,,unknown,False,worker/pinned/p29_source_month.csv,0
s9_closed:mastodon_us:2026-03,source_month_aggregate,s9_closed,2026-10-09T20:38:21.502535+00:00,social,mastodon_us,2026-03,0,usable_dated_independent_body,confirmed,SOURCE_FRAME_COUNTS_NOT_POPULATION;RECENT_FIRST_LOCAL_TIMELINE_FRONTIER;EARLIER_FRONTIER_UNOBSERVED_NOT_SOURCE_ABSENCE,retain_with_context,not_universally_verified,unreviewed,unassessed,see_separate_parent_dimension_assertions,2026-07,2026-09,2025-12|2026-01|2026-02|2026-04|2026-05|2026-06,6,0.0,,unknown,False,worker/pinned/p29_source_month.csv,0
s9_closed:mastodon_us:2026-04,source_month_aggregate,s9_closed,2026-10-09T20:38:21.502535+00:00,social,mastodon_us,2026-04,0,usable_dated_independent_body,confirmed,SOURCE_FRAME_COUNTS_NOT_POPULATION;RECENT_FIRST_LOCAL_TIMELINE_FRONTIER;EARLIER_FRONTIER_UNOBSERVED_NOT_SOURCE_ABSENCE,retain_with_context,not_universally_verified,unreviewed,unassessed,see_separate_parent_dimension_assertions,2026-07,2026-09,2026-01|2026-02|2026-03|2026-05|2026-06|2026-07,6,370.6666666666667,0.0,unknown,False,worker/pinned/p29_source_month.csv,0
s9_closed:mastodon_us:2026-05,source_month_aggregate,s9_closed,2026-10-09T20:38:21.502535+00:00,social,mastodon_us,2026-05,0,usable_dated_independent_body,confirmed,SOURCE_FRAME_COUNTS_NOT_POPULATION;RECENT_FIRST_LOCAL_TIMELINE_FRONTIER;EARLIER_FRONTIER_UNOBSERVED_NOT_SOURCE_ABSENCE,retain_with_context,not_universally_verified,unreviewed,unassessed,see_separate_parent_dimension_assertions,2026-07,2026-09,2026-02|2026-03|2026-04|2026-06|2026-07|2026-08,6,2306.6666666666665,0.0,unknown,False,worker/pinned/p29_source_month.csv,0
s9_closed:mastodon_us:2026-06,source_month_aggregate,s9_closed,2026-10-09T20:38:21.502535+00:00,social,mastodon_us,2026-06,0,usable_dated_independent_body,confirmed,SOURCE_FRAME_COUNTS_NOT_POPULATION;RECENT_FIRST_LOCAL_TIMELINE_FRONTIER;EARLIER_FRONTIER_UNOBSERVED_NOT_SOURCE_ABSENCE,retain_with_context,not_universally_verified,unreviewed,unassessed,see_separate_parent_dimension_assertions,2026-07,2026-09,2026-03|2026-04|2026-05|2026-07|2026-08|2026-09,6,3636.5,0.0,unknown,False,worker/pinned/p29_source_month.csv,0
s9_closed:mastodon_us:2026-07,source_month_aggregate,s9_closed,2026-10-09T20:38:21.502535+00:00,social,mastodon_us,2026-07,2224,usable_dated_independent_body,confirmed,SOURCE_FRAME_COUNTS_NOT_POPULATION;ADJACENT_CONTEXT_BOUNDARY_INCOMPLETE;RECENT_FIRST_LOCAL_TIMELINE_FRONTIER,retain_with_context,not_universally_verified,unreviewed,unassessed,see_separate_parent_dimension_assertions,2026-07,2026-09,2026-04|2026-05|2026-06|2026-08|2026-09,5,3919.0,0.5674917070681296,unknown,False,worker/pinned/p29_source_month.csv,0
s9_closed:mastodon_us:2026-08,source_month_aggregate,s9_closed,2026-10-09T20:38:21.502535+00:00,social,mastodon_us,2026-08,11616,usable_dated_independent_body,confirmed,SOURCE_FRAME_COUNTS_NOT_POPULATION;ADJACENT_CONTEXT_BOUNDARY_INCOMPLETE;RECENT_FIRST_LOCAL_TIMELINE_FRONTIER;SAME_SOURCE_ADJACENT_HIGH_COUNT_CANDIDATE,retain_with_context,not_universally_verified,unreviewed,unassessed,see_separate_parent_dimension_assertions,2026-07,2026-09,2026-05|2026-06|2026-07|2026-09,4,2550.75,4.553954719200235,unknown,False,worker/pinned/p29_source_month.csv,0
s9_closed:mastodon_us:2026-09,source_month_aggregate,s9_closed,2026-10-09T20:38:21.502535+00:00,social,mastodon_us,2026-09,7979,usable_dated_independent_body,confirmed,SOURCE_FRAME_COUNTS_NOT_POPULATION;PARTIAL_SEPTEMBER_FIXED_CUTOFF;ADJACENT_CONTEXT_BOUNDARY_INCOMPLETE;RECENT_FIRST_LOCAL_TIMELINE_FRONTIER,retain_with_context,not_universally_verified,unreviewed,unassessed,see_separate_parent_dimension_assertions,2026-07,2026-09,2026-06|2026-07|2026-08,3,4613.333333333333,1.7295520231213874,unknown,False,worker/pinned/p29_source_month.csv,0
s9_closed:osm_discourse:2026-01,source_month_aggregate,s9_closed,2026-10-09T20:38:21.502535+00:00,social,osm_discourse,2026-01,80,usable_dated_independent_body,confirmed,SOURCE_FRAME_COUNTS_NOT_POPULATION,retain,not_universally_verified,unreviewed,unassessed,see_separate_parent_dimension_assertions,2010-01,2026-09,2025-10|2025-11|2025-12|2026-02|2026-03|2026-04,6,111.16666666666667,0.7196401799100449,unknown,False,worker/pinned/p29_source_month.csv,0
s9_closed:osm_discourse:2026-02,source_month_aggregate,s9_closed,2026-10-09T20:38:21.502535+00:00,social,osm_discourse,2026-02,72,usable_dated_independent_body,confirmed,SOURCE_FRAME_COUNTS_NOT_POPULATION,retain,not_universally_verified,unreviewed,unassessed,see_separate_parent_dimension_assertions,2010-01,2026-09,2025-11|2025-12|2026-01|2026-03|2026-04|2026-05,6,112.16666666666667,0.6419019316493313,unknown,False,worker/pinned/p29_source_month.csv,0
s9_closed:osm_discourse:2026-03,source_month_aggregate,s9_closed,2026-10-09T20:38:21.502535+00:00,social,osm_discourse,2026-03,156,usable_dated_independent_body,confirmed,SOURCE_FRAME_COUNTS_NOT_POPULATION,retain,not_universally_verified,unreviewed,unassessed,see_separate_parent_dimension_assertions,2010-01,2026-09,2025-12|2026-01|2026-02|2026-04|2026-05|2026-06,6,109.66666666666667,1.4224924012158053,unknown,False,worker/pinned/p29_source_month.csv,0
s9_closed:osm_discourse:2026-04,source_month_aggregate,s9_closed,2026-10-09T20:38:21.502535+00:00,social,osm_discourse,2026-04,104,usable_dated_independent_body,confirmed,SOURCE_FRAME_COUNTS_NOT_POPULATION,retain,not_universally_verified,unreviewed,unassessed,see_separate_parent_dimension_assertions,2010-01,2026-09,2026-01|2026-02|2026-03|2026-05|2026-06|2026-07,6,108.66666666666667,0.9570552147239263,unknown,False,worker/pinned/p29_source_month.csv,0
s9_closed:osm_discourse:2026-05,source_month_aggregate,s9_closed,2026-10-09T20:38:21.502535+00:00,social,osm_discourse,2026-05,97,usable_dated_independent_body,confirmed,SOURCE_FRAME_COUNTS_NOT_POPULATION,retain,not_universally_verified,unreviewed,unassessed,see_separate_parent_dimension_assertions,2010-01,2026-09,2026-02|2026-03|2026-04|2026-06|2026-07|2026-08,6,119.66666666666667,0.8105849582172702,unknown,False,worker/pinned/p29_source_month.csv,0
s9_closed:osm_discourse:2026-06,source_month_aggregate,s9_closed,2026-10-09T20:38:21.502535+00:00,social,osm_discourse,2026-06,157,usable_dated_independent_body,confirmed,SOURCE_FRAME_COUNTS_NOT_POPULATION,retain,not_universally_verified,unreviewed,unassessed,see_separate_parent_dimension_assertions,2010-01,2026-09,2026-03|2026-04|2026-05|2026-07|2026-08|2026-09,6,122.16666666666667,1.2851296043656206,unknown,False,worker/pinned/p29_source_month.csv,0
s9_closed:osm_discourse:2026-07,source_month_aggregate,s9_closed,2026-10-09T20:38:21.502535+00:00,social,osm_discourse,2026-07,90,usable_dated_independent_body,confirmed,SOURCE_FRAME_COUNTS_NOT_POPULATION;ADJACENT_CONTEXT_BOUNDARY_INCOMPLETE,retain,not_universally_verified,unreviewed,unassessed,see_separate_parent_dimension_assertions,2010-01,2026-09,2026-04|2026-05|2026-06|2026-08|2026-09,5,128.8,0.6987577639751552,unknown,False,worker/pinned/p29_source_month.csv,0
s9_closed:osm_discourse:2026-08,source_month_aggregate,s9_closed,2026-10-09T20:38:21.502535+00:00,social,osm_discourse,2026-08,139,usable_dated_independent_body,confirmed,SOURCE_FRAME_COUNTS_NOT_POPULATION;ADJACENT_CONTEXT_BOUNDARY_INCOMPLETE,retain,not_universally_verified,unreviewed,unassessed,see_separate_parent_dimension_assertions,2010-01,2026-09,2026-05|2026-06|2026-07|2026-09,4,122.75,1.1323828920570265,unknown,False,worker/pinned/p29_source_month.csv,0
s9_closed:osm_discourse:2026-09,source_month_aggregate,s9_closed,2026-10-09T20:38:21.502535+00:00,social,osm_discourse,2026-09,147,usable_dated_independent_body,confirmed,SOURCE_FRAME_COUNTS_NOT_POPULATION;PARTIAL_SEPTEMBER_FIXED_CUTOFF;ADJACENT_CONTEXT_BOUNDARY_INCOMPLETE,retain,not_universally_verified,unreviewed,unassessed,see_separate_parent_dimension_assertions,2010-01,2026-09,2026-06|2026-07|2026-08,3,128.66666666666666,1.1424870466321244,unknown,False,worker/pinned/p29_source_month.csv,0
s9_closed:python_discourse:2026-01,source_month_aggregate,s9_closed,2026-10-09T20:38:21.502535+00:00,social,python_discourse,2026-01,226,usable_dated_independent_body,confirmed,SOURCE_FRAME_COUNTS_NOT_POPULATION,retain,not_universally_verified,unreviewed,unassessed,see_separate_parent_dimension_assertions,2018-09,2026-09,2025-10|2025-11|2025-12|2026-02|2026-03|2026-04,6,99.16666666666667,2.2789915966386554,unknown,False,worker/pinned/p29_source_month.csv,0
s9_closed:python_discourse:2026-02,source_month_aggregate,s9_closed,2026-10-09T20:38:21.502535+00:00,social,python_discourse,2026-02,45,usable_dated_independent_body,confirmed,SOURCE_FRAME_COUNTS_NOT_POPULATION,retain,not_universally_verified,unreviewed,unassessed,see_separate_parent_dimension_assertions,2018-09,2026-09,2025-11|2025-12|2026-01|2026-03|2026-04|2026-05,6,156.5,0.28753993610223644,unknown,False,worker/pinned/p29_source_month.csv,0
s9_closed:python_discourse:2026-03,source_month_aggregate,s9_closed,2026-10-09T20:38:21.502535+00:00,social,python_discourse,2026-03,125,usable_dated_independent_body,confirmed,SOURCE_FRAME_COUNTS_NOT_POPULATION,retain,not_universally_verified,unreviewed,unassessed,see_separate_parent_dimension_assertions,2018-09,2026-09,2025-12|2026-01|2026-02|2026-04|2026-05|2026-06,6,168.83333333333334,0.7403751233958539,unknown,False,worker/pinned/p29_source_month.csv,0
s9_closed:python_discourse:2026-04,source_month_aggregate,s9_closed,2026-10-09T20:38:21.502535+00:00,social,python_discourse,2026-04,196,usable_dated_independent_body,confirmed,SOURCE_FRAME_COUNTS_NOT_POPULATION,retain,not_universally_verified,unreviewed,unassessed,see_separate_parent_dimension_assertions,2018-09,2026-09,2026-01|2026-02|2026-03|2026-05|2026-06|2026-07,6,189.66666666666666,1.0333919156414764,unknown,False,worker/pinned/p29_source_month.csv,0
s9_closed:python_discourse:2026-05,source_month_aggregate,s9_closed,2026-10-09T20:38:21.502535+00:00,social,python_discourse,2026-05,231,usable_dated_independent_body,confirmed,SOURCE_FRAME_COUNTS_NOT_POPULATION,retain,not_universally_verified,unreviewed,unassessed,see_separate_parent_dimension_assertions,2018-09,2026-09,2026-02|2026-03|2026-04|2026-06|2026-07|2026-08,6,301.3333333333333,0.7665929203539823,unknown,False,worker/pinned/p29_source_month.csv,0
s9_closed:python_discourse:2026-06,source_month_aggregate,s9_closed,2026-10-09T20:38:21.502535+00:00,social,python_discourse,2026-06,240,usable_dated_independent_body,confirmed,SOURCE_FRAME_COUNTS_NOT_POPULATION,retain,not_universally_verified,unreviewed,unassessed,see_separate_parent_dimension_assertions,2018-09,2026-09,2026-03|2026-04|2026-05|2026-07|2026-08|2026-09,6,483.0,0.4968944099378882,unknown,False,worker/pinned/p29_source_month.csv,0
s9_closed:python_discourse:2026-07,source_month_aggregate,s9_closed,2026-10-09T20:38:21.502535+00:00,social,python_discourse,2026-07,271,usable_dated_independent_body,confirmed,SOURCE_FRAME_COUNTS_NOT_POPULATION;ADJACENT_CONTEXT_BOUNDARY_INCOMPLETE,retain,not_universally_verified,unreviewed,unassessed,see_separate_parent_dimension_assertions,2018-09,2026-09,2026-04|2026-05|2026-06|2026-08|2026-09,5,548.4,0.49416484318016046,unknown,False,worker/pinned/p29_source_month.csv,0
s9_closed:python_discourse:2026-08,source_month_aggregate,s9_closed,2026-10-09T20:38:21.502535+00:00,social,python_discourse,2026-08,931,usable_dated_independent_body,confirmed,SOURCE_FRAME_COUNTS_NOT_POPULATION;ADJACENT_CONTEXT_BOUNDARY_INCOMPLETE,retain,not_universally_verified,unreviewed,unassessed,see_separate_parent_dimension_assertions,2018-09,2026-09,2026-05|2026-06|2026-07|2026-09,4,471.5,1.9745493107104983,unknown,False,worker/pinned/p29_source_month.csv,0
s9_closed:python_discourse:2026-09,source_month_aggregate,s9_closed,2026-10-09T20:38:21.502535+00:00,social,python_discourse,2026-09,1144,usable_dated_independent_body,confirmed,SOURCE_FRAME_COUNTS_NOT_POPULATION;PARTIAL_SEPTEMBER_FIXED_CUTOFF;ADJACENT_CONTEXT_BOUNDARY_INCOMPLETE,retain,not_universally_verified,unreviewed,unassessed,see_separate_parent_dimension_assertions,2018-09,2026-09,2026-06|2026-07|2026-08,3,480.6666666666667,2.38002773925104,unknown,False,worker/pinned/p29_source_month.csv,0
s9_closed:se_earthscience:2026-01,source_month_aggregate,s9_closed,2026-10-09T20:38:21.502535+00:00,social,se_earthscience,2026-01,9,usable_dated_independent_body,confirmed,SOURCE_FRAME_COUNTS_NOT_POPULATION,retain,not_universally_verified,unreviewed,unassessed,see_separate_parent_dimension_assertions,2014-04,2026-08,2025-10|2025-11|2025-12|2026-02|2026-03|2026-04,6,6.5,1.3846153846153846,unknown,False,worker/pinned/p29_source_month.csv,0
s9_closed:se_earthscience:2026-02,source_month_aggregate,s9_closed,2026-10-09T20:38:21.502535+00:00,social,se_earthscience,2026-02,5,usable_dated_independent_body,confirmed,SOURCE_FRAME_COUNTS_NOT_POPULATION,retain,not_universally_verified,unreviewed,unassessed,see_separate_parent_dimension_assertions,2014-04,2026-08,2025-11|2025-12|2026-01|2026-03|2026-04|2026-05,6,6.333333333333333,0.7894736842105263,unknown,False,worker/pinned/p29_source_month.csv,0
s9_closed:se_earthscience:2026-03,source_month_aggregate,s9_closed,2026-10-09T20:38:21.502535+00:00,social,se_earthscience,2026-03,12,usable_dated_independent_body,confirmed,SOURCE_FRAME_COUNTS_NOT_POPULATION,retain,not_universally_verified,unreviewed,unassessed,see_separate_parent_dimension_assertions,2014-04,2026-08,2025-12|2026-01|2026-02|2026-04|2026-05|2026-06,6,4.666666666666667,2.571428571428571,unknown,False,worker/pinned/p29_source_month.csv,0
s9_closed:se_earthscience:2026-04,source_month_aggregate,s9_closed,2026-10-09T20:38:21.502535+00:00,social,se_earthscience,2026-04,8,usable_dated_independent_body,confirmed,SOURCE_FRAME_COUNTS_NOT_POPULATION,retain,not_universally_verified,unreviewed,unassessed,see_separate_parent_dimension_assertions,2014-04,2026-08,2026-01|2026-02|2026-03|2026-05|2026-06|2026-07,6,5.166666666666667,1.5483870967741935,unknown,False,worker/pinned/p29_source_month.csv,0
s9_closed:se_earthscience:2026-05,source_month_aggregate,s9_closed,2026-10-09T20:38:21.502535+00:00,social,se_earthscience,2026-05,2,usable_dated_independent_body,confirmed,SOURCE_FRAME_COUNTS_NOT_POPULATION,retain,not_universally_verified,unreviewed,unassessed,see_separate_parent_dimension_assertions,2014-04,2026-08,2026-02|2026-03|2026-04|2026-06|2026-07|2026-08,6,5.666666666666667,0.3529411764705882,unknown,False,worker/pinned/p29_source_month.csv,0
s9_closed:se_earthscience:2026-06,source_month_aggregate,s9_closed,2026-10-09T20:38:21.502535+00:00,social,se_earthscience,2026-06,2,usable_dated_independent_body,confirmed,SOURCE_FRAME_COUNTS_NOT_POPULATION,retain,not_universally_verified,unreviewed,unassessed,see_separate_parent_dimension_assertions,2014-04,2026-08,2026-03|2026-04|2026-05|2026-07|2026-08|2026-09,6,4.833333333333333,0.4137931034482759,unknown,False,worker/pinned/p29_source_month.csv,0
s9_closed:se_earthscience:2026-07,source_month_aggregate,s9_closed,2026-10-09T20:38:21.502535+00:00,social,se_earthscience,2026-07,1,usable_dated_independent_body,confirmed,SOURCE_FRAME_COUNTS_NOT_POPULATION;ADJACENT_CONTEXT_BOUNDARY_INCOMPLETE,retain,not_universally_verified,unreviewed,unassessed,see_separate_parent_dimension_assertions,2014-04,2026-08,2026-04|2026-05|2026-06|2026-08|2026-09,5,3.6,0.2777777777777778,unknown,False,worker/pinned/p29_source_month.csv,0
s9_closed:se_earthscience:2026-08,source_month_aggregate,s9_closed,2026-10-09T20:38:21.502535+00:00,social,se_earthscience,2026-08,6,usable_dated_independent_body,confirmed,SOURCE_FRAME_COUNTS_NOT_POPULATION;ADJACENT_CONTEXT_BOUNDARY_INCOMPLETE;SAME_SOURCE_ADJACENT_HIGH_COUNT_CANDIDATE,retain_with_context,not_universally_verified,unreviewed,unassessed,see_separate_parent_dimension_assertions,2014-04,2026-08,2026-05|2026-06|2026-07|2026-09,4,1.25,4.8,unknown,False,worker/pinned/p29_source_month.csv,0
s9_closed:se_earthscience:2026-09,source_month_aggregate,s9_closed,2026-10-09T20:38:21.502535+00:00,social,se_earthscience,2026-09,0,usable_dated_independent_body,confirmed,SOURCE_FRAME_COUNTS_NOT_POPULATION;PARTIAL_SEPTEMBER_FIXED_CUTOFF;ADJACENT_CONTEXT_BOUNDARY_INCOMPLETE,retain,not_universally_verified,unreviewed,unassessed,see_separate_parent_dimension_assertions,2014-04,2026-08,2026-06|2026-07|2026-08,3,3.0,0.0,unknown,False,worker/pinned/p29_source_month.csv,0
s9_closed:se_sustainability:2026-01,source_month_aggregate,s9_closed,2026-10-09T20:38:21.502535+00:00,social,se_sustainability,2026-01,8,usable_dated_independent_body,confirmed,SOURCE_FRAME_COUNTS_NOT_POPULATION,retain,not_universally_verified,unreviewed,unassessed,see_separate_parent_dimension_assertions,2013-01,2026-09,2025-10|2025-11|2025-12|2026-02|2026-03|2026-04,6,13.0,0.6153846153846154,unknown,False,worker/pinned/p29_source_month.csv,0
s9_closed:se_sustainability:2026-02,source_month_aggregate,s9_closed,2026-10-09T20:38:21.502535+00:00,social,se_sustainability,2026-02,13,usable_dated_independent_body,confirmed,SOURCE_FRAME_COUNTS_NOT_POPULATION,retain,not_universally_verified,unreviewed,unassessed,see_separate_parent_dimension_assertions,2013-01,2026-09,2025-11|2025-12|2026-01|2026-03|2026-04|2026-05,6,10.333333333333334,1.2580645161290323,unknown,False,worker/pinned/p29_source_month.csv,0
s9_closed:se_sustainability:2026-03,source_month_aggregate,s9_closed,2026-10-09T20:38:21.502535+00:00,social,se_sustainability,2026-03,18,usable_dated_independent_body,confirmed,SOURCE_FRAME_COUNTS_NOT_POPULATION,retain,not_universally_verified,unreviewed,unassessed,see_separate_parent_dimension_assertions,2013-01,2026-09,2025-12|2026-01|2026-02|2026-04|2026-05|2026-06,6,11.666666666666666,1.542857142857143,unknown,False,worker/pinned/p29_source_month.csv,0
s9_closed:se_sustainability:2026-04,source_month_aggregate,s9_closed,2026-10-09T20:38:21.502535+00:00,social,se_sustainability,2026-04,6,usable_dated_independent_body,confirmed,SOURCE_FRAME_COUNTS_NOT_POPULATION,retain,not_universally_verified,unreviewed,unassessed,see_separate_parent_dimension_assertions,2013-01,2026-09,2026-01|2026-02|2026-03|2026-05|2026-06|2026-07,6,11.5,0.5217391304347826,unknown,False,worker/pinned/p29_source_month.csv,0
s9_closed:se_sustainability:2026-05,source_month_aggregate,s9_closed,2026-10-09T20:38:21.502535+00:00,social,se_sustainability,2026-05,1,usable_dated_independent_body,confirmed,SOURCE_FRAME_COUNTS_NOT_POPULATION,retain,not_universally_verified,unreviewed,unassessed,see_separate_parent_dimension_assertions,2013-01,2026-09,2026-02|2026-03|2026-04|2026-06|2026-07|2026-08,6,11.666666666666666,0.08571428571428572,unknown,False,worker/pinned/p29_source_month.csv,0
s9_closed:se_sustainability:2026-06,source_month_aggregate,s9_closed,2026-10-09T20:38:21.502535+00:00,social,se_sustainability,2026-06,23,usable_dated_independent_body,confirmed,SOURCE_FRAME_COUNTS_NOT_POPULATION,retain,not_universally_verified,unreviewed,unassessed,see_separate_parent_dimension_assertions,2013-01,2026-09,2026-03|2026-04|2026-05|2026-07|2026-08|2026-09,6,9.0,2.5555555555555554,unknown,False,worker/pinned/p29_source_month.csv,0
s9_closed:se_sustainability:2026-07,source_month_aggregate,s9_closed,2026-10-09T20:38:21.502535+00:00,social,se_sustainability,2026-07,6,usable_dated_independent_body,confirmed,SOURCE_FRAME_COUNTS_NOT_POPULATION;ADJACENT_CONTEXT_BOUNDARY_INCOMPLETE,retain,not_universally_verified,unreviewed,unassessed,see_separate_parent_dimension_assertions,2013-01,2026-09,2026-04|2026-05|2026-06|2026-08|2026-09,5,10.6,0.5660377358490566,unknown,False,worker/pinned/p29_source_month.csv,0
s9_closed:se_sustainability:2026-08,source_month_aggregate,s9_closed,2026-10-09T20:38:21.502535+00:00,social,se_sustainability,2026-08,4,usable_dated_independent_body,confirmed,SOURCE_FRAME_COUNTS_NOT_POPULATION;ADJACENT_CONTEXT_BOUNDARY_INCOMPLETE,retain,not_universally_verified,unreviewed,unassessed,see_separate_parent_dimension_assertions,2013-01,2026-09,2026-05|2026-06|2026-07|2026-09,4,12.25,0.32653061224489793,unknown,False,worker/pinned/p29_source_month.csv,0
s9_closed:se_sustainability:2026-09,source_month_aggregate,s9_closed,2026-10-09T20:38:21.502535+00:00,social,se_sustainability,2026-09,19,usable_dated_independent_body,confirmed,SOURCE_FRAME_COUNTS_NOT_POPULATION;PARTIAL_SEPTEMBER_FIXED_CUTOFF;ADJACENT_CONTEXT_BOUNDARY_INCOMPLETE,retain,not_universally_verified,unreviewed,unassessed,see_separate_parent_dimension_assertions,2013-01,2026-09,2026-06|2026-07|2026-08,3,11.0,1.7272727272727273,unknown,False,worker/pinned/p29_source_month.csv,0
s9_closed:straight_dope:2026-01,source_month_aggregate,s9_closed,2026-10-09T20:38:21.502535+00:00,social,straight_dope,2026-01,1128,usable_dated_independent_body,confirmed,SOURCE_FRAME_COUNTS_NOT_POPULATION,retain,not_universally_verified,unreviewed,unassessed,see_separate_parent_dimension_assertions,2025-05,2026-09,2025-10|2025-11|2025-12|2026-02|2026-03|2026-04,6,782.5,1.4415335463258785,unknown,False,worker/pinned/p29_source_month.csv,0
s9_closed:straight_dope:2026-02,source_month_aggregate,s9_closed,2026-10-09T20:38:21.502535+00:00,social,straight_dope,2026-02,782,usable_dated_independent_body,confirmed,SOURCE_FRAME_COUNTS_NOT_POPULATION,retain,not_universally_verified,unreviewed,unassessed,see_separate_parent_dimension_assertions,2025-05,2026-09,2025-11|2025-12|2026-01|2026-03|2026-04|2026-05,6,983.8333333333334,0.7948500762324242,unknown,False,worker/pinned/p29_source_month.csv,0
s9_closed:straight_dope:2026-03,source_month_aggregate,s9_closed,2026-10-09T20:38:21.502535+00:00,social,straight_dope,2026-03,1043,usable_dated_independent_body,confirmed,SOURCE_FRAME_COUNTS_NOT_POPULATION,retain,not_universally_verified,unreviewed,unassessed,see_separate_parent_dimension_assertions,2025-05,2026-09,2025-12|2026-01|2026-02|2026-04|2026-05|2026-06,6,1096.1666666666667,0.9514976433024175,unknown,False,worker/pinned/p29_source_month.csv,0
s9_closed:straight_dope:2026-04,source_month_aggregate,s9_closed,2026-10-09T20:38:21.502535+00:00,social,straight_dope,2026-04,1398,usable_dated_independent_body,confirmed,SOURCE_FRAME_COUNTS_NOT_POPULATION,retain,not_universally_verified,unreviewed,unassessed,see_separate_parent_dimension_assertions,2025-05,2026-09,2026-01|2026-02|2026-03|2026-05|2026-06|2026-07,6,956.6666666666666,1.4613240418118467,unknown,False,worker/pinned/p29_source_month.csv,0
s9_closed:straight_dope:2026-05,source_month_aggregate,s9_closed,2026-10-09T20:38:21.502535+00:00,social,straight_dope,2026-05,969,usable_dated_independent_body,confirmed,SOURCE_FRAME_COUNTS_NOT_POPULATION,retain,not_universally_verified,unreviewed,unassessed,see_separate_parent_dimension_assertions,2025-05,2026-09,2026-02|2026-03|2026-04|2026-06|2026-07|2026-08,6,992.1666666666666,0.976650428355451,unknown,False,worker/pinned/p29_source_month.csv,0
s9_closed:straight_dope:2026-06,source_month_aggregate,s9_closed,2026-10-09T20:38:21.502535+00:00,social,straight_dope,2026-06,1023,usable_dated_independent_body,confirmed,SOURCE_FRAME_COUNTS_NOT_POPULATION,retain,not_universally_verified,unreviewed,unassessed,see_separate_parent_dimension_assertions,2025-05,2026-09,2026-03|2026-04|2026-05|2026-07|2026-08|2026-09,6,918.3333333333334,1.1139745916515427,unknown,False,worker/pinned/p29_source_month.csv,0
s9_closed:straight_dope:2026-07,source_month_aggregate,s9_closed,2026-10-09T20:38:21.502535+00:00,social,straight_dope,2026-07,795,usable_dated_independent_body,confirmed,SOURCE_FRAME_COUNTS_NOT_POPULATION;ADJACENT_CONTEXT_BOUNDARY_INCOMPLETE,retain,not_universally_verified,unreviewed,unassessed,see_separate_parent_dimension_assertions,2025-05,2026-09,2026-04|2026-05|2026-06|2026-08|2026-09,5,939.0,0.8466453674121406,unknown,False,worker/pinned/p29_source_month.csv,0
s9_closed:straight_dope:2026-08,source_month_aggregate,s9_closed,2026-10-09T20:38:21.502535+00:00,social,straight_dope,2026-08,912,usable_dated_independent_body,confirmed,SOURCE_FRAME_COUNTS_NOT_POPULATION;ADJACENT_CONTEXT_BOUNDARY_INCOMPLETE,retain,not_universally_verified,unreviewed,unassessed,see_separate_parent_dimension_assertions,2025-05,2026-09,2026-05|2026-06|2026-07|2026-09,4,795.0,1.1471698113207547,unknown,False,worker/pinned/p29_source_month.csv,0
s9_closed:straight_dope:2026-09,source_month_aggregate,s9_closed,2026-10-09T20:38:21.502535+00:00,social,straight_dope,2026-09,393,usable_dated_independent_body,confirmed,SOURCE_FRAME_COUNTS_NOT_POPULATION;PARTIAL_SEPTEMBER_FIXED_CUTOFF;ADJACENT_CONTEXT_BOUNDARY_INCOMPLETE,retain,not_universally_verified,unreviewed,unassessed,see_separate_parent_dimension_assertions,2025-05,2026-09,2026-06|2026-07|2026-08,3,910.0,0.4318681318681319,unknown,False,worker/pinned/p29_source_month.csv,0
s4_closed_pre_resume:aussie_zone:2026-01,source_month_aggregate,s4_closed_pre_resume,2026-10-10T04:41:12.870432+00:00,social,aussie_zone,2026-01,195,usable_dated_independent_body,confirmed,SOURCE_FRAME_COUNTS_NOT_POPULATION,retain,not_universally_verified,unreviewed,unassessed,see_separate_parent_dimension_assertions,2023-06,2026-09,2025-10|2025-11|2025-12|2026-02|2026-03|2026-04,6,233.0,0.8369098712446352,unknown,False,worker/pinned/s4_source_month_calendar.csv,0
s4_closed_pre_resume:aussie_zone:2026-02,source_month_aggregate,s4_closed_pre_resume,2026-10-10T04:41:12.870432+00:00,social,aussie_zone,2026-02,249,usable_dated_independent_body,confirmed,SOURCE_FRAME_COUNTS_NOT_POPULATION,retain,not_universally_verified,unreviewed,unassessed,see_separate_parent_dimension_assertions,2023-06,2026-09,2025-11|2025-12|2026-01|2026-03|2026-04|2026-05,6,240.66666666666666,1.0346260387811634,unknown,False,worker/pinned/s4_source_month_calendar.csv,0
s4_closed_pre_resume:aussie_zone:2026-03,source_month_aggregate,s4_closed_pre_resume,2026-10-10T04:41:12.870432+00:00,social,aussie_zone,2026-03,345,usable_dated_independent_body,confirmed,SOURCE_FRAME_COUNTS_NOT_POPULATION,retain,not_universally_verified,unreviewed,unassessed,see_separate_parent_dimension_assertions,2023-06,2026-09,2025-12|2026-01|2026-02|2026-04|2026-05|2026-06,6,250.66666666666666,1.3763297872340425,unknown,False,worker/pinned/s4_source_month_calendar.csv,0
s4_closed_pre_resume:aussie_zone:2026-04,source_month_aggregate,s4_closed_pre_resume,2026-10-10T04:41:12.870432+00:00,social,aussie_zone,2026-04,285,usable_dated_independent_body,confirmed,SOURCE_FRAME_COUNTS_NOT_POPULATION,retain,not_universally_verified,unreviewed,unassessed,see_separate_parent_dimension_assertions,2023-06,2026-09,2026-01|2026-02|2026-03|2026-05|2026-06|2026-07,6,280.0,1.0178571428571428,unknown,False,worker/pinned/s4_source_month_calendar.csv,0
s4_closed_pre_resume:aussie_zone:2026-05,source_month_aggregate,s4_closed_pre_resume,2026-10-10T04:41:12.870432+00:00,social,aussie_zone,2026-05,288,usable_dated_independent_body,confirmed,SOURCE_FRAME_COUNTS_NOT_POPULATION,retain,not_universally_verified,unreviewed,unassessed,see_separate_parent_dimension_assertions,2023-06,2026-09,2026-02|2026-03|2026-04|2026-06|2026-07|2026-08,6,291.0,0.9896907216494846,unknown,False,worker/pinned/s4_source_month_calendar.csv,0
s4_closed_pre_resume:aussie_zone:2026-06,source_month_aggregate,s4_closed_pre_resume,2026-10-10T04:41:12.870432+00:00,social,aussie_zone,2026-06,324,usable_dated_independent_body,confirmed,SOURCE_FRAME_COUNTS_NOT_POPULATION,retain,not_universally_verified,unreviewed,unassessed,see_separate_parent_dimension_assertions,2023-06,2026-09,2026-03|2026-04|2026-05|2026-07|2026-08|2026-09,6,276.8333333333333,1.1703792895845877,unknown,False,worker/pinned/s4_source_month_calendar.csv,0
s4_closed_pre_resume:aussie_zone:2026-07,source_month_aggregate,s4_closed_pre_resume,2026-10-10T04:41:12.870432+00:00,social,aussie_zone,2026-07,279,usable_dated_independent_body,confirmed,SOURCE_FRAME_COUNTS_NOT_POPULATION;ADJACENT_CONTEXT_BOUNDARY_INCOMPLETE,retain,not_universally_verified,unreviewed,unassessed,see_separate_parent_dimension_assertions,2023-06,2026-09,2026-04|2026-05|2026-06|2026-08|2026-09,5,272.2,1.0249816311535636,unknown,False,worker/pinned/s4_source_month_calendar.csv,0
s4_closed_pre_resume:aussie_zone:2026-08,source_month_aggregate,s4_closed_pre_resume,2026-10-10T04:41:12.870432+00:00,social,aussie_zone,2026-08,264,usable_dated_independent_body,confirmed,SOURCE_FRAME_COUNTS_NOT_POPULATION;ADJACENT_CONTEXT_BOUNDARY_INCOMPLETE,retain,not_universally_verified,unreviewed,unassessed,see_separate_parent_dimension_assertions,2023-06,2026-09,2026-05|2026-06|2026-07|2026-09,4,272.75,0.9679193400549955,unknown,False,worker/pinned/s4_source_month_calendar.csv,0
s4_closed_pre_resume:aussie_zone:2026-09,source_month_aggregate,s4_closed_pre_resume,2026-10-10T04:41:12.870432+00:00,social,aussie_zone,2026-09,200,usable_dated_independent_body,confirmed,SOURCE_FRAME_COUNTS_NOT_POPULATION;PARTIAL_SEPTEMBER_FIXED_CUTOFF;ADJACENT_CONTEXT_BOUNDARY_INCOMPLETE,retain,not_universally_verified,unreviewed,unassessed,see_separate_parent_dimension_assertions,2023-06,2026-09,2026-06|2026-07|2026-08,3,289.0,0.6920415224913494,unknown,False,worker/pinned/s4_source_month_calendar.csv,0
s4_closed_pre_resume:bluesky:2026-01,source_month_aggregate,s4_closed_pre_resume,2026-10-10T04:41:12.870432+00:00,social,bluesky,2026-01,3933,usable_dated_independent_body,confirmed,SOURCE_FRAME_COUNTS_NOT_POPULATION;CLIENT_DECLARED_NATIVE_TIMESTAMP,retain,not_universally_verified,unreviewed,unassessed,see_separate_parent_dimension_assertions,2020-09,2026-09,2025-10|2025-11|2025-12|2026-02|2026-03|2026-04,6,3016.0,1.3040450928381964,unknown,False,worker/pinned/s4_source_month_calendar.csv,0
s4_closed_pre_resume:bluesky:2026-02,source_month_aggregate,s4_closed_pre_resume,2026-10-10T04:41:12.870432+00:00,social,bluesky,2026-02,3791,usable_dated_independent_body,confirmed,SOURCE_FRAME_COUNTS_NOT_POPULATION;CLIENT_DECLARED_NATIVE_TIMESTAMP,retain,not_universally_verified,unreviewed,unassessed,see_separate_parent_dimension_assertions,2020-09,2026-09,2025-11|2025-12|2026-01|2026-03|2026-04|2026-05,6,3301.5,1.1482659397243677,unknown,False,worker/pinned/s4_source_month_calendar.csv,0
s4_closed_pre_resume:bluesky:2026-03,source_month_aggregate,s4_closed_pre_resume,2026-10-10T04:41:12.870432+00:00,social,bluesky,2026-03,3858,usable_dated_independent_body,confirmed,SOURCE_FRAME_COUNTS_NOT_POPULATION;CLIENT_DECLARED_NATIVE_TIMESTAMP,retain,not_universally_verified,unreviewed,unassessed,see_separate_parent_dimension_assertions,2020-09,2026-09,2025-12|2026-01|2026-02|2026-04|2026-05|2026-06,6,3584.6666666666665,1.0762506974149155,unknown,False,worker/pinned/s4_source_month_calendar.csv,0
s4_closed_pre_resume:bluesky:2026-04,source_month_aggregate,s4_closed_pre_resume,2026-10-10T04:41:12.870432+00:00,social,bluesky,2026-04,3989,usable_dated_independent_body,confirmed,SOURCE_FRAME_COUNTS_NOT_POPULATION;CLIENT_DECLARED_NATIVE_TIMESTAMP,retain,not_universally_verified,unreviewed,unassessed,see_separate_parent_dimension_assertions,2020-09,2026-09,2026-01|2026-02|2026-03|2026-05|2026-06|2026-07,6,3879.5,1.0282252867637582,unknown,False,worker/pinned/s4_source_month_calendar.csv,0
s4_closed_pre_resume:bluesky:2026-05,source_month_aggregate,s4_closed_pre_resume,2026-10-10T04:41:12.870432+00:00,social,bluesky,2026-05,3451,usable_dated_independent_body,confirmed,SOURCE_FRAME_COUNTS_NOT_POPULATION;CLIENT_DECLARED_NATIVE_TIMESTAMP,retain,not_universally_verified,unreviewed,unassessed,see_separate_parent_dimension_assertions,2020-09,2026-09,2026-02|2026-03|2026-04|2026-06|2026-07|2026-08,6,4112.833333333333,0.8390809255582121,unknown,False,worker/pinned/s4_source_month_calendar.csv,0
s4_closed_pre_resume:bluesky:2026-06,source_month_aggregate,s4_closed_pre_resume,2026-10-10T04:41:12.870432+00:00,social,bluesky,2026-06,3882,usable_dated_independent_body,confirmed,SOURCE_FRAME_COUNTS_NOT_POPULATION;CLIENT_DECLARED_NATIVE_TIMESTAMP,retain,not_universally_verified,unreviewed,unassessed,see_separate_parent_dimension_assertions,2020-09,2026-09,2026-03|2026-04|2026-05|2026-07|2026-08|2026-09,6,4012.0,0.9675972083748754,unknown,False,worker/pinned/s4_source_month_calendar.csv,0
s4_closed_pre_resume:bluesky:2026-07,source_month_aggregate,s4_closed_pre_resume,2026-10-10T04:41:12.870432+00:00,social,bluesky,2026-07,4362,usable_dated_independent_body,confirmed,SOURCE_FRAME_COUNTS_NOT_POPULATION;ADJACENT_CONTEXT_BOUNDARY_INCOMPLETE;CLIENT_DECLARED_NATIVE_TIMESTAMP,retain,not_universally_verified,unreviewed,unassessed,see_separate_parent_dimension_assertions,2020-09,2026-09,2026-04|2026-05|2026-06|2026-08|2026-09,5,3946.8,1.1051991486774095,unknown,False,worker/pinned/s4_source_month_calendar.csv,0
s4_closed_pre_resume:bluesky:2026-08,source_month_aggregate,s4_closed_pre_resume,2026-10-10T04:41:12.870432+00:00,social,bluesky,2026-08,4795,usable_dated_independent_body,confirmed,SOURCE_FRAME_COUNTS_NOT_POPULATION;ADJACENT_CONTEXT_BOUNDARY_INCOMPLETE;CLIENT_DECLARED_NATIVE_TIMESTAMP,retain,not_universally_verified,unreviewed,unassessed,see_separate_parent_dimension_assertions,2020-09,2026-09,2026-05|2026-06|2026-07|2026-09,4,3828.0,1.252612330198537,unknown,False,worker/pinned/s4_source_month_calendar.csv,0
s4_closed_pre_resume:bluesky:2026-09,source_month_aggregate,s4_closed_pre_resume,2026-10-10T04:41:12.870432+00:00,social,bluesky,2026-09,3617,usable_dated_independent_body,confirmed,SOURCE_FRAME_COUNTS_NOT_POPULATION;PARTIAL_SEPTEMBER_FIXED_CUTOFF;ADJACENT_CONTEXT_BOUNDARY_INCOMPLETE;CLIENT_DECLARED_NATIVE_TIMESTAMP,retain,not_universally_verified,unreviewed,unassessed,see_separate_parent_dimension_assertions,2020-09,2026-09,2026-06|2026-07|2026-08,3,4346.333333333333,0.8321957205307156,unknown,False,worker/pinned/s4_source_month_calendar.csv,0
s4_closed_pre_resume:lemmy_nz:2026-01,source_month_aggregate,s4_closed_pre_resume,2026-10-10T04:41:12.870432+00:00,social,lemmy_nz,2026-01,32,usable_dated_independent_body,confirmed,SOURCE_FRAME_COUNTS_NOT_POPULATION,retain,not_universally_verified,unreviewed,unassessed,see_separate_parent_dimension_assertions,2023-06,2026-09,2025-10|2025-11|2025-12|2026-02|2026-03|2026-04,6,40.333333333333336,0.793388429752066,unknown,False,worker/pinned/s4_source_month_calendar.csv,0
s4_closed_pre_resume:lemmy_nz:2026-02,source_month_aggregate,s4_closed_pre_resume,2026-10-10T04:41:12.870432+00:00,social,lemmy_nz,2026-02,44,usable_dated_independent_body,confirmed,SOURCE_FRAME_COUNTS_NOT_POPULATION,retain,not_universally_verified,unreviewed,unassessed,see_separate_parent_dimension_assertions,2023-06,2026-09,2025-11|2025-12|2026-01|2026-03|2026-04|2026-05,6,35.166666666666664,1.2511848341232228,unknown,False,worker/pinned/s4_source_month_calendar.csv,0
s4_closed_pre_resume:lemmy_nz:2026-03,source_month_aggregate,s4_closed_pre_resume,2026-10-10T04:41:12.870432+00:00,social,lemmy_nz,2026-03,40,usable_dated_independent_body,confirmed,SOURCE_FRAME_COUNTS_NOT_POPULATION,retain,not_universally_verified,unreviewed,unassessed,see_separate_parent_dimension_assertions,2023-06,2026-09,2025-12|2026-01|2026-02|2026-04|2026-05|2026-06,6,37.666666666666664,1.0619469026548674,unknown,False,worker/pinned/s4_source_month_calendar.csv,0
s4_closed_pre_resume:lemmy_nz:2026-04,source_month_aggregate,s4_closed_pre_resume,2026-10-10T04:41:12.870432+00:00,social,lemmy_nz,2026-04,31,usable_dated_independent_body,confirmed,SOURCE_FRAME_COUNTS_NOT_POPULATION,retain,not_universally_verified,unreviewed,unassessed,see_separate_parent_dimension_assertions,2023-06,2026-09,2026-01|2026-02|2026-03|2026-05|2026-06|2026-07,6,41.5,0.7469879518072289,unknown,False,worker/pinned/s4_source_month_calendar.csv,0
s4_closed_pre_resume:lemmy_nz:2026-05,source_month_aggregate,s4_closed_pre_resume,2026-10-10T04:41:12.870432+00:00,social,lemmy_nz,2026-05,35,usable_dated_independent_body,confirmed,SOURCE_FRAME_COUNTS_NOT_POPULATION,retain,not_universally_verified,unreviewed,unassessed,see_separate_parent_dimension_assertions,2023-06,2026-09,2026-02|2026-03|2026-04|2026-06|2026-07|2026-08,6,47.0,0.7446808510638298,unknown,False,worker/pinned/s4_source_month_calendar.csv,0
s4_closed_pre_resume:lemmy_nz:2026-06,source_month_aggregate,s4_closed_pre_resume,2026-10-10T04:41:12.870432+00:00,social,lemmy_nz,2026-06,52,usable_dated_independent_body,confirmed,SOURCE_FRAME_COUNTS_NOT_POPULATION,retain,not_universally_verified,unreviewed,unassessed,see_separate_parent_dimension_assertions,2023-06,2026-09,2026-03|2026-04|2026-05|2026-07|2026-08|2026-09,6,41.333333333333336,1.2580645161290323,unknown,False,worker/pinned/s4_source_month_calendar.csv,0
s4_closed_pre_resume:lemmy_nz:2026-07,source_month_aggregate,s4_closed_pre_resume,2026-10-10T04:41:12.870432+00:00,social,lemmy_nz,2026-07,46,usable_dated_independent_body,confirmed,SOURCE_FRAME_COUNTS_NOT_POPULATION;ADJACENT_CONTEXT_BOUNDARY_INCOMPLETE,retain,not_universally_verified,unreviewed,unassessed,see_separate_parent_dimension_assertions,2023-06,2026-09,2026-04|2026-05|2026-06|2026-08|2026-09,5,42.8,1.074766355140187,unknown,False,worker/pinned/s4_source_month_calendar.csv,0
s4_closed_pre_resume:lemmy_nz:2026-08,source_month_aggregate,s4_closed_pre_resume,2026-10-10T04:41:12.870432+00:00,social,lemmy_nz,2026-08,69,usable_dated_independent_body,confirmed,SOURCE_FRAME_COUNTS_NOT_POPULATION;ADJACENT_CONTEXT_BOUNDARY_INCOMPLETE,retain,not_universally_verified,unreviewed,unassessed,see_separate_parent_dimension_assertions,2023-06,2026-09,2026-05|2026-06|2026-07|2026-09,4,40.0,1.725,unknown,False,worker/pinned/s4_source_month_calendar.csv,0
s4_closed_pre_resume:lemmy_nz:2026-09,source_month_aggregate,s4_closed_pre_resume,2026-10-10T04:41:12.870432+00:00,social,lemmy_nz,2026-09,27,usable_dated_independent_body,confirmed,SOURCE_FRAME_COUNTS_NOT_POPULATION;PARTIAL_SEPTEMBER_FIXED_CUTOFF;ADJACENT_CONTEXT_BOUNDARY_INCOMPLETE,retain,not_universally_verified,unreviewed,unassessed,see_separate_parent_dimension_assertions,2023-06,2026-09,2026-06|2026-07|2026-08,3,55.666666666666664,0.48502994011976047,unknown,False,worker/pinned/s4_source_month_calendar.csv,0
s4_closed_pre_resume:mastodon_au:2026-01,source_month_aggregate,s4_closed_pre_resume,2026-10-10T04:41:12.870432+00:00,social,mastodon_au,2026-01,0,usable_dated_independent_body,confirmed,SOURCE_FRAME_COUNTS_NOT_POPULATION;RECENT_FIRST_LOCAL_TIMELINE_FRONTIER;EARLIER_FRONTIER_UNOBSERVED_NOT_SOURCE_ABSENCE,retain_with_context,not_universally_verified,unreviewed,unassessed,see_separate_parent_dimension_assertions,2026-07,2026-09,2025-10|2025-11|2025-12|2026-02|2026-03|2026-04,6,0.0,,unknown,False,worker/pinned/s4_source_month_calendar.csv,0
s4_closed_pre_resume:mastodon_au:2026-02,source_month_aggregate,s4_closed_pre_resume,2026-10-10T04:41:12.870432+00:00,social,mastodon_au,2026-02,0,usable_dated_independent_body,confirmed,SOURCE_FRAME_COUNTS_NOT_POPULATION;RECENT_FIRST_LOCAL_TIMELINE_FRONTIER;EARLIER_FRONTIER_UNOBSERVED_NOT_SOURCE_ABSENCE,retain_with_context,not_universally_verified,unreviewed,unassessed,see_separate_parent_dimension_assertions,2026-07,2026-09,2025-11|2025-12|2026-01|2026-03|2026-04|2026-05,6,0.0,,unknown,False,worker/pinned/s4_source_month_calendar.csv,0
s4_closed_pre_resume:mastodon_au:2026-03,source_month_aggregate,s4_closed_pre_resume,2026-10-10T04:41:12.870432+00:00,social,mastodon_au,2026-03,0,usable_dated_independent_body,confirmed,SOURCE_FRAME_COUNTS_NOT_POPULATION;RECENT_FIRST_LOCAL_TIMELINE_FRONTIER;EARLIER_FRONTIER_UNOBSERVED_NOT_SOURCE_ABSENCE,retain_with_context,not_universally_verified,unreviewed,unassessed,see_separate_parent_dimension_assertions,2026-07,2026-09,2025-12|2026-01|2026-02|2026-04|2026-05|2026-06,6,0.0,,unknown,False,worker/pinned/s4_source_month_calendar.csv,0
s4_closed_pre_resume:mastodon_au:2026-04,source_month_aggregate,s4_closed_pre_resume,2026-10-10T04:41:12.870432+00:00,social,mastodon_au,2026-04,0,usable_dated_independent_body,confirmed,SOURCE_FRAME_COUNTS_NOT_POPULATION;RECENT_FIRST_LOCAL_TIMELINE_FRONTIER;EARLIER_FRONTIER_UNOBSERVED_NOT_SOURCE_ABSENCE,retain_with_context,not_universally_verified,unreviewed,unassessed,see_separate_parent_dimension_assertions,2026-07,2026-09,2026-01|2026-02|2026-03|2026-05|2026-06|2026-07,6,605.6666666666666,0.0,unknown,False,worker/pinned/s4_source_month_calendar.csv,0
s4_closed_pre_resume:mastodon_au:2026-05,source_month_aggregate,s4_closed_pre_resume,2026-10-10T04:41:12.870432+00:00,social,mastodon_au,2026-05,0,usable_dated_independent_body,confirmed,SOURCE_FRAME_COUNTS_NOT_POPULATION;RECENT_FIRST_LOCAL_TIMELINE_FRONTIER;EARLIER_FRONTIER_UNOBSERVED_NOT_SOURCE_ABSENCE,retain_with_context,not_universally_verified,unreviewed,unassessed,see_separate_parent_dimension_assertions,2026-07,2026-09,2026-02|2026-03|2026-04|2026-06|2026-07|2026-08,6,2605.6666666666665,0.0,unknown,False,worker/pinned/s4_source_month_calendar.csv,0
s4_closed_pre_resume:mastodon_au:2026-06,source_month_aggregate,s4_closed_pre_resume,2026-10-10T04:41:12.870432+00:00,social,mastodon_au,2026-06,0,usable_dated_independent_body,confirmed,SOURCE_FRAME_COUNTS_NOT_POPULATION;RECENT_FIRST_LOCAL_TIMELINE_FRONTIER;EARLIER_FRONTIER_UNOBSERVED_NOT_SOURCE_ABSENCE,retain_with_context,not_universally_verified,unreviewed,unassessed,see_separate_parent_dimension_assertions,2026-07,2026-09,2026-03|2026-04|2026-05|2026-07|2026-08|2026-09,6,4174.833333333333,0.0,unknown,False,worker/pinned/s4_source_month_calendar.csv,0
s4_closed_pre_resume:mastodon_au:2026-07,source_month_aggregate,s4_closed_pre_resume,2026-10-10T04:41:12.870432+00:00,social,mastodon_au,2026-07,3634,usable_dated_independent_body,confirmed,SOURCE_FRAME_COUNTS_NOT_POPULATION;ADJACENT_CONTEXT_BOUNDARY_INCOMPLETE;RECENT_FIRST_LOCAL_TIMELINE_FRONTIER,retain_with_context,not_universally_verified,unreviewed,unassessed,see_separate_parent_dimension_assertions,2026-07,2026-09,2026-04|2026-05|2026-06|2026-08|2026-09,5,4283.0,0.8484706981088023,unknown,False,worker/pinned/s4_source_month_calendar.csv,0
s4_closed_pre_resume:mastodon_au:2026-08,source_month_aggregate,s4_closed_pre_resume,2026-10-10T04:41:12.870432+00:00,social,mastodon_au,2026-08,12000,usable_dated_independent_body,confirmed,SOURCE_FRAME_COUNTS_NOT_POPULATION;ADJACENT_CONTEXT_BOUNDARY_INCOMPLETE;RECENT_FIRST_LOCAL_TIMELINE_FRONTIER;SAME_SOURCE_ADJACENT_HIGH_COUNT_CANDIDATE,retain_with_context,not_universally_verified,unreviewed,unassessed,see_separate_parent_dimension_assertions,2026-07,2026-09,2026-05|2026-06|2026-07|2026-09,4,3262.25,3.678442792551153,unknown,False,worker/pinned/s4_source_month_calendar.csv,0
s4_closed_pre_resume:mastodon_au:2026-09,source_month_aggregate,s4_closed_pre_resume,2026-10-10T04:41:12.870432+00:00,social,mastodon_au,2026-09,9415,usable_dated_independent_body,confirmed,SOURCE_FRAME_COUNTS_NOT_POPULATION;PARTIAL_SEPTEMBER_FIXED_CUTOFF;ADJACENT_CONTEXT_BOUNDARY_INCOMPLETE;RECENT_FIRST_LOCAL_TIMELINE_FRONTIER,retain_with_context,not_universally_verified,unreviewed,unassessed,see_separate_parent_dimension_assertions,2026-07,2026-09,2026-06|2026-07|2026-08,3,5211.333333333333,1.8066393757195855,unknown,False,worker/pinned/s4_source_month_calendar.csv,0
s4_closed_pre_resume:mastodon_ie:2026-01,source_month_aggregate,s4_closed_pre_resume,2026-10-10T04:41:12.870432+00:00,social,mastodon_ie,2026-01,0,usable_dated_independent_body,confirmed,SOURCE_FRAME_COUNTS_NOT_POPULATION;RECENT_FIRST_LOCAL_TIMELINE_FRONTIER;EARLIER_FRONTIER_UNOBSERVED_NOT_SOURCE_ABSENCE,retain_with_context,not_universally_verified,unreviewed,unassessed,see_separate_parent_dimension_assertions,2026-06,2026-09,2025-10|2025-11|2025-12|2026-02|2026-03|2026-04,6,0.0,,unknown,False,worker/pinned/s4_source_month_calendar.csv,0
s4_closed_pre_resume:mastodon_ie:2026-02,source_month_aggregate,s4_closed_pre_resume,2026-10-10T04:41:12.870432+00:00,social,mastodon_ie,2026-02,0,usable_dated_independent_body,confirmed,SOURCE_FRAME_COUNTS_NOT_POPULATION;RECENT_FIRST_LOCAL_TIMELINE_FRONTIER;EARLIER_FRONTIER_UNOBSERVED_NOT_SOURCE_ABSENCE,retain_with_context,not_universally_verified,unreviewed,unassessed,see_separate_parent_dimension_assertions,2026-06,2026-09,2025-11|2025-12|2026-01|2026-03|2026-04|2026-05,6,0.0,,unknown,False,worker/pinned/s4_source_month_calendar.csv,0
s4_closed_pre_resume:mastodon_ie:2026-03,source_month_aggregate,s4_closed_pre_resume,2026-10-10T04:41:12.870432+00:00,social,mastodon_ie,2026-03,0,usable_dated_independent_body,confirmed,SOURCE_FRAME_COUNTS_NOT_POPULATION;RECENT_FIRST_LOCAL_TIMELINE_FRONTIER;EARLIER_FRONTIER_UNOBSERVED_NOT_SOURCE_ABSENCE,retain_with_context,not_universally_verified,unreviewed,unassessed,see_separate_parent_dimension_assertions,2026-06,2026-09,2025-12|2026-01|2026-02|2026-04|2026-05|2026-06,6,41.0,0.0,unknown,False,worker/pinned/s4_source_month_calendar.csv,0
s4_closed_pre_resume:mastodon_ie:2026-04,source_month_aggregate,s4_closed_pre_resume,2026-10-10T04:41:12.870432+00:00,social,mastodon_ie,2026-04,0,usable_dated_independent_body,confirmed,SOURCE_FRAME_COUNTS_NOT_POPULATION;RECENT_FIRST_LOCAL_TIMELINE_FRONTIER;EARLIER_FRONTIER_UNOBSERVED_NOT_SOURCE_ABSENCE,retain_with_context,not_universally_verified,unreviewed,unassessed,see_separate_parent_dimension_assertions,2026-06,2026-09,2026-01|2026-02|2026-03|2026-05|2026-06|2026-07,6,1407.5,0.0,unknown,False,worker/pinned/s4_source_month_calendar.csv,0
s4_closed_pre_resume:mastodon_ie:2026-05,source_month_aggregate,s4_closed_pre_resume,2026-10-10T04:41:12.870432+00:00,social,mastodon_ie,2026-05,0,usable_dated_independent_body,confirmed,SOURCE_FRAME_COUNTS_NOT_POPULATION;RECENT_FIRST_LOCAL_TIMELINE_FRONTIER;EARLIER_FRONTIER_UNOBSERVED_NOT_SOURCE_ABSENCE,retain_with_context,not_universally_verified,unreviewed,unassessed,see_separate_parent_dimension_assertions,2026-06,2026-09,2026-02|2026-03|2026-04|2026-06|2026-07|2026-08,6,2723.8333333333335,0.0,unknown,False,worker/pinned/s4_source_month_calendar.csv,0
s4_closed_pre_resume:mastodon_ie:2026-06,source_month_aggregate,s4_closed_pre_resume,2026-10-10T04:41:12.870432+00:00,social,mastodon_ie,2026-06,246,usable_dated_independent_body,confirmed,SOURCE_FRAME_COUNTS_NOT_POPULATION;RECENT_FIRST_LOCAL_TIMELINE_FRONTIER,retain_with_context,not_universally_verified,unreviewed,unassessed,see_separate_parent_dimension_assertions,2026-06,2026-09,2026-03|2026-04|2026-05|2026-07|2026-08|2026-09,6,3605.3333333333335,0.06823224852071005,unknown,False,worker/pinned/s4_source_month_calendar.csv,0
s4_closed_pre_resume:mastodon_ie:2026-07,source_month_aggregate,s4_closed_pre_resume,2026-10-10T04:41:12.870432+00:00,social,mastodon_ie,2026-07,8199,usable_dated_independent_body,confirmed,SOURCE_FRAME_COUNTS_NOT_POPULATION;ADJACENT_CONTEXT_BOUNDARY_INCOMPLETE;RECENT_FIRST_LOCAL_TIMELINE_FRONTIER,retain_with_context,not_universally_verified,unreviewed,unassessed,see_separate_parent_dimension_assertions,2026-06,2026-09,2026-04|2026-05|2026-06|2026-08|2026-09,5,2735.8,2.9969296001169674,unknown,False,worker/pinned/s4_source_month_calendar.csv,0
s4_closed_pre_resume:mastodon_ie:2026-08,source_month_aggregate,s4_closed_pre_resume,2026-10-10T04:41:12.870432+00:00,social,mastodon_ie,2026-08,7898,usable_dated_independent_body,confirmed,SOURCE_FRAME_COUNTS_NOT_POPULATION;ADJACENT_CONTEXT_BOUNDARY_INCOMPLETE;RECENT_FIRST_LOCAL_TIMELINE_FRONTIER,retain_with_context,not_universally_verified,unreviewed,unassessed,see_separate_parent_dimension_assertions,2026-06,2026-09,2026-05|2026-06|2026-07|2026-09,4,3495.0,2.259799713876967,unknown,False,worker/pinned/s4_source_month_calendar.csv,0
s4_closed_pre_resume:mastodon_ie:2026-09,source_month_aggregate,s4_closed_pre_resume,2026-10-10T04:41:12.870432+00:00,social,mastodon_ie,2026-09,5535,usable_dated_independent_body,confirmed,SOURCE_FRAME_COUNTS_NOT_POPULATION;PARTIAL_SEPTEMBER_FIXED_CUTOFF;ADJACENT_CONTEXT_BOUNDARY_INCOMPLETE;RECENT_FIRST_LOCAL_TIMELINE_FRONTIER,retain_with_context,not_universally_verified,unreviewed,unassessed,see_separate_parent_dimension_assertions,2026-06,2026-09,2026-06|2026-07|2026-08,3,5447.666666666667,1.016031328397479,unknown,False,worker/pinned/s4_source_month_calendar.csv,0
s4_closed_pre_resume:mastodon_uk:2026-01,source_month_aggregate,s4_closed_pre_resume,2026-10-10T04:41:12.870432+00:00,social,mastodon_uk,2026-01,0,usable_dated_independent_body,confirmed,SOURCE_FRAME_COUNTS_NOT_POPULATION;RECENT_FIRST_LOCAL_TIMELINE_FRONTIER;EARLIER_FRONTIER_UNOBSERVED_NOT_SOURCE_ABSENCE,retain_with_context,not_universally_verified,unreviewed,unassessed,see_separate_parent_dimension_assertions,2026-03,2026-09,2025-10|2025-11|2025-12|2026-02|2026-03|2026-04,6,841.3333333333334,0.0,unknown,False,worker/pinned/s4_source_month_calendar.csv,0
s4_closed_pre_resume:mastodon_uk:2026-02,source_month_aggregate,s4_closed_pre_resume,2026-10-10T04:41:12.870432+00:00,social,mastodon_uk,2026-02,0,usable_dated_independent_body,confirmed,SOURCE_FRAME_COUNTS_NOT_POPULATION;RECENT_FIRST_LOCAL_TIMELINE_FRONTIER;EARLIER_FRONTIER_UNOBSERVED_NOT_SOURCE_ABSENCE,retain_with_context,not_universally_verified,unreviewed,unassessed,see_separate_parent_dimension_assertions,2026-03,2026-09,2025-11|2025-12|2026-01|2026-03|2026-04|2026-05,6,1543.6666666666667,0.0,unknown,False,worker/pinned/s4_source_month_calendar.csv,0
s4_closed_pre_resume:mastodon_uk:2026-03,source_month_aggregate,s4_closed_pre_resume,2026-10-10T04:41:12.870432+00:00,social,mastodon_uk,2026-03,1102,usable_dated_independent_body,confirmed,SOURCE_FRAME_COUNTS_NOT_POPULATION;RECENT_FIRST_LOCAL_TIMELINE_FRONTIER,retain_with_context,not_universally_verified,unreviewed,unassessed,see_separate_parent_dimension_assertions,2026-03,2026-09,2025-12|2026-01|2026-02|2026-04|2026-05|2026-06,6,2052.0,0.5370370370370371,unknown,False,worker/pinned/s4_source_month_calendar.csv,0
s4_closed_pre_resume:mastodon_uk:2026-04,source_month_aggregate,s4_closed_pre_resume,2026-10-10T04:41:12.870432+00:00,social,mastodon_uk,2026-04,3946,usable_dated_independent_body,confirmed,SOURCE_FRAME_COUNTS_NOT_POPULATION;RECENT_FIRST_LOCAL_TIMELINE_FRONTIER,retain_with_context,not_universally_verified,unreviewed,unassessed,see_separate_parent_dimension_assertions,2026-03,2026-09,2026-01|2026-02|2026-03|2026-05|2026-06|2026-07,6,2309.0,1.7089649198787353,unknown,False,worker/pinned/s4_source_month_calendar.csv,0
s4_closed_pre_resume:mastodon_uk:2026-05,source_month_aggregate,s4_closed_pre_resume,2026-10-10T04:41:12.870432+00:00,social,mastodon_uk,2026-05,4214,usable_dated_independent_body,confirmed,SOURCE_FRAME_COUNTS_NOT_POPULATION;RECENT_FIRST_LOCAL_TIMELINE_FRONTIER,retain_with_context,not_universally_verified,unreviewed,unassessed,see_separate_parent_dimension_assertions,2026-03,2026-09,2026-02|2026-03|2026-04|2026-06|2026-07|2026-08,6,2999.5,1.4049008168028005,unknown,False,worker/pinned/s4_source_month_calendar.csv,0
s4_closed_pre_resume:mastodon_uk:2026-06,source_month_aggregate,s4_closed_pre_resume,2026-10-10T04:41:12.870432+00:00,social,mastodon_uk,2026-06,4152,usable_dated_independent_body,confirmed,SOURCE_FRAME_COUNTS_NOT_POPULATION;RECENT_FIRST_LOCAL_TIMELINE_FRONTIER,retain_with_context,not_universally_verified,unreviewed,unassessed,see_separate_parent_dimension_assertions,2026-03,2026-09,2026-03|2026-04|2026-05|2026-07|2026-08|2026-09,6,3540.8333333333335,1.1726053188985643,unknown,False,worker/pinned/s4_source_month_calendar.csv,0
s4_closed_pre_resume:mastodon_uk:2026-07,source_month_aggregate,s4_closed_pre_resume,2026-10-10T04:41:12.870432+00:00,social,mastodon_uk,2026-07,4386,usable_dated_independent_body,confirmed,SOURCE_FRAME_COUNTS_NOT_POPULATION;ADJACENT_CONTEXT_BOUNDARY_INCOMPLETE;RECENT_FIRST_LOCAL_TIMELINE_FRONTIER,retain_with_context,not_universally_verified,unreviewed,unassessed,see_separate_parent_dimension_assertions,2026-03,2026-09,2026-04|2026-05|2026-06|2026-08|2026-09,5,3981.8,1.101511879049676,unknown,False,worker/pinned/s4_source_month_calendar.csv,0
s4_closed_pre_resume:mastodon_uk:2026-08,source_month_aggregate,s4_closed_pre_resume,2026-10-10T04:41:12.870432+00:00,social,mastodon_uk,2026-08,4411,usable_dated_independent_body,confirmed,SOURCE_FRAME_COUNTS_NOT_POPULATION;ADJACENT_CONTEXT_BOUNDARY_INCOMPLETE;RECENT_FIRST_LOCAL_TIMELINE_FRONTIER,retain_with_context,not_universally_verified,unreviewed,unassessed,see_separate_parent_dimension_assertions,2026-03,2026-09,2026-05|2026-06|2026-07|2026-09,4,3984.5,1.1070397791441837,unknown,False,worker/pinned/s4_source_month_calendar.csv,0
s4_closed_pre_resume:mastodon_uk:2026-09,source_month_aggregate,s4_closed_pre_resume,2026-10-10T04:41:12.870432+00:00,social,mastodon_uk,2026-09,3186,usable_dated_independent_body,confirmed,SOURCE_FRAME_COUNTS_NOT_POPULATION;PARTIAL_SEPTEMBER_FIXED_CUTOFF;ADJACENT_CONTEXT_BOUNDARY_INCOMPLETE;RECENT_FIRST_LOCAL_TIMELINE_FRONTIER,retain_with_context,not_universally_verified,unreviewed,unassessed,see_separate_parent_dimension_assertions,2026-03,2026-09,2026-06|2026-07|2026-08,3,4316.333333333333,0.7381264962545371,unknown,False,worker/pinned/s4_source_month_calendar.csv,0
s4_closed_pre_resume:mastodon_us:2026-01,source_month_aggregate,s4_closed_pre_resume,2026-10-10T04:41:12.870432+00:00,social,mastodon_us,2026-01,0,usable_dated_independent_body,confirmed,SOURCE_FRAME_COUNTS_NOT_POPULATION;RECENT_FIRST_LOCAL_TIMELINE_FRONTIER;EARLIER_FRONTIER_UNOBSERVED_NOT_SOURCE_ABSENCE,retain_with_context,not_universally_verified,unreviewed,unassessed,see_separate_parent_dimension_assertions,2026-07,2026-09,2025-10|2025-11|2025-12|2026-02|2026-03|2026-04,6,0.0,,unknown,False,worker/pinned/s4_source_month_calendar.csv,0
s4_closed_pre_resume:mastodon_us:2026-02,source_month_aggregate,s4_closed_pre_resume,2026-10-10T04:41:12.870432+00:00,social,mastodon_us,2026-02,0,usable_dated_independent_body,confirmed,SOURCE_FRAME_COUNTS_NOT_POPULATION;RECENT_FIRST_LOCAL_TIMELINE_FRONTIER;EARLIER_FRONTIER_UNOBSERVED_NOT_SOURCE_ABSENCE,retain_with_context,not_universally_verified,unreviewed,unassessed,see_separate_parent_dimension_assertions,2026-07,2026-09,2025-11|2025-12|2026-01|2026-03|2026-04|2026-05,6,0.0,,unknown,False,worker/pinned/s4_source_month_calendar.csv,0
s4_closed_pre_resume:mastodon_us:2026-03,source_month_aggregate,s4_closed_pre_resume,2026-10-10T04:41:12.870432+00:00,social,mastodon_us,2026-03,0,usable_dated_independent_body,confirmed,SOURCE_FRAME_COUNTS_NOT_POPULATION;RECENT_FIRST_LOCAL_TIMELINE_FRONTIER;EARLIER_FRONTIER_UNOBSERVED_NOT_SOURCE_ABSENCE,retain_with_context,not_universally_verified,unreviewed,unassessed,see_separate_parent_dimension_assertions,2026-07,2026-09,2025-12|2026-01|2026-02|2026-04|2026-05|2026-06,6,0.0,,unknown,False,worker/pinned/s4_source_month_calendar.csv,0
s4_closed_pre_resume:mastodon_us:2026-04,source_month_aggregate,s4_closed_pre_resume,2026-10-10T04:41:12.870432+00:00,social,mastodon_us,2026-04,0,usable_dated_independent_body,confirmed,SOURCE_FRAME_COUNTS_NOT_POPULATION;RECENT_FIRST_LOCAL_TIMELINE_FRONTIER;EARLIER_FRONTIER_UNOBSERVED_NOT_SOURCE_ABSENCE,retain_with_context,not_universally_verified,unreviewed,unassessed,see_separate_parent_dimension_assertions,2026-07,2026-09,2026-01|2026-02|2026-03|2026-05|2026-06|2026-07,6,907.8333333333334,0.0,unknown,False,worker/pinned/s4_source_month_calendar.csv,0
s4_closed_pre_resume:mastodon_us:2026-05,source_month_aggregate,s4_closed_pre_resume,2026-10-10T04:41:12.870432+00:00,social,mastodon_us,2026-05,0,usable_dated_independent_body,confirmed,SOURCE_FRAME_COUNTS_NOT_POPULATION;RECENT_FIRST_LOCAL_TIMELINE_FRONTIER;EARLIER_FRONTIER_UNOBSERVED_NOT_SOURCE_ABSENCE,retain_with_context,not_universally_verified,unreviewed,unassessed,see_separate_parent_dimension_assertions,2026-07,2026-09,2026-02|2026-03|2026-04|2026-06|2026-07|2026-08,6,2843.8333333333335,0.0,unknown,False,worker/pinned/s4_source_month_calendar.csv,0
s4_closed_pre_resume:mastodon_us:2026-06,source_month_aggregate,s4_closed_pre_resume,2026-10-10T04:41:12.870432+00:00,social,mastodon_us,2026-06,0,usable_dated_independent_body,confirmed,SOURCE_FRAME_COUNTS_NOT_POPULATION;RECENT_FIRST_LOCAL_TIMELINE_FRONTIER;EARLIER_FRONTIER_UNOBSERVED_NOT_SOURCE_ABSENCE,retain_with_context,not_universally_verified,unreviewed,unassessed,see_separate_parent_dimension_assertions,2026-07,2026-09,2026-03|2026-04|2026-05|2026-07|2026-08|2026-09,6,4173.666666666667,0.0,unknown,False,worker/pinned/s4_source_month_calendar.csv,0
s4_closed_pre_resume:mastodon_us:2026-07,source_month_aggregate,s4_closed_pre_resume,2026-10-10T04:41:12.870432+00:00,social,mastodon_us,2026-07,5447,usable_dated_independent_body,confirmed,SOURCE_FRAME_COUNTS_NOT_POPULATION;ADJACENT_CONTEXT_BOUNDARY_INCOMPLETE;RECENT_FIRST_LOCAL_TIMELINE_FRONTIER,retain_with_context,not_universally_verified,unreviewed,unassessed,see_separate_parent_dimension_assertions,2026-07,2026-09,2026-04|2026-05|2026-06|2026-08|2026-09,5,3919.0,1.389895381474866,unknown,False,worker/pinned/s4_source_month_calendar.csv,0
s4_closed_pre_resume:mastodon_us:2026-08,source_month_aggregate,s4_closed_pre_resume,2026-10-10T04:41:12.870432+00:00,social,mastodon_us,2026-08,11616,usable_dated_independent_body,confirmed,SOURCE_FRAME_COUNTS_NOT_POPULATION;ADJACENT_CONTEXT_BOUNDARY_INCOMPLETE;RECENT_FIRST_LOCAL_TIMELINE_FRONTIER;SAME_SOURCE_ADJACENT_HIGH_COUNT_CANDIDATE,retain_with_context,not_universally_verified,unreviewed,unassessed,see_separate_parent_dimension_assertions,2026-07,2026-09,2026-05|2026-06|2026-07|2026-09,4,3356.5,3.4607478027707432,unknown,False,worker/pinned/s4_source_month_calendar.csv,0
s4_closed_pre_resume:mastodon_us:2026-09,source_month_aggregate,s4_closed_pre_resume,2026-10-10T04:41:12.870432+00:00,social,mastodon_us,2026-09,7979,usable_dated_independent_body,confirmed,SOURCE_FRAME_COUNTS_NOT_POPULATION;PARTIAL_SEPTEMBER_FIXED_CUTOFF;ADJACENT_CONTEXT_BOUNDARY_INCOMPLETE;RECENT_FIRST_LOCAL_TIMELINE_FRONTIER,retain_with_context,not_universally_verified,unreviewed,unassessed,see_separate_parent_dimension_assertions,2026-07,2026-09,2026-06|2026-07|2026-08,3,5687.666666666667,1.4028599894508584,unknown,False,worker/pinned/s4_source_month_calendar.csv,0
s4_closed_pre_resume:osm_discourse:2026-01,source_month_aggregate,s4_closed_pre_resume,2026-10-10T04:41:12.870432+00:00,social,osm_discourse,2026-01,80,usable_dated_independent_body,confirmed,SOURCE_FRAME_COUNTS_NOT_POPULATION,retain,not_universally_verified,unreviewed,unassessed,see_separate_parent_dimension_assertions,2006-06,2026-09,2025-10|2025-11|2025-12|2026-02|2026-03|2026-04,6,111.16666666666667,0.7196401799100449,unknown,False,worker/pinned/s4_source_month_calendar.csv,0
s4_closed_pre_resume:osm_discourse:2026-02,source_month_aggregate,s4_closed_pre_resume,2026-10-10T04:41:12.870432+00:00,social,osm_discourse,2026-02,72,usable_dated_independent_body,confirmed,SOURCE_FRAME_COUNTS_NOT_POPULATION,retain,not_universally_verified,unreviewed,unassessed,see_separate_parent_dimension_assertions,2006-06,2026-09,2025-11|2025-12|2026-01|2026-03|2026-04|2026-05,6,112.16666666666667,0.6419019316493313,unknown,False,worker/pinned/s4_source_month_calendar.csv,0
s4_closed_pre_resume:osm_discourse:2026-03,source_month_aggregate,s4_closed_pre_resume,2026-10-10T04:41:12.870432+00:00,social,osm_discourse,2026-03,156,usable_dated_independent_body,confirmed,SOURCE_FRAME_COUNTS_NOT_POPULATION,retain,not_universally_verified,unreviewed,unassessed,see_separate_parent_dimension_assertions,2006-06,2026-09,2025-12|2026-01|2026-02|2026-04|2026-05|2026-06,6,109.66666666666667,1.4224924012158053,unknown,False,worker/pinned/s4_source_month_calendar.csv,0
s4_closed_pre_resume:osm_discourse:2026-04,source_month_aggregate,s4_closed_pre_resume,2026-10-10T04:41:12.870432+00:00,social,osm_discourse,2026-04,104,usable_dated_independent_body,confirmed,SOURCE_FRAME_COUNTS_NOT_POPULATION,retain,not_universally_verified,unreviewed,unassessed,see_separate_parent_dimension_assertions,2006-06,2026-09,2026-01|2026-02|2026-03|2026-05|2026-06|2026-07,6,108.66666666666667,0.9570552147239263,unknown,False,worker/pinned/s4_source_month_calendar.csv,0
s4_closed_pre_resume:osm_discourse:2026-05,source_month_aggregate,s4_closed_pre_resume,2026-10-10T04:41:12.870432+00:00,social,osm_discourse,2026-05,97,usable_dated_independent_body,confirmed,SOURCE_FRAME_COUNTS_NOT_POPULATION,retain,not_universally_verified,unreviewed,unassessed,see_separate_parent_dimension_assertions,2006-06,2026-09,2026-02|2026-03|2026-04|2026-06|2026-07|2026-08,6,119.66666666666667,0.8105849582172702,unknown,False,worker/pinned/s4_source_month_calendar.csv,0
s4_closed_pre_resume:osm_discourse:2026-06,source_month_aggregate,s4_closed_pre_resume,2026-10-10T04:41:12.870432+00:00,social,osm_discourse,2026-06,157,usable_dated_independent_body,confirmed,SOURCE_FRAME_COUNTS_NOT_POPULATION,retain,not_universally_verified,unreviewed,unassessed,see_separate_parent_dimension_assertions,2006-06,2026-09,2026-03|2026-04|2026-05|2026-07|2026-08|2026-09,6,122.16666666666667,1.2851296043656206,unknown,False,worker/pinned/s4_source_month_calendar.csv,0
s4_closed_pre_resume:osm_discourse:2026-07,source_month_aggregate,s4_closed_pre_resume,2026-10-10T04:41:12.870432+00:00,social,osm_discourse,2026-07,90,usable_dated_independent_body,confirmed,SOURCE_FRAME_COUNTS_NOT_POPULATION;ADJACENT_CONTEXT_BOUNDARY_INCOMPLETE,retain,not_universally_verified,unreviewed,unassessed,see_separate_parent_dimension_assertions,2006-06,2026-09,2026-04|2026-05|2026-06|2026-08|2026-09,5,128.8,0.6987577639751552,unknown,False,worker/pinned/s4_source_month_calendar.csv,0
s4_closed_pre_resume:osm_discourse:2026-08,source_month_aggregate,s4_closed_pre_resume,2026-10-10T04:41:12.870432+00:00,social,osm_discourse,2026-08,139,usable_dated_independent_body,confirmed,SOURCE_FRAME_COUNTS_NOT_POPULATION;ADJACENT_CONTEXT_BOUNDARY_INCOMPLETE,retain,not_universally_verified,unreviewed,unassessed,see_separate_parent_dimension_assertions,2006-06,2026-09,2026-05|2026-06|2026-07|2026-09,4,122.75,1.1323828920570265,unknown,False,worker/pinned/s4_source_month_calendar.csv,0
s4_closed_pre_resume:osm_discourse:2026-09,source_month_aggregate,s4_closed_pre_resume,2026-10-10T04:41:12.870432+00:00,social,osm_discourse,2026-09,147,usable_dated_independent_body,confirmed,SOURCE_FRAME_COUNTS_NOT_POPULATION;PARTIAL_SEPTEMBER_FIXED_CUTOFF;ADJACENT_CONTEXT_BOUNDARY_INCOMPLETE,retain,not_universally_verified,unreviewed,unassessed,see_separate_parent_dimension_assertions,2006-06,2026-09,2026-06|2026-07|2026-08,3,128.66666666666666,1.1424870466321244,unknown,False,worker/pinned/s4_source_month_calendar.csv,0
s4_closed_pre_resume:python_discourse:2026-01,source_month_aggregate,s4_closed_pre_resume,2026-10-10T04:41:12.870432+00:00,social,python_discourse,2026-01,226,usable_dated_independent_body,confirmed,SOURCE_FRAME_COUNTS_NOT_POPULATION,retain,not_universally_verified,unreviewed,unassessed,see_separate_parent_dimension_assertions,2018-09,2026-09,2025-10|2025-11|2025-12|2026-02|2026-03|2026-04,6,99.16666666666667,2.2789915966386554,unknown,False,worker/pinned/s4_source_month_calendar.csv,0
s4_closed_pre_resume:python_discourse:2026-02,source_month_aggregate,s4_closed_pre_resume,2026-10-10T04:41:12.870432+00:00,social,python_discourse,2026-02,45,usable_dated_independent_body,confirmed,SOURCE_FRAME_COUNTS_NOT_POPULATION,retain,not_universally_verified,unreviewed,unassessed,see_separate_parent_dimension_assertions,2018-09,2026-09,2025-11|2025-12|2026-01|2026-03|2026-04|2026-05,6,156.5,0.28753993610223644,unknown,False,worker/pinned/s4_source_month_calendar.csv,0
s4_closed_pre_resume:python_discourse:2026-03,source_month_aggregate,s4_closed_pre_resume,2026-10-10T04:41:12.870432+00:00,social,python_discourse,2026-03,125,usable_dated_independent_body,confirmed,SOURCE_FRAME_COUNTS_NOT_POPULATION,retain,not_universally_verified,unreviewed,unassessed,see_separate_parent_dimension_assertions,2018-09,2026-09,2025-12|2026-01|2026-02|2026-04|2026-05|2026-06,6,168.83333333333334,0.7403751233958539,unknown,False,worker/pinned/s4_source_month_calendar.csv,0
s4_closed_pre_resume:python_discourse:2026-04,source_month_aggregate,s4_closed_pre_resume,2026-10-10T04:41:12.870432+00:00,social,python_discourse,2026-04,196,usable_dated_independent_body,confirmed,SOURCE_FRAME_COUNTS_NOT_POPULATION,retain,not_universally_verified,unreviewed,unassessed,see_separate_parent_dimension_assertions,2018-09,2026-09,2026-01|2026-02|2026-03|2026-05|2026-06|2026-07,6,189.66666666666666,1.0333919156414764,unknown,False,worker/pinned/s4_source_month_calendar.csv,0
s4_closed_pre_resume:python_discourse:2026-05,source_month_aggregate,s4_closed_pre_resume,2026-10-10T04:41:12.870432+00:00,social,python_discourse,2026-05,231,usable_dated_independent_body,confirmed,SOURCE_FRAME_COUNTS_NOT_POPULATION,retain,not_universally_verified,unreviewed,unassessed,see_separate_parent_dimension_assertions,2018-09,2026-09,2026-02|2026-03|2026-04|2026-06|2026-07|2026-08,6,301.3333333333333,0.7665929203539823,unknown,False,worker/pinned/s4_source_month_calendar.csv,0
s4_closed_pre_resume:python_discourse:2026-06,source_month_aggregate,s4_closed_pre_resume,2026-10-10T04:41:12.870432+00:00,social,python_discourse,2026-06,240,usable_dated_independent_body,confirmed,SOURCE_FRAME_COUNTS_NOT_POPULATION,retain,not_universally_verified,unreviewed,unassessed,see_separate_parent_dimension_assertions,2018-09,2026-09,2026-03|2026-04|2026-05|2026-07|2026-08|2026-09,6,483.0,0.4968944099378882,unknown,False,worker/pinned/s4_source_month_calendar.csv,0
s4_closed_pre_resume:python_discourse:2026-07,source_month_aggregate,s4_closed_pre_resume,2026-10-10T04:41:12.870432+00:00,social,python_discourse,2026-07,271,usable_dated_independent_body,confirmed,SOURCE_FRAME_COUNTS_NOT_POPULATION;ADJACENT_CONTEXT_BOUNDARY_INCOMPLETE,retain,not_universally_verified,unreviewed,unassessed,see_separate_parent_dimension_assertions,2018-09,2026-09,2026-04|2026-05|2026-06|2026-08|2026-09,5,548.4,0.49416484318016046,unknown,False,worker/pinned/s4_source_month_calendar.csv,0
s4_closed_pre_resume:python_discourse:2026-08,source_month_aggregate,s4_closed_pre_resume,2026-10-10T04:41:12.870432+00:00,social,python_discourse,2026-08,931,usable_dated_independent_body,confirmed,SOURCE_FRAME_COUNTS_NOT_POPULATION;ADJACENT_CONTEXT_BOUNDARY_INCOMPLETE,retain,not_universally_verified,unreviewed,unassessed,see_separate_parent_dimension_assertions,2018-09,2026-09,2026-05|2026-06|2026-07|2026-09,4,471.5,1.9745493107104983,unknown,False,worker/pinned/s4_source_month_calendar.csv,0
s4_closed_pre_resume:python_discourse:2026-09,source_month_aggregate,s4_closed_pre_resume,2026-10-10T04:41:12.870432+00:00,social,python_discourse,2026-09,1144,usable_dated_independent_body,confirmed,SOURCE_FRAME_COUNTS_NOT_POPULATION;PARTIAL_SEPTEMBER_FIXED_CUTOFF;ADJACENT_CONTEXT_BOUNDARY_INCOMPLETE,retain,not_universally_verified,unreviewed,unassessed,see_separate_parent_dimension_assertions,2018-09,2026-09,2026-06|2026-07|2026-08,3,480.6666666666667,2.38002773925104,unknown,False,worker/pinned/s4_source_month_calendar.csv,0
s4_closed_pre_resume:se_earthscience:2026-01,source_month_aggregate,s4_closed_pre_resume,2026-10-10T04:41:12.870432+00:00,social,se_earthscience,2026-01,9,usable_dated_independent_body,confirmed,SOURCE_FRAME_COUNTS_NOT_POPULATION,retain,not_universally_verified,unreviewed,unassessed,see_separate_parent_dimension_assertions,2014-04,2026-08,2025-10|2025-11|2025-12|2026-02|2026-03|2026-04,6,6.5,1.3846153846153846,unknown,False,worker/pinned/s4_source_month_calendar.csv,0
s4_closed_pre_resume:se_earthscience:2026-02,source_month_aggregate,s4_closed_pre_resume,2026-10-10T04:41:12.870432+00:00,social,se_earthscience,2026-02,5,usable_dated_independent_body,confirmed,SOURCE_FRAME_COUNTS_NOT_POPULATION,retain,not_universally_verified,unreviewed,unassessed,see_separate_parent_dimension_assertions,2014-04,2026-08,2025-11|2025-12|2026-01|2026-03|2026-04|2026-05,6,6.333333333333333,0.7894736842105263,unknown,False,worker/pinned/s4_source_month_calendar.csv,0
s4_closed_pre_resume:se_earthscience:2026-03,source_month_aggregate,s4_closed_pre_resume,2026-10-10T04:41:12.870432+00:00,social,se_earthscience,2026-03,12,usable_dated_independent_body,confirmed,SOURCE_FRAME_COUNTS_NOT_POPULATION,retain,not_universally_verified,unreviewed,unassessed,see_separate_parent_dimension_assertions,2014-04,2026-08,2025-12|2026-01|2026-02|2026-04|2026-05|2026-06,6,4.666666666666667,2.571428571428571,unknown,False,worker/pinned/s4_source_month_calendar.csv,0
s4_closed_pre_resume:se_earthscience:2026-04,source_month_aggregate,s4_closed_pre_resume,2026-10-10T04:41:12.870432+00:00,social,se_earthscience,2026-04,8,usable_dated_independent_body,confirmed,SOURCE_FRAME_COUNTS_NOT_POPULATION,retain,not_universally_verified,unreviewed,unassessed,see_separate_parent_dimension_assertions,2014-04,2026-08,2026-01|2026-02|2026-03|2026-05|2026-06|2026-07,6,5.166666666666667,1.5483870967741935,unknown,False,worker/pinned/s4_source_month_calendar.csv,0
s4_closed_pre_resume:se_earthscience:2026-05,source_month_aggregate,s4_closed_pre_resume,2026-10-10T04:41:12.870432+00:00,social,se_earthscience,2026-05,2,usable_dated_independent_body,confirmed,SOURCE_FRAME_COUNTS_NOT_POPULATION,retain,not_universally_verified,unreviewed,unassessed,see_separate_parent_dimension_assertions,2014-04,2026-08,2026-02|2026-03|2026-04|2026-06|2026-07|2026-08,6,5.666666666666667,0.3529411764705882,unknown,False,worker/pinned/s4_source_month_calendar.csv,0
s4_closed_pre_resume:se_earthscience:2026-06,source_month_aggregate,s4_closed_pre_resume,2026-10-10T04:41:12.870432+00:00,social,se_earthscience,2026-06,2,usable_dated_independent_body,confirmed,SOURCE_FRAME_COUNTS_NOT_POPULATION,retain,not_universally_verified,unreviewed,unassessed,see_separate_parent_dimension_assertions,2014-04,2026-08,2026-03|2026-04|2026-05|2026-07|2026-08|2026-09,6,4.833333333333333,0.4137931034482759,unknown,False,worker/pinned/s4_source_month_calendar.csv,0
s4_closed_pre_resume:se_earthscience:2026-07,source_month_aggregate,s4_closed_pre_resume,2026-10-10T04:41:12.870432+00:00,social,se_earthscience,2026-07,1,usable_dated_independent_body,confirmed,SOURCE_FRAME_COUNTS_NOT_POPULATION;ADJACENT_CONTEXT_BOUNDARY_INCOMPLETE,retain,not_universally_verified,unreviewed,unassessed,see_separate_parent_dimension_assertions,2014-04,2026-08,2026-04|2026-05|2026-06|2026-08|2026-09,5,3.6,0.2777777777777778,unknown,False,worker/pinned/s4_source_month_calendar.csv,0
s4_closed_pre_resume:se_earthscience:2026-08,source_month_aggregate,s4_closed_pre_resume,2026-10-10T04:41:12.870432+00:00,social,se_earthscience,2026-08,6,usable_dated_independent_body,confirmed,SOURCE_FRAME_COUNTS_NOT_POPULATION;ADJACENT_CONTEXT_BOUNDARY_INCOMPLETE;SAME_SOURCE_ADJACENT_HIGH_COUNT_CANDIDATE,retain_with_context,not_universally_verified,unreviewed,unassessed,see_separate_parent_dimension_assertions,2014-04,2026-08,2026-05|2026-06|2026-07|2026-09,4,1.25,4.8,unknown,False,worker/pinned/s4_source_month_calendar.csv,0
s4_closed_pre_resume:se_earthscience:2026-09,source_month_aggregate,s4_closed_pre_resume,2026-10-10T04:41:12.870432+00:00,social,se_earthscience,2026-09,0,usable_dated_independent_body,confirmed,SOURCE_FRAME_COUNTS_NOT_POPULATION;PARTIAL_SEPTEMBER_FIXED_CUTOFF;ADJACENT_CONTEXT_BOUNDARY_INCOMPLETE,retain,not_universally_verified,unreviewed,unassessed,see_separate_parent_dimension_assertions,2014-04,2026-08,2026-06|2026-07|2026-08,3,3.0,0.0,unknown,False,worker/pinned/s4_source_month_calendar.csv,0
s4_closed_pre_resume:se_sustainability:2026-01,source_month_aggregate,s4_closed_pre_resume,2026-10-10T04:41:12.870432+00:00,social,se_sustainability,2026-01,8,usable_dated_independent_body,confirmed,SOURCE_FRAME_COUNTS_NOT_POPULATION,retain,not_universally_verified,unreviewed,unassessed,see_separate_parent_dimension_assertions,2013-01,2026-09,2025-10|2025-11|2025-12|2026-02|2026-03|2026-04,6,13.0,0.6153846153846154,unknown,False,worker/pinned/s4_source_month_calendar.csv,0
s4_closed_pre_resume:se_sustainability:2026-02,source_month_aggregate,s4_closed_pre_resume,2026-10-10T04:41:12.870432+00:00,social,se_sustainability,2026-02,13,usable_dated_independent_body,confirmed,SOURCE_FRAME_COUNTS_NOT_POPULATION,retain,not_universally_verified,unreviewed,unassessed,see_separate_parent_dimension_assertions,2013-01,2026-09,2025-11|2025-12|2026-01|2026-03|2026-04|2026-05,6,10.333333333333334,1.2580645161290323,unknown,False,worker/pinned/s4_source_month_calendar.csv,0
s4_closed_pre_resume:se_sustainability:2026-03,source_month_aggregate,s4_closed_pre_resume,2026-10-10T04:41:12.870432+00:00,social,se_sustainability,2026-03,18,usable_dated_independent_body,confirmed,SOURCE_FRAME_COUNTS_NOT_POPULATION,retain,not_universally_verified,unreviewed,unassessed,see_separate_parent_dimension_assertions,2013-01,2026-09,2025-12|2026-01|2026-02|2026-04|2026-05|2026-06,6,11.666666666666666,1.542857142857143,unknown,False,worker/pinned/s4_source_month_calendar.csv,0
s4_closed_pre_resume:se_sustainability:2026-04,source_month_aggregate,s4_closed_pre_resume,2026-10-10T04:41:12.870432+00:00,social,se_sustainability,2026-04,6,usable_dated_independent_body,confirmed,SOURCE_FRAME_COUNTS_NOT_POPULATION,retain,not_universally_verified,unreviewed,unassessed,see_separate_parent_dimension_assertions,2013-01,2026-09,2026-01|2026-02|2026-03|2026-05|2026-06|2026-07,6,11.5,0.5217391304347826,unknown,False,worker/pinned/s4_source_month_calendar.csv,0
s4_closed_pre_resume:se_sustainability:2026-05,source_month_aggregate,s4_closed_pre_resume,2026-10-10T04:41:12.870432+00:00,social,se_sustainability,2026-05,1,usable_dated_independent_body,confirmed,SOURCE_FRAME_COUNTS_NOT_POPULATION,retain,not_universally_verified,unreviewed,unassessed,see_separate_parent_dimension_assertions,2013-01,2026-09,2026-02|2026-03|2026-04|2026-06|2026-07|2026-08,6,11.666666666666666,0.08571428571428572,unknown,False,worker/pinned/s4_source_month_calendar.csv,0
s4_closed_pre_resume:se_sustainability:2026-06,source_month_aggregate,s4_closed_pre_resume,2026-10-10T04:41:12.870432+00:00,social,se_sustainability,2026-06,23,usable_dated_independent_body,confirmed,SOURCE_FRAME_COUNTS_NOT_POPULATION,retain,not_universally_verified,unreviewed,unassessed,see_separate_parent_dimension_assertions,2013-01,2026-09,2026-03|2026-04|2026-05|2026-07|2026-08|2026-09,6,9.0,2.5555555555555554,unknown,False,worker/pinned/s4_source_month_calendar.csv,0
s4_closed_pre_resume:se_sustainability:2026-07,source_month_aggregate,s4_closed_pre_resume,2026-10-10T04:41:12.870432+00:00,social,se_sustainability,2026-07,6,usable_dated_independent_body,confirmed,SOURCE_FRAME_COUNTS_NOT_POPULATION;ADJACENT_CONTEXT_BOUNDARY_INCOMPLETE,retain,not_universally_verified,unreviewed,unassessed,see_separate_parent_dimension_assertions,2013-01,2026-09,2026-04|2026-05|2026-06|2026-08|2026-09,5,10.6,0.5660377358490566,unknown,False,worker/pinned/s4_source_month_calendar.csv,0
s4_closed_pre_resume:se_sustainability:2026-08,source_month_aggregate,s4_closed_pre_resume,2026-10-10T04:41:12.870432+00:00,social,se_sustainability,2026-08,4,usable_dated_independent_body,confirmed,SOURCE_FRAME_COUNTS_NOT_POPULATION;ADJACENT_CONTEXT_BOUNDARY_INCOMPLETE,retain,not_universally_verified,unreviewed,unassessed,see_separate_parent_dimension_assertions,2013-01,2026-09,2026-05|2026-06|2026-07|2026-09,4,12.25,0.32653061224489793,unknown,False,worker/pinned/s4_source_month_calendar.csv,0
s4_closed_pre_resume:se_sustainability:2026-09,source_month_aggregate,s4_closed_pre_resume,2026-10-10T04:41:12.870432+00:00,social,se_sustainability,2026-09,19,usable_dated_independent_body,confirmed,SOURCE_FRAME_COUNTS_NOT_POPULATION;PARTIAL_SEPTEMBER_FIXED_CUTOFF;ADJACENT_CONTEXT_BOUNDARY_INCOMPLETE,retain,not_universally_verified,unreviewed,unassessed,see_separate_parent_dimension_assertions,2013-01,2026-09,2026-06|2026-07|2026-08,3,11.0,1.7272727272727273,unknown,False,worker/pinned/s4_source_month_calendar.csv,0
s4_closed_pre_resume:straight_dope:2026-01,source_month_aggregate,s4_closed_pre_resume,2026-10-10T04:41:12.870432+00:00,social,straight_dope,2026-01,1128,usable_dated_independent_body,confirmed,SOURCE_FRAME_COUNTS_NOT_POPULATION,retain,not_universally_verified,unreviewed,unassessed,see_separate_parent_dimension_assertions,1999-03,2026-09,2025-10|2025-11|2025-12|2026-02|2026-03|2026-04,6,782.5,1.4415335463258785,unknown,False,worker/pinned/s4_source_month_calendar.csv,0
s4_closed_pre_resume:straight_dope:2026-02,source_month_aggregate,s4_closed_pre_resume,2026-10-10T04:41:12.870432+00:00,social,straight_dope,2026-02,782,usable_dated_independent_body,confirmed,SOURCE_FRAME_COUNTS_NOT_POPULATION,retain,not_universally_verified,unreviewed,unassessed,see_separate_parent_dimension_assertions,1999-03,2026-09,2025-11|2025-12|2026-01|2026-03|2026-04|2026-05,6,983.8333333333334,0.7948500762324242,unknown,False,worker/pinned/s4_source_month_calendar.csv,0
s4_closed_pre_resume:straight_dope:2026-03,source_month_aggregate,s4_closed_pre_resume,2026-10-10T04:41:12.870432+00:00,social,straight_dope,2026-03,1043,usable_dated_independent_body,confirmed,SOURCE_FRAME_COUNTS_NOT_POPULATION,retain,not_universally_verified,unreviewed,unassessed,see_separate_parent_dimension_assertions,1999-03,2026-09,2025-12|2026-01|2026-02|2026-04|2026-05|2026-06,6,1096.1666666666667,0.9514976433024175,unknown,False,worker/pinned/s4_source_month_calendar.csv,0
s4_closed_pre_resume:straight_dope:2026-04,source_month_aggregate,s4_closed_pre_resume,2026-10-10T04:41:12.870432+00:00,social,straight_dope,2026-04,1398,usable_dated_independent_body,confirmed,SOURCE_FRAME_COUNTS_NOT_POPULATION,retain,not_universally_verified,unreviewed,unassessed,see_separate_parent_dimension_assertions,1999-03,2026-09,2026-01|2026-02|2026-03|2026-05|2026-06|2026-07,6,956.6666666666666,1.4613240418118467,unknown,False,worker/pinned/s4_source_month_calendar.csv,0
s4_closed_pre_resume:straight_dope:2026-05,source_month_aggregate,s4_closed_pre_resume,2026-10-10T04:41:12.870432+00:00,social,straight_dope,2026-05,969,usable_dated_independent_body,confirmed,SOURCE_FRAME_COUNTS_NOT_POPULATION,retain,not_universally_verified,unreviewed,unassessed,see_separate_parent_dimension_assertions,1999-03,2026-09,2026-02|2026-03|2026-04|2026-06|2026-07|2026-08,6,992.1666666666666,0.976650428355451,unknown,False,worker/pinned/s4_source_month_calendar.csv,0
s4_closed_pre_resume:straight_dope:2026-06,source_month_aggregate,s4_closed_pre_resume,2026-10-10T04:41:12.870432+00:00,social,straight_dope,2026-06,1023,usable_dated_independent_body,confirmed,SOURCE_FRAME_COUNTS_NOT_POPULATION,retain,not_universally_verified,unreviewed,unassessed,see_separate_parent_dimension_assertions,1999-03,2026-09,2026-03|2026-04|2026-05|2026-07|2026-08|2026-09,6,918.3333333333334,1.1139745916515427,unknown,False,worker/pinned/s4_source_month_calendar.csv,0
s4_closed_pre_resume:straight_dope:2026-07,source_month_aggregate,s4_closed_pre_resume,2026-10-10T04:41:12.870432+00:00,social,straight_dope,2026-07,795,usable_dated_independent_body,confirmed,SOURCE_FRAME_COUNTS_NOT_POPULATION;ADJACENT_CONTEXT_BOUNDARY_INCOMPLETE,retain,not_universally_verified,unreviewed,unassessed,see_separate_parent_dimension_assertions,1999-03,2026-09,2026-04|2026-05|2026-06|2026-08|2026-09,5,939.0,0.8466453674121406,unknown,False,worker/pinned/s4_source_month_calendar.csv,0
s4_closed_pre_resume:straight_dope:2026-08,source_month_aggregate,s4_closed_pre_resume,2026-10-10T04:41:12.870432+00:00,social,straight_dope,2026-08,912,usable_dated_independent_body,confirmed,SOURCE_FRAME_COUNTS_NOT_POPULATION;ADJACENT_CONTEXT_BOUNDARY_INCOMPLETE,retain,not_universally_verified,unreviewed,unassessed,see_separate_parent_dimension_assertions,1999-03,2026-09,2026-05|2026-06|2026-07|2026-09,4,795.0,1.1471698113207547,unknown,False,worker/pinned/s4_source_month_calendar.csv,0
s4_closed_pre_resume:straight_dope:2026-09,source_month_aggregate,s4_closed_pre_resume,2026-10-10T04:41:12.870432+00:00,social,straight_dope,2026-09,393,usable_dated_independent_body,confirmed,SOURCE_FRAME_COUNTS_NOT_POPULATION;PARTIAL_SEPTEMBER_FIXED_CUTOFF;ADJACENT_CONTEXT_BOUNDARY_INCOMPLETE,retain,not_universally_verified,unreviewed,unassessed,see_separate_parent_dimension_assertions,1999-03,2026-09,2026-06|2026-07|2026-08,3,910.0,0.4318681318681319,unknown,False,worker/pinned/s4_source_month_calendar.csv,0
