article_id,candidate_record_id,disposition,title,source_id,stratum,publication_date,source_url,complete_body_reference,candidate_body_reference,canonical_article_id,work_family_id,disposition_reason
mit_tech:108:1:p1-athena-extension,prior:0,pending,Athena requests a 3-year extension,mit_tech,US,1988-02-02,https://s3.amazonaws.com/thetech-production/issues/pdfs/000/003/245/original/tech_pdf.pdf?1460734372,,work_packages/M1_source_access/23_newspaper_acquisition_and_transition_20261005/transition_research/acquisition_followthrough_20261005/bodies/mit_tech_19880202_athena_a5a3ea482006.txt,mit_tech:108:1:p1-athena-extension,mit_tech:108:1:p1-athena-extension,"Original article spans pages 1 and 27 in accepted mapping; severe OCR corruption at column joins and an unverified continuation transcription remain. The accepted visible-span claim is preserved, not silently upgraded to a complete restored body."
mit_tech:article:08000c3d96b3c8ec6ec5d5b5,prior:1,non_article,"No. of Applicants for 2006, 2007",mit_tech,US,2007-02-06,https://thetech.com/2007/02/06/1briefs-table-v127-n1,,work_packages/M1_source_access/23_newspaper_acquisition_and_transition_20261005/transition_research/acquisition_followthrough_20261005/bodies/c2837f4f44855947b9505122_3a8cf660265f.txt,mit_tech:article:08000c3d96b3c8ec6ec5d5b5,mit_tech:article:08000c3d96b3c8ec6ec5d5b5,Applicants table with attribution; no independent full article body.
mit_tech:article:25b8df2159533e4186be4d50,prior:2,pending,"Excerpt from ‘A plea for help to end racism at MIT’ — Dec. 19, 2006",mit_tech,US,2007-02-06,https://thetech.com/2007/02/06/1sherley-letter1-v127-n1,,work_packages/M1_source_access/23_newspaper_acquisition_and_transition_20261005/transition_research/acquisition_followthrough_20261005/bodies/ae6f3b1400244b0bd0c929f9_5aa3b41f048d.txt,mit_tech:article:25b8df2159533e4186be4d50,mit_tech:article:25b8df2159533e4186be4d50,Publisher explicitly labels an excerpt and retains ellipses from the letter. Full original-letter/article boundaries are not established by this selected page.
mit_tech:article:f7c68832e72370a9f936358d,prior:3,non_article,In Short,mit_tech,US,2007-02-06,https://thetech.com/2007/02/06/1inshort-v127-n1,,work_packages/M1_source_access/23_newspaper_acquisition_and_transition_20261005/transition_research/acquisition_followthrough_20261005/bodies/b1d864de724fca468d0b6229_e6dfa3db9199.txt,mit_tech:article:f7c68832e72370a9f936358d,mit_tech:article:f7c68832e72370a9f936358d,Several unrelated campus notices plus publisher tips footer; not one independent article.
mit_tech:article:ebbce8c34669b70fe171e07f,prior:4,confirmed_complete,Charges Against MIT Students Eliminated,mit_tech,US,2007-03-02,https://thetech.com/2007/03/02/hackers-v127-n8,work_packages/M1_source_access/23_newspaper_acquisition_and_transition_20261005/transition_research/acquisition_followthrough_20261005/bodies/4d528db503b9ebf4842131dc_38e51ef7913f.txt,work_packages/M1_source_access/23_newspaper_acquisition_and_transition_20261005/transition_research/acquisition_followthrough_20261005/bodies/4d528db503b9ebf4842131dc_38e51ef7913f.txt,mit_tech:article:ebbce8c34669b70fe171e07f,mit_tech:article:ebbce8c34669b70fe171e07f,"Selected saved publisher page contains one complete independent titled narrative/review/editorial/brief; source-native body boundary, opening and closing inspected. No length, byline, topic or affect gate."
mit_tech:article:b2cb61bb1aa7809a2a862d2d,prior:5,confirmed_complete,Kastner Appointed Science Dean,mit_tech,US,2007-03-02,https://thetech.com/2007/03/02/dean-v127-n8,work_packages/M1_source_access/23_newspaper_acquisition_and_transition_20261005/transition_research/acquisition_followthrough_20261005/bodies/4794d01284ae9c1789c90c04_e04a681fe9eb.txt,work_packages/M1_source_access/23_newspaper_acquisition_and_transition_20261005/transition_research/acquisition_followthrough_20261005/bodies/4794d01284ae9c1789c90c04_e04a681fe9eb.txt,mit_tech:article:b2cb61bb1aa7809a2a862d2d,mit_tech:article:b2cb61bb1aa7809a2a862d2d,"Selected saved publisher page contains one complete independent titled narrative/review/editorial/brief; source-native body boundary, opening and closing inspected. No length, byline, topic or affect gate."
mit_tech:article:d276ed7ca52bd036cc1f57c0,prior:6,confirmed_complete,Ethics Panels Found to Curtail Academic Freedom,mit_tech,US,2007-03-02,https://thetech.com/2007/03/02/ethicspanels-v127-n8,work_packages/M1_source_access/23_newspaper_acquisition_and_transition_20261005/transition_research/acquisition_followthrough_20261005/bodies/bb197cc7a0107b35ab4c5c9d_beec29926fe3.txt,work_packages/M1_source_access/23_newspaper_acquisition_and_transition_20261005/transition_research/acquisition_followthrough_20261005/bodies/bb197cc7a0107b35ab4c5c9d_beec29926fe3.txt,mit_tech:article:d276ed7ca52bd036cc1f57c0,mit_tech:article:d276ed7ca52bd036cc1f57c0,"Selected saved publisher page contains one complete independent titled narrative/review/editorial/brief; source-native body boundary, opening and closing inspected. No length, byline, topic or affect gate."
mit_tech:article:78bc16e1c439ec2c75e91d94,prior:7,confirmed_complete,News Briefs,mit_tech,US,2007-04-03,https://thetech.com/2007/04/03/briefs-v127-n15,work_packages/M1_source_access/23_newspaper_acquisition_and_transition_20261005/transition_research/acquisition_followthrough_20261005/bodies/c4d9a2e82420055891fa8edb_c9bca7f553dc.txt,work_packages/M1_source_access/23_newspaper_acquisition_and_transition_20261005/transition_research/acquisition_followthrough_20261005/bodies/c4d9a2e82420055891fa8edb_c9bca7f553dc.txt,mit_tech:article:78bc16e1c439ec2c75e91d94,mit_tech:article:78bc16e1c439ec2c75e91d94,"Selected saved publisher page contains one complete independent titled narrative/review/editorial/brief; source-native body boundary, opening and closing inspected. No length, byline, topic or affect gate."
mit_tech:article:bacb8335248e6e190bcd99ab,prior:8,non_article,67th Putnam Competition Results,mit_tech,US,2007-04-03,https://thetech.com/2007/04/03/putnam-list-v127-n15,,work_packages/M1_source_access/23_newspaper_acquisition_and_transition_20261005/transition_research/acquisition_followthrough_20261005/bodies/39f84f8e3549501ca24dca95_02ebba863a5f.txt,mit_tech:article:bacb8335248e6e190bcd99ab,mit_tech:article:bacb8335248e6e190bcd99ab,Competition-results list of names; no accompanying independent article body on the selected page.
mit_tech:article:9eafc7e390392504d3fe0a0a,prior:9,confirmed_complete,"Lincoln  Lab Not  Guilty of Fraud, DoD Says",mit_tech,US,2007-04-03,https://thetech.com/2007/04/03/dodreport-v127-n15,work_packages/M1_source_access/23_newspaper_acquisition_and_transition_20261005/transition_research/acquisition_followthrough_20261005/bodies/76e3f40db13ea885d951d79e_3315379ae37e.txt,work_packages/M1_source_access/23_newspaper_acquisition_and_transition_20261005/transition_research/acquisition_followthrough_20261005/bodies/76e3f40db13ea885d951d79e_3315379ae37e.txt,mit_tech:article:9eafc7e390392504d3fe0a0a,mit_tech:article:9eafc7e390392504d3fe0a0a,"Selected saved publisher page contains one complete independent titled narrative/review/editorial/brief; source-native body boundary, opening and closing inspected. No length, byline, topic or affect gate."
mit_tech:article:7f4e0ddb8e54a87af90d831b,prior:10,pending,Police Log,mit_tech,US,2007-05-01,https://thetech.com/2007/05/01/polog-v127-n22,,work_packages/M1_source_access/23_newspaper_acquisition_and_transition_20261005/transition_research/acquisition_followthrough_20261005/bodies/55a0a5c91fef028fefc88916_f37d65631a7d.txt,mit_tech:article:7f4e0ddb8e54a87af90d831b,mit_tech:article:7f4e0ddb8e54a87af90d831b,Finite publisher-compiled incident log with introduction and compiler credit. Its article-versus-record-list unit requires adjudication; incidents are not split into counted articles.
mit_tech:article:26f0b8b2eed6c55cb75c0f32,prior:11,non_article,UA Elections Results,mit_tech,US,2007-05-01,https://thetech.com/2007/05/01/uatable-v127-n22,,work_packages/M1_source_access/23_newspaper_acquisition_and_transition_20261005/transition_research/acquisition_followthrough_20261005/bodies/56ba8fc2685b963d36ff7883_6bc788e6cc2d.txt,mit_tech:article:26f0b8b2eed6c55cb75c0f32,mit_tech:article:26f0b8b2eed6c55cb75c0f32,Election-result table with explanatory sentence; component evidence rather than a complete independent article.
mit_tech:article:75f4aa7516e0f600d93a0575,prior:12,confirmed_complete,Biotech Outfits Scramble To Reduce Ethanol Costs,mit_tech,US,2007-05-01,https://thetech.com/2007/05/01/ethanol-v127-n22,work_packages/M1_source_access/23_newspaper_acquisition_and_transition_20261005/transition_research/acquisition_followthrough_20261005/bodies/44218efd04e055e5d272d4a8_f941b229dbaf.txt,work_packages/M1_source_access/23_newspaper_acquisition_and_transition_20261005/transition_research/acquisition_followthrough_20261005/bodies/44218efd04e055e5d272d4a8_f941b229dbaf.txt,mit_tech:article:75f4aa7516e0f600d93a0575,mit_tech:article:75f4aa7516e0f600d93a0575,"Selected saved publisher page contains one complete independent titled narrative/review/editorial/brief; source-native body boundary, opening and closing inspected. No length, byline, topic or affect gate."
mit_tech:article:7c3a7e8d906cb7bfa2f6a726,prior:13,non_article,Susanna “Zan” Barry,mit_tech,US,2007-08-30,https://thetech.com/2007/08/30/barry-info-v127-n34,,work_packages/M1_source_access/23_newspaper_acquisition_and_transition_20261005/transition_research/acquisition_followthrough_20261005/bodies/85f92532af29ccbe5840c509_b93d74e5ec1a.txt,mit_tech:article:7c3a7e8d906cb7bfa2f6a726,mit_tech:article:7c3a7e8d906cb7bfa2f6a726,"Labelled biographical/contact facts only; profile sidebar/directory component, not the complete accompanying feature."
mit_tech:article:9ab0edfdf1e6bf06765933d6,prior:14,confirmed_complete,In Short,mit_tech,US,2007-08-30,https://thetech.com/2007/08/30/inshort-v127-n34,work_packages/M1_source_access/23_newspaper_acquisition_and_transition_20261005/transition_research/acquisition_followthrough_20261005/bodies/3636d77d9a485ec561c8e20f_450b7dbab007.txt,work_packages/M1_source_access/23_newspaper_acquisition_and_transition_20261005/transition_research/acquisition_followthrough_20261005/bodies/3636d77d9a485ec561c8e20f_450b7dbab007.txt,mit_tech:article:9ab0edfdf1e6bf06765933d6,mit_tech:article:9ab0edfdf1e6bf06765933d6,"Selected saved publisher page contains one complete independent titled narrative/review/editorial/brief; source-native body boundary, opening and closing inspected. No length, byline, topic or affect gate."
mit_tech:article:16edc8660a9c0e00e7a88e6d,prior:15,confirmed_complete,Dartmouth Governance Contested By Alumni,mit_tech,US,2007-08-30,https://thetech.com/2007/08/30/dartmouth-v127-n34,work_packages/M1_source_access/23_newspaper_acquisition_and_transition_20261005/transition_research/acquisition_followthrough_20261005/bodies/39e7d9de7964d1aa5c9b2ebe_6802ae1a301b.txt,work_packages/M1_source_access/23_newspaper_acquisition_and_transition_20261005/transition_research/acquisition_followthrough_20261005/bodies/39e7d9de7964d1aa5c9b2ebe_6802ae1a301b.txt,mit_tech:article:16edc8660a9c0e00e7a88e6d,mit_tech:article:16edc8660a9c0e00e7a88e6d,"Selected saved publisher page contains one complete independent titled narrative/review/editorial/brief; source-native body boundary, opening and closing inspected. No length, byline, topic or affect gate."
mit_tech:article:0ffa89566506b70e5cbe92ef,prior:16,pending,Body Identified as MIT Student Barclay,mit_tech,US,2007-10-06,https://thetech.com/2007/10/06/barclayupdate-v127-n19,,work_packages/M1_source_access/23_newspaper_acquisition_and_transition_20261005/transition_research/acquisition_followthrough_20261005/bodies/84772676a535a99030c72ee8_7538abf66fa9.txt,mit_tech:article:0ffa89566506b70e5cbe92ef,mit_tech:article:0ffa89566506b70e5cbe92ef,"Complete narrative is visible, but header/URL assign 2007-10-06 while body explicitly states original publication April 20, 2007 at 5:10 p.m.; cross-month publication/version mapping unresolved."
mit_tech:article:a33a8d0f3a11146a02057ac2,prior:17,confirmed_complete,"Microsoft Research Lab Will Expand To Cambridge, Conduct Academic Research",mit_tech,US,2008-02-05,https://thetech.com/2008/02/05/microsoftlab-v128-n1,work_packages/M1_source_access/23_newspaper_acquisition_and_transition_20261005/transition_research/acquisition_followthrough_20261005/bodies/e8032960cd22a7f14c9ed5da_ecb323826c47.txt,work_packages/M1_source_access/23_newspaper_acquisition_and_transition_20261005/transition_research/acquisition_followthrough_20261005/bodies/e8032960cd22a7f14c9ed5da_ecb323826c47.txt,mit_tech:article:a33a8d0f3a11146a02057ac2,mit_tech:article:a33a8d0f3a11146a02057ac2,"Selected saved publisher page contains one complete independent titled narrative/review/editorial/brief; source-native body boundary, opening and closing inspected. No length, byline, topic or affect gate."
mit_tech:article:22c73d43a6a65f594f5c1087,prior:18,pending,Commonwealth’s Memorandum In Opposition to Defendant’s Motion to Dismiss,mit_tech,US,2008-02-05,https://thetech.com/2008/02/05/simpson-motion-v128-n1,,work_packages/M1_source_access/23_newspaper_acquisition_and_transition_20261005/transition_research/acquisition_followthrough_20261005/bodies/58279907c223e12ead2d8b9f_5108925208f3.txt,mit_tech:article:22c73d43a6a65f594f5c1087,mit_tech:article:22c73d43a6a65f594f5c1087,Reproduced legal memorandum argument and conclusion. Whether this is the full original document or an excerpt/component is unresolved; newspaper carriage alone does not establish an independent complete newspaper article.
mit_tech:article:6baf7509fb154d300dc0278e,prior:19,confirmed_complete,MIT-Affiliated Research Center Builds an Energy-Saving City,mit_tech,US,2008-02-05,https://thetech.com/2008/02/05/solarcity-v128-n1,work_packages/M1_source_access/23_newspaper_acquisition_and_transition_20261005/transition_research/acquisition_followthrough_20261005/bodies/1f6cec0deaa0e98531177b31_e555053dd64d.txt,work_packages/M1_source_access/23_newspaper_acquisition_and_transition_20261005/transition_research/acquisition_followthrough_20261005/bodies/1f6cec0deaa0e98531177b31_e555053dd64d.txt,mit_tech:article:6baf7509fb154d300dc0278e,mit_tech:article:6baf7509fb154d300dc0278e,"Selected saved publisher page contains one complete independent titled narrative/review/editorial/brief; source-native body boundary, opening and closing inspected. No length, byline, topic or affect gate."
mit_tech:article:8c0cbc224307e402315e5ac5,prior:20,non_article,Oaz Nir G,mit_tech,US,2008-08-28,https://thetech.com/2008/08/28/nir-info-v128-n34,,work_packages/M1_source_access/23_newspaper_acquisition_and_transition_20261005/transition_research/acquisition_followthrough_20261005/bodies/385d18767f223bafac27f53f_fa39e7f9e683.txt,mit_tech:article:8c0cbc224307e402315e5ac5,mit_tech:article:8c0cbc224307e402315e5ac5,"Field, hometown, experience and email facts only; biographical sidebar/directory component."
mit_tech:article:f3f1fa65ed38b10294a06005,prior:21,confirmed_complete,Average SAT Scores Hold Steady Across the Nation,mit_tech,US,2008-08-28,https://thetech.com/2008/08/28/sat-v128-n34,work_packages/M1_source_access/23_newspaper_acquisition_and_transition_20261005/transition_research/acquisition_followthrough_20261005/bodies/537bbbc4f40c3fcf7a4fca42_928c01a128c7.txt,work_packages/M1_source_access/23_newspaper_acquisition_and_transition_20261005/transition_research/acquisition_followthrough_20261005/bodies/537bbbc4f40c3fcf7a4fca42_928c01a128c7.txt,mit_tech:article:f3f1fa65ed38b10294a06005,mit_tech:article:f3f1fa65ed38b10294a06005,"Selected saved publisher page contains one complete independent titled narrative/review/editorial/brief; source-native body boundary, opening and closing inspected. No length, byline, topic or affect gate."
mit_tech:article:075c6da6302bfdb6c7db8f7e,prior:22,confirmed_complete,An Increase in Female Applicants Seen for Class of 2012 Admissions,mit_tech,US,2008-08-28,https://thetech.com/2008/08/28/classof2012-v128-n34,work_packages/M1_source_access/23_newspaper_acquisition_and_transition_20261005/transition_research/acquisition_followthrough_20261005/bodies/27f9cb327a633f623a5e57e4_998d90e5d3d5.txt,work_packages/M1_source_access/23_newspaper_acquisition_and_transition_20261005/transition_research/acquisition_followthrough_20261005/bodies/27f9cb327a633f623a5e57e4_998d90e5d3d5.txt,mit_tech:article:075c6da6302bfdb6c7db8f7e,mit_tech:article:075c6da6302bfdb6c7db8f7e,"Selected saved publisher page contains one complete independent titled narrative/review/editorial/brief; source-native body boundary, opening and closing inspected. No length, byline, topic or affect gate."
mit_tech:article:9d0d21cb786d0741e9e9707b,prior:23,confirmed_complete,Experts Teach MIT Students How To ‘Dress for Success’ Over IAP,mit_tech,US,2009-02-03,https://thetech.com/2009/02/03/dress-v129-n1,work_packages/M1_source_access/23_newspaper_acquisition_and_transition_20261005/transition_research/acquisition_followthrough_20261005/bodies/626b7a87a1f495b3de877aa5_e9c3cdf00c39.txt,work_packages/M1_source_access/23_newspaper_acquisition_and_transition_20261005/transition_research/acquisition_followthrough_20261005/bodies/626b7a87a1f495b3de877aa5_e9c3cdf00c39.txt,mit_tech:article:9d0d21cb786d0741e9e9707b,mit_tech:article:9d0d21cb786d0741e9e9707b,"Selected saved publisher page contains one complete independent titled narrative/review/editorial/brief; source-native body boundary, opening and closing inspected. No length, byline, topic or affect gate."
mit_tech:article:d71c04a9d3bb607df25e3eae,prior:24,confirmed_complete,Faculty Will Vote on Plan to Change GIRs At Meeting This Week,mit_tech,US,2009-02-03,https://thetech.com/2009/02/03/girvote-v129-n1,work_packages/M1_source_access/23_newspaper_acquisition_and_transition_20261005/transition_research/acquisition_followthrough_20261005/bodies/ecf08895624cb3ca06646078_83718496a861.txt,work_packages/M1_source_access/23_newspaper_acquisition_and_transition_20261005/transition_research/acquisition_followthrough_20261005/bodies/ecf08895624cb3ca06646078_83718496a861.txt,mit_tech:article:d71c04a9d3bb607df25e3eae,mit_tech:article:d71c04a9d3bb607df25e3eae,"Selected saved publisher page contains one complete independent titled narrative/review/editorial/brief; source-native body boundary, opening and closing inspected. No length, byline, topic or affect gate."
mit_tech:article:be7ccc135110952c9d378bb4,prior:25,confirmed_complete,"Etiquette, Flirting, and Clothes Take The Spotlight at IAP Charm School",mit_tech,US,2009-02-03,https://thetech.com/2009/02/03/charmschool-v129-n1,work_packages/M1_source_access/23_newspaper_acquisition_and_transition_20261005/transition_research/acquisition_followthrough_20261005/bodies/035c373e19418fbd05a10c8e_44eac1b3c622.txt,work_packages/M1_source_access/23_newspaper_acquisition_and_transition_20261005/transition_research/acquisition_followthrough_20261005/bodies/035c373e19418fbd05a10c8e_44eac1b3c622.txt,mit_tech:article:be7ccc135110952c9d378bb4,mit_tech:article:be7ccc135110952c9d378bb4,"Selected saved publisher page contains one complete independent titled narrative/review/editorial/brief; source-native body boundary, opening and closing inspected. No length, byline, topic or affect gate."
mit_tech:article:842fda33c42044865d3fa79c,prior:26,confirmed_complete,Alpha Tau Omega Expelled from IFC Pending Appeal; New Fraternity Joins,mit_tech,US,2009-09-04,https://thetech.com/2009/09/04/ifcupdate-v129-n33,work_packages/M1_source_access/23_newspaper_acquisition_and_transition_20261005/transition_research/acquisition_followthrough_20261005/bodies/076b6e813ad0e1be81e5d512_1952b3aa81ee.txt,work_packages/M1_source_access/23_newspaper_acquisition_and_transition_20261005/transition_research/acquisition_followthrough_20261005/bodies/076b6e813ad0e1be81e5d512_1952b3aa81ee.txt,mit_tech:article:842fda33c42044865d3fa79c,mit_tech:article:842fda33c42044865d3fa79c,"Selected saved publisher page contains one complete independent titled narrative/review/editorial/brief; source-native body boundary, opening and closing inspected. No length, byline, topic or affect gate."
mit_tech:article:b123e98b86b8bcc51709845d,prior:27,confirmed_complete,Massachusetts Hopes Another Kennedy Will Take Up Senate,mit_tech,US,2009-09-04,https://thetech.com/2009/09/04/kennedysenate-v129-n33,work_packages/M1_source_access/23_newspaper_acquisition_and_transition_20261005/transition_research/acquisition_followthrough_20261005/bodies/44aa03b2ad701e4958b0f26f_b9cba9b03846.txt,work_packages/M1_source_access/23_newspaper_acquisition_and_transition_20261005/transition_research/acquisition_followthrough_20261005/bodies/44aa03b2ad701e4958b0f26f_b9cba9b03846.txt,mit_tech:article:b123e98b86b8bcc51709845d,mit_tech:article:b123e98b86b8bcc51709845d,"Selected saved publisher page contains one complete independent titled narrative/review/editorial/brief; source-native body boundary, opening and closing inspected. No length, byline, topic or affect gate."
mit_tech:article:4d705c2f7408a486ee2c5755,prior:28,confirmed_complete,Some Parents Worry That Obama’s Tues. Speech Will Indoctrinate Their Children,mit_tech,US,2009-09-04,https://thetech.com/2009/09/04/obamaschool-v129-n33,work_packages/M1_source_access/23_newspaper_acquisition_and_transition_20261005/transition_research/acquisition_followthrough_20261005/bodies/2098ebdc7650f02575bc0ff0_291862fbfb02.txt,work_packages/M1_source_access/23_newspaper_acquisition_and_transition_20261005/transition_research/acquisition_followthrough_20261005/bodies/2098ebdc7650f02575bc0ff0_291862fbfb02.txt,mit_tech:article:4d705c2f7408a486ee2c5755,mit_tech:article:4d705c2f7408a486ee2c5755,"Selected saved publisher page contains one complete independent titled narrative/review/editorial/brief; source-native body boundary, opening and closing inspected. No length, byline, topic or affect gate."
mit_tech:article:d0603c3eab4da98930786824,prior:29,confirmed_complete,Howard Johnson,mit_tech,US,2010-02-02,https://thetech.com/2010/02/02/howardjohnson-v130-n1,work_packages/M1_source_access/23_newspaper_acquisition_and_transition_20261005/transition_research/acquisition_followthrough_20261005/bodies/3c53a43516d201718546f5ed_3f42b95fe103.txt,work_packages/M1_source_access/23_newspaper_acquisition_and_transition_20261005/transition_research/acquisition_followthrough_20261005/bodies/3c53a43516d201718546f5ed_3f42b95fe103.txt,mit_tech:article:d0603c3eab4da98930786824,mit_tech:article:d0603c3eab4da98930786824,"Selected saved publisher page contains one complete independent titled narrative/review/editorial/brief; source-native body boundary, opening and closing inspected. No length, byline, topic or affect gate."
mit_tech:article:76175b592ffb07052254ff6c,prior:30,confirmed_complete,Tech debuts new look,mit_tech,US,2010-02-02,https://thetech.com/2010/02/02/redesign-v130-n1,work_packages/M1_source_access/23_newspaper_acquisition_and_transition_20261005/transition_research/acquisition_followthrough_20261005/bodies/6d8709332f04756fadc6ff9a_df0684212fba.txt,work_packages/M1_source_access/23_newspaper_acquisition_and_transition_20261005/transition_research/acquisition_followthrough_20261005/bodies/6d8709332f04756fadc6ff9a_df0684212fba.txt,mit_tech:article:76175b592ffb07052254ff6c,mit_tech:article:76175b592ffb07052254ff6c,"Selected saved publisher page contains one complete independent titled narrative/review/editorial/brief; source-native body boundary, opening and closing inspected. No length, byline, topic or affect gate."
mit_tech:article:02f7730771a7f4254cf21a09,prior:31,confirmed_complete,Team 9 wins annual Maslab competition,mit_tech,US,2010-02-02,https://thetech.com/2010/02/02/maslab-v130-n1,work_packages/M1_source_access/23_newspaper_acquisition_and_transition_20261005/transition_research/acquisition_followthrough_20261005/bodies/eded9aa1b82737696ff28294_a0532b7c6901.txt,work_packages/M1_source_access/23_newspaper_acquisition_and_transition_20261005/transition_research/acquisition_followthrough_20261005/bodies/eded9aa1b82737696ff28294_a0532b7c6901.txt,mit_tech:article:02f7730771a7f4254cf21a09,mit_tech:article:02f7730771a7f4254cf21a09,"Selected saved publisher page contains one complete independent titled narrative/review/editorial/brief; source-native body boundary, opening and closing inspected. No length, byline, topic or affect gate."
mit_tech:article:86e40c211219f89d6abec521,prior:32,confirmed_complete,Art programs get moved around in reorganization,mit_tech,US,2010-09-03,https://thetech.com/2010/09/03/artchanges-v130-n33,work_packages/M1_source_access/23_newspaper_acquisition_and_transition_20261005/transition_research/acquisition_followthrough_20261005/bodies/2474d96f33f10b2c4a8d4d0e_0008c374ad1a.txt,work_packages/M1_source_access/23_newspaper_acquisition_and_transition_20261005/transition_research/acquisition_followthrough_20261005/bodies/2474d96f33f10b2c4a8d4d0e_0008c374ad1a.txt,mit_tech:article:86e40c211219f89d6abec521,mit_tech:article:86e40c211219f89d6abec521,"Selected saved publisher page contains one complete independent titled narrative/review/editorial/brief; source-native body boundary, opening and closing inspected. No length, byline, topic or affect gate."
mit_tech:article:07d420d0e60c42e1bc2dd042,prior:33,confirmed_complete,Final report is released for Fall 2011 dining plan,mit_tech,US,2010-09-03,https://thetech.com/2010/09/03/dining-v130-n33,work_packages/M1_source_access/23_newspaper_acquisition_and_transition_20261005/transition_research/acquisition_followthrough_20261005/bodies/7d7393b4fcee61930ddc5bbc_baa6b57c8988.txt,work_packages/M1_source_access/23_newspaper_acquisition_and_transition_20261005/transition_research/acquisition_followthrough_20261005/bodies/7d7393b4fcee61930ddc5bbc_baa6b57c8988.txt,mit_tech:article:07d420d0e60c42e1bc2dd042,mit_tech:article:07d420d0e60c42e1bc2dd042,"Selected saved publisher page contains one complete independent titled narrative/review/editorial/brief; source-native body boundary, opening and closing inspected. No length, byline, topic or affect gate."
mit_tech:article:ff867e4da1fbbf5dc9126c68,prior:34,non_article,Fraternities,mit_tech,US,2010-09-03,https://thetech.com/2010/09/03/dc-fraternity-v130-n33,,work_packages/M1_source_access/23_newspaper_acquisition_and_transition_20261005/transition_research/acquisition_followthrough_20261005/bodies/a2cd9a55e695e950b40a6b05_58ce89e9bc83.txt,mit_tech:article:ff867e4da1fbbf5dc9126c68,mit_tech:article:ff867e4da1fbbf5dc9126c68,Fraternity event timetable; no independent article body.
mit_tech:article:c573458b3cb747ff9a2a7806,prior:35,confirmed_complete,"Varsity cuts, 18 months afterwards",mit_tech,US,2011-02-01,https://thetech.com/2011/02/01/sports1-v131-n1,work_packages/M1_source_access/23_newspaper_acquisition_and_transition_20261005/transition_research/acquisition_followthrough_20261005/bodies/4be78379b36cd7b06fdab55a_8751f86b283a.txt,work_packages/M1_source_access/23_newspaper_acquisition_and_transition_20261005/transition_research/acquisition_followthrough_20261005/bodies/4be78379b36cd7b06fdab55a_8751f86b283a.txt,mit_tech:article:c573458b3cb747ff9a2a7806,mit_tech:article:c573458b3cb747ff9a2a7806,"Selected saved publisher page contains one complete independent titled narrative/review/editorial/brief; source-native body boundary, opening and closing inspected. No length, byline, topic or affect gate."
mit_tech:article:b7533015f544926846b9dbb6,prior:36,confirmed_complete,Gates calls for final push to end polio,mit_tech,US,2011-02-01,https://thetech.com/2011/02/01/gatespolio-v131-n1,work_packages/M1_source_access/23_newspaper_acquisition_and_transition_20261005/transition_research/acquisition_followthrough_20261005/bodies/fd3ed0bbf477616972b8b8de_88da168027bf.txt,work_packages/M1_source_access/23_newspaper_acquisition_and_transition_20261005/transition_research/acquisition_followthrough_20261005/bodies/fd3ed0bbf477616972b8b8de_88da168027bf.txt,mit_tech:article:b7533015f544926846b9dbb6,mit_tech:article:b7533015f544926846b9dbb6,"Selected saved publisher page contains one complete independent titled narrative/review/editorial/brief; source-native body boundary, opening and closing inspected. No length, byline, topic or affect gate."
mit_tech:article:12768eaed32563dc0aead2e8,prior:37,confirmed_complete,"US pushes nuclear energy, but its projects lag",mit_tech,US,2011-02-01,https://thetech.com/2011/02/01/nuclearpower-v131-n1,work_packages/M1_source_access/23_newspaper_acquisition_and_transition_20261005/transition_research/acquisition_followthrough_20261005/bodies/af80b52ac1c015adfd36b165_9ac93fd737f7.txt,work_packages/M1_source_access/23_newspaper_acquisition_and_transition_20261005/transition_research/acquisition_followthrough_20261005/bodies/af80b52ac1c015adfd36b165_9ac93fd737f7.txt,mit_tech:article:12768eaed32563dc0aead2e8,mit_tech:article:12768eaed32563dc0aead2e8,"Selected saved publisher page contains one complete independent titled narrative/review/editorial/brief; source-native body boundary, opening and closing inspected. No length, byline, topic or affect gate."
mit_tech:article:5dbc35d1e9ef0e040ef1aced,prior:38,confirmed_complete,Pi Beta Phi earns residence,mit_tech,US,2011-09-02,https://thetech.com/2011/09/02/piphi-v131-n33,work_packages/M1_source_access/23_newspaper_acquisition_and_transition_20261005/transition_research/acquisition_followthrough_20261005/bodies/ae9f2020df13aec886027829_288bb2c5ce86.txt,work_packages/M1_source_access/23_newspaper_acquisition_and_transition_20261005/transition_research/acquisition_followthrough_20261005/bodies/ae9f2020df13aec886027829_288bb2c5ce86.txt,mit_tech:article:5dbc35d1e9ef0e040ef1aced,mit_tech:article:5dbc35d1e9ef0e040ef1aced,"Selected saved publisher page contains one complete independent titled narrative/review/editorial/brief; source-native body boundary, opening and closing inspected. No length, byline, topic or affect gate."
mit_tech:article:3a61e8fac996a02459cfc954,prior:39,confirmed_complete,"Baker, Maseeh top summer lottery",mit_tech,US,2011-09-02,https://thetech.com/2011/09/02/dormstats-v131-n33,work_packages/M1_source_access/23_newspaper_acquisition_and_transition_20261005/transition_research/acquisition_followthrough_20261005/bodies/44cc4483ec96f1955a3a0e6c_5c1789657a34.txt,work_packages/M1_source_access/23_newspaper_acquisition_and_transition_20261005/transition_research/acquisition_followthrough_20261005/bodies/44cc4483ec96f1955a3a0e6c_5c1789657a34.txt,mit_tech:article:3a61e8fac996a02459cfc954,mit_tech:article:3a61e8fac996a02459cfc954,"Selected saved publisher page contains one complete independent titled narrative/review/editorial/brief; source-native body boundary, opening and closing inspected. No length, byline, topic or affect gate."
mit_tech:article:c4bbf18d20b53c7022f4bf2d,prior:40,non_article,Fraternity Rush events,mit_tech,US,2011-09-02,https://thetech.com/2011/09/02/ifcdc-v131-n33,,work_packages/M1_source_access/23_newspaper_acquisition_and_transition_20261005/transition_research/acquisition_followthrough_20261005/bodies/0a497fed731839bfd7f88aed_dd2dade9f6e4.txt,mit_tech:article:c4bbf18d20b53c7022f4bf2d,mit_tech:article:c4bbf18d20b53c7022f4bf2d,Rush event timetable with extraction-style markers; no independent article body.
mit_tech:article:a06a8f2436d757435aab3266,prior:41,confirmed_complete,Questions raised over 2030 in FNL,mit_tech,US,2012-02-07,https://thetech.com/2012/02/07/fnl-v132-n1,work_packages/M1_source_access/23_newspaper_acquisition_and_transition_20261005/transition_research/acquisition_followthrough_20261005/bodies/1f3882f8dca830a296e5ee60_a2ec6d4e9e22.txt,work_packages/M1_source_access/23_newspaper_acquisition_and_transition_20261005/transition_research/acquisition_followthrough_20261005/bodies/1f3882f8dca830a296e5ee60_a2ec6d4e9e22.txt,mit_tech:article:a06a8f2436d757435aab3266,mit_tech:article:a06a8f2436d757435aab3266,"Selected saved publisher page contains one complete independent titled narrative/review/editorial/brief; source-native body boundary, opening and closing inspected. No length, byline, topic or affect gate."
mit_tech:article:d7de7806f72bd4037d4a54ca,prior:42,confirmed_complete,UA President Miramonti resigns,mit_tech,US,2012-02-07,https://thetech.com/2012/02/07/resignation-v132-n1,work_packages/M1_source_access/23_newspaper_acquisition_and_transition_20261005/transition_research/acquisition_followthrough_20261005/bodies/0bfbd1cddd48f452d00f4a19_0d99785b517e.txt,work_packages/M1_source_access/23_newspaper_acquisition_and_transition_20261005/transition_research/acquisition_followthrough_20261005/bodies/0bfbd1cddd48f452d00f4a19_0d99785b517e.txt,mit_tech:article:d7de7806f72bd4037d4a54ca,mit_tech:article:d7de7806f72bd4037d4a54ca,"Selected saved publisher page contains one complete independent titled narrative/review/editorial/brief; source-native body boundary, opening and closing inspected. No length, byline, topic or affect gate."
mit_tech:article:8f25b69a3c203f915b3c869b,prior:43,non_article,IN SHORT,mit_tech,US,2012-02-07,https://thetech.com/2012/02/07/inshort-v132-n1,,work_packages/M1_source_access/23_newspaper_acquisition_and_transition_20261005/transition_research/acquisition_followthrough_20261005/bodies/b7778a756ca4a67bf8cb186b_4d5512555388.txt,mit_tech:article:8f25b69a3c203f915b3c869b,mit_tech:article:8f25b69a3c203f915b3c869b,Unrelated event and deadline notices plus publisher tips footer.
mit_tech:article:b3cda44e6dc633c8f93d5200,prior:44,confirmed_complete,Freshmen move using FYRE,mit_tech,US,2012-08-31,https://thetech.com/2012/08/31/housing-v132-n33,work_packages/M1_source_access/23_newspaper_acquisition_and_transition_20261005/transition_research/acquisition_followthrough_20261005/bodies/a06c37faba8259918fb84746_53cb5cd7fea3.txt,work_packages/M1_source_access/23_newspaper_acquisition_and_transition_20261005/transition_research/acquisition_followthrough_20261005/bodies/a06c37faba8259918fb84746_53cb5cd7fea3.txt,mit_tech:article:b3cda44e6dc633c8f93d5200,mit_tech:article:b3cda44e6dc633c8f93d5200,"Selected saved publisher page contains one complete independent titled narrative/review/editorial/brief; source-native body boundary, opening and closing inspected. No length, byline, topic or affect gate."
mit_tech:article:664cc4a23896e1bae7928bc1,prior:45,confirmed_complete,IAP Subcommittee survey out,mit_tech,US,2012-08-31,https://thetech.com/2012/08/31/iap-v132-n33,work_packages/M1_source_access/23_newspaper_acquisition_and_transition_20261005/transition_research/acquisition_followthrough_20261005/bodies/70482beb86c3c54122d23736_de51cb41548c.txt,work_packages/M1_source_access/23_newspaper_acquisition_and_transition_20261005/transition_research/acquisition_followthrough_20261005/bodies/70482beb86c3c54122d23736_de51cb41548c.txt,mit_tech:article:664cc4a23896e1bae7928bc1,mit_tech:article:664cc4a23896e1bae7928bc1,"Selected saved publisher page contains one complete independent titled narrative/review/editorial/brief; source-native body boundary, opening and closing inspected. No length, byline, topic or affect gate."
mit_tech:article:bcbdd8817be31071512c3485,prior:46,pending,Intro to the Daily Confusion,mit_tech,US,2012-08-31,https://thetech.com/2012/08/31/dailyconfusion-intro-v132-n33,,work_packages/M1_source_access/23_newspaper_acquisition_and_transition_20261005/transition_research/acquisition_followthrough_20261005/bodies/94b21ab862b26a5113891970_888687f02286.txt,mit_tech:article:bcbdd8817be31071512c3485,mit_tech:article:bcbdd8817be31071512c3485,Introductory component directs readers to a multi-page rush schedule/map. Independence as a complete article rather than supplement preface is unresolved.
mit_tech:article:0a1f79de43e9f67c9aab00eb,prior:47,confirmed_complete,Winter storm Nemo to hit Cambridge tomorrow,mit_tech,US,2013-02-09,https://thetech.com/2013/02/09/snowstorm-v133-n1,work_packages/M1_source_access/23_newspaper_acquisition_and_transition_20261005/transition_research/acquisition_followthrough_20261005/bodies/5667f141e2452b9a99cbd587_ca7f808b2ac8.txt,work_packages/M1_source_access/23_newspaper_acquisition_and_transition_20261005/transition_research/acquisition_followthrough_20261005/bodies/5667f141e2452b9a99cbd587_ca7f808b2ac8.txt,mit_tech:article:0a1f79de43e9f67c9aab00eb,mit_tech:article:0a1f79de43e9f67c9aab00eb,"Selected saved publisher page contains one complete independent titled narrative/review/editorial/brief; source-native body boundary, opening and closing inspected. No length, byline, topic or affect gate."
mit_tech:article:161af03fa34b6691726b12bc,prior:48,confirmed_complete,Annual MLK exhibits opens,mit_tech,US,2013-02-05,https://thetech.com/2013/02/05/mlkclass-v133-n1,work_packages/M1_source_access/23_newspaper_acquisition_and_transition_20261005/transition_research/acquisition_followthrough_20261005/bodies/871885a1baf0a5b9eeb32425_65730c437c56.txt,work_packages/M1_source_access/23_newspaper_acquisition_and_transition_20261005/transition_research/acquisition_followthrough_20261005/bodies/871885a1baf0a5b9eeb32425_65730c437c56.txt,mit_tech:article:161af03fa34b6691726b12bc,mit_tech:article:161af03fa34b6691726b12bc,"Selected saved publisher page contains one complete independent titled narrative/review/editorial/brief; source-native body boundary, opening and closing inspected. No length, byline, topic or affect gate."
mit_tech:article:f335015219d23da40421e6f8,prior:49,confirmed_complete,Gaggle cops 133rd Managing Board elections,mit_tech,US,2013-02-05,https://thetech.com/2013/02/05/gaggle-v133-n1,work_packages/M1_source_access/23_newspaper_acquisition_and_transition_20261005/transition_research/acquisition_followthrough_20261005/bodies/cef19081aecc4aa2058342b2_56fe29d6a4fb.txt,work_packages/M1_source_access/23_newspaper_acquisition_and_transition_20261005/transition_research/acquisition_followthrough_20261005/bodies/cef19081aecc4aa2058342b2_56fe29d6a4fb.txt,mit_tech:article:f335015219d23da40421e6f8,mit_tech:article:f335015219d23da40421e6f8,"Selected saved publisher page contains one complete independent titled narrative/review/editorial/brief; source-native body boundary, opening and closing inspected. No length, byline, topic or affect gate."
indaily:article:545f6c7c1d3b232043c2c8ed,prior:50,confirmed_complete,IT project stalls as company collapses,indaily,AU,2013-07-25,https://www.indailysa.com.au/news/archive/2013/07/25/it-project-stalls-as-company-collapses,work_packages/M1_source_access/23_newspaper_acquisition_and_transition_20261005/transition_research/acquisition_followthrough_20261005/bodies/5d58c684e5a28b4da4a9a005_51cd4e2f28f2.txt,work_packages/M1_source_access/23_newspaper_acquisition_and_transition_20261005/transition_research/acquisition_followthrough_20261005/bodies/5d58c684e5a28b4da4a9a005_51cd4e2f28f2.txt,indaily:article:545f6c7c1d3b232043c2c8ed,indaily:article:545f6c7c1d3b232043c2c8ed,"Selected saved publisher page contains one complete independent titled narrative/review/editorial/brief; source-native body boundary, opening and closing inspected. No length, byline, topic or affect gate."
mit_tech:article:f7a4e91d13805a3a58c0e5e7,prior:51,confirmed_complete,Collier officially Somerville officer,mit_tech,US,2013-08-30,https://thetech.com/2013/08/30/collier-v133-n33,work_packages/M1_source_access/23_newspaper_acquisition_and_transition_20261005/transition_research/acquisition_followthrough_20261005/bodies/2ca461a98bbe83277192815f_9b749c812909.txt,work_packages/M1_source_access/23_newspaper_acquisition_and_transition_20261005/transition_research/acquisition_followthrough_20261005/bodies/2ca461a98bbe83277192815f_9b749c812909.txt,mit_tech:article:f7a4e91d13805a3a58c0e5e7,mit_tech:article:f7a4e91d13805a3a58c0e5e7,"Selected saved publisher page contains one complete independent titled narrative/review/editorial/brief; source-native body boundary, opening and closing inspected. No length, byline, topic or affect gate."
mit_tech:article:3832484185e6f349b776658e,prior:52,non_article,IN SHORT,mit_tech,US,2013-08-30,https://thetech.com/2013/08/30/inshort-v133-n33,,work_packages/M1_source_access/23_newspaper_acquisition_and_transition_20261005/transition_research/acquisition_followthrough_20261005/bodies/ee6d0138b71661a0758de607_235da4f3adea.txt,mit_tech:article:3832484185e6f349b776658e,mit_tech:article:3832484185e6f349b776658e,Unrelated campus notices plus publisher tips footer.
mit_tech:article:a58912b9920bc395e3cc0df2,prior:53,non_article,Graduate Student Orientation,mit_tech,US,2013-08-30,https://thetech.com/2013/08/30/gsc-v133-n33,,work_packages/M1_source_access/23_newspaper_acquisition_and_transition_20261005/transition_research/acquisition_followthrough_20261005/bodies/14660dda2028b6669454d150_6db018c4e24e.txt,mit_tech:article:a58912b9920bc395e3cc0df2,mit_tech:article:a58912b9920bc395e3cc0df2,Orientation event timetable; no independent article body.
mit_tech:article:7c214ce28bee246392e87943,prior:54,confirmed_complete,Gaggle cops 134th Managing Board elections,mit_tech,US,2014-02-04,https://thetech.com/2014/02/04/gaggle-v134-n1,work_packages/M1_source_access/23_newspaper_acquisition_and_transition_20261005/transition_research/acquisition_followthrough_20261005/bodies/2d172d739e9cd4cae651b729_b29ffecc4787.txt,work_packages/M1_source_access/23_newspaper_acquisition_and_transition_20261005/transition_research/acquisition_followthrough_20261005/bodies/2d172d739e9cd4cae651b729_b29ffecc4787.txt,mit_tech:article:7c214ce28bee246392e87943,mit_tech:article:7c214ce28bee246392e87943,"Selected saved publisher page contains one complete independent titled narrative/review/editorial/brief; source-native body boundary, opening and closing inspected. No length, byline, topic or affect gate."
mit_tech:article:17a2fcaf624709414171a82f,prior:55,confirmed_complete,Martin Schmidt named MIT provost,mit_tech,US,2014-02-04,https://thetech.com/2014/02/04/provost-v134-n1,work_packages/M1_source_access/23_newspaper_acquisition_and_transition_20261005/transition_research/acquisition_followthrough_20261005/bodies/b5912c595907ef00f656a276_39432846b4ff.txt,work_packages/M1_source_access/23_newspaper_acquisition_and_transition_20261005/transition_research/acquisition_followthrough_20261005/bodies/b5912c595907ef00f656a276_39432846b4ff.txt,mit_tech:article:17a2fcaf624709414171a82f,mit_tech:article:17a2fcaf624709414171a82f,"Selected saved publisher page contains one complete independent titled narrative/review/editorial/brief; source-native body boundary, opening and closing inspected. No length, byline, topic or affect gate."
mit_tech:article:4d18a77480db9f8c12c682b2,prior:56,confirmed_complete,Cynthia Barnhart named MIT chancellor,mit_tech,US,2014-02-04,https://thetech.com/2014/02/04/chancellor-v134-n1,work_packages/M1_source_access/23_newspaper_acquisition_and_transition_20261005/transition_research/acquisition_followthrough_20261005/bodies/3a8be84fb30171b33fd54e8f_dbc6b7a9a5f1.txt,work_packages/M1_source_access/23_newspaper_acquisition_and_transition_20261005/transition_research/acquisition_followthrough_20261005/bodies/3a8be84fb30171b33fd54e8f_dbc6b7a9a5f1.txt,mit_tech:article:4d18a77480db9f8c12c682b2,mit_tech:article:4d18a77480db9f8c12c682b2,"Selected saved publisher page contains one complete independent titled narrative/review/editorial/brief; source-native body boundary, opening and closing inspected. No length, byline, topic or affect gate."
mit_tech:article:1421ba35fb97a782b172d5e1,prior:57,non_article,Fraternity Rush Events,mit_tech,US,2014-08-29,https://thetech.com/2014/08/29/fraternityrush-v134-n33,,work_packages/M1_source_access/23_newspaper_acquisition_and_transition_20261005/transition_research/acquisition_followthrough_20261005/bodies/693c1fe9c6bed36af2f6ec04_1d79f612b952.txt,mit_tech:article:1421ba35fb97a782b172d5e1,mit_tech:article:1421ba35fb97a782b172d5e1,Fraternity rush event timetable; no independent article body.
mit_tech:article:bb16b4fa56eee58fc2834f16,prior:58,confirmed_complete,Task Force releases report on proposed education reforms,mit_tech,US,2014-08-29,https://thetech.com/2014/08/29/taskforce-v134-n33,work_packages/M1_source_access/23_newspaper_acquisition_and_transition_20261005/transition_research/acquisition_followthrough_20261005/bodies/a9b09059db869076d2521d88_a7d3238b4681.txt,work_packages/M1_source_access/23_newspaper_acquisition_and_transition_20261005/transition_research/acquisition_followthrough_20261005/bodies/a9b09059db869076d2521d88_a7d3238b4681.txt,mit_tech:article:bb16b4fa56eee58fc2834f16,mit_tech:article:bb16b4fa56eee58fc2834f16,"Selected saved publisher page contains one complete independent titled narrative/review/editorial/brief; source-native body boundary, opening and closing inspected. No length, byline, topic or affect gate."
mit_tech:article:383f86fc4197b66c0d6019dc,prior:59,non_article,Independent Living Group Rush Events,mit_tech,US,2014-08-29,https://thetech.com/2014/08/29/ilgrush-v134-n33,,work_packages/M1_source_access/23_newspaper_acquisition_and_transition_20261005/transition_research/acquisition_followthrough_20261005/bodies/b3f207cd1ec197a3e3318671_7f2b099e32d3.txt,mit_tech:article:383f86fc4197b66c0d6019dc,mit_tech:article:383f86fc4197b66c0d6019dc,Independent-living-group rush event timetable; no independent article body.
indaily:article:f0cb41ba60acb775fa78a231,prior:60,confirmed_complete,RAA extends roadside help to mobility scooters,indaily,AU,2014-11-13,https://www.indailysa.com.au/news/archive/2014/11/13/raa-extends-roadside-help-mobility-scooters,work_packages/M1_source_access/23_newspaper_acquisition_and_transition_20261005/transition_research/acquisition_followthrough_20261005/bodies/56ae4e866606c66e5ea57b61_58e1c941b5fa.txt,work_packages/M1_source_access/23_newspaper_acquisition_and_transition_20261005/transition_research/acquisition_followthrough_20261005/bodies/56ae4e866606c66e5ea57b61_58e1c941b5fa.txt,indaily:article:f0cb41ba60acb775fa78a231,indaily:article:f0cb41ba60acb775fa78a231,"Selected saved publisher page contains one complete independent titled narrative/review/editorial/brief; source-native body boundary, opening and closing inspected. No length, byline, topic or affect gate."
mit_tech:article:a7aa5b82d1c55a4c3c9a6603,prior:61,confirmed_complete,MIT being sued for 2009 suicide,mit_tech,US,2015-02-03,https://thetech.com/2015/02/03/lawsuit-v135-n1,work_packages/M1_source_access/23_newspaper_acquisition_and_transition_20261005/transition_research/acquisition_followthrough_20261005/bodies/1e9f290a201d37ddf4f27aeb_b0d9e8f10c35.txt,work_packages/M1_source_access/23_newspaper_acquisition_and_transition_20261005/transition_research/acquisition_followthrough_20261005/bodies/1e9f290a201d37ddf4f27aeb_b0d9e8f10c35.txt,mit_tech:article:a7aa5b82d1c55a4c3c9a6603,mit_tech:article:a7aa5b82d1c55a4c3c9a6603,"Selected saved publisher page contains one complete independent titled narrative/review/editorial/brief; source-native body boundary, opening and closing inspected. No length, byline, topic or affect gate."
mit_tech:article:c47e8ed0e9458d6274357c35,prior:62,confirmed_complete,Winter weather continues,mit_tech,US,2015-02-03,https://thetech.com/2015/02/03/weather-v135-n1,work_packages/M1_source_access/23_newspaper_acquisition_and_transition_20261005/transition_research/acquisition_followthrough_20261005/bodies/15355d3f6614f8f980e165bb_1adeb1c2a012.txt,work_packages/M1_source_access/23_newspaper_acquisition_and_transition_20261005/transition_research/acquisition_followthrough_20261005/bodies/15355d3f6614f8f980e165bb_1adeb1c2a012.txt,mit_tech:article:c47e8ed0e9458d6274357c35,mit_tech:article:c47e8ed0e9458d6274357c35,"Selected saved publisher page contains one complete independent titled narrative/review/editorial/brief; source-native body boundary, opening and closing inspected. No length, byline, topic or affect gate."
mit_tech:article:ae061ab1ddc1c9919a7254e9,prior:63,confirmed_complete,MIT affiliates named AIAA Fellows,mit_tech,US,2015-02-03,https://thetech.com/2015/02/03/fellows-v135-n1,work_packages/M1_source_access/23_newspaper_acquisition_and_transition_20261005/transition_research/acquisition_followthrough_20261005/bodies/1404d7b0e05371037fe006ee_7904eba8c1c7.txt,work_packages/M1_source_access/23_newspaper_acquisition_and_transition_20261005/transition_research/acquisition_followthrough_20261005/bodies/1404d7b0e05371037fe006ee_7904eba8c1c7.txt,mit_tech:article:ae061ab1ddc1c9919a7254e9,mit_tech:article:ae061ab1ddc1c9919a7254e9,"Selected saved publisher page contains one complete independent titled narrative/review/editorial/brief; source-native body boundary, opening and closing inspected. No length, byline, topic or affect gate."
mit_tech:article:adf224ba6ad1f14ece665504,prior:64,confirmed_complete,MindHandHeart expected to improve access to resources,mit_tech,US,2015-09-03,https://thetech.com/2015/09/03/mindhandheart-v135-n20,work_packages/M1_source_access/23_newspaper_acquisition_and_transition_20261005/transition_research/acquisition_followthrough_20261005/bodies/663e01f6946dc215d2367669_023aac8d1699.txt,work_packages/M1_source_access/23_newspaper_acquisition_and_transition_20261005/transition_research/acquisition_followthrough_20261005/bodies/663e01f6946dc215d2367669_023aac8d1699.txt,mit_tech:article:adf224ba6ad1f14ece665504,mit_tech:article:adf224ba6ad1f14ece665504,"Selected saved publisher page contains one complete independent titled narrative/review/editorial/brief; source-native body boundary, opening and closing inspected. No length, byline, topic or affect gate."
mit_tech:article:9cd1f93a4d86013a7133622b,prior:65,confirmed_complete,Rare hurricane hits Cape Verde,mit_tech,US,2015-09-03,https://thetech.com/2015/09/03/weather-v135-n20,work_packages/M1_source_access/23_newspaper_acquisition_and_transition_20261005/transition_research/acquisition_followthrough_20261005/bodies/158fdaba1c8ac1fc6aca9464_dddd444e43cf.txt,work_packages/M1_source_access/23_newspaper_acquisition_and_transition_20261005/transition_research/acquisition_followthrough_20261005/bodies/158fdaba1c8ac1fc6aca9464_dddd444e43cf.txt,mit_tech:article:9cd1f93a4d86013a7133622b,mit_tech:article:9cd1f93a4d86013a7133622b,"Selected saved publisher page contains one complete independent titled narrative/review/editorial/brief; source-native body boundary, opening and closing inspected. No length, byline, topic or affect gate."
mit_tech:article:39aacf9a486d12cb5d5c45c5,prior:66,confirmed_complete,DormCon organizes student-led training for Allied Barton workers,mit_tech,US,2015-09-03,https://thetech.com/2015/09/03/security-v135-n20,work_packages/M1_source_access/23_newspaper_acquisition_and_transition_20261005/transition_research/acquisition_followthrough_20261005/bodies/a06809abb109c1b6ca081c35_d408c5fe3d15.txt,work_packages/M1_source_access/23_newspaper_acquisition_and_transition_20261005/transition_research/acquisition_followthrough_20261005/bodies/a06809abb109c1b6ca081c35_d408c5fe3d15.txt,mit_tech:article:39aacf9a486d12cb5d5c45c5,mit_tech:article:39aacf9a486d12cb5d5c45c5,"Selected saved publisher page contains one complete independent titled narrative/review/editorial/brief; source-native body boundary, opening and closing inspected. No length, byline, topic or affect gate."
mit_tech:article:137d63743c7c231ef37759a1,prior:67,confirmed_complete,Letter from the Editor,mit_tech,US,2016-02-02,https://thetech.com/2016/02/02/letter136-v136-n1,work_packages/M1_source_access/23_newspaper_acquisition_and_transition_20261005/transition_research/acquisition_followthrough_20261005/bodies/285b5011dbb9d1568b8a75a5_9feb1d31b768.txt,work_packages/M1_source_access/23_newspaper_acquisition_and_transition_20261005/transition_research/acquisition_followthrough_20261005/bodies/285b5011dbb9d1568b8a75a5_9feb1d31b768.txt,mit_tech:article:137d63743c7c231ef37759a1,mit_tech:article:137d63743c7c231ef37759a1,"Selected saved publisher page contains one complete independent titled narrative/review/editorial/brief; source-native body boundary, opening and closing inspected. No length, byline, topic or affect gate."
mit_tech:article:dcc28fb0081984610657e946,prior:68,confirmed_complete,A May-like start to February,mit_tech,US,2016-02-02,https://thetech.com/2016/02/02/weather-v136-n1,work_packages/M1_source_access/23_newspaper_acquisition_and_transition_20261005/transition_research/acquisition_followthrough_20261005/bodies/86df6d76834b2a9aa3290d00_a23a10c35803.txt,work_packages/M1_source_access/23_newspaper_acquisition_and_transition_20261005/transition_research/acquisition_followthrough_20261005/bodies/86df6d76834b2a9aa3290d00_a23a10c35803.txt,mit_tech:article:dcc28fb0081984610657e946,mit_tech:article:dcc28fb0081984610657e946,"Selected saved publisher page contains one complete independent titled narrative/review/editorial/brief; source-native body boundary, opening and closing inspected. No length, byline, topic or affect gate."
mit_tech:article:72b849533d6d2d22910e3a69,prior:69,confirmed_complete,"New ‘Sandbox’ funds innovation, projects",mit_tech,US,2016-02-02,https://thetech.com/2016/02/02/sandbox-v136-n1,work_packages/M1_source_access/23_newspaper_acquisition_and_transition_20261005/transition_research/acquisition_followthrough_20261005/bodies/5e4493b933a25e7dc025c77e_6fcc0854fe78.txt,work_packages/M1_source_access/23_newspaper_acquisition_and_transition_20261005/transition_research/acquisition_followthrough_20261005/bodies/5e4493b933a25e7dc025c77e_6fcc0854fe78.txt,mit_tech:article:72b849533d6d2d22910e3a69,mit_tech:article:72b849533d6d2d22910e3a69,"Selected saved publisher page contains one complete independent titled narrative/review/editorial/brief; source-native body boundary, opening and closing inspected. No length, byline, topic or affect gate."
indaily:article:4ee8d84ec0d8b05b0fc78be4,prior:70,confirmed_complete,Barcelona’s 8-0 La Liga romp,indaily,AU,2016-04-21,https://www.indailysa.com.au/news/archive/2016/04/21/barcelonas-8-0-la-liga-romp,work_packages/M1_source_access/23_newspaper_acquisition_and_transition_20261005/transition_research/acquisition_followthrough_20261005/bodies/878783c43a4c47add53658fc_1b77111ce528.txt,work_packages/M1_source_access/23_newspaper_acquisition_and_transition_20261005/transition_research/acquisition_followthrough_20261005/bodies/878783c43a4c47add53658fc_1b77111ce528.txt,indaily:article:4ee8d84ec0d8b05b0fc78be4,indaily:article:4ee8d84ec0d8b05b0fc78be4,"Selected saved publisher page contains one complete independent titled narrative/review/editorial/brief; source-native body boundary, opening and closing inspected. No length, byline, topic or affect gate."
mit_tech:article:a589f6f7dad8901d49d63fe6,prior:71,confirmed_complete,Soap now provided in all dorm bathrooms,mit_tech,US,2016-09-01,https://thetech.com/2016/09/01/soap-bubbles-up-in-dorms,work_packages/M1_source_access/23_newspaper_acquisition_and_transition_20261005/transition_research/acquisition_followthrough_20261005/bodies/3fbc3b61db199ce37c1ff142_18898f0679e4.txt,work_packages/M1_source_access/23_newspaper_acquisition_and_transition_20261005/transition_research/acquisition_followthrough_20261005/bodies/3fbc3b61db199ce37c1ff142_18898f0679e4.txt,mit_tech:article:a589f6f7dad8901d49d63fe6,mit_tech:article:a589f6f7dad8901d49d63fe6,"Selected saved publisher page contains one complete independent titled narrative/review/editorial/brief; source-native body boundary, opening and closing inspected. No length, byline, topic or affect gate."
mit_tech:article:9424fccdb973fbf77b10bb40,prior:72,confirmed_complete,"Updated help-seeking policy protects student organizations from alcohol, drug sanctions",mit_tech,US,2016-09-01,https://thetech.com/2016/09/01/good-samaritan-amnesty-policy-fall-2016-update,work_packages/M1_source_access/23_newspaper_acquisition_and_transition_20261005/transition_research/acquisition_followthrough_20261005/bodies/fcbf12e5abc7f15285a60a5a_1640d057f19b.txt,work_packages/M1_source_access/23_newspaper_acquisition_and_transition_20261005/transition_research/acquisition_followthrough_20261005/bodies/fcbf12e5abc7f15285a60a5a_1640d057f19b.txt,mit_tech:article:9424fccdb973fbf77b10bb40,mit_tech:article:9424fccdb973fbf77b10bb40,"Selected saved publisher page contains one complete independent titled narrative/review/editorial/brief; source-native body boundary, opening and closing inspected. No length, byline, topic or affect gate."
mit_tech:article:3204ca36f065eb045419026d,prior:73,confirmed_complete,Several tropical cyclone basins become active,mit_tech,US,2016-09-01,https://thetech.com/2016/09/01/tropical-cyclone-basins-active,work_packages/M1_source_access/23_newspaper_acquisition_and_transition_20261005/transition_research/acquisition_followthrough_20261005/bodies/5dc8576067731d4ce4bd8673_b72a84cadd05.txt,work_packages/M1_source_access/23_newspaper_acquisition_and_transition_20261005/transition_research/acquisition_followthrough_20261005/bodies/5dc8576067731d4ce4bd8673_b72a84cadd05.txt,mit_tech:article:3204ca36f065eb045419026d,mit_tech:article:3204ca36f065eb045419026d,"Selected saved publisher page contains one complete independent titled narrative/review/editorial/brief; source-native body boundary, opening and closing inspected. No length, byline, topic or affect gate."
mit_tech:article:cef7b2075acfd25b8a47097e,prior:74,confirmed_complete,Planner creator petitions administration for support,mit_tech,US,2017-02-09,https://thetech.com/2017/02/09/planner-petitions-administration-support,work_packages/M1_source_access/23_newspaper_acquisition_and_transition_20261005/transition_research/acquisition_followthrough_20261005/bodies/c34d188bcf2c8fb34d88e158_944caf44b718.txt,work_packages/M1_source_access/23_newspaper_acquisition_and_transition_20261005/transition_research/acquisition_followthrough_20261005/bodies/c34d188bcf2c8fb34d88e158_944caf44b718.txt,mit_tech:article:cef7b2075acfd25b8a47097e,mit_tech:article:cef7b2075acfd25b8a47097e,"Selected saved publisher page contains one complete independent titled narrative/review/editorial/brief; source-native body boundary, opening and closing inspected. No length, byline, topic or affect gate."
mit_tech:article:42416177f8e70aa97f54be08,prior:75,confirmed_complete,Barnhart announces new location for dorm,mit_tech,US,2017-02-09,https://thetech.com/2017/02/09/forecast-construction-dormitory,work_packages/M1_source_access/23_newspaper_acquisition_and_transition_20261005/transition_research/acquisition_followthrough_20261005/bodies/e2e3e2161045289230a26e8b_5fdfab06a500.txt,work_packages/M1_source_access/23_newspaper_acquisition_and_transition_20261005/transition_research/acquisition_followthrough_20261005/bodies/e2e3e2161045289230a26e8b_5fdfab06a500.txt,mit_tech:article:42416177f8e70aa97f54be08,mit_tech:article:42416177f8e70aa97f54be08,"Selected saved publisher page contains one complete independent titled narrative/review/editorial/brief; source-native body boundary, opening and closing inspected. No length, byline, topic or affect gate."
mit_tech:article:47731ce57d7f6e45d0f854a2,prior:76,non_article,"IS&T relocation, shuttle changes, CAMIT grant due, open during snow",mit_tech,US,2017-02-09,https://thetech.com/2017/02/09/ist-shuttle-camit-snow,,work_packages/M1_source_access/23_newspaper_acquisition_and_transition_20261005/transition_research/acquisition_followthrough_20261005/bodies/9215245bfc228da83be96cbe_45f2b17b2e16.txt,mit_tech:article:47731ce57d7f6e45d0f854a2,mit_tech:article:47731ce57d7f6e45d0f854a2,"Unrelated closure, relocation, shuttle and deadline notices."
indaily:article:7ce3eb9463c85dd245a5db7f,prior:77,confirmed_complete,“I’m especially disappointed”: Lander warns Govt spin could undermine ICAC investigation,indaily,AU,2017-05-31,https://www.indailysa.com.au/news/archive/2017/05/31/im-especially-disappointed-lander-warns-govt-spin-undermine-icac-investigation,work_packages/M1_source_access/23_newspaper_acquisition_and_transition_20261005/transition_research/acquisition_followthrough_20261005/bodies/6e7d7d24dad8372b6d7f03e0_2e7f1cb2e731.txt,work_packages/M1_source_access/23_newspaper_acquisition_and_transition_20261005/transition_research/acquisition_followthrough_20261005/bodies/6e7d7d24dad8372b6d7f03e0_2e7f1cb2e731.txt,indaily:article:7ce3eb9463c85dd245a5db7f,indaily:article:7ce3eb9463c85dd245a5db7f,"Selected saved publisher page contains one complete independent titled narrative/review/editorial/brief; source-native body boundary, opening and closing inspected. No length, byline, topic or affect gate."
indaily:article:3f00aeeae9717a042ab12e04,prior:78,confirmed_complete,Asia’s growing appetite for kangaroo,indaily,AU,2017-06-05,https://www.indailysa.com.au/news/archive/2017/06/05/asias-growing-appetite-kangaroo,work_packages/M1_source_access/23_newspaper_acquisition_and_transition_20261005/transition_research/acquisition_followthrough_20261005/bodies/08bc405732b6ebbac9827cd9_8370a5f687fe.txt,work_packages/M1_source_access/23_newspaper_acquisition_and_transition_20261005/transition_research/acquisition_followthrough_20261005/bodies/08bc405732b6ebbac9827cd9_8370a5f687fe.txt,indaily:article:3f00aeeae9717a042ab12e04,indaily:article:3f00aeeae9717a042ab12e04,"Selected saved publisher page contains one complete independent titled narrative/review/editorial/brief; source-native body boundary, opening and closing inspected. No length, byline, topic or affect gate."
mit_tech:article:cb122f39d3976a64ac3166dd,prior:79,non_article,Registration deadline and Degree Application deadline Friday,mit_tech,US,2017-09-06,https://thetech.com/2017/09/06/registration-deadline-degree-application-deadline,,work_packages/M1_source_access/23_newspaper_acquisition_and_transition_20261005/transition_research/acquisition_followthrough_20261005/bodies/1ef0ba2bc2df34a6e1cb437d_2f3f2cbab268.txt,mit_tech:article:cb122f39d3976a64ac3166dd,mit_tech:article:cb122f39d3976a64ac3166dd,Unrelated registration and degree-application deadline notices.
mit_tech:article:3daa44831ed011f85a1ad98e,prior:80,confirmed_complete,MIT will fight for Dreamers in face of DACA repeal,mit_tech,US,2017-09-06,https://thetech.com/2017/09/06/daca-repeal-mit-response,work_packages/M1_source_access/23_newspaper_acquisition_and_transition_20261005/transition_research/acquisition_followthrough_20261005/bodies/7e9e47268546f9c7b10eefc4_f5c8725ffdcd.txt,work_packages/M1_source_access/23_newspaper_acquisition_and_transition_20261005/transition_research/acquisition_followthrough_20261005/bodies/7e9e47268546f9c7b10eefc4_f5c8725ffdcd.txt,mit_tech:article:3daa44831ed011f85a1ad98e,mit_tech:article:3daa44831ed011f85a1ad98e,"Selected saved publisher page contains one complete independent titled narrative/review/editorial/brief; source-native body boundary, opening and closing inspected. No length, byline, topic or affect gate."
mit_tech:article:bdc3d1b45a43c0a2992ca2cc,prior:81,confirmed_complete,"For some MIT students, Harvey hits home",mit_tech,US,2017-09-06,https://thetech.com/2017/09/06/mit-harvey-response,work_packages/M1_source_access/23_newspaper_acquisition_and_transition_20261005/transition_research/acquisition_followthrough_20261005/bodies/f85d925ab55ee1382f2c6cf8_e0ce808b9e53.txt,work_packages/M1_source_access/23_newspaper_acquisition_and_transition_20261005/transition_research/acquisition_followthrough_20261005/bodies/f85d925ab55ee1382f2c6cf8_e0ce808b9e53.txt,mit_tech:article:bdc3d1b45a43c0a2992ca2cc,mit_tech:article:bdc3d1b45a43c0a2992ca2cc,"Selected saved publisher page contains one complete independent titled narrative/review/editorial/brief; source-native body boundary, opening and closing inspected. No length, byline, topic or affect gate."
indaily:article:8462df2103b7a85716f2109e,prior:82,confirmed_complete,Oakden ICAC report: What you need to know,indaily,AU,2018-02-28,https://www.indailysa.com.au/news/archive/2018/02/28/oakden-icac-report-need-know,work_packages/M1_source_access/23_newspaper_acquisition_and_transition_20261005/transition_research/acquisition_followthrough_20261005/bodies/c6620ecc52cd54390bb1e92e_e20dbd827243.txt,work_packages/M1_source_access/23_newspaper_acquisition_and_transition_20261005/transition_research/acquisition_followthrough_20261005/bodies/c6620ecc52cd54390bb1e92e_e20dbd827243.txt,indaily:article:8462df2103b7a85716f2109e,indaily:article:8462df2103b7a85716f2109e,"Selected saved publisher page contains one complete independent titled narrative/review/editorial/brief; source-native body boundary, opening and closing inspected. No length, byline, topic or affect gate."
mit_tech:article:04d18a3139f62f540faac03d,prior:83,confirmed_complete,"Community Climate Conversation brings together students, entrepreneurs, NGOs, investors",mit_tech,US,2018-02-08,https://thetech.com/2018/02/08/climate-conversation,work_packages/M1_source_access/23_newspaper_acquisition_and_transition_20261005/transition_research/acquisition_followthrough_20261005/bodies/e06ecdbd5d9928b616970d4e_e33e8e766321.txt,work_packages/M1_source_access/23_newspaper_acquisition_and_transition_20261005/transition_research/acquisition_followthrough_20261005/bodies/e06ecdbd5d9928b616970d4e_e33e8e766321.txt,mit_tech:article:04d18a3139f62f540faac03d,mit_tech:article:04d18a3139f62f540faac03d,"Selected saved publisher page contains one complete independent titled narrative/review/editorial/brief; source-native body boundary, opening and closing inspected. No length, byline, topic or affect gate."
mit_tech:article:9f7837163ee1cadcf9ddc2ae,prior:84,confirmed_complete,Active weather pattern continues,mit_tech,US,2018-02-08,https://thetech.com/2018/02/08/weather-v138-n1,work_packages/M1_source_access/23_newspaper_acquisition_and_transition_20261005/transition_research/acquisition_followthrough_20261005/bodies/3e0e0f2de3358973daacb0bb_562b73050584.txt,work_packages/M1_source_access/23_newspaper_acquisition_and_transition_20261005/transition_research/acquisition_followthrough_20261005/bodies/3e0e0f2de3358973daacb0bb_562b73050584.txt,mit_tech:article:9f7837163ee1cadcf9ddc2ae,mit_tech:article:9f7837163ee1cadcf9ddc2ae,"Selected saved publisher page contains one complete independent titled narrative/review/editorial/brief; source-native body boundary, opening and closing inspected. No length, byline, topic or affect gate."
indaily:article:4f6d269c13f58df2c7ee8c07,prior:85,confirmed_complete,"For Jay, ‘sorry’ seems to be the easiest word",indaily,AU,2018-03-01,https://www.indailysa.com.au/news/archive/2018/03/01/jay-weatherill-sorry,work_packages/M1_source_access/23_newspaper_acquisition_and_transition_20261005/transition_research/acquisition_followthrough_20261005/bodies/75a0d85baa63cf7be519133c_dc7ee0153ce8.txt,work_packages/M1_source_access/23_newspaper_acquisition_and_transition_20261005/transition_research/acquisition_followthrough_20261005/bodies/75a0d85baa63cf7be519133c_dc7ee0153ce8.txt,indaily:article:4f6d269c13f58df2c7ee8c07,indaily:article:4f6d269c13f58df2c7ee8c07,"Selected saved publisher page contains one complete independent titled narrative/review/editorial/brief; source-native body boundary, opening and closing inspected. No length, byline, topic or affect gate."
mit_tech:article:788c66b53a74ad651d4e3bc7,prior:86,non_article,"Career Fair, UA committee applications, UROP deadline",mit_tech,US,2018-09-18,https://thetech.com/2018/09/18/in-short-v138-n19,,work_packages/M1_source_access/23_newspaper_acquisition_and_transition_20261005/transition_research/acquisition_followthrough_20261005/bodies/fc02e55acb9b91b52c30f0c0_ba0a9e7d8c83.txt,mit_tech:article:788c66b53a74ad651d4e3bc7,mit_tech:article:788c66b53a74ad651d4e3bc7,"Unrelated career fair, committee and UROP notices plus publisher footer."
mit_tech:article:9842b6d45de245f438e38433,prior:87,confirmed_complete,Florence’s moisture targets the Northeast,mit_tech,US,2018-09-18,https://thetech.com/2018/09/18/weather-v138-n19,work_packages/M1_source_access/23_newspaper_acquisition_and_transition_20261005/transition_research/acquisition_followthrough_20261005/bodies/3223bc00998c9ba3733424ba_75ecceccdcba.txt,work_packages/M1_source_access/23_newspaper_acquisition_and_transition_20261005/transition_research/acquisition_followthrough_20261005/bodies/3223bc00998c9ba3733424ba_75ecceccdcba.txt,mit_tech:article:9842b6d45de245f438e38433,mit_tech:article:9842b6d45de245f438e38433,"Selected saved publisher page contains one complete independent titled narrative/review/editorial/brief; source-native body boundary, opening and closing inspected. No length, byline, topic or affect gate."
mit_tech:article:8e2505bc3ce973c50aa4553a,prior:88,confirmed_complete,Neural network visualization project wins at HackMIT,mit_tech,US,2018-09-17,https://thetech.com/2018/09/17/hack-mit-2018,work_packages/M1_source_access/23_newspaper_acquisition_and_transition_20261005/transition_research/acquisition_followthrough_20261005/bodies/e9caed05c592e8132dbc4c6d_a1c351386d23.txt,work_packages/M1_source_access/23_newspaper_acquisition_and_transition_20261005/transition_research/acquisition_followthrough_20261005/bodies/e9caed05c592e8132dbc4c6d_a1c351386d23.txt,mit_tech:article:8e2505bc3ce973c50aa4553a,mit_tech:article:8e2505bc3ce973c50aa4553a,"Selected saved publisher page contains one complete independent titled narrative/review/editorial/brief; source-native body boundary, opening and closing inspected. No length, byline, topic or affect gate."
mit_tech:article:f16342a5cb57f9abfd08f047,prior:89,confirmed_complete,"Cool, calm weekend ahead",mit_tech,US,2019-02-07,https://thetech.com/2019/02/07/weather-v139-n1,work_packages/M1_source_access/23_newspaper_acquisition_and_transition_20261005/transition_research/acquisition_followthrough_20261005/bodies/4b1bc451193cbe33d2d4d7f4_1f4bbf51516b.txt,work_packages/M1_source_access/23_newspaper_acquisition_and_transition_20261005/transition_research/acquisition_followthrough_20261005/bodies/4b1bc451193cbe33d2d4d7f4_1f4bbf51516b.txt,mit_tech:article:f16342a5cb57f9abfd08f047,mit_tech:article:f16342a5cb57f9abfd08f047,"Selected saved publisher page contains one complete independent titled narrative/review/editorial/brief; source-native body boundary, opening and closing inspected. No length, byline, topic or affect gate."
mit_tech:article:e732e6484af9670047838913,prior:90,non_article,"Spring registration, blood drive, PE classes",mit_tech,US,2019-02-07,https://thetech.com/2019/02/07/in-short-v139-n1,,work_packages/M1_source_access/23_newspaper_acquisition_and_transition_20261005/transition_research/acquisition_followthrough_20261005/bodies/d7bde94cf700b93494ab0a35_9b6fa7a35d9d.txt,mit_tech:article:e732e6484af9670047838913,mit_tech:article:e732e6484af9670047838913,"Unrelated registration, blood drive and PE notices plus publisher footer."
mit_tech:article:32d6fc64de4cad2c68e8458f,prior:91,confirmed_complete,Swastika drawn on Black History Month poster,mit_tech,US,2019-02-07,https://thetech.com/2019/02/07/swastika-on-black-hack,work_packages/M1_source_access/23_newspaper_acquisition_and_transition_20261005/transition_research/acquisition_followthrough_20261005/bodies/dee2cd56650e3b5c9ae3d68b_3ae4bd6cbdfc.txt,work_packages/M1_source_access/23_newspaper_acquisition_and_transition_20261005/transition_research/acquisition_followthrough_20261005/bodies/dee2cd56650e3b5c9ae3d68b_3ae4bd6cbdfc.txt,mit_tech:article:32d6fc64de4cad2c68e8458f,mit_tech:article:32d6fc64de4cad2c68e8458f,"Selected saved publisher page contains one complete independent titled narrative/review/editorial/brief; source-native body boundary, opening and closing inspected. No length, byline, topic or affect gate."
mit_tech:article:77eed3a4955bdf077142618e,prior:92,non_article,"IM sports, half-term add date, blood drive",mit_tech,US,2019-09-12,https://thetech.com/2019/09/12/in-short-v139-n18,,work_packages/M1_source_access/23_newspaper_acquisition_and_transition_20261005/transition_research/acquisition_followthrough_20261005/bodies/a9cf4ff746aa025a2d9df3af_ee70ed83b7ab.txt,mit_tech:article:77eed3a4955bdf077142618e,mit_tech:article:77eed3a4955bdf077142618e,"Unrelated sports, deadline and blood drive notices plus publisher footer."
mit_tech:article:3578ad4257b0541014f45a1a,prior:93,confirmed_complete,Several dorms experience difficulties with new laundry system,mit_tech,US,2019-09-12,https://thetech.com/2019/09/12/dorms-experience-issues-with-washlava,work_packages/M1_source_access/23_newspaper_acquisition_and_transition_20261005/transition_research/acquisition_followthrough_20261005/bodies/02bff675cc91e742f472c6d1_7693203836b6.txt,work_packages/M1_source_access/23_newspaper_acquisition_and_transition_20261005/transition_research/acquisition_followthrough_20261005/bodies/02bff675cc91e742f472c6d1_7693203836b6.txt,mit_tech:article:3578ad4257b0541014f45a1a,mit_tech:article:3578ad4257b0541014f45a1a,"Selected saved publisher page contains one complete independent titled narrative/review/editorial/brief; source-native body boundary, opening and closing inspected. No length, byline, topic or affect gate."
mit_tech:article:fcf3c0b4034b8e745cbddde7,prior:94,confirmed_complete,Eric Lander stands by denial of association with Epstein after photos surface,mit_tech,US,2019-09-12,https://thetech.com/2019/09/12/lander-denies-epstein-association-despite-photos,work_packages/M1_source_access/23_newspaper_acquisition_and_transition_20261005/transition_research/acquisition_followthrough_20261005/bodies/7583e30d547dc8eb20635b37_191f96578301.txt,work_packages/M1_source_access/23_newspaper_acquisition_and_transition_20261005/transition_research/acquisition_followthrough_20261005/bodies/7583e30d547dc8eb20635b37_191f96578301.txt,mit_tech:article:fcf3c0b4034b8e745cbddde7,mit_tech:article:fcf3c0b4034b8e745cbddde7,"Selected saved publisher page contains one complete independent titled narrative/review/editorial/brief; source-native body boundary, opening and closing inspected. No length, byline, topic or affect gate."
mit_tech:article:4d1f329d88c394bcfcd7b239,prior:95,non_article,"Registration deadline, PE, meal plan changes",mit_tech,US,2020-02-06,https://thetech.com/2020/02/06/in-short-v140-n1,,work_packages/M1_source_access/23_newspaper_acquisition_and_transition_20261005/transition_research/acquisition_followthrough_20261005/bodies/9d0fc22918859044e8ee0011_123f20ac2c5b.txt,mit_tech:article:4d1f329d88c394bcfcd7b239,mit_tech:article:4d1f329d88c394bcfcd7b239,"Unrelated registration, PE and meal-plan notices plus publisher footer."
indaily:article:fe0ea6431a4ec626e2d82fa7,prior:96,confirmed_complete,ICAC baton change a chance to review powers of office,indaily,AU,2020-07-28,https://www.indailysa.com.au/news/archive/2020/07/28/icac-baton-change-a-chance-to-review-powers-of-office,work_packages/M1_source_access/24_newspaper_coverage_successor_20261006/worker/article_baseline_v1/bodies/indaily_article_fe0ea6431a4ec626e2d82fa7.txt,work_packages/M1_source_access/24_newspaper_coverage_successor_20261006/worker/article_baseline_v1/bodies/indaily_article_fe0ea6431a4ec626e2d82fa7.txt,indaily:article:fe0ea6431a4ec626e2d82fa7,indaily:article:fe0ea6431a4ec626e2d82fa7,"Selected saved publisher page contains one complete independent titled narrative/review/editorial/brief; source-native body boundary, opening and closing inspected. No length, byline, topic or affect gate."
mit_tech:article:bc2225bbd1d5133bd126ece0,prior:97,confirmed_complete,The Chicks discover liberation in divorce,mit_tech,US,2020-07-31,https://thetech.com/2020/07/31/gaslighter-review,work_packages/M1_source_access/23_newspaper_acquisition_and_transition_20261005/transition_research/acquisition_followthrough_20261005/bodies/f2f70ce5011b148ae61539f4_d371e039f903.txt,work_packages/M1_source_access/23_newspaper_acquisition_and_transition_20261005/transition_research/acquisition_followthrough_20261005/bodies/f2f70ce5011b148ae61539f4_d371e039f903.txt,mit_tech:article:bc2225bbd1d5133bd126ece0,mit_tech:article:bc2225bbd1d5133bd126ece0,"Selected saved publisher page contains one complete independent titled narrative/review/editorial/brief; source-native body boundary, opening and closing inspected. No length, byline, topic or affect gate."
mit_tech:article:6c5ea4967624d7b781d43664,prior:98,confirmed_complete,‘folklore’: a melodic anthology of quarantine musings,mit_tech,US,2020-07-31,https://thetech.com/2020/07/31/folklore-review,work_packages/M1_source_access/23_newspaper_acquisition_and_transition_20261005/transition_research/acquisition_followthrough_20261005/bodies/4dbb01294d058e27c27547cd_79fbc07a10e3.txt,work_packages/M1_source_access/23_newspaper_acquisition_and_transition_20261005/transition_research/acquisition_followthrough_20261005/bodies/4dbb01294d058e27c27547cd_79fbc07a10e3.txt,mit_tech:article:6c5ea4967624d7b781d43664,mit_tech:article:6c5ea4967624d7b781d43664,"Selected saved publisher page contains one complete independent titled narrative/review/editorial/brief; source-native body boundary, opening and closing inspected. No length, byline, topic or affect gate."
mit_tech:article:89b279e4e79a70a6f81ccb37,prior:99,confirmed_complete,Massachusetts implements COVID-19 travel order for out-of-state visitors,mit_tech,US,2020-08-06,https://thetech.com/2020/08/06/mass-travel-order,work_packages/M1_source_access/23_newspaper_acquisition_and_transition_20261005/transition_research/acquisition_followthrough_20261005/bodies/288fc64fd9bc216f07d8f622_ef0ed6700d27.txt,work_packages/M1_source_access/23_newspaper_acquisition_and_transition_20261005/transition_research/acquisition_followthrough_20261005/bodies/288fc64fd9bc216f07d8f622_ef0ed6700d27.txt,mit_tech:article:89b279e4e79a70a6f81ccb37,mit_tech:article:89b279e4e79a70a6f81ccb37,"Selected saved publisher page contains one complete independent titled narrative/review/editorial/brief; source-native body boundary, opening and closing inspected. No length, byline, topic or affect gate."
mit_tech:article:4ad9a76eb58db563419c7747,prior:100,confirmed_complete,2.009 to be replaced with abridged 2.s009 in Fall 2020,mit_tech,US,2020-08-06,https://thetech.com/2020/08/06/2009-canceled-fall-20,work_packages/M1_source_access/23_newspaper_acquisition_and_transition_20261005/transition_research/acquisition_followthrough_20261005/bodies/aceb56d1b30298e7aaa68808_89411db2506b.txt,work_packages/M1_source_access/23_newspaper_acquisition_and_transition_20261005/transition_research/acquisition_followthrough_20261005/bodies/aceb56d1b30298e7aaa68808_89411db2506b.txt,mit_tech:article:4ad9a76eb58db563419c7747,mit_tech:article:4ad9a76eb58db563419c7747,"Selected saved publisher page contains one complete independent titled narrative/review/editorial/brief; source-native body boundary, opening and closing inspected. No length, byline, topic or affect gate."
mit_tech:article:b76d06f7058f8f865315966c,prior:101,confirmed_complete,DSL releases Fall 2020 on-campus COVID-19 policies,mit_tech,US,2020-08-06,https://thetech.com/2020/08/06/housing-policies-fall-20,work_packages/M1_source_access/23_newspaper_acquisition_and_transition_20261005/transition_research/acquisition_followthrough_20261005/bodies/6eb441dafa3e516f996e53c2_183fa88591da.txt,work_packages/M1_source_access/23_newspaper_acquisition_and_transition_20261005/transition_research/acquisition_followthrough_20261005/bodies/6eb441dafa3e516f996e53c2_183fa88591da.txt,mit_tech:article:b76d06f7058f8f865315966c,mit_tech:article:b76d06f7058f8f865315966c,"Selected saved publisher page contains one complete independent titled narrative/review/editorial/brief; source-native body boundary, opening and closing inspected. No length, byline, topic or affect gate."
mit_tech:article:8bd402257d240b8613aefe9e,prior:102,non_article,"Q-Week, PE classes, UROP Extended Direct Funding deadline",mit_tech,US,2021-02-18,https://thetech.com/2021/02/18/in-short-v141-n1,,work_packages/M1_source_access/23_newspaper_acquisition_and_transition_20261005/transition_research/acquisition_followthrough_20261005/bodies/307dc5ef8524af5c9100def2_2eb80e28f7c6.txt,mit_tech:article:8bd402257d240b8613aefe9e,mit_tech:article:8bd402257d240b8613aefe9e,"Unrelated quarantine-week, PE and UROP/deadline notices."
mit_tech:article:63b575a035104e327353786c,prior:103,confirmed_complete,First-year international students advised to follow Institute guidance when registering for classes,mit_tech,US,2021-02-18,https://thetech.com/2021/02/18/new-international-students-spring-21,work_packages/M1_source_access/23_newspaper_acquisition_and_transition_20261005/transition_research/acquisition_followthrough_20261005/bodies/04ba9cf25535b0e93bec6d58_02a7aa0540fd.txt,work_packages/M1_source_access/23_newspaper_acquisition_and_transition_20261005/transition_research/acquisition_followthrough_20261005/bodies/04ba9cf25535b0e93bec6d58_02a7aa0540fd.txt,mit_tech:article:63b575a035104e327353786c,mit_tech:article:63b575a035104e327353786c,"Selected saved publisher page contains one complete independent titled narrative/review/editorial/brief; source-native body boundary, opening and closing inspected. No length, byline, topic or affect gate."
mit_tech:article:4618cb434d3214dac09ae8aa,prior:104,confirmed_complete,2021 Commencement ceremony to be held online,mit_tech,US,2021-02-18,https://thetech.com/2021/02/18/2021-commencement-virtual,work_packages/M1_source_access/23_newspaper_acquisition_and_transition_20261005/transition_research/acquisition_followthrough_20261005/bodies/73155f3ed86c93ea3fe1f27a_d8708801f4a8.txt,work_packages/M1_source_access/23_newspaper_acquisition_and_transition_20261005/transition_research/acquisition_followthrough_20261005/bodies/73155f3ed86c93ea3fe1f27a_d8708801f4a8.txt,mit_tech:article:4618cb434d3214dac09ae8aa,mit_tech:article:4618cb434d3214dac09ae8aa,"Selected saved publisher page contains one complete independent titled narrative/review/editorial/brief; source-native body boundary, opening and closing inspected. No length, byline, topic or affect gate."
mit_tech:article:5925ccfdf17fa17db827bb2b,prior:105,confirmed_complete,"Fall 2021 COVID-19 policies, summarized",mit_tech,US,2021-09-08,https://thetech.com/2021/09/08/fall-21-covid-policies,work_packages/M1_source_access/23_newspaper_acquisition_and_transition_20261005/transition_research/acquisition_followthrough_20261005/bodies/111bf967b17cce61fb44a75c_08631ce46de4.txt,work_packages/M1_source_access/23_newspaper_acquisition_and_transition_20261005/transition_research/acquisition_followthrough_20261005/bodies/111bf967b17cce61fb44a75c_08631ce46de4.txt,mit_tech:article:5925ccfdf17fa17db827bb2b,mit_tech:article:5925ccfdf17fa17db827bb2b,"Selected saved publisher page contains one complete independent titled narrative/review/editorial/brief; source-native body boundary, opening and closing inspected. No length, byline, topic or affect gate."
mit_tech:article:6ff8ee103dc6579f3f33613c,prior:106,confirmed_complete,63 first years and 137 sophomores switch residences through FYRE and SYRE,mit_tech,US,2021-09-08,https://thetech.com/2021/09/08/rex-fyre-syre-2021,work_packages/M1_source_access/23_newspaper_acquisition_and_transition_20261005/transition_research/acquisition_followthrough_20261005/bodies/41d59373e116c5fdda1ec451_8b3a5738d9c7.txt,work_packages/M1_source_access/23_newspaper_acquisition_and_transition_20261005/transition_research/acquisition_followthrough_20261005/bodies/41d59373e116c5fdda1ec451_8b3a5738d9c7.txt,mit_tech:article:6ff8ee103dc6579f3f33613c,mit_tech:article:6ff8ee103dc6579f3f33613c,"Selected saved publisher page contains one complete independent titled narrative/review/editorial/brief; source-native body boundary, opening and closing inspected. No length, byline, topic or affect gate."
mit_tech:article:93a05cc7691fb469fd500cb2,prior:107,confirmed_complete,Hayden Library reopens after renovations,mit_tech,US,2021-09-08,https://thetech.com/2021/09/08/hayden-reopening,work_packages/M1_source_access/23_newspaper_acquisition_and_transition_20261005/transition_research/acquisition_followthrough_20261005/bodies/f836bce97fc7414e561e717a_628c7bdc5dfe.txt,work_packages/M1_source_access/23_newspaper_acquisition_and_transition_20261005/transition_research/acquisition_followthrough_20261005/bodies/f836bce97fc7414e561e717a_628c7bdc5dfe.txt,mit_tech:article:93a05cc7691fb469fd500cb2,mit_tech:article:93a05cc7691fb469fd500cb2,"Selected saved publisher page contains one complete independent titled narrative/review/editorial/brief; source-native body boundary, opening and closing inspected. No length, byline, topic or affect gate."
mit_tech:article:20f4f1ec128b472ecc231405,prior:108,confirmed_complete,Ad hoc working group charged to review MIT’s position on free expression,mit_tech,US,2022-02-03,https://thetech.com/2022/02/03/free-speech-working-group,work_packages/M1_source_access/23_newspaper_acquisition_and_transition_20261005/transition_research/acquisition_followthrough_20261005/bodies/0a815d7062949f2cf7328114_8c07bced9a6b.txt,work_packages/M1_source_access/23_newspaper_acquisition_and_transition_20261005/transition_research/acquisition_followthrough_20261005/bodies/0a815d7062949f2cf7328114_8c07bced9a6b.txt,mit_tech:article:20f4f1ec128b472ecc231405,mit_tech:article:20f4f1ec128b472ecc231405,"Selected saved publisher page contains one complete independent titled narrative/review/editorial/brief; source-native body boundary, opening and closing inspected. No length, byline, topic or affect gate."
mit_tech:article:60d8703adc5cc6c5c05a702d,prior:109,confirmed_complete,MIT refuses to recognize Graduate Student Union without an independent election,mit_tech,US,2022-02-03,https://thetech.com/2022/02/03/gsu-progress,work_packages/M1_source_access/23_newspaper_acquisition_and_transition_20261005/transition_research/acquisition_followthrough_20261005/bodies/ae6e3dfff00cd1e216e29687_fa589df16f34.txt,work_packages/M1_source_access/23_newspaper_acquisition_and_transition_20261005/transition_research/acquisition_followthrough_20261005/bodies/ae6e3dfff00cd1e216e29687_fa589df16f34.txt,mit_tech:article:60d8703adc5cc6c5c05a702d,mit_tech:article:60d8703adc5cc6c5c05a702d,"Selected saved publisher page contains one complete independent titled narrative/review/editorial/brief; source-native body boundary, opening and closing inspected. No length, byline, topic or affect gate."
mit_tech:article:0ddf6dd5baa676d643a0f81f,prior:110,confirmed_complete,Grant fraud case against mechanical engineering professor Gang Chen dismissed,mit_tech,US,2022-02-03,https://thetech.com/2022/02/03/chen-case-dismissed,work_packages/M1_source_access/23_newspaper_acquisition_and_transition_20261005/transition_research/acquisition_followthrough_20261005/bodies/68b098c90c6a9729c181b898_e32abbe8f39c.txt,work_packages/M1_source_access/23_newspaper_acquisition_and_transition_20261005/transition_research/acquisition_followthrough_20261005/bodies/68b098c90c6a9729c181b898_e32abbe8f39c.txt,mit_tech:article:0ddf6dd5baa676d643a0f81f,mit_tech:article:0ddf6dd5baa676d643a0f81f,"Selected saved publisher page contains one complete independent titled narrative/review/editorial/brief; source-native body boundary, opening and closing inspected. No length, byline, topic or affect gate."
indaily:article:a38ed92737a8979559b2d3e9,prior:111,confirmed_complete,Novavax approved as COVID-19 booster,indaily,AU,2022-06-14,https://www.indailysa.com.au/news/archive/2022/06/14/novavax-approved-as-covid-19-booster,work_packages/M1_source_access/23_newspaper_acquisition_and_transition_20261005/transition_research/acquisition_followthrough_20261005/bodies/9e4f291f60ffc98c8a95e8d6_8a0e670f0f54.txt,work_packages/M1_source_access/23_newspaper_acquisition_and_transition_20261005/transition_research/acquisition_followthrough_20261005/bodies/9e4f291f60ffc98c8a95e8d6_8a0e670f0f54.txt,indaily:article:a38ed92737a8979559b2d3e9,indaily:article:a38ed92737a8979559b2d3e9,"Selected saved publisher page contains one complete independent titled narrative/review/editorial/brief; source-native body boundary, opening and closing inspected. No length, byline, topic or affect gate."
mit_tech:article:25f3c60606aa1c3bdf2bbd62,prior:112,non_article,Activities Midway,mit_tech,US,2022-09-08,https://thetech.com/2022/09/08/activities-midway-2022,,work_packages/M1_source_access/23_newspaper_acquisition_and_transition_20261005/transition_research/acquisition_followthrough_20261005/bodies/dac0a6ec8ad6db8dcbb87118_e3b0c44298fc.txt,mit_tech:article:25f3c60606aa1c3bdf2bbd62,mit_tech:article:25f3c60606aa1c3bdf2bbd62,Saved body is empty and page is an activities component; complete article text is unavailable.
mit_tech:article:0326895452041b380a93cc08,prior:113,confirmed_complete,Burton Conner reopens to residents after renovation,mit_tech,US,2022-09-08,https://thetech.com/2022/09/08/renovated-bc-opens,work_packages/M1_source_access/23_newspaper_acquisition_and_transition_20261005/transition_research/acquisition_followthrough_20261005/bodies/48de9a9e4d1c2faff77f194c_c41f2247dad7.txt,work_packages/M1_source_access/23_newspaper_acquisition_and_transition_20261005/transition_research/acquisition_followthrough_20261005/bodies/48de9a9e4d1c2faff77f194c_c41f2247dad7.txt,mit_tech:article:0326895452041b380a93cc08,mit_tech:article:0326895452041b380a93cc08,"Selected saved publisher page contains one complete independent titled narrative/review/editorial/brief; source-native body boundary, opening and closing inspected. No length, byline, topic or affect gate."
mit_tech:article:12cda82489fdb2cfd2bff0b2,prior:114,confirmed_complete,Proposal for revised statement on freedom of expression and academic expression released,mit_tech,US,2022-09-08,https://thetech.com/2022/09/08/free-expression-group-statement,work_packages/M1_source_access/23_newspaper_acquisition_and_transition_20261005/transition_research/acquisition_followthrough_20261005/bodies/6f3d6126e9717ab4ec18d167_3831cf9671ec.txt,work_packages/M1_source_access/23_newspaper_acquisition_and_transition_20261005/transition_research/acquisition_followthrough_20261005/bodies/6f3d6126e9717ab4ec18d167_3831cf9671ec.txt,mit_tech:article:12cda82489fdb2cfd2bff0b2,mit_tech:article:12cda82489fdb2cfd2bff0b2,"Selected saved publisher page contains one complete independent titled narrative/review/editorial/brief; source-native body boundary, opening and closing inspected. No length, byline, topic or affect gate."
mit_tech:article:1050ebd3a8e7aaa90f9c2ae5,prior:115,non_article,"Registration deadline, xFair",mit_tech,US,2023-02-09,https://thetech.com/2023/02/09/in-short-v143-n1,,work_packages/M1_source_access/23_newspaper_acquisition_and_transition_20261005/transition_research/acquisition_followthrough_20261005/bodies/82cef42ec31e8ca3aa138458_310cfb9b4893.txt,mit_tech:article:1050ebd3a8e7aaa90f9c2ae5,mit_tech:article:1050ebd3a8e7aaa90f9c2ae5,Registration and xFair notices plus publisher footer.
mit_tech:article:95bccee2eb41453c145a139f,prior:116,confirmed_complete,Stratton Student Center closed indefinitely,mit_tech,US,2023-02-09,https://thetech.com/2023/02/09/stud-closes-after-cold-snap,work_packages/M1_source_access/23_newspaper_acquisition_and_transition_20261005/transition_research/acquisition_followthrough_20261005/bodies/8d0aa725a070486888b1db6e_4702abd6aac5.txt,work_packages/M1_source_access/23_newspaper_acquisition_and_transition_20261005/transition_research/acquisition_followthrough_20261005/bodies/8d0aa725a070486888b1db6e_4702abd6aac5.txt,mit_tech:article:95bccee2eb41453c145a139f,mit_tech:article:95bccee2eb41453c145a139f,"Selected saved publisher page contains one complete independent titled narrative/review/editorial/brief; source-native body boundary, opening and closing inspected. No length, byline, topic or affect gate."
mit_tech:article:f7f875e675cdb8111a6c1202,prior:117,confirmed_complete,MIT hosts first in-person Mystery Hunt in three years,mit_tech,US,2023-02-09,https://thetech.com/2023/02/09/in-person-mystery-hunt,work_packages/M1_source_access/23_newspaper_acquisition_and_transition_20261005/transition_research/acquisition_followthrough_20261005/bodies/03b0677d6bc363d7b7c7324c_41e1e8800cc5.txt,work_packages/M1_source_access/23_newspaper_acquisition_and_transition_20261005/transition_research/acquisition_followthrough_20261005/bodies/03b0677d6bc363d7b7c7324c_41e1e8800cc5.txt,mit_tech:article:f7f875e675cdb8111a6c1202,mit_tech:article:f7f875e675cdb8111a6c1202,"Selected saved publisher page contains one complete independent titled narrative/review/editorial/brief; source-native body boundary, opening and closing inspected. No length, byline, topic or affect gate."
indaily:article:d4b94dcdc79f3ee5606ab48a,prior:118,confirmed_complete,SA school period education is about to change,indaily,AU,2024-02-20,https://www.indailysa.com.au/news/just-in/2024/02/20/sa-school-period-education-is-about-to-change,work_packages/M1_source_access/23_newspaper_acquisition_and_transition_20261005/transition_research/acquisition_followthrough_20261005/bodies/9525a151e54211d4fa4247e4_42b28f266c68.txt,work_packages/M1_source_access/23_newspaper_acquisition_and_transition_20261005/transition_research/acquisition_followthrough_20261005/bodies/9525a151e54211d4fa4247e4_42b28f266c68.txt,indaily:article:d4b94dcdc79f3ee5606ab48a,indaily:article:d4b94dcdc79f3ee5606ab48a,"Selected saved publisher page contains one complete independent titled narrative/review/editorial/brief; source-native body boundary, opening and closing inspected. No length, byline, topic or affect gate."
mit_tech:article:6f47dc41e160dbfc5999284e,prior:119,confirmed_complete,The MIT community assesses strategies for reducing carbon footprint on campus,mit_tech,US,2024-02-08,https://thetech.com/2024/02/08/decarb-mit,work_packages/M1_source_access/23_newspaper_acquisition_and_transition_20261005/transition_research/acquisition_followthrough_20261005/bodies/7d7fd18983d3ce78bdecbf6a_ba6f2fddabe1.txt,work_packages/M1_source_access/23_newspaper_acquisition_and_transition_20261005/transition_research/acquisition_followthrough_20261005/bodies/7d7fd18983d3ce78bdecbf6a_ba6f2fddabe1.txt,mit_tech:article:6f47dc41e160dbfc5999284e,mit_tech:article:6f47dc41e160dbfc5999284e,"Selected saved publisher page contains one complete independent titled narrative/review/editorial/brief; source-native body boundary, opening and closing inspected. No length, byline, topic or affect gate."
mit_tech:article:3690f8953b3e488fededd14e,prior:120,confirmed_complete,MITHenge happens from Jan. 28 to Jan. 31,mit_tech,US,2024-02-08,https://thetech.com/2024/02/08/mit-henge-two,work_packages/M1_source_access/23_newspaper_acquisition_and_transition_20261005/transition_research/acquisition_followthrough_20261005/bodies/70f17d24a1c8249c30f2caae_82556cf6618f.txt,work_packages/M1_source_access/23_newspaper_acquisition_and_transition_20261005/transition_research/acquisition_followthrough_20261005/bodies/70f17d24a1c8249c30f2caae_82556cf6618f.txt,mit_tech:article:3690f8953b3e488fededd14e,mit_tech:article:3690f8953b3e488fededd14e,"Selected saved publisher page contains one complete independent titled narrative/review/editorial/brief; source-native body boundary, opening and closing inspected. No length, byline, topic or affect gate."
mit_tech:article:9d7b35d74b4c95800259f188,prior:121,confirmed_complete,Bad Ideas Weekend 2025 holds 28 events from Jan. 24 to Jan. 26,mit_tech,US,2025-02-06,https://thetech.com/2025/02/06/bad-ideas-weekend-2025,work_packages/M1_source_access/23_newspaper_acquisition_and_transition_20261005/transition_research/acquisition_followthrough_20261005/bodies/c05b69f495047c57a559a794_57b0270c58c5.txt,work_packages/M1_source_access/23_newspaper_acquisition_and_transition_20261005/transition_research/acquisition_followthrough_20261005/bodies/c05b69f495047c57a559a794_57b0270c58c5.txt,mit_tech:article:9d7b35d74b4c95800259f188,mit_tech:article:9d7b35d74b4c95800259f188,"Selected saved publisher page contains one complete independent titled narrative/review/editorial/brief; source-native body boundary, opening and closing inspected. No length, byline, topic or affect gate."
mit_tech:article:6bebee51850eb803b1f9d8be,prior:122,pending,Volume 144: Year in Review,mit_tech,US,2025-02-06,https://thetech.com/2025/02/06/year-in-review-2024,,work_packages/M1_source_access/23_newspaper_acquisition_and_transition_20261005/transition_research/acquisition_followthrough_20261005/bodies/93bdf6f1be5c4f632f149ef8_6beac9c4d3d0.txt,mit_tech:article:6bebee51850eb803b1f9d8be,mit_tech:article:6bebee51850eb803b1f9d8be,One page contains separate section-editor letters with independent signatures. Original item mapping remains unresolved; the collection is not counted as one article or split to supply another.
mit_tech:article:7d8e01a0047619a1ee8519ef,prior:123,confirmed_complete,Blue Bottle Independent Union workers conduct Jan. 25 Kendall Square walkout,mit_tech,US,2025-02-06,https://thetech.com/2025/02/06/bbiu-walkout,work_packages/M1_source_access/23_newspaper_acquisition_and_transition_20261005/transition_research/acquisition_followthrough_20261005/bodies/2f5e1833e4fc544b9a8d6caa_8295065019f9.txt,work_packages/M1_source_access/23_newspaper_acquisition_and_transition_20261005/transition_research/acquisition_followthrough_20261005/bodies/2f5e1833e4fc544b9a8d6caa_8295065019f9.txt,mit_tech:article:7d8e01a0047619a1ee8519ef,mit_tech:article:7d8e01a0047619a1ee8519ef,"Selected saved publisher page contains one complete independent titled narrative/review/editorial/brief; source-native body boundary, opening and closing inspected. No length, byline, topic or affect gate."
mit_tech:article:36a33d63db9da93760d0bfb5,prior:124,pending,Volume 145: Year in Review,mit_tech,US,2026-02-12,https://thetech.com/2026/02/12/year-in-review-2025,,work_packages/M1_source_access/23_newspaper_acquisition_and_transition_20261005/transition_research/acquisition_followthrough_20261005/bodies/f54bf5329a259b9b66bbca76_a936e56a30d2.txt,mit_tech:article:36a33d63db9da93760d0bfb5,mit_tech:article:36a33d63db9da93760d0bfb5,One page contains separately signed editor/section reflections. Original item mapping remains unresolved; the collection is not counted as one article or split to supply another.
mit_tech:article:b302503241fd0d7de0ae33a4,prior:125,confirmed_complete,"MIT kicks off 52nd annual celebration of Dr. Martin Luther King, Jr. with Feb. 5 speaker panel",mit_tech,US,2026-02-12,https://thetech.com/2026/02/12/mlk-speaker-panel,work_packages/M1_source_access/23_newspaper_acquisition_and_transition_20261005/transition_research/acquisition_followthrough_20261005/bodies/c4678dcde2c444dff2c4d243_c43f3f79e711.txt,work_packages/M1_source_access/23_newspaper_acquisition_and_transition_20261005/transition_research/acquisition_followthrough_20261005/bodies/c4678dcde2c444dff2c4d243_c43f3f79e711.txt,mit_tech:article:b302503241fd0d7de0ae33a4,mit_tech:article:b302503241fd0d7de0ae33a4,"Selected saved publisher page contains one complete independent titled narrative/review/editorial/brief; source-native body boundary, opening and closing inspected. No length, byline, topic or affect gate."
mit_tech:article:272d57b2fea68ff81f33b08a,prior:126,confirmed_complete,Katie Spivakovsky ’26 named 2026 Churchill Scholar,mit_tech,US,2026-02-12,https://thetech.com/2026/02/12/churchill-scholar-2026,work_packages/M1_source_access/23_newspaper_acquisition_and_transition_20261005/transition_research/acquisition_followthrough_20261005/bodies/01a841aea6bceee41f17c467_fad276721ca5.txt,work_packages/M1_source_access/23_newspaper_acquisition_and_transition_20261005/transition_research/acquisition_followthrough_20261005/bodies/01a841aea6bceee41f17c467_fad276721ca5.txt,mit_tech:article:272d57b2fea68ff81f33b08a,mit_tech:article:272d57b2fea68ff81f33b08a,"Selected saved publisher page contains one complete independent titled narrative/review/editorial/brief; source-native body boundary, opening and closing inspected. No length, byline, topic or affect gate."
mit_tech:article:1650b22b46041bdd77d761f5,prior:127,non_article,8/26 In Short,mit_tech,US,2026-08-27,https://thetech.com/2026/08/27/in-short-v146-n13,,work_packages/M1_source_access/23_newspaper_acquisition_and_transition_20261005/transition_research/acquisition_followthrough_20261005/bodies/40a10b6f6851c15cf7ced59d_e9371aa230b3.txt,mit_tech:article:1650b22b46041bdd77d761f5,mit_tech:article:1650b22b46041bdd77d761f5,"Unrelated orientation, registration and holiday notices plus publisher footer."
mit_tech:article:1f6db698c2487dfef0905e21,prior:128,confirmed_complete,A sunny start to the REX weekend,mit_tech,US,2026-08-27,https://thetech.com/2026/08/27/weather-v146-n13,work_packages/M1_source_access/23_newspaper_acquisition_and_transition_20261005/transition_research/acquisition_followthrough_20261005/bodies/d412f74e55abc02492e4609b_f1f678cc2f73.txt,work_packages/M1_source_access/23_newspaper_acquisition_and_transition_20261005/transition_research/acquisition_followthrough_20261005/bodies/d412f74e55abc02492e4609b_f1f678cc2f73.txt,mit_tech:article:1f6db698c2487dfef0905e21,mit_tech:article:1f6db698c2487dfef0905e21,"Selected saved publisher page contains one complete independent titled narrative/review/editorial/brief; source-native body boundary, opening and closing inspected. No length, byline, topic or affect gate."
mit_tech:article:2f4f18477c458595a5e86049,prior:129,confirmed_complete,A vote for Evan MacKay is a vote for justice,mit_tech,US,2026-08-23,https://thetech.com/2026/08/23/evan-mackay-2026,work_packages/M1_source_access/23_newspaper_acquisition_and_transition_20261005/transition_research/acquisition_followthrough_20261005/bodies/d12a926971ca6d0def42a11c_37a360666aaa.txt,work_packages/M1_source_access/23_newspaper_acquisition_and_transition_20261005/transition_research/acquisition_followthrough_20261005/bodies/d12a926971ca6d0def42a11c_37a360666aaa.txt,mit_tech:article:2f4f18477c458595a5e86049,mit_tech:article:2f4f18477c458595a5e86049,"Selected saved publisher page contains one complete independent titled narrative/review/editorial/brief; source-native body boundary, opening and closing inspected. No length, byline, topic or affect gate."
mit_tech:article:d62694536ea76099d097c770,prior:130,non_article,9/9 In Short,mit_tech,US,2026-09-10,https://thetech.com/2026/09/10/in-short-v146-n14,,work_packages/M1_source_access/23_newspaper_acquisition_and_transition_20261005/transition_research/acquisition_followthrough_20261005/bodies/8ab54e9fc9cd28b86e1f1342_b52af24f4b2e.txt,mit_tech:article:d62694536ea76099d097c770,mit_tech:article:d62694536ea76099d097c770,Unrelated registration and PE/deadline notices plus publisher footer.
mit_tech:article:5849b442f463e605767c9565,prior:131,confirmed_complete,"In Memoriam: Thomas Rose, archaeometallurgist and assistant professor of materials science",mit_tech,US,2026-09-10,https://thetech.com/2026/09/10/thomas-rose-obituary,work_packages/M1_source_access/23_newspaper_acquisition_and_transition_20261005/transition_research/acquisition_followthrough_20261005/bodies/e96d68e1d507fea2730f4256_64d6f9aee72a.txt,work_packages/M1_source_access/23_newspaper_acquisition_and_transition_20261005/transition_research/acquisition_followthrough_20261005/bodies/e96d68e1d507fea2730f4256_64d6f9aee72a.txt,mit_tech:article:5849b442f463e605767c9565,mit_tech:article:5849b442f463e605767c9565,"Selected saved publisher page contains one complete independent titled narrative/review/editorial/brief; source-native body boundary, opening and closing inspected. No length, byline, topic or affect gate."
mit_tech:article:4f5c076cb6d393c892b56a8c,prior:132,confirmed_complete,Weather turns cooler as we head into fall,mit_tech,US,2026-09-10,https://thetech.com/2026/09/10/weather-v146-n14,work_packages/M1_source_access/23_newspaper_acquisition_and_transition_20261005/transition_research/acquisition_followthrough_20261005/bodies/ca2f8bc46927684b1d96a3ed_c11d8f0424ff.txt,work_packages/M1_source_access/23_newspaper_acquisition_and_transition_20261005/transition_research/acquisition_followthrough_20261005/bodies/ca2f8bc46927684b1d96a3ed_c11d8f0424ff.txt,mit_tech:article:4f5c076cb6d393c892b56a8c,mit_tech:article:4f5c076cb6d393c892b56a8c,"Selected saved publisher page contains one complete independent titled narrative/review/editorial/brief; source-native body boundary, opening and closing inspected. No length, byline, topic or affect gate."
trinity_news:article:b6308f59104337bfa42f18bb,successor:0,confirmed_complete,The hidden barriers to travel for Trinity’s international students,trinity_news,EU/Europe excluding UK,2026-04-27,https://www.trinitynews.ie/2026/04/the-hidden-barriers-to-travel-for-trinitys-international-students/,work_packages/M1_source_access/24_newspaper_coverage_successor_20261006/worker/bodies/33b3923a3e362e1a49d46f7b_d3a1b66ac292.txt,work_packages/M1_source_access/24_newspaper_coverage_successor_20261006/worker/bodies/33b3923a3e362e1a49d46f7b_d3a1b66ac292.txt,trinity_news:article:b6308f59104337bfa42f18bb,trinity_news:article:b6308f59104337bfa42f18bb,"Selected saved publisher page contains one complete independent titled narrative/review/editorial/brief; source-native body boundary, opening and closing inspected. No length, byline, topic or affect gate."
trinity_news:article:01848b9afad93760a79ef06a,successor:1,confirmed_complete,Hope Denied: Inside Hafez Al-Rayyes’ struggle to secure his future and education in Ireland,trinity_news,EU/Europe excluding UK,2026-08-11,https://www.trinitynews.ie/2026/08/hope-denied-inside-hafez-al-rayyes-struggle-to-secure-his-future-and-education-in-ireland/,work_packages/M1_source_access/24_newspaper_coverage_successor_20261006/worker/bodies/1d7e5aabe4b0df875404e51c_cda991363e02.txt,work_packages/M1_source_access/24_newspaper_coverage_successor_20261006/worker/bodies/1d7e5aabe4b0df875404e51c_cda991363e02.txt,trinity_news:article:01848b9afad93760a79ef06a,trinity_news:article:01848b9afad93760a79ef06a,"Selected saved publisher page contains one complete independent titled narrative/review/editorial/brief; source-native body boundary, opening and closing inspected. No length, byline, topic or affect gate."
trinity_news:article:bfb9b58df177e66678dab32b,successor:2,pending,Summer with the Sabbats,trinity_news,EU/Europe excluding UK,2026-09-28,https://www.trinitynews.ie/2026/09/summer-with-the-sabbats/,,work_packages/M1_source_access/24_newspaper_coverage_successor_20261006/worker/bodies/b60bccb5442154e66e6aedcd_c2fdcaf7e076.txt,trinity_news:article:bfb9b58df177e66678dab32b,trinity_news:article:bfb9b58df177e66678dab32b,"Saved publisher timestamp is 2026-09-28, outside the fixed 2026-09-21 cutoff. Retained as historical out-of-interval evidence, not assessed as an eligible article candidate."
mit_tech:article:1d8048140cc900d0961dced1,successor:3,confirmed_complete,Joseph F. O'Connor,mit_tech,US,2007-07-06,https://thetech.com/2007/07/06/oconnorobituary-v127-n29,work_packages/M1_source_access/24_newspaper_coverage_successor_20261006/worker/bodies/7cf92b24a4e423338abf909e_4d9b00c3ed6e.txt,work_packages/M1_source_access/24_newspaper_coverage_successor_20261006/worker/bodies/7cf92b24a4e423338abf909e_4d9b00c3ed6e.txt,mit_tech:article:1d8048140cc900d0961dced1,mit_tech:article:1d8048140cc900d0961dced1,"Selected saved publisher page contains one complete independent titled narrative/review/editorial/brief; source-native body boundary, opening and closing inspected. No length, byline, topic or affect gate."
beaver:article:3895b8602736a9503cb15f92,successor:4,confirmed_complete,Dubai and the End of Bought Neutrality,beaver,UK,2026-04-14,https://thebeaverlse.co.uk/dubai-and-the-end-of-bought-neutrality/,work_packages/M1_source_access/24_newspaper_coverage_successor_20261006/worker/bodies/0383507f46c7645b78ac17e9_5888d63c9b16.txt,work_packages/M1_source_access/24_newspaper_coverage_successor_20261006/worker/bodies/0383507f46c7645b78ac17e9_5888d63c9b16.txt,beaver:article:3895b8602736a9503cb15f92,beaver:article:3895b8602736a9503cb15f92,"Selected saved publisher page contains one complete independent titled narrative/review/editorial/brief; source-native body boundary, opening and closing inspected. No length, byline, topic or affect gate."
mit_tech:article:bdddde1bbc011d5aa3debdb1,successor:5,confirmed_complete,"Drink Coffee, Have Fun, and  Don’t Forget to Count Your Blessings",mit_tech,US,2007-06-15,https://thetech.com/2007/06/15/commencement-weese-v127-n28,work_packages/M1_source_access/24_newspaper_coverage_successor_20261006/worker/bodies/062ca3d4f5b2c1600cbbf897_f4b454dccc95.txt,work_packages/M1_source_access/24_newspaper_coverage_successor_20261006/worker/bodies/062ca3d4f5b2c1600cbbf897_f4b454dccc95.txt,mit_tech:article:bdddde1bbc011d5aa3debdb1,mit_tech:article:bdddde1bbc011d5aa3debdb1,"Selected saved publisher page contains one complete independent titled narrative/review/editorial/brief; source-native body boundary, opening and closing inspected. No length, byline, topic or affect gate."
green_left:article:8c04e1da718f33154b119201,successor:6,confirmed_complete,Welcome to Green Left,green_left,AU,1991-02-18,https://www.greenleft.org.au/1991/1/news/welcome-green-left,work_packages/M1_source_access/24_newspaper_coverage_successor_20261006/worker/bodies/deae8d05fce8aa233829c6ca_374a691033c2.txt,work_packages/M1_source_access/24_newspaper_coverage_successor_20261006/worker/bodies/deae8d05fce8aa233829c6ca_374a691033c2.txt,green_left:article:8c04e1da718f33154b119201,green_left:article:8c04e1da718f33154b119201,"Selected saved publisher page contains one complete independent titled narrative/review/editorial/brief; source-native body boundary, opening and closing inspected. No length, byline, topic or affect gate."
trinity_news:article:adcc6dae3f73a1b63c1badca,successor:7,confirmed_complete,Easy access to information is dumbing down students,trinity_news,EU/Europe excluding UK,2008-10-13,https://www.trinitynews.ie/2008/10/easy-access-to-information-is-dumbing-down-students/,work_packages/M1_source_access/24_newspaper_coverage_successor_20261006/worker/bodies/88b3360ccaf1e022347a4fb6_dd7259c5dc9b.txt,work_packages/M1_source_access/24_newspaper_coverage_successor_20261006/worker/bodies/88b3360ccaf1e022347a4fb6_dd7259c5dc9b.txt,trinity_news:article:adcc6dae3f73a1b63c1badca,trinity_news:article:adcc6dae3f73a1b63c1badca,"Selected saved publisher page contains one complete independent titled narrative/review/editorial/brief; source-native body boundary, opening and closing inspected. No length, byline, topic or affect gate."
otago_daily_times:article:3555e3f0cad8c9b25c6c8a2f,successor:8,confirmed_complete,Welcome to our new site,otago_daily_times,NZ,2008-06-09,https://www.odt.co.nz/news/dunedin/welcome-to-our-new-site-t395flet,work_packages/M1_source_access/24_newspaper_coverage_successor_20261006/worker/bodies/58f50d15c1aa04f65316bd3c_817a86290684.txt,work_packages/M1_source_access/24_newspaper_coverage_successor_20261006/worker/bodies/58f50d15c1aa04f65316bd3c_817a86290684.txt,otago_daily_times:article:3555e3f0cad8c9b25c6c8a2f,otago_daily_times:article:3555e3f0cad8c9b25c6c8a2f,"Selected saved publisher page contains one complete independent titled narrative/review/editorial/brief; source-native body boundary, opening and closing inspected. No length, byline, topic or affect gate."
trinity_news:article:5a79eb1f1be9feef7dafa047,successor:9,confirmed_complete,"Breaking up is hard, but breaking up in public is worse",trinity_news,EU/Europe excluding UK,2008-11-10,https://www.trinitynews.ie/2008/11/breaking-up-is-hard-but-breaking-up-in-public-is-worse/,work_packages/M1_source_access/24_newspaper_coverage_successor_20261006/worker/bodies/ccf12355ef1b21b3cecdf8c5_4121e4d75537.txt,work_packages/M1_source_access/24_newspaper_coverage_successor_20261006/worker/bodies/ccf12355ef1b21b3cecdf8c5_4121e4d75537.txt,trinity_news:article:5a79eb1f1be9feef7dafa047,trinity_news:article:5a79eb1f1be9feef7dafa047,"Selected saved publisher page contains one complete independent titled narrative/review/editorial/brief; source-native body boundary, opening and closing inspected. No length, byline, topic or affect gate."
mancunion:article:7fd5834ea911dcb79146a6d8,successor:10,pending,As it happened: ManchesterSU Women’s & Diversity Officer hustings,mancunion,UK,2013-02-28,https://mancunion.com/2013/02/28/as-it-happened-manchestersu-womens-diversity-officer-hustings/,,work_packages/M1_source_access/24_newspaper_coverage_successor_20261006/worker/bodies/b4316d670314b6e7c2490351_66dbb2234c0f.txt,mancunion:article:7fd5834ea911dcb79146a6d8,mancunion:article:7fd5834ea911dcb79146a6d8,Only a live-blog introductory lead survives locally; live updates/components are absent. Complete body not established.
trinity_news:article:79326246becb75adb22b716e,successor:11,pending,Day one,trinity_news,EU/Europe excluding UK,2008-12-08,https://www.trinitynews.ie/2008/12/day-one/,,work_packages/M1_source_access/24_newspaper_coverage_successor_20261006/worker/bodies/1933522535f08ee4b0a69f24_f50180f736a4.txt,trinity_news:article:79326246becb75adb22b716e,trinity_news:article:79326246becb75adb22b716e,Legacy content is repeated literal text placeholders with external image references; complete original body unavailable locally.
mancunion:article:fa8a64b3d375582b69daa25b,successor:12,pending,Headline,mancunion,UK,2013-03-14,https://mancunion.com/2013/03/14/headline/,,,mancunion:article:fa8a64b3d375582b69daa25b,mancunion:article:fa8a64b3d375582b69daa25b,Placeholder headline and missing native body; original article identity/content unresolved.
trinity_news:article:6c88451476356eea32eaeca4,successor:13,confirmed_complete,A few thoughts on Frank McGuinness,trinity_news,EU/Europe excluding UK,2009-01-28,https://www.trinitynews.ie/2009/01/frances-beatty-II/,work_packages/M1_source_access/24_newspaper_coverage_successor_20261006/worker/bodies/0a463ef37c26f81d36bcd867_192d41156b68.txt,work_packages/M1_source_access/24_newspaper_coverage_successor_20261006/worker/bodies/0a463ef37c26f81d36bcd867_192d41156b68.txt,trinity_news:article:6c88451476356eea32eaeca4,trinity_news:article:6c88451476356eea32eaeca4,"Selected saved publisher page contains one complete independent titled narrative/review/editorial/brief; source-native body boundary, opening and closing inspected. No length, byline, topic or affect gate."
mit_tech:article:d8a5ca323571f5cd914b35a8,successor:14,pending,Police Log,mit_tech,US,2007-09-11,https://thetech.com/2007/09/11/polog-v127-n37,,work_packages/M1_source_access/24_newspaper_coverage_successor_20261006/worker/bodies/af46576d40c6eae4ed5eff7a_ac40d494b057.txt,mit_tech:article:d8a5ca323571f5cd914b35a8,mit_tech:article:d8a5ca323571f5cd914b35a8,Publisher-compiled incident log is locally complete as a log; article-versus-record-list status remains unresolved. No incident splitting.
trinity_news:article:22c1750baa967b87d43148c2,successor:15,confirmed_complete,Art? Drama? Performance,trinity_news,EU/Europe excluding UK,2009-02-17,https://www.trinitynews.ie/2009/02/art-drama-performance/,work_packages/M1_source_access/24_newspaper_coverage_successor_20261006/worker/bodies/8de477a0bc24fb7af77a5461_f60f1e9fca0e.txt,work_packages/M1_source_access/24_newspaper_coverage_successor_20261006/worker/bodies/8de477a0bc24fb7af77a5461_f60f1e9fca0e.txt,trinity_news:article:22c1750baa967b87d43148c2,trinity_news:article:22c1750baa967b87d43148c2,"Selected saved publisher page contains one complete independent titled narrative/review/editorial/brief; source-native body boundary, opening and closing inspected. No length, byline, topic or affect gate."
green_left:article:107da2b708e487ff0cd7a92c,successor:16,confirmed_complete,Green politics: looking beyond Labor,green_left,AU,1991-03-27,https://www.greenleft.org.au/1991/6/green-politics-looking-beyond-labor,work_packages/M1_source_access/24_newspaper_coverage_successor_20261006/worker/bodies/b5462c2230d5f3024de47930_e22730d1a495.txt,work_packages/M1_source_access/24_newspaper_coverage_successor_20261006/worker/bodies/b5462c2230d5f3024de47930_e22730d1a495.txt,green_left:article:107da2b708e487ff0cd7a92c,green_left:article:107da2b708e487ff0cd7a92c,"Selected saved publisher page contains one complete independent titled narrative/review/editorial/brief; source-native body boundary, opening and closing inspected. No length, byline, topic or affect gate."
otago_daily_times:article:a150b86dfc7692b9f84dea03,successor:17,confirmed_complete,Olympic host sailing city battles massive algae growth (+ pics),otago_daily_times,NZ,2008-07-01,https://www.odt.co.nz/news/world/olympic-host-sailing-city-battles-massive-algae-growth-pics-tq9boaiw,work_packages/M1_source_access/24_newspaper_coverage_successor_20261006/worker/bodies/2b7a69a71af2718af6eead45_2fcaaf3b662e.txt,work_packages/M1_source_access/24_newspaper_coverage_successor_20261006/worker/bodies/2b7a69a71af2718af6eead45_2fcaaf3b662e.txt,otago_daily_times:article:a150b86dfc7692b9f84dea03,otago_daily_times:article:a150b86dfc7692b9f84dea03,"Selected saved publisher page contains one complete independent titled narrative/review/editorial/brief; source-native body boundary, opening and closing inspected. No length, byline, topic or affect gate."
mancunion:article:99908c88596174da826c5224,successor:18,confirmed_complete,Do student ethics go up in smoke when it comes to tobacco companies?,mancunion,UK,2010-12-13,https://mancunion.com/2010/12/13/do-student-ethics-go-up-in-smoke-when-it-comes-to-tobacco-companies/,work_packages/M1_source_access/24_newspaper_coverage_successor_20261006/worker/article_baseline_v1/bodies/mancunion_article_99908c88596174da826c5224.txt,work_packages/M1_source_access/24_newspaper_coverage_successor_20261006/worker/article_baseline_v1/bodies/mancunion_article_99908c88596174da826c5224.txt,mancunion:article:99908c88596174da826c5224,mancunion:article:99908c88596174da826c5224,"Selected saved publisher page contains one complete independent titled narrative/review/editorial/brief; source-native body boundary, opening and closing inspected. No length, byline, topic or affect gate."
trinity_news:article:76ac7159c0ca6496b47ffb71,successor:19,confirmed_complete,Trinity News: Newspaper of the Year,trinity_news,EU/Europe excluding UK,2009-04-28,https://www.trinitynews.ie/2009/04/trinity-news-newspaper-of-the-year/,work_packages/M1_source_access/24_newspaper_coverage_successor_20261006/worker/bodies/0cee781789fd42f8ddf14bef_23b95207e4c3.txt,work_packages/M1_source_access/24_newspaper_coverage_successor_20261006/worker/bodies/0cee781789fd42f8ddf14bef_23b95207e4c3.txt,trinity_news:article:76ac7159c0ca6496b47ffb71,trinity_news:article:76ac7159c0ca6496b47ffb71,"Selected saved publisher page contains one complete independent titled narrative/review/editorial/brief; source-native body boundary, opening and closing inspected. No length, byline, topic or affect gate."
green_left:article:64f18f62d6b0126007d1c7ff,successor:20,confirmed_complete,'Being in Labor is a matter of managing embarrassment',green_left,AU,1991-04-24,https://www.greenleft.org.au/1991/9/being-labor-matter-managing-embarrassment,work_packages/M1_source_access/24_newspaper_coverage_successor_20261006/worker/bodies/0e08a24af2ca6fbc9189a4ac_2c760edcadac.txt,work_packages/M1_source_access/24_newspaper_coverage_successor_20261006/worker/bodies/0e08a24af2ca6fbc9189a4ac_2c760edcadac.txt,green_left:article:64f18f62d6b0126007d1c7ff,green_left:article:64f18f62d6b0126007d1c7ff,"Selected saved publisher page contains one complete independent titled narrative/review/editorial/brief; source-native body boundary, opening and closing inspected. No length, byline, topic or affect gate."
mit_tech:article:61918a2e978d2b55b1129657,successor:21,confirmed_complete,Simpson Hearing for Motion to  Dismiss Scheduled Dec. 3,mit_tech,US,2007-11-06,https://thetech.com/2007/11/06/briefs-v127-n52,work_packages/M1_source_access/24_newspaper_coverage_successor_20261006/worker/bodies/cbfbba239815697893b7016f_12d66170a053.txt,work_packages/M1_source_access/24_newspaper_coverage_successor_20261006/worker/bodies/cbfbba239815697893b7016f_12d66170a053.txt,mit_tech:article:61918a2e978d2b55b1129657,mit_tech:article:61918a2e978d2b55b1129657,"Selected saved publisher page contains one complete independent titled narrative/review/editorial/brief; source-native body boundary, opening and closing inspected. No length, byline, topic or affect gate."
otago_daily_times:article:c8cc73ffcfe3ff103afd07f4,successor:22,confirmed_complete,Jury quizzes expert about Kahui babies' behaviour,otago_daily_times,NZ,2008-05-08,https://www.odt.co.nz/news/national/jury-quizzes-expert-about-kahui-babies-behaviour-qm7n753t,work_packages/M1_source_access/24_newspaper_coverage_successor_20261006/worker/bodies/2bbc51c2816dd6d2ce4ecbe6_7ff5abc42d68.txt,work_packages/M1_source_access/24_newspaper_coverage_successor_20261006/worker/bodies/2bbc51c2816dd6d2ce4ecbe6_7ff5abc42d68.txt,otago_daily_times:article:c8cc73ffcfe3ff103afd07f4,otago_daily_times:article:c8cc73ffcfe3ff103afd07f4,"Selected saved publisher page contains one complete independent titled narrative/review/editorial/brief; source-native body boundary, opening and closing inspected. No length, byline, topic or affect gate."
trinity_news:article:950d958caf08f74f50b88222,successor:23,non_article,DSL @ ALT student offer,trinity_news,EU/Europe excluding UK,2009-06-15,https://www.trinitynews.ie/2009/06/dsl-alt-student-offer/,,work_packages/M1_source_access/24_newspaper_coverage_successor_20261006/worker/bodies/cc9465ac883e570b26c506c0_09575bbf63b2.txt,trinity_news:article:950d958caf08f74f50b88222,trinity_news:article:950d958caf08f74f50b88222,"The complete saved text advertises a discounted student-entry offer and free cocktails, ending in a call to attend; promotional offer component, not a complete independent article."
mancunion:article:7b24beca5819bcf4b4168cf2,successor:24,confirmed_complete,Album: Iron & Wine – Kiss Each Other Clean,mancunion,UK,2011-02-22,https://mancunion.com/2011/02/22/album-iron-wine-kiss-each-other-clean/,work_packages/M1_source_access/24_newspaper_coverage_successor_20261006/worker/bodies/96c4fad90dd16884326d8589_bbfbcd25db24.txt,work_packages/M1_source_access/24_newspaper_coverage_successor_20261006/worker/bodies/96c4fad90dd16884326d8589_bbfbcd25db24.txt,mancunion:article:7b24beca5819bcf4b4168cf2,mancunion:article:7b24beca5819bcf4b4168cf2,"Selected saved publisher page contains one complete independent titled narrative/review/editorial/brief; source-native body boundary, opening and closing inspected. No length, byline, topic or affect gate."
green_left:article:717c56fa0f5bdd6ee62e8f6f,successor:25,confirmed_complete,War crimes and humbug,green_left,AU,1991-05-29,https://www.greenleft.org.au/1991/14/war-crimes-and-humbug,work_packages/M1_source_access/24_newspaper_coverage_successor_20261006/worker/bodies/f65ec64d27ff20629855f20f_f1eac216e438.txt,work_packages/M1_source_access/24_newspaper_coverage_successor_20261006/worker/bodies/f65ec64d27ff20629855f20f_f1eac216e438.txt,green_left:article:717c56fa0f5bdd6ee62e8f6f,green_left:article:717c56fa0f5bdd6ee62e8f6f,"Selected saved publisher page contains one complete independent titled narrative/review/editorial/brief; source-native body boundary, opening and closing inspected. No length, byline, topic or affect gate."
mit_tech:article:3489f0a71777fcfe8d71cda8,successor:26,pending,News Briefs,mit_tech,US,2007-12-07,https://thetech.com/2007/12/07/briefs-v127-n60,,work_packages/M1_source_access/24_newspaper_coverage_successor_20261006/worker/bodies/b259e743a959daaf749650e3_15dff2ff8524.txt,mit_tech:article:3489f0a71777fcfe8d71cda8,mit_tech:article:3489f0a71777fcfe8d71cda8,News Briefs contains two unrelated native subheadlines with separate signatures (DAPER summer fees; asbestos in Stata). The container cannot count as one article. No new article is created by splitting this page in this bounded correction.
otago_daily_times:article:a9d6e4c720225d20bb7c2ccc,successor:27,confirmed_complete,"China's Olympics kid-switch: one had the looks, one had the voice",otago_daily_times,NZ,2008-08-13,https://www.odt.co.nz/news/world/chinas-olympics-kid-switch-one-had-the-looks-one-had-the-voice-vbs5080p,work_packages/M1_source_access/24_newspaper_coverage_successor_20261006/worker/bodies/6a88ff4ce1016c9e34edef35_3a5c58b24aed.txt,work_packages/M1_source_access/24_newspaper_coverage_successor_20261006/worker/bodies/6a88ff4ce1016c9e34edef35_3a5c58b24aed.txt,otago_daily_times:article:a9d6e4c720225d20bb7c2ccc,otago_daily_times:article:a9d6e4c720225d20bb7c2ccc,"Selected saved publisher page contains one complete independent titled narrative/review/editorial/brief; source-native body boundary, opening and closing inspected. No length, byline, topic or affect gate."
trinity_news:article:498588c5494570f8596af785,successor:28,confirmed_complete,"Students’ mental health: problems, policy and politics",trinity_news,EU/Europe excluding UK,2009-09-20,https://www.trinitynews.ie/2009/09/mental-health-policy/,work_packages/M1_source_access/24_newspaper_coverage_successor_20261006/worker/bodies/ba3a99ea5fa37c36da44149c_9cac2330512e.txt,work_packages/M1_source_access/24_newspaper_coverage_successor_20261006/worker/bodies/ba3a99ea5fa37c36da44149c_9cac2330512e.txt,trinity_news:article:498588c5494570f8596af785,trinity_news:article:498588c5494570f8596af785,"Selected saved publisher page contains one complete independent titled narrative/review/editorial/brief; source-native body boundary, opening and closing inspected. No length, byline, topic or affect gate."
mancunion:article:fa9d87abfa9163bd51eafdd1,successor:29,confirmed_complete,Live: Kylesa @ Moho Live,mancunion,UK,2011-03-08,https://mancunion.com/2011/03/08/live-kylesa-moho-live/,work_packages/M1_source_access/24_newspaper_coverage_successor_20261006/worker/bodies/79291e22b8b9551994389885_f3472da558a1.txt,work_packages/M1_source_access/24_newspaper_coverage_successor_20261006/worker/bodies/79291e22b8b9551994389885_f3472da558a1.txt,mancunion:article:fa9d87abfa9163bd51eafdd1,mancunion:article:fa9d87abfa9163bd51eafdd1,"Selected saved publisher page contains one complete independent titled narrative/review/editorial/brief; source-native body boundary, opening and closing inspected. No length, byline, topic or affect gate."
green_left:article:f6c856ff953653287981ca52,successor:30,confirmed_complete,... and ain't i a woman?: Quotas,green_left,AU,1991-06-26,https://www.greenleft.org.au/1991/18/and-aint-i-woman-quotas,work_packages/M1_source_access/24_newspaper_coverage_successor_20261006/worker/bodies/67c727621effc8d05ae70f30_a61af4951e1f.txt,work_packages/M1_source_access/24_newspaper_coverage_successor_20261006/worker/bodies/67c727621effc8d05ae70f30_a61af4951e1f.txt,green_left:article:f6c856ff953653287981ca52,green_left:article:f6c856ff953653287981ca52,"Selected saved publisher page contains one complete independent titled narrative/review/editorial/brief; source-native body boundary, opening and closing inspected. No length, byline, topic or affect gate."
otago_daily_times:article:15d62865f5343d5044b12dda,successor:31,confirmed_complete,Engine failure cited in deadly Russian jet crash,otago_daily_times,NZ,2008-09-14,https://www.odt.co.nz/news/world/engine-failure-cited-in-deadly-russian-jet-crash-s3xi3zik,work_packages/M1_source_access/24_newspaper_coverage_successor_20261006/worker/bodies/b64269c2f8cc86341384678c_e27dd6f1c550.txt,work_packages/M1_source_access/24_newspaper_coverage_successor_20261006/worker/bodies/b64269c2f8cc86341384678c_e27dd6f1c550.txt,otago_daily_times:article:15d62865f5343d5044b12dda,otago_daily_times:article:15d62865f5343d5044b12dda,"Selected saved publisher page contains one complete independent titled narrative/review/editorial/brief; source-native body boundary, opening and closing inspected. No length, byline, topic or affect gate."
mancunion:article:402def54333e6b1f3dda1896,successor:32,confirmed_complete,Plenty more fish in the sea?,mancunion,UK,2011-04-16,https://mancunion.com/2011/04/16/plenty-more-fish-in-the-sea/,work_packages/M1_source_access/24_newspaper_coverage_successor_20261006/worker/bodies/396db687a34cc0e079044a87_dacb504c7a23.txt,work_packages/M1_source_access/24_newspaper_coverage_successor_20261006/worker/bodies/396db687a34cc0e079044a87_dacb504c7a23.txt,mancunion:article:402def54333e6b1f3dda1896,mancunion:article:402def54333e6b1f3dda1896,"Selected saved publisher page contains one complete independent titled narrative/review/editorial/brief; source-native body boundary, opening and closing inspected. No length, byline, topic or affect gate."
green_left:article:be09f04764a52c809a0ea54c,successor:33,confirmed_complete,The week that was,green_left,AU,1991-07-31,https://www.greenleft.org.au/1991/21/week-was,work_packages/M1_source_access/24_newspaper_coverage_successor_20261006/worker/bodies/0c82f6770097daab91cd2a9e_39a232fe5a55.txt,work_packages/M1_source_access/24_newspaper_coverage_successor_20261006/worker/bodies/0c82f6770097daab91cd2a9e_39a232fe5a55.txt,green_left:article:be09f04764a52c809a0ea54c,green_left:article:be09f04764a52c809a0ea54c,"Selected saved publisher page contains one complete independent titled narrative/review/editorial/brief; source-native body boundary, opening and closing inspected. No length, byline, topic or affect gate."
mit_tech:article:e8da1776aa47ee6d6f2d5fee,successor:34,non_article,Table,mit_tech,US,2008-04-01,https://thetech.com/2008/04/01/ua-v128-n15,,work_packages/M1_source_access/24_newspaper_coverage_successor_20261006/worker/bodies/b377b9cb4ccc8eba844018bf_5087d06da32c.txt,mit_tech:article:e8da1776aa47ee6d6f2d5fee,mit_tech:article:e8da1776aa47ee6d6f2d5fee,"Publisher title Table; one candidates table, 292 characters in frozen body. The table is retained as a non-article component, not rejected for its length or topic."
otago_daily_times:article:5801c5b872e88b7848336813,successor:35,confirmed_complete,Taking the pulse of the nation,otago_daily_times,NZ,2008-10-21,https://www.odt.co.nz/news/national/taking-the-pulse-of-the-nation-d0kheywh,work_packages/M1_source_access/24_newspaper_coverage_successor_20261006/worker/bodies/c4284468a4e82e1fb88649c4_7b012ce0efbf.txt,work_packages/M1_source_access/24_newspaper_coverage_successor_20261006/worker/bodies/c4284468a4e82e1fb88649c4_7b012ce0efbf.txt,otago_daily_times:article:5801c5b872e88b7848336813,otago_daily_times:article:5801c5b872e88b7848336813,"Selected saved publisher page contains one complete independent titled narrative/review/editorial/brief; source-native body boundary, opening and closing inspected. No length, byline, topic or affect gate."
beaver:article:d693aff59c9448862611ef0f,successor:36,confirmed_complete,The Syrian Dilemma: A fragmented National Identity,beaver,UK,2014-10-22,https://thebeaverlse.co.uk/syrian-dilemma-fragmented-national-identity/,work_packages/M1_source_access/24_newspaper_coverage_successor_20261006/worker/bodies/ff56baed8e57070bc71b20c3_14df3daee170.txt,work_packages/M1_source_access/24_newspaper_coverage_successor_20261006/worker/bodies/ff56baed8e57070bc71b20c3_14df3daee170.txt,beaver:article:d693aff59c9448862611ef0f,beaver:article:d693aff59c9448862611ef0f,"Selected saved publisher page contains one complete independent titled narrative/review/editorial/brief; source-native body boundary, opening and closing inspected. No length, byline, topic or affect gate."
mancunion:article:9c0c9841020536c9cc8b8441,successor:37,confirmed_complete,A Good Friday,mancunion,UK,2011-09-16,https://mancunion.com/2011/09/16/a-good-friday/,work_packages/M1_source_access/24_newspaper_coverage_successor_20261006/worker/article_baseline_v1/bodies/mancunion_article_9c0c9841020536c9cc8b8441.txt,work_packages/M1_source_access/24_newspaper_coverage_successor_20261006/worker/article_baseline_v1/bodies/mancunion_article_9c0c9841020536c9cc8b8441.txt,mancunion:article:9c0c9841020536c9cc8b8441,mancunion:article:9c0c9841020536c9cc8b8441,"Selected saved publisher page contains one complete independent titled narrative/review/editorial/brief; source-native body boundary, opening and closing inspected. No length, byline, topic or affect gate."
green_left:article:3c4387470c5e79f8a90eecf0,successor:38,confirmed_complete,UN conference: bridging environment and development?,green_left,AU,1991-08-14,https://www.greenleft.org.au/1991/23/un-conference-bridging-environment-and-development,work_packages/M1_source_access/24_newspaper_coverage_successor_20261006/worker/bodies/be38629596901dab8dbc826d_c6e72ef27a71.txt,work_packages/M1_source_access/24_newspaper_coverage_successor_20261006/worker/bodies/be38629596901dab8dbc826d_c6e72ef27a71.txt,green_left:article:3c4387470c5e79f8a90eecf0,green_left:article:3c4387470c5e79f8a90eecf0,"Selected saved publisher page contains one complete independent titled narrative/review/editorial/brief; source-native body boundary, opening and closing inspected. No length, byline, topic or affect gate."
green_left:article:b2852e884c4c3692472653b8,successor:39,confirmed_complete,Sydney Greens divided,green_left,AU,1991-09-25,https://www.greenleft.org.au/1991/29/sydney-greens-divided,work_packages/M1_source_access/24_newspaper_coverage_successor_20261006/worker/bodies/1e279af115fb1948c20cd9b9_43e655750980.txt,work_packages/M1_source_access/24_newspaper_coverage_successor_20261006/worker/bodies/1e279af115fb1948c20cd9b9_43e655750980.txt,green_left:article:b2852e884c4c3692472653b8,green_left:article:b2852e884c4c3692472653b8,"Selected saved publisher page contains one complete independent titled narrative/review/editorial/brief; source-native body boundary, opening and closing inspected. No length, byline, topic or affect gate."
mit_tech:article:4971acce41974228db8de121,successor:40,confirmed_complete,"Profs Debate Merits of Tasty Pancakes, Yummy Pastries; No One Wins",mit_tech,US,2008-03-07,https://thetech.com/2008/03/07/latkehamentashen-v128-n10,work_packages/M1_source_access/24_newspaper_coverage_successor_20261006/worker/bodies/cbef7f7f4cd7bff6dac940ea_5c82b6dfb2ec.txt,work_packages/M1_source_access/24_newspaper_coverage_successor_20261006/worker/bodies/cbef7f7f4cd7bff6dac940ea_5c82b6dfb2ec.txt,mit_tech:article:4971acce41974228db8de121,mit_tech:article:4971acce41974228db8de121,"Selected saved publisher page contains one complete independent titled narrative/review/editorial/brief; source-native body boundary, opening and closing inspected. No length, byline, topic or affect gate."
green_left:article:7ee2271bfe72e9fccfb92de3,successor:41,confirmed_complete,Moscow left demonstrates against McDonald's,green_left,AU,1991-10-30,https://www.greenleft.org.au/1991/33/moscow-left-demonstrates-against-mcdonalds,work_packages/M1_source_access/24_newspaper_coverage_successor_20261006/worker/bodies/247993c97215f717cf244c97_bb3071a1cf90.txt,work_packages/M1_source_access/24_newspaper_coverage_successor_20261006/worker/bodies/247993c97215f717cf244c97_bb3071a1cf90.txt,green_left:article:7ee2271bfe72e9fccfb92de3,green_left:article:7ee2271bfe72e9fccfb92de3,"Selected saved publisher page contains one complete independent titled narrative/review/editorial/brief; source-native body boundary, opening and closing inspected. No length, byline, topic or affect gate."
mit_tech:article:3e574c49b7690817a6ef7f08,successor:42,confirmed_complete,Government Declares Some Grad Students Are ‘Security Threats’,mit_tech,US,2008-05-09,https://thetech.com/2008/05/09/whoi-v128-n25,work_packages/M1_source_access/24_newspaper_coverage_successor_20261006/worker/bodies/3e51b3ac2a12d34ba7184084_bfdb99284c03.txt,work_packages/M1_source_access/24_newspaper_coverage_successor_20261006/worker/bodies/3e51b3ac2a12d34ba7184084_bfdb99284c03.txt,mit_tech:article:3e574c49b7690817a6ef7f08,mit_tech:article:3e574c49b7690817a6ef7f08,"Selected saved publisher page contains one complete independent titled narrative/review/editorial/brief; source-native body boundary, opening and closing inspected. No length, byline, topic or affect gate."
green_left:article:cb7dc2296c7afe8bbc0be2ac,successor:43,confirmed_complete,Young & out of work,green_left,AU,1991-11-27,https://www.greenleft.org.au/1991/37/young-out-work-0,work_packages/M1_source_access/24_newspaper_coverage_successor_20261006/worker/bodies/f17e947956a1fc9f2e2ebf81_517b67e52443.txt,work_packages/M1_source_access/24_newspaper_coverage_successor_20261006/worker/bodies/f17e947956a1fc9f2e2ebf81_517b67e52443.txt,green_left:article:cb7dc2296c7afe8bbc0be2ac,green_left:article:cb7dc2296c7afe8bbc0be2ac,"Selected saved publisher page contains one complete independent titled narrative/review/editorial/brief; source-native body boundary, opening and closing inspected. No length, byline, topic or affect gate."
mit_tech:article:83ea556e257800a190afb67b,successor:44,confirmed_complete,Animated Series ‘As the Wrench Turns’: New Turn for Magliozzi Brothers and PBS,mit_tech,US,2008-06-13,https://thetech.com/2008/06/13/cartalk-v128-n28,work_packages/M1_source_access/24_newspaper_coverage_successor_20261006/worker/bodies/ea167ffa4ecc50ed6431bcbe_a09bd8ca07e9.txt,work_packages/M1_source_access/24_newspaper_coverage_successor_20261006/worker/bodies/ea167ffa4ecc50ed6431bcbe_a09bd8ca07e9.txt,mit_tech:article:83ea556e257800a190afb67b,mit_tech:article:83ea556e257800a190afb67b,"Selected saved publisher page contains one complete independent titled narrative/review/editorial/brief; source-native body boundary, opening and closing inspected. No length, byline, topic or affect gate."
green_left:article:55afc95e9e834c6b07fc7a45,successor:45,confirmed_complete,Timorese message to Croatian rally,green_left,AU,1991-12-11,https://www.greenleft.org.au/1991/39/timorese-message-croatian-rally,work_packages/M1_source_access/24_newspaper_coverage_successor_20261006/worker/bodies/a0060519132e96abd0f13b2a_07fee22d3b41.txt,work_packages/M1_source_access/24_newspaper_coverage_successor_20261006/worker/bodies/a0060519132e96abd0f13b2a_07fee22d3b41.txt,green_left:article:55afc95e9e834c6b07fc7a45,green_left:article:55afc95e9e834c6b07fc7a45,"Selected saved publisher page contains one complete independent titled narrative/review/editorial/brief; source-native body boundary, opening and closing inspected. No length, byline, topic or affect gate."
mit_tech:article:51f23e07db95091e4cf3db4b,successor:46,confirmed_complete,MIT Police Accused Of Using ‘Excessive Force’ in 2006 Arrest,mit_tech,US,2008-09-19,https://thetech.com/2008/09/19/police-v128-n40,work_packages/M1_source_access/24_newspaper_coverage_successor_20261006/worker/bodies/b54294ea2aef5627993050dd_d50e3eafb298.txt,work_packages/M1_source_access/24_newspaper_coverage_successor_20261006/worker/bodies/b54294ea2aef5627993050dd_d50e3eafb298.txt,mit_tech:article:51f23e07db95091e4cf3db4b,mit_tech:article:51f23e07db95091e4cf3db4b,"Selected saved publisher page contains one complete independent titled narrative/review/editorial/brief; source-native body boundary, opening and closing inspected. No length, byline, topic or affect gate."
mit_tech:article:89d10f8da8f8ed2fd58beb86,successor:47,confirmed_complete,Physics Funds More Maternity Leave for Female Grad Students,mit_tech,US,2008-11-07,https://thetech.com/2008/11/07/maternityleave-v128-n54,work_packages/M1_source_access/24_newspaper_coverage_successor_20261006/worker/bodies/b029770de316b743c0dd1f4d_d79802f2c037.txt,work_packages/M1_source_access/24_newspaper_coverage_successor_20261006/worker/bodies/b029770de316b743c0dd1f4d_d79802f2c037.txt,mit_tech:article:89d10f8da8f8ed2fd58beb86,mit_tech:article:89d10f8da8f8ed2fd58beb86,"Selected saved publisher page contains one complete independent titled narrative/review/editorial/brief; source-native body boundary, opening and closing inspected. No length, byline, topic or affect gate."
mit_tech:article:d1359002aaee2128babfe036,successor:48,confirmed_complete,Oliver G. Selfridge ’45,mit_tech,US,2008-12-05,https://thetech.com/2008/12/05/selfridge-v128-n60,work_packages/M1_source_access/24_newspaper_coverage_successor_20261006/worker/bodies/e3efb72957d4a352bd4c662b_a9e311e29b26.txt,work_packages/M1_source_access/24_newspaper_coverage_successor_20261006/worker/bodies/e3efb72957d4a352bd4c662b_a9e311e29b26.txt,mit_tech:article:d1359002aaee2128babfe036,mit_tech:article:d1359002aaee2128babfe036,"Selected saved publisher page contains one complete independent titled narrative/review/editorial/brief; source-native body boundary, opening and closing inspected. No length, byline, topic or affect gate."
mit_tech:print:109:1:article-54f596a3dca7,successor:49,pending,CFYP report: End freshman 2nd term P/F,mit_tech,US,1989-02-07,https://s3.amazonaws.com/thetech-production/issues/pdfs/000/000/060/original/tech_pdf.pdf?1460740808,,work_packages/M1_source_access/24_newspaper_coverage_successor_20261006/worker/article_baseline_v1/bodies/mit_tech_print_109_1_article-54f596a3dca7.txt,mit_tech:print:109:1:article-54f596a3dca7,mit_tech:print:109:1:article-54f596a3dca7,"The original titled article and page-1/page-14 continuation span are established. Native OCR contains broken text at joins; marker removal is a derivative correction, not verification of a complete accurate restored transcription."
mit_tech:print:110:1:article-1ed55a718a76,successor:50,pending,Council adopts porn policy,mit_tech,US,1990-02-06,https://s3.amazonaws.com/thetech-production/issues/pdfs/000/000/123/original/tech_pdf.pdf?1460740713,,work_packages/M1_source_access/24_newspaper_coverage_successor_20261006/worker/article_baseline_v1/bodies/mit_tech_print_110_1_article-1ed55a718a76.txt,mit_tech:print:110:1:article-1ed55a718a76,mit_tech:print:110:1:article-1ed55a718a76,"The original two-column front-page article boundary is established, excluding policy box and adjacent items. Final quotation is corrupted in native OCR; complete restored transcription remains unresolved."
mit_tech:print:111:1:article-e126dd2c83a7,successor:51,pending,Joel Moses new engineering dean,mit_tech,US,1991-02-01,https://s3.amazonaws.com/thetech-production/issues/pdfs/000/000/188/original/tech_pdf.pdf?1460740627,,work_packages/M1_source_access/24_newspaper_coverage_successor_20261006/worker/article_baseline_v1/bodies/mit_tech_print_111_1_article-e126dd2c83a7.txt,mit_tech:print:111:1:article-e126dd2c83a7,mit_tech:print:111:1:article-e126dd2c83a7,"Original page-1/page-2 article/continuation established. Vision OCR merges neighbouring columns and corrupts first-page lines. A demonstrated missing department line is corrected from the retained scan, but full transcription fidelity remains unresolved."
