search_source,metric_semantics,normalized_form,search_query,query_window,window_start_year,window_end_year,search_status,search_total_results,search_unique_results_if_available,search_retrieval_date,retrieved_at,search_api_or_interface,request_url,search_exactness,raw_response_path,raw_response_sha256,search_notes,candidate_id,anchor,surface_form
INTERNET_ARCHIVE,INTERNET_ARCHIVE_METADATA_TEXT_ITEM_COUNT,temperature,"""temperature"" AND mediatype:texts",ALL_AVAILABLE,,,COMPLETED_NONZERO,193717,193717,2026-08-26,2026-08-26T06:25:50Z,https://archive.org/advancedsearch.php,https://archive.org/advancedsearch.php?q=%22temperature%22+AND+mediatype%3Atexts&fl%5B%5D=identifier&rows=0&page=1&output=json,EXACT_PHRASE,data/fear-temperature/priority180/search/raw/internet_archive/d0339d881795e3f00447fb502e97497f185c26f82294bf9e2b8f0ae7141c8d0f.json,8e44e74964cac5e34b3fe357a4db4d105c7bb4b88bf8fe184f850b73cb730000,Metadata text-item count; not a full-text lexical frequency.,FT-SEED-R1B-P-1842-01,1842,temperature
INTERNET_ARCHIVE,INTERNET_ARCHIVE_METADATA_TEXT_ITEM_COUNT,temperature,"""temperature"" AND mediatype:texts AND date:[1842-01-01 TO 1842-12-31]",STRICT_ANCHOR,1842,1842,COMPLETED_NONZERO,6,6,2026-08-26,2026-08-26T06:25:51Z,https://archive.org/advancedsearch.php,https://archive.org/advancedsearch.php?q=%22temperature%22+AND+mediatype%3Atexts+AND+date%3A%5B1842-01-01+TO+1842-12-31%5D&fl%5B%5D=identifier&rows=0&page=1&output=json,EXACT_PHRASE,data/fear-temperature/priority180/search/raw/internet_archive/cbe51fe69e545c40dd7ae7ae4b48445d4a171dd27f3ebfd9d22cfb9e6b05bbf2.json,d0335099cd722bc511a19543ee5019c2d21f8ced7c65630387c0b2455fa2005a,Metadata text-item count; not a full-text lexical frequency.,FT-SEED-R1B-P-1842-01,1842,temperature
INTERNET_ARCHIVE,INTERNET_ARCHIVE_METADATA_TEXT_ITEM_COUNT,temperature,"""temperature"" AND mediatype:texts AND date:[1839-01-01 TO 1845-12-31]",CONTEXTUAL_ANCHOR,1839,1845,COMPLETED_NONZERO,60,60,2026-08-26,2026-08-26T06:25:52Z,https://archive.org/advancedsearch.php,https://archive.org/advancedsearch.php?q=%22temperature%22+AND+mediatype%3Atexts+AND+date%3A%5B1839-01-01+TO+1845-12-31%5D&fl%5B%5D=identifier&rows=0&page=1&output=json,EXACT_PHRASE,data/fear-temperature/priority180/search/raw/internet_archive/1e067036d6883cffd64fb1ff57beeb3df326cd8089a7bdcc6d3c3c0ef45f71fb.json,1f0d7bec21903b6f1205f5c88814719284666debb4599613b177d8f12785e5f8,Metadata text-item count; not a full-text lexical frequency.,FT-SEED-R1B-P-1842-01,1842,temperature
OPENALEX,OPENALEX_WORK_COUNT,temperature,"""temperature""",ALL_AVAILABLE,,,FAILED_PROVIDER_OR_REQUEST,,,2026-08-26,2026-08-26T06:32:35Z,https://api.openalex.org/works,https://api.openalex.org/works?search.exact=%22temperature%22&per-page=1&select=id,EXACT_PHRASE,data/fear-temperature/priority180/search/raw/openalex/001ff270c019b110925dff02355af60b2732fbb1b2e7cc2f26622c0a26bc4809.json,e3b0c44298fc1c149afbf4c8996fb92427ae41e4649b934ca495991b7852b855,NOT_RUN_OPENALEX_DAILY_BUDGET_EXHAUSTED: shared provider response retained; no count fabricated.,FT-SEED-R1B-P-1842-01,1842,temperature
OPENALEX,OPENALEX_WORK_COUNT,temperature,"""temperature""",STRICT_ANCHOR,1842,1842,FAILED_PROVIDER_OR_REQUEST,,,2026-08-26,2026-08-26T06:32:35Z,https://api.openalex.org/works,https://api.openalex.org/works?search.exact=%22temperature%22&per-page=1&select=id&filter=from_publication_date%3A1842-01-01%2Cto_publication_date%3A1842-12-31,EXACT_PHRASE,data/fear-temperature/priority180/search/raw/openalex/001ff270c019b110925dff02355af60b2732fbb1b2e7cc2f26622c0a26bc4809.json,e3b0c44298fc1c149afbf4c8996fb92427ae41e4649b934ca495991b7852b855,NOT_RUN_OPENALEX_DAILY_BUDGET_EXHAUSTED: shared provider response retained; no count fabricated.,FT-SEED-R1B-P-1842-01,1842,temperature
OPENALEX,OPENALEX_WORK_COUNT,temperature,"""temperature""",CONTEXTUAL_ANCHOR,1839,1845,FAILED_PROVIDER_OR_REQUEST,,,2026-08-26,2026-08-26T06:32:35Z,https://api.openalex.org/works,https://api.openalex.org/works?search.exact=%22temperature%22&per-page=1&select=id&filter=from_publication_date%3A1839-01-01%2Cto_publication_date%3A1845-12-31,EXACT_PHRASE,data/fear-temperature/priority180/search/raw/openalex/001ff270c019b110925dff02355af60b2732fbb1b2e7cc2f26622c0a26bc4809.json,e3b0c44298fc1c149afbf4c8996fb92427ae41e4649b934ca495991b7852b855,NOT_RUN_OPENALEX_DAILY_BUDGET_EXHAUSTED: shared provider response retained; no count fabricated.,FT-SEED-R1B-P-1842-01,1842,temperature
GOOGLE_BOOKS_API,GOOGLE_BOOKS_TOTAL_ITEMS,temperature,"""temperature""",ALL_AVAILABLE,,,NOT_RUN_PROVIDER_QUOTA,,,2026-08-26,2026-08-26T06:34:48Z,https://www.googleapis.com/books/v1/volumes,https://www.googleapis.com/books/v1/volumes?q=%22temperature%22&langRestrict=en&maxResults=1&printType=books,EXACT_PHRASE,data/fear-temperature/priority180/search/raw/google_books/provider_quota_probe.json,e3b0c44298fc1c149afbf4c8996fb92427ae41e4649b934ca495991b7852b855,Provider runtime probe returned project quota 0; no candidate count was fabricated. Internet Archive is the completed primary bounded source.,FT-SEED-R1B-P-1842-01,1842,temperature
INTERNET_ARCHIVE,INTERNET_ARCHIVE_METADATA_TEXT_ITEM_COUNT,mean temperature,"""mean temperature"" AND mediatype:texts",ALL_AVAILABLE,,,COMPLETED_NONZERO,664,664,2026-08-26,2026-08-26T06:23:46Z,https://archive.org/advancedsearch.php,https://archive.org/advancedsearch.php?q=%22mean+temperature%22+AND+mediatype%3Atexts&fl%5B%5D=identifier&rows=0&page=1&output=json,EXACT_PHRASE,data/fear-temperature/priority180/search/raw/internet_archive/1cfbbf93ac4c7a2d4a289e19f624742c11a321592e61aeaa9330083efdb92552.json,a216512bb9ec4bdab487729435e98bf1e455009f955c7dc534a78cd9a251aa16,Metadata text-item count; not a full-text lexical frequency.,FT-SEED-R1B-P-1842-02,1842,mean temperature
INTERNET_ARCHIVE,INTERNET_ARCHIVE_METADATA_TEXT_ITEM_COUNT,mean temperature,"""mean temperature"" AND mediatype:texts AND date:[1842-01-01 TO 1842-12-31]",STRICT_ANCHOR,1842,1842,COMPLETED_ZERO,0,0,2026-08-26,2026-08-26T06:23:47Z,https://archive.org/advancedsearch.php,https://archive.org/advancedsearch.php?q=%22mean+temperature%22+AND+mediatype%3Atexts+AND+date%3A%5B1842-01-01+TO+1842-12-31%5D&fl%5B%5D=identifier&rows=0&page=1&output=json,EXACT_PHRASE,data/fear-temperature/priority180/search/raw/internet_archive/967aa196cf643b82a5046e5aba7234983e716ed14aba386dc4a306e544fbaf04.json,9825691cb67d0c9d353c7a62e1a53f47b9b6b88eed4eb4f8cc2ef839577f46a4,Metadata text-item count; not a full-text lexical frequency.,FT-SEED-R1B-P-1842-02,1842,mean temperature
INTERNET_ARCHIVE,INTERNET_ARCHIVE_METADATA_TEXT_ITEM_COUNT,mean temperature,"""mean temperature"" AND mediatype:texts AND date:[1839-01-01 TO 1845-12-31]",CONTEXTUAL_ANCHOR,1839,1845,COMPLETED_NONZERO,4,4,2026-08-26,2026-08-26T06:23:48Z,https://archive.org/advancedsearch.php,https://archive.org/advancedsearch.php?q=%22mean+temperature%22+AND+mediatype%3Atexts+AND+date%3A%5B1839-01-01+TO+1845-12-31%5D&fl%5B%5D=identifier&rows=0&page=1&output=json,EXACT_PHRASE,data/fear-temperature/priority180/search/raw/internet_archive/f4c46b28dfb9be59d2b9e8101ba8bcb6c2048f84a9db651f236836a85b622b28.json,bdcc8774e00ea45b2436cd98032128b1a15ff65c4e72380375bdfaaa624b2198,Metadata text-item count; not a full-text lexical frequency.,FT-SEED-R1B-P-1842-02,1842,mean temperature
OPENALEX,OPENALEX_WORK_COUNT,mean temperature,"""mean temperature""",ALL_AVAILABLE,,,FAILED_PROVIDER_OR_REQUEST,,,2026-08-26,2026-08-26T06:32:35Z,https://api.openalex.org/works,https://api.openalex.org/works?search.exact=%22mean+temperature%22&per-page=1&select=id,EXACT_PHRASE,data/fear-temperature/priority180/search/raw/openalex/001ff270c019b110925dff02355af60b2732fbb1b2e7cc2f26622c0a26bc4809.json,e3b0c44298fc1c149afbf4c8996fb92427ae41e4649b934ca495991b7852b855,NOT_RUN_OPENALEX_DAILY_BUDGET_EXHAUSTED: shared provider response retained; no count fabricated.,FT-SEED-R1B-P-1842-02,1842,mean temperature
OPENALEX,OPENALEX_WORK_COUNT,mean temperature,"""mean temperature""",STRICT_ANCHOR,1842,1842,FAILED_PROVIDER_OR_REQUEST,,,2026-08-26,2026-08-26T06:32:35Z,https://api.openalex.org/works,https://api.openalex.org/works?search.exact=%22mean+temperature%22&per-page=1&select=id&filter=from_publication_date%3A1842-01-01%2Cto_publication_date%3A1842-12-31,EXACT_PHRASE,data/fear-temperature/priority180/search/raw/openalex/001ff270c019b110925dff02355af60b2732fbb1b2e7cc2f26622c0a26bc4809.json,e3b0c44298fc1c149afbf4c8996fb92427ae41e4649b934ca495991b7852b855,NOT_RUN_OPENALEX_DAILY_BUDGET_EXHAUSTED: shared provider response retained; no count fabricated.,FT-SEED-R1B-P-1842-02,1842,mean temperature
OPENALEX,OPENALEX_WORK_COUNT,mean temperature,"""mean temperature""",CONTEXTUAL_ANCHOR,1839,1845,FAILED_PROVIDER_OR_REQUEST,,,2026-08-26,2026-08-26T06:32:35Z,https://api.openalex.org/works,https://api.openalex.org/works?search.exact=%22mean+temperature%22&per-page=1&select=id&filter=from_publication_date%3A1839-01-01%2Cto_publication_date%3A1845-12-31,EXACT_PHRASE,data/fear-temperature/priority180/search/raw/openalex/001ff270c019b110925dff02355af60b2732fbb1b2e7cc2f26622c0a26bc4809.json,e3b0c44298fc1c149afbf4c8996fb92427ae41e4649b934ca495991b7852b855,NOT_RUN_OPENALEX_DAILY_BUDGET_EXHAUSTED: shared provider response retained; no count fabricated.,FT-SEED-R1B-P-1842-02,1842,mean temperature
GOOGLE_BOOKS_API,GOOGLE_BOOKS_TOTAL_ITEMS,mean temperature,"""mean temperature""",ALL_AVAILABLE,,,NOT_RUN_PROVIDER_QUOTA,,,2026-08-26,2026-08-26T06:34:48Z,https://www.googleapis.com/books/v1/volumes,https://www.googleapis.com/books/v1/volumes?q=%22mean+temperature%22&langRestrict=en&maxResults=1&printType=books,EXACT_PHRASE,data/fear-temperature/priority180/search/raw/google_books/provider_quota_probe.json,e3b0c44298fc1c149afbf4c8996fb92427ae41e4649b934ca495991b7852b855,Provider runtime probe returned project quota 0; no candidate count was fabricated. Internet Archive is the completed primary bounded source.,FT-SEED-R1B-P-1842-02,1842,mean temperature
INTERNET_ARCHIVE,INTERNET_ARCHIVE_METADATA_TEXT_ITEM_COUNT,temperature of the air in shade,"""temperature of the air in shade"" AND mediatype:texts",ALL_AVAILABLE,,,COMPLETED_ZERO,0,0,2026-08-26,2026-08-26T06:25:59Z,https://archive.org/advancedsearch.php,https://archive.org/advancedsearch.php?q=%22temperature+of+the+air+in+shade%22+AND+mediatype%3Atexts&fl%5B%5D=identifier&rows=0&page=1&output=json,EXACT_PHRASE,data/fear-temperature/priority180/search/raw/internet_archive/b9eb816bcdd68d4bc7df51f7d6557714450e2b7cd56a11ecf4dd8e138ce8e8d0.json,045331121af5b98034b5fd2535cb61de9f144e7852fd0a5b1906696b5b1c2852,Metadata text-item count; not a full-text lexical frequency.,FT-SEED-R1B-P-1842-03,1842,temperature of the air in shade
INTERNET_ARCHIVE,INTERNET_ARCHIVE_METADATA_TEXT_ITEM_COUNT,temperature of the air in shade,"""temperature of the air in shade"" AND mediatype:texts AND date:[1842-01-01 TO 1842-12-31]",STRICT_ANCHOR,1842,1842,COMPLETED_ZERO,0,0,2026-08-26,2026-08-26T06:26:03Z,https://archive.org/advancedsearch.php,https://archive.org/advancedsearch.php?q=%22temperature+of+the+air+in+shade%22+AND+mediatype%3Atexts+AND+date%3A%5B1842-01-01+TO+1842-12-31%5D&fl%5B%5D=identifier&rows=0&page=1&output=json,EXACT_PHRASE,data/fear-temperature/priority180/search/raw/internet_archive/063814b5d9372ffbb9d5c627df486791f9aeaf1de53d5047fa1400d03d45efac.json,1acafccf8c49fc966abeaf41c3718bff3024667af253a76e08ef558eb55c6c5c,Metadata text-item count; not a full-text lexical frequency.,FT-SEED-R1B-P-1842-03,1842,temperature of the air in shade
INTERNET_ARCHIVE,INTERNET_ARCHIVE_METADATA_TEXT_ITEM_COUNT,temperature of the air in shade,"""temperature of the air in shade"" AND mediatype:texts AND date:[1839-01-01 TO 1845-12-31]",CONTEXTUAL_ANCHOR,1839,1845,COMPLETED_ZERO,0,0,2026-08-26,2026-08-26T06:26:04Z,https://archive.org/advancedsearch.php,https://archive.org/advancedsearch.php?q=%22temperature+of+the+air+in+shade%22+AND+mediatype%3Atexts+AND+date%3A%5B1839-01-01+TO+1845-12-31%5D&fl%5B%5D=identifier&rows=0&page=1&output=json,EXACT_PHRASE,data/fear-temperature/priority180/search/raw/internet_archive/9fb125e9199d024cc8fbd631a85d6529d02217d606dafb8662c36a5e5cb0e96d.json,7761817007bb5cfd932b5831bf5e5ca8b28b3e2dfec30e11073b534b08081710,Metadata text-item count; not a full-text lexical frequency.,FT-SEED-R1B-P-1842-03,1842,temperature of the air in shade
OPENALEX,OPENALEX_WORK_COUNT,temperature of the air in shade,"""temperature of the air in shade""",ALL_AVAILABLE,,,FAILED_PROVIDER_OR_REQUEST,,,2026-08-26,2026-08-26T06:32:35Z,https://api.openalex.org/works,https://api.openalex.org/works?search.exact=%22temperature+of+the+air+in+shade%22&per-page=1&select=id,EXACT_PHRASE,data/fear-temperature/priority180/search/raw/openalex/001ff270c019b110925dff02355af60b2732fbb1b2e7cc2f26622c0a26bc4809.json,e3b0c44298fc1c149afbf4c8996fb92427ae41e4649b934ca495991b7852b855,NOT_RUN_OPENALEX_DAILY_BUDGET_EXHAUSTED: shared provider response retained; no count fabricated.,FT-SEED-R1B-P-1842-03,1842,temperature of the air in shade
OPENALEX,OPENALEX_WORK_COUNT,temperature of the air in shade,"""temperature of the air in shade""",STRICT_ANCHOR,1842,1842,FAILED_PROVIDER_OR_REQUEST,,,2026-08-26,2026-08-26T06:32:35Z,https://api.openalex.org/works,https://api.openalex.org/works?search.exact=%22temperature+of+the+air+in+shade%22&per-page=1&select=id&filter=from_publication_date%3A1842-01-01%2Cto_publication_date%3A1842-12-31,EXACT_PHRASE,data/fear-temperature/priority180/search/raw/openalex/001ff270c019b110925dff02355af60b2732fbb1b2e7cc2f26622c0a26bc4809.json,e3b0c44298fc1c149afbf4c8996fb92427ae41e4649b934ca495991b7852b855,NOT_RUN_OPENALEX_DAILY_BUDGET_EXHAUSTED: shared provider response retained; no count fabricated.,FT-SEED-R1B-P-1842-03,1842,temperature of the air in shade
OPENALEX,OPENALEX_WORK_COUNT,temperature of the air in shade,"""temperature of the air in shade""",CONTEXTUAL_ANCHOR,1839,1845,FAILED_PROVIDER_OR_REQUEST,,,2026-08-26,2026-08-26T06:32:35Z,https://api.openalex.org/works,https://api.openalex.org/works?search.exact=%22temperature+of+the+air+in+shade%22&per-page=1&select=id&filter=from_publication_date%3A1839-01-01%2Cto_publication_date%3A1845-12-31,EXACT_PHRASE,data/fear-temperature/priority180/search/raw/openalex/001ff270c019b110925dff02355af60b2732fbb1b2e7cc2f26622c0a26bc4809.json,e3b0c44298fc1c149afbf4c8996fb92427ae41e4649b934ca495991b7852b855,NOT_RUN_OPENALEX_DAILY_BUDGET_EXHAUSTED: shared provider response retained; no count fabricated.,FT-SEED-R1B-P-1842-03,1842,temperature of the air in shade
GOOGLE_BOOKS_API,GOOGLE_BOOKS_TOTAL_ITEMS,temperature of the air in shade,"""temperature of the air in shade""",ALL_AVAILABLE,,,NOT_RUN_PROVIDER_QUOTA,,,2026-08-26,2026-08-26T06:34:48Z,https://www.googleapis.com/books/v1/volumes,https://www.googleapis.com/books/v1/volumes?q=%22temperature+of+the+air+in+shade%22&langRestrict=en&maxResults=1&printType=books,EXACT_PHRASE,data/fear-temperature/priority180/search/raw/google_books/provider_quota_probe.json,e3b0c44298fc1c149afbf4c8996fb92427ae41e4649b934ca495991b7852b855,Provider runtime probe returned project quota 0; no candidate count was fabricated. Internet Archive is the completed primary bounded source.,FT-SEED-R1B-P-1842-03,1842,temperature of the air in shade
INTERNET_ARCHIVE,INTERNET_ARCHIVE_METADATA_TEXT_ITEM_COUNT,maximum temperature,"""maximum temperature"" AND mediatype:texts",ALL_AVAILABLE,,,COMPLETED_NONZERO,1464,1464,2026-08-26,2026-08-26T06:23:43Z,https://archive.org/advancedsearch.php,https://archive.org/advancedsearch.php?q=%22maximum+temperature%22+AND+mediatype%3Atexts&fl%5B%5D=identifier&rows=0&page=1&output=json,EXACT_PHRASE,data/fear-temperature/priority180/search/raw/internet_archive/78ad142c8ac5fddfdb66f7f0d4938553dc5a7f80d0b7da4db51d8db8be4d7c2d.json,d07dda573a26d7aca584596972e14802eb30308dfe681b69ff929e106e76f78c,Metadata text-item count; not a full-text lexical frequency.,FT-SEED-R1B-P-1842-04,1842,maximum temperature
INTERNET_ARCHIVE,INTERNET_ARCHIVE_METADATA_TEXT_ITEM_COUNT,maximum temperature,"""maximum temperature"" AND mediatype:texts AND date:[1842-01-01 TO 1842-12-31]",STRICT_ANCHOR,1842,1842,COMPLETED_ZERO,0,0,2026-08-26,2026-08-26T06:23:44Z,https://archive.org/advancedsearch.php,https://archive.org/advancedsearch.php?q=%22maximum+temperature%22+AND+mediatype%3Atexts+AND+date%3A%5B1842-01-01+TO+1842-12-31%5D&fl%5B%5D=identifier&rows=0&page=1&output=json,EXACT_PHRASE,data/fear-temperature/priority180/search/raw/internet_archive/5a7b3167b9d7d2317a032385b47ce6ae01bb41f152923c6d4d506946efed64aa.json,975b82fd87c844c545d1011aeae652bf80a61910ea8355ebcfccf6d28fb9e5d7,Metadata text-item count; not a full-text lexical frequency.,FT-SEED-R1B-P-1842-04,1842,maximum temperature
INTERNET_ARCHIVE,INTERNET_ARCHIVE_METADATA_TEXT_ITEM_COUNT,maximum temperature,"""maximum temperature"" AND mediatype:texts AND date:[1839-01-01 TO 1845-12-31]",CONTEXTUAL_ANCHOR,1839,1845,COMPLETED_ZERO,0,0,2026-08-26,2026-08-26T06:23:45Z,https://archive.org/advancedsearch.php,https://archive.org/advancedsearch.php?q=%22maximum+temperature%22+AND+mediatype%3Atexts+AND+date%3A%5B1839-01-01+TO+1845-12-31%5D&fl%5B%5D=identifier&rows=0&page=1&output=json,EXACT_PHRASE,data/fear-temperature/priority180/search/raw/internet_archive/4b4d785a7651cd01f9c62d6671370c8b3225fd56feeb992709e5d8ccaf92f909.json,0ff580fa100934cd20987e9f17d9e293e92d3f9dcc22ee77252e5b52366408cf,Metadata text-item count; not a full-text lexical frequency.,FT-SEED-R1B-P-1842-04,1842,maximum temperature
OPENALEX,OPENALEX_WORK_COUNT,maximum temperature,"""maximum temperature""",ALL_AVAILABLE,,,FAILED_PROVIDER_OR_REQUEST,,,2026-08-26,2026-08-26T06:32:35Z,https://api.openalex.org/works,https://api.openalex.org/works?search.exact=%22maximum+temperature%22&per-page=1&select=id,EXACT_PHRASE,data/fear-temperature/priority180/search/raw/openalex/001ff270c019b110925dff02355af60b2732fbb1b2e7cc2f26622c0a26bc4809.json,e3b0c44298fc1c149afbf4c8996fb92427ae41e4649b934ca495991b7852b855,NOT_RUN_OPENALEX_DAILY_BUDGET_EXHAUSTED: shared provider response retained; no count fabricated.,FT-SEED-R1B-P-1842-04,1842,maximum temperature
OPENALEX,OPENALEX_WORK_COUNT,maximum temperature,"""maximum temperature""",STRICT_ANCHOR,1842,1842,FAILED_PROVIDER_OR_REQUEST,,,2026-08-26,2026-08-26T06:32:35Z,https://api.openalex.org/works,https://api.openalex.org/works?search.exact=%22maximum+temperature%22&per-page=1&select=id&filter=from_publication_date%3A1842-01-01%2Cto_publication_date%3A1842-12-31,EXACT_PHRASE,data/fear-temperature/priority180/search/raw/openalex/001ff270c019b110925dff02355af60b2732fbb1b2e7cc2f26622c0a26bc4809.json,e3b0c44298fc1c149afbf4c8996fb92427ae41e4649b934ca495991b7852b855,NOT_RUN_OPENALEX_DAILY_BUDGET_EXHAUSTED: shared provider response retained; no count fabricated.,FT-SEED-R1B-P-1842-04,1842,maximum temperature
OPENALEX,OPENALEX_WORK_COUNT,maximum temperature,"""maximum temperature""",CONTEXTUAL_ANCHOR,1839,1845,FAILED_PROVIDER_OR_REQUEST,,,2026-08-26,2026-08-26T06:32:35Z,https://api.openalex.org/works,https://api.openalex.org/works?search.exact=%22maximum+temperature%22&per-page=1&select=id&filter=from_publication_date%3A1839-01-01%2Cto_publication_date%3A1845-12-31,EXACT_PHRASE,data/fear-temperature/priority180/search/raw/openalex/001ff270c019b110925dff02355af60b2732fbb1b2e7cc2f26622c0a26bc4809.json,e3b0c44298fc1c149afbf4c8996fb92427ae41e4649b934ca495991b7852b855,NOT_RUN_OPENALEX_DAILY_BUDGET_EXHAUSTED: shared provider response retained; no count fabricated.,FT-SEED-R1B-P-1842-04,1842,maximum temperature
GOOGLE_BOOKS_API,GOOGLE_BOOKS_TOTAL_ITEMS,maximum temperature,"""maximum temperature""",ALL_AVAILABLE,,,NOT_RUN_PROVIDER_QUOTA,,,2026-08-26,2026-08-26T06:34:48Z,https://www.googleapis.com/books/v1/volumes,https://www.googleapis.com/books/v1/volumes?q=%22maximum+temperature%22&langRestrict=en&maxResults=1&printType=books,EXACT_PHRASE,data/fear-temperature/priority180/search/raw/google_books/provider_quota_probe.json,e3b0c44298fc1c149afbf4c8996fb92427ae41e4649b934ca495991b7852b855,Provider runtime probe returned project quota 0; no candidate count was fabricated. Internet Archive is the completed primary bounded source.,FT-SEED-R1B-P-1842-04,1842,maximum temperature
INTERNET_ARCHIVE,INTERNET_ARCHIVE_METADATA_TEXT_ITEM_COUNT,minimum temperature,"""minimum temperature"" AND mediatype:texts",ALL_AVAILABLE,,,COMPLETED_NONZERO,460,460,2026-08-26,2026-08-26T06:24:05Z,https://archive.org/advancedsearch.php,https://archive.org/advancedsearch.php?q=%22minimum+temperature%22+AND+mediatype%3Atexts&fl%5B%5D=identifier&rows=0&page=1&output=json,EXACT_PHRASE,data/fear-temperature/priority180/search/raw/internet_archive/5d50284c496506fb9ccd876bccf6298a6fc824b451c2587153756ea26f126def.json,e1312900ee5116894b6d9b05a8b88405457df5157141b27dbd309522c04b93e2,Metadata text-item count; not a full-text lexical frequency.,FT-SEED-R1B-P-1842-05,1842,minimum temperature
INTERNET_ARCHIVE,INTERNET_ARCHIVE_METADATA_TEXT_ITEM_COUNT,minimum temperature,"""minimum temperature"" AND mediatype:texts AND date:[1842-01-01 TO 1842-12-31]",STRICT_ANCHOR,1842,1842,COMPLETED_ZERO,0,0,2026-08-26,2026-08-26T06:24:06Z,https://archive.org/advancedsearch.php,https://archive.org/advancedsearch.php?q=%22minimum+temperature%22+AND+mediatype%3Atexts+AND+date%3A%5B1842-01-01+TO+1842-12-31%5D&fl%5B%5D=identifier&rows=0&page=1&output=json,EXACT_PHRASE,data/fear-temperature/priority180/search/raw/internet_archive/46653b1676268c4259f7aff094e2a3ae588f9fa76b85bf9c30f21c4207479ca9.json,47d7eb9d8fe4d9a32c4dfb53e173a4a6e4b349d7efa9d11e09c51dc2204ab07c,Metadata text-item count; not a full-text lexical frequency.,FT-SEED-R1B-P-1842-05,1842,minimum temperature
INTERNET_ARCHIVE,INTERNET_ARCHIVE_METADATA_TEXT_ITEM_COUNT,minimum temperature,"""minimum temperature"" AND mediatype:texts AND date:[1839-01-01 TO 1845-12-31]",CONTEXTUAL_ANCHOR,1839,1845,COMPLETED_ZERO,0,0,2026-08-26,2026-08-26T06:24:07Z,https://archive.org/advancedsearch.php,https://archive.org/advancedsearch.php?q=%22minimum+temperature%22+AND+mediatype%3Atexts+AND+date%3A%5B1839-01-01+TO+1845-12-31%5D&fl%5B%5D=identifier&rows=0&page=1&output=json,EXACT_PHRASE,data/fear-temperature/priority180/search/raw/internet_archive/ee45674658b8528316a037ffa487a2a62d837d69e42f5921ced6c44dcd345561.json,1a2d96607af62007ae5a7cb8e89c4088f82aa2a6205034e9148f18cf9d1859ee,Metadata text-item count; not a full-text lexical frequency.,FT-SEED-R1B-P-1842-05,1842,minimum temperature
OPENALEX,OPENALEX_WORK_COUNT,minimum temperature,"""minimum temperature""",ALL_AVAILABLE,,,FAILED_PROVIDER_OR_REQUEST,,,2026-08-26,2026-08-26T06:32:35Z,https://api.openalex.org/works,https://api.openalex.org/works?search.exact=%22minimum+temperature%22&per-page=1&select=id,EXACT_PHRASE,data/fear-temperature/priority180/search/raw/openalex/001ff270c019b110925dff02355af60b2732fbb1b2e7cc2f26622c0a26bc4809.json,e3b0c44298fc1c149afbf4c8996fb92427ae41e4649b934ca495991b7852b855,NOT_RUN_OPENALEX_DAILY_BUDGET_EXHAUSTED: shared provider response retained; no count fabricated.,FT-SEED-R1B-P-1842-05,1842,minimum temperature
OPENALEX,OPENALEX_WORK_COUNT,minimum temperature,"""minimum temperature""",STRICT_ANCHOR,1842,1842,FAILED_PROVIDER_OR_REQUEST,,,2026-08-26,2026-08-26T06:32:35Z,https://api.openalex.org/works,https://api.openalex.org/works?search.exact=%22minimum+temperature%22&per-page=1&select=id&filter=from_publication_date%3A1842-01-01%2Cto_publication_date%3A1842-12-31,EXACT_PHRASE,data/fear-temperature/priority180/search/raw/openalex/001ff270c019b110925dff02355af60b2732fbb1b2e7cc2f26622c0a26bc4809.json,e3b0c44298fc1c149afbf4c8996fb92427ae41e4649b934ca495991b7852b855,NOT_RUN_OPENALEX_DAILY_BUDGET_EXHAUSTED: shared provider response retained; no count fabricated.,FT-SEED-R1B-P-1842-05,1842,minimum temperature
OPENALEX,OPENALEX_WORK_COUNT,minimum temperature,"""minimum temperature""",CONTEXTUAL_ANCHOR,1839,1845,FAILED_PROVIDER_OR_REQUEST,,,2026-08-26,2026-08-26T06:32:35Z,https://api.openalex.org/works,https://api.openalex.org/works?search.exact=%22minimum+temperature%22&per-page=1&select=id&filter=from_publication_date%3A1839-01-01%2Cto_publication_date%3A1845-12-31,EXACT_PHRASE,data/fear-temperature/priority180/search/raw/openalex/001ff270c019b110925dff02355af60b2732fbb1b2e7cc2f26622c0a26bc4809.json,e3b0c44298fc1c149afbf4c8996fb92427ae41e4649b934ca495991b7852b855,NOT_RUN_OPENALEX_DAILY_BUDGET_EXHAUSTED: shared provider response retained; no count fabricated.,FT-SEED-R1B-P-1842-05,1842,minimum temperature
GOOGLE_BOOKS_API,GOOGLE_BOOKS_TOTAL_ITEMS,minimum temperature,"""minimum temperature""",ALL_AVAILABLE,,,NOT_RUN_PROVIDER_QUOTA,,,2026-08-26,2026-08-26T06:34:48Z,https://www.googleapis.com/books/v1/volumes,https://www.googleapis.com/books/v1/volumes?q=%22minimum+temperature%22&langRestrict=en&maxResults=1&printType=books,EXACT_PHRASE,data/fear-temperature/priority180/search/raw/google_books/provider_quota_probe.json,e3b0c44298fc1c149afbf4c8996fb92427ae41e4649b934ca495991b7852b855,Provider runtime probe returned project quota 0; no candidate count was fabricated. Internet Archive is the completed primary bounded source.,FT-SEED-R1B-P-1842-05,1842,minimum temperature
INTERNET_ARCHIVE,INTERNET_ARCHIVE_METADATA_TEXT_ITEM_COUNT,mean temperature of sea at surface,"""mean temperature of sea at surface"" AND mediatype:texts",ALL_AVAILABLE,,,COMPLETED_ZERO,0,0,2026-08-26,2026-08-26T06:23:49Z,https://archive.org/advancedsearch.php,https://archive.org/advancedsearch.php?q=%22mean+temperature+of+sea+at+surface%22+AND+mediatype%3Atexts&fl%5B%5D=identifier&rows=0&page=1&output=json,EXACT_PHRASE,data/fear-temperature/priority180/search/raw/internet_archive/ce7b4b1166d671c97b32056c87fb367b0cbd719c179099c80ff79be08acc50b7.json,1fa30a92f799761cecc16055fc900a41098218f9a470c61c463012be295f5fa5,Metadata text-item count; not a full-text lexical frequency.,FT-SEED-R1B-P-1842-06,1842,mean temperature of sea at surface
INTERNET_ARCHIVE,INTERNET_ARCHIVE_METADATA_TEXT_ITEM_COUNT,mean temperature of sea at surface,"""mean temperature of sea at surface"" AND mediatype:texts AND date:[1842-01-01 TO 1842-12-31]",STRICT_ANCHOR,1842,1842,COMPLETED_ZERO,0,0,2026-08-26,2026-08-26T06:23:50Z,https://archive.org/advancedsearch.php,https://archive.org/advancedsearch.php?q=%22mean+temperature+of+sea+at+surface%22+AND+mediatype%3Atexts+AND+date%3A%5B1842-01-01+TO+1842-12-31%5D&fl%5B%5D=identifier&rows=0&page=1&output=json,EXACT_PHRASE,data/fear-temperature/priority180/search/raw/internet_archive/e030a7f924fd8258cc58cf1a15c68595678a4d1981f022c02f61b529d3ca987b.json,fa9bd48984ae5659a63382816f8fcfe489a207f0600c5f8498cc785ac8284767,Metadata text-item count; not a full-text lexical frequency.,FT-SEED-R1B-P-1842-06,1842,mean temperature of sea at surface
INTERNET_ARCHIVE,INTERNET_ARCHIVE_METADATA_TEXT_ITEM_COUNT,mean temperature of sea at surface,"""mean temperature of sea at surface"" AND mediatype:texts AND date:[1839-01-01 TO 1845-12-31]",CONTEXTUAL_ANCHOR,1839,1845,COMPLETED_ZERO,0,0,2026-08-26,2026-08-26T06:23:51Z,https://archive.org/advancedsearch.php,https://archive.org/advancedsearch.php?q=%22mean+temperature+of+sea+at+surface%22+AND+mediatype%3Atexts+AND+date%3A%5B1839-01-01+TO+1845-12-31%5D&fl%5B%5D=identifier&rows=0&page=1&output=json,EXACT_PHRASE,data/fear-temperature/priority180/search/raw/internet_archive/11aa186cd4bfbc0612c0ed49c1c44f0098764694dba2a23907a9298566723e86.json,82b7451bccc33b072936453bae4dce1e4877aa7638624db0dc9fd597acadd4c7,Metadata text-item count; not a full-text lexical frequency.,FT-SEED-R1B-P-1842-06,1842,mean temperature of sea at surface
OPENALEX,OPENALEX_WORK_COUNT,mean temperature of sea at surface,"""mean temperature of sea at surface""",ALL_AVAILABLE,,,FAILED_PROVIDER_OR_REQUEST,,,2026-08-26,2026-08-26T06:32:35Z,https://api.openalex.org/works,https://api.openalex.org/works?search.exact=%22mean+temperature+of+sea+at+surface%22&per-page=1&select=id,EXACT_PHRASE,data/fear-temperature/priority180/search/raw/openalex/001ff270c019b110925dff02355af60b2732fbb1b2e7cc2f26622c0a26bc4809.json,e3b0c44298fc1c149afbf4c8996fb92427ae41e4649b934ca495991b7852b855,NOT_RUN_OPENALEX_DAILY_BUDGET_EXHAUSTED: shared provider response retained; no count fabricated.,FT-SEED-R1B-P-1842-06,1842,mean temperature of sea at surface
OPENALEX,OPENALEX_WORK_COUNT,mean temperature of sea at surface,"""mean temperature of sea at surface""",STRICT_ANCHOR,1842,1842,FAILED_PROVIDER_OR_REQUEST,,,2026-08-26,2026-08-26T06:32:35Z,https://api.openalex.org/works,https://api.openalex.org/works?search.exact=%22mean+temperature+of+sea+at+surface%22&per-page=1&select=id&filter=from_publication_date%3A1842-01-01%2Cto_publication_date%3A1842-12-31,EXACT_PHRASE,data/fear-temperature/priority180/search/raw/openalex/001ff270c019b110925dff02355af60b2732fbb1b2e7cc2f26622c0a26bc4809.json,e3b0c44298fc1c149afbf4c8996fb92427ae41e4649b934ca495991b7852b855,NOT_RUN_OPENALEX_DAILY_BUDGET_EXHAUSTED: shared provider response retained; no count fabricated.,FT-SEED-R1B-P-1842-06,1842,mean temperature of sea at surface
OPENALEX,OPENALEX_WORK_COUNT,mean temperature of sea at surface,"""mean temperature of sea at surface""",CONTEXTUAL_ANCHOR,1839,1845,FAILED_PROVIDER_OR_REQUEST,,,2026-08-26,2026-08-26T06:32:35Z,https://api.openalex.org/works,https://api.openalex.org/works?search.exact=%22mean+temperature+of+sea+at+surface%22&per-page=1&select=id&filter=from_publication_date%3A1839-01-01%2Cto_publication_date%3A1845-12-31,EXACT_PHRASE,data/fear-temperature/priority180/search/raw/openalex/001ff270c019b110925dff02355af60b2732fbb1b2e7cc2f26622c0a26bc4809.json,e3b0c44298fc1c149afbf4c8996fb92427ae41e4649b934ca495991b7852b855,NOT_RUN_OPENALEX_DAILY_BUDGET_EXHAUSTED: shared provider response retained; no count fabricated.,FT-SEED-R1B-P-1842-06,1842,mean temperature of sea at surface
GOOGLE_BOOKS_API,GOOGLE_BOOKS_TOTAL_ITEMS,mean temperature of sea at surface,"""mean temperature of sea at surface""",ALL_AVAILABLE,,,NOT_RUN_PROVIDER_QUOTA,,,2026-08-26,2026-08-26T06:34:48Z,https://www.googleapis.com/books/v1/volumes,https://www.googleapis.com/books/v1/volumes?q=%22mean+temperature+of+sea+at+surface%22&langRestrict=en&maxResults=1&printType=books,EXACT_PHRASE,data/fear-temperature/priority180/search/raw/google_books/provider_quota_probe.json,e3b0c44298fc1c149afbf4c8996fb92427ae41e4649b934ca495991b7852b855,Provider runtime probe returned project quota 0; no candidate count was fabricated. Internet Archive is the completed primary bounded source.,FT-SEED-R1B-P-1842-06,1842,mean temperature of sea at surface
INTERNET_ARCHIVE,INTERNET_ARCHIVE_METADATA_TEXT_ITEM_COUNT,dew point,"""dew point"" AND mediatype:texts",ALL_AVAILABLE,,,COMPLETED_NONZERO,1217,1217,2026-08-26,2026-08-26T06:20:50Z,https://archive.org/advancedsearch.php,https://archive.org/advancedsearch.php?q=%22dew+point%22+AND+mediatype%3Atexts&fl%5B%5D=identifier&rows=0&page=1&output=json,EXACT_PHRASE,data/fear-temperature/priority180/search/raw/internet_archive/26812faea6a5db96be079d0d01d36f4e94661c7a09349f1cc0e97d879f31757b.json,b4ec592d7abf680ce86cbe4dbfee440f38ebf9f33c403531cd19efaffcf18214,Metadata text-item count; not a full-text lexical frequency.,FT-SEED-R1B-P-1842-07,1842,dew point
INTERNET_ARCHIVE,INTERNET_ARCHIVE_METADATA_TEXT_ITEM_COUNT,dew point,"""dew point"" AND mediatype:texts AND date:[1842-01-01 TO 1842-12-31]",STRICT_ANCHOR,1842,1842,COMPLETED_ZERO,0,0,2026-08-26,2026-08-26T06:20:51Z,https://archive.org/advancedsearch.php,https://archive.org/advancedsearch.php?q=%22dew+point%22+AND+mediatype%3Atexts+AND+date%3A%5B1842-01-01+TO+1842-12-31%5D&fl%5B%5D=identifier&rows=0&page=1&output=json,EXACT_PHRASE,data/fear-temperature/priority180/search/raw/internet_archive/30f048096cdc23d8cd1bdc5c8cea490f479675186f7db8ae532ab1837fa77c5e.json,2ab312f86b176c0890fc0c1c992ce8302f376393cee7239947fcc25acc18dab0,Metadata text-item count; not a full-text lexical frequency.,FT-SEED-R1B-P-1842-07,1842,dew point
INTERNET_ARCHIVE,INTERNET_ARCHIVE_METADATA_TEXT_ITEM_COUNT,dew point,"""dew point"" AND mediatype:texts AND date:[1839-01-01 TO 1845-12-31]",CONTEXTUAL_ANCHOR,1839,1845,COMPLETED_NONZERO,2,2,2026-08-26,2026-08-26T06:20:52Z,https://archive.org/advancedsearch.php,https://archive.org/advancedsearch.php?q=%22dew+point%22+AND+mediatype%3Atexts+AND+date%3A%5B1839-01-01+TO+1845-12-31%5D&fl%5B%5D=identifier&rows=0&page=1&output=json,EXACT_PHRASE,data/fear-temperature/priority180/search/raw/internet_archive/560db1a818e9518f0b3dfff6d0e0ec18668359715997ca3af17e9a3b97343308.json,17d9ac5a9a7e21b8144453914b845a305ce771ae65a6167e14b9ae96730e827a,Metadata text-item count; not a full-text lexical frequency.,FT-SEED-R1B-P-1842-07,1842,dew point
OPENALEX,OPENALEX_WORK_COUNT,dew point,"""dew point""",ALL_AVAILABLE,,,FAILED_PROVIDER_OR_REQUEST,,,2026-08-26,2026-08-26T06:32:35Z,https://api.openalex.org/works,https://api.openalex.org/works?search.exact=%22dew+point%22&per-page=1&select=id,EXACT_PHRASE,data/fear-temperature/priority180/search/raw/openalex/001ff270c019b110925dff02355af60b2732fbb1b2e7cc2f26622c0a26bc4809.json,e3b0c44298fc1c149afbf4c8996fb92427ae41e4649b934ca495991b7852b855,NOT_RUN_OPENALEX_DAILY_BUDGET_EXHAUSTED: shared provider response retained; no count fabricated.,FT-SEED-R1B-P-1842-07,1842,dew point
OPENALEX,OPENALEX_WORK_COUNT,dew point,"""dew point""",STRICT_ANCHOR,1842,1842,FAILED_PROVIDER_OR_REQUEST,,,2026-08-26,2026-08-26T06:32:35Z,https://api.openalex.org/works,https://api.openalex.org/works?search.exact=%22dew+point%22&per-page=1&select=id&filter=from_publication_date%3A1842-01-01%2Cto_publication_date%3A1842-12-31,EXACT_PHRASE,data/fear-temperature/priority180/search/raw/openalex/001ff270c019b110925dff02355af60b2732fbb1b2e7cc2f26622c0a26bc4809.json,e3b0c44298fc1c149afbf4c8996fb92427ae41e4649b934ca495991b7852b855,NOT_RUN_OPENALEX_DAILY_BUDGET_EXHAUSTED: shared provider response retained; no count fabricated.,FT-SEED-R1B-P-1842-07,1842,dew point
OPENALEX,OPENALEX_WORK_COUNT,dew point,"""dew point""",CONTEXTUAL_ANCHOR,1839,1845,FAILED_PROVIDER_OR_REQUEST,,,2026-08-26,2026-08-26T06:32:35Z,https://api.openalex.org/works,https://api.openalex.org/works?search.exact=%22dew+point%22&per-page=1&select=id&filter=from_publication_date%3A1839-01-01%2Cto_publication_date%3A1845-12-31,EXACT_PHRASE,data/fear-temperature/priority180/search/raw/openalex/001ff270c019b110925dff02355af60b2732fbb1b2e7cc2f26622c0a26bc4809.json,e3b0c44298fc1c149afbf4c8996fb92427ae41e4649b934ca495991b7852b855,NOT_RUN_OPENALEX_DAILY_BUDGET_EXHAUSTED: shared provider response retained; no count fabricated.,FT-SEED-R1B-P-1842-07,1842,dew point
GOOGLE_BOOKS_API,GOOGLE_BOOKS_TOTAL_ITEMS,dew point,"""dew point""",ALL_AVAILABLE,,,NOT_RUN_PROVIDER_QUOTA,,,2026-08-26,2026-08-26T06:34:48Z,https://www.googleapis.com/books/v1/volumes,https://www.googleapis.com/books/v1/volumes?q=%22dew+point%22&langRestrict=en&maxResults=1&printType=books,EXACT_PHRASE,data/fear-temperature/priority180/search/raw/google_books/provider_quota_probe.json,e3b0c44298fc1c149afbf4c8996fb92427ae41e4649b934ca495991b7852b855,Provider runtime probe returned project quota 0; no candidate count was fabricated. Internet Archive is the completed primary bounded source.,FT-SEED-R1B-P-1842-07,1842,dew point
INTERNET_ARCHIVE,INTERNET_ARCHIVE_METADATA_TEXT_ITEM_COUNT,standard thermometer,"""standard thermometer"" AND mediatype:texts",ALL_AVAILABLE,,,COMPLETED_NONZERO,2,2,2026-08-26,2026-08-26T06:25:39Z,https://archive.org/advancedsearch.php,https://archive.org/advancedsearch.php?q=%22standard+thermometer%22+AND+mediatype%3Atexts&fl%5B%5D=identifier&rows=0&page=1&output=json,EXACT_PHRASE,data/fear-temperature/priority180/search/raw/internet_archive/b1313dc94db7e0294b1e82d3cc58b9b99d25aa55bd7e76192d5e1ce53ccfa6bd.json,5d6148aa0fda84b4665a479f20aaf9c8c130d28cc454339ca6824e6e382a46e3,Metadata text-item count; not a full-text lexical frequency.,FT-SEED-R1B-P-1842-08,1842,standard thermometer
INTERNET_ARCHIVE,INTERNET_ARCHIVE_METADATA_TEXT_ITEM_COUNT,standard thermometer,"""standard thermometer"" AND mediatype:texts AND date:[1842-01-01 TO 1842-12-31]",STRICT_ANCHOR,1842,1842,COMPLETED_ZERO,0,0,2026-08-26,2026-08-26T06:25:40Z,https://archive.org/advancedsearch.php,https://archive.org/advancedsearch.php?q=%22standard+thermometer%22+AND+mediatype%3Atexts+AND+date%3A%5B1842-01-01+TO+1842-12-31%5D&fl%5B%5D=identifier&rows=0&page=1&output=json,EXACT_PHRASE,data/fear-temperature/priority180/search/raw/internet_archive/ce35154390600c48e9dc7ac4b045ca6d673d17ae56976254a26b27bceb25d8a0.json,6508861787858001b34c28ccfbe2007b9b854c033f2ed66f3b253fea2e5fa2ad,Metadata text-item count; not a full-text lexical frequency.,FT-SEED-R1B-P-1842-08,1842,standard thermometer
INTERNET_ARCHIVE,INTERNET_ARCHIVE_METADATA_TEXT_ITEM_COUNT,standard thermometer,"""standard thermometer"" AND mediatype:texts AND date:[1839-01-01 TO 1845-12-31]",CONTEXTUAL_ANCHOR,1839,1845,COMPLETED_ZERO,0,0,2026-08-26,2026-08-26T06:25:41Z,https://archive.org/advancedsearch.php,https://archive.org/advancedsearch.php?q=%22standard+thermometer%22+AND+mediatype%3Atexts+AND+date%3A%5B1839-01-01+TO+1845-12-31%5D&fl%5B%5D=identifier&rows=0&page=1&output=json,EXACT_PHRASE,data/fear-temperature/priority180/search/raw/internet_archive/ff394335997dc9ac4a323bff5ebfb8d8da283858cb9efaa0d55c6f11e32c74fb.json,dcb9a84a64b33a59fdb761fb6455df35fa23c82abef9ac5b2e2a8b9ad179f3be,Metadata text-item count; not a full-text lexical frequency.,FT-SEED-R1B-P-1842-08,1842,standard thermometer
OPENALEX,OPENALEX_WORK_COUNT,standard thermometer,"""standard thermometer""",ALL_AVAILABLE,,,FAILED_PROVIDER_OR_REQUEST,,,2026-08-26,2026-08-26T06:32:35Z,https://api.openalex.org/works,https://api.openalex.org/works?search.exact=%22standard+thermometer%22&per-page=1&select=id,EXACT_PHRASE,data/fear-temperature/priority180/search/raw/openalex/001ff270c019b110925dff02355af60b2732fbb1b2e7cc2f26622c0a26bc4809.json,e3b0c44298fc1c149afbf4c8996fb92427ae41e4649b934ca495991b7852b855,NOT_RUN_OPENALEX_DAILY_BUDGET_EXHAUSTED: shared provider response retained; no count fabricated.,FT-SEED-R1B-P-1842-08,1842,standard thermometer
OPENALEX,OPENALEX_WORK_COUNT,standard thermometer,"""standard thermometer""",STRICT_ANCHOR,1842,1842,FAILED_PROVIDER_OR_REQUEST,,,2026-08-26,2026-08-26T06:32:35Z,https://api.openalex.org/works,https://api.openalex.org/works?search.exact=%22standard+thermometer%22&per-page=1&select=id&filter=from_publication_date%3A1842-01-01%2Cto_publication_date%3A1842-12-31,EXACT_PHRASE,data/fear-temperature/priority180/search/raw/openalex/001ff270c019b110925dff02355af60b2732fbb1b2e7cc2f26622c0a26bc4809.json,e3b0c44298fc1c149afbf4c8996fb92427ae41e4649b934ca495991b7852b855,NOT_RUN_OPENALEX_DAILY_BUDGET_EXHAUSTED: shared provider response retained; no count fabricated.,FT-SEED-R1B-P-1842-08,1842,standard thermometer
OPENALEX,OPENALEX_WORK_COUNT,standard thermometer,"""standard thermometer""",CONTEXTUAL_ANCHOR,1839,1845,FAILED_PROVIDER_OR_REQUEST,,,2026-08-26,2026-08-26T06:32:35Z,https://api.openalex.org/works,https://api.openalex.org/works?search.exact=%22standard+thermometer%22&per-page=1&select=id&filter=from_publication_date%3A1839-01-01%2Cto_publication_date%3A1845-12-31,EXACT_PHRASE,data/fear-temperature/priority180/search/raw/openalex/001ff270c019b110925dff02355af60b2732fbb1b2e7cc2f26622c0a26bc4809.json,e3b0c44298fc1c149afbf4c8996fb92427ae41e4649b934ca495991b7852b855,NOT_RUN_OPENALEX_DAILY_BUDGET_EXHAUSTED: shared provider response retained; no count fabricated.,FT-SEED-R1B-P-1842-08,1842,standard thermometer
GOOGLE_BOOKS_API,GOOGLE_BOOKS_TOTAL_ITEMS,standard thermometer,"""standard thermometer""",ALL_AVAILABLE,,,NOT_RUN_PROVIDER_QUOTA,,,2026-08-26,2026-08-26T06:34:48Z,https://www.googleapis.com/books/v1/volumes,https://www.googleapis.com/books/v1/volumes?q=%22standard+thermometer%22&langRestrict=en&maxResults=1&printType=books,EXACT_PHRASE,data/fear-temperature/priority180/search/raw/google_books/provider_quota_probe.json,e3b0c44298fc1c149afbf4c8996fb92427ae41e4649b934ca495991b7852b855,Provider runtime probe returned project quota 0; no candidate count was fabricated. Internet Archive is the completed primary bounded source.,FT-SEED-R1B-P-1842-08,1842,standard thermometer
INTERNET_ARCHIVE,INTERNET_ARCHIVE_METADATA_TEXT_ITEM_COUNT,attached thermometer,"""attached thermometer"" AND mediatype:texts",ALL_AVAILABLE,,,COMPLETED_ZERO,0,0,2026-08-26,2026-08-26T06:19:24Z,https://archive.org/advancedsearch.php,https://archive.org/advancedsearch.php?q=%22attached+thermometer%22+AND+mediatype%3Atexts&fl%5B%5D=identifier&rows=0&page=1&output=json,EXACT_PHRASE,data/fear-temperature/priority180/search/raw/internet_archive/d741e40763cc43b18b1d7cec8db5630af0c308374d4e7a7af7a4d415a2280f72.json,a25c88e0cfbd863fa2aee4fa7aebd5a5f7dc16ddbfcb242f6172bc7d46e43840,Metadata text-item count; not a full-text lexical frequency.,FT-SEED-R1B-P-1842-09,1842,attached thermometer
INTERNET_ARCHIVE,INTERNET_ARCHIVE_METADATA_TEXT_ITEM_COUNT,attached thermometer,"""attached thermometer"" AND mediatype:texts AND date:[1842-01-01 TO 1842-12-31]",STRICT_ANCHOR,1842,1842,COMPLETED_ZERO,0,0,2026-08-26,2026-08-26T06:19:25Z,https://archive.org/advancedsearch.php,https://archive.org/advancedsearch.php?q=%22attached+thermometer%22+AND+mediatype%3Atexts+AND+date%3A%5B1842-01-01+TO+1842-12-31%5D&fl%5B%5D=identifier&rows=0&page=1&output=json,EXACT_PHRASE,data/fear-temperature/priority180/search/raw/internet_archive/c5acac289ffdeb45e4048831e8c09543b042c7a154f8d5f68a36be3085dc7247.json,1137586afea340e7b7662405fbbac56cb77dfa12fa1dbea96cc4af717addab3e,Metadata text-item count; not a full-text lexical frequency.,FT-SEED-R1B-P-1842-09,1842,attached thermometer
INTERNET_ARCHIVE,INTERNET_ARCHIVE_METADATA_TEXT_ITEM_COUNT,attached thermometer,"""attached thermometer"" AND mediatype:texts AND date:[1839-01-01 TO 1845-12-31]",CONTEXTUAL_ANCHOR,1839,1845,COMPLETED_ZERO,0,0,2026-08-26,2026-08-26T06:19:26Z,https://archive.org/advancedsearch.php,https://archive.org/advancedsearch.php?q=%22attached+thermometer%22+AND+mediatype%3Atexts+AND+date%3A%5B1839-01-01+TO+1845-12-31%5D&fl%5B%5D=identifier&rows=0&page=1&output=json,EXACT_PHRASE,data/fear-temperature/priority180/search/raw/internet_archive/e4cc320c7e181830d07a4d51ab954a7b6737c4980d958fef93ad873ee63cc1de.json,87aa8504e518f00fb8f6b70cd8d5ac0b19ae9440d2cadccf8adab7f03e95b470,Metadata text-item count; not a full-text lexical frequency.,FT-SEED-R1B-P-1842-09,1842,attached thermometer
OPENALEX,OPENALEX_WORK_COUNT,attached thermometer,"""attached thermometer""",ALL_AVAILABLE,,,COMPLETED_NONZERO,96,96,2026-08-26,2026-08-26T06:27:57Z,https://api.openalex.org/works,https://api.openalex.org/works?search.exact=%22attached+thermometer%22&per-page=1&select=id,EXACT_PHRASE,data/fear-temperature/priority180/search/raw/openalex/301024bcb28a2f3c37942b34b801d8911428bbc21bc2ebe15add71bed4114e3d.json,298f0efb0150018982bc06a4b0e3d68b9cc3183f748eb14d4a92a2cd41c14190,Scholarly work discoverability count over OpenAlex search fields; not a corpus word frequency.,FT-SEED-R1B-P-1842-09,1842,attached thermometer
OPENALEX,OPENALEX_WORK_COUNT,attached thermometer,"""attached thermometer""",STRICT_ANCHOR,1842,1842,COMPLETED_ZERO,0,0,2026-08-26,2026-08-26T06:27:58Z,https://api.openalex.org/works,https://api.openalex.org/works?search.exact=%22attached+thermometer%22&per-page=1&select=id&filter=from_publication_date%3A1842-01-01%2Cto_publication_date%3A1842-12-31,EXACT_PHRASE,data/fear-temperature/priority180/search/raw/openalex/e0a49567059c2b375a9b0015d69a0a5a95deec1ca8f249178557a63ebbc93768.json,081a527a6c9186b988da13546143651fde779b2150117fa6a7848353ec1ebac3,Scholarly work discoverability count over OpenAlex search fields; not a corpus word frequency.,FT-SEED-R1B-P-1842-09,1842,attached thermometer
OPENALEX,OPENALEX_WORK_COUNT,attached thermometer,"""attached thermometer""",CONTEXTUAL_ANCHOR,1839,1845,COMPLETED_ZERO,0,0,2026-08-26,2026-08-26T06:27:58Z,https://api.openalex.org/works,https://api.openalex.org/works?search.exact=%22attached+thermometer%22&per-page=1&select=id&filter=from_publication_date%3A1839-01-01%2Cto_publication_date%3A1845-12-31,EXACT_PHRASE,data/fear-temperature/priority180/search/raw/openalex/cf8b115e6b47ad3da93e808a87dcb5bdbee7fd73845ff1fe844bd42f7fb85065.json,656049c77291d18fe29e0f942fd3e31700077f7830b3d29a53960f35626ffdaa,Scholarly work discoverability count over OpenAlex search fields; not a corpus word frequency.,FT-SEED-R1B-P-1842-09,1842,attached thermometer
GOOGLE_BOOKS_API,GOOGLE_BOOKS_TOTAL_ITEMS,attached thermometer,"""attached thermometer""",ALL_AVAILABLE,,,NOT_RUN_PROVIDER_QUOTA,,,2026-08-26,2026-08-26T06:34:48Z,https://www.googleapis.com/books/v1/volumes,https://www.googleapis.com/books/v1/volumes?q=%22attached+thermometer%22&langRestrict=en&maxResults=1&printType=books,EXACT_PHRASE,data/fear-temperature/priority180/search/raw/google_books/provider_quota_probe.json,e3b0c44298fc1c149afbf4c8996fb92427ae41e4649b934ca495991b7852b855,Provider runtime probe returned project quota 0; no candidate count was fabricated. Internet Archive is the completed primary bounded source.,FT-SEED-R1B-P-1842-09,1842,attached thermometer
INTERNET_ARCHIVE,INTERNET_ARCHIVE_METADATA_TEXT_ITEM_COUNT,dry bulb thermometer,"""dry bulb thermometer"" AND mediatype:texts",ALL_AVAILABLE,,,COMPLETED_NONZERO,2,2,2026-08-26,2026-08-26T06:21:07Z,https://archive.org/advancedsearch.php,https://archive.org/advancedsearch.php?q=%22dry+bulb+thermometer%22+AND+mediatype%3Atexts&fl%5B%5D=identifier&rows=0&page=1&output=json,EXACT_PHRASE,data/fear-temperature/priority180/search/raw/internet_archive/b9f5a374398292e26bc70991140b4631ebd2f9f6191f46e05664e90fb726e216.json,2b93731a71d8ca70f7b43493cd69cea1e8320863d502ed5cc75b70bd37f73d57,Metadata text-item count; not a full-text lexical frequency.,FT-SEED-R1B-P-1842-10,1842,dry bulb thermometer
INTERNET_ARCHIVE,INTERNET_ARCHIVE_METADATA_TEXT_ITEM_COUNT,dry bulb thermometer,"""dry bulb thermometer"" AND mediatype:texts AND date:[1842-01-01 TO 1842-12-31]",STRICT_ANCHOR,1842,1842,COMPLETED_ZERO,0,0,2026-08-26,2026-08-26T06:21:08Z,https://archive.org/advancedsearch.php,https://archive.org/advancedsearch.php?q=%22dry+bulb+thermometer%22+AND+mediatype%3Atexts+AND+date%3A%5B1842-01-01+TO+1842-12-31%5D&fl%5B%5D=identifier&rows=0&page=1&output=json,EXACT_PHRASE,data/fear-temperature/priority180/search/raw/internet_archive/744a0d974c532598fb929b2f46b5e5c741a601451f6fd0003b6efee70402ce87.json,3921817a48908cfdf3fcd71d66e62d1311c98a0d244abad4082a397cc3352043,Metadata text-item count; not a full-text lexical frequency.,FT-SEED-R1B-P-1842-10,1842,dry bulb thermometer
INTERNET_ARCHIVE,INTERNET_ARCHIVE_METADATA_TEXT_ITEM_COUNT,dry bulb thermometer,"""dry bulb thermometer"" AND mediatype:texts AND date:[1839-01-01 TO 1845-12-31]",CONTEXTUAL_ANCHOR,1839,1845,COMPLETED_ZERO,0,0,2026-08-26,2026-08-26T06:21:09Z,https://archive.org/advancedsearch.php,https://archive.org/advancedsearch.php?q=%22dry+bulb+thermometer%22+AND+mediatype%3Atexts+AND+date%3A%5B1839-01-01+TO+1845-12-31%5D&fl%5B%5D=identifier&rows=0&page=1&output=json,EXACT_PHRASE,data/fear-temperature/priority180/search/raw/internet_archive/20e80dd29d721c1ca9b99052f94a2c80dd9b805c791c6ad6611e047a0fb43be5.json,fa87fdcd6f7fbef3d349376faefb3dd395baf7ce88dfaf0f4bc1a418fd7b6617,Metadata text-item count; not a full-text lexical frequency.,FT-SEED-R1B-P-1842-10,1842,dry bulb thermometer
OPENALEX,OPENALEX_WORK_COUNT,dry bulb thermometer,"""dry bulb thermometer""",ALL_AVAILABLE,,,FAILED_PROVIDER_OR_REQUEST,,,2026-08-26,2026-08-26T06:32:35Z,https://api.openalex.org/works,https://api.openalex.org/works?search.exact=%22dry+bulb+thermometer%22&per-page=1&select=id,EXACT_PHRASE,data/fear-temperature/priority180/search/raw/openalex/001ff270c019b110925dff02355af60b2732fbb1b2e7cc2f26622c0a26bc4809.json,e3b0c44298fc1c149afbf4c8996fb92427ae41e4649b934ca495991b7852b855,NOT_RUN_OPENALEX_DAILY_BUDGET_EXHAUSTED: shared provider response retained; no count fabricated.,FT-SEED-R1B-P-1842-10,1842,dry bulb thermometer
OPENALEX,OPENALEX_WORK_COUNT,dry bulb thermometer,"""dry bulb thermometer""",STRICT_ANCHOR,1842,1842,FAILED_PROVIDER_OR_REQUEST,,,2026-08-26,2026-08-26T06:32:35Z,https://api.openalex.org/works,https://api.openalex.org/works?search.exact=%22dry+bulb+thermometer%22&per-page=1&select=id&filter=from_publication_date%3A1842-01-01%2Cto_publication_date%3A1842-12-31,EXACT_PHRASE,data/fear-temperature/priority180/search/raw/openalex/001ff270c019b110925dff02355af60b2732fbb1b2e7cc2f26622c0a26bc4809.json,e3b0c44298fc1c149afbf4c8996fb92427ae41e4649b934ca495991b7852b855,NOT_RUN_OPENALEX_DAILY_BUDGET_EXHAUSTED: shared provider response retained; no count fabricated.,FT-SEED-R1B-P-1842-10,1842,dry bulb thermometer
OPENALEX,OPENALEX_WORK_COUNT,dry bulb thermometer,"""dry bulb thermometer""",CONTEXTUAL_ANCHOR,1839,1845,FAILED_PROVIDER_OR_REQUEST,,,2026-08-26,2026-08-26T06:32:35Z,https://api.openalex.org/works,https://api.openalex.org/works?search.exact=%22dry+bulb+thermometer%22&per-page=1&select=id&filter=from_publication_date%3A1839-01-01%2Cto_publication_date%3A1845-12-31,EXACT_PHRASE,data/fear-temperature/priority180/search/raw/openalex/001ff270c019b110925dff02355af60b2732fbb1b2e7cc2f26622c0a26bc4809.json,e3b0c44298fc1c149afbf4c8996fb92427ae41e4649b934ca495991b7852b855,NOT_RUN_OPENALEX_DAILY_BUDGET_EXHAUSTED: shared provider response retained; no count fabricated.,FT-SEED-R1B-P-1842-10,1842,dry bulb thermometer
GOOGLE_BOOKS_API,GOOGLE_BOOKS_TOTAL_ITEMS,dry bulb thermometer,"""dry bulb thermometer""",ALL_AVAILABLE,,,NOT_RUN_PROVIDER_QUOTA,,,2026-08-26,2026-08-26T06:34:48Z,https://www.googleapis.com/books/v1/volumes,https://www.googleapis.com/books/v1/volumes?q=%22dry+bulb+thermometer%22&langRestrict=en&maxResults=1&printType=books,EXACT_PHRASE,data/fear-temperature/priority180/search/raw/google_books/provider_quota_probe.json,e3b0c44298fc1c149afbf4c8996fb92427ae41e4649b934ca495991b7852b855,Provider runtime probe returned project quota 0; no candidate count was fabricated. Internet Archive is the completed primary bounded source.,FT-SEED-R1B-P-1842-10,1842,dry bulb thermometer
INTERNET_ARCHIVE,INTERNET_ARCHIVE_METADATA_TEXT_ITEM_COUNT,wet bulb thermometer,"""wet bulb thermometer"" AND mediatype:texts",ALL_AVAILABLE,,,COMPLETED_NONZERO,7,7,2026-08-26,2026-08-26T06:27:05Z,https://archive.org/advancedsearch.php,https://archive.org/advancedsearch.php?q=%22wet+bulb+thermometer%22+AND+mediatype%3Atexts&fl%5B%5D=identifier&rows=0&page=1&output=json,EXACT_PHRASE,data/fear-temperature/priority180/search/raw/internet_archive/f7a3daf284c5a773dd194b11d61542c24b98ce159fb173f34aa6d1e081de3758.json,654c3184bcc9525e7a67f8bebd18eb59ac09a56f10432e0a7eb66e588976b647,Metadata text-item count; not a full-text lexical frequency.,FT-SEED-R1B-P-1842-11,1842,wet bulb thermometer
INTERNET_ARCHIVE,INTERNET_ARCHIVE_METADATA_TEXT_ITEM_COUNT,wet bulb thermometer,"""wet bulb thermometer"" AND mediatype:texts AND date:[1842-01-01 TO 1842-12-31]",STRICT_ANCHOR,1842,1842,COMPLETED_ZERO,0,0,2026-08-26,2026-08-26T06:27:06Z,https://archive.org/advancedsearch.php,https://archive.org/advancedsearch.php?q=%22wet+bulb+thermometer%22+AND+mediatype%3Atexts+AND+date%3A%5B1842-01-01+TO+1842-12-31%5D&fl%5B%5D=identifier&rows=0&page=1&output=json,EXACT_PHRASE,data/fear-temperature/priority180/search/raw/internet_archive/ef09ff1e3bbb1f386e117d8e9c5284d9a4b50e8aaa1968046abe649acb05de59.json,3d9dc087e2fa6d2f61a50e7f3c45a52cf27d952a438cf81418efc77e2a0814a4,Metadata text-item count; not a full-text lexical frequency.,FT-SEED-R1B-P-1842-11,1842,wet bulb thermometer
INTERNET_ARCHIVE,INTERNET_ARCHIVE_METADATA_TEXT_ITEM_COUNT,wet bulb thermometer,"""wet bulb thermometer"" AND mediatype:texts AND date:[1839-01-01 TO 1845-12-31]",CONTEXTUAL_ANCHOR,1839,1845,COMPLETED_ZERO,0,0,2026-08-26,2026-08-26T06:27:07Z,https://archive.org/advancedsearch.php,https://archive.org/advancedsearch.php?q=%22wet+bulb+thermometer%22+AND+mediatype%3Atexts+AND+date%3A%5B1839-01-01+TO+1845-12-31%5D&fl%5B%5D=identifier&rows=0&page=1&output=json,EXACT_PHRASE,data/fear-temperature/priority180/search/raw/internet_archive/f81f3155045fa6aa09a33e653596ad41dbf06a1654c29d703990b96d62912cc2.json,dfbdb27162e35784aa2e6d5cd033b8299373977b83d0b558667688001588690f,Metadata text-item count; not a full-text lexical frequency.,FT-SEED-R1B-P-1842-11,1842,wet bulb thermometer
OPENALEX,OPENALEX_WORK_COUNT,wet bulb thermometer,"""wet bulb thermometer""",ALL_AVAILABLE,,,FAILED_PROVIDER_OR_REQUEST,,,2026-08-26,2026-08-26T06:32:35Z,https://api.openalex.org/works,https://api.openalex.org/works?search.exact=%22wet+bulb+thermometer%22&per-page=1&select=id,EXACT_PHRASE,data/fear-temperature/priority180/search/raw/openalex/001ff270c019b110925dff02355af60b2732fbb1b2e7cc2f26622c0a26bc4809.json,e3b0c44298fc1c149afbf4c8996fb92427ae41e4649b934ca495991b7852b855,NOT_RUN_OPENALEX_DAILY_BUDGET_EXHAUSTED: shared provider response retained; no count fabricated.,FT-SEED-R1B-P-1842-11,1842,wet bulb thermometer
OPENALEX,OPENALEX_WORK_COUNT,wet bulb thermometer,"""wet bulb thermometer""",STRICT_ANCHOR,1842,1842,FAILED_PROVIDER_OR_REQUEST,,,2026-08-26,2026-08-26T06:32:35Z,https://api.openalex.org/works,https://api.openalex.org/works?search.exact=%22wet+bulb+thermometer%22&per-page=1&select=id&filter=from_publication_date%3A1842-01-01%2Cto_publication_date%3A1842-12-31,EXACT_PHRASE,data/fear-temperature/priority180/search/raw/openalex/001ff270c019b110925dff02355af60b2732fbb1b2e7cc2f26622c0a26bc4809.json,e3b0c44298fc1c149afbf4c8996fb92427ae41e4649b934ca495991b7852b855,NOT_RUN_OPENALEX_DAILY_BUDGET_EXHAUSTED: shared provider response retained; no count fabricated.,FT-SEED-R1B-P-1842-11,1842,wet bulb thermometer
OPENALEX,OPENALEX_WORK_COUNT,wet bulb thermometer,"""wet bulb thermometer""",CONTEXTUAL_ANCHOR,1839,1845,FAILED_PROVIDER_OR_REQUEST,,,2026-08-26,2026-08-26T06:32:35Z,https://api.openalex.org/works,https://api.openalex.org/works?search.exact=%22wet+bulb+thermometer%22&per-page=1&select=id&filter=from_publication_date%3A1839-01-01%2Cto_publication_date%3A1845-12-31,EXACT_PHRASE,data/fear-temperature/priority180/search/raw/openalex/001ff270c019b110925dff02355af60b2732fbb1b2e7cc2f26622c0a26bc4809.json,e3b0c44298fc1c149afbf4c8996fb92427ae41e4649b934ca495991b7852b855,NOT_RUN_OPENALEX_DAILY_BUDGET_EXHAUSTED: shared provider response retained; no count fabricated.,FT-SEED-R1B-P-1842-11,1842,wet bulb thermometer
GOOGLE_BOOKS_API,GOOGLE_BOOKS_TOTAL_ITEMS,wet bulb thermometer,"""wet bulb thermometer""",ALL_AVAILABLE,,,NOT_RUN_PROVIDER_QUOTA,,,2026-08-26,2026-08-26T06:34:48Z,https://www.googleapis.com/books/v1/volumes,https://www.googleapis.com/books/v1/volumes?q=%22wet+bulb+thermometer%22&langRestrict=en&maxResults=1&printType=books,EXACT_PHRASE,data/fear-temperature/priority180/search/raw/google_books/provider_quota_probe.json,e3b0c44298fc1c149afbf4c8996fb92427ae41e4649b934ca495991b7852b855,Provider runtime probe returned project quota 0; no candidate count was fabricated. Internet Archive is the completed primary bounded source.,FT-SEED-R1B-P-1842-11,1842,wet bulb thermometer
INTERNET_ARCHIVE,INTERNET_ARCHIVE_METADATA_TEXT_ITEM_COUNT,meteorological observations,"""meteorological observations"" AND mediatype:texts",ALL_AVAILABLE,,,COMPLETED_NONZERO,1458,1458,2026-08-26,2026-08-26T06:23:58Z,https://archive.org/advancedsearch.php,https://archive.org/advancedsearch.php?q=%22meteorological+observations%22+AND+mediatype%3Atexts&fl%5B%5D=identifier&rows=0&page=1&output=json,EXACT_PHRASE,data/fear-temperature/priority180/search/raw/internet_archive/5c49331fbb40d3e0c2d6d2cedf775fad09ba91f9add8cf465c7847e2a0d0c5bf.json,9946ebafa50678550007bf1708618697d26bede17960b1564ff7451336b10886,Metadata text-item count; not a full-text lexical frequency.,FT-SEED-R1B-P-1842-12,1842,meteorological observations
INTERNET_ARCHIVE,INTERNET_ARCHIVE_METADATA_TEXT_ITEM_COUNT,meteorological observations,"""meteorological observations"" AND mediatype:texts AND date:[1842-01-01 TO 1842-12-31]",STRICT_ANCHOR,1842,1842,COMPLETED_NONZERO,14,14,2026-08-26,2026-08-26T06:23:59Z,https://archive.org/advancedsearch.php,https://archive.org/advancedsearch.php?q=%22meteorological+observations%22+AND+mediatype%3Atexts+AND+date%3A%5B1842-01-01+TO+1842-12-31%5D&fl%5B%5D=identifier&rows=0&page=1&output=json,EXACT_PHRASE,data/fear-temperature/priority180/search/raw/internet_archive/6190e414ad0c4c983b7d92b9b7eed680aa917c33e5a1bad66e96c9574a586dd5.json,7efa943ea41c71b8fac85fd7b8a0da9c7eea9dbe55d28ae67906d4ac720aa830,Metadata text-item count; not a full-text lexical frequency.,FT-SEED-R1B-P-1842-12,1842,meteorological observations
INTERNET_ARCHIVE,INTERNET_ARCHIVE_METADATA_TEXT_ITEM_COUNT,meteorological observations,"""meteorological observations"" AND mediatype:texts AND date:[1839-01-01 TO 1845-12-31]",CONTEXTUAL_ANCHOR,1839,1845,COMPLETED_NONZERO,94,94,2026-08-26,2026-08-26T06:24:00Z,https://archive.org/advancedsearch.php,https://archive.org/advancedsearch.php?q=%22meteorological+observations%22+AND+mediatype%3Atexts+AND+date%3A%5B1839-01-01+TO+1845-12-31%5D&fl%5B%5D=identifier&rows=0&page=1&output=json,EXACT_PHRASE,data/fear-temperature/priority180/search/raw/internet_archive/fd17b06e50bd10de4d3d727b602173ee24007b645375a0ff90b00767ed4099b3.json,5019495cb49df886dd870f7394fb800508d63ffe392a0a242b374b5aca93e405,Metadata text-item count; not a full-text lexical frequency.,FT-SEED-R1B-P-1842-12,1842,meteorological observations
OPENALEX,OPENALEX_WORK_COUNT,meteorological observations,"""meteorological observations""",ALL_AVAILABLE,,,FAILED_PROVIDER_OR_REQUEST,,,2026-08-26,2026-08-26T06:32:35Z,https://api.openalex.org/works,https://api.openalex.org/works?search.exact=%22meteorological+observations%22&per-page=1&select=id,EXACT_PHRASE,data/fear-temperature/priority180/search/raw/openalex/001ff270c019b110925dff02355af60b2732fbb1b2e7cc2f26622c0a26bc4809.json,e3b0c44298fc1c149afbf4c8996fb92427ae41e4649b934ca495991b7852b855,NOT_RUN_OPENALEX_DAILY_BUDGET_EXHAUSTED: shared provider response retained; no count fabricated.,FT-SEED-R1B-P-1842-12,1842,meteorological observations
OPENALEX,OPENALEX_WORK_COUNT,meteorological observations,"""meteorological observations""",STRICT_ANCHOR,1842,1842,FAILED_PROVIDER_OR_REQUEST,,,2026-08-26,2026-08-26T06:32:35Z,https://api.openalex.org/works,https://api.openalex.org/works?search.exact=%22meteorological+observations%22&per-page=1&select=id&filter=from_publication_date%3A1842-01-01%2Cto_publication_date%3A1842-12-31,EXACT_PHRASE,data/fear-temperature/priority180/search/raw/openalex/001ff270c019b110925dff02355af60b2732fbb1b2e7cc2f26622c0a26bc4809.json,e3b0c44298fc1c149afbf4c8996fb92427ae41e4649b934ca495991b7852b855,NOT_RUN_OPENALEX_DAILY_BUDGET_EXHAUSTED: shared provider response retained; no count fabricated.,FT-SEED-R1B-P-1842-12,1842,meteorological observations
OPENALEX,OPENALEX_WORK_COUNT,meteorological observations,"""meteorological observations""",CONTEXTUAL_ANCHOR,1839,1845,FAILED_PROVIDER_OR_REQUEST,,,2026-08-26,2026-08-26T06:32:35Z,https://api.openalex.org/works,https://api.openalex.org/works?search.exact=%22meteorological+observations%22&per-page=1&select=id&filter=from_publication_date%3A1839-01-01%2Cto_publication_date%3A1845-12-31,EXACT_PHRASE,data/fear-temperature/priority180/search/raw/openalex/001ff270c019b110925dff02355af60b2732fbb1b2e7cc2f26622c0a26bc4809.json,e3b0c44298fc1c149afbf4c8996fb92427ae41e4649b934ca495991b7852b855,NOT_RUN_OPENALEX_DAILY_BUDGET_EXHAUSTED: shared provider response retained; no count fabricated.,FT-SEED-R1B-P-1842-12,1842,meteorological observations
GOOGLE_BOOKS_API,GOOGLE_BOOKS_TOTAL_ITEMS,meteorological observations,"""meteorological observations""",ALL_AVAILABLE,,,NOT_RUN_PROVIDER_QUOTA,,,2026-08-26,2026-08-26T06:34:48Z,https://www.googleapis.com/books/v1/volumes,https://www.googleapis.com/books/v1/volumes?q=%22meteorological+observations%22&langRestrict=en&maxResults=1&printType=books,EXACT_PHRASE,data/fear-temperature/priority180/search/raw/google_books/provider_quota_probe.json,e3b0c44298fc1c149afbf4c8996fb92427ae41e4649b934ca495991b7852b855,Provider runtime probe returned project quota 0; no candidate count was fabricated. Internet Archive is the completed primary bounded source.,FT-SEED-R1B-P-1842-12,1842,meteorological observations
INTERNET_ARCHIVE,INTERNET_ARCHIVE_METADATA_TEXT_ITEM_COUNT,meteorological journal,"""meteorological journal"" AND mediatype:texts",ALL_AVAILABLE,,,COMPLETED_NONZERO,411,411,2026-08-26,2026-08-26T06:23:55Z,https://archive.org/advancedsearch.php,https://archive.org/advancedsearch.php?q=%22meteorological+journal%22+AND+mediatype%3Atexts&fl%5B%5D=identifier&rows=0&page=1&output=json,EXACT_PHRASE,data/fear-temperature/priority180/search/raw/internet_archive/e371727b1ccac686631126adb989ddca1fd0e995d35031568e4fdbeb1154d141.json,a24e2d74bd18cf7f6e0bcf137ce2a76b5a56ec34cd6afd634508e78db4862d89,Metadata text-item count; not a full-text lexical frequency.,FT-SEED-R1B-P-1842-13,1842,meteorological journal
INTERNET_ARCHIVE,INTERNET_ARCHIVE_METADATA_TEXT_ITEM_COUNT,meteorological journal,"""meteorological journal"" AND mediatype:texts AND date:[1842-01-01 TO 1842-12-31]",STRICT_ANCHOR,1842,1842,COMPLETED_NONZERO,3,3,2026-08-26,2026-08-26T06:23:56Z,https://archive.org/advancedsearch.php,https://archive.org/advancedsearch.php?q=%22meteorological+journal%22+AND+mediatype%3Atexts+AND+date%3A%5B1842-01-01+TO+1842-12-31%5D&fl%5B%5D=identifier&rows=0&page=1&output=json,EXACT_PHRASE,data/fear-temperature/priority180/search/raw/internet_archive/118c664ef29bccb16df662e98aed7c101076955e73dba27ddbb870c568a03387.json,984373912faf5b7bde2daa6d80c88c4afff769f268ed1e048ab6893dcc7be721,Metadata text-item count; not a full-text lexical frequency.,FT-SEED-R1B-P-1842-13,1842,meteorological journal
INTERNET_ARCHIVE,INTERNET_ARCHIVE_METADATA_TEXT_ITEM_COUNT,meteorological journal,"""meteorological journal"" AND mediatype:texts AND date:[1839-01-01 TO 1845-12-31]",CONTEXTUAL_ANCHOR,1839,1845,COMPLETED_NONZERO,19,19,2026-08-26,2026-08-26T06:23:57Z,https://archive.org/advancedsearch.php,https://archive.org/advancedsearch.php?q=%22meteorological+journal%22+AND+mediatype%3Atexts+AND+date%3A%5B1839-01-01+TO+1845-12-31%5D&fl%5B%5D=identifier&rows=0&page=1&output=json,EXACT_PHRASE,data/fear-temperature/priority180/search/raw/internet_archive/ff78e2200992ad0108f7697e38c23dd4eae642fd8fd8ad1f73ed01262a04284d.json,19b18aaac44b4b11307ace55b081880f37bbc6b7174d090b26e07ff6c3c8b772,Metadata text-item count; not a full-text lexical frequency.,FT-SEED-R1B-P-1842-13,1842,meteorological journal
OPENALEX,OPENALEX_WORK_COUNT,meteorological journal,"""meteorological journal""",ALL_AVAILABLE,,,FAILED_PROVIDER_OR_REQUEST,,,2026-08-26,2026-08-26T06:32:35Z,https://api.openalex.org/works,https://api.openalex.org/works?search.exact=%22meteorological+journal%22&per-page=1&select=id,EXACT_PHRASE,data/fear-temperature/priority180/search/raw/openalex/001ff270c019b110925dff02355af60b2732fbb1b2e7cc2f26622c0a26bc4809.json,e3b0c44298fc1c149afbf4c8996fb92427ae41e4649b934ca495991b7852b855,NOT_RUN_OPENALEX_DAILY_BUDGET_EXHAUSTED: shared provider response retained; no count fabricated.,FT-SEED-R1B-P-1842-13,1842,meteorological journal
OPENALEX,OPENALEX_WORK_COUNT,meteorological journal,"""meteorological journal""",STRICT_ANCHOR,1842,1842,FAILED_PROVIDER_OR_REQUEST,,,2026-08-26,2026-08-26T06:32:35Z,https://api.openalex.org/works,https://api.openalex.org/works?search.exact=%22meteorological+journal%22&per-page=1&select=id&filter=from_publication_date%3A1842-01-01%2Cto_publication_date%3A1842-12-31,EXACT_PHRASE,data/fear-temperature/priority180/search/raw/openalex/001ff270c019b110925dff02355af60b2732fbb1b2e7cc2f26622c0a26bc4809.json,e3b0c44298fc1c149afbf4c8996fb92427ae41e4649b934ca495991b7852b855,NOT_RUN_OPENALEX_DAILY_BUDGET_EXHAUSTED: shared provider response retained; no count fabricated.,FT-SEED-R1B-P-1842-13,1842,meteorological journal
OPENALEX,OPENALEX_WORK_COUNT,meteorological journal,"""meteorological journal""",CONTEXTUAL_ANCHOR,1839,1845,FAILED_PROVIDER_OR_REQUEST,,,2026-08-26,2026-08-26T06:32:35Z,https://api.openalex.org/works,https://api.openalex.org/works?search.exact=%22meteorological+journal%22&per-page=1&select=id&filter=from_publication_date%3A1839-01-01%2Cto_publication_date%3A1845-12-31,EXACT_PHRASE,data/fear-temperature/priority180/search/raw/openalex/001ff270c019b110925dff02355af60b2732fbb1b2e7cc2f26622c0a26bc4809.json,e3b0c44298fc1c149afbf4c8996fb92427ae41e4649b934ca495991b7852b855,NOT_RUN_OPENALEX_DAILY_BUDGET_EXHAUSTED: shared provider response retained; no count fabricated.,FT-SEED-R1B-P-1842-13,1842,meteorological journal
GOOGLE_BOOKS_API,GOOGLE_BOOKS_TOTAL_ITEMS,meteorological journal,"""meteorological journal""",ALL_AVAILABLE,,,NOT_RUN_PROVIDER_QUOTA,,,2026-08-26,2026-08-26T06:34:48Z,https://www.googleapis.com/books/v1/volumes,https://www.googleapis.com/books/v1/volumes?q=%22meteorological+journal%22&langRestrict=en&maxResults=1&printType=books,EXACT_PHRASE,data/fear-temperature/priority180/search/raw/google_books/provider_quota_probe.json,e3b0c44298fc1c149afbf4c8996fb92427ae41e4649b934ca495991b7852b855,Provider runtime probe returned project quota 0; no candidate count was fabricated. Internet Archive is the completed primary bounded source.,FT-SEED-R1B-P-1842-13,1842,meteorological journal
INTERNET_ARCHIVE,INTERNET_ARCHIVE_METADATA_TEXT_ITEM_COUNT,weather,"""weather"" AND mediatype:texts",ALL_AVAILABLE,,,COMPLETED_NONZERO,67834,67834,2026-08-26,2026-08-26T06:26:57Z,https://archive.org/advancedsearch.php,https://archive.org/advancedsearch.php?q=%22weather%22+AND+mediatype%3Atexts&fl%5B%5D=identifier&rows=0&page=1&output=json,EXACT_PHRASE,data/fear-temperature/priority180/search/raw/internet_archive/562fa77df191f6ab2d7cdb326ad8d7a1ef48f09e2852004718e47e3c67b5831d.json,59c8aa89ef516da2587d6e15117546f4028ef9788a51f5cb2b582cb576ba3377,Metadata text-item count; not a full-text lexical frequency.,FT-SEED-R1B-P-1842-14,1842,weather
INTERNET_ARCHIVE,INTERNET_ARCHIVE_METADATA_TEXT_ITEM_COUNT,weather,"""weather"" AND mediatype:texts AND date:[1842-01-01 TO 1842-12-31]",STRICT_ANCHOR,1842,1842,COMPLETED_NONZERO,18,18,2026-08-26,2026-08-26T06:26:58Z,https://archive.org/advancedsearch.php,https://archive.org/advancedsearch.php?q=%22weather%22+AND+mediatype%3Atexts+AND+date%3A%5B1842-01-01+TO+1842-12-31%5D&fl%5B%5D=identifier&rows=0&page=1&output=json,EXACT_PHRASE,data/fear-temperature/priority180/search/raw/internet_archive/41f21bc1badb87be9421ecd393530d783e5729b16939df0ecf1a20084e383a7e.json,3211a8ab4d4405a82557f1ce7bf49c02d081142535a9f43cac8459654f216168,Metadata text-item count; not a full-text lexical frequency.,FT-SEED-R1B-P-1842-14,1842,weather
INTERNET_ARCHIVE,INTERNET_ARCHIVE_METADATA_TEXT_ITEM_COUNT,weather,"""weather"" AND mediatype:texts AND date:[1839-01-01 TO 1845-12-31]",CONTEXTUAL_ANCHOR,1839,1845,COMPLETED_NONZERO,123,123,2026-08-26,2026-08-26T06:26:59Z,https://archive.org/advancedsearch.php,https://archive.org/advancedsearch.php?q=%22weather%22+AND+mediatype%3Atexts+AND+date%3A%5B1839-01-01+TO+1845-12-31%5D&fl%5B%5D=identifier&rows=0&page=1&output=json,EXACT_PHRASE,data/fear-temperature/priority180/search/raw/internet_archive/5ab9b021ed1b6f650103a23cf32512e2a334f1f4e9c62995abaca3b264c99baf.json,a5da14d01293319fce15df1bb276ee1b35d9135fdbdc82c1ecf28ac2df3b2428,Metadata text-item count; not a full-text lexical frequency.,FT-SEED-R1B-P-1842-14,1842,weather
OPENALEX,OPENALEX_WORK_COUNT,weather,"""weather""",ALL_AVAILABLE,,,FAILED_PROVIDER_OR_REQUEST,,,2026-08-26,2026-08-26T06:32:35Z,https://api.openalex.org/works,https://api.openalex.org/works?search.exact=%22weather%22&per-page=1&select=id,EXACT_PHRASE,data/fear-temperature/priority180/search/raw/openalex/001ff270c019b110925dff02355af60b2732fbb1b2e7cc2f26622c0a26bc4809.json,e3b0c44298fc1c149afbf4c8996fb92427ae41e4649b934ca495991b7852b855,NOT_RUN_OPENALEX_DAILY_BUDGET_EXHAUSTED: shared provider response retained; no count fabricated.,FT-SEED-R1B-P-1842-14,1842,weather
OPENALEX,OPENALEX_WORK_COUNT,weather,"""weather""",STRICT_ANCHOR,1842,1842,FAILED_PROVIDER_OR_REQUEST,,,2026-08-26,2026-08-26T06:32:35Z,https://api.openalex.org/works,https://api.openalex.org/works?search.exact=%22weather%22&per-page=1&select=id&filter=from_publication_date%3A1842-01-01%2Cto_publication_date%3A1842-12-31,EXACT_PHRASE,data/fear-temperature/priority180/search/raw/openalex/001ff270c019b110925dff02355af60b2732fbb1b2e7cc2f26622c0a26bc4809.json,e3b0c44298fc1c149afbf4c8996fb92427ae41e4649b934ca495991b7852b855,NOT_RUN_OPENALEX_DAILY_BUDGET_EXHAUSTED: shared provider response retained; no count fabricated.,FT-SEED-R1B-P-1842-14,1842,weather
OPENALEX,OPENALEX_WORK_COUNT,weather,"""weather""",CONTEXTUAL_ANCHOR,1839,1845,FAILED_PROVIDER_OR_REQUEST,,,2026-08-26,2026-08-26T06:32:35Z,https://api.openalex.org/works,https://api.openalex.org/works?search.exact=%22weather%22&per-page=1&select=id&filter=from_publication_date%3A1839-01-01%2Cto_publication_date%3A1845-12-31,EXACT_PHRASE,data/fear-temperature/priority180/search/raw/openalex/001ff270c019b110925dff02355af60b2732fbb1b2e7cc2f26622c0a26bc4809.json,e3b0c44298fc1c149afbf4c8996fb92427ae41e4649b934ca495991b7852b855,NOT_RUN_OPENALEX_DAILY_BUDGET_EXHAUSTED: shared provider response retained; no count fabricated.,FT-SEED-R1B-P-1842-14,1842,weather
GOOGLE_BOOKS_API,GOOGLE_BOOKS_TOTAL_ITEMS,weather,"""weather""",ALL_AVAILABLE,,,NOT_RUN_PROVIDER_QUOTA,,,2026-08-26,2026-08-26T06:34:48Z,https://www.googleapis.com/books/v1/volumes,https://www.googleapis.com/books/v1/volumes?q=%22weather%22&langRestrict=en&maxResults=1&printType=books,EXACT_PHRASE,data/fear-temperature/priority180/search/raw/google_books/provider_quota_probe.json,e3b0c44298fc1c149afbf4c8996fb92427ae41e4649b934ca495991b7852b855,Provider runtime probe returned project quota 0; no candidate count was fabricated. Internet Archive is the completed primary bounded source.,FT-SEED-R1B-P-1842-14,1842,weather
INTERNET_ARCHIVE,INTERNET_ARCHIVE_METADATA_TEXT_ITEM_COUNT,climate,"""climate"" AND mediatype:texts",ALL_AVAILABLE,,,COMPLETED_NONZERO,76386,76386,2026-08-26,2026-08-26T06:19:48Z,https://archive.org/advancedsearch.php,https://archive.org/advancedsearch.php?q=%22climate%22+AND+mediatype%3Atexts&fl%5B%5D=identifier&rows=0&page=1&output=json,EXACT_PHRASE,data/fear-temperature/priority180/search/raw/internet_archive/7a716cf60e077a98b4d2cc9254fa28ae88b619423416da1c26e3b63ebbb91ce4.json,a5d98fe0cce87c3613faa281b2e964040f0d4ae84624c3f0683e212583cbbf01,Metadata text-item count; not a full-text lexical frequency.,FT-SEED-R1B-P-1842-15,1842,climate
INTERNET_ARCHIVE,INTERNET_ARCHIVE_METADATA_TEXT_ITEM_COUNT,climate,"""climate"" AND mediatype:texts AND date:[1842-01-01 TO 1842-12-31]",STRICT_ANCHOR,1842,1842,COMPLETED_NONZERO,21,21,2026-08-26,2026-08-26T06:19:49Z,https://archive.org/advancedsearch.php,https://archive.org/advancedsearch.php?q=%22climate%22+AND+mediatype%3Atexts+AND+date%3A%5B1842-01-01+TO+1842-12-31%5D&fl%5B%5D=identifier&rows=0&page=1&output=json,EXACT_PHRASE,data/fear-temperature/priority180/search/raw/internet_archive/fbf1efd8faa9cac9ff7c3a2de2535e93e801f96a94d389eab68c3f0db158641b.json,3ae3720e07d3342ad97c547e4e7b6be19f14856be17d3125b651ff1a1ea3f76f,Metadata text-item count; not a full-text lexical frequency.,FT-SEED-R1B-P-1842-15,1842,climate
INTERNET_ARCHIVE,INTERNET_ARCHIVE_METADATA_TEXT_ITEM_COUNT,climate,"""climate"" AND mediatype:texts AND date:[1839-01-01 TO 1845-12-31]",CONTEXTUAL_ANCHOR,1839,1845,COMPLETED_NONZERO,140,140,2026-08-26,2026-08-26T06:19:50Z,https://archive.org/advancedsearch.php,https://archive.org/advancedsearch.php?q=%22climate%22+AND+mediatype%3Atexts+AND+date%3A%5B1839-01-01+TO+1845-12-31%5D&fl%5B%5D=identifier&rows=0&page=1&output=json,EXACT_PHRASE,data/fear-temperature/priority180/search/raw/internet_archive/09348053a781b9b8e89b234e32c0ca3489c1803f9974b78d1e0610bee3e7d8bf.json,065eb23d3bde58e797528aed5c9982bc667e8d717376ff324485dcebfde89d85,Metadata text-item count; not a full-text lexical frequency.,FT-SEED-R1B-P-1842-15,1842,climate
OPENALEX,OPENALEX_WORK_COUNT,climate,"""climate""",ALL_AVAILABLE,,,COMPLETED_NONZERO,5536434,5536434,2026-08-26,2026-08-26T06:28:19Z,https://api.openalex.org/works,https://api.openalex.org/works?search.exact=%22climate%22&per-page=1&select=id,EXACT_PHRASE,data/fear-temperature/priority180/search/raw/openalex/246800b39f3e8b902cb041d2bcc1d511ed39c9ce283a9e911209d46cd3ac1650.json,7608ca2596d28c8ce27109eef52c57d60f9ce93ad2f8a659285e14cb95ccbdd5,Scholarly work discoverability count over OpenAlex search fields; not a corpus word frequency.,FT-SEED-R1B-P-1842-15,1842,climate
OPENALEX,OPENALEX_WORK_COUNT,climate,"""climate""",STRICT_ANCHOR,1842,1842,COMPLETED_NONZERO,70,70,2026-08-26,2026-08-26T06:28:20Z,https://api.openalex.org/works,https://api.openalex.org/works?search.exact=%22climate%22&per-page=1&select=id&filter=from_publication_date%3A1842-01-01%2Cto_publication_date%3A1842-12-31,EXACT_PHRASE,data/fear-temperature/priority180/search/raw/openalex/ea4d243b5134ba1c816f79d145685c74bcf0d27a563c8f1f89a622e6b3196e86.json,7824c6984bb14d25b3261123d7bdb8a430b07a4acea21b4a298ab1198e410c65,Scholarly work discoverability count over OpenAlex search fields; not a corpus word frequency.,FT-SEED-R1B-P-1842-15,1842,climate
OPENALEX,OPENALEX_WORK_COUNT,climate,"""climate""",CONTEXTUAL_ANCHOR,1839,1845,COMPLETED_NONZERO,437,437,2026-08-26,2026-08-26T06:28:21Z,https://api.openalex.org/works,https://api.openalex.org/works?search.exact=%22climate%22&per-page=1&select=id&filter=from_publication_date%3A1839-01-01%2Cto_publication_date%3A1845-12-31,EXACT_PHRASE,data/fear-temperature/priority180/search/raw/openalex/a57f86d51bc5f6f14c9cd6520b3dc66cb003bee74ab3d60e6b6c1f4c48fa13e7.json,18ebd7af4ff06044c049191f05cff70eaf833293ffbfe1d051e435531108bc60,Scholarly work discoverability count over OpenAlex search fields; not a corpus word frequency.,FT-SEED-R1B-P-1842-15,1842,climate
GOOGLE_BOOKS_API,GOOGLE_BOOKS_TOTAL_ITEMS,climate,"""climate""",ALL_AVAILABLE,,,NOT_RUN_PROVIDER_QUOTA,,,2026-08-26,2026-08-26T06:34:48Z,https://www.googleapis.com/books/v1/volumes,https://www.googleapis.com/books/v1/volumes?q=%22climate%22&langRestrict=en&maxResults=1&printType=books,EXACT_PHRASE,data/fear-temperature/priority180/search/raw/google_books/provider_quota_probe.json,e3b0c44298fc1c149afbf4c8996fb92427ae41e4649b934ca495991b7852b855,Provider runtime probe returned project quota 0; no candidate count was fabricated. Internet Archive is the completed primary bounded source.,FT-SEED-R1B-P-1842-15,1842,climate
INTERNET_ARCHIVE,INTERNET_ARCHIVE_METADATA_TEXT_ITEM_COUNT,sun's heat,"""sun's heat"" AND mediatype:texts",ALL_AVAILABLE,,,COMPLETED_NONZERO,42,42,2026-08-26,2026-08-26T06:25:44Z,https://archive.org/advancedsearch.php,https://archive.org/advancedsearch.php?q=%22sun%27s+heat%22+AND+mediatype%3Atexts&fl%5B%5D=identifier&rows=0&page=1&output=json,EXACT_PHRASE,data/fear-temperature/priority180/search/raw/internet_archive/4d3662e4621dc89f5ac42fb64fc3cab2ae095816a8ff050a914f7eeae999d166.json,2a09da5f47915ab9afd5916dc9f92242e961b3a61a5e51a3d904de7ed5e64044,Metadata text-item count; not a full-text lexical frequency.,FT-SEED-R1B-P-1842-16,1842,sun's heat
INTERNET_ARCHIVE,INTERNET_ARCHIVE_METADATA_TEXT_ITEM_COUNT,sun's heat,"""sun's heat"" AND mediatype:texts AND date:[1842-01-01 TO 1842-12-31]",STRICT_ANCHOR,1842,1842,COMPLETED_ZERO,0,0,2026-08-26,2026-08-26T06:25:45Z,https://archive.org/advancedsearch.php,https://archive.org/advancedsearch.php?q=%22sun%27s+heat%22+AND+mediatype%3Atexts+AND+date%3A%5B1842-01-01+TO+1842-12-31%5D&fl%5B%5D=identifier&rows=0&page=1&output=json,EXACT_PHRASE,data/fear-temperature/priority180/search/raw/internet_archive/c124a28774ac1b9095caf01f8646347527aa779c5696d3d5b3d2ebacd9f7489e.json,86aebbdd38a7da8e615409717189fe8ac549561c9622a7e1e28343c5b2cb7cc0,Metadata text-item count; not a full-text lexical frequency.,FT-SEED-R1B-P-1842-16,1842,sun's heat
INTERNET_ARCHIVE,INTERNET_ARCHIVE_METADATA_TEXT_ITEM_COUNT,sun's heat,"""sun's heat"" AND mediatype:texts AND date:[1839-01-01 TO 1845-12-31]",CONTEXTUAL_ANCHOR,1839,1845,COMPLETED_ZERO,0,0,2026-08-26,2026-08-26T06:25:46Z,https://archive.org/advancedsearch.php,https://archive.org/advancedsearch.php?q=%22sun%27s+heat%22+AND+mediatype%3Atexts+AND+date%3A%5B1839-01-01+TO+1845-12-31%5D&fl%5B%5D=identifier&rows=0&page=1&output=json,EXACT_PHRASE,data/fear-temperature/priority180/search/raw/internet_archive/81d9cfd57c13d9cb51c8daa016813bc267cef49139f5f86850afd8212b270815.json,10a1506fa0530d22bac282fc565ad85ce1e7118b2d269354667d7e70ca0c5f01,Metadata text-item count; not a full-text lexical frequency.,FT-SEED-R1B-P-1842-16,1842,sun's heat
OPENALEX,OPENALEX_WORK_COUNT,sun's heat,"""sun's heat""",ALL_AVAILABLE,,,FAILED_PROVIDER_OR_REQUEST,,,2026-08-26,2026-08-26T06:32:35Z,https://api.openalex.org/works,https://api.openalex.org/works?search.exact=%22sun%27s+heat%22&per-page=1&select=id,EXACT_PHRASE,data/fear-temperature/priority180/search/raw/openalex/001ff270c019b110925dff02355af60b2732fbb1b2e7cc2f26622c0a26bc4809.json,e3b0c44298fc1c149afbf4c8996fb92427ae41e4649b934ca495991b7852b855,NOT_RUN_OPENALEX_DAILY_BUDGET_EXHAUSTED: shared provider response retained; no count fabricated.,FT-SEED-R1B-P-1842-16,1842,sun's heat
OPENALEX,OPENALEX_WORK_COUNT,sun's heat,"""sun's heat""",STRICT_ANCHOR,1842,1842,FAILED_PROVIDER_OR_REQUEST,,,2026-08-26,2026-08-26T06:32:35Z,https://api.openalex.org/works,https://api.openalex.org/works?search.exact=%22sun%27s+heat%22&per-page=1&select=id&filter=from_publication_date%3A1842-01-01%2Cto_publication_date%3A1842-12-31,EXACT_PHRASE,data/fear-temperature/priority180/search/raw/openalex/001ff270c019b110925dff02355af60b2732fbb1b2e7cc2f26622c0a26bc4809.json,e3b0c44298fc1c149afbf4c8996fb92427ae41e4649b934ca495991b7852b855,NOT_RUN_OPENALEX_DAILY_BUDGET_EXHAUSTED: shared provider response retained; no count fabricated.,FT-SEED-R1B-P-1842-16,1842,sun's heat
OPENALEX,OPENALEX_WORK_COUNT,sun's heat,"""sun's heat""",CONTEXTUAL_ANCHOR,1839,1845,FAILED_PROVIDER_OR_REQUEST,,,2026-08-26,2026-08-26T06:32:35Z,https://api.openalex.org/works,https://api.openalex.org/works?search.exact=%22sun%27s+heat%22&per-page=1&select=id&filter=from_publication_date%3A1839-01-01%2Cto_publication_date%3A1845-12-31,EXACT_PHRASE,data/fear-temperature/priority180/search/raw/openalex/001ff270c019b110925dff02355af60b2732fbb1b2e7cc2f26622c0a26bc4809.json,e3b0c44298fc1c149afbf4c8996fb92427ae41e4649b934ca495991b7852b855,NOT_RUN_OPENALEX_DAILY_BUDGET_EXHAUSTED: shared provider response retained; no count fabricated.,FT-SEED-R1B-P-1842-16,1842,sun's heat
GOOGLE_BOOKS_API,GOOGLE_BOOKS_TOTAL_ITEMS,sun's heat,"""sun's heat""",ALL_AVAILABLE,,,NOT_RUN_PROVIDER_QUOTA,,,2026-08-26,2026-08-26T06:34:48Z,https://www.googleapis.com/books/v1/volumes,https://www.googleapis.com/books/v1/volumes?q=%22sun%27s+heat%22&langRestrict=en&maxResults=1&printType=books,EXACT_PHRASE,data/fear-temperature/priority180/search/raw/google_books/provider_quota_probe.json,e3b0c44298fc1c149afbf4c8996fb92427ae41e4649b934ca495991b7852b855,Provider runtime probe returned project quota 0; no candidate count was fabricated. Internet Archive is the completed primary bounded source.,FT-SEED-R1B-P-1842-16,1842,sun's heat
INTERNET_ARCHIVE,INTERNET_ARCHIVE_METADATA_TEXT_ITEM_COUNT,radiation of the heat,"""radiation of the heat"" AND mediatype:texts",ALL_AVAILABLE,,,COMPLETED_NONZERO,1,1,2026-08-26,2026-08-26T06:24:48Z,https://archive.org/advancedsearch.php,https://archive.org/advancedsearch.php?q=%22radiation+of+the+heat%22+AND+mediatype%3Atexts&fl%5B%5D=identifier&rows=0&page=1&output=json,EXACT_PHRASE,data/fear-temperature/priority180/search/raw/internet_archive/26a3104ec6ab21db9f4077e887fe09d42582ccb666f835e9279fe3716f2db864.json,4a113e454b8055d5ee5c5e1f3b9d11c9e759704aec3c98ba4a3eb89499cc9d41,Metadata text-item count; not a full-text lexical frequency.,FT-SEED-R1B-P-1842-17,1842,radiation of the heat
INTERNET_ARCHIVE,INTERNET_ARCHIVE_METADATA_TEXT_ITEM_COUNT,radiation of the heat,"""radiation of the heat"" AND mediatype:texts AND date:[1842-01-01 TO 1842-12-31]",STRICT_ANCHOR,1842,1842,COMPLETED_ZERO,0,0,2026-08-26,2026-08-26T06:24:49Z,https://archive.org/advancedsearch.php,https://archive.org/advancedsearch.php?q=%22radiation+of+the+heat%22+AND+mediatype%3Atexts+AND+date%3A%5B1842-01-01+TO+1842-12-31%5D&fl%5B%5D=identifier&rows=0&page=1&output=json,EXACT_PHRASE,data/fear-temperature/priority180/search/raw/internet_archive/07b4b3abc5f4df425d9ae136c096be1ab4c58d1e16ece88ee39b0b5a29defd42.json,7145f56c048a02a6741c2481a8982048ca2ab5a5325671308b76ba9d983557b1,Metadata text-item count; not a full-text lexical frequency.,FT-SEED-R1B-P-1842-17,1842,radiation of the heat
INTERNET_ARCHIVE,INTERNET_ARCHIVE_METADATA_TEXT_ITEM_COUNT,radiation of the heat,"""radiation of the heat"" AND mediatype:texts AND date:[1839-01-01 TO 1845-12-31]",CONTEXTUAL_ANCHOR,1839,1845,COMPLETED_ZERO,0,0,2026-08-26,2026-08-26T06:24:50Z,https://archive.org/advancedsearch.php,https://archive.org/advancedsearch.php?q=%22radiation+of+the+heat%22+AND+mediatype%3Atexts+AND+date%3A%5B1839-01-01+TO+1845-12-31%5D&fl%5B%5D=identifier&rows=0&page=1&output=json,EXACT_PHRASE,data/fear-temperature/priority180/search/raw/internet_archive/5f314c85737603d65b5d35dd991df76145cf65ff299b574a96df8433872cb22c.json,39e1643649bbc1fcc0914c86f0e60afc6bb94ae977fcbdda7c0dabe9268fd255,Metadata text-item count; not a full-text lexical frequency.,FT-SEED-R1B-P-1842-17,1842,radiation of the heat
OPENALEX,OPENALEX_WORK_COUNT,radiation of the heat,"""radiation of the heat""",ALL_AVAILABLE,,,FAILED_PROVIDER_OR_REQUEST,,,2026-08-26,2026-08-26T06:32:35Z,https://api.openalex.org/works,https://api.openalex.org/works?search.exact=%22radiation+of+the+heat%22&per-page=1&select=id,EXACT_PHRASE,data/fear-temperature/priority180/search/raw/openalex/001ff270c019b110925dff02355af60b2732fbb1b2e7cc2f26622c0a26bc4809.json,e3b0c44298fc1c149afbf4c8996fb92427ae41e4649b934ca495991b7852b855,NOT_RUN_OPENALEX_DAILY_BUDGET_EXHAUSTED: shared provider response retained; no count fabricated.,FT-SEED-R1B-P-1842-17,1842,radiation of the heat
OPENALEX,OPENALEX_WORK_COUNT,radiation of the heat,"""radiation of the heat""",STRICT_ANCHOR,1842,1842,FAILED_PROVIDER_OR_REQUEST,,,2026-08-26,2026-08-26T06:32:35Z,https://api.openalex.org/works,https://api.openalex.org/works?search.exact=%22radiation+of+the+heat%22&per-page=1&select=id&filter=from_publication_date%3A1842-01-01%2Cto_publication_date%3A1842-12-31,EXACT_PHRASE,data/fear-temperature/priority180/search/raw/openalex/001ff270c019b110925dff02355af60b2732fbb1b2e7cc2f26622c0a26bc4809.json,e3b0c44298fc1c149afbf4c8996fb92427ae41e4649b934ca495991b7852b855,NOT_RUN_OPENALEX_DAILY_BUDGET_EXHAUSTED: shared provider response retained; no count fabricated.,FT-SEED-R1B-P-1842-17,1842,radiation of the heat
OPENALEX,OPENALEX_WORK_COUNT,radiation of the heat,"""radiation of the heat""",CONTEXTUAL_ANCHOR,1839,1845,FAILED_PROVIDER_OR_REQUEST,,,2026-08-26,2026-08-26T06:32:35Z,https://api.openalex.org/works,https://api.openalex.org/works?search.exact=%22radiation+of+the+heat%22&per-page=1&select=id&filter=from_publication_date%3A1839-01-01%2Cto_publication_date%3A1845-12-31,EXACT_PHRASE,data/fear-temperature/priority180/search/raw/openalex/001ff270c019b110925dff02355af60b2732fbb1b2e7cc2f26622c0a26bc4809.json,e3b0c44298fc1c149afbf4c8996fb92427ae41e4649b934ca495991b7852b855,NOT_RUN_OPENALEX_DAILY_BUDGET_EXHAUSTED: shared provider response retained; no count fabricated.,FT-SEED-R1B-P-1842-17,1842,radiation of the heat
GOOGLE_BOOKS_API,GOOGLE_BOOKS_TOTAL_ITEMS,radiation of the heat,"""radiation of the heat""",ALL_AVAILABLE,,,NOT_RUN_PROVIDER_QUOTA,,,2026-08-26,2026-08-26T06:34:48Z,https://www.googleapis.com/books/v1/volumes,https://www.googleapis.com/books/v1/volumes?q=%22radiation+of+the+heat%22&langRestrict=en&maxResults=1&printType=books,EXACT_PHRASE,data/fear-temperature/priority180/search/raw/google_books/provider_quota_probe.json,e3b0c44298fc1c149afbf4c8996fb92427ae41e4649b934ca495991b7852b855,Provider runtime probe returned project quota 0; no candidate count was fabricated. Internet Archive is the completed primary bounded source.,FT-SEED-R1B-P-1842-17,1842,radiation of the heat
INTERNET_ARCHIVE,INTERNET_ARCHIVE_METADATA_TEXT_ITEM_COUNT,changes of temperature,"""changes of temperature"" AND mediatype:texts",ALL_AVAILABLE,,,COMPLETED_NONZERO,75,75,2026-08-26,2026-08-26T06:19:42Z,https://archive.org/advancedsearch.php,https://archive.org/advancedsearch.php?q=%22changes+of+temperature%22+AND+mediatype%3Atexts&fl%5B%5D=identifier&rows=0&page=1&output=json,EXACT_PHRASE,data/fear-temperature/priority180/search/raw/internet_archive/53f16c1186327f828dd18c7025cdf41af1ff23d4583fe6d8925d7c99661e3404.json,53ee5cead2783003c517876528b18a872dddcd964ea2f792e1bd0a46d77a6085,Metadata text-item count; not a full-text lexical frequency.,FT-SEED-R1B-P-1842-18,1842,changes of temperature
INTERNET_ARCHIVE,INTERNET_ARCHIVE_METADATA_TEXT_ITEM_COUNT,changes of temperature,"""changes of temperature"" AND mediatype:texts AND date:[1842-01-01 TO 1842-12-31]",STRICT_ANCHOR,1842,1842,COMPLETED_ZERO,0,0,2026-08-26,2026-08-26T06:19:43Z,https://archive.org/advancedsearch.php,https://archive.org/advancedsearch.php?q=%22changes+of+temperature%22+AND+mediatype%3Atexts+AND+date%3A%5B1842-01-01+TO+1842-12-31%5D&fl%5B%5D=identifier&rows=0&page=1&output=json,EXACT_PHRASE,data/fear-temperature/priority180/search/raw/internet_archive/3713dc723780f2294e71e72219f8943509cf283b0ad94901433f4e6ef31f7cad.json,dd7e53a3eefc32dee50db6a5fe8ee39c8550a6a27e8c114540d40f819648361b,Metadata text-item count; not a full-text lexical frequency.,FT-SEED-R1B-P-1842-18,1842,changes of temperature
INTERNET_ARCHIVE,INTERNET_ARCHIVE_METADATA_TEXT_ITEM_COUNT,changes of temperature,"""changes of temperature"" AND mediatype:texts AND date:[1839-01-01 TO 1845-12-31]",CONTEXTUAL_ANCHOR,1839,1845,COMPLETED_NONZERO,4,4,2026-08-26,2026-08-26T06:19:44Z,https://archive.org/advancedsearch.php,https://archive.org/advancedsearch.php?q=%22changes+of+temperature%22+AND+mediatype%3Atexts+AND+date%3A%5B1839-01-01+TO+1845-12-31%5D&fl%5B%5D=identifier&rows=0&page=1&output=json,EXACT_PHRASE,data/fear-temperature/priority180/search/raw/internet_archive/1dbfd046b8596dba43b67ac4cd1ec3856d6290b99b348f972ffbabbcf9450595.json,4600a882ff6ecd51f08be44786f9f88c0ce7deb560400af498a6c0865b3af00c,Metadata text-item count; not a full-text lexical frequency.,FT-SEED-R1B-P-1842-18,1842,changes of temperature
OPENALEX,OPENALEX_WORK_COUNT,changes of temperature,"""changes of temperature""",ALL_AVAILABLE,,,COMPLETED_NONZERO,12037,12037,2026-08-26,2026-08-26T06:28:16Z,https://api.openalex.org/works,https://api.openalex.org/works?search.exact=%22changes+of+temperature%22&per-page=1&select=id,EXACT_PHRASE,data/fear-temperature/priority180/search/raw/openalex/a6d27263255f955a297749bb7038f64a2ebc2ce8442b2f757c0093210849a888.json,44e743148a6243fa1064fafb3e85db5e0d384bc9925b8230f17bf6f21880d311,Scholarly work discoverability count over OpenAlex search fields; not a corpus word frequency.,FT-SEED-R1B-P-1842-18,1842,changes of temperature
OPENALEX,OPENALEX_WORK_COUNT,changes of temperature,"""changes of temperature""",STRICT_ANCHOR,1842,1842,COMPLETED_NONZERO,2,2,2026-08-26,2026-08-26T06:28:16Z,https://api.openalex.org/works,https://api.openalex.org/works?search.exact=%22changes+of+temperature%22&per-page=1&select=id&filter=from_publication_date%3A1842-01-01%2Cto_publication_date%3A1842-12-31,EXACT_PHRASE,data/fear-temperature/priority180/search/raw/openalex/5efe3198d040ff15ec23a75d22a9ff0d450e58a13871eeaf29b553a7b5fb317c.json,f7c6b713f95b13fdb5d7b3f202979cfdc3cf599779a593838286935fa33d3af8,Scholarly work discoverability count over OpenAlex search fields; not a corpus word frequency.,FT-SEED-R1B-P-1842-18,1842,changes of temperature
OPENALEX,OPENALEX_WORK_COUNT,changes of temperature,"""changes of temperature""",CONTEXTUAL_ANCHOR,1839,1845,COMPLETED_NONZERO,19,19,2026-08-26,2026-08-26T06:28:17Z,https://api.openalex.org/works,https://api.openalex.org/works?search.exact=%22changes+of+temperature%22&per-page=1&select=id&filter=from_publication_date%3A1839-01-01%2Cto_publication_date%3A1845-12-31,EXACT_PHRASE,data/fear-temperature/priority180/search/raw/openalex/87a77d650b32a33cb9cbcd04ea5454d4d25fc1f97ec021d750c53f40130a60ac.json,6a056450bc694a68475354c50170becec8534d548fdf7bd4b534ff10a36bc50f,Scholarly work discoverability count over OpenAlex search fields; not a corpus word frequency.,FT-SEED-R1B-P-1842-18,1842,changes of temperature
GOOGLE_BOOKS_API,GOOGLE_BOOKS_TOTAL_ITEMS,changes of temperature,"""changes of temperature""",ALL_AVAILABLE,,,NOT_RUN_PROVIDER_QUOTA,,,2026-08-26,2026-08-26T06:34:48Z,https://www.googleapis.com/books/v1/volumes,https://www.googleapis.com/books/v1/volumes?q=%22changes+of+temperature%22&langRestrict=en&maxResults=1&printType=books,EXACT_PHRASE,data/fear-temperature/priority180/search/raw/google_books/provider_quota_probe.json,e3b0c44298fc1c149afbf4c8996fb92427ae41e4649b934ca495991b7852b855,Provider runtime probe returned project quota 0; no candidate count was fabricated. Internet Archive is the completed primary bounded source.,FT-SEED-R1B-P-1842-18,1842,changes of temperature
INTERNET_ARCHIVE,INTERNET_ARCHIVE_METADATA_TEXT_ITEM_COUNT,excessive heat,"""excessive heat"" AND mediatype:texts",ALL_AVAILABLE,,,COMPLETED_NONZERO,165,165,2026-08-26,2026-08-26T06:21:26Z,https://archive.org/advancedsearch.php,https://archive.org/advancedsearch.php?q=%22excessive+heat%22+AND+mediatype%3Atexts&fl%5B%5D=identifier&rows=0&page=1&output=json,EXACT_PHRASE,data/fear-temperature/priority180/search/raw/internet_archive/43836a2f132d16fa5386c41d7f9c8b154107f47cdab45eeb2efdea4aec538051.json,0f799ce67e721a9b4afcb0568c4ead58aab2de8317b427d025b645ed6afc28d1,Metadata text-item count; not a full-text lexical frequency.,FT-SEED-R1B-P-1842-19,1842,excessive heat
INTERNET_ARCHIVE,INTERNET_ARCHIVE_METADATA_TEXT_ITEM_COUNT,excessive heat,"""excessive heat"" AND mediatype:texts AND date:[1842-01-01 TO 1842-12-31]",STRICT_ANCHOR,1842,1842,COMPLETED_ZERO,0,0,2026-08-26,2026-08-26T06:21:27Z,https://archive.org/advancedsearch.php,https://archive.org/advancedsearch.php?q=%22excessive+heat%22+AND+mediatype%3Atexts+AND+date%3A%5B1842-01-01+TO+1842-12-31%5D&fl%5B%5D=identifier&rows=0&page=1&output=json,EXACT_PHRASE,data/fear-temperature/priority180/search/raw/internet_archive/495e67ac709901bf1354f128c0de53166cf2232c2649d357e4d3691214f0e972.json,fb235ba6ce6300d23e6079b1dd419688f892eb470f5971b9299389a6749395cf,Metadata text-item count; not a full-text lexical frequency.,FT-SEED-R1B-P-1842-19,1842,excessive heat
INTERNET_ARCHIVE,INTERNET_ARCHIVE_METADATA_TEXT_ITEM_COUNT,excessive heat,"""excessive heat"" AND mediatype:texts AND date:[1839-01-01 TO 1845-12-31]",CONTEXTUAL_ANCHOR,1839,1845,COMPLETED_ZERO,0,0,2026-08-26,2026-08-26T06:21:29Z,https://archive.org/advancedsearch.php,https://archive.org/advancedsearch.php?q=%22excessive+heat%22+AND+mediatype%3Atexts+AND+date%3A%5B1839-01-01+TO+1845-12-31%5D&fl%5B%5D=identifier&rows=0&page=1&output=json,EXACT_PHRASE,data/fear-temperature/priority180/search/raw/internet_archive/0a609c00c6e02f9e6f747e5832765eed9c90855a98103f76f591620f15b7a56d.json,2782aec2e0b1683d9ca0b86669f4f3be0415561dbe37be4712f12138e5710c3a,Metadata text-item count; not a full-text lexical frequency.,FT-SEED-R1B-P-1842-19,1842,excessive heat
OPENALEX,OPENALEX_WORK_COUNT,excessive heat,"""excessive heat""",ALL_AVAILABLE,,,FAILED_PROVIDER_OR_REQUEST,,,2026-08-26,2026-08-26T06:32:35Z,https://api.openalex.org/works,https://api.openalex.org/works?search.exact=%22excessive+heat%22&per-page=1&select=id,EXACT_PHRASE,data/fear-temperature/priority180/search/raw/openalex/001ff270c019b110925dff02355af60b2732fbb1b2e7cc2f26622c0a26bc4809.json,e3b0c44298fc1c149afbf4c8996fb92427ae41e4649b934ca495991b7852b855,NOT_RUN_OPENALEX_DAILY_BUDGET_EXHAUSTED: shared provider response retained; no count fabricated.,FT-SEED-R1B-P-1842-19,1842,excessive heat
OPENALEX,OPENALEX_WORK_COUNT,excessive heat,"""excessive heat""",STRICT_ANCHOR,1842,1842,FAILED_PROVIDER_OR_REQUEST,,,2026-08-26,2026-08-26T06:32:35Z,https://api.openalex.org/works,https://api.openalex.org/works?search.exact=%22excessive+heat%22&per-page=1&select=id&filter=from_publication_date%3A1842-01-01%2Cto_publication_date%3A1842-12-31,EXACT_PHRASE,data/fear-temperature/priority180/search/raw/openalex/001ff270c019b110925dff02355af60b2732fbb1b2e7cc2f26622c0a26bc4809.json,e3b0c44298fc1c149afbf4c8996fb92427ae41e4649b934ca495991b7852b855,NOT_RUN_OPENALEX_DAILY_BUDGET_EXHAUSTED: shared provider response retained; no count fabricated.,FT-SEED-R1B-P-1842-19,1842,excessive heat
OPENALEX,OPENALEX_WORK_COUNT,excessive heat,"""excessive heat""",CONTEXTUAL_ANCHOR,1839,1845,FAILED_PROVIDER_OR_REQUEST,,,2026-08-26,2026-08-26T06:32:35Z,https://api.openalex.org/works,https://api.openalex.org/works?search.exact=%22excessive+heat%22&per-page=1&select=id&filter=from_publication_date%3A1839-01-01%2Cto_publication_date%3A1845-12-31,EXACT_PHRASE,data/fear-temperature/priority180/search/raw/openalex/001ff270c019b110925dff02355af60b2732fbb1b2e7cc2f26622c0a26bc4809.json,e3b0c44298fc1c149afbf4c8996fb92427ae41e4649b934ca495991b7852b855,NOT_RUN_OPENALEX_DAILY_BUDGET_EXHAUSTED: shared provider response retained; no count fabricated.,FT-SEED-R1B-P-1842-19,1842,excessive heat
GOOGLE_BOOKS_API,GOOGLE_BOOKS_TOTAL_ITEMS,excessive heat,"""excessive heat""",ALL_AVAILABLE,,,NOT_RUN_PROVIDER_QUOTA,,,2026-08-26,2026-08-26T06:34:48Z,https://www.googleapis.com/books/v1/volumes,https://www.googleapis.com/books/v1/volumes?q=%22excessive+heat%22&langRestrict=en&maxResults=1&printType=books,EXACT_PHRASE,data/fear-temperature/priority180/search/raw/google_books/provider_quota_probe.json,e3b0c44298fc1c149afbf4c8996fb92427ae41e4649b934ca495991b7852b855,Provider runtime probe returned project quota 0; no candidate count was fabricated. Internet Archive is the completed primary bounded source.,FT-SEED-R1B-P-1842-19,1842,excessive heat
INTERNET_ARCHIVE,INTERNET_ARCHIVE_METADATA_TEXT_ITEM_COUNT,heat of the men,"""heat of the men"" AND mediatype:texts",ALL_AVAILABLE,,,COMPLETED_ZERO,0,0,2026-08-26,2026-08-26T06:22:43Z,https://archive.org/advancedsearch.php,https://archive.org/advancedsearch.php?q=%22heat+of+the+men%22+AND+mediatype%3Atexts&fl%5B%5D=identifier&rows=0&page=1&output=json,EXACT_PHRASE,data/fear-temperature/priority180/search/raw/internet_archive/3272cd3559d0914a4a62d0950190d6486d5b263d644aa0bb3dae7b0aeac4140c.json,89d50363fb458a4db66b9d6b490cc0d9d6f656a275086d50b555a8187d73114a,Metadata text-item count; not a full-text lexical frequency.,FT-SEED-R1B-P-1842-20,1842,heat of the men
INTERNET_ARCHIVE,INTERNET_ARCHIVE_METADATA_TEXT_ITEM_COUNT,heat of the men,"""heat of the men"" AND mediatype:texts AND date:[1842-01-01 TO 1842-12-31]",STRICT_ANCHOR,1842,1842,COMPLETED_ZERO,0,0,2026-08-26,2026-08-26T06:22:44Z,https://archive.org/advancedsearch.php,https://archive.org/advancedsearch.php?q=%22heat+of+the+men%22+AND+mediatype%3Atexts+AND+date%3A%5B1842-01-01+TO+1842-12-31%5D&fl%5B%5D=identifier&rows=0&page=1&output=json,EXACT_PHRASE,data/fear-temperature/priority180/search/raw/internet_archive/5979fb06fd718ef87736c01c92a6a81b3e09f9cb8d684e3034ad6ce3f31ed257.json,0bf3fa73ae9ce4d1d5e1f89b284a57c57a98c71dab80c9c7d8d3d69ee4e13807,Metadata text-item count; not a full-text lexical frequency.,FT-SEED-R1B-P-1842-20,1842,heat of the men
INTERNET_ARCHIVE,INTERNET_ARCHIVE_METADATA_TEXT_ITEM_COUNT,heat of the men,"""heat of the men"" AND mediatype:texts AND date:[1839-01-01 TO 1845-12-31]",CONTEXTUAL_ANCHOR,1839,1845,COMPLETED_ZERO,0,0,2026-08-26,2026-08-26T06:22:45Z,https://archive.org/advancedsearch.php,https://archive.org/advancedsearch.php?q=%22heat+of+the+men%22+AND+mediatype%3Atexts+AND+date%3A%5B1839-01-01+TO+1845-12-31%5D&fl%5B%5D=identifier&rows=0&page=1&output=json,EXACT_PHRASE,data/fear-temperature/priority180/search/raw/internet_archive/0778f1f6b34276c3c505f43793e2c21d0fad475aabf963d3d9467b17cd9cf666.json,e5f2f2c667a1a45cdee45f4a3593244be3d052007292c98a7a9af7d2528cd8d3,Metadata text-item count; not a full-text lexical frequency.,FT-SEED-R1B-P-1842-20,1842,heat of the men
OPENALEX,OPENALEX_WORK_COUNT,heat of the men,"""heat of the men""",ALL_AVAILABLE,,,FAILED_PROVIDER_OR_REQUEST,,,2026-08-26,2026-08-26T06:32:35Z,https://api.openalex.org/works,https://api.openalex.org/works?search.exact=%22heat+of+the+men%22&per-page=1&select=id,EXACT_PHRASE,data/fear-temperature/priority180/search/raw/openalex/001ff270c019b110925dff02355af60b2732fbb1b2e7cc2f26622c0a26bc4809.json,e3b0c44298fc1c149afbf4c8996fb92427ae41e4649b934ca495991b7852b855,NOT_RUN_OPENALEX_DAILY_BUDGET_EXHAUSTED: shared provider response retained; no count fabricated.,FT-SEED-R1B-P-1842-20,1842,heat of the men
OPENALEX,OPENALEX_WORK_COUNT,heat of the men,"""heat of the men""",STRICT_ANCHOR,1842,1842,FAILED_PROVIDER_OR_REQUEST,,,2026-08-26,2026-08-26T06:32:35Z,https://api.openalex.org/works,https://api.openalex.org/works?search.exact=%22heat+of+the+men%22&per-page=1&select=id&filter=from_publication_date%3A1842-01-01%2Cto_publication_date%3A1842-12-31,EXACT_PHRASE,data/fear-temperature/priority180/search/raw/openalex/001ff270c019b110925dff02355af60b2732fbb1b2e7cc2f26622c0a26bc4809.json,e3b0c44298fc1c149afbf4c8996fb92427ae41e4649b934ca495991b7852b855,NOT_RUN_OPENALEX_DAILY_BUDGET_EXHAUSTED: shared provider response retained; no count fabricated.,FT-SEED-R1B-P-1842-20,1842,heat of the men
OPENALEX,OPENALEX_WORK_COUNT,heat of the men,"""heat of the men""",CONTEXTUAL_ANCHOR,1839,1845,FAILED_PROVIDER_OR_REQUEST,,,2026-08-26,2026-08-26T06:32:35Z,https://api.openalex.org/works,https://api.openalex.org/works?search.exact=%22heat+of+the+men%22&per-page=1&select=id&filter=from_publication_date%3A1839-01-01%2Cto_publication_date%3A1845-12-31,EXACT_PHRASE,data/fear-temperature/priority180/search/raw/openalex/001ff270c019b110925dff02355af60b2732fbb1b2e7cc2f26622c0a26bc4809.json,e3b0c44298fc1c149afbf4c8996fb92427ae41e4649b934ca495991b7852b855,NOT_RUN_OPENALEX_DAILY_BUDGET_EXHAUSTED: shared provider response retained; no count fabricated.,FT-SEED-R1B-P-1842-20,1842,heat of the men
GOOGLE_BOOKS_API,GOOGLE_BOOKS_TOTAL_ITEMS,heat of the men,"""heat of the men""",ALL_AVAILABLE,,,NOT_RUN_PROVIDER_QUOTA,,,2026-08-26,2026-08-26T06:34:48Z,https://www.googleapis.com/books/v1/volumes,https://www.googleapis.com/books/v1/volumes?q=%22heat+of+the+men%22&langRestrict=en&maxResults=1&printType=books,EXACT_PHRASE,data/fear-temperature/priority180/search/raw/google_books/provider_quota_probe.json,e3b0c44298fc1c149afbf4c8996fb92427ae41e4649b934ca495991b7852b855,Provider runtime probe returned project quota 0; no candidate count was fabricated. Internet Archive is the completed primary bounded source.,FT-SEED-R1B-P-1842-20,1842,heat of the men
INTERNET_ARCHIVE,INTERNET_ARCHIVE_METADATA_TEXT_ITEM_COUNT,heat of the irons,"""heat of the irons"" AND mediatype:texts",ALL_AVAILABLE,,,COMPLETED_ZERO,0,0,2026-08-26,2026-08-26T06:22:40Z,https://archive.org/advancedsearch.php,https://archive.org/advancedsearch.php?q=%22heat+of+the+irons%22+AND+mediatype%3Atexts&fl%5B%5D=identifier&rows=0&page=1&output=json,EXACT_PHRASE,data/fear-temperature/priority180/search/raw/internet_archive/77b05afbc5186728d676cc44494a3c3d5d778d7102e94e7989e2d7b834ea9097.json,b45c08988eb84ec5c31c2b7056b662f80531ccc18d95656c902bbfdad72e09d5,Metadata text-item count; not a full-text lexical frequency.,FT-SEED-R1B-P-1842-21,1842,heat of the irons
INTERNET_ARCHIVE,INTERNET_ARCHIVE_METADATA_TEXT_ITEM_COUNT,heat of the irons,"""heat of the irons"" AND mediatype:texts AND date:[1842-01-01 TO 1842-12-31]",STRICT_ANCHOR,1842,1842,COMPLETED_ZERO,0,0,2026-08-26,2026-08-26T06:22:41Z,https://archive.org/advancedsearch.php,https://archive.org/advancedsearch.php?q=%22heat+of+the+irons%22+AND+mediatype%3Atexts+AND+date%3A%5B1842-01-01+TO+1842-12-31%5D&fl%5B%5D=identifier&rows=0&page=1&output=json,EXACT_PHRASE,data/fear-temperature/priority180/search/raw/internet_archive/c61eb8272f33d9720dfd7e4fac8c512f4748a05ada3f7747721e8b6187efff6e.json,a2550708e588095ade65800cdb7e585a25290772d73cea765be7502a3fc7a25d,Metadata text-item count; not a full-text lexical frequency.,FT-SEED-R1B-P-1842-21,1842,heat of the irons
INTERNET_ARCHIVE,INTERNET_ARCHIVE_METADATA_TEXT_ITEM_COUNT,heat of the irons,"""heat of the irons"" AND mediatype:texts AND date:[1839-01-01 TO 1845-12-31]",CONTEXTUAL_ANCHOR,1839,1845,COMPLETED_ZERO,0,0,2026-08-26,2026-08-26T06:22:42Z,https://archive.org/advancedsearch.php,https://archive.org/advancedsearch.php?q=%22heat+of+the+irons%22+AND+mediatype%3Atexts+AND+date%3A%5B1839-01-01+TO+1845-12-31%5D&fl%5B%5D=identifier&rows=0&page=1&output=json,EXACT_PHRASE,data/fear-temperature/priority180/search/raw/internet_archive/21edd6d842f419453d48c6dbf5780d3291ea936e82fcd44ae65a82b803c0de38.json,f7091ef17201c869d1aecf5de81104ddb634e63934e2e5a89a185d366d0ebc6e,Metadata text-item count; not a full-text lexical frequency.,FT-SEED-R1B-P-1842-21,1842,heat of the irons
OPENALEX,OPENALEX_WORK_COUNT,heat of the irons,"""heat of the irons""",ALL_AVAILABLE,,,FAILED_PROVIDER_OR_REQUEST,,,2026-08-26,2026-08-26T06:32:35Z,https://api.openalex.org/works,https://api.openalex.org/works?search.exact=%22heat+of+the+irons%22&per-page=1&select=id,EXACT_PHRASE,data/fear-temperature/priority180/search/raw/openalex/001ff270c019b110925dff02355af60b2732fbb1b2e7cc2f26622c0a26bc4809.json,e3b0c44298fc1c149afbf4c8996fb92427ae41e4649b934ca495991b7852b855,NOT_RUN_OPENALEX_DAILY_BUDGET_EXHAUSTED: shared provider response retained; no count fabricated.,FT-SEED-R1B-P-1842-21,1842,heat of the irons
OPENALEX,OPENALEX_WORK_COUNT,heat of the irons,"""heat of the irons""",STRICT_ANCHOR,1842,1842,FAILED_PROVIDER_OR_REQUEST,,,2026-08-26,2026-08-26T06:32:35Z,https://api.openalex.org/works,https://api.openalex.org/works?search.exact=%22heat+of+the+irons%22&per-page=1&select=id&filter=from_publication_date%3A1842-01-01%2Cto_publication_date%3A1842-12-31,EXACT_PHRASE,data/fear-temperature/priority180/search/raw/openalex/001ff270c019b110925dff02355af60b2732fbb1b2e7cc2f26622c0a26bc4809.json,e3b0c44298fc1c149afbf4c8996fb92427ae41e4649b934ca495991b7852b855,NOT_RUN_OPENALEX_DAILY_BUDGET_EXHAUSTED: shared provider response retained; no count fabricated.,FT-SEED-R1B-P-1842-21,1842,heat of the irons
OPENALEX,OPENALEX_WORK_COUNT,heat of the irons,"""heat of the irons""",CONTEXTUAL_ANCHOR,1839,1845,FAILED_PROVIDER_OR_REQUEST,,,2026-08-26,2026-08-26T06:32:35Z,https://api.openalex.org/works,https://api.openalex.org/works?search.exact=%22heat+of+the+irons%22&per-page=1&select=id&filter=from_publication_date%3A1839-01-01%2Cto_publication_date%3A1845-12-31,EXACT_PHRASE,data/fear-temperature/priority180/search/raw/openalex/001ff270c019b110925dff02355af60b2732fbb1b2e7cc2f26622c0a26bc4809.json,e3b0c44298fc1c149afbf4c8996fb92427ae41e4649b934ca495991b7852b855,NOT_RUN_OPENALEX_DAILY_BUDGET_EXHAUSTED: shared provider response retained; no count fabricated.,FT-SEED-R1B-P-1842-21,1842,heat of the irons
GOOGLE_BOOKS_API,GOOGLE_BOOKS_TOTAL_ITEMS,heat of the irons,"""heat of the irons""",ALL_AVAILABLE,,,NOT_RUN_PROVIDER_QUOTA,,,2026-08-26,2026-08-26T06:34:48Z,https://www.googleapis.com/books/v1/volumes,https://www.googleapis.com/books/v1/volumes?q=%22heat+of+the+irons%22&langRestrict=en&maxResults=1&printType=books,EXACT_PHRASE,data/fear-temperature/priority180/search/raw/google_books/provider_quota_probe.json,e3b0c44298fc1c149afbf4c8996fb92427ae41e4649b934ca495991b7852b855,Provider runtime probe returned project quota 0; no candidate count was fabricated. Internet Archive is the completed primary bounded source.,FT-SEED-R1B-P-1842-21,1842,heat of the irons
INTERNET_ARCHIVE,INTERNET_ARCHIVE_METADATA_TEXT_ITEM_COUNT,most suffocating,"""most suffocating"" AND mediatype:texts",ALL_AVAILABLE,,,COMPLETED_ZERO,0,0,2026-08-26,2026-08-26T06:24:08Z,https://archive.org/advancedsearch.php,https://archive.org/advancedsearch.php?q=%22most+suffocating%22+AND+mediatype%3Atexts&fl%5B%5D=identifier&rows=0&page=1&output=json,EXACT_PHRASE,data/fear-temperature/priority180/search/raw/internet_archive/9bbe8ae3d8a5c28ae118a2bc15514a715f8c9344048ca9bf033ebc6b5b966843.json,1ca5bac14e0e2839816369990876ac7bf5422a23cbeef3468f15b05dd156e24a,Metadata text-item count; not a full-text lexical frequency.,FT-SEED-R1B-P-1842-22,1842,most suffocating
INTERNET_ARCHIVE,INTERNET_ARCHIVE_METADATA_TEXT_ITEM_COUNT,most suffocating,"""most suffocating"" AND mediatype:texts AND date:[1842-01-01 TO 1842-12-31]",STRICT_ANCHOR,1842,1842,COMPLETED_ZERO,0,0,2026-08-26,2026-08-26T06:24:09Z,https://archive.org/advancedsearch.php,https://archive.org/advancedsearch.php?q=%22most+suffocating%22+AND+mediatype%3Atexts+AND+date%3A%5B1842-01-01+TO+1842-12-31%5D&fl%5B%5D=identifier&rows=0&page=1&output=json,EXACT_PHRASE,data/fear-temperature/priority180/search/raw/internet_archive/12279644c1e22a38a4a59d0950febef515c38930d1b11377a4758de1b9df3788.json,6b758ed822e3eab2e644c6c73ce39732ff76a5de00146d948fa2bef76bed586d,Metadata text-item count; not a full-text lexical frequency.,FT-SEED-R1B-P-1842-22,1842,most suffocating
INTERNET_ARCHIVE,INTERNET_ARCHIVE_METADATA_TEXT_ITEM_COUNT,most suffocating,"""most suffocating"" AND mediatype:texts AND date:[1839-01-01 TO 1845-12-31]",CONTEXTUAL_ANCHOR,1839,1845,COMPLETED_ZERO,0,0,2026-08-26,2026-08-26T06:24:10Z,https://archive.org/advancedsearch.php,https://archive.org/advancedsearch.php?q=%22most+suffocating%22+AND+mediatype%3Atexts+AND+date%3A%5B1839-01-01+TO+1845-12-31%5D&fl%5B%5D=identifier&rows=0&page=1&output=json,EXACT_PHRASE,data/fear-temperature/priority180/search/raw/internet_archive/4f32f692f00f86f95583675ee9a968e2970427870a75386747ca656604122528.json,a888aee812832c789d2e2769dc042efc1fc07b64707eea2ea0d41258d8ece60d,Metadata text-item count; not a full-text lexical frequency.,FT-SEED-R1B-P-1842-22,1842,most suffocating
OPENALEX,OPENALEX_WORK_COUNT,most suffocating,"""most suffocating""",ALL_AVAILABLE,,,FAILED_PROVIDER_OR_REQUEST,,,2026-08-26,2026-08-26T06:32:35Z,https://api.openalex.org/works,https://api.openalex.org/works?search.exact=%22most+suffocating%22&per-page=1&select=id,EXACT_PHRASE,data/fear-temperature/priority180/search/raw/openalex/001ff270c019b110925dff02355af60b2732fbb1b2e7cc2f26622c0a26bc4809.json,e3b0c44298fc1c149afbf4c8996fb92427ae41e4649b934ca495991b7852b855,NOT_RUN_OPENALEX_DAILY_BUDGET_EXHAUSTED: shared provider response retained; no count fabricated.,FT-SEED-R1B-P-1842-22,1842,most suffocating
OPENALEX,OPENALEX_WORK_COUNT,most suffocating,"""most suffocating""",STRICT_ANCHOR,1842,1842,FAILED_PROVIDER_OR_REQUEST,,,2026-08-26,2026-08-26T06:32:35Z,https://api.openalex.org/works,https://api.openalex.org/works?search.exact=%22most+suffocating%22&per-page=1&select=id&filter=from_publication_date%3A1842-01-01%2Cto_publication_date%3A1842-12-31,EXACT_PHRASE,data/fear-temperature/priority180/search/raw/openalex/001ff270c019b110925dff02355af60b2732fbb1b2e7cc2f26622c0a26bc4809.json,e3b0c44298fc1c149afbf4c8996fb92427ae41e4649b934ca495991b7852b855,NOT_RUN_OPENALEX_DAILY_BUDGET_EXHAUSTED: shared provider response retained; no count fabricated.,FT-SEED-R1B-P-1842-22,1842,most suffocating
OPENALEX,OPENALEX_WORK_COUNT,most suffocating,"""most suffocating""",CONTEXTUAL_ANCHOR,1839,1845,FAILED_PROVIDER_OR_REQUEST,,,2026-08-26,2026-08-26T06:32:35Z,https://api.openalex.org/works,https://api.openalex.org/works?search.exact=%22most+suffocating%22&per-page=1&select=id&filter=from_publication_date%3A1839-01-01%2Cto_publication_date%3A1845-12-31,EXACT_PHRASE,data/fear-temperature/priority180/search/raw/openalex/001ff270c019b110925dff02355af60b2732fbb1b2e7cc2f26622c0a26bc4809.json,e3b0c44298fc1c149afbf4c8996fb92427ae41e4649b934ca495991b7852b855,NOT_RUN_OPENALEX_DAILY_BUDGET_EXHAUSTED: shared provider response retained; no count fabricated.,FT-SEED-R1B-P-1842-22,1842,most suffocating
GOOGLE_BOOKS_API,GOOGLE_BOOKS_TOTAL_ITEMS,most suffocating,"""most suffocating""",ALL_AVAILABLE,,,NOT_RUN_PROVIDER_QUOTA,,,2026-08-26,2026-08-26T06:34:48Z,https://www.googleapis.com/books/v1/volumes,https://www.googleapis.com/books/v1/volumes?q=%22most+suffocating%22&langRestrict=en&maxResults=1&printType=books,EXACT_PHRASE,data/fear-temperature/priority180/search/raw/google_books/provider_quota_probe.json,e3b0c44298fc1c149afbf4c8996fb92427ae41e4649b934ca495991b7852b855,Provider runtime probe returned project quota 0; no candidate count was fabricated. Internet Archive is the completed primary bounded source.,FT-SEED-R1B-P-1842-22,1842,most suffocating
INTERNET_ARCHIVE,INTERNET_ARCHIVE_METADATA_TEXT_ITEM_COUNT,faint away,"""faint away"" AND mediatype:texts",ALL_AVAILABLE,,,COMPLETED_NONZERO,2,2,2026-08-26,2026-08-26T06:21:37Z,https://archive.org/advancedsearch.php,https://archive.org/advancedsearch.php?q=%22faint+away%22+AND+mediatype%3Atexts&fl%5B%5D=identifier&rows=0&page=1&output=json,EXACT_PHRASE,data/fear-temperature/priority180/search/raw/internet_archive/76855e5869611988ca7a7927c72bc2c92b6f5e49e64e0e5a37528a7bbf28abe9.json,3dfda262c537c303030ed21542fe6f97987fdc980f0c220d0b6067117a3307e9,Metadata text-item count; not a full-text lexical frequency.,FT-SEED-R1B-P-1842-23,1842,faint away
INTERNET_ARCHIVE,INTERNET_ARCHIVE_METADATA_TEXT_ITEM_COUNT,faint away,"""faint away"" AND mediatype:texts AND date:[1842-01-01 TO 1842-12-31]",STRICT_ANCHOR,1842,1842,COMPLETED_ZERO,0,0,2026-08-26,2026-08-26T06:21:38Z,https://archive.org/advancedsearch.php,https://archive.org/advancedsearch.php?q=%22faint+away%22+AND+mediatype%3Atexts+AND+date%3A%5B1842-01-01+TO+1842-12-31%5D&fl%5B%5D=identifier&rows=0&page=1&output=json,EXACT_PHRASE,data/fear-temperature/priority180/search/raw/internet_archive/3a2fcf7d12ac75adeab075b80e8468ea33f93581a078b7c93999f2e7273c76d4.json,37bd670984c74f873d8ee5b9a830258cfa457caeb5d863167491b187cc5ea8a3,Metadata text-item count; not a full-text lexical frequency.,FT-SEED-R1B-P-1842-23,1842,faint away
INTERNET_ARCHIVE,INTERNET_ARCHIVE_METADATA_TEXT_ITEM_COUNT,faint away,"""faint away"" AND mediatype:texts AND date:[1839-01-01 TO 1845-12-31]",CONTEXTUAL_ANCHOR,1839,1845,COMPLETED_ZERO,0,0,2026-08-26,2026-08-26T06:21:39Z,https://archive.org/advancedsearch.php,https://archive.org/advancedsearch.php?q=%22faint+away%22+AND+mediatype%3Atexts+AND+date%3A%5B1839-01-01+TO+1845-12-31%5D&fl%5B%5D=identifier&rows=0&page=1&output=json,EXACT_PHRASE,data/fear-temperature/priority180/search/raw/internet_archive/f8b13dd804cb3c35b6f1948f9d488b5c9382d3fe88ab5935baa53bc475ce0b96.json,4a65be8ddf62acf55d328520f7baf3058c29bce535c9350b81de398059881552,Metadata text-item count; not a full-text lexical frequency.,FT-SEED-R1B-P-1842-23,1842,faint away
OPENALEX,OPENALEX_WORK_COUNT,faint away,"""faint away""",ALL_AVAILABLE,,,FAILED_PROVIDER_OR_REQUEST,,,2026-08-26,2026-08-26T06:32:35Z,https://api.openalex.org/works,https://api.openalex.org/works?search.exact=%22faint+away%22&per-page=1&select=id,EXACT_PHRASE,data/fear-temperature/priority180/search/raw/openalex/001ff270c019b110925dff02355af60b2732fbb1b2e7cc2f26622c0a26bc4809.json,e3b0c44298fc1c149afbf4c8996fb92427ae41e4649b934ca495991b7852b855,NOT_RUN_OPENALEX_DAILY_BUDGET_EXHAUSTED: shared provider response retained; no count fabricated.,FT-SEED-R1B-P-1842-23,1842,faint away
OPENALEX,OPENALEX_WORK_COUNT,faint away,"""faint away""",STRICT_ANCHOR,1842,1842,FAILED_PROVIDER_OR_REQUEST,,,2026-08-26,2026-08-26T06:32:35Z,https://api.openalex.org/works,https://api.openalex.org/works?search.exact=%22faint+away%22&per-page=1&select=id&filter=from_publication_date%3A1842-01-01%2Cto_publication_date%3A1842-12-31,EXACT_PHRASE,data/fear-temperature/priority180/search/raw/openalex/001ff270c019b110925dff02355af60b2732fbb1b2e7cc2f26622c0a26bc4809.json,e3b0c44298fc1c149afbf4c8996fb92427ae41e4649b934ca495991b7852b855,NOT_RUN_OPENALEX_DAILY_BUDGET_EXHAUSTED: shared provider response retained; no count fabricated.,FT-SEED-R1B-P-1842-23,1842,faint away
OPENALEX,OPENALEX_WORK_COUNT,faint away,"""faint away""",CONTEXTUAL_ANCHOR,1839,1845,FAILED_PROVIDER_OR_REQUEST,,,2026-08-26,2026-08-26T06:32:35Z,https://api.openalex.org/works,https://api.openalex.org/works?search.exact=%22faint+away%22&per-page=1&select=id&filter=from_publication_date%3A1839-01-01%2Cto_publication_date%3A1845-12-31,EXACT_PHRASE,data/fear-temperature/priority180/search/raw/openalex/001ff270c019b110925dff02355af60b2732fbb1b2e7cc2f26622c0a26bc4809.json,e3b0c44298fc1c149afbf4c8996fb92427ae41e4649b934ca495991b7852b855,NOT_RUN_OPENALEX_DAILY_BUDGET_EXHAUSTED: shared provider response retained; no count fabricated.,FT-SEED-R1B-P-1842-23,1842,faint away
GOOGLE_BOOKS_API,GOOGLE_BOOKS_TOTAL_ITEMS,faint away,"""faint away""",ALL_AVAILABLE,,,NOT_RUN_PROVIDER_QUOTA,,,2026-08-26,2026-08-26T06:34:48Z,https://www.googleapis.com/books/v1/volumes,https://www.googleapis.com/books/v1/volumes?q=%22faint+away%22&langRestrict=en&maxResults=1&printType=books,EXACT_PHRASE,data/fear-temperature/priority180/search/raw/google_books/provider_quota_probe.json,e3b0c44298fc1c149afbf4c8996fb92427ae41e4649b934ca495991b7852b855,Provider runtime probe returned project quota 0; no candidate count was fabricated. Internet Archive is the completed primary bounded source.,FT-SEED-R1B-P-1842-23,1842,faint away
INTERNET_ARCHIVE,INTERNET_ARCHIVE_METADATA_TEXT_ITEM_COUNT,perspiration,"""perspiration"" AND mediatype:texts",ALL_AVAILABLE,,,COMPLETED_NONZERO,551,551,2026-08-26,2026-08-26T06:24:22Z,https://archive.org/advancedsearch.php,https://archive.org/advancedsearch.php?q=%22perspiration%22+AND+mediatype%3Atexts&fl%5B%5D=identifier&rows=0&page=1&output=json,EXACT_PHRASE,data/fear-temperature/priority180/search/raw/internet_archive/5d3190be55b48142153b7ce3f38bb1bca3677398521ef75cb088a9b61298ce64.json,f22535571688082da62787b2beefe42a370c6623ec30ea4017b75101a3c3ae32,Metadata text-item count; not a full-text lexical frequency.,FT-SEED-R1B-P-1842-24,1842,perspiration
INTERNET_ARCHIVE,INTERNET_ARCHIVE_METADATA_TEXT_ITEM_COUNT,perspiration,"""perspiration"" AND mediatype:texts AND date:[1842-01-01 TO 1842-12-31]",STRICT_ANCHOR,1842,1842,COMPLETED_ZERO,0,0,2026-08-26,2026-08-26T06:24:23Z,https://archive.org/advancedsearch.php,https://archive.org/advancedsearch.php?q=%22perspiration%22+AND+mediatype%3Atexts+AND+date%3A%5B1842-01-01+TO+1842-12-31%5D&fl%5B%5D=identifier&rows=0&page=1&output=json,EXACT_PHRASE,data/fear-temperature/priority180/search/raw/internet_archive/dddf97ac2ee4be405773df0a09f2c5c86bdcbfc2692b5f3cf0d026ad9321b75d.json,6dc6dc050fb17e405eab14f3a0319e2f6ccc547dc831867d246a76e1925d0e47,Metadata text-item count; not a full-text lexical frequency.,FT-SEED-R1B-P-1842-24,1842,perspiration
INTERNET_ARCHIVE,INTERNET_ARCHIVE_METADATA_TEXT_ITEM_COUNT,perspiration,"""perspiration"" AND mediatype:texts AND date:[1839-01-01 TO 1845-12-31]",CONTEXTUAL_ANCHOR,1839,1845,COMPLETED_NONZERO,2,2,2026-08-26,2026-08-26T06:24:24Z,https://archive.org/advancedsearch.php,https://archive.org/advancedsearch.php?q=%22perspiration%22+AND+mediatype%3Atexts+AND+date%3A%5B1839-01-01+TO+1845-12-31%5D&fl%5B%5D=identifier&rows=0&page=1&output=json,EXACT_PHRASE,data/fear-temperature/priority180/search/raw/internet_archive/e6205031b27a34d1edf986a4d3787916faf4b1645e18bed9988da70a8e8ebe43.json,e733e738e8987a7dcefc6ebb6cae3a2fb392a7fa95a9b69b00c0a5477f9dcdfc,Metadata text-item count; not a full-text lexical frequency.,FT-SEED-R1B-P-1842-24,1842,perspiration
OPENALEX,OPENALEX_WORK_COUNT,perspiration,"""perspiration""",ALL_AVAILABLE,,,FAILED_PROVIDER_OR_REQUEST,,,2026-08-26,2026-08-26T06:32:35Z,https://api.openalex.org/works,https://api.openalex.org/works?search.exact=%22perspiration%22&per-page=1&select=id,EXACT_PHRASE,data/fear-temperature/priority180/search/raw/openalex/001ff270c019b110925dff02355af60b2732fbb1b2e7cc2f26622c0a26bc4809.json,e3b0c44298fc1c149afbf4c8996fb92427ae41e4649b934ca495991b7852b855,NOT_RUN_OPENALEX_DAILY_BUDGET_EXHAUSTED: shared provider response retained; no count fabricated.,FT-SEED-R1B-P-1842-24,1842,perspiration
OPENALEX,OPENALEX_WORK_COUNT,perspiration,"""perspiration""",STRICT_ANCHOR,1842,1842,FAILED_PROVIDER_OR_REQUEST,,,2026-08-26,2026-08-26T06:32:35Z,https://api.openalex.org/works,https://api.openalex.org/works?search.exact=%22perspiration%22&per-page=1&select=id&filter=from_publication_date%3A1842-01-01%2Cto_publication_date%3A1842-12-31,EXACT_PHRASE,data/fear-temperature/priority180/search/raw/openalex/001ff270c019b110925dff02355af60b2732fbb1b2e7cc2f26622c0a26bc4809.json,e3b0c44298fc1c149afbf4c8996fb92427ae41e4649b934ca495991b7852b855,NOT_RUN_OPENALEX_DAILY_BUDGET_EXHAUSTED: shared provider response retained; no count fabricated.,FT-SEED-R1B-P-1842-24,1842,perspiration
OPENALEX,OPENALEX_WORK_COUNT,perspiration,"""perspiration""",CONTEXTUAL_ANCHOR,1839,1845,FAILED_PROVIDER_OR_REQUEST,,,2026-08-26,2026-08-26T06:32:35Z,https://api.openalex.org/works,https://api.openalex.org/works?search.exact=%22perspiration%22&per-page=1&select=id&filter=from_publication_date%3A1839-01-01%2Cto_publication_date%3A1845-12-31,EXACT_PHRASE,data/fear-temperature/priority180/search/raw/openalex/001ff270c019b110925dff02355af60b2732fbb1b2e7cc2f26622c0a26bc4809.json,e3b0c44298fc1c149afbf4c8996fb92427ae41e4649b934ca495991b7852b855,NOT_RUN_OPENALEX_DAILY_BUDGET_EXHAUSTED: shared provider response retained; no count fabricated.,FT-SEED-R1B-P-1842-24,1842,perspiration
GOOGLE_BOOKS_API,GOOGLE_BOOKS_TOTAL_ITEMS,perspiration,"""perspiration""",ALL_AVAILABLE,,,NOT_RUN_PROVIDER_QUOTA,,,2026-08-26,2026-08-26T06:34:48Z,https://www.googleapis.com/books/v1/volumes,https://www.googleapis.com/books/v1/volumes?q=%22perspiration%22&langRestrict=en&maxResults=1&printType=books,EXACT_PHRASE,data/fear-temperature/priority180/search/raw/google_books/provider_quota_probe.json,e3b0c44298fc1c149afbf4c8996fb92427ae41e4649b934ca495991b7852b855,Provider runtime probe returned project quota 0; no candidate count was fabricated. Internet Archive is the completed primary bounded source.,FT-SEED-R1B-P-1842-24,1842,perspiration
INTERNET_ARCHIVE,INTERNET_ARCHIVE_METADATA_TEXT_ITEM_COUNT,depressing effect,"""depressing effect"" AND mediatype:texts",ALL_AVAILABLE,,,COMPLETED_NONZERO,62,62,2026-08-26,2026-08-26T06:20:47Z,https://archive.org/advancedsearch.php,https://archive.org/advancedsearch.php?q=%22depressing+effect%22+AND+mediatype%3Atexts&fl%5B%5D=identifier&rows=0&page=1&output=json,EXACT_PHRASE,data/fear-temperature/priority180/search/raw/internet_archive/531a6a5aca8feeeb118b27f20a5c5b753824fc2cd810c6cce1e68b5f7d1a0fc1.json,c9aa42dbfce09345d1c5dc74d63f9e588dfb8a7a14252788bd3806695ca976d8,Metadata text-item count; not a full-text lexical frequency.,FT-SEED-R1B-P-1842-25,1842,depressing effect
INTERNET_ARCHIVE,INTERNET_ARCHIVE_METADATA_TEXT_ITEM_COUNT,depressing effect,"""depressing effect"" AND mediatype:texts AND date:[1842-01-01 TO 1842-12-31]",STRICT_ANCHOR,1842,1842,COMPLETED_ZERO,0,0,2026-08-26,2026-08-26T06:20:48Z,https://archive.org/advancedsearch.php,https://archive.org/advancedsearch.php?q=%22depressing+effect%22+AND+mediatype%3Atexts+AND+date%3A%5B1842-01-01+TO+1842-12-31%5D&fl%5B%5D=identifier&rows=0&page=1&output=json,EXACT_PHRASE,data/fear-temperature/priority180/search/raw/internet_archive/781072f98a24b3e937f8c2250ab6ea1f4e18ad149a315a7c2bf00fdd4b67ba46.json,df2e2fcbdfff47f29a7077da4c5d1ca77707e180f6f526db1b6e0e6eea8920a7,Metadata text-item count; not a full-text lexical frequency.,FT-SEED-R1B-P-1842-25,1842,depressing effect
INTERNET_ARCHIVE,INTERNET_ARCHIVE_METADATA_TEXT_ITEM_COUNT,depressing effect,"""depressing effect"" AND mediatype:texts AND date:[1839-01-01 TO 1845-12-31]",CONTEXTUAL_ANCHOR,1839,1845,COMPLETED_ZERO,0,0,2026-08-26,2026-08-26T06:20:49Z,https://archive.org/advancedsearch.php,https://archive.org/advancedsearch.php?q=%22depressing+effect%22+AND+mediatype%3Atexts+AND+date%3A%5B1839-01-01+TO+1845-12-31%5D&fl%5B%5D=identifier&rows=0&page=1&output=json,EXACT_PHRASE,data/fear-temperature/priority180/search/raw/internet_archive/9467f4460b40a288330c22dfd22745339f3419070fb8dab7707b2b1824be0c91.json,b4ac33fbbd08ab884b4ae68179fc7bad1492ee114a23e3a3c7eca38139ba1855,Metadata text-item count; not a full-text lexical frequency.,FT-SEED-R1B-P-1842-25,1842,depressing effect
OPENALEX,OPENALEX_WORK_COUNT,depressing effect,"""depressing effect""",ALL_AVAILABLE,,,FAILED_PROVIDER_OR_REQUEST,,,2026-08-26,2026-08-26T06:32:35Z,https://api.openalex.org/works,https://api.openalex.org/works?search.exact=%22depressing+effect%22&per-page=1&select=id,EXACT_PHRASE,data/fear-temperature/priority180/search/raw/openalex/001ff270c019b110925dff02355af60b2732fbb1b2e7cc2f26622c0a26bc4809.json,e3b0c44298fc1c149afbf4c8996fb92427ae41e4649b934ca495991b7852b855,NOT_RUN_OPENALEX_DAILY_BUDGET_EXHAUSTED: shared provider response retained; no count fabricated.,FT-SEED-R1B-P-1842-25,1842,depressing effect
OPENALEX,OPENALEX_WORK_COUNT,depressing effect,"""depressing effect""",STRICT_ANCHOR,1842,1842,FAILED_PROVIDER_OR_REQUEST,,,2026-08-26,2026-08-26T06:32:35Z,https://api.openalex.org/works,https://api.openalex.org/works?search.exact=%22depressing+effect%22&per-page=1&select=id&filter=from_publication_date%3A1842-01-01%2Cto_publication_date%3A1842-12-31,EXACT_PHRASE,data/fear-temperature/priority180/search/raw/openalex/001ff270c019b110925dff02355af60b2732fbb1b2e7cc2f26622c0a26bc4809.json,e3b0c44298fc1c149afbf4c8996fb92427ae41e4649b934ca495991b7852b855,NOT_RUN_OPENALEX_DAILY_BUDGET_EXHAUSTED: shared provider response retained; no count fabricated.,FT-SEED-R1B-P-1842-25,1842,depressing effect
OPENALEX,OPENALEX_WORK_COUNT,depressing effect,"""depressing effect""",CONTEXTUAL_ANCHOR,1839,1845,FAILED_PROVIDER_OR_REQUEST,,,2026-08-26,2026-08-26T06:32:35Z,https://api.openalex.org/works,https://api.openalex.org/works?search.exact=%22depressing+effect%22&per-page=1&select=id&filter=from_publication_date%3A1839-01-01%2Cto_publication_date%3A1845-12-31,EXACT_PHRASE,data/fear-temperature/priority180/search/raw/openalex/001ff270c019b110925dff02355af60b2732fbb1b2e7cc2f26622c0a26bc4809.json,e3b0c44298fc1c149afbf4c8996fb92427ae41e4649b934ca495991b7852b855,NOT_RUN_OPENALEX_DAILY_BUDGET_EXHAUSTED: shared provider response retained; no count fabricated.,FT-SEED-R1B-P-1842-25,1842,depressing effect
GOOGLE_BOOKS_API,GOOGLE_BOOKS_TOTAL_ITEMS,depressing effect,"""depressing effect""",ALL_AVAILABLE,,,NOT_RUN_PROVIDER_QUOTA,,,2026-08-26,2026-08-26T06:34:48Z,https://www.googleapis.com/books/v1/volumes,https://www.googleapis.com/books/v1/volumes?q=%22depressing+effect%22&langRestrict=en&maxResults=1&printType=books,EXACT_PHRASE,data/fear-temperature/priority180/search/raw/google_books/provider_quota_probe.json,e3b0c44298fc1c149afbf4c8996fb92427ae41e4649b934ca495991b7852b855,Provider runtime probe returned project quota 0; no candidate count was fabricated. Internet Archive is the completed primary bounded source.,FT-SEED-R1B-P-1842-25,1842,depressing effect
INTERNET_ARCHIVE,INTERNET_ARCHIVE_METADATA_TEXT_ITEM_COUNT,complain of the heat,"""complain of the heat"" AND mediatype:texts",ALL_AVAILABLE,,,COMPLETED_ZERO,0,0,2026-08-26,2026-08-26T06:20:16Z,https://archive.org/advancedsearch.php,https://archive.org/advancedsearch.php?q=%22complain+of+the+heat%22+AND+mediatype%3Atexts&fl%5B%5D=identifier&rows=0&page=1&output=json,EXACT_PHRASE,data/fear-temperature/priority180/search/raw/internet_archive/7e4bf2b3f8983e157f3acbcb7599bfa00456704721dcc6a2abc924ef41e2b4ad.json,32bae7b79a86849c3d143adf0efe3ce88c0932087a08307894a12e04fc947af1,Metadata text-item count; not a full-text lexical frequency.,FT-SEED-R1B-P-1842-26,1842,complain of the heat
INTERNET_ARCHIVE,INTERNET_ARCHIVE_METADATA_TEXT_ITEM_COUNT,complain of the heat,"""complain of the heat"" AND mediatype:texts AND date:[1842-01-01 TO 1842-12-31]",STRICT_ANCHOR,1842,1842,COMPLETED_ZERO,0,0,2026-08-26,2026-08-26T06:20:17Z,https://archive.org/advancedsearch.php,https://archive.org/advancedsearch.php?q=%22complain+of+the+heat%22+AND+mediatype%3Atexts+AND+date%3A%5B1842-01-01+TO+1842-12-31%5D&fl%5B%5D=identifier&rows=0&page=1&output=json,EXACT_PHRASE,data/fear-temperature/priority180/search/raw/internet_archive/d8c408ceb35303358bf71bd96af4ce1266b2cffc1b3f946f84f61b0eee58b377.json,2b42ffc9ad924e1b8426ebdf3b76bc54ce31034b754474ad6633d79ba01cbf85,Metadata text-item count; not a full-text lexical frequency.,FT-SEED-R1B-P-1842-26,1842,complain of the heat
INTERNET_ARCHIVE,INTERNET_ARCHIVE_METADATA_TEXT_ITEM_COUNT,complain of the heat,"""complain of the heat"" AND mediatype:texts AND date:[1839-01-01 TO 1845-12-31]",CONTEXTUAL_ANCHOR,1839,1845,COMPLETED_ZERO,0,0,2026-08-26,2026-08-26T06:20:18Z,https://archive.org/advancedsearch.php,https://archive.org/advancedsearch.php?q=%22complain+of+the+heat%22+AND+mediatype%3Atexts+AND+date%3A%5B1839-01-01+TO+1845-12-31%5D&fl%5B%5D=identifier&rows=0&page=1&output=json,EXACT_PHRASE,data/fear-temperature/priority180/search/raw/internet_archive/efac5dadbfae15cf124e25145044aa81e5a79dd4c5533ddeccf6cc8ec554cb39.json,faeeae2373b3ed5274ff6caa9286ce181e2810a9eda59dbf376e42a7eab3c72b,Metadata text-item count; not a full-text lexical frequency.,FT-SEED-R1B-P-1842-26,1842,complain of the heat
OPENALEX,OPENALEX_WORK_COUNT,complain of the heat,"""complain of the heat""",ALL_AVAILABLE,,,COMPLETED_NONZERO,9,9,2026-08-26,2026-08-26T06:28:37Z,https://api.openalex.org/works,https://api.openalex.org/works?search.exact=%22complain+of+the+heat%22&per-page=1&select=id,EXACT_PHRASE,data/fear-temperature/priority180/search/raw/openalex/dbe9f91925966968a419e9254feb256970c94cad4e62f9f06feb6bcb0f4b3675.json,294be3633d818033a81e5ac86b5160703b1f6940eed09bbfebe13d1b953ea4f7,Scholarly work discoverability count over OpenAlex search fields; not a corpus word frequency.,FT-SEED-R1B-P-1842-26,1842,complain of the heat
OPENALEX,OPENALEX_WORK_COUNT,complain of the heat,"""complain of the heat""",STRICT_ANCHOR,1842,1842,FAILED_PROVIDER_OR_REQUEST,,,2026-08-26,2026-08-26T06:28:53Z,https://api.openalex.org/works,https://api.openalex.org/works?search.exact=%22complain+of+the+heat%22&per-page=1&select=id&filter=from_publication_date%3A1842-01-01%2Cto_publication_date%3A1842-12-31,EXACT_PHRASE,data/fear-temperature/priority180/search/raw/openalex/fa922b80b3de977dbdc739911e778c8d6656d82dc7d5e3e990c0d0f102068a98.json,e3b0c44298fc1c149afbf4c8996fb92427ae41e4649b934ca495991b7852b855,"HTTP 429: {""error"":""Rate limit exceeded"",""message"":""Insufficient budget. This request costs $0.001 but you only have $0 remaining. Resets at midnight UTC. Need more? Add funds at https://openalex.org/pricing"",""retryAfter"":63067,""costUsd"":0.001,""daily",FT-SEED-R1B-P-1842-26,1842,complain of the heat
OPENALEX,OPENALEX_WORK_COUNT,complain of the heat,"""complain of the heat""",CONTEXTUAL_ANCHOR,1839,1845,FAILED_PROVIDER_OR_REQUEST,,,2026-08-26,2026-08-26T06:29:08Z,https://api.openalex.org/works,https://api.openalex.org/works?search.exact=%22complain+of+the+heat%22&per-page=1&select=id&filter=from_publication_date%3A1839-01-01%2Cto_publication_date%3A1845-12-31,EXACT_PHRASE,data/fear-temperature/priority180/search/raw/openalex/f8a9d4fabb587a3f7c2dd160f3ba14b0911a22906d0ce3f569570e5c4d0d23bc.json,e3b0c44298fc1c149afbf4c8996fb92427ae41e4649b934ca495991b7852b855,"HTTP 429: {""error"":""Rate limit exceeded"",""message"":""Insufficient budget. This request costs $0.001 but you only have $0 remaining. Resets at midnight UTC. Need more? Add funds at https://openalex.org/pricing"",""retryAfter"":63052,""costUsd"":0.001,""daily",FT-SEED-R1B-P-1842-26,1842,complain of the heat
GOOGLE_BOOKS_API,GOOGLE_BOOKS_TOTAL_ITEMS,complain of the heat,"""complain of the heat""",ALL_AVAILABLE,,,NOT_RUN_PROVIDER_QUOTA,,,2026-08-26,2026-08-26T06:34:48Z,https://www.googleapis.com/books/v1/volumes,https://www.googleapis.com/books/v1/volumes?q=%22complain+of+the+heat%22&langRestrict=en&maxResults=1&printType=books,EXACT_PHRASE,data/fear-temperature/priority180/search/raw/google_books/provider_quota_probe.json,e3b0c44298fc1c149afbf4c8996fb92427ae41e4649b934ca495991b7852b855,Provider runtime probe returned project quota 0; no candidate count was fabricated. Internet Archive is the completed primary bounded source.,FT-SEED-R1B-P-1842-26,1842,complain of the heat
INTERNET_ARCHIVE,INTERNET_ARCHIVE_METADATA_TEXT_ITEM_COUNT,premature heat of the weather,"""premature heat of the weather"" AND mediatype:texts",ALL_AVAILABLE,,,COMPLETED_ZERO,0,0,2026-08-26,2026-08-26T06:24:38Z,https://archive.org/advancedsearch.php,https://archive.org/advancedsearch.php?q=%22premature+heat+of+the+weather%22+AND+mediatype%3Atexts&fl%5B%5D=identifier&rows=0&page=1&output=json,EXACT_PHRASE,data/fear-temperature/priority180/search/raw/internet_archive/69fa3b1e52b651740a2324d7c31b5194e514a6a4a8521fe547481d2df55227b8.json,5fe24a85ec45f7974890ce48ffc4e551188062131b9d06ce4cb7a41859ffdf4a,Metadata text-item count; not a full-text lexical frequency.,FT-SEED-R1B-P-1842-27,1842,premature heat of the weather
INTERNET_ARCHIVE,INTERNET_ARCHIVE_METADATA_TEXT_ITEM_COUNT,premature heat of the weather,"""premature heat of the weather"" AND mediatype:texts AND date:[1842-01-01 TO 1842-12-31]",STRICT_ANCHOR,1842,1842,COMPLETED_ZERO,0,0,2026-08-26,2026-08-26T06:24:39Z,https://archive.org/advancedsearch.php,https://archive.org/advancedsearch.php?q=%22premature+heat+of+the+weather%22+AND+mediatype%3Atexts+AND+date%3A%5B1842-01-01+TO+1842-12-31%5D&fl%5B%5D=identifier&rows=0&page=1&output=json,EXACT_PHRASE,data/fear-temperature/priority180/search/raw/internet_archive/a14e33ea5d533b9f2e35a61caa9fc8ce30ffe22b6bcccf91d871c3593e55490a.json,8dfae9b26b8f72aea39af3f429763f3353e5f87f11658bc5d31ea7968f213c97,Metadata text-item count; not a full-text lexical frequency.,FT-SEED-R1B-P-1842-27,1842,premature heat of the weather
INTERNET_ARCHIVE,INTERNET_ARCHIVE_METADATA_TEXT_ITEM_COUNT,premature heat of the weather,"""premature heat of the weather"" AND mediatype:texts AND date:[1839-01-01 TO 1845-12-31]",CONTEXTUAL_ANCHOR,1839,1845,COMPLETED_ZERO,0,0,2026-08-26,2026-08-26T06:24:40Z,https://archive.org/advancedsearch.php,https://archive.org/advancedsearch.php?q=%22premature+heat+of+the+weather%22+AND+mediatype%3Atexts+AND+date%3A%5B1839-01-01+TO+1845-12-31%5D&fl%5B%5D=identifier&rows=0&page=1&output=json,EXACT_PHRASE,data/fear-temperature/priority180/search/raw/internet_archive/7414d3d41bd492ab78ae74c2a19e640d284cdec2eb2924db7af685d1bd41baf8.json,4967fb0e66b7f64408821659e9c4c649adb88649e579f3bfe6902d7ef58110d1,Metadata text-item count; not a full-text lexical frequency.,FT-SEED-R1B-P-1842-27,1842,premature heat of the weather
OPENALEX,OPENALEX_WORK_COUNT,premature heat of the weather,"""premature heat of the weather""",ALL_AVAILABLE,,,FAILED_PROVIDER_OR_REQUEST,,,2026-08-26,2026-08-26T06:32:35Z,https://api.openalex.org/works,https://api.openalex.org/works?search.exact=%22premature+heat+of+the+weather%22&per-page=1&select=id,EXACT_PHRASE,data/fear-temperature/priority180/search/raw/openalex/001ff270c019b110925dff02355af60b2732fbb1b2e7cc2f26622c0a26bc4809.json,e3b0c44298fc1c149afbf4c8996fb92427ae41e4649b934ca495991b7852b855,NOT_RUN_OPENALEX_DAILY_BUDGET_EXHAUSTED: shared provider response retained; no count fabricated.,FT-SEED-R1B-P-1842-27,1842,premature heat of the weather
OPENALEX,OPENALEX_WORK_COUNT,premature heat of the weather,"""premature heat of the weather""",STRICT_ANCHOR,1842,1842,FAILED_PROVIDER_OR_REQUEST,,,2026-08-26,2026-08-26T06:32:35Z,https://api.openalex.org/works,https://api.openalex.org/works?search.exact=%22premature+heat+of+the+weather%22&per-page=1&select=id&filter=from_publication_date%3A1842-01-01%2Cto_publication_date%3A1842-12-31,EXACT_PHRASE,data/fear-temperature/priority180/search/raw/openalex/001ff270c019b110925dff02355af60b2732fbb1b2e7cc2f26622c0a26bc4809.json,e3b0c44298fc1c149afbf4c8996fb92427ae41e4649b934ca495991b7852b855,NOT_RUN_OPENALEX_DAILY_BUDGET_EXHAUSTED: shared provider response retained; no count fabricated.,FT-SEED-R1B-P-1842-27,1842,premature heat of the weather
OPENALEX,OPENALEX_WORK_COUNT,premature heat of the weather,"""premature heat of the weather""",CONTEXTUAL_ANCHOR,1839,1845,FAILED_PROVIDER_OR_REQUEST,,,2026-08-26,2026-08-26T06:32:35Z,https://api.openalex.org/works,https://api.openalex.org/works?search.exact=%22premature+heat+of+the+weather%22&per-page=1&select=id&filter=from_publication_date%3A1839-01-01%2Cto_publication_date%3A1845-12-31,EXACT_PHRASE,data/fear-temperature/priority180/search/raw/openalex/001ff270c019b110925dff02355af60b2732fbb1b2e7cc2f26622c0a26bc4809.json,e3b0c44298fc1c149afbf4c8996fb92427ae41e4649b934ca495991b7852b855,NOT_RUN_OPENALEX_DAILY_BUDGET_EXHAUSTED: shared provider response retained; no count fabricated.,FT-SEED-R1B-P-1842-27,1842,premature heat of the weather
GOOGLE_BOOKS_API,GOOGLE_BOOKS_TOTAL_ITEMS,premature heat of the weather,"""premature heat of the weather""",ALL_AVAILABLE,,,NOT_RUN_PROVIDER_QUOTA,,,2026-08-26,2026-08-26T06:34:48Z,https://www.googleapis.com/books/v1/volumes,https://www.googleapis.com/books/v1/volumes?q=%22premature+heat+of+the+weather%22&langRestrict=en&maxResults=1&printType=books,EXACT_PHRASE,data/fear-temperature/priority180/search/raw/google_books/provider_quota_probe.json,e3b0c44298fc1c149afbf4c8996fb92427ae41e4649b934ca495991b7852b855,Provider runtime probe returned project quota 0; no candidate count was fabricated. Internet Archive is the completed primary bounded source.,FT-SEED-R1B-P-1842-27,1842,premature heat of the weather
INTERNET_ARCHIVE,INTERNET_ARCHIVE_METADATA_TEXT_ITEM_COUNT,suffered more from cold than from heat,"""suffered more from cold than from heat"" AND mediatype:texts",ALL_AVAILABLE,,,COMPLETED_ZERO,0,0,2026-08-26,2026-08-26T06:25:41Z,https://archive.org/advancedsearch.php,https://archive.org/advancedsearch.php?q=%22suffered+more+from+cold+than+from+heat%22+AND+mediatype%3Atexts&fl%5B%5D=identifier&rows=0&page=1&output=json,EXACT_PHRASE,data/fear-temperature/priority180/search/raw/internet_archive/60ba5151e87f1bd7cc7254e4fab4e84d107551c898b6211b2fc03d4b31bec789.json,29ab665f0184ecbb6c38cc909034cf383b723f331567872844bdb9cd959e9634,Metadata text-item count; not a full-text lexical frequency.,FT-SEED-R1B-P-1842-28,1842,suffered more from cold than from heat
INTERNET_ARCHIVE,INTERNET_ARCHIVE_METADATA_TEXT_ITEM_COUNT,suffered more from cold than from heat,"""suffered more from cold than from heat"" AND mediatype:texts AND date:[1842-01-01 TO 1842-12-31]",STRICT_ANCHOR,1842,1842,COMPLETED_ZERO,0,0,2026-08-26,2026-08-26T06:25:42Z,https://archive.org/advancedsearch.php,https://archive.org/advancedsearch.php?q=%22suffered+more+from+cold+than+from+heat%22+AND+mediatype%3Atexts+AND+date%3A%5B1842-01-01+TO+1842-12-31%5D&fl%5B%5D=identifier&rows=0&page=1&output=json,EXACT_PHRASE,data/fear-temperature/priority180/search/raw/internet_archive/0bbf427abe1d00ceb3f0d1770fd2f6cf335991662c647d492928e039cb838eac.json,abfed5363cce26b03bb23f802cef343816bd5b35b182f479fc23659c71a03934,Metadata text-item count; not a full-text lexical frequency.,FT-SEED-R1B-P-1842-28,1842,suffered more from cold than from heat
INTERNET_ARCHIVE,INTERNET_ARCHIVE_METADATA_TEXT_ITEM_COUNT,suffered more from cold than from heat,"""suffered more from cold than from heat"" AND mediatype:texts AND date:[1839-01-01 TO 1845-12-31]",CONTEXTUAL_ANCHOR,1839,1845,COMPLETED_ZERO,0,0,2026-08-26,2026-08-26T06:25:43Z,https://archive.org/advancedsearch.php,https://archive.org/advancedsearch.php?q=%22suffered+more+from+cold+than+from+heat%22+AND+mediatype%3Atexts+AND+date%3A%5B1839-01-01+TO+1845-12-31%5D&fl%5B%5D=identifier&rows=0&page=1&output=json,EXACT_PHRASE,data/fear-temperature/priority180/search/raw/internet_archive/e94f2f46b569fa85664c909d993595f4e40c5104280919d6e4320fdf7500f9a2.json,e94ed3cd7ab20726ba44fac236df8c77415de1f46b7a81a34449fd8293f1a106,Metadata text-item count; not a full-text lexical frequency.,FT-SEED-R1B-P-1842-28,1842,suffered more from cold than from heat
OPENALEX,OPENALEX_WORK_COUNT,suffered more from cold than from heat,"""suffered more from cold than from heat""",ALL_AVAILABLE,,,FAILED_PROVIDER_OR_REQUEST,,,2026-08-26,2026-08-26T06:32:35Z,https://api.openalex.org/works,https://api.openalex.org/works?search.exact=%22suffered+more+from+cold+than+from+heat%22&per-page=1&select=id,EXACT_PHRASE,data/fear-temperature/priority180/search/raw/openalex/001ff270c019b110925dff02355af60b2732fbb1b2e7cc2f26622c0a26bc4809.json,e3b0c44298fc1c149afbf4c8996fb92427ae41e4649b934ca495991b7852b855,NOT_RUN_OPENALEX_DAILY_BUDGET_EXHAUSTED: shared provider response retained; no count fabricated.,FT-SEED-R1B-P-1842-28,1842,suffered more from cold than from heat
OPENALEX,OPENALEX_WORK_COUNT,suffered more from cold than from heat,"""suffered more from cold than from heat""",STRICT_ANCHOR,1842,1842,FAILED_PROVIDER_OR_REQUEST,,,2026-08-26,2026-08-26T06:32:35Z,https://api.openalex.org/works,https://api.openalex.org/works?search.exact=%22suffered+more+from+cold+than+from+heat%22&per-page=1&select=id&filter=from_publication_date%3A1842-01-01%2Cto_publication_date%3A1842-12-31,EXACT_PHRASE,data/fear-temperature/priority180/search/raw/openalex/001ff270c019b110925dff02355af60b2732fbb1b2e7cc2f26622c0a26bc4809.json,e3b0c44298fc1c149afbf4c8996fb92427ae41e4649b934ca495991b7852b855,NOT_RUN_OPENALEX_DAILY_BUDGET_EXHAUSTED: shared provider response retained; no count fabricated.,FT-SEED-R1B-P-1842-28,1842,suffered more from cold than from heat
OPENALEX,OPENALEX_WORK_COUNT,suffered more from cold than from heat,"""suffered more from cold than from heat""",CONTEXTUAL_ANCHOR,1839,1845,FAILED_PROVIDER_OR_REQUEST,,,2026-08-26,2026-08-26T06:32:35Z,https://api.openalex.org/works,https://api.openalex.org/works?search.exact=%22suffered+more+from+cold+than+from+heat%22&per-page=1&select=id&filter=from_publication_date%3A1839-01-01%2Cto_publication_date%3A1845-12-31,EXACT_PHRASE,data/fear-temperature/priority180/search/raw/openalex/001ff270c019b110925dff02355af60b2732fbb1b2e7cc2f26622c0a26bc4809.json,e3b0c44298fc1c149afbf4c8996fb92427ae41e4649b934ca495991b7852b855,NOT_RUN_OPENALEX_DAILY_BUDGET_EXHAUSTED: shared provider response retained; no count fabricated.,FT-SEED-R1B-P-1842-28,1842,suffered more from cold than from heat
GOOGLE_BOOKS_API,GOOGLE_BOOKS_TOTAL_ITEMS,suffered more from cold than from heat,"""suffered more from cold than from heat""",ALL_AVAILABLE,,,NOT_RUN_PROVIDER_QUOTA,,,2026-08-26,2026-08-26T06:34:48Z,https://www.googleapis.com/books/v1/volumes,https://www.googleapis.com/books/v1/volumes?q=%22suffered+more+from+cold+than+from+heat%22&langRestrict=en&maxResults=1&printType=books,EXACT_PHRASE,data/fear-temperature/priority180/search/raw/google_books/provider_quota_probe.json,e3b0c44298fc1c149afbf4c8996fb92427ae41e4649b934ca495991b7852b855,Provider runtime probe returned project quota 0; no candidate count was fabricated. Internet Archive is the completed primary bounded source.,FT-SEED-R1B-P-1842-28,1842,suffered more from cold than from heat
INTERNET_ARCHIVE,INTERNET_ARCHIVE_METADATA_TEXT_ITEM_COUNT,sickness and mortality,"""sickness and mortality"" AND mediatype:texts",ALL_AVAILABLE,,,COMPLETED_NONZERO,73,73,2026-08-26,2026-08-26T06:25:24Z,https://archive.org/advancedsearch.php,https://archive.org/advancedsearch.php?q=%22sickness+and+mortality%22+AND+mediatype%3Atexts&fl%5B%5D=identifier&rows=0&page=1&output=json,EXACT_PHRASE,data/fear-temperature/priority180/search/raw/internet_archive/3485b2b23be0c491c7931899193569617e69c10591580572f3e104b81846364f.json,3d566a3af9177bdc887b8111fc339042b974e7a421b12c72d26fee3f6c7f1d2f,Metadata text-item count; not a full-text lexical frequency.,FT-SEED-R1B-P-1842-29,1842,sickness and mortality
INTERNET_ARCHIVE,INTERNET_ARCHIVE_METADATA_TEXT_ITEM_COUNT,sickness and mortality,"""sickness and mortality"" AND mediatype:texts AND date:[1842-01-01 TO 1842-12-31]",STRICT_ANCHOR,1842,1842,COMPLETED_ZERO,0,0,2026-08-26,2026-08-26T06:25:25Z,https://archive.org/advancedsearch.php,https://archive.org/advancedsearch.php?q=%22sickness+and+mortality%22+AND+mediatype%3Atexts+AND+date%3A%5B1842-01-01+TO+1842-12-31%5D&fl%5B%5D=identifier&rows=0&page=1&output=json,EXACT_PHRASE,data/fear-temperature/priority180/search/raw/internet_archive/ef77063ba8cf92cbdbb57aa037d772fe9fb6c8c466253ac590cb0c2f2f5af7b9.json,1af1dee2d5504013337b979e511dcb6a88aaf622c65d7149d089e5736489f350,Metadata text-item count; not a full-text lexical frequency.,FT-SEED-R1B-P-1842-29,1842,sickness and mortality
INTERNET_ARCHIVE,INTERNET_ARCHIVE_METADATA_TEXT_ITEM_COUNT,sickness and mortality,"""sickness and mortality"" AND mediatype:texts AND date:[1839-01-01 TO 1845-12-31]",CONTEXTUAL_ANCHOR,1839,1845,COMPLETED_NONZERO,18,18,2026-08-26,2026-08-26T06:25:26Z,https://archive.org/advancedsearch.php,https://archive.org/advancedsearch.php?q=%22sickness+and+mortality%22+AND+mediatype%3Atexts+AND+date%3A%5B1839-01-01+TO+1845-12-31%5D&fl%5B%5D=identifier&rows=0&page=1&output=json,EXACT_PHRASE,data/fear-temperature/priority180/search/raw/internet_archive/fdb3429c349f8eaeb72654ea7cc7487c7d14db830945eb81e4f2cb648c2f9204.json,2e3a660e657ae8b4416c27ff837c3ae98865e19400ddfab4bcc0898369c91438,Metadata text-item count; not a full-text lexical frequency.,FT-SEED-R1B-P-1842-29,1842,sickness and mortality
OPENALEX,OPENALEX_WORK_COUNT,sickness and mortality,"""sickness and mortality""",ALL_AVAILABLE,,,FAILED_PROVIDER_OR_REQUEST,,,2026-08-26,2026-08-26T06:32:35Z,https://api.openalex.org/works,https://api.openalex.org/works?search.exact=%22sickness+and+mortality%22&per-page=1&select=id,EXACT_PHRASE,data/fear-temperature/priority180/search/raw/openalex/001ff270c019b110925dff02355af60b2732fbb1b2e7cc2f26622c0a26bc4809.json,e3b0c44298fc1c149afbf4c8996fb92427ae41e4649b934ca495991b7852b855,NOT_RUN_OPENALEX_DAILY_BUDGET_EXHAUSTED: shared provider response retained; no count fabricated.,FT-SEED-R1B-P-1842-29,1842,sickness and mortality
OPENALEX,OPENALEX_WORK_COUNT,sickness and mortality,"""sickness and mortality""",STRICT_ANCHOR,1842,1842,FAILED_PROVIDER_OR_REQUEST,,,2026-08-26,2026-08-26T06:32:35Z,https://api.openalex.org/works,https://api.openalex.org/works?search.exact=%22sickness+and+mortality%22&per-page=1&select=id&filter=from_publication_date%3A1842-01-01%2Cto_publication_date%3A1842-12-31,EXACT_PHRASE,data/fear-temperature/priority180/search/raw/openalex/001ff270c019b110925dff02355af60b2732fbb1b2e7cc2f26622c0a26bc4809.json,e3b0c44298fc1c149afbf4c8996fb92427ae41e4649b934ca495991b7852b855,NOT_RUN_OPENALEX_DAILY_BUDGET_EXHAUSTED: shared provider response retained; no count fabricated.,FT-SEED-R1B-P-1842-29,1842,sickness and mortality
OPENALEX,OPENALEX_WORK_COUNT,sickness and mortality,"""sickness and mortality""",CONTEXTUAL_ANCHOR,1839,1845,FAILED_PROVIDER_OR_REQUEST,,,2026-08-26,2026-08-26T06:32:35Z,https://api.openalex.org/works,https://api.openalex.org/works?search.exact=%22sickness+and+mortality%22&per-page=1&select=id&filter=from_publication_date%3A1839-01-01%2Cto_publication_date%3A1845-12-31,EXACT_PHRASE,data/fear-temperature/priority180/search/raw/openalex/001ff270c019b110925dff02355af60b2732fbb1b2e7cc2f26622c0a26bc4809.json,e3b0c44298fc1c149afbf4c8996fb92427ae41e4649b934ca495991b7852b855,NOT_RUN_OPENALEX_DAILY_BUDGET_EXHAUSTED: shared provider response retained; no count fabricated.,FT-SEED-R1B-P-1842-29,1842,sickness and mortality
GOOGLE_BOOKS_API,GOOGLE_BOOKS_TOTAL_ITEMS,sickness and mortality,"""sickness and mortality""",ALL_AVAILABLE,,,NOT_RUN_PROVIDER_QUOTA,,,2026-08-26,2026-08-26T06:34:48Z,https://www.googleapis.com/books/v1/volumes,https://www.googleapis.com/books/v1/volumes?q=%22sickness+and+mortality%22&langRestrict=en&maxResults=1&printType=books,EXACT_PHRASE,data/fear-temperature/priority180/search/raw/google_books/provider_quota_probe.json,e3b0c44298fc1c149afbf4c8996fb92427ae41e4649b934ca495991b7852b855,Provider runtime probe returned project quota 0; no candidate count was fabricated. Internet Archive is the completed primary bounded source.,FT-SEED-R1B-P-1842-29,1842,sickness and mortality
INTERNET_ARCHIVE,INTERNET_ARCHIVE_METADATA_TEXT_ITEM_COUNT,alarm to the public,"""alarm to the public"" AND mediatype:texts",ALL_AVAILABLE,,,COMPLETED_NONZERO,3,3,2026-08-26,2026-08-26T06:18:57Z,https://archive.org/advancedsearch.php,https://archive.org/advancedsearch.php?q=%22alarm+to+the+public%22+AND+mediatype%3Atexts&fl%5B%5D=identifier&rows=0&page=1&output=json,EXACT_PHRASE,data/fear-temperature/priority180/search/raw/internet_archive/d66c881f5f6897087dafcb0d899c283e12c7de499f910277cc1e15b0120dc070.json,adf7566cf7a1d1056f246e8f71d81836c2ceb202231fe6f95532b7ee580b008a,Metadata text-item count; not a full-text lexical frequency.,FT-SEED-R1B-P-1842-30,1842,alarm to the public
INTERNET_ARCHIVE,INTERNET_ARCHIVE_METADATA_TEXT_ITEM_COUNT,alarm to the public,"""alarm to the public"" AND mediatype:texts AND date:[1842-01-01 TO 1842-12-31]",STRICT_ANCHOR,1842,1842,COMPLETED_ZERO,0,0,2026-08-26,2026-08-26T06:18:58Z,https://archive.org/advancedsearch.php,https://archive.org/advancedsearch.php?q=%22alarm+to+the+public%22+AND+mediatype%3Atexts+AND+date%3A%5B1842-01-01+TO+1842-12-31%5D&fl%5B%5D=identifier&rows=0&page=1&output=json,EXACT_PHRASE,data/fear-temperature/priority180/search/raw/internet_archive/79ec9749166e2280bbd005260817e4568b424c3aa38b84d61464a756302ef0d4.json,9229d54397f31e5d709108a1d0a9e5394f49c138f7343b517656d12a39402547,Metadata text-item count; not a full-text lexical frequency.,FT-SEED-R1B-P-1842-30,1842,alarm to the public
INTERNET_ARCHIVE,INTERNET_ARCHIVE_METADATA_TEXT_ITEM_COUNT,alarm to the public,"""alarm to the public"" AND mediatype:texts AND date:[1839-01-01 TO 1845-12-31]",CONTEXTUAL_ANCHOR,1839,1845,COMPLETED_ZERO,0,0,2026-08-26,2026-08-26T06:18:59Z,https://archive.org/advancedsearch.php,https://archive.org/advancedsearch.php?q=%22alarm+to+the+public%22+AND+mediatype%3Atexts+AND+date%3A%5B1839-01-01+TO+1845-12-31%5D&fl%5B%5D=identifier&rows=0&page=1&output=json,EXACT_PHRASE,data/fear-temperature/priority180/search/raw/internet_archive/8780cb2b0c5beee38c104f942fd8e02b6859774d54e60bc65d732a27faa6760d.json,1035ee4f9375c5db2eb21e2b93d875c86f3e217eaeeb8b238f1a0e4773ee6249,Metadata text-item count; not a full-text lexical frequency.,FT-SEED-R1B-P-1842-30,1842,alarm to the public
OPENALEX,OPENALEX_WORK_COUNT,alarm to the public,"""alarm to the public""",ALL_AVAILABLE,,,COMPLETED_NONZERO,110,110,2026-08-26,2026-08-26T06:27:38Z,https://api.openalex.org/works,https://api.openalex.org/works?search.exact=%22alarm+to+the+public%22&per-page=1&select=id,EXACT_PHRASE,data/fear-temperature/priority180/search/raw/openalex/8a867587411f0601ce64ca2b02453eb2e1cb39ee5a0b867467e272a0b0f90880.json,787eefdbc66bf54c117d49590d0131a729f799e24574d682f39d1dde5290a385,Scholarly work discoverability count over OpenAlex search fields; not a corpus word frequency.,FT-SEED-R1B-P-1842-30,1842,alarm to the public
OPENALEX,OPENALEX_WORK_COUNT,alarm to the public,"""alarm to the public""",STRICT_ANCHOR,1842,1842,COMPLETED_ZERO,0,0,2026-08-26,2026-08-26T06:27:39Z,https://api.openalex.org/works,https://api.openalex.org/works?search.exact=%22alarm+to+the+public%22&per-page=1&select=id&filter=from_publication_date%3A1842-01-01%2Cto_publication_date%3A1842-12-31,EXACT_PHRASE,data/fear-temperature/priority180/search/raw/openalex/58010451cedb8c3aebd3090964bf71eb8e2bc77a1e942723f5badc5631a4b606.json,d0d039927e0a7ff3eb5c1d157a74842bdd6696e106186cb43a05ba43b0ca661a,Scholarly work discoverability count over OpenAlex search fields; not a corpus word frequency.,FT-SEED-R1B-P-1842-30,1842,alarm to the public
OPENALEX,OPENALEX_WORK_COUNT,alarm to the public,"""alarm to the public""",CONTEXTUAL_ANCHOR,1839,1845,COMPLETED_ZERO,0,0,2026-08-26,2026-08-26T06:27:39Z,https://api.openalex.org/works,https://api.openalex.org/works?search.exact=%22alarm+to+the+public%22&per-page=1&select=id&filter=from_publication_date%3A1839-01-01%2Cto_publication_date%3A1845-12-31,EXACT_PHRASE,data/fear-temperature/priority180/search/raw/openalex/72f5ac436f9fc529d2e56614e3b0c41862b750c45ee86cd8b64c373e00b68b9f.json,828444b4cca7e9cfd758aee045fc20f2df292e9535c940012e115337b66aad35,Scholarly work discoverability count over OpenAlex search fields; not a corpus word frequency.,FT-SEED-R1B-P-1842-30,1842,alarm to the public
GOOGLE_BOOKS_API,GOOGLE_BOOKS_TOTAL_ITEMS,alarm to the public,"""alarm to the public""",ALL_AVAILABLE,,,NOT_RUN_PROVIDER_QUOTA,,,2026-08-26,2026-08-26T06:34:48Z,https://www.googleapis.com/books/v1/volumes,https://www.googleapis.com/books/v1/volumes?q=%22alarm+to+the+public%22&langRestrict=en&maxResults=1&printType=books,EXACT_PHRASE,data/fear-temperature/priority180/search/raw/google_books/provider_quota_probe.json,e3b0c44298fc1c149afbf4c8996fb92427ae41e4649b934ca495991b7852b855,Provider runtime probe returned project quota 0; no candidate count was fabricated. Internet Archive is the completed primary bounded source.,FT-SEED-R1B-P-1842-30,1842,alarm to the public
INTERNET_ARCHIVE,INTERNET_ARCHIVE_METADATA_TEXT_ITEM_COUNT,artificial production of carbon dioxide,"""artificial production of carbon dioxide"" AND mediatype:texts",ALL_AVAILABLE,,,COMPLETED_ZERO,0,0,2026-08-26,2026-08-26T06:19:16Z,https://archive.org/advancedsearch.php,https://archive.org/advancedsearch.php?q=%22artificial+production+of+carbon+dioxide%22+AND+mediatype%3Atexts&fl%5B%5D=identifier&rows=0&page=1&output=json,EXACT_PHRASE,data/fear-temperature/priority180/search/raw/internet_archive/8be087275c32976b82fcde11fd13bd2579b4efd938f938ba031cc233e7d797e1.json,9a246b15b4a54839ff70710509e90d0e2069478e12734371f97f7d6c37052479,Metadata text-item count; not a full-text lexical frequency.,FT-SEED-R1B-P-1938-01,1938,artificial production of carbon dioxide
INTERNET_ARCHIVE,INTERNET_ARCHIVE_METADATA_TEXT_ITEM_COUNT,artificial production of carbon dioxide,"""artificial production of carbon dioxide"" AND mediatype:texts AND date:[1938-01-01 TO 1938-12-31]",STRICT_ANCHOR,1938,1938,COMPLETED_ZERO,0,0,2026-08-26,2026-08-26T06:19:17Z,https://archive.org/advancedsearch.php,https://archive.org/advancedsearch.php?q=%22artificial+production+of+carbon+dioxide%22+AND+mediatype%3Atexts+AND+date%3A%5B1938-01-01+TO+1938-12-31%5D&fl%5B%5D=identifier&rows=0&page=1&output=json,EXACT_PHRASE,data/fear-temperature/priority180/search/raw/internet_archive/b2a6e7df379ae0284ee003bd3a1eb2d300c0641de7ff455b33a0f433adc214ab.json,c30f438ebfaac0ef3ff508c0e3be941a6f86bd28331634910fe712089668d6c3,Metadata text-item count; not a full-text lexical frequency.,FT-SEED-R1B-P-1938-01,1938,artificial production of carbon dioxide
INTERNET_ARCHIVE,INTERNET_ARCHIVE_METADATA_TEXT_ITEM_COUNT,artificial production of carbon dioxide,"""artificial production of carbon dioxide"" AND mediatype:texts AND date:[1936-01-01 TO 1940-12-31]",CONTEXTUAL_ANCHOR,1936,1940,COMPLETED_ZERO,0,0,2026-08-26,2026-08-26T06:19:18Z,https://archive.org/advancedsearch.php,https://archive.org/advancedsearch.php?q=%22artificial+production+of+carbon+dioxide%22+AND+mediatype%3Atexts+AND+date%3A%5B1936-01-01+TO+1940-12-31%5D&fl%5B%5D=identifier&rows=0&page=1&output=json,EXACT_PHRASE,data/fear-temperature/priority180/search/raw/internet_archive/002c0ab7f6819857caede599c8c6a5a9267314a40f4a00c763c2ed08763ae0e6.json,a22e2e8d5547609f0f0ae993d40f5f01224d8262f17173a16830f2dd4e0770aa,Metadata text-item count; not a full-text lexical frequency.,FT-SEED-R1B-P-1938-01,1938,artificial production of carbon dioxide
OPENALEX,OPENALEX_WORK_COUNT,artificial production of carbon dioxide,"""artificial production of carbon dioxide""",ALL_AVAILABLE,,,COMPLETED_NONZERO,270,270,2026-08-26,2026-08-26T06:27:52Z,https://api.openalex.org/works,https://api.openalex.org/works?search.exact=%22artificial+production+of+carbon+dioxide%22&per-page=1&select=id,EXACT_PHRASE,data/fear-temperature/priority180/search/raw/openalex/c48b3be0b0d55234aa15ab70e3fac40745201b9710072f24b84626fcbe2fb734.json,772f7772241f4e6621d2ff9e173782752b76962c0012161a9dd47e768f830772,Scholarly work discoverability count over OpenAlex search fields; not a corpus word frequency.,FT-SEED-R1B-P-1938-01,1938,artificial production of carbon dioxide
OPENALEX,OPENALEX_WORK_COUNT,artificial production of carbon dioxide,"""artificial production of carbon dioxide""",STRICT_ANCHOR,1938,1938,COMPLETED_NONZERO,1,1,2026-08-26,2026-08-26T06:27:52Z,https://api.openalex.org/works,https://api.openalex.org/works?search.exact=%22artificial+production+of+carbon+dioxide%22&per-page=1&select=id&filter=from_publication_date%3A1938-01-01%2Cto_publication_date%3A1938-12-31,EXACT_PHRASE,data/fear-temperature/priority180/search/raw/openalex/c89eee76b6e9fec43a0772fccd7c36fcba8cf517677362e0d6da22c1e42fd3eb.json,1811dc7bb59c02d5922a16c8f4501d70b6a834324d8d858fb797e861f75a4995,Scholarly work discoverability count over OpenAlex search fields; not a corpus word frequency.,FT-SEED-R1B-P-1938-01,1938,artificial production of carbon dioxide
OPENALEX,OPENALEX_WORK_COUNT,artificial production of carbon dioxide,"""artificial production of carbon dioxide""",CONTEXTUAL_ANCHOR,1936,1940,COMPLETED_NONZERO,1,1,2026-08-26,2026-08-26T06:27:53Z,https://api.openalex.org/works,https://api.openalex.org/works?search.exact=%22artificial+production+of+carbon+dioxide%22&per-page=1&select=id&filter=from_publication_date%3A1936-01-01%2Cto_publication_date%3A1940-12-31,EXACT_PHRASE,data/fear-temperature/priority180/search/raw/openalex/ed82ef626cc3d1dd56a104f30fbe2e09dc6adcf5ed49359417da54b1518bce00.json,1e8fe1141fcddf3aee600f9cb65813c4fc031942d497781aca7c99abe97f223d,Scholarly work discoverability count over OpenAlex search fields; not a corpus word frequency.,FT-SEED-R1B-P-1938-01,1938,artificial production of carbon dioxide
GOOGLE_BOOKS_API,GOOGLE_BOOKS_TOTAL_ITEMS,artificial production of carbon dioxide,"""artificial production of carbon dioxide""",ALL_AVAILABLE,,,NOT_RUN_PROVIDER_QUOTA,,,2026-08-26,2026-08-26T06:34:48Z,https://www.googleapis.com/books/v1/volumes,https://www.googleapis.com/books/v1/volumes?q=%22artificial+production+of+carbon+dioxide%22&langRestrict=en&maxResults=1&printType=books,EXACT_PHRASE,data/fear-temperature/priority180/search/raw/google_books/provider_quota_probe.json,e3b0c44298fc1c149afbf4c8996fb92427ae41e4649b934ca495991b7852b855,Provider runtime probe returned project quota 0; no candidate count was fabricated. Internet Archive is the completed primary bounded source.,FT-SEED-R1B-P-1938-01,1938,artificial production of carbon dioxide
INTERNET_ARCHIVE,INTERNET_ARCHIVE_METADATA_TEXT_ITEM_COUNT,carbon dioxide,"""carbon dioxide"" AND mediatype:texts",ALL_AVAILABLE,,,COMPLETED_NONZERO,10042,10042,2026-08-26,2026-08-26T06:19:34Z,https://archive.org/advancedsearch.php,https://archive.org/advancedsearch.php?q=%22carbon+dioxide%22+AND+mediatype%3Atexts&fl%5B%5D=identifier&rows=0&page=1&output=json,EXACT_PHRASE,data/fear-temperature/priority180/search/raw/internet_archive/a61d25384ecb0f72ad9cd373de371ce46baa6ace1f8c4b148659a3e1d6aa35e2.json,cf792851a55d5430f1b21a335fc6d0ca386a6d72ea608218fa144ec896249efc,Metadata text-item count; not a full-text lexical frequency.,FT-SEED-R1B-P-1938-02,1938,carbon dioxide
INTERNET_ARCHIVE,INTERNET_ARCHIVE_METADATA_TEXT_ITEM_COUNT,carbon dioxide,"""carbon dioxide"" AND mediatype:texts AND date:[1938-01-01 TO 1938-12-31]",STRICT_ANCHOR,1938,1938,COMPLETED_NONZERO,7,7,2026-08-26,2026-08-26T06:19:35Z,https://archive.org/advancedsearch.php,https://archive.org/advancedsearch.php?q=%22carbon+dioxide%22+AND+mediatype%3Atexts+AND+date%3A%5B1938-01-01+TO+1938-12-31%5D&fl%5B%5D=identifier&rows=0&page=1&output=json,EXACT_PHRASE,data/fear-temperature/priority180/search/raw/internet_archive/880503e78efe19f8e000763db52abbf44d66f6dbdec7330841f9966c3dcab266.json,79a4c631524ca552e6818a172aaea582d8c0ac402354fe60cb25a35a89113386,Metadata text-item count; not a full-text lexical frequency.,FT-SEED-R1B-P-1938-02,1938,carbon dioxide
INTERNET_ARCHIVE,INTERNET_ARCHIVE_METADATA_TEXT_ITEM_COUNT,carbon dioxide,"""carbon dioxide"" AND mediatype:texts AND date:[1936-01-01 TO 1940-12-31]",CONTEXTUAL_ANCHOR,1936,1940,COMPLETED_NONZERO,29,29,2026-08-26,2026-08-26T06:19:35Z,https://archive.org/advancedsearch.php,https://archive.org/advancedsearch.php?q=%22carbon+dioxide%22+AND+mediatype%3Atexts+AND+date%3A%5B1936-01-01+TO+1940-12-31%5D&fl%5B%5D=identifier&rows=0&page=1&output=json,EXACT_PHRASE,data/fear-temperature/priority180/search/raw/internet_archive/eef23fe371d10809b017e7cc38c811a730513b8d8f27eacf9b0779a005bcf98d.json,d3dde28e87045bc84c70e07239a8e1222a0fd080fe6452fabd51cce019b7d81b,Metadata text-item count; not a full-text lexical frequency.,FT-SEED-R1B-P-1938-02,1938,carbon dioxide
OPENALEX,OPENALEX_WORK_COUNT,carbon dioxide,"""carbon dioxide""",ALL_AVAILABLE,,,COMPLETED_NONZERO,1319347,1319347,2026-08-26,2026-08-26T06:28:04Z,https://api.openalex.org/works,https://api.openalex.org/works?search.exact=%22carbon+dioxide%22&per-page=1&select=id,EXACT_PHRASE,data/fear-temperature/priority180/search/raw/openalex/83314b9eb01cbce3b176d79e01ce4468a1355448ce416aa0c74eefebb5eb63e9.json,6c44c181e2dee354cac5f1219786c7a3f5389a85947d685ad4187f218e469930,Scholarly work discoverability count over OpenAlex search fields; not a corpus word frequency.,FT-SEED-R1B-P-1938-02,1938,carbon dioxide
OPENALEX,OPENALEX_WORK_COUNT,carbon dioxide,"""carbon dioxide""",STRICT_ANCHOR,1938,1938,COMPLETED_NONZERO,344,344,2026-08-26,2026-08-26T06:28:05Z,https://api.openalex.org/works,https://api.openalex.org/works?search.exact=%22carbon+dioxide%22&per-page=1&select=id&filter=from_publication_date%3A1938-01-01%2Cto_publication_date%3A1938-12-31,EXACT_PHRASE,data/fear-temperature/priority180/search/raw/openalex/0c936f0923447fb2314f7a6cf1224744432385c87cd05ed49f3ccc4f52c82c50.json,01d699f71eb5f0a6e1c31291780d1a7bbe144be71f4a9e627b058951fed46b0b,Scholarly work discoverability count over OpenAlex search fields; not a corpus word frequency.,FT-SEED-R1B-P-1938-02,1938,carbon dioxide
OPENALEX,OPENALEX_WORK_COUNT,carbon dioxide,"""carbon dioxide""",CONTEXTUAL_ANCHOR,1936,1940,COMPLETED_NONZERO,1629,1629,2026-08-26,2026-08-26T06:28:05Z,https://api.openalex.org/works,https://api.openalex.org/works?search.exact=%22carbon+dioxide%22&per-page=1&select=id&filter=from_publication_date%3A1936-01-01%2Cto_publication_date%3A1940-12-31,EXACT_PHRASE,data/fear-temperature/priority180/search/raw/openalex/b39ee5f015a006d29f7977eec03b0c4a7cb5162297d0484f99edb4b8f443516e.json,466a7a23aaaa715fdf06b27501980818560ced14796cd1326b3168a58d0fe526,Scholarly work discoverability count over OpenAlex search fields; not a corpus word frequency.,FT-SEED-R1B-P-1938-02,1938,carbon dioxide
GOOGLE_BOOKS_API,GOOGLE_BOOKS_TOTAL_ITEMS,carbon dioxide,"""carbon dioxide""",ALL_AVAILABLE,,,NOT_RUN_PROVIDER_QUOTA,,,2026-08-26,2026-08-26T06:34:48Z,https://www.googleapis.com/books/v1/volumes,https://www.googleapis.com/books/v1/volumes?q=%22carbon+dioxide%22&langRestrict=en&maxResults=1&printType=books,EXACT_PHRASE,data/fear-temperature/priority180/search/raw/google_books/provider_quota_probe.json,e3b0c44298fc1c149afbf4c8996fb92427ae41e4649b934ca495991b7852b855,Provider runtime probe returned project quota 0; no candidate count was fabricated. Internet Archive is the completed primary bounded source.,FT-SEED-R1B-P-1938-02,1938,carbon dioxide
INTERNET_ARCHIVE,INTERNET_ARCHIVE_METADATA_TEXT_ITEM_COUNT,fuel combustion,"""fuel combustion"" AND mediatype:texts",ALL_AVAILABLE,,,COMPLETED_NONZERO,660,660,2026-08-26,2026-08-26T06:21:42Z,https://archive.org/advancedsearch.php,https://archive.org/advancedsearch.php?q=%22fuel+combustion%22+AND+mediatype%3Atexts&fl%5B%5D=identifier&rows=0&page=1&output=json,EXACT_PHRASE,data/fear-temperature/priority180/search/raw/internet_archive/acbc73b37ff092021a2a5cba71171beadb0805a4642e319552c0a8c3771cf21f.json,43cb7fb26f278ab317718ff4421c2b3bd26c4199fa28156db86ef17ce5d2077c,Metadata text-item count; not a full-text lexical frequency.,FT-SEED-R1B-P-1938-03,1938,fuel combustion
INTERNET_ARCHIVE,INTERNET_ARCHIVE_METADATA_TEXT_ITEM_COUNT,fuel combustion,"""fuel combustion"" AND mediatype:texts AND date:[1938-01-01 TO 1938-12-31]",STRICT_ANCHOR,1938,1938,COMPLETED_ZERO,0,0,2026-08-26,2026-08-26T06:21:43Z,https://archive.org/advancedsearch.php,https://archive.org/advancedsearch.php?q=%22fuel+combustion%22+AND+mediatype%3Atexts+AND+date%3A%5B1938-01-01+TO+1938-12-31%5D&fl%5B%5D=identifier&rows=0&page=1&output=json,EXACT_PHRASE,data/fear-temperature/priority180/search/raw/internet_archive/330cbc96a6128ef00434f68499b122037babdde70cf5ca6b454fc5c6d1c69a7d.json,95c9e4da1f7b4a4bb19c25f1b90ce3f0b2e219709ce2999fd88c3c0c0d1ec5a3,Metadata text-item count; not a full-text lexical frequency.,FT-SEED-R1B-P-1938-03,1938,fuel combustion
INTERNET_ARCHIVE,INTERNET_ARCHIVE_METADATA_TEXT_ITEM_COUNT,fuel combustion,"""fuel combustion"" AND mediatype:texts AND date:[1936-01-01 TO 1940-12-31]",CONTEXTUAL_ANCHOR,1936,1940,COMPLETED_ZERO,0,0,2026-08-26,2026-08-26T06:21:44Z,https://archive.org/advancedsearch.php,https://archive.org/advancedsearch.php?q=%22fuel+combustion%22+AND+mediatype%3Atexts+AND+date%3A%5B1936-01-01+TO+1940-12-31%5D&fl%5B%5D=identifier&rows=0&page=1&output=json,EXACT_PHRASE,data/fear-temperature/priority180/search/raw/internet_archive/5fdca003ab5e5451e592b5347f5fb392740c9e17dfed68d176fc5ac02a006945.json,039ac345c560792039e8efb2f1e498b1bae69763f3ee9eb1353a8653c5df1746,Metadata text-item count; not a full-text lexical frequency.,FT-SEED-R1B-P-1938-03,1938,fuel combustion
OPENALEX,OPENALEX_WORK_COUNT,fuel combustion,"""fuel combustion""",ALL_AVAILABLE,,,FAILED_PROVIDER_OR_REQUEST,,,2026-08-26,2026-08-26T06:32:35Z,https://api.openalex.org/works,https://api.openalex.org/works?search.exact=%22fuel+combustion%22&per-page=1&select=id,EXACT_PHRASE,data/fear-temperature/priority180/search/raw/openalex/001ff270c019b110925dff02355af60b2732fbb1b2e7cc2f26622c0a26bc4809.json,e3b0c44298fc1c149afbf4c8996fb92427ae41e4649b934ca495991b7852b855,NOT_RUN_OPENALEX_DAILY_BUDGET_EXHAUSTED: shared provider response retained; no count fabricated.,FT-SEED-R1B-P-1938-03,1938,fuel combustion
OPENALEX,OPENALEX_WORK_COUNT,fuel combustion,"""fuel combustion""",STRICT_ANCHOR,1938,1938,FAILED_PROVIDER_OR_REQUEST,,,2026-08-26,2026-08-26T06:32:35Z,https://api.openalex.org/works,https://api.openalex.org/works?search.exact=%22fuel+combustion%22&per-page=1&select=id&filter=from_publication_date%3A1938-01-01%2Cto_publication_date%3A1938-12-31,EXACT_PHRASE,data/fear-temperature/priority180/search/raw/openalex/001ff270c019b110925dff02355af60b2732fbb1b2e7cc2f26622c0a26bc4809.json,e3b0c44298fc1c149afbf4c8996fb92427ae41e4649b934ca495991b7852b855,NOT_RUN_OPENALEX_DAILY_BUDGET_EXHAUSTED: shared provider response retained; no count fabricated.,FT-SEED-R1B-P-1938-03,1938,fuel combustion
OPENALEX,OPENALEX_WORK_COUNT,fuel combustion,"""fuel combustion""",CONTEXTUAL_ANCHOR,1936,1940,FAILED_PROVIDER_OR_REQUEST,,,2026-08-26,2026-08-26T06:32:35Z,https://api.openalex.org/works,https://api.openalex.org/works?search.exact=%22fuel+combustion%22&per-page=1&select=id&filter=from_publication_date%3A1936-01-01%2Cto_publication_date%3A1940-12-31,EXACT_PHRASE,data/fear-temperature/priority180/search/raw/openalex/001ff270c019b110925dff02355af60b2732fbb1b2e7cc2f26622c0a26bc4809.json,e3b0c44298fc1c149afbf4c8996fb92427ae41e4649b934ca495991b7852b855,NOT_RUN_OPENALEX_DAILY_BUDGET_EXHAUSTED: shared provider response retained; no count fabricated.,FT-SEED-R1B-P-1938-03,1938,fuel combustion
GOOGLE_BOOKS_API,GOOGLE_BOOKS_TOTAL_ITEMS,fuel combustion,"""fuel combustion""",ALL_AVAILABLE,,,NOT_RUN_PROVIDER_QUOTA,,,2026-08-26,2026-08-26T06:34:48Z,https://www.googleapis.com/books/v1/volumes,https://www.googleapis.com/books/v1/volumes?q=%22fuel+combustion%22&langRestrict=en&maxResults=1&printType=books,EXACT_PHRASE,data/fear-temperature/priority180/search/raw/google_books/provider_quota_probe.json,e3b0c44298fc1c149afbf4c8996fb92427ae41e4649b934ca495991b7852b855,Provider runtime probe returned project quota 0; no candidate count was fabricated. Internet Archive is the completed primary bounded source.,FT-SEED-R1B-P-1938-03,1938,fuel combustion
INTERNET_ARCHIVE,INTERNET_ARCHIVE_METADATA_TEXT_ITEM_COUNT,air,"""air"" AND mediatype:texts",ALL_AVAILABLE,,,COMPLETED_NONZERO,406830,406830,2026-08-26,2026-08-26T06:18:54Z,https://archive.org/advancedsearch.php,https://archive.org/advancedsearch.php?q=%22air%22+AND+mediatype%3Atexts&fl%5B%5D=identifier&rows=0&page=1&output=json,EXACT_PHRASE,data/fear-temperature/priority180/search/raw/internet_archive/bc2ee3bb713f1f9993f256a52df988cceb5ea7446ebc28fb34c6294d18d475b1.json,4f810f7ce14386eea0638a987b466845b7a04c869591d0626b546642b70aa832,Metadata text-item count; not a full-text lexical frequency.,FT-SEED-R1B-P-1938-04,1938,air
INTERNET_ARCHIVE,INTERNET_ARCHIVE_METADATA_TEXT_ITEM_COUNT,air,"""air"" AND mediatype:texts AND date:[1938-01-01 TO 1938-12-31]",STRICT_ANCHOR,1938,1938,COMPLETED_NONZERO,1800,1800,2026-08-26,2026-08-26T06:18:54Z,https://archive.org/advancedsearch.php,https://archive.org/advancedsearch.php?q=%22air%22+AND+mediatype%3Atexts+AND+date%3A%5B1938-01-01+TO+1938-12-31%5D&fl%5B%5D=identifier&rows=0&page=1&output=json,EXACT_PHRASE,data/fear-temperature/priority180/search/raw/internet_archive/51b2fdb61c55eff6d122af4750b2e40f47f76b691f57ef95d4fdc1a5a3e047b8.json,3baace2c74a8e4d6c554096bef8d6fa7930c93953cc5c391a58b2de46bb31063,Metadata text-item count; not a full-text lexical frequency.,FT-SEED-R1B-P-1938-04,1938,air
INTERNET_ARCHIVE,INTERNET_ARCHIVE_METADATA_TEXT_ITEM_COUNT,air,"""air"" AND mediatype:texts AND date:[1936-01-01 TO 1940-12-31]",CONTEXTUAL_ANCHOR,1936,1940,COMPLETED_NONZERO,8904,8904,2026-08-26,2026-08-26T06:18:56Z,https://archive.org/advancedsearch.php,https://archive.org/advancedsearch.php?q=%22air%22+AND+mediatype%3Atexts+AND+date%3A%5B1936-01-01+TO+1940-12-31%5D&fl%5B%5D=identifier&rows=0&page=1&output=json,EXACT_PHRASE,data/fear-temperature/priority180/search/raw/internet_archive/2de3b36085d4b9d7f8be2e780dc0fc81fba4d4f7b8d7c41ff637ad148395fa16.json,dc48300853c759543899fcdd1efbe3134391fe11738dff7a7c60e4f05e75137b,Metadata text-item count; not a full-text lexical frequency.,FT-SEED-R1B-P-1938-04,1938,air
OPENALEX,OPENALEX_WORK_COUNT,air,"""air""",ALL_AVAILABLE,,,COMPLETED_NONZERO,8872588,8872588,2026-08-26,2026-08-26T06:27:36Z,https://api.openalex.org/works,https://api.openalex.org/works?search.exact=%22air%22&per-page=1&select=id,EXACT_PHRASE,data/fear-temperature/priority180/search/raw/openalex/a1587ab6f10240f703d2d204bee1c688f78555a90f0bdacd3e7c3a0ef4b3235f.json,7a73d0addeb2d40d7cef24ddf0014960a1b1769350c2341e403c0fa1e319cf64,Scholarly work discoverability count over OpenAlex search fields; not a corpus word frequency.,FT-SEED-R1B-P-1938-04,1938,air
OPENALEX,OPENALEX_WORK_COUNT,air,"""air""",STRICT_ANCHOR,1938,1938,COMPLETED_NONZERO,2378,2378,2026-08-26,2026-08-26T06:27:36Z,https://api.openalex.org/works,https://api.openalex.org/works?search.exact=%22air%22&per-page=1&select=id&filter=from_publication_date%3A1938-01-01%2Cto_publication_date%3A1938-12-31,EXACT_PHRASE,data/fear-temperature/priority180/search/raw/openalex/8e69665e943c8552903bdb9a5b39e496b9b796efd9dbafbed03c10ba40c80e3b.json,4bc3fb2ed9227eca3a437e64d41709245d7cf7727b1a1600e0ab182b4d030a2b,Scholarly work discoverability count over OpenAlex search fields; not a corpus word frequency.,FT-SEED-R1B-P-1938-04,1938,air
OPENALEX,OPENALEX_WORK_COUNT,air,"""air""",CONTEXTUAL_ANCHOR,1936,1940,COMPLETED_NONZERO,11829,11829,2026-08-26,2026-08-26T06:27:37Z,https://api.openalex.org/works,https://api.openalex.org/works?search.exact=%22air%22&per-page=1&select=id&filter=from_publication_date%3A1936-01-01%2Cto_publication_date%3A1940-12-31,EXACT_PHRASE,data/fear-temperature/priority180/search/raw/openalex/d7584283e177868ec4eec12feaa1c264291ce957a932d011e459bcf0a4ad40ce.json,85b3d21445adabfca8ccc4e1684424cb9333198cf4a3e29c76339d5eb75cd202,Scholarly work discoverability count over OpenAlex search fields; not a corpus word frequency.,FT-SEED-R1B-P-1938-04,1938,air
GOOGLE_BOOKS_API,GOOGLE_BOOKS_TOTAL_ITEMS,air,"""air""",ALL_AVAILABLE,,,NOT_RUN_PROVIDER_QUOTA,,,2026-08-26,2026-08-26T06:34:48Z,https://www.googleapis.com/books/v1/volumes,https://www.googleapis.com/books/v1/volumes?q=%22air%22&langRestrict=en&maxResults=1&printType=books,EXACT_PHRASE,data/fear-temperature/priority180/search/raw/google_books/provider_quota_probe.json,e3b0c44298fc1c149afbf4c8996fb92427ae41e4649b934ca495991b7852b855,Provider runtime probe returned project quota 0; no candidate count was fabricated. Internet Archive is the completed primary bounded source.,FT-SEED-R1B-P-1938-04,1938,air
INTERNET_ARCHIVE,INTERNET_ARCHIVE_METADATA_TEXT_ITEM_COUNT,atmosphere,"""atmosphere"" AND mediatype:texts",ALL_AVAILABLE,,,COMPLETED_NONZERO,41908,41908,2026-08-26,2026-08-26T06:19:19Z,https://archive.org/advancedsearch.php,https://archive.org/advancedsearch.php?q=%22atmosphere%22+AND+mediatype%3Atexts&fl%5B%5D=identifier&rows=0&page=1&output=json,EXACT_PHRASE,data/fear-temperature/priority180/search/raw/internet_archive/2fbcc041cedb1a066d3003cd48850d37d31bdabfd49bc2b8d77bc993e55351cf.json,5987857e652b9c3acfc272e5c4e90c12977fb3b24eda01844cac69e19d0912a5,Metadata text-item count; not a full-text lexical frequency.,FT-SEED-R1B-P-1938-05,1938,atmosphere
INTERNET_ARCHIVE,INTERNET_ARCHIVE_METADATA_TEXT_ITEM_COUNT,atmosphere,"""atmosphere"" AND mediatype:texts AND date:[1938-01-01 TO 1938-12-31]",STRICT_ANCHOR,1938,1938,COMPLETED_NONZERO,35,35,2026-08-26,2026-08-26T06:19:20Z,https://archive.org/advancedsearch.php,https://archive.org/advancedsearch.php?q=%22atmosphere%22+AND+mediatype%3Atexts+AND+date%3A%5B1938-01-01+TO+1938-12-31%5D&fl%5B%5D=identifier&rows=0&page=1&output=json,EXACT_PHRASE,data/fear-temperature/priority180/search/raw/internet_archive/fbbb5b0fa419237e3d961e0b540336f9949769a7de2dcfecd8dd1103f0c625f8.json,f8a44392a73e34fab119826bf891e78e7a53a3296ddd022b6893e3dac4e6659a,Metadata text-item count; not a full-text lexical frequency.,FT-SEED-R1B-P-1938-05,1938,atmosphere
INTERNET_ARCHIVE,INTERNET_ARCHIVE_METADATA_TEXT_ITEM_COUNT,atmosphere,"""atmosphere"" AND mediatype:texts AND date:[1936-01-01 TO 1940-12-31]",CONTEXTUAL_ANCHOR,1936,1940,COMPLETED_NONZERO,186,186,2026-08-26,2026-08-26T06:19:21Z,https://archive.org/advancedsearch.php,https://archive.org/advancedsearch.php?q=%22atmosphere%22+AND+mediatype%3Atexts+AND+date%3A%5B1936-01-01+TO+1940-12-31%5D&fl%5B%5D=identifier&rows=0&page=1&output=json,EXACT_PHRASE,data/fear-temperature/priority180/search/raw/internet_archive/21b93075d056f5d1bef8a08825d518c92308ff8fd28ea9d234adb04453144783.json,8eb94f82975a36c21180156e47554d00bf69c93c5675c198282c9197c9d7d6b7,Metadata text-item count; not a full-text lexical frequency.,FT-SEED-R1B-P-1938-05,1938,atmosphere
OPENALEX,OPENALEX_WORK_COUNT,atmosphere,"""atmosphere""",ALL_AVAILABLE,,,COMPLETED_NONZERO,3201156,3201156,2026-08-26,2026-08-26T06:27:54Z,https://api.openalex.org/works,https://api.openalex.org/works?search.exact=%22atmosphere%22&per-page=1&select=id,EXACT_PHRASE,data/fear-temperature/priority180/search/raw/openalex/403024efc0b351e3ef8d0d8efc80bacbaa6388c9692a53b8dbc3415aff3c18ef.json,35579d07a6f1151537946f1b0c9c349a94ac27e928498d117f4ae9e437267562,Scholarly work discoverability count over OpenAlex search fields; not a corpus word frequency.,FT-SEED-R1B-P-1938-05,1938,atmosphere
OPENALEX,OPENALEX_WORK_COUNT,atmosphere,"""atmosphere""",STRICT_ANCHOR,1938,1938,COMPLETED_NONZERO,569,569,2026-08-26,2026-08-26T06:27:54Z,https://api.openalex.org/works,https://api.openalex.org/works?search.exact=%22atmosphere%22&per-page=1&select=id&filter=from_publication_date%3A1938-01-01%2Cto_publication_date%3A1938-12-31,EXACT_PHRASE,data/fear-temperature/priority180/search/raw/openalex/0f35ea306482585f149bf2706bc9424c6ab27b11c084ca4f36a1b06c56d8eaa9.json,6ee6e3d8dad48002389c137b5dafd056299a521bdbdd4b191caa970ca4c06279,Scholarly work discoverability count over OpenAlex search fields; not a corpus word frequency.,FT-SEED-R1B-P-1938-05,1938,atmosphere
OPENALEX,OPENALEX_WORK_COUNT,atmosphere,"""atmosphere""",CONTEXTUAL_ANCHOR,1936,1940,COMPLETED_NONZERO,2759,2759,2026-08-26,2026-08-26T06:27:55Z,https://api.openalex.org/works,https://api.openalex.org/works?search.exact=%22atmosphere%22&per-page=1&select=id&filter=from_publication_date%3A1936-01-01%2Cto_publication_date%3A1940-12-31,EXACT_PHRASE,data/fear-temperature/priority180/search/raw/openalex/e67b043c6e6f133c6de6563f6f55691ade5dec0d58c0fb66815d8477b0b52420.json,041d52611f011629bd8c334bfa3439ab324b74a10c55e100614d9d8d6245a859,Scholarly work discoverability count over OpenAlex search fields; not a corpus word frequency.,FT-SEED-R1B-P-1938-05,1938,atmosphere
GOOGLE_BOOKS_API,GOOGLE_BOOKS_TOTAL_ITEMS,atmosphere,"""atmosphere""",ALL_AVAILABLE,,,NOT_RUN_PROVIDER_QUOTA,,,2026-08-26,2026-08-26T06:34:48Z,https://www.googleapis.com/books/v1/volumes,https://www.googleapis.com/books/v1/volumes?q=%22atmosphere%22&langRestrict=en&maxResults=1&printType=books,EXACT_PHRASE,data/fear-temperature/priority180/search/raw/google_books/provider_quota_probe.json,e3b0c44298fc1c149afbf4c8996fb92427ae41e4649b934ca495991b7852b855,Provider runtime probe returned project quota 0; no candidate count was fabricated. Internet Archive is the completed primary bounded source.,FT-SEED-R1B-P-1938-05,1938,atmosphere
INTERNET_ARCHIVE,INTERNET_ARCHIVE_METADATA_TEXT_ITEM_COUNT,radiation absorption coefficients,"""radiation absorption coefficients"" AND mediatype:texts",ALL_AVAILABLE,,,COMPLETED_NONZERO,20,20,2026-08-26,2026-08-26T06:24:44Z,https://archive.org/advancedsearch.php,https://archive.org/advancedsearch.php?q=%22radiation+absorption+coefficients%22+AND+mediatype%3Atexts&fl%5B%5D=identifier&rows=0&page=1&output=json,EXACT_PHRASE,data/fear-temperature/priority180/search/raw/internet_archive/36eb2ad25f4a346a10cf0bf765a56f4387f0073b7c6b10c93b1bfb15caa0f099.json,bef443d63d2c30052634628abda10f9ae308ae0dc5d9f27350208203e56b9b71,Metadata text-item count; not a full-text lexical frequency.,FT-SEED-R1B-P-1938-06,1938,radiation absorption coefficients
INTERNET_ARCHIVE,INTERNET_ARCHIVE_METADATA_TEXT_ITEM_COUNT,radiation absorption coefficients,"""radiation absorption coefficients"" AND mediatype:texts AND date:[1938-01-01 TO 1938-12-31]",STRICT_ANCHOR,1938,1938,COMPLETED_ZERO,0,0,2026-08-26,2026-08-26T06:24:46Z,https://archive.org/advancedsearch.php,https://archive.org/advancedsearch.php?q=%22radiation+absorption+coefficients%22+AND+mediatype%3Atexts+AND+date%3A%5B1938-01-01+TO+1938-12-31%5D&fl%5B%5D=identifier&rows=0&page=1&output=json,EXACT_PHRASE,data/fear-temperature/priority180/search/raw/internet_archive/e494853b9b09bbf51e94c90e373f93e84ecf80e3b11a7a22badef7f2821f88b4.json,f67ca433fa0fe7d6035e18cee2fb930baa67a5db0a6f46ada1b5e8467438ffdb,Metadata text-item count; not a full-text lexical frequency.,FT-SEED-R1B-P-1938-06,1938,radiation absorption coefficients
INTERNET_ARCHIVE,INTERNET_ARCHIVE_METADATA_TEXT_ITEM_COUNT,radiation absorption coefficients,"""radiation absorption coefficients"" AND mediatype:texts AND date:[1936-01-01 TO 1940-12-31]",CONTEXTUAL_ANCHOR,1936,1940,COMPLETED_ZERO,0,0,2026-08-26,2026-08-26T06:24:47Z,https://archive.org/advancedsearch.php,https://archive.org/advancedsearch.php?q=%22radiation+absorption+coefficients%22+AND+mediatype%3Atexts+AND+date%3A%5B1936-01-01+TO+1940-12-31%5D&fl%5B%5D=identifier&rows=0&page=1&output=json,EXACT_PHRASE,data/fear-temperature/priority180/search/raw/internet_archive/6668145510f144742b061fe4cfcae5620b0d14b9647181e4255e9fbc84cf31f8.json,cdbd0d7fa40528f65f9c8b5c6b7048fdc593f0f96a2de1acfe09a5eeaadb8727,Metadata text-item count; not a full-text lexical frequency.,FT-SEED-R1B-P-1938-06,1938,radiation absorption coefficients
OPENALEX,OPENALEX_WORK_COUNT,radiation absorption coefficients,"""radiation absorption coefficients""",ALL_AVAILABLE,,,FAILED_PROVIDER_OR_REQUEST,,,2026-08-26,2026-08-26T06:32:35Z,https://api.openalex.org/works,https://api.openalex.org/works?search.exact=%22radiation+absorption+coefficients%22&per-page=1&select=id,EXACT_PHRASE,data/fear-temperature/priority180/search/raw/openalex/001ff270c019b110925dff02355af60b2732fbb1b2e7cc2f26622c0a26bc4809.json,e3b0c44298fc1c149afbf4c8996fb92427ae41e4649b934ca495991b7852b855,NOT_RUN_OPENALEX_DAILY_BUDGET_EXHAUSTED: shared provider response retained; no count fabricated.,FT-SEED-R1B-P-1938-06,1938,radiation absorption coefficients
OPENALEX,OPENALEX_WORK_COUNT,radiation absorption coefficients,"""radiation absorption coefficients""",STRICT_ANCHOR,1938,1938,FAILED_PROVIDER_OR_REQUEST,,,2026-08-26,2026-08-26T06:32:35Z,https://api.openalex.org/works,https://api.openalex.org/works?search.exact=%22radiation+absorption+coefficients%22&per-page=1&select=id&filter=from_publication_date%3A1938-01-01%2Cto_publication_date%3A1938-12-31,EXACT_PHRASE,data/fear-temperature/priority180/search/raw/openalex/001ff270c019b110925dff02355af60b2732fbb1b2e7cc2f26622c0a26bc4809.json,e3b0c44298fc1c149afbf4c8996fb92427ae41e4649b934ca495991b7852b855,NOT_RUN_OPENALEX_DAILY_BUDGET_EXHAUSTED: shared provider response retained; no count fabricated.,FT-SEED-R1B-P-1938-06,1938,radiation absorption coefficients
OPENALEX,OPENALEX_WORK_COUNT,radiation absorption coefficients,"""radiation absorption coefficients""",CONTEXTUAL_ANCHOR,1936,1940,FAILED_PROVIDER_OR_REQUEST,,,2026-08-26,2026-08-26T06:32:35Z,https://api.openalex.org/works,https://api.openalex.org/works?search.exact=%22radiation+absorption+coefficients%22&per-page=1&select=id&filter=from_publication_date%3A1936-01-01%2Cto_publication_date%3A1940-12-31,EXACT_PHRASE,data/fear-temperature/priority180/search/raw/openalex/001ff270c019b110925dff02355af60b2732fbb1b2e7cc2f26622c0a26bc4809.json,e3b0c44298fc1c149afbf4c8996fb92427ae41e4649b934ca495991b7852b855,NOT_RUN_OPENALEX_DAILY_BUDGET_EXHAUSTED: shared provider response retained; no count fabricated.,FT-SEED-R1B-P-1938-06,1938,radiation absorption coefficients
GOOGLE_BOOKS_API,GOOGLE_BOOKS_TOTAL_ITEMS,radiation absorption coefficients,"""radiation absorption coefficients""",ALL_AVAILABLE,,,NOT_RUN_PROVIDER_QUOTA,,,2026-08-26,2026-08-26T06:34:48Z,https://www.googleapis.com/books/v1/volumes,https://www.googleapis.com/books/v1/volumes?q=%22radiation+absorption+coefficients%22&langRestrict=en&maxResults=1&printType=books,EXACT_PHRASE,data/fear-temperature/priority180/search/raw/google_books/provider_quota_probe.json,e3b0c44298fc1c149afbf4c8996fb92427ae41e4649b934ca495991b7852b855,Provider runtime probe returned project quota 0; no candidate count was fabricated. Internet Archive is the completed primary bounded source.,FT-SEED-R1B-P-1938-06,1938,radiation absorption coefficients
INTERNET_ARCHIVE,INTERNET_ARCHIVE_METADATA_TEXT_ITEM_COUNT,water vapour,"""water vapour"" AND mediatype:texts",ALL_AVAILABLE,,,COMPLETED_NONZERO,371,371,2026-08-26,2026-08-26T06:26:51Z,https://archive.org/advancedsearch.php,https://archive.org/advancedsearch.php?q=%22water+vapour%22+AND+mediatype%3Atexts&fl%5B%5D=identifier&rows=0&page=1&output=json,EXACT_PHRASE,data/fear-temperature/priority180/search/raw/internet_archive/f1f7af350003eff22cb64e3535bf117d65beb25af228f4229794d2a9fb98575a.json,d5e0c8676df731f28454d68f254f96c1e5515e3cb7ec7cf5f5f860dcf6013db9,Metadata text-item count; not a full-text lexical frequency.,FT-SEED-R1B-P-1938-07,1938,water vapour
INTERNET_ARCHIVE,INTERNET_ARCHIVE_METADATA_TEXT_ITEM_COUNT,water vapour,"""water vapour"" AND mediatype:texts AND date:[1938-01-01 TO 1938-12-31]",STRICT_ANCHOR,1938,1938,COMPLETED_ZERO,0,0,2026-08-26,2026-08-26T06:26:52Z,https://archive.org/advancedsearch.php,https://archive.org/advancedsearch.php?q=%22water+vapour%22+AND+mediatype%3Atexts+AND+date%3A%5B1938-01-01+TO+1938-12-31%5D&fl%5B%5D=identifier&rows=0&page=1&output=json,EXACT_PHRASE,data/fear-temperature/priority180/search/raw/internet_archive/efd073e0f2e48634bb25fb1232768d13e44575072ed20d662d9c0c471aa628ff.json,0fa1addd4999615ef90c65f45b0244fc837ebd8e194d0fb80484741cceb653b7,Metadata text-item count; not a full-text lexical frequency.,FT-SEED-R1B-P-1938-07,1938,water vapour
INTERNET_ARCHIVE,INTERNET_ARCHIVE_METADATA_TEXT_ITEM_COUNT,water vapour,"""water vapour"" AND mediatype:texts AND date:[1936-01-01 TO 1940-12-31]",CONTEXTUAL_ANCHOR,1936,1940,COMPLETED_ZERO,0,0,2026-08-26,2026-08-26T06:26:53Z,https://archive.org/advancedsearch.php,https://archive.org/advancedsearch.php?q=%22water+vapour%22+AND+mediatype%3Atexts+AND+date%3A%5B1936-01-01+TO+1940-12-31%5D&fl%5B%5D=identifier&rows=0&page=1&output=json,EXACT_PHRASE,data/fear-temperature/priority180/search/raw/internet_archive/2c91e94bd9a83f596c5de26e424ce8d157969cb59abb2d5f1db1ea7a99533cb4.json,5c9bcd405cacdebdd65f2f7278f4088b24fc2da08a615e4732ad3cd7744ecac5,Metadata text-item count; not a full-text lexical frequency.,FT-SEED-R1B-P-1938-07,1938,water vapour
OPENALEX,OPENALEX_WORK_COUNT,water vapour,"""water vapour""",ALL_AVAILABLE,,,FAILED_PROVIDER_OR_REQUEST,,,2026-08-26,2026-08-26T06:32:35Z,https://api.openalex.org/works,https://api.openalex.org/works?search.exact=%22water+vapour%22&per-page=1&select=id,EXACT_PHRASE,data/fear-temperature/priority180/search/raw/openalex/001ff270c019b110925dff02355af60b2732fbb1b2e7cc2f26622c0a26bc4809.json,e3b0c44298fc1c149afbf4c8996fb92427ae41e4649b934ca495991b7852b855,NOT_RUN_OPENALEX_DAILY_BUDGET_EXHAUSTED: shared provider response retained; no count fabricated.,FT-SEED-R1B-P-1938-07,1938,water vapour
OPENALEX,OPENALEX_WORK_COUNT,water vapour,"""water vapour""",STRICT_ANCHOR,1938,1938,FAILED_PROVIDER_OR_REQUEST,,,2026-08-26,2026-08-26T06:32:35Z,https://api.openalex.org/works,https://api.openalex.org/works?search.exact=%22water+vapour%22&per-page=1&select=id&filter=from_publication_date%3A1938-01-01%2Cto_publication_date%3A1938-12-31,EXACT_PHRASE,data/fear-temperature/priority180/search/raw/openalex/001ff270c019b110925dff02355af60b2732fbb1b2e7cc2f26622c0a26bc4809.json,e3b0c44298fc1c149afbf4c8996fb92427ae41e4649b934ca495991b7852b855,NOT_RUN_OPENALEX_DAILY_BUDGET_EXHAUSTED: shared provider response retained; no count fabricated.,FT-SEED-R1B-P-1938-07,1938,water vapour
OPENALEX,OPENALEX_WORK_COUNT,water vapour,"""water vapour""",CONTEXTUAL_ANCHOR,1936,1940,FAILED_PROVIDER_OR_REQUEST,,,2026-08-26,2026-08-26T06:32:35Z,https://api.openalex.org/works,https://api.openalex.org/works?search.exact=%22water+vapour%22&per-page=1&select=id&filter=from_publication_date%3A1936-01-01%2Cto_publication_date%3A1940-12-31,EXACT_PHRASE,data/fear-temperature/priority180/search/raw/openalex/001ff270c019b110925dff02355af60b2732fbb1b2e7cc2f26622c0a26bc4809.json,e3b0c44298fc1c149afbf4c8996fb92427ae41e4649b934ca495991b7852b855,NOT_RUN_OPENALEX_DAILY_BUDGET_EXHAUSTED: shared provider response retained; no count fabricated.,FT-SEED-R1B-P-1938-07,1938,water vapour
GOOGLE_BOOKS_API,GOOGLE_BOOKS_TOTAL_ITEMS,water vapour,"""water vapour""",ALL_AVAILABLE,,,NOT_RUN_PROVIDER_QUOTA,,,2026-08-26,2026-08-26T06:34:48Z,https://www.googleapis.com/books/v1/volumes,https://www.googleapis.com/books/v1/volumes?q=%22water+vapour%22&langRestrict=en&maxResults=1&printType=books,EXACT_PHRASE,data/fear-temperature/priority180/search/raw/google_books/provider_quota_probe.json,e3b0c44298fc1c149afbf4c8996fb92427ae41e4649b934ca495991b7852b855,Provider runtime probe returned project quota 0; no candidate count was fabricated. Internet Archive is the completed primary bounded source.,FT-SEED-R1B-P-1938-07,1938,water vapour
INTERNET_ARCHIVE,INTERNET_ARCHIVE_METADATA_TEXT_ITEM_COUNT,sky radiation,"""sky radiation"" AND mediatype:texts",ALL_AVAILABLE,,,COMPLETED_NONZERO,78,78,2026-08-26,2026-08-26T06:25:27Z,https://archive.org/advancedsearch.php,https://archive.org/advancedsearch.php?q=%22sky+radiation%22+AND+mediatype%3Atexts&fl%5B%5D=identifier&rows=0&page=1&output=json,EXACT_PHRASE,data/fear-temperature/priority180/search/raw/internet_archive/26ade9e35bd772a9fa84f7d41a43bf17498e15b71015c9f93793e9417d10f985.json,a2594d618e3b504c01e865828741ede9973b159dd41cf0c446b5bb342be36acb,Metadata text-item count; not a full-text lexical frequency.,FT-SEED-R1B-P-1938-08,1938,sky radiation
INTERNET_ARCHIVE,INTERNET_ARCHIVE_METADATA_TEXT_ITEM_COUNT,sky radiation,"""sky radiation"" AND mediatype:texts AND date:[1938-01-01 TO 1938-12-31]",STRICT_ANCHOR,1938,1938,COMPLETED_ZERO,0,0,2026-08-26,2026-08-26T06:25:28Z,https://archive.org/advancedsearch.php,https://archive.org/advancedsearch.php?q=%22sky+radiation%22+AND+mediatype%3Atexts+AND+date%3A%5B1938-01-01+TO+1938-12-31%5D&fl%5B%5D=identifier&rows=0&page=1&output=json,EXACT_PHRASE,data/fear-temperature/priority180/search/raw/internet_archive/0b5be42ea2df97aeb0ac4336cdf2a7f5016d7fdd1db8de0a333d16a906c19f2c.json,258ddde99a1e2c304241d8a142609d104f33c933e06d293ecdf6498a9d689567,Metadata text-item count; not a full-text lexical frequency.,FT-SEED-R1B-P-1938-08,1938,sky radiation
INTERNET_ARCHIVE,INTERNET_ARCHIVE_METADATA_TEXT_ITEM_COUNT,sky radiation,"""sky radiation"" AND mediatype:texts AND date:[1936-01-01 TO 1940-12-31]",CONTEXTUAL_ANCHOR,1936,1940,COMPLETED_ZERO,0,0,2026-08-26,2026-08-26T06:25:29Z,https://archive.org/advancedsearch.php,https://archive.org/advancedsearch.php?q=%22sky+radiation%22+AND+mediatype%3Atexts+AND+date%3A%5B1936-01-01+TO+1940-12-31%5D&fl%5B%5D=identifier&rows=0&page=1&output=json,EXACT_PHRASE,data/fear-temperature/priority180/search/raw/internet_archive/c5fa7564abd739293ae52d15887782cffd0a9762ffab800b8c0803fd55ecb250.json,d6ce54ebcb2391e14eb1d81e50e2cff58d8e4b75d5d3a703e38407e05b086e67,Metadata text-item count; not a full-text lexical frequency.,FT-SEED-R1B-P-1938-08,1938,sky radiation
OPENALEX,OPENALEX_WORK_COUNT,sky radiation,"""sky radiation""",ALL_AVAILABLE,,,FAILED_PROVIDER_OR_REQUEST,,,2026-08-26,2026-08-26T06:32:35Z,https://api.openalex.org/works,https://api.openalex.org/works?search.exact=%22sky+radiation%22&per-page=1&select=id,EXACT_PHRASE,data/fear-temperature/priority180/search/raw/openalex/001ff270c019b110925dff02355af60b2732fbb1b2e7cc2f26622c0a26bc4809.json,e3b0c44298fc1c149afbf4c8996fb92427ae41e4649b934ca495991b7852b855,NOT_RUN_OPENALEX_DAILY_BUDGET_EXHAUSTED: shared provider response retained; no count fabricated.,FT-SEED-R1B-P-1938-08,1938,sky radiation
OPENALEX,OPENALEX_WORK_COUNT,sky radiation,"""sky radiation""",STRICT_ANCHOR,1938,1938,FAILED_PROVIDER_OR_REQUEST,,,2026-08-26,2026-08-26T06:32:35Z,https://api.openalex.org/works,https://api.openalex.org/works?search.exact=%22sky+radiation%22&per-page=1&select=id&filter=from_publication_date%3A1938-01-01%2Cto_publication_date%3A1938-12-31,EXACT_PHRASE,data/fear-temperature/priority180/search/raw/openalex/001ff270c019b110925dff02355af60b2732fbb1b2e7cc2f26622c0a26bc4809.json,e3b0c44298fc1c149afbf4c8996fb92427ae41e4649b934ca495991b7852b855,NOT_RUN_OPENALEX_DAILY_BUDGET_EXHAUSTED: shared provider response retained; no count fabricated.,FT-SEED-R1B-P-1938-08,1938,sky radiation
OPENALEX,OPENALEX_WORK_COUNT,sky radiation,"""sky radiation""",CONTEXTUAL_ANCHOR,1936,1940,FAILED_PROVIDER_OR_REQUEST,,,2026-08-26,2026-08-26T06:32:35Z,https://api.openalex.org/works,https://api.openalex.org/works?search.exact=%22sky+radiation%22&per-page=1&select=id&filter=from_publication_date%3A1936-01-01%2Cto_publication_date%3A1940-12-31,EXACT_PHRASE,data/fear-temperature/priority180/search/raw/openalex/001ff270c019b110925dff02355af60b2732fbb1b2e7cc2f26622c0a26bc4809.json,e3b0c44298fc1c149afbf4c8996fb92427ae41e4649b934ca495991b7852b855,NOT_RUN_OPENALEX_DAILY_BUDGET_EXHAUSTED: shared provider response retained; no count fabricated.,FT-SEED-R1B-P-1938-08,1938,sky radiation
GOOGLE_BOOKS_API,GOOGLE_BOOKS_TOTAL_ITEMS,sky radiation,"""sky radiation""",ALL_AVAILABLE,,,NOT_RUN_PROVIDER_QUOTA,,,2026-08-26,2026-08-26T06:34:48Z,https://www.googleapis.com/books/v1/volumes,https://www.googleapis.com/books/v1/volumes?q=%22sky+radiation%22&langRestrict=en&maxResults=1&printType=books,EXACT_PHRASE,data/fear-temperature/priority180/search/raw/google_books/provider_quota_probe.json,e3b0c44298fc1c149afbf4c8996fb92427ae41e4649b934ca495991b7852b855,Provider runtime probe returned project quota 0; no candidate count was fabricated. Internet Archive is the completed primary bounded source.,FT-SEED-R1B-P-1938-08,1938,sky radiation
INTERNET_ARCHIVE,INTERNET_ARCHIVE_METADATA_TEXT_ITEM_COUNT,increase in mean temperature,"""increase in mean temperature"" AND mediatype:texts",ALL_AVAILABLE,,,COMPLETED_NONZERO,6,6,2026-08-26,2026-08-26T06:23:27Z,https://archive.org/advancedsearch.php,https://archive.org/advancedsearch.php?q=%22increase+in+mean+temperature%22+AND+mediatype%3Atexts&fl%5B%5D=identifier&rows=0&page=1&output=json,EXACT_PHRASE,data/fear-temperature/priority180/search/raw/internet_archive/52732c71afd3724218b83376903f5391249d1d7ac8b3fd3009e2b2d0cb2df6cc.json,a7cac6620cd628bece3c981aba6979c6ba3d8f78f755b343442fecd1be995748,Metadata text-item count; not a full-text lexical frequency.,FT-SEED-R1B-P-1938-09,1938,increase in mean temperature
INTERNET_ARCHIVE,INTERNET_ARCHIVE_METADATA_TEXT_ITEM_COUNT,increase in mean temperature,"""increase in mean temperature"" AND mediatype:texts AND date:[1938-01-01 TO 1938-12-31]",STRICT_ANCHOR,1938,1938,COMPLETED_ZERO,0,0,2026-08-26,2026-08-26T06:23:28Z,https://archive.org/advancedsearch.php,https://archive.org/advancedsearch.php?q=%22increase+in+mean+temperature%22+AND+mediatype%3Atexts+AND+date%3A%5B1938-01-01+TO+1938-12-31%5D&fl%5B%5D=identifier&rows=0&page=1&output=json,EXACT_PHRASE,data/fear-temperature/priority180/search/raw/internet_archive/c1fb63308b0be7e403c0d8d4149ac933275e6234aaa27114ddae182fa01e51e2.json,c6d5fd91268ab3b0fc4b0e174c4d4ecd0a0363209290c6b22555f034c6bb054d,Metadata text-item count; not a full-text lexical frequency.,FT-SEED-R1B-P-1938-09,1938,increase in mean temperature
INTERNET_ARCHIVE,INTERNET_ARCHIVE_METADATA_TEXT_ITEM_COUNT,increase in mean temperature,"""increase in mean temperature"" AND mediatype:texts AND date:[1936-01-01 TO 1940-12-31]",CONTEXTUAL_ANCHOR,1936,1940,COMPLETED_ZERO,0,0,2026-08-26,2026-08-26T06:23:29Z,https://archive.org/advancedsearch.php,https://archive.org/advancedsearch.php?q=%22increase+in+mean+temperature%22+AND+mediatype%3Atexts+AND+date%3A%5B1936-01-01+TO+1940-12-31%5D&fl%5B%5D=identifier&rows=0&page=1&output=json,EXACT_PHRASE,data/fear-temperature/priority180/search/raw/internet_archive/66095cef3b18dfe86d77ab099b78db153faed5db1900b56aee93843b006ae4e1.json,2cfb9ebe407bd43a801d9e580bd05ea57baba1dd6f27510cb3a3c9491fdcaaf7,Metadata text-item count; not a full-text lexical frequency.,FT-SEED-R1B-P-1938-09,1938,increase in mean temperature
OPENALEX,OPENALEX_WORK_COUNT,increase in mean temperature,"""increase in mean temperature""",ALL_AVAILABLE,,,FAILED_PROVIDER_OR_REQUEST,,,2026-08-26,2026-08-26T06:32:35Z,https://api.openalex.org/works,https://api.openalex.org/works?search.exact=%22increase+in+mean+temperature%22&per-page=1&select=id,EXACT_PHRASE,data/fear-temperature/priority180/search/raw/openalex/001ff270c019b110925dff02355af60b2732fbb1b2e7cc2f26622c0a26bc4809.json,e3b0c44298fc1c149afbf4c8996fb92427ae41e4649b934ca495991b7852b855,NOT_RUN_OPENALEX_DAILY_BUDGET_EXHAUSTED: shared provider response retained; no count fabricated.,FT-SEED-R1B-P-1938-09,1938,increase in mean temperature
OPENALEX,OPENALEX_WORK_COUNT,increase in mean temperature,"""increase in mean temperature""",STRICT_ANCHOR,1938,1938,FAILED_PROVIDER_OR_REQUEST,,,2026-08-26,2026-08-26T06:32:35Z,https://api.openalex.org/works,https://api.openalex.org/works?search.exact=%22increase+in+mean+temperature%22&per-page=1&select=id&filter=from_publication_date%3A1938-01-01%2Cto_publication_date%3A1938-12-31,EXACT_PHRASE,data/fear-temperature/priority180/search/raw/openalex/001ff270c019b110925dff02355af60b2732fbb1b2e7cc2f26622c0a26bc4809.json,e3b0c44298fc1c149afbf4c8996fb92427ae41e4649b934ca495991b7852b855,NOT_RUN_OPENALEX_DAILY_BUDGET_EXHAUSTED: shared provider response retained; no count fabricated.,FT-SEED-R1B-P-1938-09,1938,increase in mean temperature
OPENALEX,OPENALEX_WORK_COUNT,increase in mean temperature,"""increase in mean temperature""",CONTEXTUAL_ANCHOR,1936,1940,FAILED_PROVIDER_OR_REQUEST,,,2026-08-26,2026-08-26T06:32:35Z,https://api.openalex.org/works,https://api.openalex.org/works?search.exact=%22increase+in+mean+temperature%22&per-page=1&select=id&filter=from_publication_date%3A1936-01-01%2Cto_publication_date%3A1940-12-31,EXACT_PHRASE,data/fear-temperature/priority180/search/raw/openalex/001ff270c019b110925dff02355af60b2732fbb1b2e7cc2f26622c0a26bc4809.json,e3b0c44298fc1c149afbf4c8996fb92427ae41e4649b934ca495991b7852b855,NOT_RUN_OPENALEX_DAILY_BUDGET_EXHAUSTED: shared provider response retained; no count fabricated.,FT-SEED-R1B-P-1938-09,1938,increase in mean temperature
GOOGLE_BOOKS_API,GOOGLE_BOOKS_TOTAL_ITEMS,increase in mean temperature,"""increase in mean temperature""",ALL_AVAILABLE,,,NOT_RUN_PROVIDER_QUOTA,,,2026-08-26,2026-08-26T06:34:48Z,https://www.googleapis.com/books/v1/volumes,https://www.googleapis.com/books/v1/volumes?q=%22increase+in+mean+temperature%22&langRestrict=en&maxResults=1&printType=books,EXACT_PHRASE,data/fear-temperature/priority180/search/raw/google_books/provider_quota_probe.json,e3b0c44298fc1c149afbf4c8996fb92427ae41e4649b934ca495991b7852b855,Provider runtime probe returned project quota 0; no candidate count was fabricated. Internet Archive is the completed primary bounded source.,FT-SEED-R1B-P-1938-09,1938,increase in mean temperature
INTERNET_ARCHIVE,INTERNET_ARCHIVE_METADATA_TEXT_ITEM_COUNT,mean temperature,"""mean temperature"" AND mediatype:texts",ALL_AVAILABLE,,,COMPLETED_NONZERO,664,664,2026-08-26,2026-08-26T06:23:46Z,https://archive.org/advancedsearch.php,https://archive.org/advancedsearch.php?q=%22mean+temperature%22+AND+mediatype%3Atexts&fl%5B%5D=identifier&rows=0&page=1&output=json,EXACT_PHRASE,data/fear-temperature/priority180/search/raw/internet_archive/1cfbbf93ac4c7a2d4a289e19f624742c11a321592e61aeaa9330083efdb92552.json,a216512bb9ec4bdab487729435e98bf1e455009f955c7dc534a78cd9a251aa16,Metadata text-item count; not a full-text lexical frequency.,FT-SEED-R1B-P-1938-10,1938,mean temperature
INTERNET_ARCHIVE,INTERNET_ARCHIVE_METADATA_TEXT_ITEM_COUNT,mean temperature,"""mean temperature"" AND mediatype:texts AND date:[1842-01-01 TO 1842-12-31]",STRICT_ANCHOR,1842,1842,COMPLETED_ZERO,0,0,2026-08-26,2026-08-26T06:23:47Z,https://archive.org/advancedsearch.php,https://archive.org/advancedsearch.php?q=%22mean+temperature%22+AND+mediatype%3Atexts+AND+date%3A%5B1842-01-01+TO+1842-12-31%5D&fl%5B%5D=identifier&rows=0&page=1&output=json,EXACT_PHRASE,data/fear-temperature/priority180/search/raw/internet_archive/967aa196cf643b82a5046e5aba7234983e716ed14aba386dc4a306e544fbaf04.json,9825691cb67d0c9d353c7a62e1a53f47b9b6b88eed4eb4f8cc2ef839577f46a4,Metadata text-item count; not a full-text lexical frequency.,FT-SEED-R1B-P-1938-10,1938,mean temperature
INTERNET_ARCHIVE,INTERNET_ARCHIVE_METADATA_TEXT_ITEM_COUNT,mean temperature,"""mean temperature"" AND mediatype:texts AND date:[1839-01-01 TO 1845-12-31]",CONTEXTUAL_ANCHOR,1839,1845,COMPLETED_NONZERO,4,4,2026-08-26,2026-08-26T06:23:48Z,https://archive.org/advancedsearch.php,https://archive.org/advancedsearch.php?q=%22mean+temperature%22+AND+mediatype%3Atexts+AND+date%3A%5B1839-01-01+TO+1845-12-31%5D&fl%5B%5D=identifier&rows=0&page=1&output=json,EXACT_PHRASE,data/fear-temperature/priority180/search/raw/internet_archive/f4c46b28dfb9be59d2b9e8101ba8bcb6c2048f84a9db651f236836a85b622b28.json,bdcc8774e00ea45b2436cd98032128b1a15ff65c4e72380375bdfaaa624b2198,Metadata text-item count; not a full-text lexical frequency.,FT-SEED-R1B-P-1938-10,1938,mean temperature
OPENALEX,OPENALEX_WORK_COUNT,mean temperature,"""mean temperature""",ALL_AVAILABLE,,,FAILED_PROVIDER_OR_REQUEST,,,2026-08-26,2026-08-26T06:32:35Z,https://api.openalex.org/works,https://api.openalex.org/works?search.exact=%22mean+temperature%22&per-page=1&select=id,EXACT_PHRASE,data/fear-temperature/priority180/search/raw/openalex/001ff270c019b110925dff02355af60b2732fbb1b2e7cc2f26622c0a26bc4809.json,e3b0c44298fc1c149afbf4c8996fb92427ae41e4649b934ca495991b7852b855,NOT_RUN_OPENALEX_DAILY_BUDGET_EXHAUSTED: shared provider response retained; no count fabricated.,FT-SEED-R1B-P-1938-10,1938,mean temperature
OPENALEX,OPENALEX_WORK_COUNT,mean temperature,"""mean temperature""",STRICT_ANCHOR,1842,1842,FAILED_PROVIDER_OR_REQUEST,,,2026-08-26,2026-08-26T06:32:35Z,https://api.openalex.org/works,https://api.openalex.org/works?search.exact=%22mean+temperature%22&per-page=1&select=id&filter=from_publication_date%3A1842-01-01%2Cto_publication_date%3A1842-12-31,EXACT_PHRASE,data/fear-temperature/priority180/search/raw/openalex/001ff270c019b110925dff02355af60b2732fbb1b2e7cc2f26622c0a26bc4809.json,e3b0c44298fc1c149afbf4c8996fb92427ae41e4649b934ca495991b7852b855,NOT_RUN_OPENALEX_DAILY_BUDGET_EXHAUSTED: shared provider response retained; no count fabricated.,FT-SEED-R1B-P-1938-10,1938,mean temperature
OPENALEX,OPENALEX_WORK_COUNT,mean temperature,"""mean temperature""",CONTEXTUAL_ANCHOR,1839,1845,FAILED_PROVIDER_OR_REQUEST,,,2026-08-26,2026-08-26T06:32:35Z,https://api.openalex.org/works,https://api.openalex.org/works?search.exact=%22mean+temperature%22&per-page=1&select=id&filter=from_publication_date%3A1839-01-01%2Cto_publication_date%3A1845-12-31,EXACT_PHRASE,data/fear-temperature/priority180/search/raw/openalex/001ff270c019b110925dff02355af60b2732fbb1b2e7cc2f26622c0a26bc4809.json,e3b0c44298fc1c149afbf4c8996fb92427ae41e4649b934ca495991b7852b855,NOT_RUN_OPENALEX_DAILY_BUDGET_EXHAUSTED: shared provider response retained; no count fabricated.,FT-SEED-R1B-P-1938-10,1938,mean temperature
GOOGLE_BOOKS_API,GOOGLE_BOOKS_TOTAL_ITEMS,mean temperature,"""mean temperature""",ALL_AVAILABLE,,,NOT_RUN_PROVIDER_QUOTA,,,2026-08-26,2026-08-26T06:34:48Z,https://www.googleapis.com/books/v1/volumes,https://www.googleapis.com/books/v1/volumes?q=%22mean+temperature%22&langRestrict=en&maxResults=1&printType=books,EXACT_PHRASE,data/fear-temperature/priority180/search/raw/google_books/provider_quota_probe.json,e3b0c44298fc1c149afbf4c8996fb92427ae41e4649b934ca495991b7852b855,Provider runtime probe returned project quota 0; no candidate count was fabricated. Internet Archive is the completed primary bounded source.,FT-SEED-R1B-P-1938-10,1938,mean temperature
INTERNET_ARCHIVE,INTERNET_ARCHIVE_METADATA_TEXT_ITEM_COUNT,temperature observations,"""temperature observations"" AND mediatype:texts",ALL_AVAILABLE,,,COMPLETED_NONZERO,141,141,2026-08-26,2026-08-26T06:25:56Z,https://archive.org/advancedsearch.php,https://archive.org/advancedsearch.php?q=%22temperature+observations%22+AND+mediatype%3Atexts&fl%5B%5D=identifier&rows=0&page=1&output=json,EXACT_PHRASE,data/fear-temperature/priority180/search/raw/internet_archive/11ba2b774ecf2004d525c9efcd79181450437131994f115df5470e65f1127661.json,5e1c1b31a24892d5f968fbce90b8f43aa2b66186bb30c8b25322c416488b9e90,Metadata text-item count; not a full-text lexical frequency.,FT-SEED-R1B-P-1938-11,1938,temperature observations
INTERNET_ARCHIVE,INTERNET_ARCHIVE_METADATA_TEXT_ITEM_COUNT,temperature observations,"""temperature observations"" AND mediatype:texts AND date:[1938-01-01 TO 1938-12-31]",STRICT_ANCHOR,1938,1938,COMPLETED_ZERO,0,0,2026-08-26,2026-08-26T06:25:57Z,https://archive.org/advancedsearch.php,https://archive.org/advancedsearch.php?q=%22temperature+observations%22+AND+mediatype%3Atexts+AND+date%3A%5B1938-01-01+TO+1938-12-31%5D&fl%5B%5D=identifier&rows=0&page=1&output=json,EXACT_PHRASE,data/fear-temperature/priority180/search/raw/internet_archive/a4fab4f5f99c91fe4c0c56ed739789793330b3f7d0b8d433421c3d6b4e88362f.json,8566ff5fbfcf88540ade1e2feba66ddfd6f1b4616ea11c4e89867ac1579f7558,Metadata text-item count; not a full-text lexical frequency.,FT-SEED-R1B-P-1938-11,1938,temperature observations
INTERNET_ARCHIVE,INTERNET_ARCHIVE_METADATA_TEXT_ITEM_COUNT,temperature observations,"""temperature observations"" AND mediatype:texts AND date:[1936-01-01 TO 1940-12-31]",CONTEXTUAL_ANCHOR,1936,1940,COMPLETED_ZERO,0,0,2026-08-26,2026-08-26T06:25:58Z,https://archive.org/advancedsearch.php,https://archive.org/advancedsearch.php?q=%22temperature+observations%22+AND+mediatype%3Atexts+AND+date%3A%5B1936-01-01+TO+1940-12-31%5D&fl%5B%5D=identifier&rows=0&page=1&output=json,EXACT_PHRASE,data/fear-temperature/priority180/search/raw/internet_archive/ca8091ce60de0d307fb6b99613f2b74e241eaed839d8424f8654fed322c79e8c.json,1788b9316524378e24597c47f703309a7a1e8be0369c7d30066aa9bfa036c588,Metadata text-item count; not a full-text lexical frequency.,FT-SEED-R1B-P-1938-11,1938,temperature observations
OPENALEX,OPENALEX_WORK_COUNT,temperature observations,"""temperature observations""",ALL_AVAILABLE,,,FAILED_PROVIDER_OR_REQUEST,,,2026-08-26,2026-08-26T06:32:35Z,https://api.openalex.org/works,https://api.openalex.org/works?search.exact=%22temperature+observations%22&per-page=1&select=id,EXACT_PHRASE,data/fear-temperature/priority180/search/raw/openalex/001ff270c019b110925dff02355af60b2732fbb1b2e7cc2f26622c0a26bc4809.json,e3b0c44298fc1c149afbf4c8996fb92427ae41e4649b934ca495991b7852b855,NOT_RUN_OPENALEX_DAILY_BUDGET_EXHAUSTED: shared provider response retained; no count fabricated.,FT-SEED-R1B-P-1938-11,1938,temperature observations
OPENALEX,OPENALEX_WORK_COUNT,temperature observations,"""temperature observations""",STRICT_ANCHOR,1938,1938,FAILED_PROVIDER_OR_REQUEST,,,2026-08-26,2026-08-26T06:32:35Z,https://api.openalex.org/works,https://api.openalex.org/works?search.exact=%22temperature+observations%22&per-page=1&select=id&filter=from_publication_date%3A1938-01-01%2Cto_publication_date%3A1938-12-31,EXACT_PHRASE,data/fear-temperature/priority180/search/raw/openalex/001ff270c019b110925dff02355af60b2732fbb1b2e7cc2f26622c0a26bc4809.json,e3b0c44298fc1c149afbf4c8996fb92427ae41e4649b934ca495991b7852b855,NOT_RUN_OPENALEX_DAILY_BUDGET_EXHAUSTED: shared provider response retained; no count fabricated.,FT-SEED-R1B-P-1938-11,1938,temperature observations
OPENALEX,OPENALEX_WORK_COUNT,temperature observations,"""temperature observations""",CONTEXTUAL_ANCHOR,1936,1940,FAILED_PROVIDER_OR_REQUEST,,,2026-08-26,2026-08-26T06:32:35Z,https://api.openalex.org/works,https://api.openalex.org/works?search.exact=%22temperature+observations%22&per-page=1&select=id&filter=from_publication_date%3A1936-01-01%2Cto_publication_date%3A1940-12-31,EXACT_PHRASE,data/fear-temperature/priority180/search/raw/openalex/001ff270c019b110925dff02355af60b2732fbb1b2e7cc2f26622c0a26bc4809.json,e3b0c44298fc1c149afbf4c8996fb92427ae41e4649b934ca495991b7852b855,NOT_RUN_OPENALEX_DAILY_BUDGET_EXHAUSTED: shared provider response retained; no count fabricated.,FT-SEED-R1B-P-1938-11,1938,temperature observations
GOOGLE_BOOKS_API,GOOGLE_BOOKS_TOTAL_ITEMS,temperature observations,"""temperature observations""",ALL_AVAILABLE,,,NOT_RUN_PROVIDER_QUOTA,,,2026-08-26,2026-08-26T06:34:48Z,https://www.googleapis.com/books/v1/volumes,https://www.googleapis.com/books/v1/volumes?q=%22temperature+observations%22&langRestrict=en&maxResults=1&printType=books,EXACT_PHRASE,data/fear-temperature/priority180/search/raw/google_books/provider_quota_probe.json,e3b0c44298fc1c149afbf4c8996fb92427ae41e4649b934ca495991b7852b855,Provider runtime probe returned project quota 0; no candidate count was fabricated. Internet Archive is the completed primary bounded source.,FT-SEED-R1B-P-1938-11,1938,temperature observations
INTERNET_ARCHIVE,INTERNET_ARCHIVE_METADATA_TEXT_ITEM_COUNT,meteorological stations,"""meteorological stations"" AND mediatype:texts",ALL_AVAILABLE,,,COMPLETED_NONZERO,336,336,2026-08-26,2026-08-26T06:24:02Z,https://archive.org/advancedsearch.php,https://archive.org/advancedsearch.php?q=%22meteorological+stations%22+AND+mediatype%3Atexts&fl%5B%5D=identifier&rows=0&page=1&output=json,EXACT_PHRASE,data/fear-temperature/priority180/search/raw/internet_archive/d98bfc68159f659e2242caec1c31076b6db47dd3056bcaf11dd8b3f217783a20.json,aa46e43d14d2437a67d6bd6ee81fd90652cc2b6811191ce8c9619d440471cd58,Metadata text-item count; not a full-text lexical frequency.,FT-SEED-R1B-P-1938-12,1938,meteorological stations
INTERNET_ARCHIVE,INTERNET_ARCHIVE_METADATA_TEXT_ITEM_COUNT,meteorological stations,"""meteorological stations"" AND mediatype:texts AND date:[1938-01-01 TO 1938-12-31]",STRICT_ANCHOR,1938,1938,COMPLETED_ZERO,0,0,2026-08-26,2026-08-26T06:24:03Z,https://archive.org/advancedsearch.php,https://archive.org/advancedsearch.php?q=%22meteorological+stations%22+AND+mediatype%3Atexts+AND+date%3A%5B1938-01-01+TO+1938-12-31%5D&fl%5B%5D=identifier&rows=0&page=1&output=json,EXACT_PHRASE,data/fear-temperature/priority180/search/raw/internet_archive/5fe96e1442a4a0be6bb3e5feed96d8c230f9db553906ea39071865df80a8fcbc.json,a111ed3bd56efd01a63ee671546d9e1a2cc7d5a1af25c405758d48760e51f5d9,Metadata text-item count; not a full-text lexical frequency.,FT-SEED-R1B-P-1938-12,1938,meteorological stations
INTERNET_ARCHIVE,INTERNET_ARCHIVE_METADATA_TEXT_ITEM_COUNT,meteorological stations,"""meteorological stations"" AND mediatype:texts AND date:[1936-01-01 TO 1940-12-31]",CONTEXTUAL_ANCHOR,1936,1940,COMPLETED_ZERO,0,0,2026-08-26,2026-08-26T06:24:04Z,https://archive.org/advancedsearch.php,https://archive.org/advancedsearch.php?q=%22meteorological+stations%22+AND+mediatype%3Atexts+AND+date%3A%5B1936-01-01+TO+1940-12-31%5D&fl%5B%5D=identifier&rows=0&page=1&output=json,EXACT_PHRASE,data/fear-temperature/priority180/search/raw/internet_archive/bcaba465cb66db009e6d6298a388c328312ca30d88326ce2f3548a033321a40e.json,44004d561304fe52735f50a68199d90525e0f045facd010301b519cc448ad623,Metadata text-item count; not a full-text lexical frequency.,FT-SEED-R1B-P-1938-12,1938,meteorological stations
OPENALEX,OPENALEX_WORK_COUNT,meteorological stations,"""meteorological stations""",ALL_AVAILABLE,,,FAILED_PROVIDER_OR_REQUEST,,,2026-08-26,2026-08-26T06:32:35Z,https://api.openalex.org/works,https://api.openalex.org/works?search.exact=%22meteorological+stations%22&per-page=1&select=id,EXACT_PHRASE,data/fear-temperature/priority180/search/raw/openalex/001ff270c019b110925dff02355af60b2732fbb1b2e7cc2f26622c0a26bc4809.json,e3b0c44298fc1c149afbf4c8996fb92427ae41e4649b934ca495991b7852b855,NOT_RUN_OPENALEX_DAILY_BUDGET_EXHAUSTED: shared provider response retained; no count fabricated.,FT-SEED-R1B-P-1938-12,1938,meteorological stations
OPENALEX,OPENALEX_WORK_COUNT,meteorological stations,"""meteorological stations""",STRICT_ANCHOR,1938,1938,FAILED_PROVIDER_OR_REQUEST,,,2026-08-26,2026-08-26T06:32:35Z,https://api.openalex.org/works,https://api.openalex.org/works?search.exact=%22meteorological+stations%22&per-page=1&select=id&filter=from_publication_date%3A1938-01-01%2Cto_publication_date%3A1938-12-31,EXACT_PHRASE,data/fear-temperature/priority180/search/raw/openalex/001ff270c019b110925dff02355af60b2732fbb1b2e7cc2f26622c0a26bc4809.json,e3b0c44298fc1c149afbf4c8996fb92427ae41e4649b934ca495991b7852b855,NOT_RUN_OPENALEX_DAILY_BUDGET_EXHAUSTED: shared provider response retained; no count fabricated.,FT-SEED-R1B-P-1938-12,1938,meteorological stations
OPENALEX,OPENALEX_WORK_COUNT,meteorological stations,"""meteorological stations""",CONTEXTUAL_ANCHOR,1936,1940,FAILED_PROVIDER_OR_REQUEST,,,2026-08-26,2026-08-26T06:32:35Z,https://api.openalex.org/works,https://api.openalex.org/works?search.exact=%22meteorological+stations%22&per-page=1&select=id&filter=from_publication_date%3A1936-01-01%2Cto_publication_date%3A1940-12-31,EXACT_PHRASE,data/fear-temperature/priority180/search/raw/openalex/001ff270c019b110925dff02355af60b2732fbb1b2e7cc2f26622c0a26bc4809.json,e3b0c44298fc1c149afbf4c8996fb92427ae41e4649b934ca495991b7852b855,NOT_RUN_OPENALEX_DAILY_BUDGET_EXHAUSTED: shared provider response retained; no count fabricated.,FT-SEED-R1B-P-1938-12,1938,meteorological stations
GOOGLE_BOOKS_API,GOOGLE_BOOKS_TOTAL_ITEMS,meteorological stations,"""meteorological stations""",ALL_AVAILABLE,,,NOT_RUN_PROVIDER_QUOTA,,,2026-08-26,2026-08-26T06:34:48Z,https://www.googleapis.com/books/v1/volumes,https://www.googleapis.com/books/v1/volumes?q=%22meteorological+stations%22&langRestrict=en&maxResults=1&printType=books,EXACT_PHRASE,data/fear-temperature/priority180/search/raw/google_books/provider_quota_probe.json,e3b0c44298fc1c149afbf4c8996fb92427ae41e4649b934ca495991b7852b855,Provider runtime probe returned project quota 0; no candidate count was fabricated. Internet Archive is the completed primary bounded source.,FT-SEED-R1B-P-1938-12,1938,meteorological stations
INTERNET_ARCHIVE,INTERNET_ARCHIVE_METADATA_TEXT_ITEM_COUNT,world temperatures,"""world temperatures"" AND mediatype:texts",ALL_AVAILABLE,,,COMPLETED_NONZERO,3,3,2026-08-26,2026-08-26T06:27:12Z,https://archive.org/advancedsearch.php,https://archive.org/advancedsearch.php?q=%22world+temperatures%22+AND+mediatype%3Atexts&fl%5B%5D=identifier&rows=0&page=1&output=json,EXACT_PHRASE,data/fear-temperature/priority180/search/raw/internet_archive/6dc74261d6d9a762f07d4bded6e47efdc4ce8023072009a9b95b57d272d731a9.json,f850ffa860eeb891bdb1dd6bb2762c474aee294411644122b703f59b41dfeb1a,Metadata text-item count; not a full-text lexical frequency.,FT-SEED-R1B-P-1938-13,1938,world temperatures
INTERNET_ARCHIVE,INTERNET_ARCHIVE_METADATA_TEXT_ITEM_COUNT,world temperatures,"""world temperatures"" AND mediatype:texts AND date:[1938-01-01 TO 1938-12-31]",STRICT_ANCHOR,1938,1938,COMPLETED_ZERO,0,0,2026-08-26,2026-08-26T06:27:13Z,https://archive.org/advancedsearch.php,https://archive.org/advancedsearch.php?q=%22world+temperatures%22+AND+mediatype%3Atexts+AND+date%3A%5B1938-01-01+TO+1938-12-31%5D&fl%5B%5D=identifier&rows=0&page=1&output=json,EXACT_PHRASE,data/fear-temperature/priority180/search/raw/internet_archive/889ecc493420562b30de568b0c87af8a3aa4ea689b071436cdaebdc6ae36d509.json,e7d0dd396e070c0f6cb9d5289dc85b4739fc40154e1f744d89ee2ac18f09fcb6,Metadata text-item count; not a full-text lexical frequency.,FT-SEED-R1B-P-1938-13,1938,world temperatures
INTERNET_ARCHIVE,INTERNET_ARCHIVE_METADATA_TEXT_ITEM_COUNT,world temperatures,"""world temperatures"" AND mediatype:texts AND date:[1936-01-01 TO 1940-12-31]",CONTEXTUAL_ANCHOR,1936,1940,COMPLETED_ZERO,0,0,2026-08-26,2026-08-26T06:27:14Z,https://archive.org/advancedsearch.php,https://archive.org/advancedsearch.php?q=%22world+temperatures%22+AND+mediatype%3Atexts+AND+date%3A%5B1936-01-01+TO+1940-12-31%5D&fl%5B%5D=identifier&rows=0&page=1&output=json,EXACT_PHRASE,data/fear-temperature/priority180/search/raw/internet_archive/0fdba64bde8ff2cf01386348838cec5240d5f799f2382c8025eee9ebc3ecf85b.json,4e68b2fbd3956161ef02b57622ec5a841a6a7b15e4a79cd98c05839af019dc15,Metadata text-item count; not a full-text lexical frequency.,FT-SEED-R1B-P-1938-13,1938,world temperatures
OPENALEX,OPENALEX_WORK_COUNT,world temperatures,"""world temperatures""",ALL_AVAILABLE,,,FAILED_PROVIDER_OR_REQUEST,,,2026-08-26,2026-08-26T06:32:35Z,https://api.openalex.org/works,https://api.openalex.org/works?search.exact=%22world+temperatures%22&per-page=1&select=id,EXACT_PHRASE,data/fear-temperature/priority180/search/raw/openalex/001ff270c019b110925dff02355af60b2732fbb1b2e7cc2f26622c0a26bc4809.json,e3b0c44298fc1c149afbf4c8996fb92427ae41e4649b934ca495991b7852b855,NOT_RUN_OPENALEX_DAILY_BUDGET_EXHAUSTED: shared provider response retained; no count fabricated.,FT-SEED-R1B-P-1938-13,1938,world temperatures
OPENALEX,OPENALEX_WORK_COUNT,world temperatures,"""world temperatures""",STRICT_ANCHOR,1938,1938,FAILED_PROVIDER_OR_REQUEST,,,2026-08-26,2026-08-26T06:32:35Z,https://api.openalex.org/works,https://api.openalex.org/works?search.exact=%22world+temperatures%22&per-page=1&select=id&filter=from_publication_date%3A1938-01-01%2Cto_publication_date%3A1938-12-31,EXACT_PHRASE,data/fear-temperature/priority180/search/raw/openalex/001ff270c019b110925dff02355af60b2732fbb1b2e7cc2f26622c0a26bc4809.json,e3b0c44298fc1c149afbf4c8996fb92427ae41e4649b934ca495991b7852b855,NOT_RUN_OPENALEX_DAILY_BUDGET_EXHAUSTED: shared provider response retained; no count fabricated.,FT-SEED-R1B-P-1938-13,1938,world temperatures
OPENALEX,OPENALEX_WORK_COUNT,world temperatures,"""world temperatures""",CONTEXTUAL_ANCHOR,1936,1940,FAILED_PROVIDER_OR_REQUEST,,,2026-08-26,2026-08-26T06:32:35Z,https://api.openalex.org/works,https://api.openalex.org/works?search.exact=%22world+temperatures%22&per-page=1&select=id&filter=from_publication_date%3A1936-01-01%2Cto_publication_date%3A1940-12-31,EXACT_PHRASE,data/fear-temperature/priority180/search/raw/openalex/001ff270c019b110925dff02355af60b2732fbb1b2e7cc2f26622c0a26bc4809.json,e3b0c44298fc1c149afbf4c8996fb92427ae41e4649b934ca495991b7852b855,NOT_RUN_OPENALEX_DAILY_BUDGET_EXHAUSTED: shared provider response retained; no count fabricated.,FT-SEED-R1B-P-1938-13,1938,world temperatures
GOOGLE_BOOKS_API,GOOGLE_BOOKS_TOTAL_ITEMS,world temperatures,"""world temperatures""",ALL_AVAILABLE,,,NOT_RUN_PROVIDER_QUOTA,,,2026-08-26,2026-08-26T06:34:48Z,https://www.googleapis.com/books/v1/volumes,https://www.googleapis.com/books/v1/volumes?q=%22world+temperatures%22&langRestrict=en&maxResults=1&printType=books,EXACT_PHRASE,data/fear-temperature/priority180/search/raw/google_books/provider_quota_probe.json,e3b0c44298fc1c149afbf4c8996fb92427ae41e4649b934ca495991b7852b855,Provider runtime probe returned project quota 0; no candidate count was fabricated. Internet Archive is the completed primary bounded source.,FT-SEED-R1B-P-1938-13,1938,world temperatures
INTERNET_ARCHIVE,INTERNET_ARCHIVE_METADATA_TEXT_ITEM_COUNT,actually increased,"""actually increased"" AND mediatype:texts",ALL_AVAILABLE,,,COMPLETED_NONZERO,151,151,2026-08-26,2026-08-26T06:18:40Z,https://archive.org/advancedsearch.php,https://archive.org/advancedsearch.php?q=%22actually+increased%22+AND+mediatype%3Atexts&fl%5B%5D=identifier&rows=0&page=1&output=json,EXACT_PHRASE,data/fear-temperature/priority180/search/raw/internet_archive/9580a3a551c6a885285c432abae5f3a4b008e4c2ee3b4f92c1ace849022ec197.json,5db55fac025c7e9b4b966511e68da63080724cf6cafdb4e22135e119f3cde4a7,Metadata text-item count; not a full-text lexical frequency.,FT-SEED-R1B-P-1938-14,1938,actually increased
INTERNET_ARCHIVE,INTERNET_ARCHIVE_METADATA_TEXT_ITEM_COUNT,actually increased,"""actually increased"" AND mediatype:texts AND date:[1938-01-01 TO 1938-12-31]",STRICT_ANCHOR,1938,1938,COMPLETED_ZERO,0,0,2026-08-26,2026-08-26T06:18:41Z,https://archive.org/advancedsearch.php,https://archive.org/advancedsearch.php?q=%22actually+increased%22+AND+mediatype%3Atexts+AND+date%3A%5B1938-01-01+TO+1938-12-31%5D&fl%5B%5D=identifier&rows=0&page=1&output=json,EXACT_PHRASE,data/fear-temperature/priority180/search/raw/internet_archive/3b709a414160c0957bc510dfdf499667918dec7bf4167aeeae02d19d6ca2d40d.json,89c81e08aba5a421a2c4d088dc2a353d5cf1af5def6788f690e6534d9153b5a2,Metadata text-item count; not a full-text lexical frequency.,FT-SEED-R1B-P-1938-14,1938,actually increased
INTERNET_ARCHIVE,INTERNET_ARCHIVE_METADATA_TEXT_ITEM_COUNT,actually increased,"""actually increased"" AND mediatype:texts AND date:[1936-01-01 TO 1940-12-31]",CONTEXTUAL_ANCHOR,1936,1940,COMPLETED_ZERO,0,0,2026-08-26,2026-08-26T06:18:42Z,https://archive.org/advancedsearch.php,https://archive.org/advancedsearch.php?q=%22actually+increased%22+AND+mediatype%3Atexts+AND+date%3A%5B1936-01-01+TO+1940-12-31%5D&fl%5B%5D=identifier&rows=0&page=1&output=json,EXACT_PHRASE,data/fear-temperature/priority180/search/raw/internet_archive/738775ce9f1491a8bfe1a199ad0bfe7934144a8aaccf311f5611b55ccf23bfc2.json,f51e9929ff56809758ed2a54f71fc4ba8f0b8b1bb73babd88bf0ed33a626ab01,Metadata text-item count; not a full-text lexical frequency.,FT-SEED-R1B-P-1938-14,1938,actually increased
OPENALEX,OPENALEX_WORK_COUNT,actually increased,"""actually increased""",ALL_AVAILABLE,,,COMPLETED_NONZERO,40274,40274,2026-08-26,2026-08-26T06:27:27Z,https://api.openalex.org/works,https://api.openalex.org/works?search.exact=%22actually+increased%22&per-page=1&select=id,EXACT_PHRASE,data/fear-temperature/priority180/search/raw/openalex/13b90fc41f76db6e3fe1fbebf32b3db2c8ae90f028a5af57ebd46529d622370f.json,eb183bedce898a9cc59c8f63ac027262737190a8ac0ddbde6f300ddf2032e6de,Scholarly work discoverability count over OpenAlex search fields; not a corpus word frequency.,FT-SEED-R1B-P-1938-14,1938,actually increased
OPENALEX,OPENALEX_WORK_COUNT,actually increased,"""actually increased""",STRICT_ANCHOR,1938,1938,COMPLETED_NONZERO,9,9,2026-08-26,2026-08-26T06:27:27Z,https://api.openalex.org/works,https://api.openalex.org/works?search.exact=%22actually+increased%22&per-page=1&select=id&filter=from_publication_date%3A1938-01-01%2Cto_publication_date%3A1938-12-31,EXACT_PHRASE,data/fear-temperature/priority180/search/raw/openalex/ee6193ff0f3bc2bbc35e1db1d465f81625e3dd7da99e1e1f070f3967fb7ddea5.json,c52172825946c0ba13f0248cb2afe6a3c81a1b071a5faeb8babebb88273faceb,Scholarly work discoverability count over OpenAlex search fields; not a corpus word frequency.,FT-SEED-R1B-P-1938-14,1938,actually increased
OPENALEX,OPENALEX_WORK_COUNT,actually increased,"""actually increased""",CONTEXTUAL_ANCHOR,1936,1940,COMPLETED_NONZERO,42,42,2026-08-26,2026-08-26T06:27:28Z,https://api.openalex.org/works,https://api.openalex.org/works?search.exact=%22actually+increased%22&per-page=1&select=id&filter=from_publication_date%3A1936-01-01%2Cto_publication_date%3A1940-12-31,EXACT_PHRASE,data/fear-temperature/priority180/search/raw/openalex/057f7a66fc54ec288232a597f840ca573fdf3dd621d0307fc7f1d0aa67c31659.json,a95bc088793688759bf07c0228555c37d38f846a5490427fef9dcfebf53fabef,Scholarly work discoverability count over OpenAlex search fields; not a corpus word frequency.,FT-SEED-R1B-P-1938-14,1938,actually increased
GOOGLE_BOOKS_API,GOOGLE_BOOKS_TOTAL_ITEMS,actually increased,"""actually increased""",ALL_AVAILABLE,,,NOT_RUN_PROVIDER_QUOTA,,,2026-08-26,2026-08-26T06:34:48Z,https://www.googleapis.com/books/v1/volumes,https://www.googleapis.com/books/v1/volumes?q=%22actually+increased%22&langRestrict=en&maxResults=1&printType=books,EXACT_PHRASE,data/fear-temperature/priority180/search/raw/google_books/provider_quota_probe.json,e3b0c44298fc1c149afbf4c8996fb92427ae41e4649b934ca495991b7852b855,Provider runtime probe returned project quota 0; no candidate count was fabricated. Internet Archive is the completed primary bounded source.,FT-SEED-R1B-P-1938-14,1938,actually increased
INTERNET_ARCHIVE,INTERNET_ARCHIVE_METADATA_TEXT_ITEM_COUNT,average rate,"""average rate"" AND mediatype:texts",ALL_AVAILABLE,,,COMPLETED_NONZERO,891,891,2026-08-26,2026-08-26T06:19:27Z,https://archive.org/advancedsearch.php,https://archive.org/advancedsearch.php?q=%22average+rate%22+AND+mediatype%3Atexts&fl%5B%5D=identifier&rows=0&page=1&output=json,EXACT_PHRASE,data/fear-temperature/priority180/search/raw/internet_archive/27adc7bd57549d5c5e68ec7775eb2a699385deb6fcd1446503682ccaf9d3bef2.json,2fa228d33f15353f4a8fe095e057849f3c70400e8f817530bd3098412179a56d,Metadata text-item count; not a full-text lexical frequency.,FT-SEED-R1B-P-1938-15,1938,average rate
INTERNET_ARCHIVE,INTERNET_ARCHIVE_METADATA_TEXT_ITEM_COUNT,average rate,"""average rate"" AND mediatype:texts AND date:[1938-01-01 TO 1938-12-31]",STRICT_ANCHOR,1938,1938,COMPLETED_ZERO,0,0,2026-08-26,2026-08-26T06:19:29Z,https://archive.org/advancedsearch.php,https://archive.org/advancedsearch.php?q=%22average+rate%22+AND+mediatype%3Atexts+AND+date%3A%5B1938-01-01+TO+1938-12-31%5D&fl%5B%5D=identifier&rows=0&page=1&output=json,EXACT_PHRASE,data/fear-temperature/priority180/search/raw/internet_archive/5ea927c8c5f8aafc4b8b891ff7932470af27bdb1eda74816c333a824ea1bf9d3.json,fa9077293676801e4cff61ffce8d74cc32ae53df18925fd9220e35d886a4b231,Metadata text-item count; not a full-text lexical frequency.,FT-SEED-R1B-P-1938-15,1938,average rate
INTERNET_ARCHIVE,INTERNET_ARCHIVE_METADATA_TEXT_ITEM_COUNT,average rate,"""average rate"" AND mediatype:texts AND date:[1936-01-01 TO 1940-12-31]",CONTEXTUAL_ANCHOR,1936,1940,COMPLETED_ZERO,0,0,2026-08-26,2026-08-26T06:19:30Z,https://archive.org/advancedsearch.php,https://archive.org/advancedsearch.php?q=%22average+rate%22+AND+mediatype%3Atexts+AND+date%3A%5B1936-01-01+TO+1940-12-31%5D&fl%5B%5D=identifier&rows=0&page=1&output=json,EXACT_PHRASE,data/fear-temperature/priority180/search/raw/internet_archive/f713bb4e1fbc400612ac66c0eea40a13bc13b1599c5c1e39589de4682a11dd10.json,69f8c96ca495e23a1dfcd169e126a3d22b5f96d7c4d28d540bda89e3462f6166,Metadata text-item count; not a full-text lexical frequency.,FT-SEED-R1B-P-1938-15,1938,average rate
OPENALEX,OPENALEX_WORK_COUNT,average rate,"""average rate""",ALL_AVAILABLE,,,COMPLETED_NONZERO,179699,179699,2026-08-26,2026-08-26T06:27:59Z,https://api.openalex.org/works,https://api.openalex.org/works?search.exact=%22average+rate%22&per-page=1&select=id,EXACT_PHRASE,data/fear-temperature/priority180/search/raw/openalex/6c30984d724ee5a03e7a53c1578b9ed91c24a09729a64a2b3f957c04789fcf88.json,a6b90b1d7c3be6c63487d2a66be56eca2226a1bfddecee4cd710e46715941612,Scholarly work discoverability count over OpenAlex search fields; not a corpus word frequency.,FT-SEED-R1B-P-1938-15,1938,average rate
OPENALEX,OPENALEX_WORK_COUNT,average rate,"""average rate""",STRICT_ANCHOR,1938,1938,COMPLETED_NONZERO,47,47,2026-08-26,2026-08-26T06:28:00Z,https://api.openalex.org/works,https://api.openalex.org/works?search.exact=%22average+rate%22&per-page=1&select=id&filter=from_publication_date%3A1938-01-01%2Cto_publication_date%3A1938-12-31,EXACT_PHRASE,data/fear-temperature/priority180/search/raw/openalex/4a9cf63ec49b1187e83fc052942536233b507cb831a0db59012ac327a6d6894b.json,2bfce03dd9e42c1d9a73250849b7dacf15fd3aa961896db566fa05c318a51890,Scholarly work discoverability count over OpenAlex search fields; not a corpus word frequency.,FT-SEED-R1B-P-1938-15,1938,average rate
OPENALEX,OPENALEX_WORK_COUNT,average rate,"""average rate""",CONTEXTUAL_ANCHOR,1936,1940,COMPLETED_NONZERO,240,240,2026-08-26,2026-08-26T06:28:01Z,https://api.openalex.org/works,https://api.openalex.org/works?search.exact=%22average+rate%22&per-page=1&select=id&filter=from_publication_date%3A1936-01-01%2Cto_publication_date%3A1940-12-31,EXACT_PHRASE,data/fear-temperature/priority180/search/raw/openalex/da811b4c2c5a3d838bc555a2762a8988d01030121c86dbc9c1071d65b53419ce.json,665d7c767954e681aab6aaa03a109cfac8e283cf5b817524064c2355e6f8c883,Scholarly work discoverability count over OpenAlex search fields; not a corpus word frequency.,FT-SEED-R1B-P-1938-15,1938,average rate
GOOGLE_BOOKS_API,GOOGLE_BOOKS_TOTAL_ITEMS,average rate,"""average rate""",ALL_AVAILABLE,,,NOT_RUN_PROVIDER_QUOTA,,,2026-08-26,2026-08-26T06:34:48Z,https://www.googleapis.com/books/v1/volumes,https://www.googleapis.com/books/v1/volumes?q=%22average+rate%22&langRestrict=en&maxResults=1&printType=books,EXACT_PHRASE,data/fear-temperature/priority180/search/raw/google_books/provider_quota_probe.json,e3b0c44298fc1c149afbf4c8996fb92427ae41e4649b934ca495991b7852b855,Provider runtime probe returned project quota 0; no candidate count was fabricated. Internet Archive is the completed primary bounded source.,FT-SEED-R1B-P-1938-15,1938,average rate
INTERNET_ARCHIVE,INTERNET_ARCHIVE_METADATA_TEXT_ITEM_COUNT,small increases in mean temperature,"""small increases in mean temperature"" AND mediatype:texts",ALL_AVAILABLE,,,COMPLETED_ZERO,0,0,2026-08-26,2026-08-26T06:25:33Z,https://archive.org/advancedsearch.php,https://archive.org/advancedsearch.php?q=%22small+increases+in+mean+temperature%22+AND+mediatype%3Atexts&fl%5B%5D=identifier&rows=0&page=1&output=json,EXACT_PHRASE,data/fear-temperature/priority180/search/raw/internet_archive/30d098cecd82ebd73e1044ba953854d3ef7c2274ced6b74d97736650c79e5f09.json,94ca55cfc1dec586a5fd66f1c66877bac884159be59ccfe8db5002a521231c42,Metadata text-item count; not a full-text lexical frequency.,FT-SEED-R1B-P-1938-16,1938,small increases in mean temperature
INTERNET_ARCHIVE,INTERNET_ARCHIVE_METADATA_TEXT_ITEM_COUNT,small increases in mean temperature,"""small increases in mean temperature"" AND mediatype:texts AND date:[1938-01-01 TO 1938-12-31]",STRICT_ANCHOR,1938,1938,COMPLETED_ZERO,0,0,2026-08-26,2026-08-26T06:25:34Z,https://archive.org/advancedsearch.php,https://archive.org/advancedsearch.php?q=%22small+increases+in+mean+temperature%22+AND+mediatype%3Atexts+AND+date%3A%5B1938-01-01+TO+1938-12-31%5D&fl%5B%5D=identifier&rows=0&page=1&output=json,EXACT_PHRASE,data/fear-temperature/priority180/search/raw/internet_archive/5ab29cc0e2439090e7413f4dc9fd0b22d9891499d23c6f4c56b84d3c318132a7.json,c4d501a0b8d8080939c35d1d9fb5a040f6804101895d1535e156560b3cf31ea2,Metadata text-item count; not a full-text lexical frequency.,FT-SEED-R1B-P-1938-16,1938,small increases in mean temperature
INTERNET_ARCHIVE,INTERNET_ARCHIVE_METADATA_TEXT_ITEM_COUNT,small increases in mean temperature,"""small increases in mean temperature"" AND mediatype:texts AND date:[1936-01-01 TO 1940-12-31]",CONTEXTUAL_ANCHOR,1936,1940,COMPLETED_ZERO,0,0,2026-08-26,2026-08-26T06:25:35Z,https://archive.org/advancedsearch.php,https://archive.org/advancedsearch.php?q=%22small+increases+in+mean+temperature%22+AND+mediatype%3Atexts+AND+date%3A%5B1936-01-01+TO+1940-12-31%5D&fl%5B%5D=identifier&rows=0&page=1&output=json,EXACT_PHRASE,data/fear-temperature/priority180/search/raw/internet_archive/44f1bd92447913c0631882924f9ad1ee1f3b551c45c6324f2b732f8cb2604809.json,77acaaf4a1be0ea9794dd64b4e29d0331decad756cdff98afd509912d3f2c489,Metadata text-item count; not a full-text lexical frequency.,FT-SEED-R1B-P-1938-16,1938,small increases in mean temperature
OPENALEX,OPENALEX_WORK_COUNT,small increases in mean temperature,"""small increases in mean temperature""",ALL_AVAILABLE,,,FAILED_PROVIDER_OR_REQUEST,,,2026-08-26,2026-08-26T06:32:35Z,https://api.openalex.org/works,https://api.openalex.org/works?search.exact=%22small+increases+in+mean+temperature%22&per-page=1&select=id,EXACT_PHRASE,data/fear-temperature/priority180/search/raw/openalex/001ff270c019b110925dff02355af60b2732fbb1b2e7cc2f26622c0a26bc4809.json,e3b0c44298fc1c149afbf4c8996fb92427ae41e4649b934ca495991b7852b855,NOT_RUN_OPENALEX_DAILY_BUDGET_EXHAUSTED: shared provider response retained; no count fabricated.,FT-SEED-R1B-P-1938-16,1938,small increases in mean temperature
OPENALEX,OPENALEX_WORK_COUNT,small increases in mean temperature,"""small increases in mean temperature""",STRICT_ANCHOR,1938,1938,FAILED_PROVIDER_OR_REQUEST,,,2026-08-26,2026-08-26T06:32:35Z,https://api.openalex.org/works,https://api.openalex.org/works?search.exact=%22small+increases+in+mean+temperature%22&per-page=1&select=id&filter=from_publication_date%3A1938-01-01%2Cto_publication_date%3A1938-12-31,EXACT_PHRASE,data/fear-temperature/priority180/search/raw/openalex/001ff270c019b110925dff02355af60b2732fbb1b2e7cc2f26622c0a26bc4809.json,e3b0c44298fc1c149afbf4c8996fb92427ae41e4649b934ca495991b7852b855,NOT_RUN_OPENALEX_DAILY_BUDGET_EXHAUSTED: shared provider response retained; no count fabricated.,FT-SEED-R1B-P-1938-16,1938,small increases in mean temperature
OPENALEX,OPENALEX_WORK_COUNT,small increases in mean temperature,"""small increases in mean temperature""",CONTEXTUAL_ANCHOR,1936,1940,FAILED_PROVIDER_OR_REQUEST,,,2026-08-26,2026-08-26T06:32:35Z,https://api.openalex.org/works,https://api.openalex.org/works?search.exact=%22small+increases+in+mean+temperature%22&per-page=1&select=id&filter=from_publication_date%3A1936-01-01%2Cto_publication_date%3A1940-12-31,EXACT_PHRASE,data/fear-temperature/priority180/search/raw/openalex/001ff270c019b110925dff02355af60b2732fbb1b2e7cc2f26622c0a26bc4809.json,e3b0c44298fc1c149afbf4c8996fb92427ae41e4649b934ca495991b7852b855,NOT_RUN_OPENALEX_DAILY_BUDGET_EXHAUSTED: shared provider response retained; no count fabricated.,FT-SEED-R1B-P-1938-16,1938,small increases in mean temperature
GOOGLE_BOOKS_API,GOOGLE_BOOKS_TOTAL_ITEMS,small increases in mean temperature,"""small increases in mean temperature""",ALL_AVAILABLE,,,NOT_RUN_PROVIDER_QUOTA,,,2026-08-26,2026-08-26T06:34:48Z,https://www.googleapis.com/books/v1/volumes,https://www.googleapis.com/books/v1/volumes?q=%22small+increases+in+mean+temperature%22&langRestrict=en&maxResults=1&printType=books,EXACT_PHRASE,data/fear-temperature/priority180/search/raw/google_books/provider_quota_probe.json,e3b0c44298fc1c149afbf4c8996fb92427ae41e4649b934ca495991b7852b855,Provider runtime probe returned project quota 0; no candidate count was fabricated. Internet Archive is the completed primary bounded source.,FT-SEED-R1B-P-1938-16,1938,small increases in mean temperature
INTERNET_ARCHIVE,INTERNET_ARCHIVE_METADATA_TEXT_ITEM_COUNT,deadly glaciers,"""deadly glaciers"" AND mediatype:texts",ALL_AVAILABLE,,,COMPLETED_ZERO,0,0,2026-08-26,2026-08-26T06:20:37Z,https://archive.org/advancedsearch.php,https://archive.org/advancedsearch.php?q=%22deadly+glaciers%22+AND+mediatype%3Atexts&fl%5B%5D=identifier&rows=0&page=1&output=json,EXACT_PHRASE,data/fear-temperature/priority180/search/raw/internet_archive/dd2cee3584ce408588ac408a389f88ee431cc1b18aca453dbac4a396dee6813e.json,9adb21c253f977390e4fd80fcd12e8b4248e6ff596385e9c2439551fafa02261,Metadata text-item count; not a full-text lexical frequency.,FT-SEED-R1B-P-1938-17,1938,deadly glaciers
INTERNET_ARCHIVE,INTERNET_ARCHIVE_METADATA_TEXT_ITEM_COUNT,deadly glaciers,"""deadly glaciers"" AND mediatype:texts AND date:[1938-01-01 TO 1938-12-31]",STRICT_ANCHOR,1938,1938,COMPLETED_ZERO,0,0,2026-08-26,2026-08-26T06:20:37Z,https://archive.org/advancedsearch.php,https://archive.org/advancedsearch.php?q=%22deadly+glaciers%22+AND+mediatype%3Atexts+AND+date%3A%5B1938-01-01+TO+1938-12-31%5D&fl%5B%5D=identifier&rows=0&page=1&output=json,EXACT_PHRASE,data/fear-temperature/priority180/search/raw/internet_archive/d57481b61320fc97eb0d3562a73dd71ff84f43d91f586269d40b21850f1ca007.json,8f3f0e3092323a5b6688ed1ffc0bb28d5c89f257d53d11456281b53aaa63ab01,Metadata text-item count; not a full-text lexical frequency.,FT-SEED-R1B-P-1938-17,1938,deadly glaciers
INTERNET_ARCHIVE,INTERNET_ARCHIVE_METADATA_TEXT_ITEM_COUNT,deadly glaciers,"""deadly glaciers"" AND mediatype:texts AND date:[1936-01-01 TO 1940-12-31]",CONTEXTUAL_ANCHOR,1936,1940,COMPLETED_ZERO,0,0,2026-08-26,2026-08-26T06:20:39Z,https://archive.org/advancedsearch.php,https://archive.org/advancedsearch.php?q=%22deadly+glaciers%22+AND+mediatype%3Atexts+AND+date%3A%5B1936-01-01+TO+1940-12-31%5D&fl%5B%5D=identifier&rows=0&page=1&output=json,EXACT_PHRASE,data/fear-temperature/priority180/search/raw/internet_archive/3b6e91713f905d54150444fe4672eb5d7766196ba89f841e07ad3a90eca99315.json,04314b63b79aa169c0218b54e8ba6bde6bc8753e726288709abdddbaf0c3343b,Metadata text-item count; not a full-text lexical frequency.,FT-SEED-R1B-P-1938-17,1938,deadly glaciers
OPENALEX,OPENALEX_WORK_COUNT,deadly glaciers,"""deadly glaciers""",ALL_AVAILABLE,,,FAILED_PROVIDER_OR_REQUEST,,,2026-08-26,2026-08-26T06:32:35Z,https://api.openalex.org/works,https://api.openalex.org/works?search.exact=%22deadly+glaciers%22&per-page=1&select=id,EXACT_PHRASE,data/fear-temperature/priority180/search/raw/openalex/001ff270c019b110925dff02355af60b2732fbb1b2e7cc2f26622c0a26bc4809.json,e3b0c44298fc1c149afbf4c8996fb92427ae41e4649b934ca495991b7852b855,NOT_RUN_OPENALEX_DAILY_BUDGET_EXHAUSTED: shared provider response retained; no count fabricated.,FT-SEED-R1B-P-1938-17,1938,deadly glaciers
OPENALEX,OPENALEX_WORK_COUNT,deadly glaciers,"""deadly glaciers""",STRICT_ANCHOR,1938,1938,FAILED_PROVIDER_OR_REQUEST,,,2026-08-26,2026-08-26T06:32:35Z,https://api.openalex.org/works,https://api.openalex.org/works?search.exact=%22deadly+glaciers%22&per-page=1&select=id&filter=from_publication_date%3A1938-01-01%2Cto_publication_date%3A1938-12-31,EXACT_PHRASE,data/fear-temperature/priority180/search/raw/openalex/001ff270c019b110925dff02355af60b2732fbb1b2e7cc2f26622c0a26bc4809.json,e3b0c44298fc1c149afbf4c8996fb92427ae41e4649b934ca495991b7852b855,NOT_RUN_OPENALEX_DAILY_BUDGET_EXHAUSTED: shared provider response retained; no count fabricated.,FT-SEED-R1B-P-1938-17,1938,deadly glaciers
OPENALEX,OPENALEX_WORK_COUNT,deadly glaciers,"""deadly glaciers""",CONTEXTUAL_ANCHOR,1936,1940,FAILED_PROVIDER_OR_REQUEST,,,2026-08-26,2026-08-26T06:32:35Z,https://api.openalex.org/works,https://api.openalex.org/works?search.exact=%22deadly+glaciers%22&per-page=1&select=id&filter=from_publication_date%3A1936-01-01%2Cto_publication_date%3A1940-12-31,EXACT_PHRASE,data/fear-temperature/priority180/search/raw/openalex/001ff270c019b110925dff02355af60b2732fbb1b2e7cc2f26622c0a26bc4809.json,e3b0c44298fc1c149afbf4c8996fb92427ae41e4649b934ca495991b7852b855,NOT_RUN_OPENALEX_DAILY_BUDGET_EXHAUSTED: shared provider response retained; no count fabricated.,FT-SEED-R1B-P-1938-17,1938,deadly glaciers
GOOGLE_BOOKS_API,GOOGLE_BOOKS_TOTAL_ITEMS,deadly glaciers,"""deadly glaciers""",ALL_AVAILABLE,,,NOT_RUN_PROVIDER_QUOTA,,,2026-08-26,2026-08-26T06:34:48Z,https://www.googleapis.com/books/v1/volumes,https://www.googleapis.com/books/v1/volumes?q=%22deadly+glaciers%22&langRestrict=en&maxResults=1&printType=books,EXACT_PHRASE,data/fear-temperature/priority180/search/raw/google_books/provider_quota_probe.json,e3b0c44298fc1c149afbf4c8996fb92427ae41e4649b934ca495991b7852b855,Provider runtime probe returned project quota 0; no candidate count was fabricated. Internet Archive is the completed primary bounded source.,FT-SEED-R1B-P-1938-17,1938,deadly glaciers
INTERNET_ARCHIVE,INTERNET_ARCHIVE_METADATA_TEXT_ITEM_COUNT,rather a coincidence,"""rather a coincidence"" AND mediatype:texts",ALL_AVAILABLE,,,COMPLETED_ZERO,0,0,2026-08-26,2026-08-26T06:24:51Z,https://archive.org/advancedsearch.php,https://archive.org/advancedsearch.php?q=%22rather+a+coincidence%22+AND+mediatype%3Atexts&fl%5B%5D=identifier&rows=0&page=1&output=json,EXACT_PHRASE,data/fear-temperature/priority180/search/raw/internet_archive/86017e9770dd0a956f2a0f4fe0ce592de6468afc5e1244a129ba8d582ab14ec7.json,c27566d57a5b08d9a31a79e75a379e65f0f02fd95e404d5914b40a8933629ee0,Metadata text-item count; not a full-text lexical frequency.,FT-SEED-R1B-P-1938-18,1938,rather a coincidence
INTERNET_ARCHIVE,INTERNET_ARCHIVE_METADATA_TEXT_ITEM_COUNT,rather a coincidence,"""rather a coincidence"" AND mediatype:texts AND date:[1938-01-01 TO 1938-12-31]",STRICT_ANCHOR,1938,1938,COMPLETED_ZERO,0,0,2026-08-26,2026-08-26T06:24:52Z,https://archive.org/advancedsearch.php,https://archive.org/advancedsearch.php?q=%22rather+a+coincidence%22+AND+mediatype%3Atexts+AND+date%3A%5B1938-01-01+TO+1938-12-31%5D&fl%5B%5D=identifier&rows=0&page=1&output=json,EXACT_PHRASE,data/fear-temperature/priority180/search/raw/internet_archive/d11a0c850eb4913d0dbf7ed0fd32ee441068362746bf3f32b9cae626f1b7ec75.json,b3b0d61e2030251c66f1d53f6177ef97e9c86b6d57c114efa9d4803ad076db24,Metadata text-item count; not a full-text lexical frequency.,FT-SEED-R1B-P-1938-18,1938,rather a coincidence
INTERNET_ARCHIVE,INTERNET_ARCHIVE_METADATA_TEXT_ITEM_COUNT,rather a coincidence,"""rather a coincidence"" AND mediatype:texts AND date:[1936-01-01 TO 1940-12-31]",CONTEXTUAL_ANCHOR,1936,1940,COMPLETED_ZERO,0,0,2026-08-26,2026-08-26T06:24:53Z,https://archive.org/advancedsearch.php,https://archive.org/advancedsearch.php?q=%22rather+a+coincidence%22+AND+mediatype%3Atexts+AND+date%3A%5B1936-01-01+TO+1940-12-31%5D&fl%5B%5D=identifier&rows=0&page=1&output=json,EXACT_PHRASE,data/fear-temperature/priority180/search/raw/internet_archive/5bb3053ef786929cdc5b68e853f4ab0969d24cdd7bf208413417867268e83b8b.json,7580ef6694f0525dbcafff9f090e90c3d9177689aa58f86f333d39ebf8a7f9c0,Metadata text-item count; not a full-text lexical frequency.,FT-SEED-R1B-P-1938-18,1938,rather a coincidence
OPENALEX,OPENALEX_WORK_COUNT,rather a coincidence,"""rather a coincidence""",ALL_AVAILABLE,,,FAILED_PROVIDER_OR_REQUEST,,,2026-08-26,2026-08-26T06:32:35Z,https://api.openalex.org/works,https://api.openalex.org/works?search.exact=%22rather+a+coincidence%22&per-page=1&select=id,EXACT_PHRASE,data/fear-temperature/priority180/search/raw/openalex/001ff270c019b110925dff02355af60b2732fbb1b2e7cc2f26622c0a26bc4809.json,e3b0c44298fc1c149afbf4c8996fb92427ae41e4649b934ca495991b7852b855,NOT_RUN_OPENALEX_DAILY_BUDGET_EXHAUSTED: shared provider response retained; no count fabricated.,FT-SEED-R1B-P-1938-18,1938,rather a coincidence
OPENALEX,OPENALEX_WORK_COUNT,rather a coincidence,"""rather a coincidence""",STRICT_ANCHOR,1938,1938,FAILED_PROVIDER_OR_REQUEST,,,2026-08-26,2026-08-26T06:32:35Z,https://api.openalex.org/works,https://api.openalex.org/works?search.exact=%22rather+a+coincidence%22&per-page=1&select=id&filter=from_publication_date%3A1938-01-01%2Cto_publication_date%3A1938-12-31,EXACT_PHRASE,data/fear-temperature/priority180/search/raw/openalex/001ff270c019b110925dff02355af60b2732fbb1b2e7cc2f26622c0a26bc4809.json,e3b0c44298fc1c149afbf4c8996fb92427ae41e4649b934ca495991b7852b855,NOT_RUN_OPENALEX_DAILY_BUDGET_EXHAUSTED: shared provider response retained; no count fabricated.,FT-SEED-R1B-P-1938-18,1938,rather a coincidence
OPENALEX,OPENALEX_WORK_COUNT,rather a coincidence,"""rather a coincidence""",CONTEXTUAL_ANCHOR,1936,1940,FAILED_PROVIDER_OR_REQUEST,,,2026-08-26,2026-08-26T06:32:35Z,https://api.openalex.org/works,https://api.openalex.org/works?search.exact=%22rather+a+coincidence%22&per-page=1&select=id&filter=from_publication_date%3A1936-01-01%2Cto_publication_date%3A1940-12-31,EXACT_PHRASE,data/fear-temperature/priority180/search/raw/openalex/001ff270c019b110925dff02355af60b2732fbb1b2e7cc2f26622c0a26bc4809.json,e3b0c44298fc1c149afbf4c8996fb92427ae41e4649b934ca495991b7852b855,NOT_RUN_OPENALEX_DAILY_BUDGET_EXHAUSTED: shared provider response retained; no count fabricated.,FT-SEED-R1B-P-1938-18,1938,rather a coincidence
GOOGLE_BOOKS_API,GOOGLE_BOOKS_TOTAL_ITEMS,rather a coincidence,"""rather a coincidence""",ALL_AVAILABLE,,,NOT_RUN_PROVIDER_QUOTA,,,2026-08-26,2026-08-26T06:34:48Z,https://www.googleapis.com/books/v1/volumes,https://www.googleapis.com/books/v1/volumes?q=%22rather+a+coincidence%22&langRestrict=en&maxResults=1&printType=books,EXACT_PHRASE,data/fear-temperature/priority180/search/raw/google_books/provider_quota_probe.json,e3b0c44298fc1c149afbf4c8996fb92427ae41e4649b934ca495991b7852b855,Provider runtime probe returned project quota 0; no candidate count was fabricated. Internet Archive is the completed primary bounded source.,FT-SEED-R1B-P-1938-18,1938,rather a coincidence
INTERNET_ARCHIVE,INTERNET_ARCHIVE_METADATA_TEXT_ITEM_COUNT,hottest day for ten years,"""Hottest Day for Ten Years"" AND mediatype:texts",ALL_AVAILABLE,,,COMPLETED_ZERO,0,0,2026-08-26,2026-08-26T06:23:10Z,https://archive.org/advancedsearch.php,https://archive.org/advancedsearch.php?q=%22Hottest+Day+for+Ten+Years%22+AND+mediatype%3Atexts&fl%5B%5D=identifier&rows=0&page=1&output=json,EXACT_PHRASE,data/fear-temperature/priority180/search/raw/internet_archive/124dcde977c60e7a1fc64c37e2a7937462efd68fe35a8c6fc3694a9f0f15c9b8.json,4dcaefdef4426a4c3e8a563c86fa3c7d7bea057e43de2b9f022b4d754ca27c95,Metadata text-item count; not a full-text lexical frequency.,FT-SEED-R1B-P-1938-19,1938,Hottest Day for Ten Years
INTERNET_ARCHIVE,INTERNET_ARCHIVE_METADATA_TEXT_ITEM_COUNT,hottest day for ten years,"""Hottest Day for Ten Years"" AND mediatype:texts AND date:[1938-01-01 TO 1938-12-31]",STRICT_ANCHOR,1938,1938,COMPLETED_ZERO,0,0,2026-08-26,2026-08-26T06:23:10Z,https://archive.org/advancedsearch.php,https://archive.org/advancedsearch.php?q=%22Hottest+Day+for+Ten+Years%22+AND+mediatype%3Atexts+AND+date%3A%5B1938-01-01+TO+1938-12-31%5D&fl%5B%5D=identifier&rows=0&page=1&output=json,EXACT_PHRASE,data/fear-temperature/priority180/search/raw/internet_archive/dbf317cf86e39de2136aabfe977771716f3373fbec031ae0d1e51837b647bb25.json,f33241c95794b983804c2ac648e041331be7bc0c35614378a6a6f4c274a4b46a,Metadata text-item count; not a full-text lexical frequency.,FT-SEED-R1B-P-1938-19,1938,Hottest Day for Ten Years
INTERNET_ARCHIVE,INTERNET_ARCHIVE_METADATA_TEXT_ITEM_COUNT,hottest day for ten years,"""Hottest Day for Ten Years"" AND mediatype:texts AND date:[1936-01-01 TO 1940-12-31]",CONTEXTUAL_ANCHOR,1936,1940,COMPLETED_ZERO,0,0,2026-08-26,2026-08-26T06:23:11Z,https://archive.org/advancedsearch.php,https://archive.org/advancedsearch.php?q=%22Hottest+Day+for+Ten+Years%22+AND+mediatype%3Atexts+AND+date%3A%5B1936-01-01+TO+1940-12-31%5D&fl%5B%5D=identifier&rows=0&page=1&output=json,EXACT_PHRASE,data/fear-temperature/priority180/search/raw/internet_archive/de7825582508ccc3fee8a5d7081617f2eaf7e46c88f45391469e357a081f141c.json,327451700e224ca7597f9502b88609f09eb9293479f615a86f81c36f594e355e,Metadata text-item count; not a full-text lexical frequency.,FT-SEED-R1B-P-1938-19,1938,Hottest Day for Ten Years
OPENALEX,OPENALEX_WORK_COUNT,hottest day for ten years,"""Hottest Day for Ten Years""",ALL_AVAILABLE,,,FAILED_PROVIDER_OR_REQUEST,,,2026-08-26,2026-08-26T06:32:35Z,https://api.openalex.org/works,https://api.openalex.org/works?search.exact=%22Hottest+Day+for+Ten+Years%22&per-page=1&select=id,EXACT_PHRASE,data/fear-temperature/priority180/search/raw/openalex/001ff270c019b110925dff02355af60b2732fbb1b2e7cc2f26622c0a26bc4809.json,e3b0c44298fc1c149afbf4c8996fb92427ae41e4649b934ca495991b7852b855,NOT_RUN_OPENALEX_DAILY_BUDGET_EXHAUSTED: shared provider response retained; no count fabricated.,FT-SEED-R1B-P-1938-19,1938,Hottest Day for Ten Years
OPENALEX,OPENALEX_WORK_COUNT,hottest day for ten years,"""Hottest Day for Ten Years""",STRICT_ANCHOR,1938,1938,FAILED_PROVIDER_OR_REQUEST,,,2026-08-26,2026-08-26T06:32:35Z,https://api.openalex.org/works,https://api.openalex.org/works?search.exact=%22Hottest+Day+for+Ten+Years%22&per-page=1&select=id&filter=from_publication_date%3A1938-01-01%2Cto_publication_date%3A1938-12-31,EXACT_PHRASE,data/fear-temperature/priority180/search/raw/openalex/001ff270c019b110925dff02355af60b2732fbb1b2e7cc2f26622c0a26bc4809.json,e3b0c44298fc1c149afbf4c8996fb92427ae41e4649b934ca495991b7852b855,NOT_RUN_OPENALEX_DAILY_BUDGET_EXHAUSTED: shared provider response retained; no count fabricated.,FT-SEED-R1B-P-1938-19,1938,Hottest Day for Ten Years
OPENALEX,OPENALEX_WORK_COUNT,hottest day for ten years,"""Hottest Day for Ten Years""",CONTEXTUAL_ANCHOR,1936,1940,FAILED_PROVIDER_OR_REQUEST,,,2026-08-26,2026-08-26T06:32:35Z,https://api.openalex.org/works,https://api.openalex.org/works?search.exact=%22Hottest+Day+for+Ten+Years%22&per-page=1&select=id&filter=from_publication_date%3A1936-01-01%2Cto_publication_date%3A1940-12-31,EXACT_PHRASE,data/fear-temperature/priority180/search/raw/openalex/001ff270c019b110925dff02355af60b2732fbb1b2e7cc2f26622c0a26bc4809.json,e3b0c44298fc1c149afbf4c8996fb92427ae41e4649b934ca495991b7852b855,NOT_RUN_OPENALEX_DAILY_BUDGET_EXHAUSTED: shared provider response retained; no count fabricated.,FT-SEED-R1B-P-1938-19,1938,Hottest Day for Ten Years
GOOGLE_BOOKS_API,GOOGLE_BOOKS_TOTAL_ITEMS,hottest day for ten years,"""Hottest Day for Ten Years""",ALL_AVAILABLE,,,NOT_RUN_PROVIDER_QUOTA,,,2026-08-26,2026-08-26T06:34:48Z,https://www.googleapis.com/books/v1/volumes,https://www.googleapis.com/books/v1/volumes?q=%22Hottest+Day+for+Ten+Years%22&langRestrict=en&maxResults=1&printType=books,EXACT_PHRASE,data/fear-temperature/priority180/search/raw/google_books/provider_quota_probe.json,e3b0c44298fc1c149afbf4c8996fb92427ae41e4649b934ca495991b7852b855,Provider runtime probe returned project quota 0; no candidate count was fabricated. Internet Archive is the completed primary bounded source.,FT-SEED-R1B-P-1938-19,1938,Hottest Day for Ten Years
INTERNET_ARCHIVE,INTERNET_ARCHIVE_METADATA_TEXT_ITEM_COUNT,heat wave over queensland,"""Heat Wave Over Queensland"" AND mediatype:texts",ALL_AVAILABLE,,,COMPLETED_ZERO,0,0,2026-08-26,2026-08-26T06:22:52Z,https://archive.org/advancedsearch.php,https://archive.org/advancedsearch.php?q=%22Heat+Wave+Over+Queensland%22+AND+mediatype%3Atexts&fl%5B%5D=identifier&rows=0&page=1&output=json,EXACT_PHRASE,data/fear-temperature/priority180/search/raw/internet_archive/9785c242eaa011fab0c2573513b9a3a40ee3b0236be8aec8f28b9d9ea4069f82.json,dd149b32d4e9c3933220b5c030042d63ea73df4d9bc14115adcdc343ddae5aca,Metadata text-item count; not a full-text lexical frequency.,FT-SEED-R1B-P-1938-20,1938,Heat Wave Over Queensland
INTERNET_ARCHIVE,INTERNET_ARCHIVE_METADATA_TEXT_ITEM_COUNT,heat wave over queensland,"""Heat Wave Over Queensland"" AND mediatype:texts AND date:[1938-01-01 TO 1938-12-31]",STRICT_ANCHOR,1938,1938,COMPLETED_ZERO,0,0,2026-08-26,2026-08-26T06:22:53Z,https://archive.org/advancedsearch.php,https://archive.org/advancedsearch.php?q=%22Heat+Wave+Over+Queensland%22+AND+mediatype%3Atexts+AND+date%3A%5B1938-01-01+TO+1938-12-31%5D&fl%5B%5D=identifier&rows=0&page=1&output=json,EXACT_PHRASE,data/fear-temperature/priority180/search/raw/internet_archive/5b8cd8fbcb0bd1361e50eb4052529971e7b7fba348fc97ef3c0ce726aee58abc.json,fd31e25b7c570c3184f705c31b2b4f8694ee90ad676ae846f522477aaf59050e,Metadata text-item count; not a full-text lexical frequency.,FT-SEED-R1B-P-1938-20,1938,Heat Wave Over Queensland
INTERNET_ARCHIVE,INTERNET_ARCHIVE_METADATA_TEXT_ITEM_COUNT,heat wave over queensland,"""Heat Wave Over Queensland"" AND mediatype:texts AND date:[1936-01-01 TO 1940-12-31]",CONTEXTUAL_ANCHOR,1936,1940,COMPLETED_ZERO,0,0,2026-08-26,2026-08-26T06:22:54Z,https://archive.org/advancedsearch.php,https://archive.org/advancedsearch.php?q=%22Heat+Wave+Over+Queensland%22+AND+mediatype%3Atexts+AND+date%3A%5B1936-01-01+TO+1940-12-31%5D&fl%5B%5D=identifier&rows=0&page=1&output=json,EXACT_PHRASE,data/fear-temperature/priority180/search/raw/internet_archive/6e75924f418456ffe63c285ba817f0884ab8c7f1aeae75c179016c20b25b4616.json,aefbb3d61606a561b61ce0372814aaf7092b8aab28ab885b7821e5df569ff2c4,Metadata text-item count; not a full-text lexical frequency.,FT-SEED-R1B-P-1938-20,1938,Heat Wave Over Queensland
OPENALEX,OPENALEX_WORK_COUNT,heat wave over queensland,"""Heat Wave Over Queensland""",ALL_AVAILABLE,,,FAILED_PROVIDER_OR_REQUEST,,,2026-08-26,2026-08-26T06:32:35Z,https://api.openalex.org/works,https://api.openalex.org/works?search.exact=%22Heat+Wave+Over+Queensland%22&per-page=1&select=id,EXACT_PHRASE,data/fear-temperature/priority180/search/raw/openalex/001ff270c019b110925dff02355af60b2732fbb1b2e7cc2f26622c0a26bc4809.json,e3b0c44298fc1c149afbf4c8996fb92427ae41e4649b934ca495991b7852b855,NOT_RUN_OPENALEX_DAILY_BUDGET_EXHAUSTED: shared provider response retained; no count fabricated.,FT-SEED-R1B-P-1938-20,1938,Heat Wave Over Queensland
OPENALEX,OPENALEX_WORK_COUNT,heat wave over queensland,"""Heat Wave Over Queensland""",STRICT_ANCHOR,1938,1938,FAILED_PROVIDER_OR_REQUEST,,,2026-08-26,2026-08-26T06:32:35Z,https://api.openalex.org/works,https://api.openalex.org/works?search.exact=%22Heat+Wave+Over+Queensland%22&per-page=1&select=id&filter=from_publication_date%3A1938-01-01%2Cto_publication_date%3A1938-12-31,EXACT_PHRASE,data/fear-temperature/priority180/search/raw/openalex/001ff270c019b110925dff02355af60b2732fbb1b2e7cc2f26622c0a26bc4809.json,e3b0c44298fc1c149afbf4c8996fb92427ae41e4649b934ca495991b7852b855,NOT_RUN_OPENALEX_DAILY_BUDGET_EXHAUSTED: shared provider response retained; no count fabricated.,FT-SEED-R1B-P-1938-20,1938,Heat Wave Over Queensland
OPENALEX,OPENALEX_WORK_COUNT,heat wave over queensland,"""Heat Wave Over Queensland""",CONTEXTUAL_ANCHOR,1936,1940,FAILED_PROVIDER_OR_REQUEST,,,2026-08-26,2026-08-26T06:32:35Z,https://api.openalex.org/works,https://api.openalex.org/works?search.exact=%22Heat+Wave+Over+Queensland%22&per-page=1&select=id&filter=from_publication_date%3A1936-01-01%2Cto_publication_date%3A1940-12-31,EXACT_PHRASE,data/fear-temperature/priority180/search/raw/openalex/001ff270c019b110925dff02355af60b2732fbb1b2e7cc2f26622c0a26bc4809.json,e3b0c44298fc1c149afbf4c8996fb92427ae41e4649b934ca495991b7852b855,NOT_RUN_OPENALEX_DAILY_BUDGET_EXHAUSTED: shared provider response retained; no count fabricated.,FT-SEED-R1B-P-1938-20,1938,Heat Wave Over Queensland
GOOGLE_BOOKS_API,GOOGLE_BOOKS_TOTAL_ITEMS,heat wave over queensland,"""Heat Wave Over Queensland""",ALL_AVAILABLE,,,NOT_RUN_PROVIDER_QUOTA,,,2026-08-26,2026-08-26T06:34:48Z,https://www.googleapis.com/books/v1/volumes,https://www.googleapis.com/books/v1/volumes?q=%22Heat+Wave+Over+Queensland%22&langRestrict=en&maxResults=1&printType=books,EXACT_PHRASE,data/fear-temperature/priority180/search/raw/google_books/provider_quota_probe.json,e3b0c44298fc1c149afbf4c8996fb92427ae41e4649b934ca495991b7852b855,Provider runtime probe returned project quota 0; no candidate count was fabricated. Internet Archive is the completed primary bounded source.,FT-SEED-R1B-P-1938-20,1938,Heat Wave Over Queensland
INTERNET_ARCHIVE,INTERNET_ARCHIVE_METADATA_TEXT_ITEM_COUNT,heat wave,"""heat wave"" AND mediatype:texts",ALL_AVAILABLE,,,COMPLETED_NONZERO,957,957,2026-08-26,2026-08-26T06:22:49Z,https://archive.org/advancedsearch.php,https://archive.org/advancedsearch.php?q=%22heat+wave%22+AND+mediatype%3Atexts&fl%5B%5D=identifier&rows=0&page=1&output=json,EXACT_PHRASE,data/fear-temperature/priority180/search/raw/internet_archive/7ef6d474042c1a50fa599cebc074c3e0186bedb10e044f927abf586ca748afe5.json,506a1554220a5bb0befdbb5ab1f20f2297e0b1892676141e54e0d27a67228d63,Metadata text-item count; not a full-text lexical frequency.,FT-SEED-R1B-P-1938-21,1938,heat wave
INTERNET_ARCHIVE,INTERNET_ARCHIVE_METADATA_TEXT_ITEM_COUNT,heat wave,"""heat wave"" AND mediatype:texts AND date:[1938-01-01 TO 1938-12-31]",STRICT_ANCHOR,1938,1938,COMPLETED_NONZERO,7,7,2026-08-26,2026-08-26T06:22:50Z,https://archive.org/advancedsearch.php,https://archive.org/advancedsearch.php?q=%22heat+wave%22+AND+mediatype%3Atexts+AND+date%3A%5B1938-01-01+TO+1938-12-31%5D&fl%5B%5D=identifier&rows=0&page=1&output=json,EXACT_PHRASE,data/fear-temperature/priority180/search/raw/internet_archive/91d5961359f5b914ff9a275b8b88834b09d2b4664854381b950facad708eb343.json,188263e9103869f04e47c4cb2f87da6fef9df2d2c8d9cd69854cb65f68ae5869,Metadata text-item count; not a full-text lexical frequency.,FT-SEED-R1B-P-1938-21,1938,heat wave
INTERNET_ARCHIVE,INTERNET_ARCHIVE_METADATA_TEXT_ITEM_COUNT,heat wave,"""heat wave"" AND mediatype:texts AND date:[1936-01-01 TO 1940-12-31]",CONTEXTUAL_ANCHOR,1936,1940,COMPLETED_NONZERO,64,64,2026-08-26,2026-08-26T06:22:51Z,https://archive.org/advancedsearch.php,https://archive.org/advancedsearch.php?q=%22heat+wave%22+AND+mediatype%3Atexts+AND+date%3A%5B1936-01-01+TO+1940-12-31%5D&fl%5B%5D=identifier&rows=0&page=1&output=json,EXACT_PHRASE,data/fear-temperature/priority180/search/raw/internet_archive/65326a3e5decc392599549725419c270d8903032cb1904b5bd55ed3f1ef356f2.json,84ff6a499df8222bd6e1ae1e6d5fa7a5e24b577cf54223a010d4255faeb34a75,Metadata text-item count; not a full-text lexical frequency.,FT-SEED-R1B-P-1938-21,1938,heat wave
OPENALEX,OPENALEX_WORK_COUNT,heat wave,"""heat wave""",ALL_AVAILABLE,,,FAILED_PROVIDER_OR_REQUEST,,,2026-08-26,2026-08-26T06:32:35Z,https://api.openalex.org/works,https://api.openalex.org/works?search.exact=%22heat+wave%22&per-page=1&select=id,EXACT_PHRASE,data/fear-temperature/priority180/search/raw/openalex/001ff270c019b110925dff02355af60b2732fbb1b2e7cc2f26622c0a26bc4809.json,e3b0c44298fc1c149afbf4c8996fb92427ae41e4649b934ca495991b7852b855,NOT_RUN_OPENALEX_DAILY_BUDGET_EXHAUSTED: shared provider response retained; no count fabricated.,FT-SEED-R1B-P-1938-21,1938,heat wave
OPENALEX,OPENALEX_WORK_COUNT,heat wave,"""heat wave""",STRICT_ANCHOR,1938,1938,FAILED_PROVIDER_OR_REQUEST,,,2026-08-26,2026-08-26T06:32:35Z,https://api.openalex.org/works,https://api.openalex.org/works?search.exact=%22heat+wave%22&per-page=1&select=id&filter=from_publication_date%3A1938-01-01%2Cto_publication_date%3A1938-12-31,EXACT_PHRASE,data/fear-temperature/priority180/search/raw/openalex/001ff270c019b110925dff02355af60b2732fbb1b2e7cc2f26622c0a26bc4809.json,e3b0c44298fc1c149afbf4c8996fb92427ae41e4649b934ca495991b7852b855,NOT_RUN_OPENALEX_DAILY_BUDGET_EXHAUSTED: shared provider response retained; no count fabricated.,FT-SEED-R1B-P-1938-21,1938,heat wave
OPENALEX,OPENALEX_WORK_COUNT,heat wave,"""heat wave""",CONTEXTUAL_ANCHOR,1936,1940,FAILED_PROVIDER_OR_REQUEST,,,2026-08-26,2026-08-26T06:32:35Z,https://api.openalex.org/works,https://api.openalex.org/works?search.exact=%22heat+wave%22&per-page=1&select=id&filter=from_publication_date%3A1936-01-01%2Cto_publication_date%3A1940-12-31,EXACT_PHRASE,data/fear-temperature/priority180/search/raw/openalex/001ff270c019b110925dff02355af60b2732fbb1b2e7cc2f26622c0a26bc4809.json,e3b0c44298fc1c149afbf4c8996fb92427ae41e4649b934ca495991b7852b855,NOT_RUN_OPENALEX_DAILY_BUDGET_EXHAUSTED: shared provider response retained; no count fabricated.,FT-SEED-R1B-P-1938-21,1938,heat wave
GOOGLE_BOOKS_API,GOOGLE_BOOKS_TOTAL_ITEMS,heat wave,"""heat wave""",ALL_AVAILABLE,,,NOT_RUN_PROVIDER_QUOTA,,,2026-08-26,2026-08-26T06:34:48Z,https://www.googleapis.com/books/v1/volumes,https://www.googleapis.com/books/v1/volumes?q=%22heat+wave%22&langRestrict=en&maxResults=1&printType=books,EXACT_PHRASE,data/fear-temperature/priority180/search/raw/google_books/provider_quota_probe.json,e3b0c44298fc1c149afbf4c8996fb92427ae41e4649b934ca495991b7852b855,Provider runtime probe returned project quota 0; no candidate count was fabricated. Internet Archive is the completed primary bounded source.,FT-SEED-R1B-P-1938-21,1938,heat wave
INTERNET_ARCHIVE,INTERNET_ARCHIVE_METADATA_TEXT_ITEM_COUNT,40-degree temperatures,"""40-degree temperatures"" AND mediatype:texts",ALL_AVAILABLE,,,COMPLETED_ZERO,0,0,2026-08-26,2026-08-26T06:18:37Z,https://archive.org/advancedsearch.php,https://archive.org/advancedsearch.php?q=%2240-degree+temperatures%22+AND+mediatype%3Atexts&fl%5B%5D=identifier&rows=0&page=1&output=json,EXACT_PHRASE,data/fear-temperature/priority180/search/raw/internet_archive/e006eabb4f59cd3f129b597cd7a3f15418267c63e9956a8383a18a5fdec949f9.json,787a483930c44fcff22176d2a4c81907e9b8f5b0cc005085152d5dfab036f6fc,Metadata text-item count; not a full-text lexical frequency.,FT-SEED-R1B-P-1938-22,1938,40-degree temperatures
INTERNET_ARCHIVE,INTERNET_ARCHIVE_METADATA_TEXT_ITEM_COUNT,40-degree temperatures,"""40-degree temperatures"" AND mediatype:texts AND date:[1938-01-01 TO 1938-12-31]",STRICT_ANCHOR,1938,1938,COMPLETED_ZERO,0,0,2026-08-26,2026-08-26T06:18:38Z,https://archive.org/advancedsearch.php,https://archive.org/advancedsearch.php?q=%2240-degree+temperatures%22+AND+mediatype%3Atexts+AND+date%3A%5B1938-01-01+TO+1938-12-31%5D&fl%5B%5D=identifier&rows=0&page=1&output=json,EXACT_PHRASE,data/fear-temperature/priority180/search/raw/internet_archive/1be80e435ad323dd57961312b0d67d610aabbbfb41cf929378183b6e92e7e750.json,94689124c086343fe2372440719036cf2d4d63ddb2ddcbdba869e14ad7cb2d0b,Metadata text-item count; not a full-text lexical frequency.,FT-SEED-R1B-P-1938-22,1938,40-degree temperatures
INTERNET_ARCHIVE,INTERNET_ARCHIVE_METADATA_TEXT_ITEM_COUNT,40-degree temperatures,"""40-degree temperatures"" AND mediatype:texts AND date:[1936-01-01 TO 1940-12-31]",CONTEXTUAL_ANCHOR,1936,1940,COMPLETED_ZERO,0,0,2026-08-26,2026-08-26T06:18:39Z,https://archive.org/advancedsearch.php,https://archive.org/advancedsearch.php?q=%2240-degree+temperatures%22+AND+mediatype%3Atexts+AND+date%3A%5B1936-01-01+TO+1940-12-31%5D&fl%5B%5D=identifier&rows=0&page=1&output=json,EXACT_PHRASE,data/fear-temperature/priority180/search/raw/internet_archive/5ab3f95e408181e8a49949a8382f2107e13ff38fe8b314b69f3d0bd8121e1814.json,b1aa09ba1c9114e259f29ea4425ec9fc46090a2cb346deed803101a73b9193b3,Metadata text-item count; not a full-text lexical frequency.,FT-SEED-R1B-P-1938-22,1938,40-degree temperatures
OPENALEX,OPENALEX_WORK_COUNT,40-degree temperatures,"""40-degree temperatures""",ALL_AVAILABLE,,,COMPLETED_NONZERO,18,18,2026-08-26,2026-08-26T06:27:25Z,https://api.openalex.org/works,https://api.openalex.org/works?search.exact=%2240-degree+temperatures%22&per-page=1&select=id,EXACT_PHRASE,data/fear-temperature/priority180/search/raw/openalex/298c75a0df539d2a63eff5ec91a832e76af714af26da62cfa739a0d51311a638.json,d09f80615912c91732ba4b3557205f3fecdf9238940be00e34ed88e3a0e9d87d,Scholarly work discoverability count over OpenAlex search fields; not a corpus word frequency.,FT-SEED-R1B-P-1938-22,1938,40-degree temperatures
OPENALEX,OPENALEX_WORK_COUNT,40-degree temperatures,"""40-degree temperatures""",STRICT_ANCHOR,1938,1938,COMPLETED_ZERO,0,0,2026-08-26,2026-08-26T06:27:25Z,https://api.openalex.org/works,https://api.openalex.org/works?search.exact=%2240-degree+temperatures%22&per-page=1&select=id&filter=from_publication_date%3A1938-01-01%2Cto_publication_date%3A1938-12-31,EXACT_PHRASE,data/fear-temperature/priority180/search/raw/openalex/eee63665430c8c1a8595007c5cff74b125c58aa44b6f5891548efa7f58282440.json,ff93cfcf01defab2daf103ba66b4ebf469ff4dc1010b815e77523fb8c0c2f6f1,Scholarly work discoverability count over OpenAlex search fields; not a corpus word frequency.,FT-SEED-R1B-P-1938-22,1938,40-degree temperatures
OPENALEX,OPENALEX_WORK_COUNT,40-degree temperatures,"""40-degree temperatures""",CONTEXTUAL_ANCHOR,1936,1940,COMPLETED_ZERO,0,0,2026-08-26,2026-08-26T06:27:26Z,https://api.openalex.org/works,https://api.openalex.org/works?search.exact=%2240-degree+temperatures%22&per-page=1&select=id&filter=from_publication_date%3A1936-01-01%2Cto_publication_date%3A1940-12-31,EXACT_PHRASE,data/fear-temperature/priority180/search/raw/openalex/48075036d1654437903b4d7cd461b9e6daec02dcf1aa5748c0f984ea6cb72e85.json,21a94c31473f244a99844a0496a43aacc8f6f27100d98fdfd445e399ea63995e,Scholarly work discoverability count over OpenAlex search fields; not a corpus word frequency.,FT-SEED-R1B-P-1938-22,1938,40-degree temperatures
GOOGLE_BOOKS_API,GOOGLE_BOOKS_TOTAL_ITEMS,40-degree temperatures,"""40-degree temperatures""",ALL_AVAILABLE,,,NOT_RUN_PROVIDER_QUOTA,,,2026-08-26,2026-08-26T06:34:48Z,https://www.googleapis.com/books/v1/volumes,https://www.googleapis.com/books/v1/volumes?q=%2240-degree+temperatures%22&langRestrict=en&maxResults=1&printType=books,EXACT_PHRASE,data/fear-temperature/priority180/search/raw/google_books/provider_quota_probe.json,e3b0c44298fc1c149afbf4c8996fb92427ae41e4649b934ca495991b7852b855,Provider runtime probe returned project quota 0; no candidate count was fabricated. Internet Archive is the completed primary bounded source.,FT-SEED-R1B-P-1938-22,1938,40-degree temperatures
INTERNET_ARCHIVE,INTERNET_ARCHIVE_METADATA_TEXT_ITEM_COUNT,scorching westerly wind,"""scorching westerly wind"" AND mediatype:texts",ALL_AVAILABLE,,,COMPLETED_ZERO,0,0,2026-08-26,2026-08-26T06:25:12Z,https://archive.org/advancedsearch.php,https://archive.org/advancedsearch.php?q=%22scorching+westerly+wind%22+AND+mediatype%3Atexts&fl%5B%5D=identifier&rows=0&page=1&output=json,EXACT_PHRASE,data/fear-temperature/priority180/search/raw/internet_archive/07e26addc9c7a60c5f38505ecf7330e4273f1ae5dcda3a69d2378a415f434587.json,29375374e439bb8ff57eeae5a1c3aaf50dba63291aa482a187abcfc5c6190a7e,Metadata text-item count; not a full-text lexical frequency.,FT-SEED-R1B-P-1938-23,1938,scorching westerly wind
INTERNET_ARCHIVE,INTERNET_ARCHIVE_METADATA_TEXT_ITEM_COUNT,scorching westerly wind,"""scorching westerly wind"" AND mediatype:texts AND date:[1938-01-01 TO 1938-12-31]",STRICT_ANCHOR,1938,1938,COMPLETED_ZERO,0,0,2026-08-26,2026-08-26T06:25:13Z,https://archive.org/advancedsearch.php,https://archive.org/advancedsearch.php?q=%22scorching+westerly+wind%22+AND+mediatype%3Atexts+AND+date%3A%5B1938-01-01+TO+1938-12-31%5D&fl%5B%5D=identifier&rows=0&page=1&output=json,EXACT_PHRASE,data/fear-temperature/priority180/search/raw/internet_archive/af208f3db58e78b5f512af96fb802a473e923bb6621164e46620fae666191486.json,efe6706c7e0e51f930d5b75c32ef9f349fc4b6efce03ff513bb255109d1a2f3c,Metadata text-item count; not a full-text lexical frequency.,FT-SEED-R1B-P-1938-23,1938,scorching westerly wind
INTERNET_ARCHIVE,INTERNET_ARCHIVE_METADATA_TEXT_ITEM_COUNT,scorching westerly wind,"""scorching westerly wind"" AND mediatype:texts AND date:[1936-01-01 TO 1940-12-31]",CONTEXTUAL_ANCHOR,1936,1940,COMPLETED_ZERO,0,0,2026-08-26,2026-08-26T06:25:14Z,https://archive.org/advancedsearch.php,https://archive.org/advancedsearch.php?q=%22scorching+westerly+wind%22+AND+mediatype%3Atexts+AND+date%3A%5B1936-01-01+TO+1940-12-31%5D&fl%5B%5D=identifier&rows=0&page=1&output=json,EXACT_PHRASE,data/fear-temperature/priority180/search/raw/internet_archive/c8537f075cdfb2767bc32cd3e669a547ea8b58e598495b0f3856518ab9d363c9.json,f4d37b2a5d98edd0f180c9d8b1c5bb3db93d08b178fb42435f804704746b0983,Metadata text-item count; not a full-text lexical frequency.,FT-SEED-R1B-P-1938-23,1938,scorching westerly wind
OPENALEX,OPENALEX_WORK_COUNT,scorching westerly wind,"""scorching westerly wind""",ALL_AVAILABLE,,,FAILED_PROVIDER_OR_REQUEST,,,2026-08-26,2026-08-26T06:32:35Z,https://api.openalex.org/works,https://api.openalex.org/works?search.exact=%22scorching+westerly+wind%22&per-page=1&select=id,EXACT_PHRASE,data/fear-temperature/priority180/search/raw/openalex/001ff270c019b110925dff02355af60b2732fbb1b2e7cc2f26622c0a26bc4809.json,e3b0c44298fc1c149afbf4c8996fb92427ae41e4649b934ca495991b7852b855,NOT_RUN_OPENALEX_DAILY_BUDGET_EXHAUSTED: shared provider response retained; no count fabricated.,FT-SEED-R1B-P-1938-23,1938,scorching westerly wind
OPENALEX,OPENALEX_WORK_COUNT,scorching westerly wind,"""scorching westerly wind""",STRICT_ANCHOR,1938,1938,FAILED_PROVIDER_OR_REQUEST,,,2026-08-26,2026-08-26T06:32:35Z,https://api.openalex.org/works,https://api.openalex.org/works?search.exact=%22scorching+westerly+wind%22&per-page=1&select=id&filter=from_publication_date%3A1938-01-01%2Cto_publication_date%3A1938-12-31,EXACT_PHRASE,data/fear-temperature/priority180/search/raw/openalex/001ff270c019b110925dff02355af60b2732fbb1b2e7cc2f26622c0a26bc4809.json,e3b0c44298fc1c149afbf4c8996fb92427ae41e4649b934ca495991b7852b855,NOT_RUN_OPENALEX_DAILY_BUDGET_EXHAUSTED: shared provider response retained; no count fabricated.,FT-SEED-R1B-P-1938-23,1938,scorching westerly wind
OPENALEX,OPENALEX_WORK_COUNT,scorching westerly wind,"""scorching westerly wind""",CONTEXTUAL_ANCHOR,1936,1940,FAILED_PROVIDER_OR_REQUEST,,,2026-08-26,2026-08-26T06:32:35Z,https://api.openalex.org/works,https://api.openalex.org/works?search.exact=%22scorching+westerly+wind%22&per-page=1&select=id&filter=from_publication_date%3A1936-01-01%2Cto_publication_date%3A1940-12-31,EXACT_PHRASE,data/fear-temperature/priority180/search/raw/openalex/001ff270c019b110925dff02355af60b2732fbb1b2e7cc2f26622c0a26bc4809.json,e3b0c44298fc1c149afbf4c8996fb92427ae41e4649b934ca495991b7852b855,NOT_RUN_OPENALEX_DAILY_BUDGET_EXHAUSTED: shared provider response retained; no count fabricated.,FT-SEED-R1B-P-1938-23,1938,scorching westerly wind
GOOGLE_BOOKS_API,GOOGLE_BOOKS_TOTAL_ITEMS,scorching westerly wind,"""scorching westerly wind""",ALL_AVAILABLE,,,NOT_RUN_PROVIDER_QUOTA,,,2026-08-26,2026-08-26T06:34:48Z,https://www.googleapis.com/books/v1/volumes,https://www.googleapis.com/books/v1/volumes?q=%22scorching+westerly+wind%22&langRestrict=en&maxResults=1&printType=books,EXACT_PHRASE,data/fear-temperature/priority180/search/raw/google_books/provider_quota_probe.json,e3b0c44298fc1c149afbf4c8996fb92427ae41e4649b934ca495991b7852b855,Provider runtime probe returned project quota 0; no candidate count was fabricated. Internet Archive is the completed primary bounded source.,FT-SEED-R1B-P-1938-23,1938,scorching westerly wind
INTERNET_ARCHIVE,INTERNET_ARCHIVE_METADATA_TEXT_ITEM_COUNT,pitiless sun,"""pitiless sun"" AND mediatype:texts",ALL_AVAILABLE,,,COMPLETED_NONZERO,4,4,2026-08-26,2026-08-26T06:24:25Z,https://archive.org/advancedsearch.php,https://archive.org/advancedsearch.php?q=%22pitiless+sun%22+AND+mediatype%3Atexts&fl%5B%5D=identifier&rows=0&page=1&output=json,EXACT_PHRASE,data/fear-temperature/priority180/search/raw/internet_archive/47e15de627c9c29419e06159b50a128accc2bbe431f80fb4a834e7962a5649b7.json,54e23ecbbe36204bd65e0b795ee4cc51665bd065cc14bb385b143d747a9f5d98,Metadata text-item count; not a full-text lexical frequency.,FT-SEED-R1B-P-1938-24,1938,pitiless sun
INTERNET_ARCHIVE,INTERNET_ARCHIVE_METADATA_TEXT_ITEM_COUNT,pitiless sun,"""pitiless sun"" AND mediatype:texts AND date:[1938-01-01 TO 1938-12-31]",STRICT_ANCHOR,1938,1938,COMPLETED_ZERO,0,0,2026-08-26,2026-08-26T06:24:26Z,https://archive.org/advancedsearch.php,https://archive.org/advancedsearch.php?q=%22pitiless+sun%22+AND+mediatype%3Atexts+AND+date%3A%5B1938-01-01+TO+1938-12-31%5D&fl%5B%5D=identifier&rows=0&page=1&output=json,EXACT_PHRASE,data/fear-temperature/priority180/search/raw/internet_archive/100f821058ffacd2f16d07d6e80e53cdfe7a5cfba2aed5108e7e3ad6b639e93c.json,6c145cae5f3d8c2ec44fb780e5059953ff5c9b081642af8f24f224f32a722502,Metadata text-item count; not a full-text lexical frequency.,FT-SEED-R1B-P-1938-24,1938,pitiless sun
INTERNET_ARCHIVE,INTERNET_ARCHIVE_METADATA_TEXT_ITEM_COUNT,pitiless sun,"""pitiless sun"" AND mediatype:texts AND date:[1936-01-01 TO 1940-12-31]",CONTEXTUAL_ANCHOR,1936,1940,COMPLETED_NONZERO,1,1,2026-08-26,2026-08-26T06:24:27Z,https://archive.org/advancedsearch.php,https://archive.org/advancedsearch.php?q=%22pitiless+sun%22+AND+mediatype%3Atexts+AND+date%3A%5B1936-01-01+TO+1940-12-31%5D&fl%5B%5D=identifier&rows=0&page=1&output=json,EXACT_PHRASE,data/fear-temperature/priority180/search/raw/internet_archive/06fccdf9b5a10fa3271a17c14c39528412d33705353439ddd1a8cf9936522d03.json,59da74a9a190e3cd8bfe91bd7a4a0a4ef1c20edda9e7c37663018ab05e17103b,Metadata text-item count; not a full-text lexical frequency.,FT-SEED-R1B-P-1938-24,1938,pitiless sun
OPENALEX,OPENALEX_WORK_COUNT,pitiless sun,"""pitiless sun""",ALL_AVAILABLE,,,FAILED_PROVIDER_OR_REQUEST,,,2026-08-26,2026-08-26T06:32:35Z,https://api.openalex.org/works,https://api.openalex.org/works?search.exact=%22pitiless+sun%22&per-page=1&select=id,EXACT_PHRASE,data/fear-temperature/priority180/search/raw/openalex/001ff270c019b110925dff02355af60b2732fbb1b2e7cc2f26622c0a26bc4809.json,e3b0c44298fc1c149afbf4c8996fb92427ae41e4649b934ca495991b7852b855,NOT_RUN_OPENALEX_DAILY_BUDGET_EXHAUSTED: shared provider response retained; no count fabricated.,FT-SEED-R1B-P-1938-24,1938,pitiless sun
OPENALEX,OPENALEX_WORK_COUNT,pitiless sun,"""pitiless sun""",STRICT_ANCHOR,1938,1938,FAILED_PROVIDER_OR_REQUEST,,,2026-08-26,2026-08-26T06:32:35Z,https://api.openalex.org/works,https://api.openalex.org/works?search.exact=%22pitiless+sun%22&per-page=1&select=id&filter=from_publication_date%3A1938-01-01%2Cto_publication_date%3A1938-12-31,EXACT_PHRASE,data/fear-temperature/priority180/search/raw/openalex/001ff270c019b110925dff02355af60b2732fbb1b2e7cc2f26622c0a26bc4809.json,e3b0c44298fc1c149afbf4c8996fb92427ae41e4649b934ca495991b7852b855,NOT_RUN_OPENALEX_DAILY_BUDGET_EXHAUSTED: shared provider response retained; no count fabricated.,FT-SEED-R1B-P-1938-24,1938,pitiless sun
OPENALEX,OPENALEX_WORK_COUNT,pitiless sun,"""pitiless sun""",CONTEXTUAL_ANCHOR,1936,1940,FAILED_PROVIDER_OR_REQUEST,,,2026-08-26,2026-08-26T06:32:35Z,https://api.openalex.org/works,https://api.openalex.org/works?search.exact=%22pitiless+sun%22&per-page=1&select=id&filter=from_publication_date%3A1936-01-01%2Cto_publication_date%3A1940-12-31,EXACT_PHRASE,data/fear-temperature/priority180/search/raw/openalex/001ff270c019b110925dff02355af60b2732fbb1b2e7cc2f26622c0a26bc4809.json,e3b0c44298fc1c149afbf4c8996fb92427ae41e4649b934ca495991b7852b855,NOT_RUN_OPENALEX_DAILY_BUDGET_EXHAUSTED: shared provider response retained; no count fabricated.,FT-SEED-R1B-P-1938-24,1938,pitiless sun
GOOGLE_BOOKS_API,GOOGLE_BOOKS_TOTAL_ITEMS,pitiless sun,"""pitiless sun""",ALL_AVAILABLE,,,NOT_RUN_PROVIDER_QUOTA,,,2026-08-26,2026-08-26T06:34:48Z,https://www.googleapis.com/books/v1/volumes,https://www.googleapis.com/books/v1/volumes?q=%22pitiless+sun%22&langRestrict=en&maxResults=1&printType=books,EXACT_PHRASE,data/fear-temperature/priority180/search/raw/google_books/provider_quota_probe.json,e3b0c44298fc1c149afbf4c8996fb92427ae41e4649b934ca495991b7852b855,Provider runtime probe returned project quota 0; no candidate count was fabricated. Internet Archive is the completed primary bounded source.,FT-SEED-R1B-P-1938-24,1938,pitiless sun
INTERNET_ARCHIVE,INTERNET_ARCHIVE_METADATA_TEXT_ITEM_COUNT,hottest spell for years,"""hottest spell for years"" AND mediatype:texts",ALL_AVAILABLE,,,COMPLETED_ZERO,0,0,2026-08-26,2026-08-26T06:23:12Z,https://archive.org/advancedsearch.php,https://archive.org/advancedsearch.php?q=%22hottest+spell+for+years%22+AND+mediatype%3Atexts&fl%5B%5D=identifier&rows=0&page=1&output=json,EXACT_PHRASE,data/fear-temperature/priority180/search/raw/internet_archive/17314a315aebe6428063f7598b94fa678a74ea52567507ef8b47b0c768c6268f.json,0d1ab1ed98709ddff0357380aefa3c66f3ff7d72bc72f92100f8631512210ae8,Metadata text-item count; not a full-text lexical frequency.,FT-SEED-R1B-P-1938-25,1938,hottest spell for years
INTERNET_ARCHIVE,INTERNET_ARCHIVE_METADATA_TEXT_ITEM_COUNT,hottest spell for years,"""hottest spell for years"" AND mediatype:texts AND date:[1938-01-01 TO 1938-12-31]",STRICT_ANCHOR,1938,1938,COMPLETED_ZERO,0,0,2026-08-26,2026-08-26T06:23:13Z,https://archive.org/advancedsearch.php,https://archive.org/advancedsearch.php?q=%22hottest+spell+for+years%22+AND+mediatype%3Atexts+AND+date%3A%5B1938-01-01+TO+1938-12-31%5D&fl%5B%5D=identifier&rows=0&page=1&output=json,EXACT_PHRASE,data/fear-temperature/priority180/search/raw/internet_archive/037815e9d857afa3b801ad759542ae08c96f6a224c316ea2391e1e3d7306d220.json,9efcae342d5c4c934bcc0b5c7db1f89465b128cd5cd91ebba9908bea1c7d9b33,Metadata text-item count; not a full-text lexical frequency.,FT-SEED-R1B-P-1938-25,1938,hottest spell for years
INTERNET_ARCHIVE,INTERNET_ARCHIVE_METADATA_TEXT_ITEM_COUNT,hottest spell for years,"""hottest spell for years"" AND mediatype:texts AND date:[1936-01-01 TO 1940-12-31]",CONTEXTUAL_ANCHOR,1936,1940,COMPLETED_ZERO,0,0,2026-08-26,2026-08-26T06:23:14Z,https://archive.org/advancedsearch.php,https://archive.org/advancedsearch.php?q=%22hottest+spell+for+years%22+AND+mediatype%3Atexts+AND+date%3A%5B1936-01-01+TO+1940-12-31%5D&fl%5B%5D=identifier&rows=0&page=1&output=json,EXACT_PHRASE,data/fear-temperature/priority180/search/raw/internet_archive/a0ee4c9e15a5badc22e1b110ffa80ec280752ee804c1a5e782c1a7e2a1906016.json,a33c75b208b95f40fc798467b08477faf50f4083c26ff7bfc70e1665cc5f9654,Metadata text-item count; not a full-text lexical frequency.,FT-SEED-R1B-P-1938-25,1938,hottest spell for years
OPENALEX,OPENALEX_WORK_COUNT,hottest spell for years,"""hottest spell for years""",ALL_AVAILABLE,,,FAILED_PROVIDER_OR_REQUEST,,,2026-08-26,2026-08-26T06:32:35Z,https://api.openalex.org/works,https://api.openalex.org/works?search.exact=%22hottest+spell+for+years%22&per-page=1&select=id,EXACT_PHRASE,data/fear-temperature/priority180/search/raw/openalex/001ff270c019b110925dff02355af60b2732fbb1b2e7cc2f26622c0a26bc4809.json,e3b0c44298fc1c149afbf4c8996fb92427ae41e4649b934ca495991b7852b855,NOT_RUN_OPENALEX_DAILY_BUDGET_EXHAUSTED: shared provider response retained; no count fabricated.,FT-SEED-R1B-P-1938-25,1938,hottest spell for years
OPENALEX,OPENALEX_WORK_COUNT,hottest spell for years,"""hottest spell for years""",STRICT_ANCHOR,1938,1938,FAILED_PROVIDER_OR_REQUEST,,,2026-08-26,2026-08-26T06:32:35Z,https://api.openalex.org/works,https://api.openalex.org/works?search.exact=%22hottest+spell+for+years%22&per-page=1&select=id&filter=from_publication_date%3A1938-01-01%2Cto_publication_date%3A1938-12-31,EXACT_PHRASE,data/fear-temperature/priority180/search/raw/openalex/001ff270c019b110925dff02355af60b2732fbb1b2e7cc2f26622c0a26bc4809.json,e3b0c44298fc1c149afbf4c8996fb92427ae41e4649b934ca495991b7852b855,NOT_RUN_OPENALEX_DAILY_BUDGET_EXHAUSTED: shared provider response retained; no count fabricated.,FT-SEED-R1B-P-1938-25,1938,hottest spell for years
OPENALEX,OPENALEX_WORK_COUNT,hottest spell for years,"""hottest spell for years""",CONTEXTUAL_ANCHOR,1936,1940,FAILED_PROVIDER_OR_REQUEST,,,2026-08-26,2026-08-26T06:32:35Z,https://api.openalex.org/works,https://api.openalex.org/works?search.exact=%22hottest+spell+for+years%22&per-page=1&select=id&filter=from_publication_date%3A1936-01-01%2Cto_publication_date%3A1940-12-31,EXACT_PHRASE,data/fear-temperature/priority180/search/raw/openalex/001ff270c019b110925dff02355af60b2732fbb1b2e7cc2f26622c0a26bc4809.json,e3b0c44298fc1c149afbf4c8996fb92427ae41e4649b934ca495991b7852b855,NOT_RUN_OPENALEX_DAILY_BUDGET_EXHAUSTED: shared provider response retained; no count fabricated.,FT-SEED-R1B-P-1938-25,1938,hottest spell for years
GOOGLE_BOOKS_API,GOOGLE_BOOKS_TOTAL_ITEMS,hottest spell for years,"""hottest spell for years""",ALL_AVAILABLE,,,NOT_RUN_PROVIDER_QUOTA,,,2026-08-26,2026-08-26T06:34:48Z,https://www.googleapis.com/books/v1/volumes,https://www.googleapis.com/books/v1/volumes?q=%22hottest+spell+for+years%22&langRestrict=en&maxResults=1&printType=books,EXACT_PHRASE,data/fear-temperature/priority180/search/raw/google_books/provider_quota_probe.json,e3b0c44298fc1c149afbf4c8996fb92427ae41e4649b934ca495991b7852b855,Provider runtime probe returned project quota 0; no candidate count was fabricated. Internet Archive is the completed primary bounded source.,FT-SEED-R1B-P-1938-25,1938,hottest spell for years
INTERNET_ARCHIVE,INTERNET_ARCHIVE_METADATA_TEXT_ITEM_COUNT,weather is just bearable,"""weather is just bearable"" AND mediatype:texts",ALL_AVAILABLE,,,COMPLETED_ZERO,0,0,2026-08-26,2026-08-26T06:27:00Z,https://archive.org/advancedsearch.php,https://archive.org/advancedsearch.php?q=%22weather+is+just+bearable%22+AND+mediatype%3Atexts&fl%5B%5D=identifier&rows=0&page=1&output=json,EXACT_PHRASE,data/fear-temperature/priority180/search/raw/internet_archive/2344b4831d28d70cbdcc56d3507293e9efef39342289690af73eb084f640ccc4.json,82e7afc77752ff30bac528fac58f9e5b003a7d474942b7fd223312b325572814,Metadata text-item count; not a full-text lexical frequency.,FT-SEED-R1B-P-1938-26,1938,weather is just bearable
INTERNET_ARCHIVE,INTERNET_ARCHIVE_METADATA_TEXT_ITEM_COUNT,weather is just bearable,"""weather is just bearable"" AND mediatype:texts AND date:[1938-01-01 TO 1938-12-31]",STRICT_ANCHOR,1938,1938,COMPLETED_ZERO,0,0,2026-08-26,2026-08-26T06:27:00Z,https://archive.org/advancedsearch.php,https://archive.org/advancedsearch.php?q=%22weather+is+just+bearable%22+AND+mediatype%3Atexts+AND+date%3A%5B1938-01-01+TO+1938-12-31%5D&fl%5B%5D=identifier&rows=0&page=1&output=json,EXACT_PHRASE,data/fear-temperature/priority180/search/raw/internet_archive/fca8102fb500938d9dee23292ad63f8d142bc391052cb22dbce1cf0a3dd1962a.json,ae7ec534c8b1d987dc3a559f0e110d844f5d379bc1395bd98cd4e8dd86e3589f,Metadata text-item count; not a full-text lexical frequency.,FT-SEED-R1B-P-1938-26,1938,weather is just bearable
INTERNET_ARCHIVE,INTERNET_ARCHIVE_METADATA_TEXT_ITEM_COUNT,weather is just bearable,"""weather is just bearable"" AND mediatype:texts AND date:[1936-01-01 TO 1940-12-31]",CONTEXTUAL_ANCHOR,1936,1940,COMPLETED_ZERO,0,0,2026-08-26,2026-08-26T06:27:01Z,https://archive.org/advancedsearch.php,https://archive.org/advancedsearch.php?q=%22weather+is+just+bearable%22+AND+mediatype%3Atexts+AND+date%3A%5B1936-01-01+TO+1940-12-31%5D&fl%5B%5D=identifier&rows=0&page=1&output=json,EXACT_PHRASE,data/fear-temperature/priority180/search/raw/internet_archive/39b205973ef0a2d0a315b4465cf3d5bb69aa866955f6c405186ca821f0e22b36.json,d10d5bb67d8f0d8657b8270afb6a812597c652d2b68a3b5f2663be74746cdd6a,Metadata text-item count; not a full-text lexical frequency.,FT-SEED-R1B-P-1938-26,1938,weather is just bearable
OPENALEX,OPENALEX_WORK_COUNT,weather is just bearable,"""weather is just bearable""",ALL_AVAILABLE,,,FAILED_PROVIDER_OR_REQUEST,,,2026-08-26,2026-08-26T06:32:35Z,https://api.openalex.org/works,https://api.openalex.org/works?search.exact=%22weather+is+just+bearable%22&per-page=1&select=id,EXACT_PHRASE,data/fear-temperature/priority180/search/raw/openalex/001ff270c019b110925dff02355af60b2732fbb1b2e7cc2f26622c0a26bc4809.json,e3b0c44298fc1c149afbf4c8996fb92427ae41e4649b934ca495991b7852b855,NOT_RUN_OPENALEX_DAILY_BUDGET_EXHAUSTED: shared provider response retained; no count fabricated.,FT-SEED-R1B-P-1938-26,1938,weather is just bearable
OPENALEX,OPENALEX_WORK_COUNT,weather is just bearable,"""weather is just bearable""",STRICT_ANCHOR,1938,1938,FAILED_PROVIDER_OR_REQUEST,,,2026-08-26,2026-08-26T06:32:35Z,https://api.openalex.org/works,https://api.openalex.org/works?search.exact=%22weather+is+just+bearable%22&per-page=1&select=id&filter=from_publication_date%3A1938-01-01%2Cto_publication_date%3A1938-12-31,EXACT_PHRASE,data/fear-temperature/priority180/search/raw/openalex/001ff270c019b110925dff02355af60b2732fbb1b2e7cc2f26622c0a26bc4809.json,e3b0c44298fc1c149afbf4c8996fb92427ae41e4649b934ca495991b7852b855,NOT_RUN_OPENALEX_DAILY_BUDGET_EXHAUSTED: shared provider response retained; no count fabricated.,FT-SEED-R1B-P-1938-26,1938,weather is just bearable
OPENALEX,OPENALEX_WORK_COUNT,weather is just bearable,"""weather is just bearable""",CONTEXTUAL_ANCHOR,1936,1940,FAILED_PROVIDER_OR_REQUEST,,,2026-08-26,2026-08-26T06:32:35Z,https://api.openalex.org/works,https://api.openalex.org/works?search.exact=%22weather+is+just+bearable%22&per-page=1&select=id&filter=from_publication_date%3A1936-01-01%2Cto_publication_date%3A1940-12-31,EXACT_PHRASE,data/fear-temperature/priority180/search/raw/openalex/001ff270c019b110925dff02355af60b2732fbb1b2e7cc2f26622c0a26bc4809.json,e3b0c44298fc1c149afbf4c8996fb92427ae41e4649b934ca495991b7852b855,NOT_RUN_OPENALEX_DAILY_BUDGET_EXHAUSTED: shared provider response retained; no count fabricated.,FT-SEED-R1B-P-1938-26,1938,weather is just bearable
GOOGLE_BOOKS_API,GOOGLE_BOOKS_TOTAL_ITEMS,weather is just bearable,"""weather is just bearable""",ALL_AVAILABLE,,,NOT_RUN_PROVIDER_QUOTA,,,2026-08-26,2026-08-26T06:34:48Z,https://www.googleapis.com/books/v1/volumes,https://www.googleapis.com/books/v1/volumes?q=%22weather+is+just+bearable%22&langRestrict=en&maxResults=1&printType=books,EXACT_PHRASE,data/fear-temperature/priority180/search/raw/google_books/provider_quota_probe.json,e3b0c44298fc1c149afbf4c8996fb92427ae41e4649b934ca495991b7852b855,Provider runtime probe returned project quota 0; no candidate count was fabricated. Internet Archive is the completed primary bounded source.,FT-SEED-R1B-P-1938-26,1938,weather is just bearable
INTERNET_ARCHIVE,INTERNET_ARCHIVE_METADATA_TEXT_ITEM_COUNT,heat records,"""heat records"" AND mediatype:texts",ALL_AVAILABLE,,,COMPLETED_NONZERO,2,2,2026-08-26,2026-08-26T06:22:46Z,https://archive.org/advancedsearch.php,https://archive.org/advancedsearch.php?q=%22heat+records%22+AND+mediatype%3Atexts&fl%5B%5D=identifier&rows=0&page=1&output=json,EXACT_PHRASE,data/fear-temperature/priority180/search/raw/internet_archive/0ad56d4795cfad5e6093af0110670c48efadc711655457f5de86398b70e1d49c.json,ef2a869505b98b3d668e4eed13cceb4072261cf5bfcbc5bd9d40136bcb895754,Metadata text-item count; not a full-text lexical frequency.,FT-SEED-R1B-P-1938-27,1938,heat records
INTERNET_ARCHIVE,INTERNET_ARCHIVE_METADATA_TEXT_ITEM_COUNT,heat records,"""heat records"" AND mediatype:texts AND date:[1938-01-01 TO 1938-12-31]",STRICT_ANCHOR,1938,1938,COMPLETED_ZERO,0,0,2026-08-26,2026-08-26T06:22:47Z,https://archive.org/advancedsearch.php,https://archive.org/advancedsearch.php?q=%22heat+records%22+AND+mediatype%3Atexts+AND+date%3A%5B1938-01-01+TO+1938-12-31%5D&fl%5B%5D=identifier&rows=0&page=1&output=json,EXACT_PHRASE,data/fear-temperature/priority180/search/raw/internet_archive/7b39bd027e7478fc41e3121820b434151a0a9ef8653d3eb8054f5b3f31460236.json,2964dff84d6d5f8dd8d049f42f22bd36ac195bbe10af902ef65673cd4bd33f51,Metadata text-item count; not a full-text lexical frequency.,FT-SEED-R1B-P-1938-27,1938,heat records
INTERNET_ARCHIVE,INTERNET_ARCHIVE_METADATA_TEXT_ITEM_COUNT,heat records,"""heat records"" AND mediatype:texts AND date:[1936-01-01 TO 1940-12-31]",CONTEXTUAL_ANCHOR,1936,1940,COMPLETED_ZERO,0,0,2026-08-26,2026-08-26T06:22:48Z,https://archive.org/advancedsearch.php,https://archive.org/advancedsearch.php?q=%22heat+records%22+AND+mediatype%3Atexts+AND+date%3A%5B1936-01-01+TO+1940-12-31%5D&fl%5B%5D=identifier&rows=0&page=1&output=json,EXACT_PHRASE,data/fear-temperature/priority180/search/raw/internet_archive/0493d2f2478848cf3bbecf7e281161d2b1912c003a12a9d64b3aea72f1592126.json,c7d70dc68777fa16bd1d63bacc3c0d4c85640cdb67235c6f63319f3d744a4ea6,Metadata text-item count; not a full-text lexical frequency.,FT-SEED-R1B-P-1938-27,1938,heat records
OPENALEX,OPENALEX_WORK_COUNT,heat records,"""heat records""",ALL_AVAILABLE,,,FAILED_PROVIDER_OR_REQUEST,,,2026-08-26,2026-08-26T06:32:35Z,https://api.openalex.org/works,https://api.openalex.org/works?search.exact=%22heat+records%22&per-page=1&select=id,EXACT_PHRASE,data/fear-temperature/priority180/search/raw/openalex/001ff270c019b110925dff02355af60b2732fbb1b2e7cc2f26622c0a26bc4809.json,e3b0c44298fc1c149afbf4c8996fb92427ae41e4649b934ca495991b7852b855,NOT_RUN_OPENALEX_DAILY_BUDGET_EXHAUSTED: shared provider response retained; no count fabricated.,FT-SEED-R1B-P-1938-27,1938,heat records
OPENALEX,OPENALEX_WORK_COUNT,heat records,"""heat records""",STRICT_ANCHOR,1938,1938,FAILED_PROVIDER_OR_REQUEST,,,2026-08-26,2026-08-26T06:32:35Z,https://api.openalex.org/works,https://api.openalex.org/works?search.exact=%22heat+records%22&per-page=1&select=id&filter=from_publication_date%3A1938-01-01%2Cto_publication_date%3A1938-12-31,EXACT_PHRASE,data/fear-temperature/priority180/search/raw/openalex/001ff270c019b110925dff02355af60b2732fbb1b2e7cc2f26622c0a26bc4809.json,e3b0c44298fc1c149afbf4c8996fb92427ae41e4649b934ca495991b7852b855,NOT_RUN_OPENALEX_DAILY_BUDGET_EXHAUSTED: shared provider response retained; no count fabricated.,FT-SEED-R1B-P-1938-27,1938,heat records
OPENALEX,OPENALEX_WORK_COUNT,heat records,"""heat records""",CONTEXTUAL_ANCHOR,1936,1940,FAILED_PROVIDER_OR_REQUEST,,,2026-08-26,2026-08-26T06:32:35Z,https://api.openalex.org/works,https://api.openalex.org/works?search.exact=%22heat+records%22&per-page=1&select=id&filter=from_publication_date%3A1936-01-01%2Cto_publication_date%3A1940-12-31,EXACT_PHRASE,data/fear-temperature/priority180/search/raw/openalex/001ff270c019b110925dff02355af60b2732fbb1b2e7cc2f26622c0a26bc4809.json,e3b0c44298fc1c149afbf4c8996fb92427ae41e4649b934ca495991b7852b855,NOT_RUN_OPENALEX_DAILY_BUDGET_EXHAUSTED: shared provider response retained; no count fabricated.,FT-SEED-R1B-P-1938-27,1938,heat records
GOOGLE_BOOKS_API,GOOGLE_BOOKS_TOTAL_ITEMS,heat records,"""heat records""",ALL_AVAILABLE,,,NOT_RUN_PROVIDER_QUOTA,,,2026-08-26,2026-08-26T06:34:48Z,https://www.googleapis.com/books/v1/volumes,https://www.googleapis.com/books/v1/volumes?q=%22heat+records%22&langRestrict=en&maxResults=1&printType=books,EXACT_PHRASE,data/fear-temperature/priority180/search/raw/google_books/provider_quota_probe.json,e3b0c44298fc1c149afbf4c8996fb92427ae41e4649b934ca495991b7852b855,Provider runtime probe returned project quota 0; no candidate count was fabricated. Internet Archive is the completed primary bounded source.,FT-SEED-R1B-P-1938-27,1938,heat records
INTERNET_ARCHIVE,INTERNET_ARCHIVE_METADATA_TEXT_ITEM_COUNT,drought,"""drought"" AND mediatype:texts",ALL_AVAILABLE,,,COMPLETED_NONZERO,10647,10647,2026-08-26,2026-08-26T06:21:01Z,https://archive.org/advancedsearch.php,https://archive.org/advancedsearch.php?q=%22drought%22+AND+mediatype%3Atexts&fl%5B%5D=identifier&rows=0&page=1&output=json,EXACT_PHRASE,data/fear-temperature/priority180/search/raw/internet_archive/78f2a09c3ca847e73082ec118954b89fd01274902c2198287ea8ba1558685eed.json,ce28bf2455b7846bc3e149a82fcf6cd946f36c798fad3f5483cd3791b7d32adf,Metadata text-item count; not a full-text lexical frequency.,FT-SEED-R1B-P-1938-28,1938,drought
INTERNET_ARCHIVE,INTERNET_ARCHIVE_METADATA_TEXT_ITEM_COUNT,drought,"""drought"" AND mediatype:texts AND date:[1938-01-01 TO 1938-12-31]",STRICT_ANCHOR,1938,1938,COMPLETED_NONZERO,84,84,2026-08-26,2026-08-26T06:21:02Z,https://archive.org/advancedsearch.php,https://archive.org/advancedsearch.php?q=%22drought%22+AND+mediatype%3Atexts+AND+date%3A%5B1938-01-01+TO+1938-12-31%5D&fl%5B%5D=identifier&rows=0&page=1&output=json,EXACT_PHRASE,data/fear-temperature/priority180/search/raw/internet_archive/9d2a0e3bd9a3bdacee66fb3fe8eb9552d566550c2668b72d387ea3aa583e9143.json,daba439323c66c3896522c4edf5b915f3c6953190d7d345f39d52e948de13b15,Metadata text-item count; not a full-text lexical frequency.,FT-SEED-R1B-P-1938-28,1938,drought
INTERNET_ARCHIVE,INTERNET_ARCHIVE_METADATA_TEXT_ITEM_COUNT,drought,"""drought"" AND mediatype:texts AND date:[1936-01-01 TO 1940-12-31]",CONTEXTUAL_ANCHOR,1936,1940,COMPLETED_NONZERO,298,298,2026-08-26,2026-08-26T06:21:03Z,https://archive.org/advancedsearch.php,https://archive.org/advancedsearch.php?q=%22drought%22+AND+mediatype%3Atexts+AND+date%3A%5B1936-01-01+TO+1940-12-31%5D&fl%5B%5D=identifier&rows=0&page=1&output=json,EXACT_PHRASE,data/fear-temperature/priority180/search/raw/internet_archive/325626e03f36e74f813c434baf187e71740419e8629e3b6a78dd0f5baf4fd931.json,b792f5004f2add86a6cac5d0b24c045eabce8263c1e3c478fa7208ecd9b8c39a,Metadata text-item count; not a full-text lexical frequency.,FT-SEED-R1B-P-1938-28,1938,drought
OPENALEX,OPENALEX_WORK_COUNT,drought,"""drought""",ALL_AVAILABLE,,,FAILED_PROVIDER_OR_REQUEST,,,2026-08-26,2026-08-26T06:32:35Z,https://api.openalex.org/works,https://api.openalex.org/works?search.exact=%22drought%22&per-page=1&select=id,EXACT_PHRASE,data/fear-temperature/priority180/search/raw/openalex/001ff270c019b110925dff02355af60b2732fbb1b2e7cc2f26622c0a26bc4809.json,e3b0c44298fc1c149afbf4c8996fb92427ae41e4649b934ca495991b7852b855,NOT_RUN_OPENALEX_DAILY_BUDGET_EXHAUSTED: shared provider response retained; no count fabricated.,FT-SEED-R1B-P-1938-28,1938,drought
OPENALEX,OPENALEX_WORK_COUNT,drought,"""drought""",STRICT_ANCHOR,1938,1938,FAILED_PROVIDER_OR_REQUEST,,,2026-08-26,2026-08-26T06:32:35Z,https://api.openalex.org/works,https://api.openalex.org/works?search.exact=%22drought%22&per-page=1&select=id&filter=from_publication_date%3A1938-01-01%2Cto_publication_date%3A1938-12-31,EXACT_PHRASE,data/fear-temperature/priority180/search/raw/openalex/001ff270c019b110925dff02355af60b2732fbb1b2e7cc2f26622c0a26bc4809.json,e3b0c44298fc1c149afbf4c8996fb92427ae41e4649b934ca495991b7852b855,NOT_RUN_OPENALEX_DAILY_BUDGET_EXHAUSTED: shared provider response retained; no count fabricated.,FT-SEED-R1B-P-1938-28,1938,drought
OPENALEX,OPENALEX_WORK_COUNT,drought,"""drought""",CONTEXTUAL_ANCHOR,1936,1940,FAILED_PROVIDER_OR_REQUEST,,,2026-08-26,2026-08-26T06:32:35Z,https://api.openalex.org/works,https://api.openalex.org/works?search.exact=%22drought%22&per-page=1&select=id&filter=from_publication_date%3A1936-01-01%2Cto_publication_date%3A1940-12-31,EXACT_PHRASE,data/fear-temperature/priority180/search/raw/openalex/001ff270c019b110925dff02355af60b2732fbb1b2e7cc2f26622c0a26bc4809.json,e3b0c44298fc1c149afbf4c8996fb92427ae41e4649b934ca495991b7852b855,NOT_RUN_OPENALEX_DAILY_BUDGET_EXHAUSTED: shared provider response retained; no count fabricated.,FT-SEED-R1B-P-1938-28,1938,drought
GOOGLE_BOOKS_API,GOOGLE_BOOKS_TOTAL_ITEMS,drought,"""drought""",ALL_AVAILABLE,,,NOT_RUN_PROVIDER_QUOTA,,,2026-08-26,2026-08-26T06:34:48Z,https://www.googleapis.com/books/v1/volumes,https://www.googleapis.com/books/v1/volumes?q=%22drought%22&langRestrict=en&maxResults=1&printType=books,EXACT_PHRASE,data/fear-temperature/priority180/search/raw/google_books/provider_quota_probe.json,e3b0c44298fc1c149afbf4c8996fb92427ae41e4649b934ca495991b7852b855,Provider runtime probe returned project quota 0; no candidate count was fabricated. Internet Archive is the completed primary bounded source.,FT-SEED-R1B-P-1938-28,1938,drought
INTERNET_ARCHIVE,INTERNET_ARCHIVE_METADATA_TEXT_ITEM_COUNT,grass fires,"""grass fires"" AND mediatype:texts",ALL_AVAILABLE,,,COMPLETED_NONZERO,39,39,2026-08-26,2026-08-26T06:22:12Z,https://archive.org/advancedsearch.php,https://archive.org/advancedsearch.php?q=%22grass+fires%22+AND+mediatype%3Atexts&fl%5B%5D=identifier&rows=0&page=1&output=json,EXACT_PHRASE,data/fear-temperature/priority180/search/raw/internet_archive/75ed0fbe0eda93d65b872aafbbc72215970f8ef0e25f933a7c000130ad2244fd.json,40154dafa5d44d80670d022ae696febffba1b400c7baa5f012a6b0db2dab5e02,Metadata text-item count; not a full-text lexical frequency.,FT-SEED-R1B-P-1938-29,1938,grass fires
INTERNET_ARCHIVE,INTERNET_ARCHIVE_METADATA_TEXT_ITEM_COUNT,grass fires,"""grass fires"" AND mediatype:texts AND date:[1938-01-01 TO 1938-12-31]",STRICT_ANCHOR,1938,1938,COMPLETED_ZERO,0,0,2026-08-26,2026-08-26T06:22:13Z,https://archive.org/advancedsearch.php,https://archive.org/advancedsearch.php?q=%22grass+fires%22+AND+mediatype%3Atexts+AND+date%3A%5B1938-01-01+TO+1938-12-31%5D&fl%5B%5D=identifier&rows=0&page=1&output=json,EXACT_PHRASE,data/fear-temperature/priority180/search/raw/internet_archive/951630e9b94269cb8d3ab0c9953cc734ca97d1565170cac0bd961710c718791d.json,f9feb28367c774edc86be44769bd770de73aa137733f34e26cb98f85e8aeb2cb,Metadata text-item count; not a full-text lexical frequency.,FT-SEED-R1B-P-1938-29,1938,grass fires
INTERNET_ARCHIVE,INTERNET_ARCHIVE_METADATA_TEXT_ITEM_COUNT,grass fires,"""grass fires"" AND mediatype:texts AND date:[1936-01-01 TO 1940-12-31]",CONTEXTUAL_ANCHOR,1936,1940,COMPLETED_ZERO,0,0,2026-08-26,2026-08-26T06:22:14Z,https://archive.org/advancedsearch.php,https://archive.org/advancedsearch.php?q=%22grass+fires%22+AND+mediatype%3Atexts+AND+date%3A%5B1936-01-01+TO+1940-12-31%5D&fl%5B%5D=identifier&rows=0&page=1&output=json,EXACT_PHRASE,data/fear-temperature/priority180/search/raw/internet_archive/3dc3ed0624d288eabe719d066d40da9906fda463c5b4c4b208df7f4189b8a181.json,68e1814f5134bb650766530af58b0bba503745092482455c30f888dd659a10e3,Metadata text-item count; not a full-text lexical frequency.,FT-SEED-R1B-P-1938-29,1938,grass fires
OPENALEX,OPENALEX_WORK_COUNT,grass fires,"""grass fires""",ALL_AVAILABLE,,,FAILED_PROVIDER_OR_REQUEST,,,2026-08-26,2026-08-26T06:32:35Z,https://api.openalex.org/works,https://api.openalex.org/works?search.exact=%22grass+fires%22&per-page=1&select=id,EXACT_PHRASE,data/fear-temperature/priority180/search/raw/openalex/001ff270c019b110925dff02355af60b2732fbb1b2e7cc2f26622c0a26bc4809.json,e3b0c44298fc1c149afbf4c8996fb92427ae41e4649b934ca495991b7852b855,NOT_RUN_OPENALEX_DAILY_BUDGET_EXHAUSTED: shared provider response retained; no count fabricated.,FT-SEED-R1B-P-1938-29,1938,grass fires
OPENALEX,OPENALEX_WORK_COUNT,grass fires,"""grass fires""",STRICT_ANCHOR,1938,1938,FAILED_PROVIDER_OR_REQUEST,,,2026-08-26,2026-08-26T06:32:35Z,https://api.openalex.org/works,https://api.openalex.org/works?search.exact=%22grass+fires%22&per-page=1&select=id&filter=from_publication_date%3A1938-01-01%2Cto_publication_date%3A1938-12-31,EXACT_PHRASE,data/fear-temperature/priority180/search/raw/openalex/001ff270c019b110925dff02355af60b2732fbb1b2e7cc2f26622c0a26bc4809.json,e3b0c44298fc1c149afbf4c8996fb92427ae41e4649b934ca495991b7852b855,NOT_RUN_OPENALEX_DAILY_BUDGET_EXHAUSTED: shared provider response retained; no count fabricated.,FT-SEED-R1B-P-1938-29,1938,grass fires
OPENALEX,OPENALEX_WORK_COUNT,grass fires,"""grass fires""",CONTEXTUAL_ANCHOR,1936,1940,FAILED_PROVIDER_OR_REQUEST,,,2026-08-26,2026-08-26T06:32:35Z,https://api.openalex.org/works,https://api.openalex.org/works?search.exact=%22grass+fires%22&per-page=1&select=id&filter=from_publication_date%3A1936-01-01%2Cto_publication_date%3A1940-12-31,EXACT_PHRASE,data/fear-temperature/priority180/search/raw/openalex/001ff270c019b110925dff02355af60b2732fbb1b2e7cc2f26622c0a26bc4809.json,e3b0c44298fc1c149afbf4c8996fb92427ae41e4649b934ca495991b7852b855,NOT_RUN_OPENALEX_DAILY_BUDGET_EXHAUSTED: shared provider response retained; no count fabricated.,FT-SEED-R1B-P-1938-29,1938,grass fires
GOOGLE_BOOKS_API,GOOGLE_BOOKS_TOTAL_ITEMS,grass fires,"""grass fires""",ALL_AVAILABLE,,,NOT_RUN_PROVIDER_QUOTA,,,2026-08-26,2026-08-26T06:34:48Z,https://www.googleapis.com/books/v1/volumes,https://www.googleapis.com/books/v1/volumes?q=%22grass+fires%22&langRestrict=en&maxResults=1&printType=books,EXACT_PHRASE,data/fear-temperature/priority180/search/raw/google_books/provider_quota_probe.json,e3b0c44298fc1c149afbf4c8996fb92427ae41e4649b934ca495991b7852b855,Provider runtime probe returned project quota 0; no candidate count was fabricated. Internet Archive is the completed primary bounded source.,FT-SEED-R1B-P-1938-29,1938,grass fires
INTERNET_ARCHIVE,INTERNET_ARCHIVE_METADATA_TEXT_ITEM_COUNT,unbearable heat,"""unbearable heat"" AND mediatype:texts",ALL_AVAILABLE,,,COMPLETED_NONZERO,6,6,2026-08-26,2026-08-26T06:26:14Z,https://archive.org/advancedsearch.php,https://archive.org/advancedsearch.php?q=%22unbearable+heat%22+AND+mediatype%3Atexts&fl%5B%5D=identifier&rows=0&page=1&output=json,EXACT_PHRASE,data/fear-temperature/priority180/search/raw/internet_archive/3c81a4e9da1a25e3d88459d05d397ff92ce5f028b1590b5a55b439c38dd5a4eb.json,cf51816c956c0751e1817825c204bad99798ef7fc238c901d19c8134c08a6ada,Metadata text-item count; not a full-text lexical frequency.,FT-SEED-R1B-P-1938-30,1938,unbearable heat
INTERNET_ARCHIVE,INTERNET_ARCHIVE_METADATA_TEXT_ITEM_COUNT,unbearable heat,"""unbearable heat"" AND mediatype:texts AND date:[1938-01-01 TO 1938-12-31]",STRICT_ANCHOR,1938,1938,COMPLETED_ZERO,0,0,2026-08-26,2026-08-26T06:26:15Z,https://archive.org/advancedsearch.php,https://archive.org/advancedsearch.php?q=%22unbearable+heat%22+AND+mediatype%3Atexts+AND+date%3A%5B1938-01-01+TO+1938-12-31%5D&fl%5B%5D=identifier&rows=0&page=1&output=json,EXACT_PHRASE,data/fear-temperature/priority180/search/raw/internet_archive/b42b6de260da0ad54ebe3ad387fb5819b8f5dd7d6e882cf3fa210e2759f1f83f.json,15ebb307be68a10115494cd3439c10b9dfbb7c9ae93ce15dc83e1c8ba19ccc74,Metadata text-item count; not a full-text lexical frequency.,FT-SEED-R1B-P-1938-30,1938,unbearable heat
INTERNET_ARCHIVE,INTERNET_ARCHIVE_METADATA_TEXT_ITEM_COUNT,unbearable heat,"""unbearable heat"" AND mediatype:texts AND date:[1936-01-01 TO 1940-12-31]",CONTEXTUAL_ANCHOR,1936,1940,COMPLETED_ZERO,0,0,2026-08-26,2026-08-26T06:26:16Z,https://archive.org/advancedsearch.php,https://archive.org/advancedsearch.php?q=%22unbearable+heat%22+AND+mediatype%3Atexts+AND+date%3A%5B1936-01-01+TO+1940-12-31%5D&fl%5B%5D=identifier&rows=0&page=1&output=json,EXACT_PHRASE,data/fear-temperature/priority180/search/raw/internet_archive/b6b66c43fb5098800e92ad4b586077916392fbd839dba8a9c95ebe45cc0c7293.json,964666a864529db0523a8df9ba08c5cd50360799d962040b495d9eedc591fc27,Metadata text-item count; not a full-text lexical frequency.,FT-SEED-R1B-P-1938-30,1938,unbearable heat
OPENALEX,OPENALEX_WORK_COUNT,unbearable heat,"""unbearable heat""",ALL_AVAILABLE,,,FAILED_PROVIDER_OR_REQUEST,,,2026-08-26,2026-08-26T06:32:35Z,https://api.openalex.org/works,https://api.openalex.org/works?search.exact=%22unbearable+heat%22&per-page=1&select=id,EXACT_PHRASE,data/fear-temperature/priority180/search/raw/openalex/001ff270c019b110925dff02355af60b2732fbb1b2e7cc2f26622c0a26bc4809.json,e3b0c44298fc1c149afbf4c8996fb92427ae41e4649b934ca495991b7852b855,NOT_RUN_OPENALEX_DAILY_BUDGET_EXHAUSTED: shared provider response retained; no count fabricated.,FT-SEED-R1B-P-1938-30,1938,unbearable heat
OPENALEX,OPENALEX_WORK_COUNT,unbearable heat,"""unbearable heat""",STRICT_ANCHOR,1938,1938,FAILED_PROVIDER_OR_REQUEST,,,2026-08-26,2026-08-26T06:32:35Z,https://api.openalex.org/works,https://api.openalex.org/works?search.exact=%22unbearable+heat%22&per-page=1&select=id&filter=from_publication_date%3A1938-01-01%2Cto_publication_date%3A1938-12-31,EXACT_PHRASE,data/fear-temperature/priority180/search/raw/openalex/001ff270c019b110925dff02355af60b2732fbb1b2e7cc2f26622c0a26bc4809.json,e3b0c44298fc1c149afbf4c8996fb92427ae41e4649b934ca495991b7852b855,NOT_RUN_OPENALEX_DAILY_BUDGET_EXHAUSTED: shared provider response retained; no count fabricated.,FT-SEED-R1B-P-1938-30,1938,unbearable heat
OPENALEX,OPENALEX_WORK_COUNT,unbearable heat,"""unbearable heat""",CONTEXTUAL_ANCHOR,1936,1940,FAILED_PROVIDER_OR_REQUEST,,,2026-08-26,2026-08-26T06:32:35Z,https://api.openalex.org/works,https://api.openalex.org/works?search.exact=%22unbearable+heat%22&per-page=1&select=id&filter=from_publication_date%3A1936-01-01%2Cto_publication_date%3A1940-12-31,EXACT_PHRASE,data/fear-temperature/priority180/search/raw/openalex/001ff270c019b110925dff02355af60b2732fbb1b2e7cc2f26622c0a26bc4809.json,e3b0c44298fc1c149afbf4c8996fb92427ae41e4649b934ca495991b7852b855,NOT_RUN_OPENALEX_DAILY_BUDGET_EXHAUSTED: shared provider response retained; no count fabricated.,FT-SEED-R1B-P-1938-30,1938,unbearable heat
GOOGLE_BOOKS_API,GOOGLE_BOOKS_TOTAL_ITEMS,unbearable heat,"""unbearable heat""",ALL_AVAILABLE,,,NOT_RUN_PROVIDER_QUOTA,,,2026-08-26,2026-08-26T06:34:48Z,https://www.googleapis.com/books/v1/volumes,https://www.googleapis.com/books/v1/volumes?q=%22unbearable+heat%22&langRestrict=en&maxResults=1&printType=books,EXACT_PHRASE,data/fear-temperature/priority180/search/raw/google_books/provider_quota_probe.json,e3b0c44298fc1c149afbf4c8996fb92427ae41e4649b934ca495991b7852b855,Provider runtime probe returned project quota 0; no candidate count was fabricated. Internet Archive is the completed primary bounded source.,FT-SEED-R1B-P-1938-30,1938,unbearable heat
INTERNET_ARCHIVE,INTERNET_ARCHIVE_METADATA_TEXT_ITEM_COUNT,greenhouse effect,"""greenhouse effect"" AND mediatype:texts",ALL_AVAILABLE,,,COMPLETED_NONZERO,1441,1441,2026-08-26,2026-08-26T06:22:18Z,https://archive.org/advancedsearch.php,https://archive.org/advancedsearch.php?q=%22greenhouse+effect%22+AND+mediatype%3Atexts&fl%5B%5D=identifier&rows=0&page=1&output=json,EXACT_PHRASE,data/fear-temperature/priority180/search/raw/internet_archive/f5888dcb48f154d7e10cccdbbb4f026e4b328728b2b7d2514bbb6f7521e58c69.json,587ec5d3bab052f4c86b2124f63d566ca2aba4ac1e675b2408915ab4de7514ab,Metadata text-item count; not a full-text lexical frequency.,FT-SEED-R1B-P-1988-01,1988,greenhouse effect
INTERNET_ARCHIVE,INTERNET_ARCHIVE_METADATA_TEXT_ITEM_COUNT,greenhouse effect,"""greenhouse effect"" AND mediatype:texts AND date:[1988-01-01 TO 1988-12-31]",STRICT_ANCHOR,1988,1988,COMPLETED_NONZERO,19,19,2026-08-26,2026-08-26T06:22:19Z,https://archive.org/advancedsearch.php,https://archive.org/advancedsearch.php?q=%22greenhouse+effect%22+AND+mediatype%3Atexts+AND+date%3A%5B1988-01-01+TO+1988-12-31%5D&fl%5B%5D=identifier&rows=0&page=1&output=json,EXACT_PHRASE,data/fear-temperature/priority180/search/raw/internet_archive/77b1da712e0f5c3d8d8228afcad81c537d9226f7a33900dfcce9c5a362a8908d.json,d18b500af5569cc92599fb1ec5cd29593f4f438c864ced26afa01f80a2bd952c,Metadata text-item count; not a full-text lexical frequency.,FT-SEED-R1B-P-1988-01,1988,greenhouse effect
INTERNET_ARCHIVE,INTERNET_ARCHIVE_METADATA_TEXT_ITEM_COUNT,greenhouse effect,"""greenhouse effect"" AND mediatype:texts AND date:[1986-01-01 TO 1990-12-31]",CONTEXTUAL_ANCHOR,1986,1990,COMPLETED_NONZERO,156,156,2026-08-26,2026-08-26T06:22:20Z,https://archive.org/advancedsearch.php,https://archive.org/advancedsearch.php?q=%22greenhouse+effect%22+AND+mediatype%3Atexts+AND+date%3A%5B1986-01-01+TO+1990-12-31%5D&fl%5B%5D=identifier&rows=0&page=1&output=json,EXACT_PHRASE,data/fear-temperature/priority180/search/raw/internet_archive/a6bf5a9eb948d61bf150ec3c0672e3dc06cbd403fe370f14e44350a9681c54d5.json,705f1d888ec29355fbecbdd8a925adad4bf717b226df6bab5490d48121529317,Metadata text-item count; not a full-text lexical frequency.,FT-SEED-R1B-P-1988-01,1988,greenhouse effect
OPENALEX,OPENALEX_WORK_COUNT,greenhouse effect,"""greenhouse effect""",ALL_AVAILABLE,,,FAILED_PROVIDER_OR_REQUEST,,,2026-08-26,2026-08-26T06:32:35Z,https://api.openalex.org/works,https://api.openalex.org/works?search.exact=%22greenhouse+effect%22&per-page=1&select=id,EXACT_PHRASE,data/fear-temperature/priority180/search/raw/openalex/001ff270c019b110925dff02355af60b2732fbb1b2e7cc2f26622c0a26bc4809.json,e3b0c44298fc1c149afbf4c8996fb92427ae41e4649b934ca495991b7852b855,NOT_RUN_OPENALEX_DAILY_BUDGET_EXHAUSTED: shared provider response retained; no count fabricated.,FT-SEED-R1B-P-1988-01,1988,greenhouse effect
OPENALEX,OPENALEX_WORK_COUNT,greenhouse effect,"""greenhouse effect""",STRICT_ANCHOR,1988,1988,FAILED_PROVIDER_OR_REQUEST,,,2026-08-26,2026-08-26T06:32:35Z,https://api.openalex.org/works,https://api.openalex.org/works?search.exact=%22greenhouse+effect%22&per-page=1&select=id&filter=from_publication_date%3A1988-01-01%2Cto_publication_date%3A1988-12-31,EXACT_PHRASE,data/fear-temperature/priority180/search/raw/openalex/001ff270c019b110925dff02355af60b2732fbb1b2e7cc2f26622c0a26bc4809.json,e3b0c44298fc1c149afbf4c8996fb92427ae41e4649b934ca495991b7852b855,NOT_RUN_OPENALEX_DAILY_BUDGET_EXHAUSTED: shared provider response retained; no count fabricated.,FT-SEED-R1B-P-1988-01,1988,greenhouse effect
OPENALEX,OPENALEX_WORK_COUNT,greenhouse effect,"""greenhouse effect""",CONTEXTUAL_ANCHOR,1986,1990,FAILED_PROVIDER_OR_REQUEST,,,2026-08-26,2026-08-26T06:32:35Z,https://api.openalex.org/works,https://api.openalex.org/works?search.exact=%22greenhouse+effect%22&per-page=1&select=id&filter=from_publication_date%3A1986-01-01%2Cto_publication_date%3A1990-12-31,EXACT_PHRASE,data/fear-temperature/priority180/search/raw/openalex/001ff270c019b110925dff02355af60b2732fbb1b2e7cc2f26622c0a26bc4809.json,e3b0c44298fc1c149afbf4c8996fb92427ae41e4649b934ca495991b7852b855,NOT_RUN_OPENALEX_DAILY_BUDGET_EXHAUSTED: shared provider response retained; no count fabricated.,FT-SEED-R1B-P-1988-01,1988,greenhouse effect
GOOGLE_BOOKS_API,GOOGLE_BOOKS_TOTAL_ITEMS,greenhouse effect,"""greenhouse effect""",ALL_AVAILABLE,,,NOT_RUN_PROVIDER_QUOTA,,,2026-08-26,2026-08-26T06:34:48Z,https://www.googleapis.com/books/v1/volumes,https://www.googleapis.com/books/v1/volumes?q=%22greenhouse+effect%22&langRestrict=en&maxResults=1&printType=books,EXACT_PHRASE,data/fear-temperature/priority180/search/raw/google_books/provider_quota_probe.json,e3b0c44298fc1c149afbf4c8996fb92427ae41e4649b934ca495991b7852b855,Provider runtime probe returned project quota 0; no candidate count was fabricated. Internet Archive is the completed primary bounded source.,FT-SEED-R1B-P-1988-01,1988,greenhouse effect
INTERNET_ARCHIVE,INTERNET_ARCHIVE_METADATA_TEXT_ITEM_COUNT,global warming,"""global warming"" AND mediatype:texts",ALL_AVAILABLE,,,COMPLETED_NONZERO,5619,5619,2026-08-26,2026-08-26T06:22:06Z,https://archive.org/advancedsearch.php,https://archive.org/advancedsearch.php?q=%22global+warming%22+AND+mediatype%3Atexts&fl%5B%5D=identifier&rows=0&page=1&output=json,EXACT_PHRASE,data/fear-temperature/priority180/search/raw/internet_archive/8ca84f1b4be523e3ffacda77cf9b7c6018e7618da09d463134d2b97564621226.json,ff0e2527950b5fac4ee71b5fa5078ab152370fbdf847a301dd139f37965b3b0f,Metadata text-item count; not a full-text lexical frequency.,FT-SEED-R1B-P-1988-02,1988,global warming
INTERNET_ARCHIVE,INTERNET_ARCHIVE_METADATA_TEXT_ITEM_COUNT,global warming,"""global warming"" AND mediatype:texts AND date:[1988-01-01 TO 1988-12-31]",STRICT_ANCHOR,1988,1988,COMPLETED_NONZERO,11,11,2026-08-26,2026-08-26T06:22:07Z,https://archive.org/advancedsearch.php,https://archive.org/advancedsearch.php?q=%22global+warming%22+AND+mediatype%3Atexts+AND+date%3A%5B1988-01-01+TO+1988-12-31%5D&fl%5B%5D=identifier&rows=0&page=1&output=json,EXACT_PHRASE,data/fear-temperature/priority180/search/raw/internet_archive/4051429fa00d983d76b00dd3fe3da40e729fb088a9e920d4608815b2fc7de3b8.json,6d5f9f52e46ebb4c3805932c76c84eb5932705c4e3674bcfb0788006a257d979,Metadata text-item count; not a full-text lexical frequency.,FT-SEED-R1B-P-1988-02,1988,global warming
INTERNET_ARCHIVE,INTERNET_ARCHIVE_METADATA_TEXT_ITEM_COUNT,global warming,"""global warming"" AND mediatype:texts AND date:[1986-01-01 TO 1990-12-31]",CONTEXTUAL_ANCHOR,1986,1990,COMPLETED_NONZERO,123,123,2026-08-26,2026-08-26T06:22:08Z,https://archive.org/advancedsearch.php,https://archive.org/advancedsearch.php?q=%22global+warming%22+AND+mediatype%3Atexts+AND+date%3A%5B1986-01-01+TO+1990-12-31%5D&fl%5B%5D=identifier&rows=0&page=1&output=json,EXACT_PHRASE,data/fear-temperature/priority180/search/raw/internet_archive/4291153860d6d9128777f96ce6f1348ff266201eb01c33b29a627fffa47714bf.json,484831c739a4869ce3565aa844fdcb14b07bbccd28e29f8976bf07ae044b0ae8,Metadata text-item count; not a full-text lexical frequency.,FT-SEED-R1B-P-1988-02,1988,global warming
OPENALEX,OPENALEX_WORK_COUNT,global warming,"""global warming""",ALL_AVAILABLE,,,FAILED_PROVIDER_OR_REQUEST,,,2026-08-26,2026-08-26T06:32:35Z,https://api.openalex.org/works,https://api.openalex.org/works?search.exact=%22global+warming%22&per-page=1&select=id,EXACT_PHRASE,data/fear-temperature/priority180/search/raw/openalex/001ff270c019b110925dff02355af60b2732fbb1b2e7cc2f26622c0a26bc4809.json,e3b0c44298fc1c149afbf4c8996fb92427ae41e4649b934ca495991b7852b855,NOT_RUN_OPENALEX_DAILY_BUDGET_EXHAUSTED: shared provider response retained; no count fabricated.,FT-SEED-R1B-P-1988-02,1988,global warming
OPENALEX,OPENALEX_WORK_COUNT,global warming,"""global warming""",STRICT_ANCHOR,1988,1988,FAILED_PROVIDER_OR_REQUEST,,,2026-08-26,2026-08-26T06:32:35Z,https://api.openalex.org/works,https://api.openalex.org/works?search.exact=%22global+warming%22&per-page=1&select=id&filter=from_publication_date%3A1988-01-01%2Cto_publication_date%3A1988-12-31,EXACT_PHRASE,data/fear-temperature/priority180/search/raw/openalex/001ff270c019b110925dff02355af60b2732fbb1b2e7cc2f26622c0a26bc4809.json,e3b0c44298fc1c149afbf4c8996fb92427ae41e4649b934ca495991b7852b855,NOT_RUN_OPENALEX_DAILY_BUDGET_EXHAUSTED: shared provider response retained; no count fabricated.,FT-SEED-R1B-P-1988-02,1988,global warming
OPENALEX,OPENALEX_WORK_COUNT,global warming,"""global warming""",CONTEXTUAL_ANCHOR,1986,1990,FAILED_PROVIDER_OR_REQUEST,,,2026-08-26,2026-08-26T06:32:35Z,https://api.openalex.org/works,https://api.openalex.org/works?search.exact=%22global+warming%22&per-page=1&select=id&filter=from_publication_date%3A1986-01-01%2Cto_publication_date%3A1990-12-31,EXACT_PHRASE,data/fear-temperature/priority180/search/raw/openalex/001ff270c019b110925dff02355af60b2732fbb1b2e7cc2f26622c0a26bc4809.json,e3b0c44298fc1c149afbf4c8996fb92427ae41e4649b934ca495991b7852b855,NOT_RUN_OPENALEX_DAILY_BUDGET_EXHAUSTED: shared provider response retained; no count fabricated.,FT-SEED-R1B-P-1988-02,1988,global warming
GOOGLE_BOOKS_API,GOOGLE_BOOKS_TOTAL_ITEMS,global warming,"""global warming""",ALL_AVAILABLE,,,NOT_RUN_PROVIDER_QUOTA,,,2026-08-26,2026-08-26T06:34:48Z,https://www.googleapis.com/books/v1/volumes,https://www.googleapis.com/books/v1/volumes?q=%22global+warming%22&langRestrict=en&maxResults=1&printType=books,EXACT_PHRASE,data/fear-temperature/priority180/search/raw/google_books/provider_quota_probe.json,e3b0c44298fc1c149afbf4c8996fb92427ae41e4649b934ca495991b7852b855,Provider runtime probe returned project quota 0; no candidate count was fabricated. Internet Archive is the completed primary bounded source.,FT-SEED-R1B-P-1988-02,1988,global warming
INTERNET_ARCHIVE,INTERNET_ARCHIVE_METADATA_TEXT_ITEM_COUNT,earth is warmer,"""earth is warmer"" AND mediatype:texts",ALL_AVAILABLE,,,COMPLETED_ZERO,0,0,2026-08-26,2026-08-26T06:21:13Z,https://archive.org/advancedsearch.php,https://archive.org/advancedsearch.php?q=%22earth+is+warmer%22+AND+mediatype%3Atexts&fl%5B%5D=identifier&rows=0&page=1&output=json,EXACT_PHRASE,data/fear-temperature/priority180/search/raw/internet_archive/4db7fdc8018fcba10a88c0302eb42be82f7de5d5074bdb2018e90e8574cdb690.json,0f5a7d55b40449f9ffe6ec11f0442c27532b7434cbcffc09d930dda0724c297d,Metadata text-item count; not a full-text lexical frequency.,FT-SEED-R1B-P-1988-03,1988,earth is warmer
INTERNET_ARCHIVE,INTERNET_ARCHIVE_METADATA_TEXT_ITEM_COUNT,earth is warmer,"""earth is warmer"" AND mediatype:texts AND date:[1988-01-01 TO 1988-12-31]",STRICT_ANCHOR,1988,1988,COMPLETED_ZERO,0,0,2026-08-26,2026-08-26T06:21:14Z,https://archive.org/advancedsearch.php,https://archive.org/advancedsearch.php?q=%22earth+is+warmer%22+AND+mediatype%3Atexts+AND+date%3A%5B1988-01-01+TO+1988-12-31%5D&fl%5B%5D=identifier&rows=0&page=1&output=json,EXACT_PHRASE,data/fear-temperature/priority180/search/raw/internet_archive/acb7b7c00d10113928494caf8d5b3b5f18f261d7cdffbdacb38bfd8ec0ae04a9.json,24e63180098e9ddbf4d4ec2cf0dee140c97c5e53e405d0c4ca4b4c709d20672d,Metadata text-item count; not a full-text lexical frequency.,FT-SEED-R1B-P-1988-03,1988,earth is warmer
INTERNET_ARCHIVE,INTERNET_ARCHIVE_METADATA_TEXT_ITEM_COUNT,earth is warmer,"""earth is warmer"" AND mediatype:texts AND date:[1986-01-01 TO 1990-12-31]",CONTEXTUAL_ANCHOR,1986,1990,COMPLETED_ZERO,0,0,2026-08-26,2026-08-26T06:21:15Z,https://archive.org/advancedsearch.php,https://archive.org/advancedsearch.php?q=%22earth+is+warmer%22+AND+mediatype%3Atexts+AND+date%3A%5B1986-01-01+TO+1990-12-31%5D&fl%5B%5D=identifier&rows=0&page=1&output=json,EXACT_PHRASE,data/fear-temperature/priority180/search/raw/internet_archive/a921da4dec95d303a8970ffb1bd699de87417f905cf1908d375aae24a2a9c130.json,102a4a097255decc51adffc7e23ee63cd19044dfe20cc2c5ebb010dd6c8cc151,Metadata text-item count; not a full-text lexical frequency.,FT-SEED-R1B-P-1988-03,1988,earth is warmer
OPENALEX,OPENALEX_WORK_COUNT,earth is warmer,"""earth is warmer""",ALL_AVAILABLE,,,FAILED_PROVIDER_OR_REQUEST,,,2026-08-26,2026-08-26T06:32:35Z,https://api.openalex.org/works,https://api.openalex.org/works?search.exact=%22earth+is+warmer%22&per-page=1&select=id,EXACT_PHRASE,data/fear-temperature/priority180/search/raw/openalex/001ff270c019b110925dff02355af60b2732fbb1b2e7cc2f26622c0a26bc4809.json,e3b0c44298fc1c149afbf4c8996fb92427ae41e4649b934ca495991b7852b855,NOT_RUN_OPENALEX_DAILY_BUDGET_EXHAUSTED: shared provider response retained; no count fabricated.,FT-SEED-R1B-P-1988-03,1988,earth is warmer
OPENALEX,OPENALEX_WORK_COUNT,earth is warmer,"""earth is warmer""",STRICT_ANCHOR,1988,1988,FAILED_PROVIDER_OR_REQUEST,,,2026-08-26,2026-08-26T06:32:35Z,https://api.openalex.org/works,https://api.openalex.org/works?search.exact=%22earth+is+warmer%22&per-page=1&select=id&filter=from_publication_date%3A1988-01-01%2Cto_publication_date%3A1988-12-31,EXACT_PHRASE,data/fear-temperature/priority180/search/raw/openalex/001ff270c019b110925dff02355af60b2732fbb1b2e7cc2f26622c0a26bc4809.json,e3b0c44298fc1c149afbf4c8996fb92427ae41e4649b934ca495991b7852b855,NOT_RUN_OPENALEX_DAILY_BUDGET_EXHAUSTED: shared provider response retained; no count fabricated.,FT-SEED-R1B-P-1988-03,1988,earth is warmer
OPENALEX,OPENALEX_WORK_COUNT,earth is warmer,"""earth is warmer""",CONTEXTUAL_ANCHOR,1986,1990,FAILED_PROVIDER_OR_REQUEST,,,2026-08-26,2026-08-26T06:32:35Z,https://api.openalex.org/works,https://api.openalex.org/works?search.exact=%22earth+is+warmer%22&per-page=1&select=id&filter=from_publication_date%3A1986-01-01%2Cto_publication_date%3A1990-12-31,EXACT_PHRASE,data/fear-temperature/priority180/search/raw/openalex/001ff270c019b110925dff02355af60b2732fbb1b2e7cc2f26622c0a26bc4809.json,e3b0c44298fc1c149afbf4c8996fb92427ae41e4649b934ca495991b7852b855,NOT_RUN_OPENALEX_DAILY_BUDGET_EXHAUSTED: shared provider response retained; no count fabricated.,FT-SEED-R1B-P-1988-03,1988,earth is warmer
GOOGLE_BOOKS_API,GOOGLE_BOOKS_TOTAL_ITEMS,earth is warmer,"""earth is warmer""",ALL_AVAILABLE,,,NOT_RUN_PROVIDER_QUOTA,,,2026-08-26,2026-08-26T06:34:48Z,https://www.googleapis.com/books/v1/volumes,https://www.googleapis.com/books/v1/volumes?q=%22earth+is+warmer%22&langRestrict=en&maxResults=1&printType=books,EXACT_PHRASE,data/fear-temperature/priority180/search/raw/google_books/provider_quota_probe.json,e3b0c44298fc1c149afbf4c8996fb92427ae41e4649b934ca495991b7852b855,Provider runtime probe returned project quota 0; no candidate count was fabricated. Internet Archive is the completed primary bounded source.,FT-SEED-R1B-P-1988-03,1988,earth is warmer
INTERNET_ARCHIVE,INTERNET_ARCHIVE_METADATA_TEXT_ITEM_COUNT,instrumental measurements,"""instrumental measurements"" AND mediatype:texts",ALL_AVAILABLE,,,COMPLETED_NONZERO,13,13,2026-08-26,2026-08-26T06:23:30Z,https://archive.org/advancedsearch.php,https://archive.org/advancedsearch.php?q=%22instrumental+measurements%22+AND+mediatype%3Atexts&fl%5B%5D=identifier&rows=0&page=1&output=json,EXACT_PHRASE,data/fear-temperature/priority180/search/raw/internet_archive/47e4f5d0fb2586b9641114308d23cacda6edb9af62d762bda4cc27c58d283f88.json,aba58e68843bca6924151ea4d54ebe410a2b91ef9b9a56f70fe6b0619635d9a1,Metadata text-item count; not a full-text lexical frequency.,FT-SEED-R1B-P-1988-04,1988,instrumental measurements
INTERNET_ARCHIVE,INTERNET_ARCHIVE_METADATA_TEXT_ITEM_COUNT,instrumental measurements,"""instrumental measurements"" AND mediatype:texts AND date:[1988-01-01 TO 1988-12-31]",STRICT_ANCHOR,1988,1988,COMPLETED_ZERO,0,0,2026-08-26,2026-08-26T06:23:31Z,https://archive.org/advancedsearch.php,https://archive.org/advancedsearch.php?q=%22instrumental+measurements%22+AND+mediatype%3Atexts+AND+date%3A%5B1988-01-01+TO+1988-12-31%5D&fl%5B%5D=identifier&rows=0&page=1&output=json,EXACT_PHRASE,data/fear-temperature/priority180/search/raw/internet_archive/f595d25a88e41fd4643b4185e22aa21a7fc4dac6d40f8d9f68d41ebee1046090.json,de737abddcc74ed8be30877d065acf294560b899f79dfa380c8b26530b5cf7c0,Metadata text-item count; not a full-text lexical frequency.,FT-SEED-R1B-P-1988-04,1988,instrumental measurements
INTERNET_ARCHIVE,INTERNET_ARCHIVE_METADATA_TEXT_ITEM_COUNT,instrumental measurements,"""instrumental measurements"" AND mediatype:texts AND date:[1986-01-01 TO 1990-12-31]",CONTEXTUAL_ANCHOR,1986,1990,COMPLETED_NONZERO,1,1,2026-08-26,2026-08-26T06:23:32Z,https://archive.org/advancedsearch.php,https://archive.org/advancedsearch.php?q=%22instrumental+measurements%22+AND+mediatype%3Atexts+AND+date%3A%5B1986-01-01+TO+1990-12-31%5D&fl%5B%5D=identifier&rows=0&page=1&output=json,EXACT_PHRASE,data/fear-temperature/priority180/search/raw/internet_archive/a44cca9f550c03f764f44388febecd52a0aef19d8774bfc1c500abbff909be4f.json,9095f18efa48aa3668b303289a99c7684bb8022c8dadaf5be09dcfb676b00526,Metadata text-item count; not a full-text lexical frequency.,FT-SEED-R1B-P-1988-04,1988,instrumental measurements
OPENALEX,OPENALEX_WORK_COUNT,instrumental measurements,"""instrumental measurements""",ALL_AVAILABLE,,,FAILED_PROVIDER_OR_REQUEST,,,2026-08-26,2026-08-26T06:32:35Z,https://api.openalex.org/works,https://api.openalex.org/works?search.exact=%22instrumental+measurements%22&per-page=1&select=id,EXACT_PHRASE,data/fear-temperature/priority180/search/raw/openalex/001ff270c019b110925dff02355af60b2732fbb1b2e7cc2f26622c0a26bc4809.json,e3b0c44298fc1c149afbf4c8996fb92427ae41e4649b934ca495991b7852b855,NOT_RUN_OPENALEX_DAILY_BUDGET_EXHAUSTED: shared provider response retained; no count fabricated.,FT-SEED-R1B-P-1988-04,1988,instrumental measurements
OPENALEX,OPENALEX_WORK_COUNT,instrumental measurements,"""instrumental measurements""",STRICT_ANCHOR,1988,1988,FAILED_PROVIDER_OR_REQUEST,,,2026-08-26,2026-08-26T06:32:35Z,https://api.openalex.org/works,https://api.openalex.org/works?search.exact=%22instrumental+measurements%22&per-page=1&select=id&filter=from_publication_date%3A1988-01-01%2Cto_publication_date%3A1988-12-31,EXACT_PHRASE,data/fear-temperature/priority180/search/raw/openalex/001ff270c019b110925dff02355af60b2732fbb1b2e7cc2f26622c0a26bc4809.json,e3b0c44298fc1c149afbf4c8996fb92427ae41e4649b934ca495991b7852b855,NOT_RUN_OPENALEX_DAILY_BUDGET_EXHAUSTED: shared provider response retained; no count fabricated.,FT-SEED-R1B-P-1988-04,1988,instrumental measurements
OPENALEX,OPENALEX_WORK_COUNT,instrumental measurements,"""instrumental measurements""",CONTEXTUAL_ANCHOR,1986,1990,FAILED_PROVIDER_OR_REQUEST,,,2026-08-26,2026-08-26T06:32:35Z,https://api.openalex.org/works,https://api.openalex.org/works?search.exact=%22instrumental+measurements%22&per-page=1&select=id&filter=from_publication_date%3A1986-01-01%2Cto_publication_date%3A1990-12-31,EXACT_PHRASE,data/fear-temperature/priority180/search/raw/openalex/001ff270c019b110925dff02355af60b2732fbb1b2e7cc2f26622c0a26bc4809.json,e3b0c44298fc1c149afbf4c8996fb92427ae41e4649b934ca495991b7852b855,NOT_RUN_OPENALEX_DAILY_BUDGET_EXHAUSTED: shared provider response retained; no count fabricated.,FT-SEED-R1B-P-1988-04,1988,instrumental measurements
GOOGLE_BOOKS_API,GOOGLE_BOOKS_TOTAL_ITEMS,instrumental measurements,"""instrumental measurements""",ALL_AVAILABLE,,,NOT_RUN_PROVIDER_QUOTA,,,2026-08-26,2026-08-26T06:34:48Z,https://www.googleapis.com/books/v1/volumes,https://www.googleapis.com/books/v1/volumes?q=%22instrumental+measurements%22&langRestrict=en&maxResults=1&printType=books,EXACT_PHRASE,data/fear-temperature/priority180/search/raw/google_books/provider_quota_probe.json,e3b0c44298fc1c149afbf4c8996fb92427ae41e4649b934ca495991b7852b855,Provider runtime probe returned project quota 0; no candidate count was fabricated. Internet Archive is the completed primary bounded source.,FT-SEED-R1B-P-1988-04,1988,instrumental measurements
INTERNET_ARCHIVE,INTERNET_ARCHIVE_METADATA_TEXT_ITEM_COUNT,cause-and-effect relationship,"""cause-and-effect relationship"" AND mediatype:texts",ALL_AVAILABLE,,,COMPLETED_NONZERO,118,118,2026-08-26,2026-08-26T06:19:36Z,https://archive.org/advancedsearch.php,https://archive.org/advancedsearch.php?q=%22cause-and-effect+relationship%22+AND+mediatype%3Atexts&fl%5B%5D=identifier&rows=0&page=1&output=json,EXACT_PHRASE,data/fear-temperature/priority180/search/raw/internet_archive/eee92fdb7d07926e47d3d51ef9bf349d806e5471a601ec4e75cb4f32f188c753.json,620283c4ecce60a0eca3a7701d82f346745b56abc3ba9ee8a1dc127b6cafbdcb,Metadata text-item count; not a full-text lexical frequency.,FT-SEED-R1B-P-1988-05,1988,cause-and-effect relationship
INTERNET_ARCHIVE,INTERNET_ARCHIVE_METADATA_TEXT_ITEM_COUNT,cause-and-effect relationship,"""cause-and-effect relationship"" AND mediatype:texts AND date:[1988-01-01 TO 1988-12-31]",STRICT_ANCHOR,1988,1988,COMPLETED_NONZERO,1,1,2026-08-26,2026-08-26T06:19:38Z,https://archive.org/advancedsearch.php,https://archive.org/advancedsearch.php?q=%22cause-and-effect+relationship%22+AND+mediatype%3Atexts+AND+date%3A%5B1988-01-01+TO+1988-12-31%5D&fl%5B%5D=identifier&rows=0&page=1&output=json,EXACT_PHRASE,data/fear-temperature/priority180/search/raw/internet_archive/a9706b5a0890a57810aa325b0694852d3c64295e103762e72f0ab2c08205c05c.json,94949b9039d40629cc36de38f82e8c06a7014fba7b61ad6fe118382556c2ad72,Metadata text-item count; not a full-text lexical frequency.,FT-SEED-R1B-P-1988-05,1988,cause-and-effect relationship
INTERNET_ARCHIVE,INTERNET_ARCHIVE_METADATA_TEXT_ITEM_COUNT,cause-and-effect relationship,"""cause-and-effect relationship"" AND mediatype:texts AND date:[1986-01-01 TO 1990-12-31]",CONTEXTUAL_ANCHOR,1986,1990,COMPLETED_NONZERO,9,9,2026-08-26,2026-08-26T06:19:38Z,https://archive.org/advancedsearch.php,https://archive.org/advancedsearch.php?q=%22cause-and-effect+relationship%22+AND+mediatype%3Atexts+AND+date%3A%5B1986-01-01+TO+1990-12-31%5D&fl%5B%5D=identifier&rows=0&page=1&output=json,EXACT_PHRASE,data/fear-temperature/priority180/search/raw/internet_archive/46b943d25ec7dba56f34900c5b28781db19ac24320f8a9a97cdcdb118d56346a.json,ded0a573c10e7b9418de0201a7c7bd654268fc22221785e8e53e0dc8c788fb44,Metadata text-item count; not a full-text lexical frequency.,FT-SEED-R1B-P-1988-05,1988,cause-and-effect relationship
OPENALEX,OPENALEX_WORK_COUNT,cause-and-effect relationship,"""cause-and-effect relationship""",ALL_AVAILABLE,,,COMPLETED_NONZERO,50251,50251,2026-08-26,2026-08-26T06:28:09Z,https://api.openalex.org/works,https://api.openalex.org/works?search.exact=%22cause-and-effect+relationship%22&per-page=1&select=id,EXACT_PHRASE,data/fear-temperature/priority180/search/raw/openalex/04a56ca98acc5e8f34b1855fede5d990283821f9b0fddf5cb2ab61a475cb786e.json,a935f54292981ad9e670e12b740a12bb7bfc888823616ae7eb166f366799d0bc,Scholarly work discoverability count over OpenAlex search fields; not a corpus word frequency.,FT-SEED-R1B-P-1988-05,1988,cause-and-effect relationship
OPENALEX,OPENALEX_WORK_COUNT,cause-and-effect relationship,"""cause-and-effect relationship""",STRICT_ANCHOR,1988,1988,COMPLETED_NONZERO,165,165,2026-08-26,2026-08-26T06:28:09Z,https://api.openalex.org/works,https://api.openalex.org/works?search.exact=%22cause-and-effect+relationship%22&per-page=1&select=id&filter=from_publication_date%3A1988-01-01%2Cto_publication_date%3A1988-12-31,EXACT_PHRASE,data/fear-temperature/priority180/search/raw/openalex/dee555841ce60ec51aaeb6992e8feb6f39d55799c65971f9c3be3364b1e21750.json,658ee79cb589be2b7f0a3c1452734a0b154a4990fc2023bf7a2166bd29f2ab58,Scholarly work discoverability count over OpenAlex search fields; not a corpus word frequency.,FT-SEED-R1B-P-1988-05,1988,cause-and-effect relationship
OPENALEX,OPENALEX_WORK_COUNT,cause-and-effect relationship,"""cause-and-effect relationship""",CONTEXTUAL_ANCHOR,1986,1990,COMPLETED_NONZERO,751,751,2026-08-26,2026-08-26T06:28:10Z,https://api.openalex.org/works,https://api.openalex.org/works?search.exact=%22cause-and-effect+relationship%22&per-page=1&select=id&filter=from_publication_date%3A1986-01-01%2Cto_publication_date%3A1990-12-31,EXACT_PHRASE,data/fear-temperature/priority180/search/raw/openalex/524fd3c051095a3df6dc62eca8f8adebde4da79edf78ef4b1e6a3d814c0d4b28.json,c13bb811428d439f17d7d99323abea2514a8f9589c565512c512d96c6cab6bff,Scholarly work discoverability count over OpenAlex search fields; not a corpus word frequency.,FT-SEED-R1B-P-1988-05,1988,cause-and-effect relationship
GOOGLE_BOOKS_API,GOOGLE_BOOKS_TOTAL_ITEMS,cause-and-effect relationship,"""cause-and-effect relationship""",ALL_AVAILABLE,,,NOT_RUN_PROVIDER_QUOTA,,,2026-08-26,2026-08-26T06:34:48Z,https://www.googleapis.com/books/v1/volumes,https://www.googleapis.com/books/v1/volumes?q=%22cause-and-effect+relationship%22&langRestrict=en&maxResults=1&printType=books,EXACT_PHRASE,data/fear-temperature/priority180/search/raw/google_books/provider_quota_probe.json,e3b0c44298fc1c149afbf4c8996fb92427ae41e4649b934ca495991b7852b855,Provider runtime probe returned project quota 0; no candidate count was fabricated. Internet Archive is the completed primary bounded source.,FT-SEED-R1B-P-1988-05,1988,cause-and-effect relationship
INTERNET_ARCHIVE,INTERNET_ARCHIVE_METADATA_TEXT_ITEM_COUNT,global temperature,"""global temperature"" AND mediatype:texts",ALL_AVAILABLE,,,COMPLETED_NONZERO,328,328,2026-08-26,2026-08-26T06:22:03Z,https://archive.org/advancedsearch.php,https://archive.org/advancedsearch.php?q=%22global+temperature%22+AND+mediatype%3Atexts&fl%5B%5D=identifier&rows=0&page=1&output=json,EXACT_PHRASE,data/fear-temperature/priority180/search/raw/internet_archive/d87673c5045582c7813f431f1d4cf0a238609d1456ab88fe29d4770c8f074e8e.json,5142e0d85d553507078785c4b295281633e857ded78a0b51995b70da4035db02,Metadata text-item count; not a full-text lexical frequency.,FT-SEED-R1B-P-1988-06,1988,global temperature
INTERNET_ARCHIVE,INTERNET_ARCHIVE_METADATA_TEXT_ITEM_COUNT,global temperature,"""global temperature"" AND mediatype:texts AND date:[1988-01-01 TO 1988-12-31]",STRICT_ANCHOR,1988,1988,COMPLETED_NONZERO,2,2,2026-08-26,2026-08-26T06:22:05Z,https://archive.org/advancedsearch.php,https://archive.org/advancedsearch.php?q=%22global+temperature%22+AND+mediatype%3Atexts+AND+date%3A%5B1988-01-01+TO+1988-12-31%5D&fl%5B%5D=identifier&rows=0&page=1&output=json,EXACT_PHRASE,data/fear-temperature/priority180/search/raw/internet_archive/cc1056f41f1daf4a21b2f23a45afcc315e92815f52a25347089f8d4baa1b91e7.json,a07a4469d2ba361a08601bc63411558e6b043d4da14f5ab713a14f115469e1dc,Metadata text-item count; not a full-text lexical frequency.,FT-SEED-R1B-P-1988-06,1988,global temperature
INTERNET_ARCHIVE,INTERNET_ARCHIVE_METADATA_TEXT_ITEM_COUNT,global temperature,"""global temperature"" AND mediatype:texts AND date:[1986-01-01 TO 1990-12-31]",CONTEXTUAL_ANCHOR,1986,1990,COMPLETED_NONZERO,18,18,2026-08-26,2026-08-26T06:22:05Z,https://archive.org/advancedsearch.php,https://archive.org/advancedsearch.php?q=%22global+temperature%22+AND+mediatype%3Atexts+AND+date%3A%5B1986-01-01+TO+1990-12-31%5D&fl%5B%5D=identifier&rows=0&page=1&output=json,EXACT_PHRASE,data/fear-temperature/priority180/search/raw/internet_archive/729d2a9e42bea1e1d014b3d116208be23659dd9a674a08e3e21106bc03126d24.json,3ab9ed46b8d4939a29492bf921417d3aab60e23ba2253ebc64b22e613448808b,Metadata text-item count; not a full-text lexical frequency.,FT-SEED-R1B-P-1988-06,1988,global temperature
OPENALEX,OPENALEX_WORK_COUNT,global temperature,"""global temperature""",ALL_AVAILABLE,,,FAILED_PROVIDER_OR_REQUEST,,,2026-08-26,2026-08-26T06:32:35Z,https://api.openalex.org/works,https://api.openalex.org/works?search.exact=%22global+temperature%22&per-page=1&select=id,EXACT_PHRASE,data/fear-temperature/priority180/search/raw/openalex/001ff270c019b110925dff02355af60b2732fbb1b2e7cc2f26622c0a26bc4809.json,e3b0c44298fc1c149afbf4c8996fb92427ae41e4649b934ca495991b7852b855,NOT_RUN_OPENALEX_DAILY_BUDGET_EXHAUSTED: shared provider response retained; no count fabricated.,FT-SEED-R1B-P-1988-06,1988,global temperature
OPENALEX,OPENALEX_WORK_COUNT,global temperature,"""global temperature""",STRICT_ANCHOR,1988,1988,FAILED_PROVIDER_OR_REQUEST,,,2026-08-26,2026-08-26T06:32:35Z,https://api.openalex.org/works,https://api.openalex.org/works?search.exact=%22global+temperature%22&per-page=1&select=id&filter=from_publication_date%3A1988-01-01%2Cto_publication_date%3A1988-12-31,EXACT_PHRASE,data/fear-temperature/priority180/search/raw/openalex/001ff270c019b110925dff02355af60b2732fbb1b2e7cc2f26622c0a26bc4809.json,e3b0c44298fc1c149afbf4c8996fb92427ae41e4649b934ca495991b7852b855,NOT_RUN_OPENALEX_DAILY_BUDGET_EXHAUSTED: shared provider response retained; no count fabricated.,FT-SEED-R1B-P-1988-06,1988,global temperature
OPENALEX,OPENALEX_WORK_COUNT,global temperature,"""global temperature""",CONTEXTUAL_ANCHOR,1986,1990,FAILED_PROVIDER_OR_REQUEST,,,2026-08-26,2026-08-26T06:32:35Z,https://api.openalex.org/works,https://api.openalex.org/works?search.exact=%22global+temperature%22&per-page=1&select=id&filter=from_publication_date%3A1986-01-01%2Cto_publication_date%3A1990-12-31,EXACT_PHRASE,data/fear-temperature/priority180/search/raw/openalex/001ff270c019b110925dff02355af60b2732fbb1b2e7cc2f26622c0a26bc4809.json,e3b0c44298fc1c149afbf4c8996fb92427ae41e4649b934ca495991b7852b855,NOT_RUN_OPENALEX_DAILY_BUDGET_EXHAUSTED: shared provider response retained; no count fabricated.,FT-SEED-R1B-P-1988-06,1988,global temperature
GOOGLE_BOOKS_API,GOOGLE_BOOKS_TOTAL_ITEMS,global temperature,"""global temperature""",ALL_AVAILABLE,,,NOT_RUN_PROVIDER_QUOTA,,,2026-08-26,2026-08-26T06:34:48Z,https://www.googleapis.com/books/v1/volumes,https://www.googleapis.com/books/v1/volumes?q=%22global+temperature%22&langRestrict=en&maxResults=1&printType=books,EXACT_PHRASE,data/fear-temperature/priority180/search/raw/google_books/provider_quota_probe.json,e3b0c44298fc1c149afbf4c8996fb92427ae41e4649b934ca495991b7852b855,Provider runtime probe returned project quota 0; no candidate count was fabricated. Internet Archive is the completed primary bounded source.,FT-SEED-R1B-P-1988-06,1988,global temperature
INTERNET_ARCHIVE,INTERNET_ARCHIVE_METADATA_TEXT_ITEM_COUNT,regional heat waves,"""regional heat waves"" AND mediatype:texts",ALL_AVAILABLE,,,COMPLETED_ZERO,0,0,2026-08-26,2026-08-26T06:24:54Z,https://archive.org/advancedsearch.php,https://archive.org/advancedsearch.php?q=%22regional+heat+waves%22+AND+mediatype%3Atexts&fl%5B%5D=identifier&rows=0&page=1&output=json,EXACT_PHRASE,data/fear-temperature/priority180/search/raw/internet_archive/7a0c7e59fc5635f6cfa732ee80d3b199dd632ffac8c4d8d00f59cbd092bf7a99.json,2b4cadcf0bd4221ab43c39ae10f886165ed625efc6b35aa9dcadf44fe6c708f8,Metadata text-item count; not a full-text lexical frequency.,FT-SEED-R1B-P-1988-07,1988,regional heat waves
INTERNET_ARCHIVE,INTERNET_ARCHIVE_METADATA_TEXT_ITEM_COUNT,regional heat waves,"""regional heat waves"" AND mediatype:texts AND date:[1988-01-01 TO 1988-12-31]",STRICT_ANCHOR,1988,1988,COMPLETED_ZERO,0,0,2026-08-26,2026-08-26T06:24:55Z,https://archive.org/advancedsearch.php,https://archive.org/advancedsearch.php?q=%22regional+heat+waves%22+AND+mediatype%3Atexts+AND+date%3A%5B1988-01-01+TO+1988-12-31%5D&fl%5B%5D=identifier&rows=0&page=1&output=json,EXACT_PHRASE,data/fear-temperature/priority180/search/raw/internet_archive/d9ec85374406e52fd8c4fdc4375338314fdcf5d78d00d57266aece63732e1137.json,2cfcbb7436e3cb891499c05105ad2dd055889bfd7b3a4bb05d453a67a871e45e,Metadata text-item count; not a full-text lexical frequency.,FT-SEED-R1B-P-1988-07,1988,regional heat waves
INTERNET_ARCHIVE,INTERNET_ARCHIVE_METADATA_TEXT_ITEM_COUNT,regional heat waves,"""regional heat waves"" AND mediatype:texts AND date:[1986-01-01 TO 1990-12-31]",CONTEXTUAL_ANCHOR,1986,1990,COMPLETED_ZERO,0,0,2026-08-26,2026-08-26T06:24:56Z,https://archive.org/advancedsearch.php,https://archive.org/advancedsearch.php?q=%22regional+heat+waves%22+AND+mediatype%3Atexts+AND+date%3A%5B1986-01-01+TO+1990-12-31%5D&fl%5B%5D=identifier&rows=0&page=1&output=json,EXACT_PHRASE,data/fear-temperature/priority180/search/raw/internet_archive/7bd5b0400d7e26b307354e0e1b10bc7b3a6be5b08a805f265e5d91ab89012531.json,e6a5f55f49ef823aee46c19f1209373477f169cf7788ebf36be26f29f6761fe2,Metadata text-item count; not a full-text lexical frequency.,FT-SEED-R1B-P-1988-07,1988,regional heat waves
OPENALEX,OPENALEX_WORK_COUNT,regional heat waves,"""regional heat waves""",ALL_AVAILABLE,,,FAILED_PROVIDER_OR_REQUEST,,,2026-08-26,2026-08-26T06:32:35Z,https://api.openalex.org/works,https://api.openalex.org/works?search.exact=%22regional+heat+waves%22&per-page=1&select=id,EXACT_PHRASE,data/fear-temperature/priority180/search/raw/openalex/001ff270c019b110925dff02355af60b2732fbb1b2e7cc2f26622c0a26bc4809.json,e3b0c44298fc1c149afbf4c8996fb92427ae41e4649b934ca495991b7852b855,NOT_RUN_OPENALEX_DAILY_BUDGET_EXHAUSTED: shared provider response retained; no count fabricated.,FT-SEED-R1B-P-1988-07,1988,regional heat waves
OPENALEX,OPENALEX_WORK_COUNT,regional heat waves,"""regional heat waves""",STRICT_ANCHOR,1988,1988,FAILED_PROVIDER_OR_REQUEST,,,2026-08-26,2026-08-26T06:32:35Z,https://api.openalex.org/works,https://api.openalex.org/works?search.exact=%22regional+heat+waves%22&per-page=1&select=id&filter=from_publication_date%3A1988-01-01%2Cto_publication_date%3A1988-12-31,EXACT_PHRASE,data/fear-temperature/priority180/search/raw/openalex/001ff270c019b110925dff02355af60b2732fbb1b2e7cc2f26622c0a26bc4809.json,e3b0c44298fc1c149afbf4c8996fb92427ae41e4649b934ca495991b7852b855,NOT_RUN_OPENALEX_DAILY_BUDGET_EXHAUSTED: shared provider response retained; no count fabricated.,FT-SEED-R1B-P-1988-07,1988,regional heat waves
OPENALEX,OPENALEX_WORK_COUNT,regional heat waves,"""regional heat waves""",CONTEXTUAL_ANCHOR,1986,1990,FAILED_PROVIDER_OR_REQUEST,,,2026-08-26,2026-08-26T06:32:35Z,https://api.openalex.org/works,https://api.openalex.org/works?search.exact=%22regional+heat+waves%22&per-page=1&select=id&filter=from_publication_date%3A1986-01-01%2Cto_publication_date%3A1990-12-31,EXACT_PHRASE,data/fear-temperature/priority180/search/raw/openalex/001ff270c019b110925dff02355af60b2732fbb1b2e7cc2f26622c0a26bc4809.json,e3b0c44298fc1c149afbf4c8996fb92427ae41e4649b934ca495991b7852b855,NOT_RUN_OPENALEX_DAILY_BUDGET_EXHAUSTED: shared provider response retained; no count fabricated.,FT-SEED-R1B-P-1988-07,1988,regional heat waves
GOOGLE_BOOKS_API,GOOGLE_BOOKS_TOTAL_ITEMS,regional heat waves,"""regional heat waves""",ALL_AVAILABLE,,,NOT_RUN_PROVIDER_QUOTA,,,2026-08-26,2026-08-26T06:34:48Z,https://www.googleapis.com/books/v1/volumes,https://www.googleapis.com/books/v1/volumes?q=%22regional+heat+waves%22&langRestrict=en&maxResults=1&printType=books,EXACT_PHRASE,data/fear-temperature/priority180/search/raw/google_books/provider_quota_probe.json,e3b0c44298fc1c149afbf4c8996fb92427ae41e4649b934ca495991b7852b855,Provider runtime probe returned project quota 0; no candidate count was fabricated. Internet Archive is the completed primary bounded source.,FT-SEED-R1B-P-1988-07,1988,regional heat waves
INTERNET_ARCHIVE,INTERNET_ARCHIVE_METADATA_TEXT_ITEM_COUNT,heat wave,"""heat wave"" AND mediatype:texts",ALL_AVAILABLE,,,COMPLETED_NONZERO,957,957,2026-08-26,2026-08-26T06:22:49Z,https://archive.org/advancedsearch.php,https://archive.org/advancedsearch.php?q=%22heat+wave%22+AND+mediatype%3Atexts&fl%5B%5D=identifier&rows=0&page=1&output=json,EXACT_PHRASE,data/fear-temperature/priority180/search/raw/internet_archive/7ef6d474042c1a50fa599cebc074c3e0186bedb10e044f927abf586ca748afe5.json,506a1554220a5bb0befdbb5ab1f20f2297e0b1892676141e54e0d27a67228d63,Metadata text-item count; not a full-text lexical frequency.,FT-SEED-R1B-P-1988-08,1988,heat wave
INTERNET_ARCHIVE,INTERNET_ARCHIVE_METADATA_TEXT_ITEM_COUNT,heat wave,"""heat wave"" AND mediatype:texts AND date:[1938-01-01 TO 1938-12-31]",STRICT_ANCHOR,1938,1938,COMPLETED_NONZERO,7,7,2026-08-26,2026-08-26T06:22:50Z,https://archive.org/advancedsearch.php,https://archive.org/advancedsearch.php?q=%22heat+wave%22+AND+mediatype%3Atexts+AND+date%3A%5B1938-01-01+TO+1938-12-31%5D&fl%5B%5D=identifier&rows=0&page=1&output=json,EXACT_PHRASE,data/fear-temperature/priority180/search/raw/internet_archive/91d5961359f5b914ff9a275b8b88834b09d2b4664854381b950facad708eb343.json,188263e9103869f04e47c4cb2f87da6fef9df2d2c8d9cd69854cb65f68ae5869,Metadata text-item count; not a full-text lexical frequency.,FT-SEED-R1B-P-1988-08,1988,heat wave
INTERNET_ARCHIVE,INTERNET_ARCHIVE_METADATA_TEXT_ITEM_COUNT,heat wave,"""heat wave"" AND mediatype:texts AND date:[1936-01-01 TO 1940-12-31]",CONTEXTUAL_ANCHOR,1936,1940,COMPLETED_NONZERO,64,64,2026-08-26,2026-08-26T06:22:51Z,https://archive.org/advancedsearch.php,https://archive.org/advancedsearch.php?q=%22heat+wave%22+AND+mediatype%3Atexts+AND+date%3A%5B1936-01-01+TO+1940-12-31%5D&fl%5B%5D=identifier&rows=0&page=1&output=json,EXACT_PHRASE,data/fear-temperature/priority180/search/raw/internet_archive/65326a3e5decc392599549725419c270d8903032cb1904b5bd55ed3f1ef356f2.json,84ff6a499df8222bd6e1ae1e6d5fa7a5e24b577cf54223a010d4255faeb34a75,Metadata text-item count; not a full-text lexical frequency.,FT-SEED-R1B-P-1988-08,1988,heat wave
OPENALEX,OPENALEX_WORK_COUNT,heat wave,"""heat wave""",ALL_AVAILABLE,,,FAILED_PROVIDER_OR_REQUEST,,,2026-08-26,2026-08-26T06:32:35Z,https://api.openalex.org/works,https://api.openalex.org/works?search.exact=%22heat+wave%22&per-page=1&select=id,EXACT_PHRASE,data/fear-temperature/priority180/search/raw/openalex/001ff270c019b110925dff02355af60b2732fbb1b2e7cc2f26622c0a26bc4809.json,e3b0c44298fc1c149afbf4c8996fb92427ae41e4649b934ca495991b7852b855,NOT_RUN_OPENALEX_DAILY_BUDGET_EXHAUSTED: shared provider response retained; no count fabricated.,FT-SEED-R1B-P-1988-08,1988,heat wave
OPENALEX,OPENALEX_WORK_COUNT,heat wave,"""heat wave""",STRICT_ANCHOR,1938,1938,FAILED_PROVIDER_OR_REQUEST,,,2026-08-26,2026-08-26T06:32:35Z,https://api.openalex.org/works,https://api.openalex.org/works?search.exact=%22heat+wave%22&per-page=1&select=id&filter=from_publication_date%3A1938-01-01%2Cto_publication_date%3A1938-12-31,EXACT_PHRASE,data/fear-temperature/priority180/search/raw/openalex/001ff270c019b110925dff02355af60b2732fbb1b2e7cc2f26622c0a26bc4809.json,e3b0c44298fc1c149afbf4c8996fb92427ae41e4649b934ca495991b7852b855,NOT_RUN_OPENALEX_DAILY_BUDGET_EXHAUSTED: shared provider response retained; no count fabricated.,FT-SEED-R1B-P-1988-08,1988,heat wave
OPENALEX,OPENALEX_WORK_COUNT,heat wave,"""heat wave""",CONTEXTUAL_ANCHOR,1936,1940,FAILED_PROVIDER_OR_REQUEST,,,2026-08-26,2026-08-26T06:32:35Z,https://api.openalex.org/works,https://api.openalex.org/works?search.exact=%22heat+wave%22&per-page=1&select=id&filter=from_publication_date%3A1936-01-01%2Cto_publication_date%3A1940-12-31,EXACT_PHRASE,data/fear-temperature/priority180/search/raw/openalex/001ff270c019b110925dff02355af60b2732fbb1b2e7cc2f26622c0a26bc4809.json,e3b0c44298fc1c149afbf4c8996fb92427ae41e4649b934ca495991b7852b855,NOT_RUN_OPENALEX_DAILY_BUDGET_EXHAUSTED: shared provider response retained; no count fabricated.,FT-SEED-R1B-P-1988-08,1988,heat wave
GOOGLE_BOOKS_API,GOOGLE_BOOKS_TOTAL_ITEMS,heat wave,"""heat wave""",ALL_AVAILABLE,,,NOT_RUN_PROVIDER_QUOTA,,,2026-08-26,2026-08-26T06:34:48Z,https://www.googleapis.com/books/v1/volumes,https://www.googleapis.com/books/v1/volumes?q=%22heat+wave%22&langRestrict=en&maxResults=1&printType=books,EXACT_PHRASE,data/fear-temperature/priority180/search/raw/google_books/provider_quota_probe.json,e3b0c44298fc1c149afbf4c8996fb92427ae41e4649b934ca495991b7852b855,Provider runtime probe returned project quota 0; no candidate count was fabricated. Internet Archive is the completed primary bounded source.,FT-SEED-R1B-P-1988-08,1988,heat wave
INTERNET_ARCHIVE,INTERNET_ARCHIVE_METADATA_TEXT_ITEM_COUNT,drought,"""drought"" AND mediatype:texts",ALL_AVAILABLE,,,COMPLETED_NONZERO,10647,10647,2026-08-26,2026-08-26T06:21:01Z,https://archive.org/advancedsearch.php,https://archive.org/advancedsearch.php?q=%22drought%22+AND+mediatype%3Atexts&fl%5B%5D=identifier&rows=0&page=1&output=json,EXACT_PHRASE,data/fear-temperature/priority180/search/raw/internet_archive/78f2a09c3ca847e73082ec118954b89fd01274902c2198287ea8ba1558685eed.json,ce28bf2455b7846bc3e149a82fcf6cd946f36c798fad3f5483cd3791b7d32adf,Metadata text-item count; not a full-text lexical frequency.,FT-SEED-R1B-P-1988-09,1988,drought
INTERNET_ARCHIVE,INTERNET_ARCHIVE_METADATA_TEXT_ITEM_COUNT,drought,"""drought"" AND mediatype:texts AND date:[1938-01-01 TO 1938-12-31]",STRICT_ANCHOR,1938,1938,COMPLETED_NONZERO,84,84,2026-08-26,2026-08-26T06:21:02Z,https://archive.org/advancedsearch.php,https://archive.org/advancedsearch.php?q=%22drought%22+AND+mediatype%3Atexts+AND+date%3A%5B1938-01-01+TO+1938-12-31%5D&fl%5B%5D=identifier&rows=0&page=1&output=json,EXACT_PHRASE,data/fear-temperature/priority180/search/raw/internet_archive/9d2a0e3bd9a3bdacee66fb3fe8eb9552d566550c2668b72d387ea3aa583e9143.json,daba439323c66c3896522c4edf5b915f3c6953190d7d345f39d52e948de13b15,Metadata text-item count; not a full-text lexical frequency.,FT-SEED-R1B-P-1988-09,1988,drought
INTERNET_ARCHIVE,INTERNET_ARCHIVE_METADATA_TEXT_ITEM_COUNT,drought,"""drought"" AND mediatype:texts AND date:[1936-01-01 TO 1940-12-31]",CONTEXTUAL_ANCHOR,1936,1940,COMPLETED_NONZERO,298,298,2026-08-26,2026-08-26T06:21:03Z,https://archive.org/advancedsearch.php,https://archive.org/advancedsearch.php?q=%22drought%22+AND+mediatype%3Atexts+AND+date%3A%5B1936-01-01+TO+1940-12-31%5D&fl%5B%5D=identifier&rows=0&page=1&output=json,EXACT_PHRASE,data/fear-temperature/priority180/search/raw/internet_archive/325626e03f36e74f813c434baf187e71740419e8629e3b6a78dd0f5baf4fd931.json,b792f5004f2add86a6cac5d0b24c045eabce8263c1e3c478fa7208ecd9b8c39a,Metadata text-item count; not a full-text lexical frequency.,FT-SEED-R1B-P-1988-09,1988,drought
OPENALEX,OPENALEX_WORK_COUNT,drought,"""drought""",ALL_AVAILABLE,,,FAILED_PROVIDER_OR_REQUEST,,,2026-08-26,2026-08-26T06:32:35Z,https://api.openalex.org/works,https://api.openalex.org/works?search.exact=%22drought%22&per-page=1&select=id,EXACT_PHRASE,data/fear-temperature/priority180/search/raw/openalex/001ff270c019b110925dff02355af60b2732fbb1b2e7cc2f26622c0a26bc4809.json,e3b0c44298fc1c149afbf4c8996fb92427ae41e4649b934ca495991b7852b855,NOT_RUN_OPENALEX_DAILY_BUDGET_EXHAUSTED: shared provider response retained; no count fabricated.,FT-SEED-R1B-P-1988-09,1988,drought
OPENALEX,OPENALEX_WORK_COUNT,drought,"""drought""",STRICT_ANCHOR,1938,1938,FAILED_PROVIDER_OR_REQUEST,,,2026-08-26,2026-08-26T06:32:35Z,https://api.openalex.org/works,https://api.openalex.org/works?search.exact=%22drought%22&per-page=1&select=id&filter=from_publication_date%3A1938-01-01%2Cto_publication_date%3A1938-12-31,EXACT_PHRASE,data/fear-temperature/priority180/search/raw/openalex/001ff270c019b110925dff02355af60b2732fbb1b2e7cc2f26622c0a26bc4809.json,e3b0c44298fc1c149afbf4c8996fb92427ae41e4649b934ca495991b7852b855,NOT_RUN_OPENALEX_DAILY_BUDGET_EXHAUSTED: shared provider response retained; no count fabricated.,FT-SEED-R1B-P-1988-09,1988,drought
OPENALEX,OPENALEX_WORK_COUNT,drought,"""drought""",CONTEXTUAL_ANCHOR,1936,1940,FAILED_PROVIDER_OR_REQUEST,,,2026-08-26,2026-08-26T06:32:35Z,https://api.openalex.org/works,https://api.openalex.org/works?search.exact=%22drought%22&per-page=1&select=id&filter=from_publication_date%3A1936-01-01%2Cto_publication_date%3A1940-12-31,EXACT_PHRASE,data/fear-temperature/priority180/search/raw/openalex/001ff270c019b110925dff02355af60b2732fbb1b2e7cc2f26622c0a26bc4809.json,e3b0c44298fc1c149afbf4c8996fb92427ae41e4649b934ca495991b7852b855,NOT_RUN_OPENALEX_DAILY_BUDGET_EXHAUSTED: shared provider response retained; no count fabricated.,FT-SEED-R1B-P-1988-09,1988,drought
GOOGLE_BOOKS_API,GOOGLE_BOOKS_TOTAL_ITEMS,drought,"""drought""",ALL_AVAILABLE,,,NOT_RUN_PROVIDER_QUOTA,,,2026-08-26,2026-08-26T06:34:48Z,https://www.googleapis.com/books/v1/volumes,https://www.googleapis.com/books/v1/volumes?q=%22drought%22&langRestrict=en&maxResults=1&printType=books,EXACT_PHRASE,data/fear-temperature/priority180/search/raw/google_books/provider_quota_probe.json,e3b0c44298fc1c149afbf4c8996fb92427ae41e4649b934ca495991b7852b855,Provider runtime probe returned project quota 0; no candidate count was fabricated. Internet Archive is the completed primary bounded source.,FT-SEED-R1B-P-1988-09,1988,drought
INTERNET_ARCHIVE,INTERNET_ARCHIVE_METADATA_TEXT_ITEM_COUNT,heat wave/drought occurrences,"""heat wave/drought occurrences"" AND mediatype:texts",ALL_AVAILABLE,,,COMPLETED_ZERO,0,0,2026-08-26,2026-08-26T06:22:55Z,https://archive.org/advancedsearch.php,https://archive.org/advancedsearch.php?q=%22heat+wave%2Fdrought+occurrences%22+AND+mediatype%3Atexts&fl%5B%5D=identifier&rows=0&page=1&output=json,EXACT_PHRASE,data/fear-temperature/priority180/search/raw/internet_archive/2c31f045a10aba2d23cc26984981eeba699c595cbf50b050a8a6de6f69e16a42.json,e5f6a71d5524dbfe4d0a31d6ace8d39dc91dfe31b2a11e4ac0a89bb60768e854,Metadata text-item count; not a full-text lexical frequency.,FT-SEED-R1B-P-1988-10,1988,heat wave/drought occurrences
INTERNET_ARCHIVE,INTERNET_ARCHIVE_METADATA_TEXT_ITEM_COUNT,heat wave/drought occurrences,"""heat wave/drought occurrences"" AND mediatype:texts AND date:[1988-01-01 TO 1988-12-31]",STRICT_ANCHOR,1988,1988,COMPLETED_ZERO,0,0,2026-08-26,2026-08-26T06:22:56Z,https://archive.org/advancedsearch.php,https://archive.org/advancedsearch.php?q=%22heat+wave%2Fdrought+occurrences%22+AND+mediatype%3Atexts+AND+date%3A%5B1988-01-01+TO+1988-12-31%5D&fl%5B%5D=identifier&rows=0&page=1&output=json,EXACT_PHRASE,data/fear-temperature/priority180/search/raw/internet_archive/cd3ee605e79fba73aad37552414dc8bc4ac8ceae7a89b73a5ee3a05eb4528ef5.json,e97d49c425d8d52fb4988ae7d4d5068781995f27635ac84eb1d5792f44be0c8d,Metadata text-item count; not a full-text lexical frequency.,FT-SEED-R1B-P-1988-10,1988,heat wave/drought occurrences
INTERNET_ARCHIVE,INTERNET_ARCHIVE_METADATA_TEXT_ITEM_COUNT,heat wave/drought occurrences,"""heat wave/drought occurrences"" AND mediatype:texts AND date:[1986-01-01 TO 1990-12-31]",CONTEXTUAL_ANCHOR,1986,1990,COMPLETED_ZERO,0,0,2026-08-26,2026-08-26T06:22:57Z,https://archive.org/advancedsearch.php,https://archive.org/advancedsearch.php?q=%22heat+wave%2Fdrought+occurrences%22+AND+mediatype%3Atexts+AND+date%3A%5B1986-01-01+TO+1990-12-31%5D&fl%5B%5D=identifier&rows=0&page=1&output=json,EXACT_PHRASE,data/fear-temperature/priority180/search/raw/internet_archive/2c9b5035eb305aa2b2076ca58c87ec40101a64096198434dc35ff5e9a928e633.json,a6a2a51bca5fdbc3f881c5f8e22d22ca2df472cd491951db5e0ef5d1b276a779,Metadata text-item count; not a full-text lexical frequency.,FT-SEED-R1B-P-1988-10,1988,heat wave/drought occurrences
OPENALEX,OPENALEX_WORK_COUNT,heat wave/drought occurrences,"""heat wave/drought occurrences""",ALL_AVAILABLE,,,FAILED_PROVIDER_OR_REQUEST,,,2026-08-26,2026-08-26T06:32:35Z,https://api.openalex.org/works,https://api.openalex.org/works?search.exact=%22heat+wave%2Fdrought+occurrences%22&per-page=1&select=id,EXACT_PHRASE,data/fear-temperature/priority180/search/raw/openalex/001ff270c019b110925dff02355af60b2732fbb1b2e7cc2f26622c0a26bc4809.json,e3b0c44298fc1c149afbf4c8996fb92427ae41e4649b934ca495991b7852b855,NOT_RUN_OPENALEX_DAILY_BUDGET_EXHAUSTED: shared provider response retained; no count fabricated.,FT-SEED-R1B-P-1988-10,1988,heat wave/drought occurrences
OPENALEX,OPENALEX_WORK_COUNT,heat wave/drought occurrences,"""heat wave/drought occurrences""",STRICT_ANCHOR,1988,1988,FAILED_PROVIDER_OR_REQUEST,,,2026-08-26,2026-08-26T06:32:35Z,https://api.openalex.org/works,https://api.openalex.org/works?search.exact=%22heat+wave%2Fdrought+occurrences%22&per-page=1&select=id&filter=from_publication_date%3A1988-01-01%2Cto_publication_date%3A1988-12-31,EXACT_PHRASE,data/fear-temperature/priority180/search/raw/openalex/001ff270c019b110925dff02355af60b2732fbb1b2e7cc2f26622c0a26bc4809.json,e3b0c44298fc1c149afbf4c8996fb92427ae41e4649b934ca495991b7852b855,NOT_RUN_OPENALEX_DAILY_BUDGET_EXHAUSTED: shared provider response retained; no count fabricated.,FT-SEED-R1B-P-1988-10,1988,heat wave/drought occurrences
OPENALEX,OPENALEX_WORK_COUNT,heat wave/drought occurrences,"""heat wave/drought occurrences""",CONTEXTUAL_ANCHOR,1986,1990,FAILED_PROVIDER_OR_REQUEST,,,2026-08-26,2026-08-26T06:32:35Z,https://api.openalex.org/works,https://api.openalex.org/works?search.exact=%22heat+wave%2Fdrought+occurrences%22&per-page=1&select=id&filter=from_publication_date%3A1986-01-01%2Cto_publication_date%3A1990-12-31,EXACT_PHRASE,data/fear-temperature/priority180/search/raw/openalex/001ff270c019b110925dff02355af60b2732fbb1b2e7cc2f26622c0a26bc4809.json,e3b0c44298fc1c149afbf4c8996fb92427ae41e4649b934ca495991b7852b855,NOT_RUN_OPENALEX_DAILY_BUDGET_EXHAUSTED: shared provider response retained; no count fabricated.,FT-SEED-R1B-P-1988-10,1988,heat wave/drought occurrences
GOOGLE_BOOKS_API,GOOGLE_BOOKS_TOTAL_ITEMS,heat wave/drought occurrences,"""heat wave/drought occurrences""",ALL_AVAILABLE,,,NOT_RUN_PROVIDER_QUOTA,,,2026-08-26,2026-08-26T06:34:48Z,https://www.googleapis.com/books/v1/volumes,https://www.googleapis.com/books/v1/volumes?q=%22heat+wave%2Fdrought+occurrences%22&langRestrict=en&maxResults=1&printType=books,EXACT_PHRASE,data/fear-temperature/priority180/search/raw/google_books/provider_quota_probe.json,e3b0c44298fc1c149afbf4c8996fb92427ae41e4649b934ca495991b7852b855,Provider runtime probe returned project quota 0; no candidate count was fabricated. Internet Archive is the completed primary bounded source.,FT-SEED-R1B-P-1988-10,1988,heat wave/drought occurrences
INTERNET_ARCHIVE,INTERNET_ARCHIVE_METADATA_TEXT_ITEM_COUNT,extreme events,"""extreme events"" AND mediatype:texts",ALL_AVAILABLE,,,COMPLETED_NONZERO,515,515,2026-08-26,2026-08-26T06:21:30Z,https://archive.org/advancedsearch.php,https://archive.org/advancedsearch.php?q=%22extreme+events%22+AND+mediatype%3Atexts&fl%5B%5D=identifier&rows=0&page=1&output=json,EXACT_PHRASE,data/fear-temperature/priority180/search/raw/internet_archive/2c399ea03cbd87db4eecf32cc5048296b7eaab6dd279ef726e6c348cd2746308.json,d13e7403d4dea0fb975f14589513b6a4f60b3f032554ef7c0c5d9038b4df10c0,Metadata text-item count; not a full-text lexical frequency.,FT-SEED-R1B-P-1988-11,1988,extreme events
INTERNET_ARCHIVE,INTERNET_ARCHIVE_METADATA_TEXT_ITEM_COUNT,extreme events,"""extreme events"" AND mediatype:texts AND date:[1988-01-01 TO 1988-12-31]",STRICT_ANCHOR,1988,1988,COMPLETED_NONZERO,1,1,2026-08-26,2026-08-26T06:21:32Z,https://archive.org/advancedsearch.php,https://archive.org/advancedsearch.php?q=%22extreme+events%22+AND+mediatype%3Atexts+AND+date%3A%5B1988-01-01+TO+1988-12-31%5D&fl%5B%5D=identifier&rows=0&page=1&output=json,EXACT_PHRASE,data/fear-temperature/priority180/search/raw/internet_archive/d721d46568cd87185fac50e2f858a5357f67a4e1891bfa892461ccb3a685187d.json,5a6d4e1e5274de8391ea1c2bde72318ad5de8c69da9580b1424f559b1b22faa5,Metadata text-item count; not a full-text lexical frequency.,FT-SEED-R1B-P-1988-11,1988,extreme events
INTERNET_ARCHIVE,INTERNET_ARCHIVE_METADATA_TEXT_ITEM_COUNT,extreme events,"""extreme events"" AND mediatype:texts AND date:[1986-01-01 TO 1990-12-31]",CONTEXTUAL_ANCHOR,1986,1990,COMPLETED_NONZERO,6,6,2026-08-26,2026-08-26T06:21:33Z,https://archive.org/advancedsearch.php,https://archive.org/advancedsearch.php?q=%22extreme+events%22+AND+mediatype%3Atexts+AND+date%3A%5B1986-01-01+TO+1990-12-31%5D&fl%5B%5D=identifier&rows=0&page=1&output=json,EXACT_PHRASE,data/fear-temperature/priority180/search/raw/internet_archive/cc19c41a0fe85944aadb2ed6bcf631865ee2948f7bb33c6d0e792d99201c323a.json,5a07d11ab3b7aec2b5ce5e0f93b4f73f0f85bd053cb2f251c10196c23fd495b7,Metadata text-item count; not a full-text lexical frequency.,FT-SEED-R1B-P-1988-11,1988,extreme events
OPENALEX,OPENALEX_WORK_COUNT,extreme events,"""extreme events""",ALL_AVAILABLE,,,FAILED_PROVIDER_OR_REQUEST,,,2026-08-26,2026-08-26T06:32:35Z,https://api.openalex.org/works,https://api.openalex.org/works?search.exact=%22extreme+events%22&per-page=1&select=id,EXACT_PHRASE,data/fear-temperature/priority180/search/raw/openalex/001ff270c019b110925dff02355af60b2732fbb1b2e7cc2f26622c0a26bc4809.json,e3b0c44298fc1c149afbf4c8996fb92427ae41e4649b934ca495991b7852b855,NOT_RUN_OPENALEX_DAILY_BUDGET_EXHAUSTED: shared provider response retained; no count fabricated.,FT-SEED-R1B-P-1988-11,1988,extreme events
OPENALEX,OPENALEX_WORK_COUNT,extreme events,"""extreme events""",STRICT_ANCHOR,1988,1988,FAILED_PROVIDER_OR_REQUEST,,,2026-08-26,2026-08-26T06:32:35Z,https://api.openalex.org/works,https://api.openalex.org/works?search.exact=%22extreme+events%22&per-page=1&select=id&filter=from_publication_date%3A1988-01-01%2Cto_publication_date%3A1988-12-31,EXACT_PHRASE,data/fear-temperature/priority180/search/raw/openalex/001ff270c019b110925dff02355af60b2732fbb1b2e7cc2f26622c0a26bc4809.json,e3b0c44298fc1c149afbf4c8996fb92427ae41e4649b934ca495991b7852b855,NOT_RUN_OPENALEX_DAILY_BUDGET_EXHAUSTED: shared provider response retained; no count fabricated.,FT-SEED-R1B-P-1988-11,1988,extreme events
OPENALEX,OPENALEX_WORK_COUNT,extreme events,"""extreme events""",CONTEXTUAL_ANCHOR,1986,1990,FAILED_PROVIDER_OR_REQUEST,,,2026-08-26,2026-08-26T06:32:35Z,https://api.openalex.org/works,https://api.openalex.org/works?search.exact=%22extreme+events%22&per-page=1&select=id&filter=from_publication_date%3A1986-01-01%2Cto_publication_date%3A1990-12-31,EXACT_PHRASE,data/fear-temperature/priority180/search/raw/openalex/001ff270c019b110925dff02355af60b2732fbb1b2e7cc2f26622c0a26bc4809.json,e3b0c44298fc1c149afbf4c8996fb92427ae41e4649b934ca495991b7852b855,NOT_RUN_OPENALEX_DAILY_BUDGET_EXHAUSTED: shared provider response retained; no count fabricated.,FT-SEED-R1B-P-1988-11,1988,extreme events
GOOGLE_BOOKS_API,GOOGLE_BOOKS_TOTAL_ITEMS,extreme events,"""extreme events""",ALL_AVAILABLE,,,NOT_RUN_PROVIDER_QUOTA,,,2026-08-26,2026-08-26T06:34:48Z,https://www.googleapis.com/books/v1/volumes,https://www.googleapis.com/books/v1/volumes?q=%22extreme+events%22&langRestrict=en&maxResults=1&printType=books,EXACT_PHRASE,data/fear-temperature/priority180/search/raw/google_books/provider_quota_probe.json,e3b0c44298fc1c149afbf4c8996fb92427ae41e4649b934ca495991b7852b855,Provider runtime probe returned project quota 0; no candidate count was fabricated. Internet Archive is the completed primary bounded source.,FT-SEED-R1B-P-1988-11,1988,extreme events
INTERNET_ARCHIVE,INTERNET_ARCHIVE_METADATA_TEXT_ITEM_COUNT,global climate models,"""global climate models"" AND mediatype:texts",ALL_AVAILABLE,,,COMPLETED_NONZERO,180,180,2026-08-26,2026-08-26T06:21:51Z,https://archive.org/advancedsearch.php,https://archive.org/advancedsearch.php?q=%22global+climate+models%22+AND+mediatype%3Atexts&fl%5B%5D=identifier&rows=0&page=1&output=json,EXACT_PHRASE,data/fear-temperature/priority180/search/raw/internet_archive/da39d67b899a81eb3a33d9e9d1d562599dab83fe0a150a76c6270cb2afe58ee2.json,c80a95fa2a7b9a86f7d77d6cbdffb7b1717252df68119ea9120c2281194501bd,Metadata text-item count; not a full-text lexical frequency.,FT-SEED-R1B-P-1988-12,1988,global climate models
INTERNET_ARCHIVE,INTERNET_ARCHIVE_METADATA_TEXT_ITEM_COUNT,global climate models,"""global climate models"" AND mediatype:texts AND date:[1988-01-01 TO 1988-12-31]",STRICT_ANCHOR,1988,1988,COMPLETED_ZERO,0,0,2026-08-26,2026-08-26T06:21:52Z,https://archive.org/advancedsearch.php,https://archive.org/advancedsearch.php?q=%22global+climate+models%22+AND+mediatype%3Atexts+AND+date%3A%5B1988-01-01+TO+1988-12-31%5D&fl%5B%5D=identifier&rows=0&page=1&output=json,EXACT_PHRASE,data/fear-temperature/priority180/search/raw/internet_archive/87e499989fab5885ec6039215765fdba125617d258d641c59bcfcb13fd35d28c.json,8d96a4725bbb074541ae312652a27539a369c6fbf26a86cad0f7e58fdc3db9c1,Metadata text-item count; not a full-text lexical frequency.,FT-SEED-R1B-P-1988-12,1988,global climate models
INTERNET_ARCHIVE,INTERNET_ARCHIVE_METADATA_TEXT_ITEM_COUNT,global climate models,"""global climate models"" AND mediatype:texts AND date:[1986-01-01 TO 1990-12-31]",CONTEXTUAL_ANCHOR,1986,1990,COMPLETED_NONZERO,3,3,2026-08-26,2026-08-26T06:21:54Z,https://archive.org/advancedsearch.php,https://archive.org/advancedsearch.php?q=%22global+climate+models%22+AND+mediatype%3Atexts+AND+date%3A%5B1986-01-01+TO+1990-12-31%5D&fl%5B%5D=identifier&rows=0&page=1&output=json,EXACT_PHRASE,data/fear-temperature/priority180/search/raw/internet_archive/d60c58e369baad7f4018a5772d38eccd04b10c1ddb885c5b4cf141bc483d1040.json,bf44ad82dd2c969889155b78f7e4747f69d8c13dd9641ba24527b9e53bdf8981,Metadata text-item count; not a full-text lexical frequency.,FT-SEED-R1B-P-1988-12,1988,global climate models
OPENALEX,OPENALEX_WORK_COUNT,global climate models,"""global climate models""",ALL_AVAILABLE,,,FAILED_PROVIDER_OR_REQUEST,,,2026-08-26,2026-08-26T06:32:35Z,https://api.openalex.org/works,https://api.openalex.org/works?search.exact=%22global+climate+models%22&per-page=1&select=id,EXACT_PHRASE,data/fear-temperature/priority180/search/raw/openalex/001ff270c019b110925dff02355af60b2732fbb1b2e7cc2f26622c0a26bc4809.json,e3b0c44298fc1c149afbf4c8996fb92427ae41e4649b934ca495991b7852b855,NOT_RUN_OPENALEX_DAILY_BUDGET_EXHAUSTED: shared provider response retained; no count fabricated.,FT-SEED-R1B-P-1988-12,1988,global climate models
OPENALEX,OPENALEX_WORK_COUNT,global climate models,"""global climate models""",STRICT_ANCHOR,1988,1988,FAILED_PROVIDER_OR_REQUEST,,,2026-08-26,2026-08-26T06:32:35Z,https://api.openalex.org/works,https://api.openalex.org/works?search.exact=%22global+climate+models%22&per-page=1&select=id&filter=from_publication_date%3A1988-01-01%2Cto_publication_date%3A1988-12-31,EXACT_PHRASE,data/fear-temperature/priority180/search/raw/openalex/001ff270c019b110925dff02355af60b2732fbb1b2e7cc2f26622c0a26bc4809.json,e3b0c44298fc1c149afbf4c8996fb92427ae41e4649b934ca495991b7852b855,NOT_RUN_OPENALEX_DAILY_BUDGET_EXHAUSTED: shared provider response retained; no count fabricated.,FT-SEED-R1B-P-1988-12,1988,global climate models
OPENALEX,OPENALEX_WORK_COUNT,global climate models,"""global climate models""",CONTEXTUAL_ANCHOR,1986,1990,FAILED_PROVIDER_OR_REQUEST,,,2026-08-26,2026-08-26T06:32:35Z,https://api.openalex.org/works,https://api.openalex.org/works?search.exact=%22global+climate+models%22&per-page=1&select=id&filter=from_publication_date%3A1986-01-01%2Cto_publication_date%3A1990-12-31,EXACT_PHRASE,data/fear-temperature/priority180/search/raw/openalex/001ff270c019b110925dff02355af60b2732fbb1b2e7cc2f26622c0a26bc4809.json,e3b0c44298fc1c149afbf4c8996fb92427ae41e4649b934ca495991b7852b855,NOT_RUN_OPENALEX_DAILY_BUDGET_EXHAUSTED: shared provider response retained; no count fabricated.,FT-SEED-R1B-P-1988-12,1988,global climate models
GOOGLE_BOOKS_API,GOOGLE_BOOKS_TOTAL_ITEMS,global climate models,"""global climate models""",ALL_AVAILABLE,,,NOT_RUN_PROVIDER_QUOTA,,,2026-08-26,2026-08-26T06:34:48Z,https://www.googleapis.com/books/v1/volumes,https://www.googleapis.com/books/v1/volumes?q=%22global+climate+models%22&langRestrict=en&maxResults=1&printType=books,EXACT_PHRASE,data/fear-temperature/priority180/search/raw/google_books/provider_quota_probe.json,e3b0c44298fc1c149afbf4c8996fb92427ae41e4649b934ca495991b7852b855,Provider runtime probe returned project quota 0; no candidate count was fabricated. Internet Archive is the completed primary bounded source.,FT-SEED-R1B-P-1988-12,1988,global climate models
INTERNET_ARCHIVE,INTERNET_ARCHIVE_METADATA_TEXT_ITEM_COUNT,global observations,"""global observations"" AND mediatype:texts",ALL_AVAILABLE,,,COMPLETED_NONZERO,87,87,2026-08-26,2026-08-26T06:21:54Z,https://archive.org/advancedsearch.php,https://archive.org/advancedsearch.php?q=%22global+observations%22+AND+mediatype%3Atexts&fl%5B%5D=identifier&rows=0&page=1&output=json,EXACT_PHRASE,data/fear-temperature/priority180/search/raw/internet_archive/515d78d86526728da46df00776925e238ef078b76187fea04d341504357129f2.json,c399ba7ee27a320ced2fb2ed8a586a78cf699b5307e0e21cb4fd2da3ffe1614e,Metadata text-item count; not a full-text lexical frequency.,FT-SEED-R1B-P-1988-13,1988,global observations
INTERNET_ARCHIVE,INTERNET_ARCHIVE_METADATA_TEXT_ITEM_COUNT,global observations,"""global observations"" AND mediatype:texts AND date:[1988-01-01 TO 1988-12-31]",STRICT_ANCHOR,1988,1988,COMPLETED_ZERO,0,0,2026-08-26,2026-08-26T06:21:55Z,https://archive.org/advancedsearch.php,https://archive.org/advancedsearch.php?q=%22global+observations%22+AND+mediatype%3Atexts+AND+date%3A%5B1988-01-01+TO+1988-12-31%5D&fl%5B%5D=identifier&rows=0&page=1&output=json,EXACT_PHRASE,data/fear-temperature/priority180/search/raw/internet_archive/b8a1d427f779a129051da4147249d8abf8f16c11aeacb652a161a47fa6d6cfbf.json,f4b4106fbb7dddb4aa335f4d75122a32f4668f4c941e83faed9089aa8cc14cb8,Metadata text-item count; not a full-text lexical frequency.,FT-SEED-R1B-P-1988-13,1988,global observations
INTERNET_ARCHIVE,INTERNET_ARCHIVE_METADATA_TEXT_ITEM_COUNT,global observations,"""global observations"" AND mediatype:texts AND date:[1986-01-01 TO 1990-12-31]",CONTEXTUAL_ANCHOR,1986,1990,COMPLETED_NONZERO,2,2,2026-08-26,2026-08-26T06:21:56Z,https://archive.org/advancedsearch.php,https://archive.org/advancedsearch.php?q=%22global+observations%22+AND+mediatype%3Atexts+AND+date%3A%5B1986-01-01+TO+1990-12-31%5D&fl%5B%5D=identifier&rows=0&page=1&output=json,EXACT_PHRASE,data/fear-temperature/priority180/search/raw/internet_archive/cdc0e47a0c5f8b0559bd57bf1839f7259c5630d8737d379466bf15e7fa625725.json,b03092211d708a6636c1ff1b6d337c4934807de93f7505f407b5575bdb47c889,Metadata text-item count; not a full-text lexical frequency.,FT-SEED-R1B-P-1988-13,1988,global observations
OPENALEX,OPENALEX_WORK_COUNT,global observations,"""global observations""",ALL_AVAILABLE,,,FAILED_PROVIDER_OR_REQUEST,,,2026-08-26,2026-08-26T06:32:35Z,https://api.openalex.org/works,https://api.openalex.org/works?search.exact=%22global+observations%22&per-page=1&select=id,EXACT_PHRASE,data/fear-temperature/priority180/search/raw/openalex/001ff270c019b110925dff02355af60b2732fbb1b2e7cc2f26622c0a26bc4809.json,e3b0c44298fc1c149afbf4c8996fb92427ae41e4649b934ca495991b7852b855,NOT_RUN_OPENALEX_DAILY_BUDGET_EXHAUSTED: shared provider response retained; no count fabricated.,FT-SEED-R1B-P-1988-13,1988,global observations
OPENALEX,OPENALEX_WORK_COUNT,global observations,"""global observations""",STRICT_ANCHOR,1988,1988,FAILED_PROVIDER_OR_REQUEST,,,2026-08-26,2026-08-26T06:32:35Z,https://api.openalex.org/works,https://api.openalex.org/works?search.exact=%22global+observations%22&per-page=1&select=id&filter=from_publication_date%3A1988-01-01%2Cto_publication_date%3A1988-12-31,EXACT_PHRASE,data/fear-temperature/priority180/search/raw/openalex/001ff270c019b110925dff02355af60b2732fbb1b2e7cc2f26622c0a26bc4809.json,e3b0c44298fc1c149afbf4c8996fb92427ae41e4649b934ca495991b7852b855,NOT_RUN_OPENALEX_DAILY_BUDGET_EXHAUSTED: shared provider response retained; no count fabricated.,FT-SEED-R1B-P-1988-13,1988,global observations
OPENALEX,OPENALEX_WORK_COUNT,global observations,"""global observations""",CONTEXTUAL_ANCHOR,1986,1990,FAILED_PROVIDER_OR_REQUEST,,,2026-08-26,2026-08-26T06:32:35Z,https://api.openalex.org/works,https://api.openalex.org/works?search.exact=%22global+observations%22&per-page=1&select=id&filter=from_publication_date%3A1986-01-01%2Cto_publication_date%3A1990-12-31,EXACT_PHRASE,data/fear-temperature/priority180/search/raw/openalex/001ff270c019b110925dff02355af60b2732fbb1b2e7cc2f26622c0a26bc4809.json,e3b0c44298fc1c149afbf4c8996fb92427ae41e4649b934ca495991b7852b855,NOT_RUN_OPENALEX_DAILY_BUDGET_EXHAUSTED: shared provider response retained; no count fabricated.,FT-SEED-R1B-P-1988-13,1988,global observations
GOOGLE_BOOKS_API,GOOGLE_BOOKS_TOTAL_ITEMS,global observations,"""global observations""",ALL_AVAILABLE,,,NOT_RUN_PROVIDER_QUOTA,,,2026-08-26,2026-08-26T06:34:48Z,https://www.googleapis.com/books/v1/volumes,https://www.googleapis.com/books/v1/volumes?q=%22global+observations%22&langRestrict=en&maxResults=1&printType=books,EXACT_PHRASE,data/fear-temperature/priority180/search/raw/google_books/provider_quota_probe.json,e3b0c44298fc1c149afbf4c8996fb92427ae41e4649b934ca495991b7852b855,Provider runtime probe returned project quota 0; no candidate count was fabricated. Internet Archive is the completed primary bounded source.,FT-SEED-R1B-P-1988-13,1988,global observations
INTERNET_ARCHIVE,INTERNET_ARCHIVE_METADATA_TEXT_ITEM_COUNT,warm air,"""warm air"" AND mediatype:texts",ALL_AVAILABLE,,,COMPLETED_NONZERO,376,376,2026-08-26,2026-08-26T06:26:42Z,https://archive.org/advancedsearch.php,https://archive.org/advancedsearch.php?q=%22warm+air%22+AND+mediatype%3Atexts&fl%5B%5D=identifier&rows=0&page=1&output=json,EXACT_PHRASE,data/fear-temperature/priority180/search/raw/internet_archive/7e346e614a1a7580df08c4700a1d1a161d4ffb4845f43691ccd9476364a747d5.json,b2f2a35974f75a8b865be534538ba4c46fcec080ff761d535dcace15697b8672,Metadata text-item count; not a full-text lexical frequency.,FT-SEED-R1B-P-1988-14,1988,warm air
INTERNET_ARCHIVE,INTERNET_ARCHIVE_METADATA_TEXT_ITEM_COUNT,warm air,"""warm air"" AND mediatype:texts AND date:[1988-01-01 TO 1988-12-31]",STRICT_ANCHOR,1988,1988,COMPLETED_NONZERO,2,2,2026-08-26,2026-08-26T06:26:43Z,https://archive.org/advancedsearch.php,https://archive.org/advancedsearch.php?q=%22warm+air%22+AND+mediatype%3Atexts+AND+date%3A%5B1988-01-01+TO+1988-12-31%5D&fl%5B%5D=identifier&rows=0&page=1&output=json,EXACT_PHRASE,data/fear-temperature/priority180/search/raw/internet_archive/4a69f0a9b01224bea8fd41b52da4412b85254a4fb1baa8eaca21031c0ee604a0.json,d5759269d51dee0c23a413afd2bab61bcb22de8c6800c6b542a163194abaa461,Metadata text-item count; not a full-text lexical frequency.,FT-SEED-R1B-P-1988-14,1988,warm air
INTERNET_ARCHIVE,INTERNET_ARCHIVE_METADATA_TEXT_ITEM_COUNT,warm air,"""warm air"" AND mediatype:texts AND date:[1986-01-01 TO 1990-12-31]",CONTEXTUAL_ANCHOR,1986,1990,COMPLETED_NONZERO,13,13,2026-08-26,2026-08-26T06:26:44Z,https://archive.org/advancedsearch.php,https://archive.org/advancedsearch.php?q=%22warm+air%22+AND+mediatype%3Atexts+AND+date%3A%5B1986-01-01+TO+1990-12-31%5D&fl%5B%5D=identifier&rows=0&page=1&output=json,EXACT_PHRASE,data/fear-temperature/priority180/search/raw/internet_archive/c61e5359adf23a8c3ebaab3a9c76782891f5f5969879db76d617fe74e3b8f5d9.json,7aef93f68a38f06bb6095a87116ee60a042375e5760aed0dfb24142dbde5995b,Metadata text-item count; not a full-text lexical frequency.,FT-SEED-R1B-P-1988-14,1988,warm air
OPENALEX,OPENALEX_WORK_COUNT,warm air,"""warm air""",ALL_AVAILABLE,,,FAILED_PROVIDER_OR_REQUEST,,,2026-08-26,2026-08-26T06:32:35Z,https://api.openalex.org/works,https://api.openalex.org/works?search.exact=%22warm+air%22&per-page=1&select=id,EXACT_PHRASE,data/fear-temperature/priority180/search/raw/openalex/001ff270c019b110925dff02355af60b2732fbb1b2e7cc2f26622c0a26bc4809.json,e3b0c44298fc1c149afbf4c8996fb92427ae41e4649b934ca495991b7852b855,NOT_RUN_OPENALEX_DAILY_BUDGET_EXHAUSTED: shared provider response retained; no count fabricated.,FT-SEED-R1B-P-1988-14,1988,warm air
OPENALEX,OPENALEX_WORK_COUNT,warm air,"""warm air""",STRICT_ANCHOR,1988,1988,FAILED_PROVIDER_OR_REQUEST,,,2026-08-26,2026-08-26T06:32:35Z,https://api.openalex.org/works,https://api.openalex.org/works?search.exact=%22warm+air%22&per-page=1&select=id&filter=from_publication_date%3A1988-01-01%2Cto_publication_date%3A1988-12-31,EXACT_PHRASE,data/fear-temperature/priority180/search/raw/openalex/001ff270c019b110925dff02355af60b2732fbb1b2e7cc2f26622c0a26bc4809.json,e3b0c44298fc1c149afbf4c8996fb92427ae41e4649b934ca495991b7852b855,NOT_RUN_OPENALEX_DAILY_BUDGET_EXHAUSTED: shared provider response retained; no count fabricated.,FT-SEED-R1B-P-1988-14,1988,warm air
OPENALEX,OPENALEX_WORK_COUNT,warm air,"""warm air""",CONTEXTUAL_ANCHOR,1986,1990,FAILED_PROVIDER_OR_REQUEST,,,2026-08-26,2026-08-26T06:32:35Z,https://api.openalex.org/works,https://api.openalex.org/works?search.exact=%22warm+air%22&per-page=1&select=id&filter=from_publication_date%3A1986-01-01%2Cto_publication_date%3A1990-12-31,EXACT_PHRASE,data/fear-temperature/priority180/search/raw/openalex/001ff270c019b110925dff02355af60b2732fbb1b2e7cc2f26622c0a26bc4809.json,e3b0c44298fc1c149afbf4c8996fb92427ae41e4649b934ca495991b7852b855,NOT_RUN_OPENALEX_DAILY_BUDGET_EXHAUSTED: shared provider response retained; no count fabricated.,FT-SEED-R1B-P-1988-14,1988,warm air
GOOGLE_BOOKS_API,GOOGLE_BOOKS_TOTAL_ITEMS,warm air,"""warm air""",ALL_AVAILABLE,,,NOT_RUN_PROVIDER_QUOTA,,,2026-08-26,2026-08-26T06:34:48Z,https://www.googleapis.com/books/v1/volumes,https://www.googleapis.com/books/v1/volumes?q=%22warm+air%22&langRestrict=en&maxResults=1&printType=books,EXACT_PHRASE,data/fear-temperature/priority180/search/raw/google_books/provider_quota_probe.json,e3b0c44298fc1c149afbf4c8996fb92427ae41e4649b934ca495991b7852b855,Provider runtime probe returned project quota 0; no candidate count was fabricated. Internet Archive is the completed primary bounded source.,FT-SEED-R1B-P-1988-14,1988,warm air
INTERNET_ARCHIVE,INTERNET_ARCHIVE_METADATA_TEXT_ITEM_COUNT,changing atmosphere,"""changing atmosphere"" AND mediatype:texts",ALL_AVAILABLE,,,COMPLETED_NONZERO,37,37,2026-08-26,2026-08-26T06:19:45Z,https://archive.org/advancedsearch.php,https://archive.org/advancedsearch.php?q=%22changing+atmosphere%22+AND+mediatype%3Atexts&fl%5B%5D=identifier&rows=0&page=1&output=json,EXACT_PHRASE,data/fear-temperature/priority180/search/raw/internet_archive/df6895491b7df988e0aa4160f5caaac0c8ad2ad4b93f614ae1088bd4f83d53d3.json,7156572a036ba6b0bd68730845daabb827e77a88a68e85bb5e73b53859b68e83,Metadata text-item count; not a full-text lexical frequency.,FT-SEED-R1B-P-1988-15,1988,changing atmosphere
INTERNET_ARCHIVE,INTERNET_ARCHIVE_METADATA_TEXT_ITEM_COUNT,changing atmosphere,"""changing atmosphere"" AND mediatype:texts AND date:[1988-01-01 TO 1988-12-31]",STRICT_ANCHOR,1988,1988,COMPLETED_NONZERO,2,2,2026-08-26,2026-08-26T06:19:46Z,https://archive.org/advancedsearch.php,https://archive.org/advancedsearch.php?q=%22changing+atmosphere%22+AND+mediatype%3Atexts+AND+date%3A%5B1988-01-01+TO+1988-12-31%5D&fl%5B%5D=identifier&rows=0&page=1&output=json,EXACT_PHRASE,data/fear-temperature/priority180/search/raw/internet_archive/9781fbf0d073605049a72176b2363c29fbc270871a13fc6eb08fedb97f455553.json,620dd29d85465a87dc2f80a3e8e0c716bf978c9be0a44685bb413cd26a9b5370,Metadata text-item count; not a full-text lexical frequency.,FT-SEED-R1B-P-1988-15,1988,changing atmosphere
INTERNET_ARCHIVE,INTERNET_ARCHIVE_METADATA_TEXT_ITEM_COUNT,changing atmosphere,"""changing atmosphere"" AND mediatype:texts AND date:[1986-01-01 TO 1990-12-31]",CONTEXTUAL_ANCHOR,1986,1990,COMPLETED_NONZERO,8,8,2026-08-26,2026-08-26T06:19:47Z,https://archive.org/advancedsearch.php,https://archive.org/advancedsearch.php?q=%22changing+atmosphere%22+AND+mediatype%3Atexts+AND+date%3A%5B1986-01-01+TO+1990-12-31%5D&fl%5B%5D=identifier&rows=0&page=1&output=json,EXACT_PHRASE,data/fear-temperature/priority180/search/raw/internet_archive/1b05d9962fcd8f8347482fe4b5af8abcd13f67a4afe0c59aad898be600acd3af.json,441af8dd1c34d3b3f80ec1906f1aaa0f269c2efdf5fbb330f0fa338ab6973c94,Metadata text-item count; not a full-text lexical frequency.,FT-SEED-R1B-P-1988-15,1988,changing atmosphere
OPENALEX,OPENALEX_WORK_COUNT,changing atmosphere,"""changing atmosphere""",ALL_AVAILABLE,,,COMPLETED_NONZERO,2410,2410,2026-08-26,2026-08-26T06:28:18Z,https://api.openalex.org/works,https://api.openalex.org/works?search.exact=%22changing+atmosphere%22&per-page=1&select=id,EXACT_PHRASE,data/fear-temperature/priority180/search/raw/openalex/7164fd96b25b739493f9ea4b20001151299d8513ea7ea6c5ae5ec80493432dae.json,52c46e291f1db583ba2730e06aa19ab40fed9e8c27cadefb8d3df01c55a883df,Scholarly work discoverability count over OpenAlex search fields; not a corpus word frequency.,FT-SEED-R1B-P-1988-15,1988,changing atmosphere
OPENALEX,OPENALEX_WORK_COUNT,changing atmosphere,"""changing atmosphere""",STRICT_ANCHOR,1988,1988,COMPLETED_NONZERO,14,14,2026-08-26,2026-08-26T06:28:18Z,https://api.openalex.org/works,https://api.openalex.org/works?search.exact=%22changing+atmosphere%22&per-page=1&select=id&filter=from_publication_date%3A1988-01-01%2Cto_publication_date%3A1988-12-31,EXACT_PHRASE,data/fear-temperature/priority180/search/raw/openalex/24f2a22b7f536714bc489c760cf913c2cc893fd841c3697e0b50f303fec5bf8b.json,007d81648530b93923c5bfd851fcb4b5cbc8ffff9a29c6ecfbc6bd2e2d07d8b4,Scholarly work discoverability count over OpenAlex search fields; not a corpus word frequency.,FT-SEED-R1B-P-1988-15,1988,changing atmosphere
OPENALEX,OPENALEX_WORK_COUNT,changing atmosphere,"""changing atmosphere""",CONTEXTUAL_ANCHOR,1986,1990,COMPLETED_NONZERO,85,85,2026-08-26,2026-08-26T06:28:19Z,https://api.openalex.org/works,https://api.openalex.org/works?search.exact=%22changing+atmosphere%22&per-page=1&select=id&filter=from_publication_date%3A1986-01-01%2Cto_publication_date%3A1990-12-31,EXACT_PHRASE,data/fear-temperature/priority180/search/raw/openalex/e43b3c85b6570c00f5c4e2738d913d8542025a1c8a1f6de1c29e92e63eb1bbeb.json,d9711a951d8288bef3cf672453cf5a83b001afeaa636ef6b6b51808b3799fdfb,Scholarly work discoverability count over OpenAlex search fields; not a corpus word frequency.,FT-SEED-R1B-P-1988-15,1988,changing atmosphere
GOOGLE_BOOKS_API,GOOGLE_BOOKS_TOTAL_ITEMS,changing atmosphere,"""changing atmosphere""",ALL_AVAILABLE,,,NOT_RUN_PROVIDER_QUOTA,,,2026-08-26,2026-08-26T06:34:48Z,https://www.googleapis.com/books/v1/volumes,https://www.googleapis.com/books/v1/volumes?q=%22changing+atmosphere%22&langRestrict=en&maxResults=1&printType=books,EXACT_PHRASE,data/fear-temperature/priority180/search/raw/google_books/provider_quota_probe.json,e3b0c44298fc1c149afbf4c8996fb92427ae41e4649b934ca495991b7852b855,Provider runtime probe returned project quota 0; no candidate count was fabricated. Internet Archive is the completed primary bounded source.,FT-SEED-R1B-P-1988-15,1988,changing atmosphere
INTERNET_ARCHIVE,INTERNET_ARCHIVE_METADATA_TEXT_ITEM_COUNT,global security,"""global security"" AND mediatype:texts",ALL_AVAILABLE,,,COMPLETED_NONZERO,946,946,2026-08-26,2026-08-26T06:21:57Z,https://archive.org/advancedsearch.php,https://archive.org/advancedsearch.php?q=%22global+security%22+AND+mediatype%3Atexts&fl%5B%5D=identifier&rows=0&page=1&output=json,EXACT_PHRASE,data/fear-temperature/priority180/search/raw/internet_archive/d5870b644c1885a6dd414c001e58fb130cf0a2765f2a706f44000c028bfd46e3.json,ac363a40aba5e128790e664cd396edfba1ba503dad69afd98a43198adb99fab2,Metadata text-item count; not a full-text lexical frequency.,FT-SEED-R1B-P-1988-16,1988,global security
INTERNET_ARCHIVE,INTERNET_ARCHIVE_METADATA_TEXT_ITEM_COUNT,global security,"""global security"" AND mediatype:texts AND date:[1988-01-01 TO 1988-12-31]",STRICT_ANCHOR,1988,1988,COMPLETED_NONZERO,12,12,2026-08-26,2026-08-26T06:21:58Z,https://archive.org/advancedsearch.php,https://archive.org/advancedsearch.php?q=%22global+security%22+AND+mediatype%3Atexts+AND+date%3A%5B1988-01-01+TO+1988-12-31%5D&fl%5B%5D=identifier&rows=0&page=1&output=json,EXACT_PHRASE,data/fear-temperature/priority180/search/raw/internet_archive/5147357b9ce203fa6e3fe44890e0cd9bef4f606d7e45ca9387fb1a2c666773f7.json,ee80f86f5591b7ba1208ecba09738f4eae5b2a5b7da9b5601804cb412b4127e8,Metadata text-item count; not a full-text lexical frequency.,FT-SEED-R1B-P-1988-16,1988,global security
INTERNET_ARCHIVE,INTERNET_ARCHIVE_METADATA_TEXT_ITEM_COUNT,global security,"""global security"" AND mediatype:texts AND date:[1986-01-01 TO 1990-12-31]",CONTEXTUAL_ANCHOR,1986,1990,COMPLETED_NONZERO,44,44,2026-08-26,2026-08-26T06:21:59Z,https://archive.org/advancedsearch.php,https://archive.org/advancedsearch.php?q=%22global+security%22+AND+mediatype%3Atexts+AND+date%3A%5B1986-01-01+TO+1990-12-31%5D&fl%5B%5D=identifier&rows=0&page=1&output=json,EXACT_PHRASE,data/fear-temperature/priority180/search/raw/internet_archive/cc5f6f9f6170066c6f047b6fe693cb8823ff21681f4d486a175c1ab0b843a7d1.json,89e98a796809e1086b8d65570d52f6f6881cc127fd4171feceb2d329c91347e5,Metadata text-item count; not a full-text lexical frequency.,FT-SEED-R1B-P-1988-16,1988,global security
OPENALEX,OPENALEX_WORK_COUNT,global security,"""global security""",ALL_AVAILABLE,,,FAILED_PROVIDER_OR_REQUEST,,,2026-08-26,2026-08-26T06:32:35Z,https://api.openalex.org/works,https://api.openalex.org/works?search.exact=%22global+security%22&per-page=1&select=id,EXACT_PHRASE,data/fear-temperature/priority180/search/raw/openalex/001ff270c019b110925dff02355af60b2732fbb1b2e7cc2f26622c0a26bc4809.json,e3b0c44298fc1c149afbf4c8996fb92427ae41e4649b934ca495991b7852b855,NOT_RUN_OPENALEX_DAILY_BUDGET_EXHAUSTED: shared provider response retained; no count fabricated.,FT-SEED-R1B-P-1988-16,1988,global security
OPENALEX,OPENALEX_WORK_COUNT,global security,"""global security""",STRICT_ANCHOR,1988,1988,FAILED_PROVIDER_OR_REQUEST,,,2026-08-26,2026-08-26T06:32:35Z,https://api.openalex.org/works,https://api.openalex.org/works?search.exact=%22global+security%22&per-page=1&select=id&filter=from_publication_date%3A1988-01-01%2Cto_publication_date%3A1988-12-31,EXACT_PHRASE,data/fear-temperature/priority180/search/raw/openalex/001ff270c019b110925dff02355af60b2732fbb1b2e7cc2f26622c0a26bc4809.json,e3b0c44298fc1c149afbf4c8996fb92427ae41e4649b934ca495991b7852b855,NOT_RUN_OPENALEX_DAILY_BUDGET_EXHAUSTED: shared provider response retained; no count fabricated.,FT-SEED-R1B-P-1988-16,1988,global security
OPENALEX,OPENALEX_WORK_COUNT,global security,"""global security""",CONTEXTUAL_ANCHOR,1986,1990,FAILED_PROVIDER_OR_REQUEST,,,2026-08-26,2026-08-26T06:32:35Z,https://api.openalex.org/works,https://api.openalex.org/works?search.exact=%22global+security%22&per-page=1&select=id&filter=from_publication_date%3A1986-01-01%2Cto_publication_date%3A1990-12-31,EXACT_PHRASE,data/fear-temperature/priority180/search/raw/openalex/001ff270c019b110925dff02355af60b2732fbb1b2e7cc2f26622c0a26bc4809.json,e3b0c44298fc1c149afbf4c8996fb92427ae41e4649b934ca495991b7852b855,NOT_RUN_OPENALEX_DAILY_BUDGET_EXHAUSTED: shared provider response retained; no count fabricated.,FT-SEED-R1B-P-1988-16,1988,global security
GOOGLE_BOOKS_API,GOOGLE_BOOKS_TOTAL_ITEMS,global security,"""global security""",ALL_AVAILABLE,,,NOT_RUN_PROVIDER_QUOTA,,,2026-08-26,2026-08-26T06:34:48Z,https://www.googleapis.com/books/v1/volumes,https://www.googleapis.com/books/v1/volumes?q=%22global+security%22&langRestrict=en&maxResults=1&printType=books,EXACT_PHRASE,data/fear-temperature/priority180/search/raw/google_books/provider_quota_probe.json,e3b0c44298fc1c149afbf4c8996fb92427ae41e4649b934ca495991b7852b855,Provider runtime probe returned project quota 0; no candidate count was fabricated. Internet Archive is the completed primary bounded source.,FT-SEED-R1B-P-1988-16,1988,global security
INTERNET_ARCHIVE,INTERNET_ARCHIVE_METADATA_TEXT_ITEM_COUNT,climate warming,"""climate warming"" AND mediatype:texts",ALL_AVAILABLE,,,COMPLETED_NONZERO,237,237,2026-08-26,2026-08-26T06:20:06Z,https://archive.org/advancedsearch.php,https://archive.org/advancedsearch.php?q=%22climate+warming%22+AND+mediatype%3Atexts&fl%5B%5D=identifier&rows=0&page=1&output=json,EXACT_PHRASE,data/fear-temperature/priority180/search/raw/internet_archive/5b99c5c413544af6030f51f1ae0d100836319d7d76c3c1f918e09f66079c2700.json,4b0fae107d08a04fadbdb4d602cdf06f0ea3cf55820a910a3c254866c95498e8,Metadata text-item count; not a full-text lexical frequency.,FT-SEED-R1B-P-1988-17,1988,climate warming
INTERNET_ARCHIVE,INTERNET_ARCHIVE_METADATA_TEXT_ITEM_COUNT,climate warming,"""climate warming"" AND mediatype:texts AND date:[1988-01-01 TO 1988-12-31]",STRICT_ANCHOR,1988,1988,COMPLETED_NONZERO,1,1,2026-08-26,2026-08-26T06:20:08Z,https://archive.org/advancedsearch.php,https://archive.org/advancedsearch.php?q=%22climate+warming%22+AND+mediatype%3Atexts+AND+date%3A%5B1988-01-01+TO+1988-12-31%5D&fl%5B%5D=identifier&rows=0&page=1&output=json,EXACT_PHRASE,data/fear-temperature/priority180/search/raw/internet_archive/83874a1007114120b118d37506ffb87d18e3d6c5e9ca6d4cc25c44434854f9e6.json,02515ce2def812d5da82565ac9e651a697e1f9516d83eecf133f730ccca5c4c5,Metadata text-item count; not a full-text lexical frequency.,FT-SEED-R1B-P-1988-17,1988,climate warming
INTERNET_ARCHIVE,INTERNET_ARCHIVE_METADATA_TEXT_ITEM_COUNT,climate warming,"""climate warming"" AND mediatype:texts AND date:[1986-01-01 TO 1990-12-31]",CONTEXTUAL_ANCHOR,1986,1990,COMPLETED_NONZERO,5,5,2026-08-26,2026-08-26T06:20:09Z,https://archive.org/advancedsearch.php,https://archive.org/advancedsearch.php?q=%22climate+warming%22+AND+mediatype%3Atexts+AND+date%3A%5B1986-01-01+TO+1990-12-31%5D&fl%5B%5D=identifier&rows=0&page=1&output=json,EXACT_PHRASE,data/fear-temperature/priority180/search/raw/internet_archive/b419cd2465b6a657814f6b5ec2857727bf503c971876f8f4029c23f53e7dfea9.json,e6df0107a90a2322760775f449758acd144a8a8256757ed644698f05f85f17f9,Metadata text-item count; not a full-text lexical frequency.,FT-SEED-R1B-P-1988-17,1988,climate warming
OPENALEX,OPENALEX_WORK_COUNT,climate warming,"""climate warming""",ALL_AVAILABLE,,,COMPLETED_NONZERO,106345,106345,2026-08-26,2026-08-26T06:28:31Z,https://api.openalex.org/works,https://api.openalex.org/works?search.exact=%22climate+warming%22&per-page=1&select=id,EXACT_PHRASE,data/fear-temperature/priority180/search/raw/openalex/8d90214fbfa4a1428d73a644ad1bf9858f6f60186b848f5cc54675172272a87a.json,626d6aecec040102dc75ea5d78a65548455a86ff7e86e2666987a88e1a19a2ba,Scholarly work discoverability count over OpenAlex search fields; not a corpus word frequency.,FT-SEED-R1B-P-1988-17,1988,climate warming
OPENALEX,OPENALEX_WORK_COUNT,climate warming,"""climate warming""",STRICT_ANCHOR,1988,1988,COMPLETED_NONZERO,19,19,2026-08-26,2026-08-26T06:28:31Z,https://api.openalex.org/works,https://api.openalex.org/works?search.exact=%22climate+warming%22&per-page=1&select=id&filter=from_publication_date%3A1988-01-01%2Cto_publication_date%3A1988-12-31,EXACT_PHRASE,data/fear-temperature/priority180/search/raw/openalex/a252bcb8c97df0e2c1378d522dd45923f540635701e6b7ef85a0b7abaa79d745.json,986a71c963eb405aa4c20f1b94e33b1e9cca26ed8ba22814e1deb95091a87e6e,Scholarly work discoverability count over OpenAlex search fields; not a corpus word frequency.,FT-SEED-R1B-P-1988-17,1988,climate warming
OPENALEX,OPENALEX_WORK_COUNT,climate warming,"""climate warming""",CONTEXTUAL_ANCHOR,1986,1990,COMPLETED_NONZERO,112,112,2026-08-26,2026-08-26T06:28:32Z,https://api.openalex.org/works,https://api.openalex.org/works?search.exact=%22climate+warming%22&per-page=1&select=id&filter=from_publication_date%3A1986-01-01%2Cto_publication_date%3A1990-12-31,EXACT_PHRASE,data/fear-temperature/priority180/search/raw/openalex/3fdd89a6947aaf36ea9faf6ece6fd051f610270c7adf1a58f6fca1260a2ada94.json,b42aefbb4a33543b23c42c0439f4a2d48b98518519a2ae116077b178fbba1372,Scholarly work discoverability count over OpenAlex search fields; not a corpus word frequency.,FT-SEED-R1B-P-1988-17,1988,climate warming
GOOGLE_BOOKS_API,GOOGLE_BOOKS_TOTAL_ITEMS,climate warming,"""climate warming""",ALL_AVAILABLE,,,NOT_RUN_PROVIDER_QUOTA,,,2026-08-26,2026-08-26T06:34:48Z,https://www.googleapis.com/books/v1/volumes,https://www.googleapis.com/books/v1/volumes?q=%22climate+warming%22&langRestrict=en&maxResults=1&printType=books,EXACT_PHRASE,data/fear-temperature/priority180/search/raw/google_books/provider_quota_probe.json,e3b0c44298fc1c149afbf4c8996fb92427ae41e4649b934ca495991b7852b855,Provider runtime probe returned project quota 0; no candidate count was fabricated. Internet Archive is the completed primary bounded source.,FT-SEED-R1B-P-1988-17,1988,climate warming
INTERNET_ARCHIVE,INTERNET_ARCHIVE_METADATA_TEXT_ITEM_COUNT,changed climatic extremes,"""changed climatic extremes"" AND mediatype:texts",ALL_AVAILABLE,,,COMPLETED_ZERO,0,0,2026-08-26,2026-08-26T06:19:39Z,https://archive.org/advancedsearch.php,https://archive.org/advancedsearch.php?q=%22changed+climatic+extremes%22+AND+mediatype%3Atexts&fl%5B%5D=identifier&rows=0&page=1&output=json,EXACT_PHRASE,data/fear-temperature/priority180/search/raw/internet_archive/c7b34509b1000cabc13c27d0ccd72aedd2ae306cb15cd29d5392f657dc2d5ee8.json,7acb2e2a3ebede810f581e6abc3e7f40aba02f6ca1c54e84af7a0c9b4e119d04,Metadata text-item count; not a full-text lexical frequency.,FT-SEED-R1B-P-1988-18,1988,changed climatic extremes
INTERNET_ARCHIVE,INTERNET_ARCHIVE_METADATA_TEXT_ITEM_COUNT,changed climatic extremes,"""changed climatic extremes"" AND mediatype:texts AND date:[1988-01-01 TO 1988-12-31]",STRICT_ANCHOR,1988,1988,COMPLETED_ZERO,0,0,2026-08-26,2026-08-26T06:19:40Z,https://archive.org/advancedsearch.php,https://archive.org/advancedsearch.php?q=%22changed+climatic+extremes%22+AND+mediatype%3Atexts+AND+date%3A%5B1988-01-01+TO+1988-12-31%5D&fl%5B%5D=identifier&rows=0&page=1&output=json,EXACT_PHRASE,data/fear-temperature/priority180/search/raw/internet_archive/5cc8b1895c1b0e231829487578cc182dbfce14d163b6af825f799bfa1d199916.json,db1085e9c686468bcfc3572d0f8ac300038dc405d97146fc1cff8df5a71d557c,Metadata text-item count; not a full-text lexical frequency.,FT-SEED-R1B-P-1988-18,1988,changed climatic extremes
INTERNET_ARCHIVE,INTERNET_ARCHIVE_METADATA_TEXT_ITEM_COUNT,changed climatic extremes,"""changed climatic extremes"" AND mediatype:texts AND date:[1986-01-01 TO 1990-12-31]",CONTEXTUAL_ANCHOR,1986,1990,COMPLETED_ZERO,0,0,2026-08-26,2026-08-26T06:19:41Z,https://archive.org/advancedsearch.php,https://archive.org/advancedsearch.php?q=%22changed+climatic+extremes%22+AND+mediatype%3Atexts+AND+date%3A%5B1986-01-01+TO+1990-12-31%5D&fl%5B%5D=identifier&rows=0&page=1&output=json,EXACT_PHRASE,data/fear-temperature/priority180/search/raw/internet_archive/1d69a7442dc3ed4f1baeb75ee4c8d25ec05a5ff3bd5441e3d41941b48832d780.json,632c02f941f2772ea1c81fe924f62e0801b5877b340ae15c212f248c76083389,Metadata text-item count; not a full-text lexical frequency.,FT-SEED-R1B-P-1988-18,1988,changed climatic extremes
OPENALEX,OPENALEX_WORK_COUNT,changed climatic extremes,"""changed climatic extremes""",ALL_AVAILABLE,,,COMPLETED_NONZERO,1,1,2026-08-26,2026-08-26T06:28:11Z,https://api.openalex.org/works,https://api.openalex.org/works?search.exact=%22changed+climatic+extremes%22&per-page=1&select=id,EXACT_PHRASE,data/fear-temperature/priority180/search/raw/openalex/c97249d34fd93ae0518b39c0abce64cd8e40fb7be9ffb8b45c1bce1047af2eef.json,1112d61754b56d0d3bd38e8f2a5d4c5393d07c82ce7454ed4df3987794d7b6c1,Scholarly work discoverability count over OpenAlex search fields; not a corpus word frequency.,FT-SEED-R1B-P-1988-18,1988,changed climatic extremes
OPENALEX,OPENALEX_WORK_COUNT,changed climatic extremes,"""changed climatic extremes""",STRICT_ANCHOR,1988,1988,COMPLETED_ZERO,0,0,2026-08-26,2026-08-26T06:28:12Z,https://api.openalex.org/works,https://api.openalex.org/works?search.exact=%22changed+climatic+extremes%22&per-page=1&select=id&filter=from_publication_date%3A1988-01-01%2Cto_publication_date%3A1988-12-31,EXACT_PHRASE,data/fear-temperature/priority180/search/raw/openalex/d2275d83ca3747d9e2dcd0df3995f346b6e1962e3f5be946f82a79ba3ff7be5a.json,0d748f3bb1aa5cb1ecef5c10864a84283a070f6bde9c2f3d3f876c6c14a052f8,Scholarly work discoverability count over OpenAlex search fields; not a corpus word frequency.,FT-SEED-R1B-P-1988-18,1988,changed climatic extremes
OPENALEX,OPENALEX_WORK_COUNT,changed climatic extremes,"""changed climatic extremes""",CONTEXTUAL_ANCHOR,1986,1990,COMPLETED_ZERO,0,0,2026-08-26,2026-08-26T06:28:12Z,https://api.openalex.org/works,https://api.openalex.org/works?search.exact=%22changed+climatic+extremes%22&per-page=1&select=id&filter=from_publication_date%3A1986-01-01%2Cto_publication_date%3A1990-12-31,EXACT_PHRASE,data/fear-temperature/priority180/search/raw/openalex/386c473395b8d398fb481becbb8ee0755eafbbbe7e97c7607e8810f9f85f6db9.json,02f4cd57a7a9f9afea0cb16814c9c4de498b8646d5466ebd5ddb42dd0f0dc5dc,Scholarly work discoverability count over OpenAlex search fields; not a corpus word frequency.,FT-SEED-R1B-P-1988-18,1988,changed climatic extremes
GOOGLE_BOOKS_API,GOOGLE_BOOKS_TOTAL_ITEMS,changed climatic extremes,"""changed climatic extremes""",ALL_AVAILABLE,,,NOT_RUN_PROVIDER_QUOTA,,,2026-08-26,2026-08-26T06:34:48Z,https://www.googleapis.com/books/v1/volumes,https://www.googleapis.com/books/v1/volumes?q=%22changed+climatic+extremes%22&langRestrict=en&maxResults=1&printType=books,EXACT_PHRASE,data/fear-temperature/priority180/search/raw/google_books/provider_quota_probe.json,e3b0c44298fc1c149afbf4c8996fb92427ae41e4649b934ca495991b7852b855,Provider runtime probe returned project quota 0; no candidate count was fabricated. Internet Archive is the completed primary bounded source.,FT-SEED-R1B-P-1988-18,1988,changed climatic extremes
INTERNET_ARCHIVE,INTERNET_ARCHIVE_METADATA_TEXT_ITEM_COUNT,major threat,"""major threat"" AND mediatype:texts",ALL_AVAILABLE,,,COMPLETED_NONZERO,659,659,2026-08-26,2026-08-26T06:23:40Z,https://archive.org/advancedsearch.php,https://archive.org/advancedsearch.php?q=%22major+threat%22+AND+mediatype%3Atexts&fl%5B%5D=identifier&rows=0&page=1&output=json,EXACT_PHRASE,data/fear-temperature/priority180/search/raw/internet_archive/d97c55f784d621284edbfeeace7c2e1fa6176985e4ffb7a674582302dec4c4c6.json,35d98540e84b9733c76d8b2a122e859c1bd98e9eb83c68966d0505a30c8a8c45,Metadata text-item count; not a full-text lexical frequency.,FT-SEED-R1B-P-1988-19,1988,major threat
INTERNET_ARCHIVE,INTERNET_ARCHIVE_METADATA_TEXT_ITEM_COUNT,major threat,"""major threat"" AND mediatype:texts AND date:[1988-01-01 TO 1988-12-31]",STRICT_ANCHOR,1988,1988,COMPLETED_NONZERO,16,16,2026-08-26,2026-08-26T06:23:41Z,https://archive.org/advancedsearch.php,https://archive.org/advancedsearch.php?q=%22major+threat%22+AND+mediatype%3Atexts+AND+date%3A%5B1988-01-01+TO+1988-12-31%5D&fl%5B%5D=identifier&rows=0&page=1&output=json,EXACT_PHRASE,data/fear-temperature/priority180/search/raw/internet_archive/8cb6d0f6049ac7920a61f8bee90dc65d364802fdf9f01d81f2c31f2d9ef2c085.json,924a128f8a29cfc8c838524b6671aa6516ae4ed5a8e4129985461930f65e005f,Metadata text-item count; not a full-text lexical frequency.,FT-SEED-R1B-P-1988-19,1988,major threat
INTERNET_ARCHIVE,INTERNET_ARCHIVE_METADATA_TEXT_ITEM_COUNT,major threat,"""major threat"" AND mediatype:texts AND date:[1986-01-01 TO 1990-12-31]",CONTEXTUAL_ANCHOR,1986,1990,COMPLETED_NONZERO,82,82,2026-08-26,2026-08-26T06:23:42Z,https://archive.org/advancedsearch.php,https://archive.org/advancedsearch.php?q=%22major+threat%22+AND+mediatype%3Atexts+AND+date%3A%5B1986-01-01+TO+1990-12-31%5D&fl%5B%5D=identifier&rows=0&page=1&output=json,EXACT_PHRASE,data/fear-temperature/priority180/search/raw/internet_archive/11f44379147fe5870475cb53a4f470b23832ef8ad2e02654df1c8417f3e1706d.json,62a7dd63210a77e80ca1bdef336218bb37b528b7e4bdab6bb922a10362702499,Metadata text-item count; not a full-text lexical frequency.,FT-SEED-R1B-P-1988-19,1988,major threat
OPENALEX,OPENALEX_WORK_COUNT,major threat,"""major threat""",ALL_AVAILABLE,,,FAILED_PROVIDER_OR_REQUEST,,,2026-08-26,2026-08-26T06:32:35Z,https://api.openalex.org/works,https://api.openalex.org/works?search.exact=%22major+threat%22&per-page=1&select=id,EXACT_PHRASE,data/fear-temperature/priority180/search/raw/openalex/001ff270c019b110925dff02355af60b2732fbb1b2e7cc2f26622c0a26bc4809.json,e3b0c44298fc1c149afbf4c8996fb92427ae41e4649b934ca495991b7852b855,NOT_RUN_OPENALEX_DAILY_BUDGET_EXHAUSTED: shared provider response retained; no count fabricated.,FT-SEED-R1B-P-1988-19,1988,major threat
OPENALEX,OPENALEX_WORK_COUNT,major threat,"""major threat""",STRICT_ANCHOR,1988,1988,FAILED_PROVIDER_OR_REQUEST,,,2026-08-26,2026-08-26T06:32:35Z,https://api.openalex.org/works,https://api.openalex.org/works?search.exact=%22major+threat%22&per-page=1&select=id&filter=from_publication_date%3A1988-01-01%2Cto_publication_date%3A1988-12-31,EXACT_PHRASE,data/fear-temperature/priority180/search/raw/openalex/001ff270c019b110925dff02355af60b2732fbb1b2e7cc2f26622c0a26bc4809.json,e3b0c44298fc1c149afbf4c8996fb92427ae41e4649b934ca495991b7852b855,NOT_RUN_OPENALEX_DAILY_BUDGET_EXHAUSTED: shared provider response retained; no count fabricated.,FT-SEED-R1B-P-1988-19,1988,major threat
OPENALEX,OPENALEX_WORK_COUNT,major threat,"""major threat""",CONTEXTUAL_ANCHOR,1986,1990,FAILED_PROVIDER_OR_REQUEST,,,2026-08-26,2026-08-26T06:32:35Z,https://api.openalex.org/works,https://api.openalex.org/works?search.exact=%22major+threat%22&per-page=1&select=id&filter=from_publication_date%3A1986-01-01%2Cto_publication_date%3A1990-12-31,EXACT_PHRASE,data/fear-temperature/priority180/search/raw/openalex/001ff270c019b110925dff02355af60b2732fbb1b2e7cc2f26622c0a26bc4809.json,e3b0c44298fc1c149afbf4c8996fb92427ae41e4649b934ca495991b7852b855,NOT_RUN_OPENALEX_DAILY_BUDGET_EXHAUSTED: shared provider response retained; no count fabricated.,FT-SEED-R1B-P-1988-19,1988,major threat
GOOGLE_BOOKS_API,GOOGLE_BOOKS_TOTAL_ITEMS,major threat,"""major threat""",ALL_AVAILABLE,,,NOT_RUN_PROVIDER_QUOTA,,,2026-08-26,2026-08-26T06:34:48Z,https://www.googleapis.com/books/v1/volumes,https://www.googleapis.com/books/v1/volumes?q=%22major+threat%22&langRestrict=en&maxResults=1&printType=books,EXACT_PHRASE,data/fear-temperature/priority180/search/raw/google_books/provider_quota_probe.json,e3b0c44298fc1c149afbf4c8996fb92427ae41e4649b934ca495991b7852b855,Provider runtime probe returned project quota 0; no candidate count was fabricated. Internet Archive is the completed primary bounded source.,FT-SEED-R1B-P-1988-19,1988,major threat
INTERNET_ARCHIVE,INTERNET_ARCHIVE_METADATA_TEXT_ITEM_COUNT,harmful consequences,"""harmful consequences"" AND mediatype:texts",ALL_AVAILABLE,,,COMPLETED_NONZERO,111,111,2026-08-26,2026-08-26T06:22:37Z,https://archive.org/advancedsearch.php,https://archive.org/advancedsearch.php?q=%22harmful+consequences%22+AND+mediatype%3Atexts&fl%5B%5D=identifier&rows=0&page=1&output=json,EXACT_PHRASE,data/fear-temperature/priority180/search/raw/internet_archive/3b53c73ca8939afc7ee57431c952155aefd5923c2adb40447001c201d4f76364.json,1cf9b65c6fc492af352be1148d333e29b1cf797e89b23e6447c49296c0e5107a,Metadata text-item count; not a full-text lexical frequency.,FT-SEED-R1B-P-1988-20,1988,harmful consequences
INTERNET_ARCHIVE,INTERNET_ARCHIVE_METADATA_TEXT_ITEM_COUNT,harmful consequences,"""harmful consequences"" AND mediatype:texts AND date:[1988-01-01 TO 1988-12-31]",STRICT_ANCHOR,1988,1988,COMPLETED_NONZERO,2,2,2026-08-26,2026-08-26T06:22:38Z,https://archive.org/advancedsearch.php,https://archive.org/advancedsearch.php?q=%22harmful+consequences%22+AND+mediatype%3Atexts+AND+date%3A%5B1988-01-01+TO+1988-12-31%5D&fl%5B%5D=identifier&rows=0&page=1&output=json,EXACT_PHRASE,data/fear-temperature/priority180/search/raw/internet_archive/4fd9c2996bd3de807c146722a530c1ce0879e317201f0bc5845b7af985e25272.json,afdd13e4538b52420f54089bb86992b79dec652d7cbb4b3ef38fb06edfa27b02,Metadata text-item count; not a full-text lexical frequency.,FT-SEED-R1B-P-1988-20,1988,harmful consequences
INTERNET_ARCHIVE,INTERNET_ARCHIVE_METADATA_TEXT_ITEM_COUNT,harmful consequences,"""harmful consequences"" AND mediatype:texts AND date:[1986-01-01 TO 1990-12-31]",CONTEXTUAL_ANCHOR,1986,1990,COMPLETED_NONZERO,4,4,2026-08-26,2026-08-26T06:22:39Z,https://archive.org/advancedsearch.php,https://archive.org/advancedsearch.php?q=%22harmful+consequences%22+AND+mediatype%3Atexts+AND+date%3A%5B1986-01-01+TO+1990-12-31%5D&fl%5B%5D=identifier&rows=0&page=1&output=json,EXACT_PHRASE,data/fear-temperature/priority180/search/raw/internet_archive/161533587ea0c4ad40d77d982476366ce4f1cc6f2754b19e7667ed34901f67fa.json,07f08d7b8b4897bacd0a87eb1c879a35bb539316f53baa9cae575592883f3a81,Metadata text-item count; not a full-text lexical frequency.,FT-SEED-R1B-P-1988-20,1988,harmful consequences
OPENALEX,OPENALEX_WORK_COUNT,harmful consequences,"""harmful consequences""",ALL_AVAILABLE,,,FAILED_PROVIDER_OR_REQUEST,,,2026-08-26,2026-08-26T06:32:35Z,https://api.openalex.org/works,https://api.openalex.org/works?search.exact=%22harmful+consequences%22&per-page=1&select=id,EXACT_PHRASE,data/fear-temperature/priority180/search/raw/openalex/001ff270c019b110925dff02355af60b2732fbb1b2e7cc2f26622c0a26bc4809.json,e3b0c44298fc1c149afbf4c8996fb92427ae41e4649b934ca495991b7852b855,NOT_RUN_OPENALEX_DAILY_BUDGET_EXHAUSTED: shared provider response retained; no count fabricated.,FT-SEED-R1B-P-1988-20,1988,harmful consequences
OPENALEX,OPENALEX_WORK_COUNT,harmful consequences,"""harmful consequences""",STRICT_ANCHOR,1988,1988,FAILED_PROVIDER_OR_REQUEST,,,2026-08-26,2026-08-26T06:32:35Z,https://api.openalex.org/works,https://api.openalex.org/works?search.exact=%22harmful+consequences%22&per-page=1&select=id&filter=from_publication_date%3A1988-01-01%2Cto_publication_date%3A1988-12-31,EXACT_PHRASE,data/fear-temperature/priority180/search/raw/openalex/001ff270c019b110925dff02355af60b2732fbb1b2e7cc2f26622c0a26bc4809.json,e3b0c44298fc1c149afbf4c8996fb92427ae41e4649b934ca495991b7852b855,NOT_RUN_OPENALEX_DAILY_BUDGET_EXHAUSTED: shared provider response retained; no count fabricated.,FT-SEED-R1B-P-1988-20,1988,harmful consequences
OPENALEX,OPENALEX_WORK_COUNT,harmful consequences,"""harmful consequences""",CONTEXTUAL_ANCHOR,1986,1990,FAILED_PROVIDER_OR_REQUEST,,,2026-08-26,2026-08-26T06:32:35Z,https://api.openalex.org/works,https://api.openalex.org/works?search.exact=%22harmful+consequences%22&per-page=1&select=id&filter=from_publication_date%3A1986-01-01%2Cto_publication_date%3A1990-12-31,EXACT_PHRASE,data/fear-temperature/priority180/search/raw/openalex/001ff270c019b110925dff02355af60b2732fbb1b2e7cc2f26622c0a26bc4809.json,e3b0c44298fc1c149afbf4c8996fb92427ae41e4649b934ca495991b7852b855,NOT_RUN_OPENALEX_DAILY_BUDGET_EXHAUSTED: shared provider response retained; no count fabricated.,FT-SEED-R1B-P-1988-20,1988,harmful consequences
GOOGLE_BOOKS_API,GOOGLE_BOOKS_TOTAL_ITEMS,harmful consequences,"""harmful consequences""",ALL_AVAILABLE,,,NOT_RUN_PROVIDER_QUOTA,,,2026-08-26,2026-08-26T06:34:48Z,https://www.googleapis.com/books/v1/volumes,https://www.googleapis.com/books/v1/volumes?q=%22harmful+consequences%22&langRestrict=en&maxResults=1&printType=books,EXACT_PHRASE,data/fear-temperature/priority180/search/raw/google_books/provider_quota_probe.json,e3b0c44298fc1c149afbf4c8996fb92427ae41e4649b934ca495991b7852b855,Provider runtime probe returned project quota 0; no candidate count was fabricated. Internet Archive is the completed primary bounded source.,FT-SEED-R1B-P-1988-20,1988,harmful consequences
INTERNET_ARCHIVE,INTERNET_ARCHIVE_METADATA_TEXT_ITEM_COUNT,grave threats,"""grave threats"" AND mediatype:texts",ALL_AVAILABLE,,,COMPLETED_NONZERO,21,21,2026-08-26,2026-08-26T06:22:15Z,https://archive.org/advancedsearch.php,https://archive.org/advancedsearch.php?q=%22grave+threats%22+AND+mediatype%3Atexts&fl%5B%5D=identifier&rows=0&page=1&output=json,EXACT_PHRASE,data/fear-temperature/priority180/search/raw/internet_archive/4a928d1ca0efd5553beea0035b09f2bcc6c68716b8a07906e55262f1828a73ee.json,5b37dcbddeef666eed88d4bf068fa56aeb971fcfa26db45ee127811eb34ddbac,Metadata text-item count; not a full-text lexical frequency.,FT-SEED-R1B-P-1988-21,1988,grave threats
INTERNET_ARCHIVE,INTERNET_ARCHIVE_METADATA_TEXT_ITEM_COUNT,grave threats,"""grave threats"" AND mediatype:texts AND date:[1988-01-01 TO 1988-12-31]",STRICT_ANCHOR,1988,1988,COMPLETED_ZERO,0,0,2026-08-26,2026-08-26T06:22:16Z,https://archive.org/advancedsearch.php,https://archive.org/advancedsearch.php?q=%22grave+threats%22+AND+mediatype%3Atexts+AND+date%3A%5B1988-01-01+TO+1988-12-31%5D&fl%5B%5D=identifier&rows=0&page=1&output=json,EXACT_PHRASE,data/fear-temperature/priority180/search/raw/internet_archive/9c7d15f0865d09969f4000df4d3d2cd876f2b42d94bc3f73f5adb169e5a3c935.json,8a741f6d6b5de81a512ab79a90dc20301ffb0a8cb97f2c4ba44aab25b5057538,Metadata text-item count; not a full-text lexical frequency.,FT-SEED-R1B-P-1988-21,1988,grave threats
INTERNET_ARCHIVE,INTERNET_ARCHIVE_METADATA_TEXT_ITEM_COUNT,grave threats,"""grave threats"" AND mediatype:texts AND date:[1986-01-01 TO 1990-12-31]",CONTEXTUAL_ANCHOR,1986,1990,COMPLETED_NONZERO,1,1,2026-08-26,2026-08-26T06:22:17Z,https://archive.org/advancedsearch.php,https://archive.org/advancedsearch.php?q=%22grave+threats%22+AND+mediatype%3Atexts+AND+date%3A%5B1986-01-01+TO+1990-12-31%5D&fl%5B%5D=identifier&rows=0&page=1&output=json,EXACT_PHRASE,data/fear-temperature/priority180/search/raw/internet_archive/c60d2b094adeb61af6e7033d989fd91c87c3e77d6cfaa2d3d141b253f47c4b23.json,2f8491e52f86d33524122b885022530f5f7967b823fe6b4b9a7261cc2305b745,Metadata text-item count; not a full-text lexical frequency.,FT-SEED-R1B-P-1988-21,1988,grave threats
OPENALEX,OPENALEX_WORK_COUNT,grave threats,"""grave threats""",ALL_AVAILABLE,,,FAILED_PROVIDER_OR_REQUEST,,,2026-08-26,2026-08-26T06:32:35Z,https://api.openalex.org/works,https://api.openalex.org/works?search.exact=%22grave+threats%22&per-page=1&select=id,EXACT_PHRASE,data/fear-temperature/priority180/search/raw/openalex/001ff270c019b110925dff02355af60b2732fbb1b2e7cc2f26622c0a26bc4809.json,e3b0c44298fc1c149afbf4c8996fb92427ae41e4649b934ca495991b7852b855,NOT_RUN_OPENALEX_DAILY_BUDGET_EXHAUSTED: shared provider response retained; no count fabricated.,FT-SEED-R1B-P-1988-21,1988,grave threats
OPENALEX,OPENALEX_WORK_COUNT,grave threats,"""grave threats""",STRICT_ANCHOR,1988,1988,FAILED_PROVIDER_OR_REQUEST,,,2026-08-26,2026-08-26T06:32:35Z,https://api.openalex.org/works,https://api.openalex.org/works?search.exact=%22grave+threats%22&per-page=1&select=id&filter=from_publication_date%3A1988-01-01%2Cto_publication_date%3A1988-12-31,EXACT_PHRASE,data/fear-temperature/priority180/search/raw/openalex/001ff270c019b110925dff02355af60b2732fbb1b2e7cc2f26622c0a26bc4809.json,e3b0c44298fc1c149afbf4c8996fb92427ae41e4649b934ca495991b7852b855,NOT_RUN_OPENALEX_DAILY_BUDGET_EXHAUSTED: shared provider response retained; no count fabricated.,FT-SEED-R1B-P-1988-21,1988,grave threats
OPENALEX,OPENALEX_WORK_COUNT,grave threats,"""grave threats""",CONTEXTUAL_ANCHOR,1986,1990,FAILED_PROVIDER_OR_REQUEST,,,2026-08-26,2026-08-26T06:32:35Z,https://api.openalex.org/works,https://api.openalex.org/works?search.exact=%22grave+threats%22&per-page=1&select=id&filter=from_publication_date%3A1986-01-01%2Cto_publication_date%3A1990-12-31,EXACT_PHRASE,data/fear-temperature/priority180/search/raw/openalex/001ff270c019b110925dff02355af60b2732fbb1b2e7cc2f26622c0a26bc4809.json,e3b0c44298fc1c149afbf4c8996fb92427ae41e4649b934ca495991b7852b855,NOT_RUN_OPENALEX_DAILY_BUDGET_EXHAUSTED: shared provider response retained; no count fabricated.,FT-SEED-R1B-P-1988-21,1988,grave threats
GOOGLE_BOOKS_API,GOOGLE_BOOKS_TOTAL_ITEMS,grave threats,"""grave threats""",ALL_AVAILABLE,,,NOT_RUN_PROVIDER_QUOTA,,,2026-08-26,2026-08-26T06:34:48Z,https://www.googleapis.com/books/v1/volumes,https://www.googleapis.com/books/v1/volumes?q=%22grave+threats%22&langRestrict=en&maxResults=1&printType=books,EXACT_PHRASE,data/fear-temperature/priority180/search/raw/google_books/provider_quota_probe.json,e3b0c44298fc1c149afbf4c8996fb92427ae41e4649b934ca495991b7852b855,Provider runtime probe returned project quota 0; no candidate count was fabricated. Internet Archive is the completed primary bounded source.,FT-SEED-R1B-P-1988-21,1988,grave threats
INTERNET_ARCHIVE,INTERNET_ARCHIVE_METADATA_TEXT_ITEM_COUNT,severe economic and social dislocation,"""severe economic and social dislocation"" AND mediatype:texts",ALL_AVAILABLE,,,COMPLETED_ZERO,0,0,2026-08-26,2026-08-26T06:25:21Z,https://archive.org/advancedsearch.php,https://archive.org/advancedsearch.php?q=%22severe+economic+and+social+dislocation%22+AND+mediatype%3Atexts&fl%5B%5D=identifier&rows=0&page=1&output=json,EXACT_PHRASE,data/fear-temperature/priority180/search/raw/internet_archive/b5c04e7c1b70af2548475de0ba0a99e6da4b7fea1694b7e6c103c79f62dc41b2.json,1b6afc6671dc6a975308a9aec579658cfb120c67f7be970aff9a00ba94d34a7d,Metadata text-item count; not a full-text lexical frequency.,FT-SEED-R1B-P-1988-22,1988,severe economic and social dislocation
INTERNET_ARCHIVE,INTERNET_ARCHIVE_METADATA_TEXT_ITEM_COUNT,severe economic and social dislocation,"""severe economic and social dislocation"" AND mediatype:texts AND date:[1988-01-01 TO 1988-12-31]",STRICT_ANCHOR,1988,1988,COMPLETED_ZERO,0,0,2026-08-26,2026-08-26T06:25:22Z,https://archive.org/advancedsearch.php,https://archive.org/advancedsearch.php?q=%22severe+economic+and+social+dislocation%22+AND+mediatype%3Atexts+AND+date%3A%5B1988-01-01+TO+1988-12-31%5D&fl%5B%5D=identifier&rows=0&page=1&output=json,EXACT_PHRASE,data/fear-temperature/priority180/search/raw/internet_archive/c997c2ef922484ac2e47492eb50122791f388b2f18f513cfdcec95b91d035f3b.json,233d942274414049a6b9c1993c744dfc7ae1d81b4842bd10bbca743e7819beb9,Metadata text-item count; not a full-text lexical frequency.,FT-SEED-R1B-P-1988-22,1988,severe economic and social dislocation
INTERNET_ARCHIVE,INTERNET_ARCHIVE_METADATA_TEXT_ITEM_COUNT,severe economic and social dislocation,"""severe economic and social dislocation"" AND mediatype:texts AND date:[1986-01-01 TO 1990-12-31]",CONTEXTUAL_ANCHOR,1986,1990,COMPLETED_ZERO,0,0,2026-08-26,2026-08-26T06:25:23Z,https://archive.org/advancedsearch.php,https://archive.org/advancedsearch.php?q=%22severe+economic+and+social+dislocation%22+AND+mediatype%3Atexts+AND+date%3A%5B1986-01-01+TO+1990-12-31%5D&fl%5B%5D=identifier&rows=0&page=1&output=json,EXACT_PHRASE,data/fear-temperature/priority180/search/raw/internet_archive/9ec711471ecb3aebc8db21e4ca03d732b545e7c9d67c2d19729183db631571d7.json,2e950cd06626bcc7acfab5a720f42c6bab84e288530b01aaba3e641a64ff42e8,Metadata text-item count; not a full-text lexical frequency.,FT-SEED-R1B-P-1988-22,1988,severe economic and social dislocation
OPENALEX,OPENALEX_WORK_COUNT,severe economic and social dislocation,"""severe economic and social dislocation""",ALL_AVAILABLE,,,FAILED_PROVIDER_OR_REQUEST,,,2026-08-26,2026-08-26T06:32:35Z,https://api.openalex.org/works,https://api.openalex.org/works?search.exact=%22severe+economic+and+social+dislocation%22&per-page=1&select=id,EXACT_PHRASE,data/fear-temperature/priority180/search/raw/openalex/001ff270c019b110925dff02355af60b2732fbb1b2e7cc2f26622c0a26bc4809.json,e3b0c44298fc1c149afbf4c8996fb92427ae41e4649b934ca495991b7852b855,NOT_RUN_OPENALEX_DAILY_BUDGET_EXHAUSTED: shared provider response retained; no count fabricated.,FT-SEED-R1B-P-1988-22,1988,severe economic and social dislocation
OPENALEX,OPENALEX_WORK_COUNT,severe economic and social dislocation,"""severe economic and social dislocation""",STRICT_ANCHOR,1988,1988,FAILED_PROVIDER_OR_REQUEST,,,2026-08-26,2026-08-26T06:32:35Z,https://api.openalex.org/works,https://api.openalex.org/works?search.exact=%22severe+economic+and+social+dislocation%22&per-page=1&select=id&filter=from_publication_date%3A1988-01-01%2Cto_publication_date%3A1988-12-31,EXACT_PHRASE,data/fear-temperature/priority180/search/raw/openalex/001ff270c019b110925dff02355af60b2732fbb1b2e7cc2f26622c0a26bc4809.json,e3b0c44298fc1c149afbf4c8996fb92427ae41e4649b934ca495991b7852b855,NOT_RUN_OPENALEX_DAILY_BUDGET_EXHAUSTED: shared provider response retained; no count fabricated.,FT-SEED-R1B-P-1988-22,1988,severe economic and social dislocation
OPENALEX,OPENALEX_WORK_COUNT,severe economic and social dislocation,"""severe economic and social dislocation""",CONTEXTUAL_ANCHOR,1986,1990,FAILED_PROVIDER_OR_REQUEST,,,2026-08-26,2026-08-26T06:32:35Z,https://api.openalex.org/works,https://api.openalex.org/works?search.exact=%22severe+economic+and+social+dislocation%22&per-page=1&select=id&filter=from_publication_date%3A1986-01-01%2Cto_publication_date%3A1990-12-31,EXACT_PHRASE,data/fear-temperature/priority180/search/raw/openalex/001ff270c019b110925dff02355af60b2732fbb1b2e7cc2f26622c0a26bc4809.json,e3b0c44298fc1c149afbf4c8996fb92427ae41e4649b934ca495991b7852b855,NOT_RUN_OPENALEX_DAILY_BUDGET_EXHAUSTED: shared provider response retained; no count fabricated.,FT-SEED-R1B-P-1988-22,1988,severe economic and social dislocation
GOOGLE_BOOKS_API,GOOGLE_BOOKS_TOTAL_ITEMS,severe economic and social dislocation,"""severe economic and social dislocation""",ALL_AVAILABLE,,,NOT_RUN_PROVIDER_QUOTA,,,2026-08-26,2026-08-26T06:34:48Z,https://www.googleapis.com/books/v1/volumes,https://www.googleapis.com/books/v1/volumes?q=%22severe+economic+and+social+dislocation%22&langRestrict=en&maxResults=1&printType=books,EXACT_PHRASE,data/fear-temperature/priority180/search/raw/google_books/provider_quota_probe.json,e3b0c44298fc1c149afbf4c8996fb92427ae41e4649b934ca495991b7852b855,Provider runtime probe returned project quota 0; no candidate count was fabricated. Internet Archive is the completed primary bounded source.,FT-SEED-R1B-P-1988-22,1988,severe economic and social dislocation
INTERNET_ARCHIVE,INTERNET_ARCHIVE_METADATA_TEXT_ITEM_COUNT,risk of conflicts,"""risk of conflicts"" AND mediatype:texts",ALL_AVAILABLE,,,COMPLETED_NONZERO,4,4,2026-08-26,2026-08-26T06:25:00Z,https://archive.org/advancedsearch.php,https://archive.org/advancedsearch.php?q=%22risk+of+conflicts%22+AND+mediatype%3Atexts&fl%5B%5D=identifier&rows=0&page=1&output=json,EXACT_PHRASE,data/fear-temperature/priority180/search/raw/internet_archive/89431aa996195410b7217b71b5a4b8989f5193a4dbabc158a1e806e7742026d8.json,f8f7fff89ee4671496908443c3743a5204d89549d9d5df98ff8beabfb03e9c70,Metadata text-item count; not a full-text lexical frequency.,FT-SEED-R1B-P-1988-23,1988,risk of conflicts
INTERNET_ARCHIVE,INTERNET_ARCHIVE_METADATA_TEXT_ITEM_COUNT,risk of conflicts,"""risk of conflicts"" AND mediatype:texts AND date:[1988-01-01 TO 1988-12-31]",STRICT_ANCHOR,1988,1988,COMPLETED_ZERO,0,0,2026-08-26,2026-08-26T06:25:01Z,https://archive.org/advancedsearch.php,https://archive.org/advancedsearch.php?q=%22risk+of+conflicts%22+AND+mediatype%3Atexts+AND+date%3A%5B1988-01-01+TO+1988-12-31%5D&fl%5B%5D=identifier&rows=0&page=1&output=json,EXACT_PHRASE,data/fear-temperature/priority180/search/raw/internet_archive/60c7475a3f0de8cecfe18ff47f31a02fd932194dd5aa6476ffb40c4b5bd20dfd.json,81ab63f3d2d19384747043140bc428d164349bef7ab15e26242172da7063168a,Metadata text-item count; not a full-text lexical frequency.,FT-SEED-R1B-P-1988-23,1988,risk of conflicts
INTERNET_ARCHIVE,INTERNET_ARCHIVE_METADATA_TEXT_ITEM_COUNT,risk of conflicts,"""risk of conflicts"" AND mediatype:texts AND date:[1986-01-01 TO 1990-12-31]",CONTEXTUAL_ANCHOR,1986,1990,COMPLETED_ZERO,0,0,2026-08-26,2026-08-26T06:25:02Z,https://archive.org/advancedsearch.php,https://archive.org/advancedsearch.php?q=%22risk+of+conflicts%22+AND+mediatype%3Atexts+AND+date%3A%5B1986-01-01+TO+1990-12-31%5D&fl%5B%5D=identifier&rows=0&page=1&output=json,EXACT_PHRASE,data/fear-temperature/priority180/search/raw/internet_archive/d1e3b871a2cbbb46296153ea68093489eab238dd25283c14314d2dba0bbd9770.json,6145ff9b741e6f1c98e897d893e306ce8acc8f0fffb38e7e68b283841674a227,Metadata text-item count; not a full-text lexical frequency.,FT-SEED-R1B-P-1988-23,1988,risk of conflicts
OPENALEX,OPENALEX_WORK_COUNT,risk of conflicts,"""risk of conflicts""",ALL_AVAILABLE,,,FAILED_PROVIDER_OR_REQUEST,,,2026-08-26,2026-08-26T06:32:35Z,https://api.openalex.org/works,https://api.openalex.org/works?search.exact=%22risk+of+conflicts%22&per-page=1&select=id,EXACT_PHRASE,data/fear-temperature/priority180/search/raw/openalex/001ff270c019b110925dff02355af60b2732fbb1b2e7cc2f26622c0a26bc4809.json,e3b0c44298fc1c149afbf4c8996fb92427ae41e4649b934ca495991b7852b855,NOT_RUN_OPENALEX_DAILY_BUDGET_EXHAUSTED: shared provider response retained; no count fabricated.,FT-SEED-R1B-P-1988-23,1988,risk of conflicts
OPENALEX,OPENALEX_WORK_COUNT,risk of conflicts,"""risk of conflicts""",STRICT_ANCHOR,1988,1988,FAILED_PROVIDER_OR_REQUEST,,,2026-08-26,2026-08-26T06:32:35Z,https://api.openalex.org/works,https://api.openalex.org/works?search.exact=%22risk+of+conflicts%22&per-page=1&select=id&filter=from_publication_date%3A1988-01-01%2Cto_publication_date%3A1988-12-31,EXACT_PHRASE,data/fear-temperature/priority180/search/raw/openalex/001ff270c019b110925dff02355af60b2732fbb1b2e7cc2f26622c0a26bc4809.json,e3b0c44298fc1c149afbf4c8996fb92427ae41e4649b934ca495991b7852b855,NOT_RUN_OPENALEX_DAILY_BUDGET_EXHAUSTED: shared provider response retained; no count fabricated.,FT-SEED-R1B-P-1988-23,1988,risk of conflicts
OPENALEX,OPENALEX_WORK_COUNT,risk of conflicts,"""risk of conflicts""",CONTEXTUAL_ANCHOR,1986,1990,FAILED_PROVIDER_OR_REQUEST,,,2026-08-26,2026-08-26T06:32:35Z,https://api.openalex.org/works,https://api.openalex.org/works?search.exact=%22risk+of+conflicts%22&per-page=1&select=id&filter=from_publication_date%3A1986-01-01%2Cto_publication_date%3A1990-12-31,EXACT_PHRASE,data/fear-temperature/priority180/search/raw/openalex/001ff270c019b110925dff02355af60b2732fbb1b2e7cc2f26622c0a26bc4809.json,e3b0c44298fc1c149afbf4c8996fb92427ae41e4649b934ca495991b7852b855,NOT_RUN_OPENALEX_DAILY_BUDGET_EXHAUSTED: shared provider response retained; no count fabricated.,FT-SEED-R1B-P-1988-23,1988,risk of conflicts
GOOGLE_BOOKS_API,GOOGLE_BOOKS_TOTAL_ITEMS,risk of conflicts,"""risk of conflicts""",ALL_AVAILABLE,,,NOT_RUN_PROVIDER_QUOTA,,,2026-08-26,2026-08-26T06:34:48Z,https://www.googleapis.com/books/v1/volumes,https://www.googleapis.com/books/v1/volumes?q=%22risk+of+conflicts%22&langRestrict=en&maxResults=1&printType=books,EXACT_PHRASE,data/fear-temperature/priority180/search/raw/google_books/provider_quota_probe.json,e3b0c44298fc1c149afbf4c8996fb92427ae41e4649b934ca495991b7852b855,Provider runtime probe returned project quota 0; no candidate count was fabricated. Internet Archive is the completed primary bounded source.,FT-SEED-R1B-P-1988-23,1988,risk of conflicts
INTERNET_ARCHIVE,INTERNET_ARCHIVE_METADATA_TEXT_ITEM_COUNT,impending crisis,"""impending crisis"" AND mediatype:texts",ALL_AVAILABLE,,,COMPLETED_NONZERO,203,203,2026-08-26,2026-08-26T06:23:24Z,https://archive.org/advancedsearch.php,https://archive.org/advancedsearch.php?q=%22impending+crisis%22+AND+mediatype%3Atexts&fl%5B%5D=identifier&rows=0&page=1&output=json,EXACT_PHRASE,data/fear-temperature/priority180/search/raw/internet_archive/b583699f673b8387dfbd4c09c25d55ce8f54a0c82247b2b285a227e5b06d561e.json,1a0f4ccce1603b5d9fc58bed6bcf9893de920718c5e9ecf40d8f1f3f1d59b309,Metadata text-item count; not a full-text lexical frequency.,FT-SEED-R1B-P-1988-24,1988,impending crisis
INTERNET_ARCHIVE,INTERNET_ARCHIVE_METADATA_TEXT_ITEM_COUNT,impending crisis,"""impending crisis"" AND mediatype:texts AND date:[1988-01-01 TO 1988-12-31]",STRICT_ANCHOR,1988,1988,COMPLETED_NONZERO,5,5,2026-08-26,2026-08-26T06:23:25Z,https://archive.org/advancedsearch.php,https://archive.org/advancedsearch.php?q=%22impending+crisis%22+AND+mediatype%3Atexts+AND+date%3A%5B1988-01-01+TO+1988-12-31%5D&fl%5B%5D=identifier&rows=0&page=1&output=json,EXACT_PHRASE,data/fear-temperature/priority180/search/raw/internet_archive/aca6c1631d2bf5050938b10329e3d88520d6e208a088a78931b8ef5a22fd77df.json,4b31d26371f2ae2c5f5f702d2ebf53ff1f99c134dd53f398874995003950a0b8,Metadata text-item count; not a full-text lexical frequency.,FT-SEED-R1B-P-1988-24,1988,impending crisis
INTERNET_ARCHIVE,INTERNET_ARCHIVE_METADATA_TEXT_ITEM_COUNT,impending crisis,"""impending crisis"" AND mediatype:texts AND date:[1986-01-01 TO 1990-12-31]",CONTEXTUAL_ANCHOR,1986,1990,COMPLETED_NONZERO,11,11,2026-08-26,2026-08-26T06:23:26Z,https://archive.org/advancedsearch.php,https://archive.org/advancedsearch.php?q=%22impending+crisis%22+AND+mediatype%3Atexts+AND+date%3A%5B1986-01-01+TO+1990-12-31%5D&fl%5B%5D=identifier&rows=0&page=1&output=json,EXACT_PHRASE,data/fear-temperature/priority180/search/raw/internet_archive/526ab1f724304d983491eadabb940a6c7755f88e41352d300614f83324943356.json,4f77f618a0ef97e2e6a53969e99507b11f8be57aab101e0812e26c661462a866,Metadata text-item count; not a full-text lexical frequency.,FT-SEED-R1B-P-1988-24,1988,impending crisis
OPENALEX,OPENALEX_WORK_COUNT,impending crisis,"""impending crisis""",ALL_AVAILABLE,,,FAILED_PROVIDER_OR_REQUEST,,,2026-08-26,2026-08-26T06:32:35Z,https://api.openalex.org/works,https://api.openalex.org/works?search.exact=%22impending+crisis%22&per-page=1&select=id,EXACT_PHRASE,data/fear-temperature/priority180/search/raw/openalex/001ff270c019b110925dff02355af60b2732fbb1b2e7cc2f26622c0a26bc4809.json,e3b0c44298fc1c149afbf4c8996fb92427ae41e4649b934ca495991b7852b855,NOT_RUN_OPENALEX_DAILY_BUDGET_EXHAUSTED: shared provider response retained; no count fabricated.,FT-SEED-R1B-P-1988-24,1988,impending crisis
OPENALEX,OPENALEX_WORK_COUNT,impending crisis,"""impending crisis""",STRICT_ANCHOR,1988,1988,FAILED_PROVIDER_OR_REQUEST,,,2026-08-26,2026-08-26T06:32:35Z,https://api.openalex.org/works,https://api.openalex.org/works?search.exact=%22impending+crisis%22&per-page=1&select=id&filter=from_publication_date%3A1988-01-01%2Cto_publication_date%3A1988-12-31,EXACT_PHRASE,data/fear-temperature/priority180/search/raw/openalex/001ff270c019b110925dff02355af60b2732fbb1b2e7cc2f26622c0a26bc4809.json,e3b0c44298fc1c149afbf4c8996fb92427ae41e4649b934ca495991b7852b855,NOT_RUN_OPENALEX_DAILY_BUDGET_EXHAUSTED: shared provider response retained; no count fabricated.,FT-SEED-R1B-P-1988-24,1988,impending crisis
OPENALEX,OPENALEX_WORK_COUNT,impending crisis,"""impending crisis""",CONTEXTUAL_ANCHOR,1986,1990,FAILED_PROVIDER_OR_REQUEST,,,2026-08-26,2026-08-26T06:32:35Z,https://api.openalex.org/works,https://api.openalex.org/works?search.exact=%22impending+crisis%22&per-page=1&select=id&filter=from_publication_date%3A1986-01-01%2Cto_publication_date%3A1990-12-31,EXACT_PHRASE,data/fear-temperature/priority180/search/raw/openalex/001ff270c019b110925dff02355af60b2732fbb1b2e7cc2f26622c0a26bc4809.json,e3b0c44298fc1c149afbf4c8996fb92427ae41e4649b934ca495991b7852b855,NOT_RUN_OPENALEX_DAILY_BUDGET_EXHAUSTED: shared provider response retained; no count fabricated.,FT-SEED-R1B-P-1988-24,1988,impending crisis
GOOGLE_BOOKS_API,GOOGLE_BOOKS_TOTAL_ITEMS,impending crisis,"""impending crisis""",ALL_AVAILABLE,,,NOT_RUN_PROVIDER_QUOTA,,,2026-08-26,2026-08-26T06:34:48Z,https://www.googleapis.com/books/v1/volumes,https://www.googleapis.com/books/v1/volumes?q=%22impending+crisis%22&langRestrict=en&maxResults=1&printType=books,EXACT_PHRASE,data/fear-temperature/priority180/search/raw/google_books/provider_quota_probe.json,e3b0c44298fc1c149afbf4c8996fb92427ae41e4649b934ca495991b7852b855,Provider runtime probe returned project quota 0; no candidate count was fabricated. Internet Archive is the completed primary bounded source.,FT-SEED-R1B-P-1988-24,1988,impending crisis
INTERNET_ARCHIVE,INTERNET_ARCHIVE_METADATA_TEXT_ITEM_COUNT,degradation of the atmosphere,"""degradation of the atmosphere"" AND mediatype:texts",ALL_AVAILABLE,,,COMPLETED_ZERO,0,0,2026-08-26,2026-08-26T06:20:40Z,https://archive.org/advancedsearch.php,https://archive.org/advancedsearch.php?q=%22degradation+of+the+atmosphere%22+AND+mediatype%3Atexts&fl%5B%5D=identifier&rows=0&page=1&output=json,EXACT_PHRASE,data/fear-temperature/priority180/search/raw/internet_archive/35486cbf875534fbdc9dbb3e648113a1796b0d48d7514421e31806de101cf2c4.json,c886a480ec94ac4b210636d514d4253e8e1f3fd7f1c52063f93a4579733543f8,Metadata text-item count; not a full-text lexical frequency.,FT-SEED-R1B-P-1988-25,1988,degradation of the atmosphere
INTERNET_ARCHIVE,INTERNET_ARCHIVE_METADATA_TEXT_ITEM_COUNT,degradation of the atmosphere,"""degradation of the atmosphere"" AND mediatype:texts AND date:[1988-01-01 TO 1988-12-31]",STRICT_ANCHOR,1988,1988,COMPLETED_ZERO,0,0,2026-08-26,2026-08-26T06:20:41Z,https://archive.org/advancedsearch.php,https://archive.org/advancedsearch.php?q=%22degradation+of+the+atmosphere%22+AND+mediatype%3Atexts+AND+date%3A%5B1988-01-01+TO+1988-12-31%5D&fl%5B%5D=identifier&rows=0&page=1&output=json,EXACT_PHRASE,data/fear-temperature/priority180/search/raw/internet_archive/451f249ef3ecc23eb676c2ddf7685e33cf60376ac3f789d224a685f582919372.json,b2e723507e29c00f947b90567780ae80b1facf0f033d7ab3e43daeabc604e8ff,Metadata text-item count; not a full-text lexical frequency.,FT-SEED-R1B-P-1988-25,1988,degradation of the atmosphere
INTERNET_ARCHIVE,INTERNET_ARCHIVE_METADATA_TEXT_ITEM_COUNT,degradation of the atmosphere,"""degradation of the atmosphere"" AND mediatype:texts AND date:[1986-01-01 TO 1990-12-31]",CONTEXTUAL_ANCHOR,1986,1990,COMPLETED_ZERO,0,0,2026-08-26,2026-08-26T06:20:42Z,https://archive.org/advancedsearch.php,https://archive.org/advancedsearch.php?q=%22degradation+of+the+atmosphere%22+AND+mediatype%3Atexts+AND+date%3A%5B1986-01-01+TO+1990-12-31%5D&fl%5B%5D=identifier&rows=0&page=1&output=json,EXACT_PHRASE,data/fear-temperature/priority180/search/raw/internet_archive/eba3a416cf25a936fbc44b2b0c5e9e09e2e1aa27bb4e7964e29324ca4c380a01.json,a21225a48bdef85d4440ab8085dedd51de69bd3496c4f978023e4c6879b2d32e,Metadata text-item count; not a full-text lexical frequency.,FT-SEED-R1B-P-1988-25,1988,degradation of the atmosphere
OPENALEX,OPENALEX_WORK_COUNT,degradation of the atmosphere,"""degradation of the atmosphere""",ALL_AVAILABLE,,,FAILED_PROVIDER_OR_REQUEST,,,2026-08-26,2026-08-26T06:32:35Z,https://api.openalex.org/works,https://api.openalex.org/works?search.exact=%22degradation+of+the+atmosphere%22&per-page=1&select=id,EXACT_PHRASE,data/fear-temperature/priority180/search/raw/openalex/001ff270c019b110925dff02355af60b2732fbb1b2e7cc2f26622c0a26bc4809.json,e3b0c44298fc1c149afbf4c8996fb92427ae41e4649b934ca495991b7852b855,NOT_RUN_OPENALEX_DAILY_BUDGET_EXHAUSTED: shared provider response retained; no count fabricated.,FT-SEED-R1B-P-1988-25,1988,degradation of the atmosphere
OPENALEX,OPENALEX_WORK_COUNT,degradation of the atmosphere,"""degradation of the atmosphere""",STRICT_ANCHOR,1988,1988,FAILED_PROVIDER_OR_REQUEST,,,2026-08-26,2026-08-26T06:32:35Z,https://api.openalex.org/works,https://api.openalex.org/works?search.exact=%22degradation+of+the+atmosphere%22&per-page=1&select=id&filter=from_publication_date%3A1988-01-01%2Cto_publication_date%3A1988-12-31,EXACT_PHRASE,data/fear-temperature/priority180/search/raw/openalex/001ff270c019b110925dff02355af60b2732fbb1b2e7cc2f26622c0a26bc4809.json,e3b0c44298fc1c149afbf4c8996fb92427ae41e4649b934ca495991b7852b855,NOT_RUN_OPENALEX_DAILY_BUDGET_EXHAUSTED: shared provider response retained; no count fabricated.,FT-SEED-R1B-P-1988-25,1988,degradation of the atmosphere
OPENALEX,OPENALEX_WORK_COUNT,degradation of the atmosphere,"""degradation of the atmosphere""",CONTEXTUAL_ANCHOR,1986,1990,FAILED_PROVIDER_OR_REQUEST,,,2026-08-26,2026-08-26T06:32:35Z,https://api.openalex.org/works,https://api.openalex.org/works?search.exact=%22degradation+of+the+atmosphere%22&per-page=1&select=id&filter=from_publication_date%3A1986-01-01%2Cto_publication_date%3A1990-12-31,EXACT_PHRASE,data/fear-temperature/priority180/search/raw/openalex/001ff270c019b110925dff02355af60b2732fbb1b2e7cc2f26622c0a26bc4809.json,e3b0c44298fc1c149afbf4c8996fb92427ae41e4649b934ca495991b7852b855,NOT_RUN_OPENALEX_DAILY_BUDGET_EXHAUSTED: shared provider response retained; no count fabricated.,FT-SEED-R1B-P-1988-25,1988,degradation of the atmosphere
GOOGLE_BOOKS_API,GOOGLE_BOOKS_TOTAL_ITEMS,degradation of the atmosphere,"""degradation of the atmosphere""",ALL_AVAILABLE,,,NOT_RUN_PROVIDER_QUOTA,,,2026-08-26,2026-08-26T06:34:48Z,https://www.googleapis.com/books/v1/volumes,https://www.googleapis.com/books/v1/volumes?q=%22degradation+of+the+atmosphere%22&langRestrict=en&maxResults=1&printType=books,EXACT_PHRASE,data/fear-temperature/priority180/search/raw/google_books/provider_quota_probe.json,e3b0c44298fc1c149afbf4c8996fb92427ae41e4649b934ca495991b7852b855,Provider runtime probe returned project quota 0; no candidate count was fabricated. Internet Archive is the completed primary bounded source.,FT-SEED-R1B-P-1988-25,1988,degradation of the atmosphere
INTERNET_ARCHIVE,INTERNET_ARCHIVE_METADATA_TEXT_ITEM_COUNT,atmospheric pollution,"""atmospheric pollution"" AND mediatype:texts",ALL_AVAILABLE,,,COMPLETED_NONZERO,221,221,2026-08-26,2026-08-26T06:19:22Z,https://archive.org/advancedsearch.php,https://archive.org/advancedsearch.php?q=%22atmospheric+pollution%22+AND+mediatype%3Atexts&fl%5B%5D=identifier&rows=0&page=1&output=json,EXACT_PHRASE,data/fear-temperature/priority180/search/raw/internet_archive/9b28f2c010d3cd6afca750e73128f656aefc150f1e6eb6dfde1e87dda5de32ab.json,8cab25e97637816d42503967979ec63c54c7e6b4f1fa228ebc9802f6f730242d,Metadata text-item count; not a full-text lexical frequency.,FT-SEED-R1B-P-1988-26,1988,atmospheric pollution
INTERNET_ARCHIVE,INTERNET_ARCHIVE_METADATA_TEXT_ITEM_COUNT,atmospheric pollution,"""atmospheric pollution"" AND mediatype:texts AND date:[1988-01-01 TO 1988-12-31]",STRICT_ANCHOR,1988,1988,COMPLETED_NONZERO,5,5,2026-08-26,2026-08-26T06:19:23Z,https://archive.org/advancedsearch.php,https://archive.org/advancedsearch.php?q=%22atmospheric+pollution%22+AND+mediatype%3Atexts+AND+date%3A%5B1988-01-01+TO+1988-12-31%5D&fl%5B%5D=identifier&rows=0&page=1&output=json,EXACT_PHRASE,data/fear-temperature/priority180/search/raw/internet_archive/4f9df31ef00c5b5ea097f5f7408911e53dc39f1980fa9c08df11b4197a9cc5a4.json,01ec17600691119e9abac7dcf1f3f8fa8c4a34379384d746c43b334675ef4551,Metadata text-item count; not a full-text lexical frequency.,FT-SEED-R1B-P-1988-26,1988,atmospheric pollution
INTERNET_ARCHIVE,INTERNET_ARCHIVE_METADATA_TEXT_ITEM_COUNT,atmospheric pollution,"""atmospheric pollution"" AND mediatype:texts AND date:[1986-01-01 TO 1990-12-31]",CONTEXTUAL_ANCHOR,1986,1990,COMPLETED_NONZERO,19,19,2026-08-26,2026-08-26T06:19:24Z,https://archive.org/advancedsearch.php,https://archive.org/advancedsearch.php?q=%22atmospheric+pollution%22+AND+mediatype%3Atexts+AND+date%3A%5B1986-01-01+TO+1990-12-31%5D&fl%5B%5D=identifier&rows=0&page=1&output=json,EXACT_PHRASE,data/fear-temperature/priority180/search/raw/internet_archive/28215ca1d54ec1d31a66e1c83e1aa220462a785e499fc1c4d8bd015b6997cb96.json,ee9cce24f2874d064761a7720f2eefbbc9d627b22ee5d80001e8be86785e49e4,Metadata text-item count; not a full-text lexical frequency.,FT-SEED-R1B-P-1988-26,1988,atmospheric pollution
OPENALEX,OPENALEX_WORK_COUNT,atmospheric pollution,"""atmospheric pollution""",ALL_AVAILABLE,,,COMPLETED_NONZERO,53072,53072,2026-08-26,2026-08-26T06:27:55Z,https://api.openalex.org/works,https://api.openalex.org/works?search.exact=%22atmospheric+pollution%22&per-page=1&select=id,EXACT_PHRASE,data/fear-temperature/priority180/search/raw/openalex/75b1ec586a454450ea931ab07afdcee5ef65d8d413019cf5586101f748d71869.json,30b5fc8f21c70d6aaf5d0dbcb711bf677cfc8fdb608cf2e64b6e6225a38a80ea,Scholarly work discoverability count over OpenAlex search fields; not a corpus word frequency.,FT-SEED-R1B-P-1988-26,1988,atmospheric pollution
OPENALEX,OPENALEX_WORK_COUNT,atmospheric pollution,"""atmospheric pollution""",STRICT_ANCHOR,1988,1988,COMPLETED_NONZERO,120,120,2026-08-26,2026-08-26T06:27:56Z,https://api.openalex.org/works,https://api.openalex.org/works?search.exact=%22atmospheric+pollution%22&per-page=1&select=id&filter=from_publication_date%3A1988-01-01%2Cto_publication_date%3A1988-12-31,EXACT_PHRASE,data/fear-temperature/priority180/search/raw/openalex/641b5341222181f9c993291540f6de239eb5e63024fee27441630880caa23d7b.json,a69d8c964104ce906029d2720ab57521b9497d2ad6398fa9f514015ec8957dd5,Scholarly work discoverability count over OpenAlex search fields; not a corpus word frequency.,FT-SEED-R1B-P-1988-26,1988,atmospheric pollution
OPENALEX,OPENALEX_WORK_COUNT,atmospheric pollution,"""atmospheric pollution""",CONTEXTUAL_ANCHOR,1986,1990,COMPLETED_NONZERO,714,714,2026-08-26,2026-08-26T06:27:57Z,https://api.openalex.org/works,https://api.openalex.org/works?search.exact=%22atmospheric+pollution%22&per-page=1&select=id&filter=from_publication_date%3A1986-01-01%2Cto_publication_date%3A1990-12-31,EXACT_PHRASE,data/fear-temperature/priority180/search/raw/openalex/c98d1183ecbae62c2ac4ecb9bbb1de12368bd75f3963b3b97df80024c3d2ba66.json,246a4c529f2960d5598d2923024d55a5a67c2ab3bb2800340bf8d47af518604a,Scholarly work discoverability count over OpenAlex search fields; not a corpus word frequency.,FT-SEED-R1B-P-1988-26,1988,atmospheric pollution
GOOGLE_BOOKS_API,GOOGLE_BOOKS_TOTAL_ITEMS,atmospheric pollution,"""atmospheric pollution""",ALL_AVAILABLE,,,NOT_RUN_PROVIDER_QUOTA,,,2026-08-26,2026-08-26T06:34:48Z,https://www.googleapis.com/books/v1/volumes,https://www.googleapis.com/books/v1/volumes?q=%22atmospheric+pollution%22&langRestrict=en&maxResults=1&printType=books,EXACT_PHRASE,data/fear-temperature/priority180/search/raw/google_books/provider_quota_probe.json,e3b0c44298fc1c149afbf4c8996fb92427ae41e4649b934ca495991b7852b855,Provider runtime probe returned project quota 0; no candidate count was fabricated. Internet Archive is the completed primary bounded source.,FT-SEED-R1B-P-1988-26,1988,atmospheric pollution
INTERNET_ARCHIVE,INTERNET_ARCHIVE_METADATA_TEXT_ITEM_COUNT,greenhouse gases,"""greenhouse gases"" AND mediatype:texts",ALL_AVAILABLE,,,COMPLETED_NONZERO,1549,1549,2026-08-26,2026-08-26T06:22:24Z,https://archive.org/advancedsearch.php,https://archive.org/advancedsearch.php?q=%22greenhouse+gases%22+AND+mediatype%3Atexts&fl%5B%5D=identifier&rows=0&page=1&output=json,EXACT_PHRASE,data/fear-temperature/priority180/search/raw/internet_archive/252f97b3a5e13ada4dd46bf414734ff9edd8a2ef8a0c7eda344c217af353140f.json,3e7067d0bb320c02e0d704f414bd9a109e65866bb66ec689156a3e4a00935713,Metadata text-item count; not a full-text lexical frequency.,FT-SEED-R1B-P-1988-27,1988,greenhouse gases
INTERNET_ARCHIVE,INTERNET_ARCHIVE_METADATA_TEXT_ITEM_COUNT,greenhouse gases,"""greenhouse gases"" AND mediatype:texts AND date:[1988-01-01 TO 1988-12-31]",STRICT_ANCHOR,1988,1988,COMPLETED_NONZERO,3,3,2026-08-26,2026-08-26T06:22:26Z,https://archive.org/advancedsearch.php,https://archive.org/advancedsearch.php?q=%22greenhouse+gases%22+AND+mediatype%3Atexts+AND+date%3A%5B1988-01-01+TO+1988-12-31%5D&fl%5B%5D=identifier&rows=0&page=1&output=json,EXACT_PHRASE,data/fear-temperature/priority180/search/raw/internet_archive/e70c6cf2216e19ef2be6818c68260aa4ef196258781eb86da02a5ba6c3021609.json,e26727b11a24a59f2db1e65d5af52385cf580677ee01671073a5cd4a78897865,Metadata text-item count; not a full-text lexical frequency.,FT-SEED-R1B-P-1988-27,1988,greenhouse gases
INTERNET_ARCHIVE,INTERNET_ARCHIVE_METADATA_TEXT_ITEM_COUNT,greenhouse gases,"""greenhouse gases"" AND mediatype:texts AND date:[1986-01-01 TO 1990-12-31]",CONTEXTUAL_ANCHOR,1986,1990,COMPLETED_NONZERO,30,30,2026-08-26,2026-08-26T06:22:27Z,https://archive.org/advancedsearch.php,https://archive.org/advancedsearch.php?q=%22greenhouse+gases%22+AND+mediatype%3Atexts+AND+date%3A%5B1986-01-01+TO+1990-12-31%5D&fl%5B%5D=identifier&rows=0&page=1&output=json,EXACT_PHRASE,data/fear-temperature/priority180/search/raw/internet_archive/ac94d0769575d2d21ef29fb79cd36ab3ae76fd1a8a56cf01d8ee00284d8e37b0.json,77fa962b6c938aede3e7d8b834e29b6dcc5953997a232d6ce2a206d78be17232,Metadata text-item count; not a full-text lexical frequency.,FT-SEED-R1B-P-1988-27,1988,greenhouse gases
OPENALEX,OPENALEX_WORK_COUNT,greenhouse gases,"""greenhouse gases""",ALL_AVAILABLE,,,FAILED_PROVIDER_OR_REQUEST,,,2026-08-26,2026-08-26T06:32:35Z,https://api.openalex.org/works,https://api.openalex.org/works?search.exact=%22greenhouse+gases%22&per-page=1&select=id,EXACT_PHRASE,data/fear-temperature/priority180/search/raw/openalex/001ff270c019b110925dff02355af60b2732fbb1b2e7cc2f26622c0a26bc4809.json,e3b0c44298fc1c149afbf4c8996fb92427ae41e4649b934ca495991b7852b855,NOT_RUN_OPENALEX_DAILY_BUDGET_EXHAUSTED: shared provider response retained; no count fabricated.,FT-SEED-R1B-P-1988-27,1988,greenhouse gases
OPENALEX,OPENALEX_WORK_COUNT,greenhouse gases,"""greenhouse gases""",STRICT_ANCHOR,1988,1988,FAILED_PROVIDER_OR_REQUEST,,,2026-08-26,2026-08-26T06:32:35Z,https://api.openalex.org/works,https://api.openalex.org/works?search.exact=%22greenhouse+gases%22&per-page=1&select=id&filter=from_publication_date%3A1988-01-01%2Cto_publication_date%3A1988-12-31,EXACT_PHRASE,data/fear-temperature/priority180/search/raw/openalex/001ff270c019b110925dff02355af60b2732fbb1b2e7cc2f26622c0a26bc4809.json,e3b0c44298fc1c149afbf4c8996fb92427ae41e4649b934ca495991b7852b855,NOT_RUN_OPENALEX_DAILY_BUDGET_EXHAUSTED: shared provider response retained; no count fabricated.,FT-SEED-R1B-P-1988-27,1988,greenhouse gases
OPENALEX,OPENALEX_WORK_COUNT,greenhouse gases,"""greenhouse gases""",CONTEXTUAL_ANCHOR,1986,1990,FAILED_PROVIDER_OR_REQUEST,,,2026-08-26,2026-08-26T06:32:35Z,https://api.openalex.org/works,https://api.openalex.org/works?search.exact=%22greenhouse+gases%22&per-page=1&select=id&filter=from_publication_date%3A1986-01-01%2Cto_publication_date%3A1990-12-31,EXACT_PHRASE,data/fear-temperature/priority180/search/raw/openalex/001ff270c019b110925dff02355af60b2732fbb1b2e7cc2f26622c0a26bc4809.json,e3b0c44298fc1c149afbf4c8996fb92427ae41e4649b934ca495991b7852b855,NOT_RUN_OPENALEX_DAILY_BUDGET_EXHAUSTED: shared provider response retained; no count fabricated.,FT-SEED-R1B-P-1988-27,1988,greenhouse gases
GOOGLE_BOOKS_API,GOOGLE_BOOKS_TOTAL_ITEMS,greenhouse gases,"""greenhouse gases""",ALL_AVAILABLE,,,NOT_RUN_PROVIDER_QUOTA,,,2026-08-26,2026-08-26T06:34:48Z,https://www.googleapis.com/books/v1/volumes,https://www.googleapis.com/books/v1/volumes?q=%22greenhouse+gases%22&langRestrict=en&maxResults=1&printType=books,EXACT_PHRASE,data/fear-temperature/priority180/search/raw/google_books/provider_quota_probe.json,e3b0c44298fc1c149afbf4c8996fb92427ae41e4649b934ca495991b7852b855,Provider runtime probe returned project quota 0; no candidate count was fabricated. Internet Archive is the completed primary bounded source.,FT-SEED-R1B-P-1988-27,1988,greenhouse gases
INTERNET_ARCHIVE,INTERNET_ARCHIVE_METADATA_TEXT_ITEM_COUNT,global warming has begun,"""Global Warming Has Begun"" AND mediatype:texts",ALL_AVAILABLE,,,COMPLETED_ZERO,0,0,2026-08-26,2026-08-26T06:22:09Z,https://archive.org/advancedsearch.php,https://archive.org/advancedsearch.php?q=%22Global+Warming+Has+Begun%22+AND+mediatype%3Atexts&fl%5B%5D=identifier&rows=0&page=1&output=json,EXACT_PHRASE,data/fear-temperature/priority180/search/raw/internet_archive/c55e2d90a7dda05490b3c5e3b3464bb6e5a780774bdd879e98c8b1d27c2a0e7f.json,a1d4ffbdbf604d0347a7e84d9fe029dd97603dd050a4e6953adf6f00a3d82e05,Metadata text-item count; not a full-text lexical frequency.,FT-SEED-R1B-P-1988-28,1988,Global Warming Has Begun
INTERNET_ARCHIVE,INTERNET_ARCHIVE_METADATA_TEXT_ITEM_COUNT,global warming has begun,"""Global Warming Has Begun"" AND mediatype:texts AND date:[1988-01-01 TO 1988-12-31]",STRICT_ANCHOR,1988,1988,COMPLETED_ZERO,0,0,2026-08-26,2026-08-26T06:22:10Z,https://archive.org/advancedsearch.php,https://archive.org/advancedsearch.php?q=%22Global+Warming+Has+Begun%22+AND+mediatype%3Atexts+AND+date%3A%5B1988-01-01+TO+1988-12-31%5D&fl%5B%5D=identifier&rows=0&page=1&output=json,EXACT_PHRASE,data/fear-temperature/priority180/search/raw/internet_archive/505f008194140c6d4f422f054a37407feaf03dd73c5c38660f73484bdc710384.json,16e71e6a407d017ec52c721cfe51005640b1cd2048d496c3c422ef2b0e8ffa35,Metadata text-item count; not a full-text lexical frequency.,FT-SEED-R1B-P-1988-28,1988,Global Warming Has Begun
INTERNET_ARCHIVE,INTERNET_ARCHIVE_METADATA_TEXT_ITEM_COUNT,global warming has begun,"""Global Warming Has Begun"" AND mediatype:texts AND date:[1986-01-01 TO 1990-12-31]",CONTEXTUAL_ANCHOR,1986,1990,COMPLETED_ZERO,0,0,2026-08-26,2026-08-26T06:22:11Z,https://archive.org/advancedsearch.php,https://archive.org/advancedsearch.php?q=%22Global+Warming+Has+Begun%22+AND+mediatype%3Atexts+AND+date%3A%5B1986-01-01+TO+1990-12-31%5D&fl%5B%5D=identifier&rows=0&page=1&output=json,EXACT_PHRASE,data/fear-temperature/priority180/search/raw/internet_archive/bd3c5513eb4431cf9457501c1f0be0c0f9770812fb3ececce1fc199cf52e217b.json,f450b417710513e68b2556f9fd8f8e0f134656322ca6f0cbfbc7259b053a4613,Metadata text-item count; not a full-text lexical frequency.,FT-SEED-R1B-P-1988-28,1988,Global Warming Has Begun
OPENALEX,OPENALEX_WORK_COUNT,global warming has begun,"""Global Warming Has Begun""",ALL_AVAILABLE,,,FAILED_PROVIDER_OR_REQUEST,,,2026-08-26,2026-08-26T06:32:35Z,https://api.openalex.org/works,https://api.openalex.org/works?search.exact=%22Global+Warming+Has+Begun%22&per-page=1&select=id,EXACT_PHRASE,data/fear-temperature/priority180/search/raw/openalex/001ff270c019b110925dff02355af60b2732fbb1b2e7cc2f26622c0a26bc4809.json,e3b0c44298fc1c149afbf4c8996fb92427ae41e4649b934ca495991b7852b855,NOT_RUN_OPENALEX_DAILY_BUDGET_EXHAUSTED: shared provider response retained; no count fabricated.,FT-SEED-R1B-P-1988-28,1988,Global Warming Has Begun
OPENALEX,OPENALEX_WORK_COUNT,global warming has begun,"""Global Warming Has Begun""",STRICT_ANCHOR,1988,1988,FAILED_PROVIDER_OR_REQUEST,,,2026-08-26,2026-08-26T06:32:35Z,https://api.openalex.org/works,https://api.openalex.org/works?search.exact=%22Global+Warming+Has+Begun%22&per-page=1&select=id&filter=from_publication_date%3A1988-01-01%2Cto_publication_date%3A1988-12-31,EXACT_PHRASE,data/fear-temperature/priority180/search/raw/openalex/001ff270c019b110925dff02355af60b2732fbb1b2e7cc2f26622c0a26bc4809.json,e3b0c44298fc1c149afbf4c8996fb92427ae41e4649b934ca495991b7852b855,NOT_RUN_OPENALEX_DAILY_BUDGET_EXHAUSTED: shared provider response retained; no count fabricated.,FT-SEED-R1B-P-1988-28,1988,Global Warming Has Begun
OPENALEX,OPENALEX_WORK_COUNT,global warming has begun,"""Global Warming Has Begun""",CONTEXTUAL_ANCHOR,1986,1990,FAILED_PROVIDER_OR_REQUEST,,,2026-08-26,2026-08-26T06:32:35Z,https://api.openalex.org/works,https://api.openalex.org/works?search.exact=%22Global+Warming+Has+Begun%22&per-page=1&select=id&filter=from_publication_date%3A1986-01-01%2Cto_publication_date%3A1990-12-31,EXACT_PHRASE,data/fear-temperature/priority180/search/raw/openalex/001ff270c019b110925dff02355af60b2732fbb1b2e7cc2f26622c0a26bc4809.json,e3b0c44298fc1c149afbf4c8996fb92427ae41e4649b934ca495991b7852b855,NOT_RUN_OPENALEX_DAILY_BUDGET_EXHAUSTED: shared provider response retained; no count fabricated.,FT-SEED-R1B-P-1988-28,1988,Global Warming Has Begun
GOOGLE_BOOKS_API,GOOGLE_BOOKS_TOTAL_ITEMS,global warming has begun,"""Global Warming Has Begun""",ALL_AVAILABLE,,,NOT_RUN_PROVIDER_QUOTA,,,2026-08-26,2026-08-26T06:34:48Z,https://www.googleapis.com/books/v1/volumes,https://www.googleapis.com/books/v1/volumes?q=%22Global+Warming+Has+Begun%22&langRestrict=en&maxResults=1&printType=books,EXACT_PHRASE,data/fear-temperature/priority180/search/raw/google_books/provider_quota_probe.json,e3b0c44298fc1c149afbf4c8996fb92427ae41e4649b934ca495991b7852b855,Provider runtime probe returned project quota 0; no candidate count was fabricated. Internet Archive is the completed primary bounded source.,FT-SEED-R1B-P-1988-28,1988,Global Warming Has Begun
INTERNET_ARCHIVE,INTERNET_ARCHIVE_METADATA_TEXT_ITEM_COUNT,evidence is pretty strong,"""evidence is pretty strong"" AND mediatype:texts",ALL_AVAILABLE,,,COMPLETED_ZERO,0,0,2026-08-26,2026-08-26T06:21:22Z,https://archive.org/advancedsearch.php,https://archive.org/advancedsearch.php?q=%22evidence+is+pretty+strong%22+AND+mediatype%3Atexts&fl%5B%5D=identifier&rows=0&page=1&output=json,EXACT_PHRASE,data/fear-temperature/priority180/search/raw/internet_archive/74febd3ff7c376aeef55aafe3063259bf06dc9439916e376a84f3d35cd7bc4e3.json,70a48ea7779c16e643dd9a913e4966ca233b3843105fd7aec75ba02397fd6f93,Metadata text-item count; not a full-text lexical frequency.,FT-SEED-R1B-P-1988-29,1988,evidence is pretty strong
INTERNET_ARCHIVE,INTERNET_ARCHIVE_METADATA_TEXT_ITEM_COUNT,evidence is pretty strong,"""evidence is pretty strong"" AND mediatype:texts AND date:[1988-01-01 TO 1988-12-31]",STRICT_ANCHOR,1988,1988,COMPLETED_ZERO,0,0,2026-08-26,2026-08-26T06:21:24Z,https://archive.org/advancedsearch.php,https://archive.org/advancedsearch.php?q=%22evidence+is+pretty+strong%22+AND+mediatype%3Atexts+AND+date%3A%5B1988-01-01+TO+1988-12-31%5D&fl%5B%5D=identifier&rows=0&page=1&output=json,EXACT_PHRASE,data/fear-temperature/priority180/search/raw/internet_archive/08b2278ef8eb0401df940f7207782bef744a7e1f9c9cbb10df560918ad69adaf.json,74c07cee78f75c363c063387382d37a2cf457ffdc1fe9003cab69f8b7a516f43,Metadata text-item count; not a full-text lexical frequency.,FT-SEED-R1B-P-1988-29,1988,evidence is pretty strong
INTERNET_ARCHIVE,INTERNET_ARCHIVE_METADATA_TEXT_ITEM_COUNT,evidence is pretty strong,"""evidence is pretty strong"" AND mediatype:texts AND date:[1986-01-01 TO 1990-12-31]",CONTEXTUAL_ANCHOR,1986,1990,COMPLETED_ZERO,0,0,2026-08-26,2026-08-26T06:21:25Z,https://archive.org/advancedsearch.php,https://archive.org/advancedsearch.php?q=%22evidence+is+pretty+strong%22+AND+mediatype%3Atexts+AND+date%3A%5B1986-01-01+TO+1990-12-31%5D&fl%5B%5D=identifier&rows=0&page=1&output=json,EXACT_PHRASE,data/fear-temperature/priority180/search/raw/internet_archive/f2b03c656df42ac5ccfcf8faff31f945ff80cf3a55bcad592ea235605aaba485.json,8c7e32785bf9d0d836dfccc6957410cf7cdd750eb7824e4348fdae32e33ce9bc,Metadata text-item count; not a full-text lexical frequency.,FT-SEED-R1B-P-1988-29,1988,evidence is pretty strong
OPENALEX,OPENALEX_WORK_COUNT,evidence is pretty strong,"""evidence is pretty strong""",ALL_AVAILABLE,,,FAILED_PROVIDER_OR_REQUEST,,,2026-08-26,2026-08-26T06:32:35Z,https://api.openalex.org/works,https://api.openalex.org/works?search.exact=%22evidence+is+pretty+strong%22&per-page=1&select=id,EXACT_PHRASE,data/fear-temperature/priority180/search/raw/openalex/001ff270c019b110925dff02355af60b2732fbb1b2e7cc2f26622c0a26bc4809.json,e3b0c44298fc1c149afbf4c8996fb92427ae41e4649b934ca495991b7852b855,NOT_RUN_OPENALEX_DAILY_BUDGET_EXHAUSTED: shared provider response retained; no count fabricated.,FT-SEED-R1B-P-1988-29,1988,evidence is pretty strong
OPENALEX,OPENALEX_WORK_COUNT,evidence is pretty strong,"""evidence is pretty strong""",STRICT_ANCHOR,1988,1988,FAILED_PROVIDER_OR_REQUEST,,,2026-08-26,2026-08-26T06:32:35Z,https://api.openalex.org/works,https://api.openalex.org/works?search.exact=%22evidence+is+pretty+strong%22&per-page=1&select=id&filter=from_publication_date%3A1988-01-01%2Cto_publication_date%3A1988-12-31,EXACT_PHRASE,data/fear-temperature/priority180/search/raw/openalex/001ff270c019b110925dff02355af60b2732fbb1b2e7cc2f26622c0a26bc4809.json,e3b0c44298fc1c149afbf4c8996fb92427ae41e4649b934ca495991b7852b855,NOT_RUN_OPENALEX_DAILY_BUDGET_EXHAUSTED: shared provider response retained; no count fabricated.,FT-SEED-R1B-P-1988-29,1988,evidence is pretty strong
OPENALEX,OPENALEX_WORK_COUNT,evidence is pretty strong,"""evidence is pretty strong""",CONTEXTUAL_ANCHOR,1986,1990,FAILED_PROVIDER_OR_REQUEST,,,2026-08-26,2026-08-26T06:32:35Z,https://api.openalex.org/works,https://api.openalex.org/works?search.exact=%22evidence+is+pretty+strong%22&per-page=1&select=id&filter=from_publication_date%3A1986-01-01%2Cto_publication_date%3A1990-12-31,EXACT_PHRASE,data/fear-temperature/priority180/search/raw/openalex/001ff270c019b110925dff02355af60b2732fbb1b2e7cc2f26622c0a26bc4809.json,e3b0c44298fc1c149afbf4c8996fb92427ae41e4649b934ca495991b7852b855,NOT_RUN_OPENALEX_DAILY_BUDGET_EXHAUSTED: shared provider response retained; no count fabricated.,FT-SEED-R1B-P-1988-29,1988,evidence is pretty strong
GOOGLE_BOOKS_API,GOOGLE_BOOKS_TOTAL_ITEMS,evidence is pretty strong,"""evidence is pretty strong""",ALL_AVAILABLE,,,NOT_RUN_PROVIDER_QUOTA,,,2026-08-26,2026-08-26T06:34:48Z,https://www.googleapis.com/books/v1/volumes,https://www.googleapis.com/books/v1/volumes?q=%22evidence+is+pretty+strong%22&langRestrict=en&maxResults=1&printType=books,EXACT_PHRASE,data/fear-temperature/priority180/search/raw/google_books/provider_quota_probe.json,e3b0c44298fc1c149afbf4c8996fb92427ae41e4649b934ca495991b7852b855,Provider runtime probe returned project quota 0; no candidate count was fabricated. Internet Archive is the completed primary bounded source.,FT-SEED-R1B-P-1988-29,1988,evidence is pretty strong
INTERNET_ARCHIVE,INTERNET_ARCHIVE_METADATA_TEXT_ITEM_COUNT,too much carbon dioxide is dangerous,"""too much carbon dioxide is dangerous"" AND mediatype:texts",ALL_AVAILABLE,,,COMPLETED_ZERO,0,0,2026-08-26,2026-08-26T06:26:11Z,https://archive.org/advancedsearch.php,https://archive.org/advancedsearch.php?q=%22too+much+carbon+dioxide+is+dangerous%22+AND+mediatype%3Atexts&fl%5B%5D=identifier&rows=0&page=1&output=json,EXACT_PHRASE,data/fear-temperature/priority180/search/raw/internet_archive/37881208491f76902de006edc387bc64297b5f17dd55da0f347e98c367df4733.json,aac383d71c77900c7ad179c652d5ea5bf771a5327946bf985675731108c732e9,Metadata text-item count; not a full-text lexical frequency.,FT-SEED-R1B-P-1988-30,1988,too much carbon dioxide is dangerous
INTERNET_ARCHIVE,INTERNET_ARCHIVE_METADATA_TEXT_ITEM_COUNT,too much carbon dioxide is dangerous,"""too much carbon dioxide is dangerous"" AND mediatype:texts AND date:[1988-01-01 TO 1988-12-31]",STRICT_ANCHOR,1988,1988,COMPLETED_ZERO,0,0,2026-08-26,2026-08-26T06:26:12Z,https://archive.org/advancedsearch.php,https://archive.org/advancedsearch.php?q=%22too+much+carbon+dioxide+is+dangerous%22+AND+mediatype%3Atexts+AND+date%3A%5B1988-01-01+TO+1988-12-31%5D&fl%5B%5D=identifier&rows=0&page=1&output=json,EXACT_PHRASE,data/fear-temperature/priority180/search/raw/internet_archive/c773b9ef414c8f4affdd7dc88aafb2812742f4b3ff48c17ccb670ee00dd21ddf.json,e233238f1fd09eca63c02e60ce563a1170efa65556c9e47c502b0e8efc1a5340,Metadata text-item count; not a full-text lexical frequency.,FT-SEED-R1B-P-1988-30,1988,too much carbon dioxide is dangerous
INTERNET_ARCHIVE,INTERNET_ARCHIVE_METADATA_TEXT_ITEM_COUNT,too much carbon dioxide is dangerous,"""too much carbon dioxide is dangerous"" AND mediatype:texts AND date:[1986-01-01 TO 1990-12-31]",CONTEXTUAL_ANCHOR,1986,1990,COMPLETED_ZERO,0,0,2026-08-26,2026-08-26T06:26:13Z,https://archive.org/advancedsearch.php,https://archive.org/advancedsearch.php?q=%22too+much+carbon+dioxide+is+dangerous%22+AND+mediatype%3Atexts+AND+date%3A%5B1986-01-01+TO+1990-12-31%5D&fl%5B%5D=identifier&rows=0&page=1&output=json,EXACT_PHRASE,data/fear-temperature/priority180/search/raw/internet_archive/18122e9a4411626a3c9e73400504eee149c9420af253e5bc2af2e27497f75e31.json,34f8d6c3ca550c9d990ef1f9986f64e7b5a4cb73fc7e0a9e4391307ed70d3280,Metadata text-item count; not a full-text lexical frequency.,FT-SEED-R1B-P-1988-30,1988,too much carbon dioxide is dangerous
OPENALEX,OPENALEX_WORK_COUNT,too much carbon dioxide is dangerous,"""too much carbon dioxide is dangerous""",ALL_AVAILABLE,,,FAILED_PROVIDER_OR_REQUEST,,,2026-08-26,2026-08-26T06:32:35Z,https://api.openalex.org/works,https://api.openalex.org/works?search.exact=%22too+much+carbon+dioxide+is+dangerous%22&per-page=1&select=id,EXACT_PHRASE,data/fear-temperature/priority180/search/raw/openalex/001ff270c019b110925dff02355af60b2732fbb1b2e7cc2f26622c0a26bc4809.json,e3b0c44298fc1c149afbf4c8996fb92427ae41e4649b934ca495991b7852b855,NOT_RUN_OPENALEX_DAILY_BUDGET_EXHAUSTED: shared provider response retained; no count fabricated.,FT-SEED-R1B-P-1988-30,1988,too much carbon dioxide is dangerous
OPENALEX,OPENALEX_WORK_COUNT,too much carbon dioxide is dangerous,"""too much carbon dioxide is dangerous""",STRICT_ANCHOR,1988,1988,FAILED_PROVIDER_OR_REQUEST,,,2026-08-26,2026-08-26T06:32:35Z,https://api.openalex.org/works,https://api.openalex.org/works?search.exact=%22too+much+carbon+dioxide+is+dangerous%22&per-page=1&select=id&filter=from_publication_date%3A1988-01-01%2Cto_publication_date%3A1988-12-31,EXACT_PHRASE,data/fear-temperature/priority180/search/raw/openalex/001ff270c019b110925dff02355af60b2732fbb1b2e7cc2f26622c0a26bc4809.json,e3b0c44298fc1c149afbf4c8996fb92427ae41e4649b934ca495991b7852b855,NOT_RUN_OPENALEX_DAILY_BUDGET_EXHAUSTED: shared provider response retained; no count fabricated.,FT-SEED-R1B-P-1988-30,1988,too much carbon dioxide is dangerous
OPENALEX,OPENALEX_WORK_COUNT,too much carbon dioxide is dangerous,"""too much carbon dioxide is dangerous""",CONTEXTUAL_ANCHOR,1986,1990,FAILED_PROVIDER_OR_REQUEST,,,2026-08-26,2026-08-26T06:32:35Z,https://api.openalex.org/works,https://api.openalex.org/works?search.exact=%22too+much+carbon+dioxide+is+dangerous%22&per-page=1&select=id&filter=from_publication_date%3A1986-01-01%2Cto_publication_date%3A1990-12-31,EXACT_PHRASE,data/fear-temperature/priority180/search/raw/openalex/001ff270c019b110925dff02355af60b2732fbb1b2e7cc2f26622c0a26bc4809.json,e3b0c44298fc1c149afbf4c8996fb92427ae41e4649b934ca495991b7852b855,NOT_RUN_OPENALEX_DAILY_BUDGET_EXHAUSTED: shared provider response retained; no count fabricated.,FT-SEED-R1B-P-1988-30,1988,too much carbon dioxide is dangerous
GOOGLE_BOOKS_API,GOOGLE_BOOKS_TOTAL_ITEMS,too much carbon dioxide is dangerous,"""too much carbon dioxide is dangerous""",ALL_AVAILABLE,,,NOT_RUN_PROVIDER_QUOTA,,,2026-08-26,2026-08-26T06:34:48Z,https://www.googleapis.com/books/v1/volumes,https://www.googleapis.com/books/v1/volumes?q=%22too+much+carbon+dioxide+is+dangerous%22&langRestrict=en&maxResults=1&printType=books,EXACT_PHRASE,data/fear-temperature/priority180/search/raw/google_books/provider_quota_probe.json,e3b0c44298fc1c149afbf4c8996fb92427ae41e4649b934ca495991b7852b855,Provider runtime probe returned project quota 0; no candidate count was fabricated. Internet Archive is the completed primary bounded source.,FT-SEED-R1B-P-1988-30,1988,too much carbon dioxide is dangerous
INTERNET_ARCHIVE,INTERNET_ARCHIVE_METADATA_TEXT_ITEM_COUNT,warming of the climate system,"""warming of the climate system"" AND mediatype:texts",ALL_AVAILABLE,,,COMPLETED_NONZERO,3,3,2026-08-26,2026-08-26T06:26:45Z,https://archive.org/advancedsearch.php,https://archive.org/advancedsearch.php?q=%22warming+of+the+climate+system%22+AND+mediatype%3Atexts&fl%5B%5D=identifier&rows=0&page=1&output=json,EXACT_PHRASE,data/fear-temperature/priority180/search/raw/internet_archive/c3fdf40223b536817ad380bebc6bbe96d8c63ccd9ef71503feeee6bcf3000b64.json,f92d1c7cfcf4c61b83629853f91d03a6b8fd96aca1af86346647b609a0575336,Metadata text-item count; not a full-text lexical frequency.,FT-SEED-R1B-P-0607-01,2006–2007,warming of the climate system
INTERNET_ARCHIVE,INTERNET_ARCHIVE_METADATA_TEXT_ITEM_COUNT,warming of the climate system,"""warming of the climate system"" AND mediatype:texts AND date:[2006-01-01 TO 2007-12-31]",STRICT_ANCHOR,2006,2007,COMPLETED_ZERO,0,0,2026-08-26,2026-08-26T06:26:46Z,https://archive.org/advancedsearch.php,https://archive.org/advancedsearch.php?q=%22warming+of+the+climate+system%22+AND+mediatype%3Atexts+AND+date%3A%5B2006-01-01+TO+2007-12-31%5D&fl%5B%5D=identifier&rows=0&page=1&output=json,EXACT_PHRASE,data/fear-temperature/priority180/search/raw/internet_archive/d4c0f0e6e39fa0969d3d60af58faef62d1f4558da4b298b13ac7388ddab9e429.json,fc5de19c63d38ca000f6648f168f9fc97d15dbdfecebc80ddb0b9cbdf7864339,Metadata text-item count; not a full-text lexical frequency.,FT-SEED-R1B-P-0607-01,2006–2007,warming of the climate system
INTERNET_ARCHIVE,INTERNET_ARCHIVE_METADATA_TEXT_ITEM_COUNT,warming of the climate system,"""warming of the climate system"" AND mediatype:texts AND date:[2005-01-01 TO 2008-12-31]",CONTEXTUAL_ANCHOR,2005,2008,COMPLETED_ZERO,0,0,2026-08-26,2026-08-26T06:26:47Z,https://archive.org/advancedsearch.php,https://archive.org/advancedsearch.php?q=%22warming+of+the+climate+system%22+AND+mediatype%3Atexts+AND+date%3A%5B2005-01-01+TO+2008-12-31%5D&fl%5B%5D=identifier&rows=0&page=1&output=json,EXACT_PHRASE,data/fear-temperature/priority180/search/raw/internet_archive/fcc1554dda89a3c50b0d319a372175298433ec1a0f1dcb8053153d108561a995.json,c13447318f592a03d3e80d64292ea32a5f7f7f3657aba77d60f9ab5de8e42b19,Metadata text-item count; not a full-text lexical frequency.,FT-SEED-R1B-P-0607-01,2006–2007,warming of the climate system
OPENALEX,OPENALEX_WORK_COUNT,warming of the climate system,"""warming of the climate system""",ALL_AVAILABLE,,,FAILED_PROVIDER_OR_REQUEST,,,2026-08-26,2026-08-26T06:32:35Z,https://api.openalex.org/works,https://api.openalex.org/works?search.exact=%22warming+of+the+climate+system%22&per-page=1&select=id,EXACT_PHRASE,data/fear-temperature/priority180/search/raw/openalex/001ff270c019b110925dff02355af60b2732fbb1b2e7cc2f26622c0a26bc4809.json,e3b0c44298fc1c149afbf4c8996fb92427ae41e4649b934ca495991b7852b855,NOT_RUN_OPENALEX_DAILY_BUDGET_EXHAUSTED: shared provider response retained; no count fabricated.,FT-SEED-R1B-P-0607-01,2006–2007,warming of the climate system
OPENALEX,OPENALEX_WORK_COUNT,warming of the climate system,"""warming of the climate system""",STRICT_ANCHOR,2006,2007,FAILED_PROVIDER_OR_REQUEST,,,2026-08-26,2026-08-26T06:32:35Z,https://api.openalex.org/works,https://api.openalex.org/works?search.exact=%22warming+of+the+climate+system%22&per-page=1&select=id&filter=from_publication_date%3A2006-01-01%2Cto_publication_date%3A2007-12-31,EXACT_PHRASE,data/fear-temperature/priority180/search/raw/openalex/001ff270c019b110925dff02355af60b2732fbb1b2e7cc2f26622c0a26bc4809.json,e3b0c44298fc1c149afbf4c8996fb92427ae41e4649b934ca495991b7852b855,NOT_RUN_OPENALEX_DAILY_BUDGET_EXHAUSTED: shared provider response retained; no count fabricated.,FT-SEED-R1B-P-0607-01,2006–2007,warming of the climate system
OPENALEX,OPENALEX_WORK_COUNT,warming of the climate system,"""warming of the climate system""",CONTEXTUAL_ANCHOR,2005,2008,FAILED_PROVIDER_OR_REQUEST,,,2026-08-26,2026-08-26T06:32:35Z,https://api.openalex.org/works,https://api.openalex.org/works?search.exact=%22warming+of+the+climate+system%22&per-page=1&select=id&filter=from_publication_date%3A2005-01-01%2Cto_publication_date%3A2008-12-31,EXACT_PHRASE,data/fear-temperature/priority180/search/raw/openalex/001ff270c019b110925dff02355af60b2732fbb1b2e7cc2f26622c0a26bc4809.json,e3b0c44298fc1c149afbf4c8996fb92427ae41e4649b934ca495991b7852b855,NOT_RUN_OPENALEX_DAILY_BUDGET_EXHAUSTED: shared provider response retained; no count fabricated.,FT-SEED-R1B-P-0607-01,2006–2007,warming of the climate system
GOOGLE_BOOKS_API,GOOGLE_BOOKS_TOTAL_ITEMS,warming of the climate system,"""warming of the climate system""",ALL_AVAILABLE,,,NOT_RUN_PROVIDER_QUOTA,,,2026-08-26,2026-08-26T06:34:48Z,https://www.googleapis.com/books/v1/volumes,https://www.googleapis.com/books/v1/volumes?q=%22warming+of+the+climate+system%22&langRestrict=en&maxResults=1&printType=books,EXACT_PHRASE,data/fear-temperature/priority180/search/raw/google_books/provider_quota_probe.json,e3b0c44298fc1c149afbf4c8996fb92427ae41e4649b934ca495991b7852b855,Provider runtime probe returned project quota 0; no candidate count was fabricated. Internet Archive is the completed primary bounded source.,FT-SEED-R1B-P-0607-01,2006–2007,warming of the climate system
INTERNET_ARCHIVE,INTERNET_ARCHIVE_METADATA_TEXT_ITEM_COUNT,unequivocal,"""unequivocal"" AND mediatype:texts",ALL_AVAILABLE,,,COMPLETED_NONZERO,919,919,2026-08-26,2026-08-26T06:26:17Z,https://archive.org/advancedsearch.php,https://archive.org/advancedsearch.php?q=%22unequivocal%22+AND+mediatype%3Atexts&fl%5B%5D=identifier&rows=0&page=1&output=json,EXACT_PHRASE,data/fear-temperature/priority180/search/raw/internet_archive/28a6288ac0088a3d16f627cb1297ba99e39191c5d00ebe8e0078e9d2ba911bec.json,de81b24f2b99b490b90d0d131f1e0f502b943ec4571333b1ec1842f039b1ea6d,Metadata text-item count; not a full-text lexical frequency.,FT-SEED-R1B-P-0607-02,2006–2007,unequivocal
INTERNET_ARCHIVE,INTERNET_ARCHIVE_METADATA_TEXT_ITEM_COUNT,unequivocal,"""unequivocal"" AND mediatype:texts AND date:[2006-01-01 TO 2007-12-31]",STRICT_ANCHOR,2006,2007,COMPLETED_NONZERO,31,31,2026-08-26,2026-08-26T06:26:18Z,https://archive.org/advancedsearch.php,https://archive.org/advancedsearch.php?q=%22unequivocal%22+AND+mediatype%3Atexts+AND+date%3A%5B2006-01-01+TO+2007-12-31%5D&fl%5B%5D=identifier&rows=0&page=1&output=json,EXACT_PHRASE,data/fear-temperature/priority180/search/raw/internet_archive/83e5780bf41e11a837239728ecde8236639044eb454f1f9cea29b9c7f611218e.json,b8f2999f37d08952a216b20b7e500ae1e503100a1dd443837ef49e1d69c006a7,Metadata text-item count; not a full-text lexical frequency.,FT-SEED-R1B-P-0607-02,2006–2007,unequivocal
INTERNET_ARCHIVE,INTERNET_ARCHIVE_METADATA_TEXT_ITEM_COUNT,unequivocal,"""unequivocal"" AND mediatype:texts AND date:[2005-01-01 TO 2008-12-31]",CONTEXTUAL_ANCHOR,2005,2008,COMPLETED_NONZERO,58,58,2026-08-26,2026-08-26T06:26:19Z,https://archive.org/advancedsearch.php,https://archive.org/advancedsearch.php?q=%22unequivocal%22+AND+mediatype%3Atexts+AND+date%3A%5B2005-01-01+TO+2008-12-31%5D&fl%5B%5D=identifier&rows=0&page=1&output=json,EXACT_PHRASE,data/fear-temperature/priority180/search/raw/internet_archive/b34349687e82f77982cabb3fb46d6fb60f87ea95224c2aea8f2002e4a5076896.json,826c30528ef2cc676e1b1f6eb81f1d8d5d6c475bff0e916c955b6da84235c9e2,Metadata text-item count; not a full-text lexical frequency.,FT-SEED-R1B-P-0607-02,2006–2007,unequivocal
OPENALEX,OPENALEX_WORK_COUNT,unequivocal,"""unequivocal""",ALL_AVAILABLE,,,FAILED_PROVIDER_OR_REQUEST,,,2026-08-26,2026-08-26T06:32:35Z,https://api.openalex.org/works,https://api.openalex.org/works?search.exact=%22unequivocal%22&per-page=1&select=id,EXACT_PHRASE,data/fear-temperature/priority180/search/raw/openalex/001ff270c019b110925dff02355af60b2732fbb1b2e7cc2f26622c0a26bc4809.json,e3b0c44298fc1c149afbf4c8996fb92427ae41e4649b934ca495991b7852b855,NOT_RUN_OPENALEX_DAILY_BUDGET_EXHAUSTED: shared provider response retained; no count fabricated.,FT-SEED-R1B-P-0607-02,2006–2007,unequivocal
OPENALEX,OPENALEX_WORK_COUNT,unequivocal,"""unequivocal""",STRICT_ANCHOR,2006,2007,FAILED_PROVIDER_OR_REQUEST,,,2026-08-26,2026-08-26T06:32:35Z,https://api.openalex.org/works,https://api.openalex.org/works?search.exact=%22unequivocal%22&per-page=1&select=id&filter=from_publication_date%3A2006-01-01%2Cto_publication_date%3A2007-12-31,EXACT_PHRASE,data/fear-temperature/priority180/search/raw/openalex/001ff270c019b110925dff02355af60b2732fbb1b2e7cc2f26622c0a26bc4809.json,e3b0c44298fc1c149afbf4c8996fb92427ae41e4649b934ca495991b7852b855,NOT_RUN_OPENALEX_DAILY_BUDGET_EXHAUSTED: shared provider response retained; no count fabricated.,FT-SEED-R1B-P-0607-02,2006–2007,unequivocal
OPENALEX,OPENALEX_WORK_COUNT,unequivocal,"""unequivocal""",CONTEXTUAL_ANCHOR,2005,2008,FAILED_PROVIDER_OR_REQUEST,,,2026-08-26,2026-08-26T06:32:35Z,https://api.openalex.org/works,https://api.openalex.org/works?search.exact=%22unequivocal%22&per-page=1&select=id&filter=from_publication_date%3A2005-01-01%2Cto_publication_date%3A2008-12-31,EXACT_PHRASE,data/fear-temperature/priority180/search/raw/openalex/001ff270c019b110925dff02355af60b2732fbb1b2e7cc2f26622c0a26bc4809.json,e3b0c44298fc1c149afbf4c8996fb92427ae41e4649b934ca495991b7852b855,NOT_RUN_OPENALEX_DAILY_BUDGET_EXHAUSTED: shared provider response retained; no count fabricated.,FT-SEED-R1B-P-0607-02,2006–2007,unequivocal
GOOGLE_BOOKS_API,GOOGLE_BOOKS_TOTAL_ITEMS,unequivocal,"""unequivocal""",ALL_AVAILABLE,,,NOT_RUN_PROVIDER_QUOTA,,,2026-08-26,2026-08-26T06:34:48Z,https://www.googleapis.com/books/v1/volumes,https://www.googleapis.com/books/v1/volumes?q=%22unequivocal%22&langRestrict=en&maxResults=1&printType=books,EXACT_PHRASE,data/fear-temperature/priority180/search/raw/google_books/provider_quota_probe.json,e3b0c44298fc1c149afbf4c8996fb92427ae41e4649b934ca495991b7852b855,Provider runtime probe returned project quota 0; no candidate count was fabricated. Internet Archive is the completed primary bounded source.,FT-SEED-R1B-P-0607-02,2006–2007,unequivocal
INTERNET_ARCHIVE,INTERNET_ARCHIVE_METADATA_TEXT_ITEM_COUNT,global average air and ocean temperatures,"""global average air and ocean temperatures"" AND mediatype:texts",ALL_AVAILABLE,,,COMPLETED_ZERO,0,0,2026-08-26,2026-08-26T06:21:45Z,https://archive.org/advancedsearch.php,https://archive.org/advancedsearch.php?q=%22global+average+air+and+ocean+temperatures%22+AND+mediatype%3Atexts&fl%5B%5D=identifier&rows=0&page=1&output=json,EXACT_PHRASE,data/fear-temperature/priority180/search/raw/internet_archive/8603ef4f33b490876ad89f969cc9757cec15d1c0098690cd2e5070fb29c31558.json,eeef3cc05bd2fc7406b51f53d37928c534a986b6f49d6658c269ed6fcba5adc5,Metadata text-item count; not a full-text lexical frequency.,FT-SEED-R1B-P-0607-03,2006–2007,global average air and ocean temperatures
INTERNET_ARCHIVE,INTERNET_ARCHIVE_METADATA_TEXT_ITEM_COUNT,global average air and ocean temperatures,"""global average air and ocean temperatures"" AND mediatype:texts AND date:[2006-01-01 TO 2007-12-31]",STRICT_ANCHOR,2006,2007,COMPLETED_ZERO,0,0,2026-08-26,2026-08-26T06:21:46Z,https://archive.org/advancedsearch.php,https://archive.org/advancedsearch.php?q=%22global+average+air+and+ocean+temperatures%22+AND+mediatype%3Atexts+AND+date%3A%5B2006-01-01+TO+2007-12-31%5D&fl%5B%5D=identifier&rows=0&page=1&output=json,EXACT_PHRASE,data/fear-temperature/priority180/search/raw/internet_archive/521817f564496d5a23589e403635bbb6b05770aa891b0c94f2d1055255338bbe.json,7481c3308d34d5ef9b556edd3f7ca5cb8b1f68a1a0451cb37e1177e3532b1a0f,Metadata text-item count; not a full-text lexical frequency.,FT-SEED-R1B-P-0607-03,2006–2007,global average air and ocean temperatures
INTERNET_ARCHIVE,INTERNET_ARCHIVE_METADATA_TEXT_ITEM_COUNT,global average air and ocean temperatures,"""global average air and ocean temperatures"" AND mediatype:texts AND date:[2005-01-01 TO 2008-12-31]",CONTEXTUAL_ANCHOR,2005,2008,COMPLETED_ZERO,0,0,2026-08-26,2026-08-26T06:21:47Z,https://archive.org/advancedsearch.php,https://archive.org/advancedsearch.php?q=%22global+average+air+and+ocean+temperatures%22+AND+mediatype%3Atexts+AND+date%3A%5B2005-01-01+TO+2008-12-31%5D&fl%5B%5D=identifier&rows=0&page=1&output=json,EXACT_PHRASE,data/fear-temperature/priority180/search/raw/internet_archive/9ec5bcc1ec8b72075f15c12c31d96e2a6d62b729e46b905915cd5d98a520891b.json,fdf57a406cde81dbb5fc4b239c5b65b12955cb6fba55de1ec378e42693628b76,Metadata text-item count; not a full-text lexical frequency.,FT-SEED-R1B-P-0607-03,2006–2007,global average air and ocean temperatures
OPENALEX,OPENALEX_WORK_COUNT,global average air and ocean temperatures,"""global average air and ocean temperatures""",ALL_AVAILABLE,,,FAILED_PROVIDER_OR_REQUEST,,,2026-08-26,2026-08-26T06:32:35Z,https://api.openalex.org/works,https://api.openalex.org/works?search.exact=%22global+average+air+and+ocean+temperatures%22&per-page=1&select=id,EXACT_PHRASE,data/fear-temperature/priority180/search/raw/openalex/001ff270c019b110925dff02355af60b2732fbb1b2e7cc2f26622c0a26bc4809.json,e3b0c44298fc1c149afbf4c8996fb92427ae41e4649b934ca495991b7852b855,NOT_RUN_OPENALEX_DAILY_BUDGET_EXHAUSTED: shared provider response retained; no count fabricated.,FT-SEED-R1B-P-0607-03,2006–2007,global average air and ocean temperatures
OPENALEX,OPENALEX_WORK_COUNT,global average air and ocean temperatures,"""global average air and ocean temperatures""",STRICT_ANCHOR,2006,2007,FAILED_PROVIDER_OR_REQUEST,,,2026-08-26,2026-08-26T06:32:35Z,https://api.openalex.org/works,https://api.openalex.org/works?search.exact=%22global+average+air+and+ocean+temperatures%22&per-page=1&select=id&filter=from_publication_date%3A2006-01-01%2Cto_publication_date%3A2007-12-31,EXACT_PHRASE,data/fear-temperature/priority180/search/raw/openalex/001ff270c019b110925dff02355af60b2732fbb1b2e7cc2f26622c0a26bc4809.json,e3b0c44298fc1c149afbf4c8996fb92427ae41e4649b934ca495991b7852b855,NOT_RUN_OPENALEX_DAILY_BUDGET_EXHAUSTED: shared provider response retained; no count fabricated.,FT-SEED-R1B-P-0607-03,2006–2007,global average air and ocean temperatures
OPENALEX,OPENALEX_WORK_COUNT,global average air and ocean temperatures,"""global average air and ocean temperatures""",CONTEXTUAL_ANCHOR,2005,2008,FAILED_PROVIDER_OR_REQUEST,,,2026-08-26,2026-08-26T06:32:35Z,https://api.openalex.org/works,https://api.openalex.org/works?search.exact=%22global+average+air+and+ocean+temperatures%22&per-page=1&select=id&filter=from_publication_date%3A2005-01-01%2Cto_publication_date%3A2008-12-31,EXACT_PHRASE,data/fear-temperature/priority180/search/raw/openalex/001ff270c019b110925dff02355af60b2732fbb1b2e7cc2f26622c0a26bc4809.json,e3b0c44298fc1c149afbf4c8996fb92427ae41e4649b934ca495991b7852b855,NOT_RUN_OPENALEX_DAILY_BUDGET_EXHAUSTED: shared provider response retained; no count fabricated.,FT-SEED-R1B-P-0607-03,2006–2007,global average air and ocean temperatures
GOOGLE_BOOKS_API,GOOGLE_BOOKS_TOTAL_ITEMS,global average air and ocean temperatures,"""global average air and ocean temperatures""",ALL_AVAILABLE,,,NOT_RUN_PROVIDER_QUOTA,,,2026-08-26,2026-08-26T06:34:48Z,https://www.googleapis.com/books/v1/volumes,https://www.googleapis.com/books/v1/volumes?q=%22global+average+air+and+ocean+temperatures%22&langRestrict=en&maxResults=1&printType=books,EXACT_PHRASE,data/fear-temperature/priority180/search/raw/google_books/provider_quota_probe.json,e3b0c44298fc1c149afbf4c8996fb92427ae41e4649b934ca495991b7852b855,Provider runtime probe returned project quota 0; no candidate count was fabricated. Internet Archive is the completed primary bounded source.,FT-SEED-R1B-P-0607-03,2006–2007,global average air and ocean temperatures
INTERNET_ARCHIVE,INTERNET_ARCHIVE_METADATA_TEXT_ITEM_COUNT,global surface temperature,"""global surface temperature"" AND mediatype:texts",ALL_AVAILABLE,,,COMPLETED_NONZERO,34,34,2026-08-26,2026-08-26T06:22:00Z,https://archive.org/advancedsearch.php,https://archive.org/advancedsearch.php?q=%22global+surface+temperature%22+AND+mediatype%3Atexts&fl%5B%5D=identifier&rows=0&page=1&output=json,EXACT_PHRASE,data/fear-temperature/priority180/search/raw/internet_archive/8aef4874e73f8ca5f52e01bf27463c9fc6f00d95557d02660459a311c6721654.json,263c13c444a1eeabfe08daad8e5391a2e066427b3b18e4855479ba080d7b9842,Metadata text-item count; not a full-text lexical frequency.,FT-SEED-R1B-P-0607-04,2006–2007,global surface temperature
INTERNET_ARCHIVE,INTERNET_ARCHIVE_METADATA_TEXT_ITEM_COUNT,global surface temperature,"""global surface temperature"" AND mediatype:texts AND date:[2006-01-01 TO 2007-12-31]",STRICT_ANCHOR,2006,2007,COMPLETED_ZERO,0,0,2026-08-26,2026-08-26T06:22:01Z,https://archive.org/advancedsearch.php,https://archive.org/advancedsearch.php?q=%22global+surface+temperature%22+AND+mediatype%3Atexts+AND+date%3A%5B2006-01-01+TO+2007-12-31%5D&fl%5B%5D=identifier&rows=0&page=1&output=json,EXACT_PHRASE,data/fear-temperature/priority180/search/raw/internet_archive/50b894c568bdd1f377aeb553b7f5abaeda991a51f0bf739c185cb7ba701a8528.json,d71dc4c267b4648dc39863f0e3de329c3f21f5767c0fdb1c447b5232e2b93654,Metadata text-item count; not a full-text lexical frequency.,FT-SEED-R1B-P-0607-04,2006–2007,global surface temperature
INTERNET_ARCHIVE,INTERNET_ARCHIVE_METADATA_TEXT_ITEM_COUNT,global surface temperature,"""global surface temperature"" AND mediatype:texts AND date:[2005-01-01 TO 2008-12-31]",CONTEXTUAL_ANCHOR,2005,2008,COMPLETED_NONZERO,2,2,2026-08-26,2026-08-26T06:22:03Z,https://archive.org/advancedsearch.php,https://archive.org/advancedsearch.php?q=%22global+surface+temperature%22+AND+mediatype%3Atexts+AND+date%3A%5B2005-01-01+TO+2008-12-31%5D&fl%5B%5D=identifier&rows=0&page=1&output=json,EXACT_PHRASE,data/fear-temperature/priority180/search/raw/internet_archive/adbf0f3fca02f0163f71c35222014543d39b65a4c1dff572cb24914b3d9ce1b2.json,7bfcd028d8de5dc4eea14a668d34ac1cae40a00a476834b63ba032a9c5ca912c,Metadata text-item count; not a full-text lexical frequency.,FT-SEED-R1B-P-0607-04,2006–2007,global surface temperature
OPENALEX,OPENALEX_WORK_COUNT,global surface temperature,"""global surface temperature""",ALL_AVAILABLE,,,FAILED_PROVIDER_OR_REQUEST,,,2026-08-26,2026-08-26T06:32:35Z,https://api.openalex.org/works,https://api.openalex.org/works?search.exact=%22global+surface+temperature%22&per-page=1&select=id,EXACT_PHRASE,data/fear-temperature/priority180/search/raw/openalex/001ff270c019b110925dff02355af60b2732fbb1b2e7cc2f26622c0a26bc4809.json,e3b0c44298fc1c149afbf4c8996fb92427ae41e4649b934ca495991b7852b855,NOT_RUN_OPENALEX_DAILY_BUDGET_EXHAUSTED: shared provider response retained; no count fabricated.,FT-SEED-R1B-P-0607-04,2006–2007,global surface temperature
OPENALEX,OPENALEX_WORK_COUNT,global surface temperature,"""global surface temperature""",STRICT_ANCHOR,2006,2007,FAILED_PROVIDER_OR_REQUEST,,,2026-08-26,2026-08-26T06:32:35Z,https://api.openalex.org/works,https://api.openalex.org/works?search.exact=%22global+surface+temperature%22&per-page=1&select=id&filter=from_publication_date%3A2006-01-01%2Cto_publication_date%3A2007-12-31,EXACT_PHRASE,data/fear-temperature/priority180/search/raw/openalex/001ff270c019b110925dff02355af60b2732fbb1b2e7cc2f26622c0a26bc4809.json,e3b0c44298fc1c149afbf4c8996fb92427ae41e4649b934ca495991b7852b855,NOT_RUN_OPENALEX_DAILY_BUDGET_EXHAUSTED: shared provider response retained; no count fabricated.,FT-SEED-R1B-P-0607-04,2006–2007,global surface temperature
OPENALEX,OPENALEX_WORK_COUNT,global surface temperature,"""global surface temperature""",CONTEXTUAL_ANCHOR,2005,2008,FAILED_PROVIDER_OR_REQUEST,,,2026-08-26,2026-08-26T06:32:35Z,https://api.openalex.org/works,https://api.openalex.org/works?search.exact=%22global+surface+temperature%22&per-page=1&select=id&filter=from_publication_date%3A2005-01-01%2Cto_publication_date%3A2008-12-31,EXACT_PHRASE,data/fear-temperature/priority180/search/raw/openalex/001ff270c019b110925dff02355af60b2732fbb1b2e7cc2f26622c0a26bc4809.json,e3b0c44298fc1c149afbf4c8996fb92427ae41e4649b934ca495991b7852b855,NOT_RUN_OPENALEX_DAILY_BUDGET_EXHAUSTED: shared provider response retained; no count fabricated.,FT-SEED-R1B-P-0607-04,2006–2007,global surface temperature
GOOGLE_BOOKS_API,GOOGLE_BOOKS_TOTAL_ITEMS,global surface temperature,"""global surface temperature""",ALL_AVAILABLE,,,NOT_RUN_PROVIDER_QUOTA,,,2026-08-26,2026-08-26T06:34:48Z,https://www.googleapis.com/books/v1/volumes,https://www.googleapis.com/books/v1/volumes?q=%22global+surface+temperature%22&langRestrict=en&maxResults=1&printType=books,EXACT_PHRASE,data/fear-temperature/priority180/search/raw/google_books/provider_quota_probe.json,e3b0c44298fc1c149afbf4c8996fb92427ae41e4649b934ca495991b7852b855,Provider runtime probe returned project quota 0; no candidate count was fabricated. Internet Archive is the completed primary bounded source.,FT-SEED-R1B-P-0607-04,2006–2007,global surface temperature
INTERNET_ARCHIVE,INTERNET_ARCHIVE_METADATA_TEXT_ITEM_COUNT,temperature increase,"""temperature increase"" AND mediatype:texts",ALL_AVAILABLE,,,COMPLETED_NONZERO,442,442,2026-08-26,2026-08-26T06:25:53Z,https://archive.org/advancedsearch.php,https://archive.org/advancedsearch.php?q=%22temperature+increase%22+AND+mediatype%3Atexts&fl%5B%5D=identifier&rows=0&page=1&output=json,EXACT_PHRASE,data/fear-temperature/priority180/search/raw/internet_archive/3bf91ba35daa38089f3aa4d75c5793ab5214ec555ef056a8cf801ba9cf9aabe3.json,741a63b8b2dbf045f08e20b19257859b7f66c31cc4218e9ba985c29d309a4cc9,Metadata text-item count; not a full-text lexical frequency.,FT-SEED-R1B-P-0607-05,2006–2007,temperature increase
INTERNET_ARCHIVE,INTERNET_ARCHIVE_METADATA_TEXT_ITEM_COUNT,temperature increase,"""temperature increase"" AND mediatype:texts AND date:[2006-01-01 TO 2007-12-31]",STRICT_ANCHOR,2006,2007,COMPLETED_NONZERO,17,17,2026-08-26,2026-08-26T06:25:54Z,https://archive.org/advancedsearch.php,https://archive.org/advancedsearch.php?q=%22temperature+increase%22+AND+mediatype%3Atexts+AND+date%3A%5B2006-01-01+TO+2007-12-31%5D&fl%5B%5D=identifier&rows=0&page=1&output=json,EXACT_PHRASE,data/fear-temperature/priority180/search/raw/internet_archive/67f15e1ef8b4f7877e5817666c90a462d820c34b4aa3e7e8fad278028f0e71e7.json,ca669bee2284ee1a4c11f85fb3d92a41b56a033fc0b1f050453c0cd1c8f05d00,Metadata text-item count; not a full-text lexical frequency.,FT-SEED-R1B-P-0607-05,2006–2007,temperature increase
INTERNET_ARCHIVE,INTERNET_ARCHIVE_METADATA_TEXT_ITEM_COUNT,temperature increase,"""temperature increase"" AND mediatype:texts AND date:[2005-01-01 TO 2008-12-31]",CONTEXTUAL_ANCHOR,2005,2008,COMPLETED_NONZERO,29,29,2026-08-26,2026-08-26T06:25:55Z,https://archive.org/advancedsearch.php,https://archive.org/advancedsearch.php?q=%22temperature+increase%22+AND+mediatype%3Atexts+AND+date%3A%5B2005-01-01+TO+2008-12-31%5D&fl%5B%5D=identifier&rows=0&page=1&output=json,EXACT_PHRASE,data/fear-temperature/priority180/search/raw/internet_archive/bf568c4e18a2bf80aa382bd41cb66da9d718d67aefd866718689fcccf68274db.json,8d66487580d2e6e79b5cfafade5d3d9de5732dc0d181685b3540b013d6d3152c,Metadata text-item count; not a full-text lexical frequency.,FT-SEED-R1B-P-0607-05,2006–2007,temperature increase
OPENALEX,OPENALEX_WORK_COUNT,temperature increase,"""temperature increase""",ALL_AVAILABLE,,,FAILED_PROVIDER_OR_REQUEST,,,2026-08-26,2026-08-26T06:32:35Z,https://api.openalex.org/works,https://api.openalex.org/works?search.exact=%22temperature+increase%22&per-page=1&select=id,EXACT_PHRASE,data/fear-temperature/priority180/search/raw/openalex/001ff270c019b110925dff02355af60b2732fbb1b2e7cc2f26622c0a26bc4809.json,e3b0c44298fc1c149afbf4c8996fb92427ae41e4649b934ca495991b7852b855,NOT_RUN_OPENALEX_DAILY_BUDGET_EXHAUSTED: shared provider response retained; no count fabricated.,FT-SEED-R1B-P-0607-05,2006–2007,temperature increase
OPENALEX,OPENALEX_WORK_COUNT,temperature increase,"""temperature increase""",STRICT_ANCHOR,2006,2007,FAILED_PROVIDER_OR_REQUEST,,,2026-08-26,2026-08-26T06:32:35Z,https://api.openalex.org/works,https://api.openalex.org/works?search.exact=%22temperature+increase%22&per-page=1&select=id&filter=from_publication_date%3A2006-01-01%2Cto_publication_date%3A2007-12-31,EXACT_PHRASE,data/fear-temperature/priority180/search/raw/openalex/001ff270c019b110925dff02355af60b2732fbb1b2e7cc2f26622c0a26bc4809.json,e3b0c44298fc1c149afbf4c8996fb92427ae41e4649b934ca495991b7852b855,NOT_RUN_OPENALEX_DAILY_BUDGET_EXHAUSTED: shared provider response retained; no count fabricated.,FT-SEED-R1B-P-0607-05,2006–2007,temperature increase
OPENALEX,OPENALEX_WORK_COUNT,temperature increase,"""temperature increase""",CONTEXTUAL_ANCHOR,2005,2008,FAILED_PROVIDER_OR_REQUEST,,,2026-08-26,2026-08-26T06:32:35Z,https://api.openalex.org/works,https://api.openalex.org/works?search.exact=%22temperature+increase%22&per-page=1&select=id&filter=from_publication_date%3A2005-01-01%2Cto_publication_date%3A2008-12-31,EXACT_PHRASE,data/fear-temperature/priority180/search/raw/openalex/001ff270c019b110925dff02355af60b2732fbb1b2e7cc2f26622c0a26bc4809.json,e3b0c44298fc1c149afbf4c8996fb92427ae41e4649b934ca495991b7852b855,NOT_RUN_OPENALEX_DAILY_BUDGET_EXHAUSTED: shared provider response retained; no count fabricated.,FT-SEED-R1B-P-0607-05,2006–2007,temperature increase
GOOGLE_BOOKS_API,GOOGLE_BOOKS_TOTAL_ITEMS,temperature increase,"""temperature increase""",ALL_AVAILABLE,,,NOT_RUN_PROVIDER_QUOTA,,,2026-08-26,2026-08-26T06:34:48Z,https://www.googleapis.com/books/v1/volumes,https://www.googleapis.com/books/v1/volumes?q=%22temperature+increase%22&langRestrict=en&maxResults=1&printType=books,EXACT_PHRASE,data/fear-temperature/priority180/search/raw/google_books/provider_quota_probe.json,e3b0c44298fc1c149afbf4c8996fb92427ae41e4649b934ca495991b7852b855,Provider runtime probe returned project quota 0; no candidate count was fabricated. Internet Archive is the completed primary bounded source.,FT-SEED-R1B-P-0607-05,2006–2007,temperature increase
INTERNET_ARCHIVE,INTERNET_ARCHIVE_METADATA_TEXT_ITEM_COUNT,rising global average sea level,"""rising global average sea level"" AND mediatype:texts",ALL_AVAILABLE,,,COMPLETED_ZERO,0,0,2026-08-26,2026-08-26T06:24:57Z,https://archive.org/advancedsearch.php,https://archive.org/advancedsearch.php?q=%22rising+global+average+sea+level%22+AND+mediatype%3Atexts&fl%5B%5D=identifier&rows=0&page=1&output=json,EXACT_PHRASE,data/fear-temperature/priority180/search/raw/internet_archive/45f01300cc972d296e64034e7cf8f46c10ba1ab15447651179dfbef0fd2b0d67.json,72909eae1a37310856c4887d7ea8d262ae948a4dac381016c70ddc8176ebccd2,Metadata text-item count; not a full-text lexical frequency.,FT-SEED-R1B-P-0607-06,2006–2007,rising global average sea level
INTERNET_ARCHIVE,INTERNET_ARCHIVE_METADATA_TEXT_ITEM_COUNT,rising global average sea level,"""rising global average sea level"" AND mediatype:texts AND date:[2006-01-01 TO 2007-12-31]",STRICT_ANCHOR,2006,2007,COMPLETED_ZERO,0,0,2026-08-26,2026-08-26T06:24:58Z,https://archive.org/advancedsearch.php,https://archive.org/advancedsearch.php?q=%22rising+global+average+sea+level%22+AND+mediatype%3Atexts+AND+date%3A%5B2006-01-01+TO+2007-12-31%5D&fl%5B%5D=identifier&rows=0&page=1&output=json,EXACT_PHRASE,data/fear-temperature/priority180/search/raw/internet_archive/787c00240c2258379e307b6c01952fcdfeac769d4a0cabbfbf16a94e7a864d11.json,a2118746fa618f86af3a0503808dbde99b1d1d5417f9c2db575529a78d3da720,Metadata text-item count; not a full-text lexical frequency.,FT-SEED-R1B-P-0607-06,2006–2007,rising global average sea level
INTERNET_ARCHIVE,INTERNET_ARCHIVE_METADATA_TEXT_ITEM_COUNT,rising global average sea level,"""rising global average sea level"" AND mediatype:texts AND date:[2005-01-01 TO 2008-12-31]",CONTEXTUAL_ANCHOR,2005,2008,COMPLETED_ZERO,0,0,2026-08-26,2026-08-26T06:24:59Z,https://archive.org/advancedsearch.php,https://archive.org/advancedsearch.php?q=%22rising+global+average+sea+level%22+AND+mediatype%3Atexts+AND+date%3A%5B2005-01-01+TO+2008-12-31%5D&fl%5B%5D=identifier&rows=0&page=1&output=json,EXACT_PHRASE,data/fear-temperature/priority180/search/raw/internet_archive/45864af9d305dea7560fec1aa3d7405726cbf362b818ea270893e486c51091e5.json,07ff5f444bde931781a34ce3f0171524d2c796c98a640ebeaa4b47e5ed9cacb2,Metadata text-item count; not a full-text lexical frequency.,FT-SEED-R1B-P-0607-06,2006–2007,rising global average sea level
OPENALEX,OPENALEX_WORK_COUNT,rising global average sea level,"""rising global average sea level""",ALL_AVAILABLE,,,FAILED_PROVIDER_OR_REQUEST,,,2026-08-26,2026-08-26T06:32:35Z,https://api.openalex.org/works,https://api.openalex.org/works?search.exact=%22rising+global+average+sea+level%22&per-page=1&select=id,EXACT_PHRASE,data/fear-temperature/priority180/search/raw/openalex/001ff270c019b110925dff02355af60b2732fbb1b2e7cc2f26622c0a26bc4809.json,e3b0c44298fc1c149afbf4c8996fb92427ae41e4649b934ca495991b7852b855,NOT_RUN_OPENALEX_DAILY_BUDGET_EXHAUSTED: shared provider response retained; no count fabricated.,FT-SEED-R1B-P-0607-06,2006–2007,rising global average sea level
OPENALEX,OPENALEX_WORK_COUNT,rising global average sea level,"""rising global average sea level""",STRICT_ANCHOR,2006,2007,FAILED_PROVIDER_OR_REQUEST,,,2026-08-26,2026-08-26T06:32:35Z,https://api.openalex.org/works,https://api.openalex.org/works?search.exact=%22rising+global+average+sea+level%22&per-page=1&select=id&filter=from_publication_date%3A2006-01-01%2Cto_publication_date%3A2007-12-31,EXACT_PHRASE,data/fear-temperature/priority180/search/raw/openalex/001ff270c019b110925dff02355af60b2732fbb1b2e7cc2f26622c0a26bc4809.json,e3b0c44298fc1c149afbf4c8996fb92427ae41e4649b934ca495991b7852b855,NOT_RUN_OPENALEX_DAILY_BUDGET_EXHAUSTED: shared provider response retained; no count fabricated.,FT-SEED-R1B-P-0607-06,2006–2007,rising global average sea level
OPENALEX,OPENALEX_WORK_COUNT,rising global average sea level,"""rising global average sea level""",CONTEXTUAL_ANCHOR,2005,2008,FAILED_PROVIDER_OR_REQUEST,,,2026-08-26,2026-08-26T06:32:35Z,https://api.openalex.org/works,https://api.openalex.org/works?search.exact=%22rising+global+average+sea+level%22&per-page=1&select=id&filter=from_publication_date%3A2005-01-01%2Cto_publication_date%3A2008-12-31,EXACT_PHRASE,data/fear-temperature/priority180/search/raw/openalex/001ff270c019b110925dff02355af60b2732fbb1b2e7cc2f26622c0a26bc4809.json,e3b0c44298fc1c149afbf4c8996fb92427ae41e4649b934ca495991b7852b855,NOT_RUN_OPENALEX_DAILY_BUDGET_EXHAUSTED: shared provider response retained; no count fabricated.,FT-SEED-R1B-P-0607-06,2006–2007,rising global average sea level
GOOGLE_BOOKS_API,GOOGLE_BOOKS_TOTAL_ITEMS,rising global average sea level,"""rising global average sea level""",ALL_AVAILABLE,,,NOT_RUN_PROVIDER_QUOTA,,,2026-08-26,2026-08-26T06:34:48Z,https://www.googleapis.com/books/v1/volumes,https://www.googleapis.com/books/v1/volumes?q=%22rising+global+average+sea+level%22&langRestrict=en&maxResults=1&printType=books,EXACT_PHRASE,data/fear-temperature/priority180/search/raw/google_books/provider_quota_probe.json,e3b0c44298fc1c149afbf4c8996fb92427ae41e4649b934ca495991b7852b855,Provider runtime probe returned project quota 0; no candidate count was fabricated. Internet Archive is the completed primary bounded source.,FT-SEED-R1B-P-0607-06,2006–2007,rising global average sea level
INTERNET_ARCHIVE,INTERNET_ARCHIVE_METADATA_TEXT_ITEM_COUNT,widespread melting of snow and ice,"""widespread melting of snow and ice"" AND mediatype:texts",ALL_AVAILABLE,,,COMPLETED_ZERO,0,0,2026-08-26,2026-08-26T06:27:08Z,https://archive.org/advancedsearch.php,https://archive.org/advancedsearch.php?q=%22widespread+melting+of+snow+and+ice%22+AND+mediatype%3Atexts&fl%5B%5D=identifier&rows=0&page=1&output=json,EXACT_PHRASE,data/fear-temperature/priority180/search/raw/internet_archive/0f38a5653452a2a28b8c753f361ee90f1dc1c3d11bac91e84aa02b61b99fb5af.json,e65804985c05594fc4ab9108322799e938d65c630648871a6f6664060511a22a,Metadata text-item count; not a full-text lexical frequency.,FT-SEED-R1B-P-0607-07,2006–2007,widespread melting of snow and ice
INTERNET_ARCHIVE,INTERNET_ARCHIVE_METADATA_TEXT_ITEM_COUNT,widespread melting of snow and ice,"""widespread melting of snow and ice"" AND mediatype:texts AND date:[2006-01-01 TO 2007-12-31]",STRICT_ANCHOR,2006,2007,COMPLETED_ZERO,0,0,2026-08-26,2026-08-26T06:27:09Z,https://archive.org/advancedsearch.php,https://archive.org/advancedsearch.php?q=%22widespread+melting+of+snow+and+ice%22+AND+mediatype%3Atexts+AND+date%3A%5B2006-01-01+TO+2007-12-31%5D&fl%5B%5D=identifier&rows=0&page=1&output=json,EXACT_PHRASE,data/fear-temperature/priority180/search/raw/internet_archive/51cff26617454c7ca1f92605d8e060366761164dde686566fb47784ca883973c.json,cdc85e804df9c8ea8f476474570af0754a5a9bdfa97f9348d38d889904596bed,Metadata text-item count; not a full-text lexical frequency.,FT-SEED-R1B-P-0607-07,2006–2007,widespread melting of snow and ice
INTERNET_ARCHIVE,INTERNET_ARCHIVE_METADATA_TEXT_ITEM_COUNT,widespread melting of snow and ice,"""widespread melting of snow and ice"" AND mediatype:texts AND date:[2005-01-01 TO 2008-12-31]",CONTEXTUAL_ANCHOR,2005,2008,COMPLETED_ZERO,0,0,2026-08-26,2026-08-26T06:27:11Z,https://archive.org/advancedsearch.php,https://archive.org/advancedsearch.php?q=%22widespread+melting+of+snow+and+ice%22+AND+mediatype%3Atexts+AND+date%3A%5B2005-01-01+TO+2008-12-31%5D&fl%5B%5D=identifier&rows=0&page=1&output=json,EXACT_PHRASE,data/fear-temperature/priority180/search/raw/internet_archive/2efb41e58bb5fe42e212b54c85eb92899be3762783fdd99fe7b7cf11aba15269.json,ce64911fabc408fe8090da2b6ae8dd10bf91dac0bd864afb26b1ebe230586726,Metadata text-item count; not a full-text lexical frequency.,FT-SEED-R1B-P-0607-07,2006–2007,widespread melting of snow and ice
OPENALEX,OPENALEX_WORK_COUNT,widespread melting of snow and ice,"""widespread melting of snow and ice""",ALL_AVAILABLE,,,FAILED_PROVIDER_OR_REQUEST,,,2026-08-26,2026-08-26T06:32:35Z,https://api.openalex.org/works,https://api.openalex.org/works?search.exact=%22widespread+melting+of+snow+and+ice%22&per-page=1&select=id,EXACT_PHRASE,data/fear-temperature/priority180/search/raw/openalex/001ff270c019b110925dff02355af60b2732fbb1b2e7cc2f26622c0a26bc4809.json,e3b0c44298fc1c149afbf4c8996fb92427ae41e4649b934ca495991b7852b855,NOT_RUN_OPENALEX_DAILY_BUDGET_EXHAUSTED: shared provider response retained; no count fabricated.,FT-SEED-R1B-P-0607-07,2006–2007,widespread melting of snow and ice
OPENALEX,OPENALEX_WORK_COUNT,widespread melting of snow and ice,"""widespread melting of snow and ice""",STRICT_ANCHOR,2006,2007,FAILED_PROVIDER_OR_REQUEST,,,2026-08-26,2026-08-26T06:32:35Z,https://api.openalex.org/works,https://api.openalex.org/works?search.exact=%22widespread+melting+of+snow+and+ice%22&per-page=1&select=id&filter=from_publication_date%3A2006-01-01%2Cto_publication_date%3A2007-12-31,EXACT_PHRASE,data/fear-temperature/priority180/search/raw/openalex/001ff270c019b110925dff02355af60b2732fbb1b2e7cc2f26622c0a26bc4809.json,e3b0c44298fc1c149afbf4c8996fb92427ae41e4649b934ca495991b7852b855,NOT_RUN_OPENALEX_DAILY_BUDGET_EXHAUSTED: shared provider response retained; no count fabricated.,FT-SEED-R1B-P-0607-07,2006–2007,widespread melting of snow and ice
OPENALEX,OPENALEX_WORK_COUNT,widespread melting of snow and ice,"""widespread melting of snow and ice""",CONTEXTUAL_ANCHOR,2005,2008,FAILED_PROVIDER_OR_REQUEST,,,2026-08-26,2026-08-26T06:32:35Z,https://api.openalex.org/works,https://api.openalex.org/works?search.exact=%22widespread+melting+of+snow+and+ice%22&per-page=1&select=id&filter=from_publication_date%3A2005-01-01%2Cto_publication_date%3A2008-12-31,EXACT_PHRASE,data/fear-temperature/priority180/search/raw/openalex/001ff270c019b110925dff02355af60b2732fbb1b2e7cc2f26622c0a26bc4809.json,e3b0c44298fc1c149afbf4c8996fb92427ae41e4649b934ca495991b7852b855,NOT_RUN_OPENALEX_DAILY_BUDGET_EXHAUSTED: shared provider response retained; no count fabricated.,FT-SEED-R1B-P-0607-07,2006–2007,widespread melting of snow and ice
GOOGLE_BOOKS_API,GOOGLE_BOOKS_TOTAL_ITEMS,widespread melting of snow and ice,"""widespread melting of snow and ice""",ALL_AVAILABLE,,,NOT_RUN_PROVIDER_QUOTA,,,2026-08-26,2026-08-26T06:34:48Z,https://www.googleapis.com/books/v1/volumes,https://www.googleapis.com/books/v1/volumes?q=%22widespread+melting+of+snow+and+ice%22&langRestrict=en&maxResults=1&printType=books,EXACT_PHRASE,data/fear-temperature/priority180/search/raw/google_books/provider_quota_probe.json,e3b0c44298fc1c149afbf4c8996fb92427ae41e4649b934ca495991b7852b855,Provider runtime probe returned project quota 0; no candidate count was fabricated. Internet Archive is the completed primary bounded source.,FT-SEED-R1B-P-0607-07,2006–2007,widespread melting of snow and ice
INTERNET_ARCHIVE,INTERNET_ARCHIVE_METADATA_TEXT_ITEM_COUNT,anthropogenic co2,"""anthropogenic CO₂"" AND mediatype:texts",ALL_AVAILABLE,,,COMPLETED_NONZERO,8,8,2026-08-26,2026-08-26T06:19:03Z,https://archive.org/advancedsearch.php,https://archive.org/advancedsearch.php?q=%22anthropogenic+CO%E2%82%82%22+AND+mediatype%3Atexts&fl%5B%5D=identifier&rows=0&page=1&output=json,EXACT_PHRASE,data/fear-temperature/priority180/search/raw/internet_archive/8dd8ad2a01014ae461912620616c098dddff9a354aa78ab2edb364a2e5e930b2.json,8a625ed7f3b93d787e25766fcea637ddf1e842f1b3487f1b48f42ce7da342ee4,Metadata text-item count; not a full-text lexical frequency.,FT-SEED-R1B-P-0607-08,2006–2007,anthropogenic CO₂
INTERNET_ARCHIVE,INTERNET_ARCHIVE_METADATA_TEXT_ITEM_COUNT,anthropogenic co2,"""anthropogenic CO₂"" AND mediatype:texts AND date:[2006-01-01 TO 2007-12-31]",STRICT_ANCHOR,2006,2007,COMPLETED_ZERO,0,0,2026-08-26,2026-08-26T06:19:04Z,https://archive.org/advancedsearch.php,https://archive.org/advancedsearch.php?q=%22anthropogenic+CO%E2%82%82%22+AND+mediatype%3Atexts+AND+date%3A%5B2006-01-01+TO+2007-12-31%5D&fl%5B%5D=identifier&rows=0&page=1&output=json,EXACT_PHRASE,data/fear-temperature/priority180/search/raw/internet_archive/2e7fd6a102c4e809bea57701cd9a51cdf0ed2098e3465aab13c4205d337d2917.json,fd29cade8d045327fb2fbb08178f34c57beabe449e8022153f3be73ad684ca20,Metadata text-item count; not a full-text lexical frequency.,FT-SEED-R1B-P-0607-08,2006–2007,anthropogenic CO₂
INTERNET_ARCHIVE,INTERNET_ARCHIVE_METADATA_TEXT_ITEM_COUNT,anthropogenic co2,"""anthropogenic CO₂"" AND mediatype:texts AND date:[2005-01-01 TO 2008-12-31]",CONTEXTUAL_ANCHOR,2005,2008,COMPLETED_ZERO,0,0,2026-08-26,2026-08-26T06:19:05Z,https://archive.org/advancedsearch.php,https://archive.org/advancedsearch.php?q=%22anthropogenic+CO%E2%82%82%22+AND+mediatype%3Atexts+AND+date%3A%5B2005-01-01+TO+2008-12-31%5D&fl%5B%5D=identifier&rows=0&page=1&output=json,EXACT_PHRASE,data/fear-temperature/priority180/search/raw/internet_archive/e76af81484b9cff781aa9e6a6befd4081bb613bae89c32c6ed9d660cdac874b9.json,61935688d175c805e98857bf4007962a0644c8edaa1cc0364d368943553740a7,Metadata text-item count; not a full-text lexical frequency.,FT-SEED-R1B-P-0607-08,2006–2007,anthropogenic CO₂
OPENALEX,OPENALEX_WORK_COUNT,anthropogenic co2,"""anthropogenic CO₂""",ALL_AVAILABLE,,,COMPLETED_NONZERO,19164,19164,2026-08-26,2026-08-26T06:27:42Z,https://api.openalex.org/works,https://api.openalex.org/works?search.exact=%22anthropogenic+CO%E2%82%82%22&per-page=1&select=id,EXACT_PHRASE,data/fear-temperature/priority180/search/raw/openalex/ad88089cbb5c257d16c146938a674c999c266707dbc62b7d0d38c56b492ed48a.json,dd1ef3fabd97839ecf70eee9a9624dde313cc3acacc1e8a7bcf32efc32194537,Scholarly work discoverability count over OpenAlex search fields; not a corpus word frequency.,FT-SEED-R1B-P-0607-08,2006–2007,anthropogenic CO₂
OPENALEX,OPENALEX_WORK_COUNT,anthropogenic co2,"""anthropogenic CO₂""",STRICT_ANCHOR,2006,2007,COMPLETED_NONZERO,388,388,2026-08-26,2026-08-26T06:27:43Z,https://api.openalex.org/works,https://api.openalex.org/works?search.exact=%22anthropogenic+CO%E2%82%82%22&per-page=1&select=id&filter=from_publication_date%3A2006-01-01%2Cto_publication_date%3A2007-12-31,EXACT_PHRASE,data/fear-temperature/priority180/search/raw/openalex/d88c3d96281b68c458aefadf97862d9d376f091adc39638cd0f4383d3cf14784.json,b293251aaab63b52c52296184cb542f668179d50c3ba7fa382498141a5ad12da,Scholarly work discoverability count over OpenAlex search fields; not a corpus word frequency.,FT-SEED-R1B-P-0607-08,2006–2007,anthropogenic CO₂
OPENALEX,OPENALEX_WORK_COUNT,anthropogenic co2,"""anthropogenic CO₂""",CONTEXTUAL_ANCHOR,2005,2008,COMPLETED_NONZERO,865,865,2026-08-26,2026-08-26T06:27:43Z,https://api.openalex.org/works,https://api.openalex.org/works?search.exact=%22anthropogenic+CO%E2%82%82%22&per-page=1&select=id&filter=from_publication_date%3A2005-01-01%2Cto_publication_date%3A2008-12-31,EXACT_PHRASE,data/fear-temperature/priority180/search/raw/openalex/d6a9d0e16ec1c67ef2e8ade6b7fff93730b054a867d02a73054d88005ce4d912.json,908ef04c295be2c8300f37fd0f2c248ba27b4005d46b700a8b16bbbf85f24d62,Scholarly work discoverability count over OpenAlex search fields; not a corpus word frequency.,FT-SEED-R1B-P-0607-08,2006–2007,anthropogenic CO₂
GOOGLE_BOOKS_API,GOOGLE_BOOKS_TOTAL_ITEMS,anthropogenic co2,"""anthropogenic CO₂""",ALL_AVAILABLE,,,NOT_RUN_PROVIDER_QUOTA,,,2026-08-26,2026-08-26T06:34:48Z,https://www.googleapis.com/books/v1/volumes,https://www.googleapis.com/books/v1/volumes?q=%22anthropogenic+CO%E2%82%82%22&langRestrict=en&maxResults=1&printType=books,EXACT_PHRASE,data/fear-temperature/priority180/search/raw/google_books/provider_quota_probe.json,e3b0c44298fc1c149afbf4c8996fb92427ae41e4649b934ca495991b7852b855,Provider runtime probe returned project quota 0; no candidate count was fabricated. Internet Archive is the completed primary bounded source.,FT-SEED-R1B-P-0607-08,2006–2007,anthropogenic CO₂
INTERNET_ARCHIVE,INTERNET_ARCHIVE_METADATA_TEXT_ITEM_COUNT,anthropogenic ghg emissions,"""anthropogenic GHG emissions"" AND mediatype:texts",ALL_AVAILABLE,,,COMPLETED_NONZERO,4,4,2026-08-26,2026-08-26T06:19:06Z,https://archive.org/advancedsearch.php,https://archive.org/advancedsearch.php?q=%22anthropogenic+GHG+emissions%22+AND+mediatype%3Atexts&fl%5B%5D=identifier&rows=0&page=1&output=json,EXACT_PHRASE,data/fear-temperature/priority180/search/raw/internet_archive/bfe1a33ce8d087dacbb0d362ebf3c8fdab44fea7790e1c4280c923225c8c2596.json,252d199ebe227375cc959c2f28a5ad22d71ebc93d722ca779b7b7fee06f9e738,Metadata text-item count; not a full-text lexical frequency.,FT-SEED-R1B-P-0607-09,2006–2007,anthropogenic GHG emissions
INTERNET_ARCHIVE,INTERNET_ARCHIVE_METADATA_TEXT_ITEM_COUNT,anthropogenic ghg emissions,"""anthropogenic GHG emissions"" AND mediatype:texts AND date:[2006-01-01 TO 2007-12-31]",STRICT_ANCHOR,2006,2007,COMPLETED_ZERO,0,0,2026-08-26,2026-08-26T06:19:07Z,https://archive.org/advancedsearch.php,https://archive.org/advancedsearch.php?q=%22anthropogenic+GHG+emissions%22+AND+mediatype%3Atexts+AND+date%3A%5B2006-01-01+TO+2007-12-31%5D&fl%5B%5D=identifier&rows=0&page=1&output=json,EXACT_PHRASE,data/fear-temperature/priority180/search/raw/internet_archive/7055eb8caa1998591b6dcbd25145fd31269ca7868874ab2855d2d76d1775085d.json,d79018e97cf8f24c3c8833b17f9ea7c69d43a072cd5d6acd8be7f1b7f6f89763,Metadata text-item count; not a full-text lexical frequency.,FT-SEED-R1B-P-0607-09,2006–2007,anthropogenic GHG emissions
INTERNET_ARCHIVE,INTERNET_ARCHIVE_METADATA_TEXT_ITEM_COUNT,anthropogenic ghg emissions,"""anthropogenic GHG emissions"" AND mediatype:texts AND date:[2005-01-01 TO 2008-12-31]",CONTEXTUAL_ANCHOR,2005,2008,COMPLETED_ZERO,0,0,2026-08-26,2026-08-26T06:19:08Z,https://archive.org/advancedsearch.php,https://archive.org/advancedsearch.php?q=%22anthropogenic+GHG+emissions%22+AND+mediatype%3Atexts+AND+date%3A%5B2005-01-01+TO+2008-12-31%5D&fl%5B%5D=identifier&rows=0&page=1&output=json,EXACT_PHRASE,data/fear-temperature/priority180/search/raw/internet_archive/09d67eea93acf39c7278d3c494c657573007e834f7dd96fa4afe9f4a067e48c9.json,513b0d66fa557cd854995703bda041b796f7df6574aac237af355ba8a532c1d1,Metadata text-item count; not a full-text lexical frequency.,FT-SEED-R1B-P-0607-09,2006–2007,anthropogenic GHG emissions
OPENALEX,OPENALEX_WORK_COUNT,anthropogenic ghg emissions,"""anthropogenic GHG emissions""",ALL_AVAILABLE,,,COMPLETED_NONZERO,5913,5913,2026-08-26,2026-08-26T06:27:44Z,https://api.openalex.org/works,https://api.openalex.org/works?search.exact=%22anthropogenic+GHG+emissions%22&per-page=1&select=id,EXACT_PHRASE,data/fear-temperature/priority180/search/raw/openalex/b4c6cf9d614d5c59343d5d9eefec01bb7427348babb0adca6c3e667158295c38.json,bfe766597dfcaf3f315f1da17572d8eeb0ac9e47e3cbc7c8a5a2acbc679bf81b,Scholarly work discoverability count over OpenAlex search fields; not a corpus word frequency.,FT-SEED-R1B-P-0607-09,2006–2007,anthropogenic GHG emissions
OPENALEX,OPENALEX_WORK_COUNT,anthropogenic ghg emissions,"""anthropogenic GHG emissions""",STRICT_ANCHOR,2006,2007,COMPLETED_NONZERO,41,41,2026-08-26,2026-08-26T06:27:44Z,https://api.openalex.org/works,https://api.openalex.org/works?search.exact=%22anthropogenic+GHG+emissions%22&per-page=1&select=id&filter=from_publication_date%3A2006-01-01%2Cto_publication_date%3A2007-12-31,EXACT_PHRASE,data/fear-temperature/priority180/search/raw/openalex/6c19ea6bc0b3ded4b4315f67cf3b3e8206b1729e07b3f6c601a7b3c6a4f1ea9e.json,0338daf753c600960de091f7790e44088059a67d6b57878223829d3336aaaa45,Scholarly work discoverability count over OpenAlex search fields; not a corpus word frequency.,FT-SEED-R1B-P-0607-09,2006–2007,anthropogenic GHG emissions
OPENALEX,OPENALEX_WORK_COUNT,anthropogenic ghg emissions,"""anthropogenic GHG emissions""",CONTEXTUAL_ANCHOR,2005,2008,COMPLETED_NONZERO,105,105,2026-08-26,2026-08-26T06:27:45Z,https://api.openalex.org/works,https://api.openalex.org/works?search.exact=%22anthropogenic+GHG+emissions%22&per-page=1&select=id&filter=from_publication_date%3A2005-01-01%2Cto_publication_date%3A2008-12-31,EXACT_PHRASE,data/fear-temperature/priority180/search/raw/openalex/6bc5b168defaf4f0bfbe800161b9879a5e288baf015e473b35953eb5a85ff009.json,2875be1663469acfde51c01e6e3b3b165e575e011d6d67fb4c7e9f73eb22b663,Scholarly work discoverability count over OpenAlex search fields; not a corpus word frequency.,FT-SEED-R1B-P-0607-09,2006–2007,anthropogenic GHG emissions
GOOGLE_BOOKS_API,GOOGLE_BOOKS_TOTAL_ITEMS,anthropogenic ghg emissions,"""anthropogenic GHG emissions""",ALL_AVAILABLE,,,NOT_RUN_PROVIDER_QUOTA,,,2026-08-26,2026-08-26T06:34:48Z,https://www.googleapis.com/books/v1/volumes,https://www.googleapis.com/books/v1/volumes?q=%22anthropogenic+GHG+emissions%22&langRestrict=en&maxResults=1&printType=books,EXACT_PHRASE,data/fear-temperature/priority180/search/raw/google_books/provider_quota_probe.json,e3b0c44298fc1c149afbf4c8996fb92427ae41e4649b934ca495991b7852b855,Provider runtime probe returned project quota 0; no candidate count was fabricated. Internet Archive is the completed primary bounded source.,FT-SEED-R1B-P-0607-09,2006–2007,anthropogenic GHG emissions
INTERNET_ARCHIVE,INTERNET_ARCHIVE_METADATA_TEXT_ITEM_COUNT,climate change,"""climate change"" AND mediatype:texts",ALL_AVAILABLE,,,COMPLETED_NONZERO,30525,30525,2026-08-26,2026-08-26T06:19:54Z,https://archive.org/advancedsearch.php,https://archive.org/advancedsearch.php?q=%22climate+change%22+AND+mediatype%3Atexts&fl%5B%5D=identifier&rows=0&page=1&output=json,EXACT_PHRASE,data/fear-temperature/priority180/search/raw/internet_archive/4b53aab8c4527e29594fd78ba68840784a4233904083e8f67200f163fd0816da.json,40d2260a9536c69339d40d462ca799288e81ab3b1d861ea326c2fd289290fc63,Metadata text-item count; not a full-text lexical frequency.,FT-SEED-R1B-P-0607-10,2006–2007,climate change
INTERNET_ARCHIVE,INTERNET_ARCHIVE_METADATA_TEXT_ITEM_COUNT,climate change,"""climate change"" AND mediatype:texts AND date:[2006-01-01 TO 2007-12-31]",STRICT_ANCHOR,2006,2007,COMPLETED_NONZERO,656,656,2026-08-26,2026-08-26T06:19:55Z,https://archive.org/advancedsearch.php,https://archive.org/advancedsearch.php?q=%22climate+change%22+AND+mediatype%3Atexts+AND+date%3A%5B2006-01-01+TO+2007-12-31%5D&fl%5B%5D=identifier&rows=0&page=1&output=json,EXACT_PHRASE,data/fear-temperature/priority180/search/raw/internet_archive/197c627468cb01bd57d185542439ef8e0c9c7791738006988bc82b04798bd8f7.json,12453e66d4d984691c3c6664e1b473269f61e4e9b6e69a7454ad0eaf03c4e3d7,Metadata text-item count; not a full-text lexical frequency.,FT-SEED-R1B-P-0607-10,2006–2007,climate change
INTERNET_ARCHIVE,INTERNET_ARCHIVE_METADATA_TEXT_ITEM_COUNT,climate change,"""climate change"" AND mediatype:texts AND date:[2005-01-01 TO 2008-12-31]",CONTEXTUAL_ANCHOR,2005,2008,COMPLETED_NONZERO,1334,1334,2026-08-26,2026-08-26T06:19:56Z,https://archive.org/advancedsearch.php,https://archive.org/advancedsearch.php?q=%22climate+change%22+AND+mediatype%3Atexts+AND+date%3A%5B2005-01-01+TO+2008-12-31%5D&fl%5B%5D=identifier&rows=0&page=1&output=json,EXACT_PHRASE,data/fear-temperature/priority180/search/raw/internet_archive/5f3fb7b9d9a7afbf213947f1a28fe61792fd426e5723b0b3ba0c9d75d8ad2c40.json,b4e9a9b4e75288bd753ef8228373d08ff1a6d8aa8ca9ddd5f8a054c65ad4fcab,Metadata text-item count; not a full-text lexical frequency.,FT-SEED-R1B-P-0607-10,2006–2007,climate change
OPENALEX,OPENALEX_WORK_COUNT,climate change,"""climate change""",ALL_AVAILABLE,,,COMPLETED_NONZERO,2549592,2549592,2026-08-26,2026-08-26T06:28:23Z,https://api.openalex.org/works,https://api.openalex.org/works?search.exact=%22climate+change%22&per-page=1&select=id,EXACT_PHRASE,data/fear-temperature/priority180/search/raw/openalex/2a50161adc5143f0998f62aad100b450b5e3fa3a64f0c9edc427c263ca37d458.json,ca061eae0e1c6e3630a94c178f1acf3b0f9af20abf0a6739c212546f3bc6842a,Scholarly work discoverability count over OpenAlex search fields; not a corpus word frequency.,FT-SEED-R1B-P-0607-10,2006–2007,climate change
OPENALEX,OPENALEX_WORK_COUNT,climate change,"""climate change""",STRICT_ANCHOR,2006,2007,COMPLETED_NONZERO,32420,32420,2026-08-26,2026-08-26T06:28:24Z,https://api.openalex.org/works,https://api.openalex.org/works?search.exact=%22climate+change%22&per-page=1&select=id&filter=from_publication_date%3A2006-01-01%2Cto_publication_date%3A2007-12-31,EXACT_PHRASE,data/fear-temperature/priority180/search/raw/openalex/31827492219613dbe5d2b56915832214b242aa0cb5d34f91c4a383166862a217.json,72ad85269f5b001f14baca48eaf94bf358c2564a2494430bb0b30f6d6361baef,Scholarly work discoverability count over OpenAlex search fields; not a corpus word frequency.,FT-SEED-R1B-P-0607-10,2006–2007,climate change
OPENALEX,OPENALEX_WORK_COUNT,climate change,"""climate change""",CONTEXTUAL_ANCHOR,2005,2008,COMPLETED_NONZERO,68712,68712,2026-08-26,2026-08-26T06:28:24Z,https://api.openalex.org/works,https://api.openalex.org/works?search.exact=%22climate+change%22&per-page=1&select=id&filter=from_publication_date%3A2005-01-01%2Cto_publication_date%3A2008-12-31,EXACT_PHRASE,data/fear-temperature/priority180/search/raw/openalex/5cb397ff81f7c6abcbd26350e4cd7f313cf7235206b23faa0306fe53943bb3de.json,4cc823e20407f3c642e44b4520810b18241ea474906e8d2b4a4e1f3824b0475d,Scholarly work discoverability count over OpenAlex search fields; not a corpus word frequency.,FT-SEED-R1B-P-0607-10,2006–2007,climate change
GOOGLE_BOOKS_API,GOOGLE_BOOKS_TOTAL_ITEMS,climate change,"""climate change""",ALL_AVAILABLE,,,NOT_RUN_PROVIDER_QUOTA,,,2026-08-26,2026-08-26T06:34:48Z,https://www.googleapis.com/books/v1/volumes,https://www.googleapis.com/books/v1/volumes?q=%22climate+change%22&langRestrict=en&maxResults=1&printType=books,EXACT_PHRASE,data/fear-temperature/priority180/search/raw/google_books/provider_quota_probe.json,e3b0c44298fc1c149afbf4c8996fb92427ae41e4649b934ca495991b7852b855,Provider runtime probe returned project quota 0; no candidate count was fabricated. Internet Archive is the completed primary bounded source.,FT-SEED-R1B-P-0607-10,2006–2007,climate change
INTERNET_ARCHIVE,INTERNET_ARCHIVE_METADATA_TEXT_ITEM_COUNT,global warming,"""global warming"" AND mediatype:texts",ALL_AVAILABLE,,,COMPLETED_NONZERO,5619,5619,2026-08-26,2026-08-26T06:22:06Z,https://archive.org/advancedsearch.php,https://archive.org/advancedsearch.php?q=%22global+warming%22+AND+mediatype%3Atexts&fl%5B%5D=identifier&rows=0&page=1&output=json,EXACT_PHRASE,data/fear-temperature/priority180/search/raw/internet_archive/8ca84f1b4be523e3ffacda77cf9b7c6018e7618da09d463134d2b97564621226.json,ff0e2527950b5fac4ee71b5fa5078ab152370fbdf847a301dd139f37965b3b0f,Metadata text-item count; not a full-text lexical frequency.,FT-SEED-R1B-P-0607-11,2006–2007,global warming
INTERNET_ARCHIVE,INTERNET_ARCHIVE_METADATA_TEXT_ITEM_COUNT,global warming,"""global warming"" AND mediatype:texts AND date:[1988-01-01 TO 1988-12-31]",STRICT_ANCHOR,1988,1988,COMPLETED_NONZERO,11,11,2026-08-26,2026-08-26T06:22:07Z,https://archive.org/advancedsearch.php,https://archive.org/advancedsearch.php?q=%22global+warming%22+AND+mediatype%3Atexts+AND+date%3A%5B1988-01-01+TO+1988-12-31%5D&fl%5B%5D=identifier&rows=0&page=1&output=json,EXACT_PHRASE,data/fear-temperature/priority180/search/raw/internet_archive/4051429fa00d983d76b00dd3fe3da40e729fb088a9e920d4608815b2fc7de3b8.json,6d5f9f52e46ebb4c3805932c76c84eb5932705c4e3674bcfb0788006a257d979,Metadata text-item count; not a full-text lexical frequency.,FT-SEED-R1B-P-0607-11,2006–2007,global warming
INTERNET_ARCHIVE,INTERNET_ARCHIVE_METADATA_TEXT_ITEM_COUNT,global warming,"""global warming"" AND mediatype:texts AND date:[1986-01-01 TO 1990-12-31]",CONTEXTUAL_ANCHOR,1986,1990,COMPLETED_NONZERO,123,123,2026-08-26,2026-08-26T06:22:08Z,https://archive.org/advancedsearch.php,https://archive.org/advancedsearch.php?q=%22global+warming%22+AND+mediatype%3Atexts+AND+date%3A%5B1986-01-01+TO+1990-12-31%5D&fl%5B%5D=identifier&rows=0&page=1&output=json,EXACT_PHRASE,data/fear-temperature/priority180/search/raw/internet_archive/4291153860d6d9128777f96ce6f1348ff266201eb01c33b29a627fffa47714bf.json,484831c739a4869ce3565aa844fdcb14b07bbccd28e29f8976bf07ae044b0ae8,Metadata text-item count; not a full-text lexical frequency.,FT-SEED-R1B-P-0607-11,2006–2007,global warming
OPENALEX,OPENALEX_WORK_COUNT,global warming,"""global warming""",ALL_AVAILABLE,,,FAILED_PROVIDER_OR_REQUEST,,,2026-08-26,2026-08-26T06:32:35Z,https://api.openalex.org/works,https://api.openalex.org/works?search.exact=%22global+warming%22&per-page=1&select=id,EXACT_PHRASE,data/fear-temperature/priority180/search/raw/openalex/001ff270c019b110925dff02355af60b2732fbb1b2e7cc2f26622c0a26bc4809.json,e3b0c44298fc1c149afbf4c8996fb92427ae41e4649b934ca495991b7852b855,NOT_RUN_OPENALEX_DAILY_BUDGET_EXHAUSTED: shared provider response retained; no count fabricated.,FT-SEED-R1B-P-0607-11,2006–2007,global warming
OPENALEX,OPENALEX_WORK_COUNT,global warming,"""global warming""",STRICT_ANCHOR,1988,1988,FAILED_PROVIDER_OR_REQUEST,,,2026-08-26,2026-08-26T06:32:35Z,https://api.openalex.org/works,https://api.openalex.org/works?search.exact=%22global+warming%22&per-page=1&select=id&filter=from_publication_date%3A1988-01-01%2Cto_publication_date%3A1988-12-31,EXACT_PHRASE,data/fear-temperature/priority180/search/raw/openalex/001ff270c019b110925dff02355af60b2732fbb1b2e7cc2f26622c0a26bc4809.json,e3b0c44298fc1c149afbf4c8996fb92427ae41e4649b934ca495991b7852b855,NOT_RUN_OPENALEX_DAILY_BUDGET_EXHAUSTED: shared provider response retained; no count fabricated.,FT-SEED-R1B-P-0607-11,2006–2007,global warming
OPENALEX,OPENALEX_WORK_COUNT,global warming,"""global warming""",CONTEXTUAL_ANCHOR,1986,1990,FAILED_PROVIDER_OR_REQUEST,,,2026-08-26,2026-08-26T06:32:35Z,https://api.openalex.org/works,https://api.openalex.org/works?search.exact=%22global+warming%22&per-page=1&select=id&filter=from_publication_date%3A1986-01-01%2Cto_publication_date%3A1990-12-31,EXACT_PHRASE,data/fear-temperature/priority180/search/raw/openalex/001ff270c019b110925dff02355af60b2732fbb1b2e7cc2f26622c0a26bc4809.json,e3b0c44298fc1c149afbf4c8996fb92427ae41e4649b934ca495991b7852b855,NOT_RUN_OPENALEX_DAILY_BUDGET_EXHAUSTED: shared provider response retained; no count fabricated.,FT-SEED-R1B-P-0607-11,2006–2007,global warming
GOOGLE_BOOKS_API,GOOGLE_BOOKS_TOTAL_ITEMS,global warming,"""global warming""",ALL_AVAILABLE,,,NOT_RUN_PROVIDER_QUOTA,,,2026-08-26,2026-08-26T06:34:48Z,https://www.googleapis.com/books/v1/volumes,https://www.googleapis.com/books/v1/volumes?q=%22global+warming%22&langRestrict=en&maxResults=1&printType=books,EXACT_PHRASE,data/fear-temperature/priority180/search/raw/google_books/provider_quota_probe.json,e3b0c44298fc1c149afbf4c8996fb92427ae41e4649b934ca495991b7852b855,Provider runtime probe returned project quota 0; no candidate count was fabricated. Internet Archive is the completed primary bounded source.,FT-SEED-R1B-P-0607-11,2006–2007,global warming
INTERNET_ARCHIVE,INTERNET_ARCHIVE_METADATA_TEXT_ITEM_COUNT,serious global threat,"""serious global threat"" AND mediatype:texts",ALL_AVAILABLE,,,COMPLETED_NONZERO,3,3,2026-08-26,2026-08-26T06:25:15Z,https://archive.org/advancedsearch.php,https://archive.org/advancedsearch.php?q=%22serious+global+threat%22+AND+mediatype%3Atexts&fl%5B%5D=identifier&rows=0&page=1&output=json,EXACT_PHRASE,data/fear-temperature/priority180/search/raw/internet_archive/b12d76ca7e8c9993d696ee83649a9d26186412d46ef9491e00ff2c04af3864fc.json,bfca945bd30184fe2aa9a64f4ebbbffda26a5bd1fc2b9a87fbe094251d626a79,Metadata text-item count; not a full-text lexical frequency.,FT-SEED-R1B-P-0607-12,2006–2007,serious global threat
INTERNET_ARCHIVE,INTERNET_ARCHIVE_METADATA_TEXT_ITEM_COUNT,serious global threat,"""serious global threat"" AND mediatype:texts AND date:[2006-01-01 TO 2007-12-31]",STRICT_ANCHOR,2006,2007,COMPLETED_ZERO,0,0,2026-08-26,2026-08-26T06:25:16Z,https://archive.org/advancedsearch.php,https://archive.org/advancedsearch.php?q=%22serious+global+threat%22+AND+mediatype%3Atexts+AND+date%3A%5B2006-01-01+TO+2007-12-31%5D&fl%5B%5D=identifier&rows=0&page=1&output=json,EXACT_PHRASE,data/fear-temperature/priority180/search/raw/internet_archive/17623706de5da43ccca5557f8ca6c55880c3aadb92cae67f9f8dffdd6a8c5557.json,f7ae6d30e44b00713cc2cefdda52fced134754109c4c136cd533e2f3aeaddde9,Metadata text-item count; not a full-text lexical frequency.,FT-SEED-R1B-P-0607-12,2006–2007,serious global threat
INTERNET_ARCHIVE,INTERNET_ARCHIVE_METADATA_TEXT_ITEM_COUNT,serious global threat,"""serious global threat"" AND mediatype:texts AND date:[2005-01-01 TO 2008-12-31]",CONTEXTUAL_ANCHOR,2005,2008,COMPLETED_NONZERO,1,1,2026-08-26,2026-08-26T06:25:17Z,https://archive.org/advancedsearch.php,https://archive.org/advancedsearch.php?q=%22serious+global+threat%22+AND+mediatype%3Atexts+AND+date%3A%5B2005-01-01+TO+2008-12-31%5D&fl%5B%5D=identifier&rows=0&page=1&output=json,EXACT_PHRASE,data/fear-temperature/priority180/search/raw/internet_archive/d6c89a7325074ebf089958b15c8007818e3af3199477c25386acf02ec7b02c4f.json,1ed27e84dbd060d39b61349c7f4f128878a5270028931907ad4052426a5a256e,Metadata text-item count; not a full-text lexical frequency.,FT-SEED-R1B-P-0607-12,2006–2007,serious global threat
OPENALEX,OPENALEX_WORK_COUNT,serious global threat,"""serious global threat""",ALL_AVAILABLE,,,FAILED_PROVIDER_OR_REQUEST,,,2026-08-26,2026-08-26T06:32:35Z,https://api.openalex.org/works,https://api.openalex.org/works?search.exact=%22serious+global+threat%22&per-page=1&select=id,EXACT_PHRASE,data/fear-temperature/priority180/search/raw/openalex/001ff270c019b110925dff02355af60b2732fbb1b2e7cc2f26622c0a26bc4809.json,e3b0c44298fc1c149afbf4c8996fb92427ae41e4649b934ca495991b7852b855,NOT_RUN_OPENALEX_DAILY_BUDGET_EXHAUSTED: shared provider response retained; no count fabricated.,FT-SEED-R1B-P-0607-12,2006–2007,serious global threat
OPENALEX,OPENALEX_WORK_COUNT,serious global threat,"""serious global threat""",STRICT_ANCHOR,2006,2007,FAILED_PROVIDER_OR_REQUEST,,,2026-08-26,2026-08-26T06:32:35Z,https://api.openalex.org/works,https://api.openalex.org/works?search.exact=%22serious+global+threat%22&per-page=1&select=id&filter=from_publication_date%3A2006-01-01%2Cto_publication_date%3A2007-12-31,EXACT_PHRASE,data/fear-temperature/priority180/search/raw/openalex/001ff270c019b110925dff02355af60b2732fbb1b2e7cc2f26622c0a26bc4809.json,e3b0c44298fc1c149afbf4c8996fb92427ae41e4649b934ca495991b7852b855,NOT_RUN_OPENALEX_DAILY_BUDGET_EXHAUSTED: shared provider response retained; no count fabricated.,FT-SEED-R1B-P-0607-12,2006–2007,serious global threat
OPENALEX,OPENALEX_WORK_COUNT,serious global threat,"""serious global threat""",CONTEXTUAL_ANCHOR,2005,2008,FAILED_PROVIDER_OR_REQUEST,,,2026-08-26,2026-08-26T06:32:35Z,https://api.openalex.org/works,https://api.openalex.org/works?search.exact=%22serious+global+threat%22&per-page=1&select=id&filter=from_publication_date%3A2005-01-01%2Cto_publication_date%3A2008-12-31,EXACT_PHRASE,data/fear-temperature/priority180/search/raw/openalex/001ff270c019b110925dff02355af60b2732fbb1b2e7cc2f26622c0a26bc4809.json,e3b0c44298fc1c149afbf4c8996fb92427ae41e4649b934ca495991b7852b855,NOT_RUN_OPENALEX_DAILY_BUDGET_EXHAUSTED: shared provider response retained; no count fabricated.,FT-SEED-R1B-P-0607-12,2006–2007,serious global threat
GOOGLE_BOOKS_API,GOOGLE_BOOKS_TOTAL_ITEMS,serious global threat,"""serious global threat""",ALL_AVAILABLE,,,NOT_RUN_PROVIDER_QUOTA,,,2026-08-26,2026-08-26T06:34:48Z,https://www.googleapis.com/books/v1/volumes,https://www.googleapis.com/books/v1/volumes?q=%22serious+global+threat%22&langRestrict=en&maxResults=1&printType=books,EXACT_PHRASE,data/fear-temperature/priority180/search/raw/google_books/provider_quota_probe.json,e3b0c44298fc1c149afbf4c8996fb92427ae41e4649b934ca495991b7852b855,Provider runtime probe returned project quota 0; no candidate count was fabricated. Internet Archive is the completed primary bounded source.,FT-SEED-R1B-P-0607-12,2006–2007,serious global threat
INTERNET_ARCHIVE,INTERNET_ARCHIVE_METADATA_TEXT_ITEM_COUNT,urgent global response,"""urgent global response"" AND mediatype:texts",ALL_AVAILABLE,,,COMPLETED_ZERO,0,0,2026-08-26,2026-08-26T06:26:20Z,https://archive.org/advancedsearch.php,https://archive.org/advancedsearch.php?q=%22urgent+global+response%22+AND+mediatype%3Atexts&fl%5B%5D=identifier&rows=0&page=1&output=json,EXACT_PHRASE,data/fear-temperature/priority180/search/raw/internet_archive/63a677a19a75bdb4cae6881c0db1f98335aafcc271edaac9768534a9f172fc64.json,4588117390f626b37616898ca864c6a44f520c323fbebb99a4d9a57e2910f837,Metadata text-item count; not a full-text lexical frequency.,FT-SEED-R1B-P-0607-13,2006–2007,urgent global response
INTERNET_ARCHIVE,INTERNET_ARCHIVE_METADATA_TEXT_ITEM_COUNT,urgent global response,"""urgent global response"" AND mediatype:texts AND date:[2006-01-01 TO 2007-12-31]",STRICT_ANCHOR,2006,2007,COMPLETED_ZERO,0,0,2026-08-26,2026-08-26T06:26:21Z,https://archive.org/advancedsearch.php,https://archive.org/advancedsearch.php?q=%22urgent+global+response%22+AND+mediatype%3Atexts+AND+date%3A%5B2006-01-01+TO+2007-12-31%5D&fl%5B%5D=identifier&rows=0&page=1&output=json,EXACT_PHRASE,data/fear-temperature/priority180/search/raw/internet_archive/e1902a4be736454bb859c4af8dcc6d2db054e2da62689269fa384a45d8c12f97.json,6c39620835c6bc658669db1b8e4fbddcf1be1d5a838e1191864818273c2f7c93,Metadata text-item count; not a full-text lexical frequency.,FT-SEED-R1B-P-0607-13,2006–2007,urgent global response
INTERNET_ARCHIVE,INTERNET_ARCHIVE_METADATA_TEXT_ITEM_COUNT,urgent global response,"""urgent global response"" AND mediatype:texts AND date:[2005-01-01 TO 2008-12-31]",CONTEXTUAL_ANCHOR,2005,2008,COMPLETED_ZERO,0,0,2026-08-26,2026-08-26T06:26:22Z,https://archive.org/advancedsearch.php,https://archive.org/advancedsearch.php?q=%22urgent+global+response%22+AND+mediatype%3Atexts+AND+date%3A%5B2005-01-01+TO+2008-12-31%5D&fl%5B%5D=identifier&rows=0&page=1&output=json,EXACT_PHRASE,data/fear-temperature/priority180/search/raw/internet_archive/5aacf8d36d2c4288aa21bc2aab4950af191e2a90e2ed5f227c53c0f27632afb2.json,1232f8ae77254123f5bcc3e27d8625086de12a5212cd0e8f1f8e9e9cf47d5654,Metadata text-item count; not a full-text lexical frequency.,FT-SEED-R1B-P-0607-13,2006–2007,urgent global response
OPENALEX,OPENALEX_WORK_COUNT,urgent global response,"""urgent global response""",ALL_AVAILABLE,,,FAILED_PROVIDER_OR_REQUEST,,,2026-08-26,2026-08-26T06:32:35Z,https://api.openalex.org/works,https://api.openalex.org/works?search.exact=%22urgent+global+response%22&per-page=1&select=id,EXACT_PHRASE,data/fear-temperature/priority180/search/raw/openalex/001ff270c019b110925dff02355af60b2732fbb1b2e7cc2f26622c0a26bc4809.json,e3b0c44298fc1c149afbf4c8996fb92427ae41e4649b934ca495991b7852b855,NOT_RUN_OPENALEX_DAILY_BUDGET_EXHAUSTED: shared provider response retained; no count fabricated.,FT-SEED-R1B-P-0607-13,2006–2007,urgent global response
OPENALEX,OPENALEX_WORK_COUNT,urgent global response,"""urgent global response""",STRICT_ANCHOR,2006,2007,FAILED_PROVIDER_OR_REQUEST,,,2026-08-26,2026-08-26T06:32:35Z,https://api.openalex.org/works,https://api.openalex.org/works?search.exact=%22urgent+global+response%22&per-page=1&select=id&filter=from_publication_date%3A2006-01-01%2Cto_publication_date%3A2007-12-31,EXACT_PHRASE,data/fear-temperature/priority180/search/raw/openalex/001ff270c019b110925dff02355af60b2732fbb1b2e7cc2f26622c0a26bc4809.json,e3b0c44298fc1c149afbf4c8996fb92427ae41e4649b934ca495991b7852b855,NOT_RUN_OPENALEX_DAILY_BUDGET_EXHAUSTED: shared provider response retained; no count fabricated.,FT-SEED-R1B-P-0607-13,2006–2007,urgent global response
OPENALEX,OPENALEX_WORK_COUNT,urgent global response,"""urgent global response""",CONTEXTUAL_ANCHOR,2005,2008,FAILED_PROVIDER_OR_REQUEST,,,2026-08-26,2026-08-26T06:32:35Z,https://api.openalex.org/works,https://api.openalex.org/works?search.exact=%22urgent+global+response%22&per-page=1&select=id&filter=from_publication_date%3A2005-01-01%2Cto_publication_date%3A2008-12-31,EXACT_PHRASE,data/fear-temperature/priority180/search/raw/openalex/001ff270c019b110925dff02355af60b2732fbb1b2e7cc2f26622c0a26bc4809.json,e3b0c44298fc1c149afbf4c8996fb92427ae41e4649b934ca495991b7852b855,NOT_RUN_OPENALEX_DAILY_BUDGET_EXHAUSTED: shared provider response retained; no count fabricated.,FT-SEED-R1B-P-0607-13,2006–2007,urgent global response
GOOGLE_BOOKS_API,GOOGLE_BOOKS_TOTAL_ITEMS,urgent global response,"""urgent global response""",ALL_AVAILABLE,,,NOT_RUN_PROVIDER_QUOTA,,,2026-08-26,2026-08-26T06:34:48Z,https://www.googleapis.com/books/v1/volumes,https://www.googleapis.com/books/v1/volumes?q=%22urgent+global+response%22&langRestrict=en&maxResults=1&printType=books,EXACT_PHRASE,data/fear-temperature/priority180/search/raw/google_books/provider_quota_probe.json,e3b0c44298fc1c149afbf4c8996fb92427ae41e4649b934ca495991b7852b855,Provider runtime probe returned project quota 0; no candidate count was fabricated. Internet Archive is the completed primary bounded source.,FT-SEED-R1B-P-0607-13,2006–2007,urgent global response
INTERNET_ARCHIVE,INTERNET_ARCHIVE_METADATA_TEXT_ITEM_COUNT,costs and risks of climate change,"""costs and risks of climate change"" AND mediatype:texts",ALL_AVAILABLE,,,COMPLETED_ZERO,0,0,2026-08-26,2026-08-26T06:20:22Z,https://archive.org/advancedsearch.php,https://archive.org/advancedsearch.php?q=%22costs+and+risks+of+climate+change%22+AND+mediatype%3Atexts&fl%5B%5D=identifier&rows=0&page=1&output=json,EXACT_PHRASE,data/fear-temperature/priority180/search/raw/internet_archive/1b84266185519938253b4b21706d73ab36c8b1933bf2bc949251e2947789f33a.json,22f59b97a6cf8b4fa34427c27bf0ef10a8adc599f5cba27dfc952d91800abe44,Metadata text-item count; not a full-text lexical frequency.,FT-SEED-R1B-P-0607-14,2006–2007,costs and risks of climate change
INTERNET_ARCHIVE,INTERNET_ARCHIVE_METADATA_TEXT_ITEM_COUNT,costs and risks of climate change,"""costs and risks of climate change"" AND mediatype:texts AND date:[2006-01-01 TO 2007-12-31]",STRICT_ANCHOR,2006,2007,COMPLETED_ZERO,0,0,2026-08-26,2026-08-26T06:20:23Z,https://archive.org/advancedsearch.php,https://archive.org/advancedsearch.php?q=%22costs+and+risks+of+climate+change%22+AND+mediatype%3Atexts+AND+date%3A%5B2006-01-01+TO+2007-12-31%5D&fl%5B%5D=identifier&rows=0&page=1&output=json,EXACT_PHRASE,data/fear-temperature/priority180/search/raw/internet_archive/1ab7a34f5868306d02e1bb522fb658af12a94ca70a191c228896d227dc1851e1.json,5f42207ed7fd72c4caf390d15cbde61c7ceafedd8d7ae959c72fa56a6d85267a,Metadata text-item count; not a full-text lexical frequency.,FT-SEED-R1B-P-0607-14,2006–2007,costs and risks of climate change
INTERNET_ARCHIVE,INTERNET_ARCHIVE_METADATA_TEXT_ITEM_COUNT,costs and risks of climate change,"""costs and risks of climate change"" AND mediatype:texts AND date:[2005-01-01 TO 2008-12-31]",CONTEXTUAL_ANCHOR,2005,2008,COMPLETED_ZERO,0,0,2026-08-26,2026-08-26T06:20:24Z,https://archive.org/advancedsearch.php,https://archive.org/advancedsearch.php?q=%22costs+and+risks+of+climate+change%22+AND+mediatype%3Atexts+AND+date%3A%5B2005-01-01+TO+2008-12-31%5D&fl%5B%5D=identifier&rows=0&page=1&output=json,EXACT_PHRASE,data/fear-temperature/priority180/search/raw/internet_archive/a0eb385df3a280fc0883e339c28a8c52f96478bc545d75db5f6b955abbcde962.json,b1e092789aa1e5bb78488b39de30a77a9f5041840e4b82a89f693fa674334387,Metadata text-item count; not a full-text lexical frequency.,FT-SEED-R1B-P-0607-14,2006–2007,costs and risks of climate change
OPENALEX,OPENALEX_WORK_COUNT,costs and risks of climate change,"""costs and risks of climate change""",ALL_AVAILABLE,,,FAILED_PROVIDER_OR_REQUEST,,,2026-08-26,2026-08-26T06:30:10Z,https://api.openalex.org/works,https://api.openalex.org/works?search.exact=%22costs+and+risks+of+climate+change%22&per-page=1&select=id,EXACT_PHRASE,data/fear-temperature/priority180/search/raw/openalex/a7b196a3962651eaf442ad60a5f55fc5251ce95736f57a5fa3f2ef7d7f9662ce.json,e3b0c44298fc1c149afbf4c8996fb92427ae41e4649b934ca495991b7852b855,"HTTP 429: {""error"":""Rate limit exceeded"",""message"":""Insufficient budget. This request costs $0.001 but you only have $0 remaining. Resets at midnight UTC. Need more? Add funds at https://openalex.org/pricing"",""retryAfter"":62990,""costUsd"":0.001,""daily",FT-SEED-R1B-P-0607-14,2006–2007,costs and risks of climate change
OPENALEX,OPENALEX_WORK_COUNT,costs and risks of climate change,"""costs and risks of climate change""",STRICT_ANCHOR,2006,2007,FAILED_PROVIDER_OR_REQUEST,,,2026-08-26,2026-08-26T06:30:26Z,https://api.openalex.org/works,https://api.openalex.org/works?search.exact=%22costs+and+risks+of+climate+change%22&per-page=1&select=id&filter=from_publication_date%3A2006-01-01%2Cto_publication_date%3A2007-12-31,EXACT_PHRASE,data/fear-temperature/priority180/search/raw/openalex/37f75a8fefc3a76812341315910692c9b5e12d0e2796cd5a3703a94cd15777a0.json,e3b0c44298fc1c149afbf4c8996fb92427ae41e4649b934ca495991b7852b855,"HTTP 429: {""error"":""Rate limit exceeded"",""message"":""Insufficient budget. This request costs $0.001 but you only have $0 remaining. Resets at midnight UTC. Need more? Add funds at https://openalex.org/pricing"",""retryAfter"":62974,""costUsd"":0.001,""daily",FT-SEED-R1B-P-0607-14,2006–2007,costs and risks of climate change
OPENALEX,OPENALEX_WORK_COUNT,costs and risks of climate change,"""costs and risks of climate change""",CONTEXTUAL_ANCHOR,2005,2008,FAILED_PROVIDER_OR_REQUEST,,,2026-08-26,2026-08-26T06:30:41Z,https://api.openalex.org/works,https://api.openalex.org/works?search.exact=%22costs+and+risks+of+climate+change%22&per-page=1&select=id&filter=from_publication_date%3A2005-01-01%2Cto_publication_date%3A2008-12-31,EXACT_PHRASE,data/fear-temperature/priority180/search/raw/openalex/7f6bbec20fb2ffeab1cf9c10ef2d71291d7b291c3c789852a2a3f066e0dea6b7.json,e3b0c44298fc1c149afbf4c8996fb92427ae41e4649b934ca495991b7852b855,"HTTP 429: {""error"":""Rate limit exceeded"",""message"":""Insufficient budget. This request costs $0.001 but you only have $0 remaining. Resets at midnight UTC. Need more? Add funds at https://openalex.org/pricing"",""retryAfter"":62959,""costUsd"":0.001,""daily",FT-SEED-R1B-P-0607-14,2006–2007,costs and risks of climate change
GOOGLE_BOOKS_API,GOOGLE_BOOKS_TOTAL_ITEMS,costs and risks of climate change,"""costs and risks of climate change""",ALL_AVAILABLE,,,NOT_RUN_PROVIDER_QUOTA,,,2026-08-26,2026-08-26T06:34:48Z,https://www.googleapis.com/books/v1/volumes,https://www.googleapis.com/books/v1/volumes?q=%22costs+and+risks+of+climate+change%22&langRestrict=en&maxResults=1&printType=books,EXACT_PHRASE,data/fear-temperature/priority180/search/raw/google_books/provider_quota_probe.json,e3b0c44298fc1c149afbf4c8996fb92427ae41e4649b934ca495991b7852b855,Provider runtime probe returned project quota 0; no candidate count was fabricated. Internet Archive is the completed primary bounded source.,FT-SEED-R1B-P-0607-14,2006–2007,costs and risks of climate change
INTERNET_ARCHIVE,INTERNET_ARCHIVE_METADATA_TEXT_ITEM_COUNT,impacts of climate change,"""impacts of climate change"" AND mediatype:texts",ALL_AVAILABLE,,,COMPLETED_NONZERO,656,656,2026-08-26,2026-08-26T06:23:21Z,https://archive.org/advancedsearch.php,https://archive.org/advancedsearch.php?q=%22impacts+of+climate+change%22+AND+mediatype%3Atexts&fl%5B%5D=identifier&rows=0&page=1&output=json,EXACT_PHRASE,data/fear-temperature/priority180/search/raw/internet_archive/32c544d51f75d7a43e3cf9c721e1ae7b7b7ddfa54b200212250f93c73d19e8d5.json,7cf6da0a6226535d6597932399d74d3fc25b627c335a3195d47ebd3340140892,Metadata text-item count; not a full-text lexical frequency.,FT-SEED-R1B-P-0607-15,2006–2007,impacts of climate change
INTERNET_ARCHIVE,INTERNET_ARCHIVE_METADATA_TEXT_ITEM_COUNT,impacts of climate change,"""impacts of climate change"" AND mediatype:texts AND date:[2006-01-01 TO 2007-12-31]",STRICT_ANCHOR,2006,2007,COMPLETED_NONZERO,18,18,2026-08-26,2026-08-26T06:23:22Z,https://archive.org/advancedsearch.php,https://archive.org/advancedsearch.php?q=%22impacts+of+climate+change%22+AND+mediatype%3Atexts+AND+date%3A%5B2006-01-01+TO+2007-12-31%5D&fl%5B%5D=identifier&rows=0&page=1&output=json,EXACT_PHRASE,data/fear-temperature/priority180/search/raw/internet_archive/a129abd8d7a73a315016980c3bddc157b17c446a227e5db96fcbc8bab8f8d5d2.json,0d3823e79b612f0146188392643f66e9dfb61648778ee01d3dc269a850fe433a,Metadata text-item count; not a full-text lexical frequency.,FT-SEED-R1B-P-0607-15,2006–2007,impacts of climate change
INTERNET_ARCHIVE,INTERNET_ARCHIVE_METADATA_TEXT_ITEM_COUNT,impacts of climate change,"""impacts of climate change"" AND mediatype:texts AND date:[2005-01-01 TO 2008-12-31]",CONTEXTUAL_ANCHOR,2005,2008,COMPLETED_NONZERO,33,33,2026-08-26,2026-08-26T06:23:23Z,https://archive.org/advancedsearch.php,https://archive.org/advancedsearch.php?q=%22impacts+of+climate+change%22+AND+mediatype%3Atexts+AND+date%3A%5B2005-01-01+TO+2008-12-31%5D&fl%5B%5D=identifier&rows=0&page=1&output=json,EXACT_PHRASE,data/fear-temperature/priority180/search/raw/internet_archive/9ba1c3ba8203aaa1bb9355e3ffe31a7da6697ad0a9b318487f5b79782ade6f1e.json,5c6e48378d31bb2c37923105aa04cc4fa822fd691bb011d7ce80b40652474062,Metadata text-item count; not a full-text lexical frequency.,FT-SEED-R1B-P-0607-15,2006–2007,impacts of climate change
OPENALEX,OPENALEX_WORK_COUNT,impacts of climate change,"""impacts of climate change""",ALL_AVAILABLE,,,FAILED_PROVIDER_OR_REQUEST,,,2026-08-26,2026-08-26T06:32:35Z,https://api.openalex.org/works,https://api.openalex.org/works?search.exact=%22impacts+of+climate+change%22&per-page=1&select=id,EXACT_PHRASE,data/fear-temperature/priority180/search/raw/openalex/001ff270c019b110925dff02355af60b2732fbb1b2e7cc2f26622c0a26bc4809.json,e3b0c44298fc1c149afbf4c8996fb92427ae41e4649b934ca495991b7852b855,NOT_RUN_OPENALEX_DAILY_BUDGET_EXHAUSTED: shared provider response retained; no count fabricated.,FT-SEED-R1B-P-0607-15,2006–2007,impacts of climate change
OPENALEX,OPENALEX_WORK_COUNT,impacts of climate change,"""impacts of climate change""",STRICT_ANCHOR,2006,2007,FAILED_PROVIDER_OR_REQUEST,,,2026-08-26,2026-08-26T06:32:35Z,https://api.openalex.org/works,https://api.openalex.org/works?search.exact=%22impacts+of+climate+change%22&per-page=1&select=id&filter=from_publication_date%3A2006-01-01%2Cto_publication_date%3A2007-12-31,EXACT_PHRASE,data/fear-temperature/priority180/search/raw/openalex/001ff270c019b110925dff02355af60b2732fbb1b2e7cc2f26622c0a26bc4809.json,e3b0c44298fc1c149afbf4c8996fb92427ae41e4649b934ca495991b7852b855,NOT_RUN_OPENALEX_DAILY_BUDGET_EXHAUSTED: shared provider response retained; no count fabricated.,FT-SEED-R1B-P-0607-15,2006–2007,impacts of climate change
OPENALEX,OPENALEX_WORK_COUNT,impacts of climate change,"""impacts of climate change""",CONTEXTUAL_ANCHOR,2005,2008,FAILED_PROVIDER_OR_REQUEST,,,2026-08-26,2026-08-26T06:32:35Z,https://api.openalex.org/works,https://api.openalex.org/works?search.exact=%22impacts+of+climate+change%22&per-page=1&select=id&filter=from_publication_date%3A2005-01-01%2Cto_publication_date%3A2008-12-31,EXACT_PHRASE,data/fear-temperature/priority180/search/raw/openalex/001ff270c019b110925dff02355af60b2732fbb1b2e7cc2f26622c0a26bc4809.json,e3b0c44298fc1c149afbf4c8996fb92427ae41e4649b934ca495991b7852b855,NOT_RUN_OPENALEX_DAILY_BUDGET_EXHAUSTED: shared provider response retained; no count fabricated.,FT-SEED-R1B-P-0607-15,2006–2007,impacts of climate change
GOOGLE_BOOKS_API,GOOGLE_BOOKS_TOTAL_ITEMS,impacts of climate change,"""impacts of climate change""",ALL_AVAILABLE,,,NOT_RUN_PROVIDER_QUOTA,,,2026-08-26,2026-08-26T06:34:48Z,https://www.googleapis.com/books/v1/volumes,https://www.googleapis.com/books/v1/volumes?q=%22impacts+of+climate+change%22&langRestrict=en&maxResults=1&printType=books,EXACT_PHRASE,data/fear-temperature/priority180/search/raw/google_books/provider_quota_probe.json,e3b0c44298fc1c149afbf4c8996fb92427ae41e4649b934ca495991b7852b855,Provider runtime probe returned project quota 0; no candidate count was fabricated. Internet Archive is the completed primary bounded source.,FT-SEED-R1B-P-0607-15,2006–2007,impacts of climate change
INTERNET_ARCHIVE,INTERNET_ARCHIVE_METADATA_TEXT_ITEM_COUNT,damage,"""damage"" AND mediatype:texts",ALL_AVAILABLE,,,COMPLETED_NONZERO,71319,71319,2026-08-26,2026-08-26T06:20:25Z,https://archive.org/advancedsearch.php,https://archive.org/advancedsearch.php?q=%22damage%22+AND+mediatype%3Atexts&fl%5B%5D=identifier&rows=0&page=1&output=json,EXACT_PHRASE,data/fear-temperature/priority180/search/raw/internet_archive/746d8d4e91c65b6a13d71478f2cf7a0b7f31ec8ba6b86022139809dd88c31ac1.json,03feeb17769aefcb74647fe87997906a1ae7790fbec621cff1e64198851733ca,Metadata text-item count; not a full-text lexical frequency.,FT-SEED-R1B-P-0607-16,2006–2007,damage
INTERNET_ARCHIVE,INTERNET_ARCHIVE_METADATA_TEXT_ITEM_COUNT,damage,"""damage"" AND mediatype:texts AND date:[2006-01-01 TO 2007-12-31]",STRICT_ANCHOR,2006,2007,COMPLETED_NONZERO,1697,1697,2026-08-26,2026-08-26T06:20:25Z,https://archive.org/advancedsearch.php,https://archive.org/advancedsearch.php?q=%22damage%22+AND+mediatype%3Atexts+AND+date%3A%5B2006-01-01+TO+2007-12-31%5D&fl%5B%5D=identifier&rows=0&page=1&output=json,EXACT_PHRASE,data/fear-temperature/priority180/search/raw/internet_archive/b5eda58588264f84b3c74627b31b5cc44b391aee7425e6931464572f9ccd885d.json,8f36b63f14bc0fb7a475362d8b0c159bd95a4cd5224534542860708d0bc623eb,Metadata text-item count; not a full-text lexical frequency.,FT-SEED-R1B-P-0607-16,2006–2007,damage
INTERNET_ARCHIVE,INTERNET_ARCHIVE_METADATA_TEXT_ITEM_COUNT,damage,"""damage"" AND mediatype:texts AND date:[2005-01-01 TO 2008-12-31]",CONTEXTUAL_ANCHOR,2005,2008,COMPLETED_NONZERO,3470,3470,2026-08-26,2026-08-26T06:20:26Z,https://archive.org/advancedsearch.php,https://archive.org/advancedsearch.php?q=%22damage%22+AND+mediatype%3Atexts+AND+date%3A%5B2005-01-01+TO+2008-12-31%5D&fl%5B%5D=identifier&rows=0&page=1&output=json,EXACT_PHRASE,data/fear-temperature/priority180/search/raw/internet_archive/1733ab7ebc94df188e1c963ad53e1df9028d52ab4c8f004361ac663e16509be7.json,54fbaeb3e06af610356739867545ea5411368de758de9c10a493195f56918f9e,Metadata text-item count; not a full-text lexical frequency.,FT-SEED-R1B-P-0607-16,2006–2007,damage
OPENALEX,OPENALEX_WORK_COUNT,damage,"""damage""",ALL_AVAILABLE,,,FAILED_PROVIDER_OR_REQUEST,,,2026-08-26,2026-08-26T06:30:57Z,https://api.openalex.org/works,https://api.openalex.org/works?search.exact=%22damage%22&per-page=1&select=id,EXACT_PHRASE,data/fear-temperature/priority180/search/raw/openalex/2ef68b6ef4184dcb2e5f60750f1a783ea2578f3af7037d28390a9df3708bee7f.json,e3b0c44298fc1c149afbf4c8996fb92427ae41e4649b934ca495991b7852b855,"HTTP 429: {""error"":""Rate limit exceeded"",""message"":""Insufficient budget. This request costs $0.001 but you only have $0 remaining. Resets at midnight UTC. Need more? Add funds at https://openalex.org/pricing"",""retryAfter"":62943,""costUsd"":0.001,""daily",FT-SEED-R1B-P-0607-16,2006–2007,damage
OPENALEX,OPENALEX_WORK_COUNT,damage,"""damage""",STRICT_ANCHOR,2006,2007,FAILED_PROVIDER_OR_REQUEST,,,2026-08-26,2026-08-26T06:32:35Z,https://api.openalex.org/works,https://api.openalex.org/works?search.exact=%22damage%22&per-page=1&select=id&filter=from_publication_date%3A2006-01-01%2Cto_publication_date%3A2007-12-31,EXACT_PHRASE,data/fear-temperature/priority180/search/raw/openalex/001ff270c019b110925dff02355af60b2732fbb1b2e7cc2f26622c0a26bc4809.json,e3b0c44298fc1c149afbf4c8996fb92427ae41e4649b934ca495991b7852b855,"HTTP 429: {""error"":""Rate limit exceeded"",""message"":""Insufficient budget. This request costs $0.001 but you only have $0 remaining. Resets at midnight UTC. Need more? Add funds at https://openalex.org/pricing"",""retryAfter"":62845,""costUsd"":0.001,""daily",FT-SEED-R1B-P-0607-16,2006–2007,damage
OPENALEX,OPENALEX_WORK_COUNT,damage,"""damage""",CONTEXTUAL_ANCHOR,2005,2008,FAILED_PROVIDER_OR_REQUEST,,,2026-08-26,2026-08-26T06:32:50Z,https://api.openalex.org/works,https://api.openalex.org/works?search.exact=%22damage%22&per-page=1&select=id&filter=from_publication_date%3A2005-01-01%2Cto_publication_date%3A2008-12-31,EXACT_PHRASE,data/fear-temperature/priority180/search/raw/openalex/5a7c6045f73fbb8058ba0a0fa6d0cb8b0e12fe8d86cb81a1a831b035be025d4f.json,e3b0c44298fc1c149afbf4c8996fb92427ae41e4649b934ca495991b7852b855,"HTTP 429: {""error"":""Rate limit exceeded"",""message"":""Insufficient budget. This request costs $0.001 but you only have $0 remaining. Resets at midnight UTC. Need more? Add funds at https://openalex.org/pricing"",""retryAfter"":62830,""costUsd"":0.001,""daily",FT-SEED-R1B-P-0607-16,2006–2007,damage
GOOGLE_BOOKS_API,GOOGLE_BOOKS_TOTAL_ITEMS,damage,"""damage""",ALL_AVAILABLE,,,NOT_RUN_PROVIDER_QUOTA,,,2026-08-26,2026-08-26T06:34:48Z,https://www.googleapis.com/books/v1/volumes,https://www.googleapis.com/books/v1/volumes?q=%22damage%22&langRestrict=en&maxResults=1&printType=books,EXACT_PHRASE,data/fear-temperature/priority180/search/raw/google_books/provider_quota_probe.json,e3b0c44298fc1c149afbf4c8996fb92427ae41e4649b934ca495991b7852b855,Provider runtime probe returned project quota 0; no candidate count was fabricated. Internet Archive is the completed primary bounded source.,FT-SEED-R1B-P-0607-16,2006–2007,damage
INTERNET_ARCHIVE,INTERNET_ARCHIVE_METADATA_TEXT_ITEM_COUNT,hunger,"""hunger"" AND mediatype:texts",ALL_AVAILABLE,,,COMPLETED_NONZERO,8913,8913,2026-08-26,2026-08-26T06:23:15Z,https://archive.org/advancedsearch.php,https://archive.org/advancedsearch.php?q=%22hunger%22+AND+mediatype%3Atexts&fl%5B%5D=identifier&rows=0&page=1&output=json,EXACT_PHRASE,data/fear-temperature/priority180/search/raw/internet_archive/760c9bfdd822cbe5cc74be0c265c9e1f81d72d7efc190528c434642c0b01660c.json,27b3e9c081bbe99bf1d3e27f5719c91e7a1383995068b968c473e4fd97c875ff,Metadata text-item count; not a full-text lexical frequency.,FT-SEED-R1B-P-0607-17,2006–2007,hunger
INTERNET_ARCHIVE,INTERNET_ARCHIVE_METADATA_TEXT_ITEM_COUNT,hunger,"""hunger"" AND mediatype:texts AND date:[2006-01-01 TO 2007-12-31]",STRICT_ANCHOR,2006,2007,COMPLETED_NONZERO,273,273,2026-08-26,2026-08-26T06:23:16Z,https://archive.org/advancedsearch.php,https://archive.org/advancedsearch.php?q=%22hunger%22+AND+mediatype%3Atexts+AND+date%3A%5B2006-01-01+TO+2007-12-31%5D&fl%5B%5D=identifier&rows=0&page=1&output=json,EXACT_PHRASE,data/fear-temperature/priority180/search/raw/internet_archive/4f958573815710a71e40542f4e7614410ec383376514730a2939b58f50463b2e.json,f6e5d679408a82e6a4b7ed95530d7b4e31d67a39d21ef9bb5bb59800461a0016,Metadata text-item count; not a full-text lexical frequency.,FT-SEED-R1B-P-0607-17,2006–2007,hunger
INTERNET_ARCHIVE,INTERNET_ARCHIVE_METADATA_TEXT_ITEM_COUNT,hunger,"""hunger"" AND mediatype:texts AND date:[2005-01-01 TO 2008-12-31]",CONTEXTUAL_ANCHOR,2005,2008,COMPLETED_NONZERO,544,544,2026-08-26,2026-08-26T06:23:17Z,https://archive.org/advancedsearch.php,https://archive.org/advancedsearch.php?q=%22hunger%22+AND+mediatype%3Atexts+AND+date%3A%5B2005-01-01+TO+2008-12-31%5D&fl%5B%5D=identifier&rows=0&page=1&output=json,EXACT_PHRASE,data/fear-temperature/priority180/search/raw/internet_archive/4df98ef42a0606b29c8f6bf34ac6141a7cb5c976a1ecf7c775d590a5aa7fc0c4.json,d3c415cda597a6bb3a55fc98496b3e188ea3bba327c0e2068f4ad06c91f878fc,Metadata text-item count; not a full-text lexical frequency.,FT-SEED-R1B-P-0607-17,2006–2007,hunger
OPENALEX,OPENALEX_WORK_COUNT,hunger,"""hunger""",ALL_AVAILABLE,,,FAILED_PROVIDER_OR_REQUEST,,,2026-08-26,2026-08-26T06:32:35Z,https://api.openalex.org/works,https://api.openalex.org/works?search.exact=%22hunger%22&per-page=1&select=id,EXACT_PHRASE,data/fear-temperature/priority180/search/raw/openalex/001ff270c019b110925dff02355af60b2732fbb1b2e7cc2f26622c0a26bc4809.json,e3b0c44298fc1c149afbf4c8996fb92427ae41e4649b934ca495991b7852b855,NOT_RUN_OPENALEX_DAILY_BUDGET_EXHAUSTED: shared provider response retained; no count fabricated.,FT-SEED-R1B-P-0607-17,2006–2007,hunger
OPENALEX,OPENALEX_WORK_COUNT,hunger,"""hunger""",STRICT_ANCHOR,2006,2007,FAILED_PROVIDER_OR_REQUEST,,,2026-08-26,2026-08-26T06:32:35Z,https://api.openalex.org/works,https://api.openalex.org/works?search.exact=%22hunger%22&per-page=1&select=id&filter=from_publication_date%3A2006-01-01%2Cto_publication_date%3A2007-12-31,EXACT_PHRASE,data/fear-temperature/priority180/search/raw/openalex/001ff270c019b110925dff02355af60b2732fbb1b2e7cc2f26622c0a26bc4809.json,e3b0c44298fc1c149afbf4c8996fb92427ae41e4649b934ca495991b7852b855,NOT_RUN_OPENALEX_DAILY_BUDGET_EXHAUSTED: shared provider response retained; no count fabricated.,FT-SEED-R1B-P-0607-17,2006–2007,hunger
OPENALEX,OPENALEX_WORK_COUNT,hunger,"""hunger""",CONTEXTUAL_ANCHOR,2005,2008,FAILED_PROVIDER_OR_REQUEST,,,2026-08-26,2026-08-26T06:32:35Z,https://api.openalex.org/works,https://api.openalex.org/works?search.exact=%22hunger%22&per-page=1&select=id&filter=from_publication_date%3A2005-01-01%2Cto_publication_date%3A2008-12-31,EXACT_PHRASE,data/fear-temperature/priority180/search/raw/openalex/001ff270c019b110925dff02355af60b2732fbb1b2e7cc2f26622c0a26bc4809.json,e3b0c44298fc1c149afbf4c8996fb92427ae41e4649b934ca495991b7852b855,NOT_RUN_OPENALEX_DAILY_BUDGET_EXHAUSTED: shared provider response retained; no count fabricated.,FT-SEED-R1B-P-0607-17,2006–2007,hunger
GOOGLE_BOOKS_API,GOOGLE_BOOKS_TOTAL_ITEMS,hunger,"""hunger""",ALL_AVAILABLE,,,NOT_RUN_PROVIDER_QUOTA,,,2026-08-26,2026-08-26T06:34:48Z,https://www.googleapis.com/books/v1/volumes,https://www.googleapis.com/books/v1/volumes?q=%22hunger%22&langRestrict=en&maxResults=1&printType=books,EXACT_PHRASE,data/fear-temperature/priority180/search/raw/google_books/provider_quota_probe.json,e3b0c44298fc1c149afbf4c8996fb92427ae41e4649b934ca495991b7852b855,Provider runtime probe returned project quota 0; no candidate count was fabricated. Internet Archive is the completed primary bounded source.,FT-SEED-R1B-P-0607-17,2006–2007,hunger
INTERNET_ARCHIVE,INTERNET_ARCHIVE_METADATA_TEXT_ITEM_COUNT,water shortages,"""water shortages"" AND mediatype:texts",ALL_AVAILABLE,,,COMPLETED_NONZERO,223,223,2026-08-26,2026-08-26T06:26:48Z,https://archive.org/advancedsearch.php,https://archive.org/advancedsearch.php?q=%22water+shortages%22+AND+mediatype%3Atexts&fl%5B%5D=identifier&rows=0&page=1&output=json,EXACT_PHRASE,data/fear-temperature/priority180/search/raw/internet_archive/7258ef4294ad9bc291a599353c099ec9bcd6f303edea26d1be6b5bd935a30908.json,9ae7a05b97a077ed59472cc1269040ae1b1b1d1be0f2a560293f915f03e8177e,Metadata text-item count; not a full-text lexical frequency.,FT-SEED-R1B-P-0607-18,2006–2007,water shortages
INTERNET_ARCHIVE,INTERNET_ARCHIVE_METADATA_TEXT_ITEM_COUNT,water shortages,"""water shortages"" AND mediatype:texts AND date:[2006-01-01 TO 2007-12-31]",STRICT_ANCHOR,2006,2007,COMPLETED_NONZERO,4,4,2026-08-26,2026-08-26T06:26:49Z,https://archive.org/advancedsearch.php,https://archive.org/advancedsearch.php?q=%22water+shortages%22+AND+mediatype%3Atexts+AND+date%3A%5B2006-01-01+TO+2007-12-31%5D&fl%5B%5D=identifier&rows=0&page=1&output=json,EXACT_PHRASE,data/fear-temperature/priority180/search/raw/internet_archive/bb8ec7897304f1ecb9325ffe4144ac25a4e8aa49a4b0823946e1ebc283b70ed4.json,75dacee65fece9b6e6968247b47350af1fa5a25bec362b2a914cad9eaf380844,Metadata text-item count; not a full-text lexical frequency.,FT-SEED-R1B-P-0607-18,2006–2007,water shortages
INTERNET_ARCHIVE,INTERNET_ARCHIVE_METADATA_TEXT_ITEM_COUNT,water shortages,"""water shortages"" AND mediatype:texts AND date:[2005-01-01 TO 2008-12-31]",CONTEXTUAL_ANCHOR,2005,2008,COMPLETED_NONZERO,10,10,2026-08-26,2026-08-26T06:26:50Z,https://archive.org/advancedsearch.php,https://archive.org/advancedsearch.php?q=%22water+shortages%22+AND+mediatype%3Atexts+AND+date%3A%5B2005-01-01+TO+2008-12-31%5D&fl%5B%5D=identifier&rows=0&page=1&output=json,EXACT_PHRASE,data/fear-temperature/priority180/search/raw/internet_archive/b90dd23dfd813649ae01ca8ccd2de648b215e04815539680e5e1abccbef47a6a.json,36a9a29edf0cae1430d896599e47b3a801b087079e81c808db5b1505bf0b7aeb,Metadata text-item count; not a full-text lexical frequency.,FT-SEED-R1B-P-0607-18,2006–2007,water shortages
OPENALEX,OPENALEX_WORK_COUNT,water shortages,"""water shortages""",ALL_AVAILABLE,,,FAILED_PROVIDER_OR_REQUEST,,,2026-08-26,2026-08-26T06:32:35Z,https://api.openalex.org/works,https://api.openalex.org/works?search.exact=%22water+shortages%22&per-page=1&select=id,EXACT_PHRASE,data/fear-temperature/priority180/search/raw/openalex/001ff270c019b110925dff02355af60b2732fbb1b2e7cc2f26622c0a26bc4809.json,e3b0c44298fc1c149afbf4c8996fb92427ae41e4649b934ca495991b7852b855,NOT_RUN_OPENALEX_DAILY_BUDGET_EXHAUSTED: shared provider response retained; no count fabricated.,FT-SEED-R1B-P-0607-18,2006–2007,water shortages
OPENALEX,OPENALEX_WORK_COUNT,water shortages,"""water shortages""",STRICT_ANCHOR,2006,2007,FAILED_PROVIDER_OR_REQUEST,,,2026-08-26,2026-08-26T06:32:35Z,https://api.openalex.org/works,https://api.openalex.org/works?search.exact=%22water+shortages%22&per-page=1&select=id&filter=from_publication_date%3A2006-01-01%2Cto_publication_date%3A2007-12-31,EXACT_PHRASE,data/fear-temperature/priority180/search/raw/openalex/001ff270c019b110925dff02355af60b2732fbb1b2e7cc2f26622c0a26bc4809.json,e3b0c44298fc1c149afbf4c8996fb92427ae41e4649b934ca495991b7852b855,NOT_RUN_OPENALEX_DAILY_BUDGET_EXHAUSTED: shared provider response retained; no count fabricated.,FT-SEED-R1B-P-0607-18,2006–2007,water shortages
OPENALEX,OPENALEX_WORK_COUNT,water shortages,"""water shortages""",CONTEXTUAL_ANCHOR,2005,2008,FAILED_PROVIDER_OR_REQUEST,,,2026-08-26,2026-08-26T06:32:35Z,https://api.openalex.org/works,https://api.openalex.org/works?search.exact=%22water+shortages%22&per-page=1&select=id&filter=from_publication_date%3A2005-01-01%2Cto_publication_date%3A2008-12-31,EXACT_PHRASE,data/fear-temperature/priority180/search/raw/openalex/001ff270c019b110925dff02355af60b2732fbb1b2e7cc2f26622c0a26bc4809.json,e3b0c44298fc1c149afbf4c8996fb92427ae41e4649b934ca495991b7852b855,NOT_RUN_OPENALEX_DAILY_BUDGET_EXHAUSTED: shared provider response retained; no count fabricated.,FT-SEED-R1B-P-0607-18,2006–2007,water shortages
GOOGLE_BOOKS_API,GOOGLE_BOOKS_TOTAL_ITEMS,water shortages,"""water shortages""",ALL_AVAILABLE,,,NOT_RUN_PROVIDER_QUOTA,,,2026-08-26,2026-08-26T06:34:48Z,https://www.googleapis.com/books/v1/volumes,https://www.googleapis.com/books/v1/volumes?q=%22water+shortages%22&langRestrict=en&maxResults=1&printType=books,EXACT_PHRASE,data/fear-temperature/priority180/search/raw/google_books/provider_quota_probe.json,e3b0c44298fc1c149afbf4c8996fb92427ae41e4649b934ca495991b7852b855,Provider runtime probe returned project quota 0; no candidate count was fabricated. Internet Archive is the completed primary bounded source.,FT-SEED-R1B-P-0607-18,2006–2007,water shortages
INTERNET_ARCHIVE,INTERNET_ARCHIVE_METADATA_TEXT_ITEM_COUNT,coastal flooding,"""coastal flooding"" AND mediatype:texts",ALL_AVAILABLE,,,COMPLETED_NONZERO,87,87,2026-08-26,2026-08-26T06:20:10Z,https://archive.org/advancedsearch.php,https://archive.org/advancedsearch.php?q=%22coastal+flooding%22+AND+mediatype%3Atexts&fl%5B%5D=identifier&rows=0&page=1&output=json,EXACT_PHRASE,data/fear-temperature/priority180/search/raw/internet_archive/643dfc52d3e373818f49f6b97a4452570210b1deab6fa184dc6ee0baa6d636df.json,7b5350e1818a80d47ea9beaa6ebf1bdda03c4832a47fde081fcfafc31973d0f0,Metadata text-item count; not a full-text lexical frequency.,FT-SEED-R1B-P-0607-19,2006–2007,coastal flooding
INTERNET_ARCHIVE,INTERNET_ARCHIVE_METADATA_TEXT_ITEM_COUNT,coastal flooding,"""coastal flooding"" AND mediatype:texts AND date:[2006-01-01 TO 2007-12-31]",STRICT_ANCHOR,2006,2007,COMPLETED_NONZERO,1,1,2026-08-26,2026-08-26T06:20:11Z,https://archive.org/advancedsearch.php,https://archive.org/advancedsearch.php?q=%22coastal+flooding%22+AND+mediatype%3Atexts+AND+date%3A%5B2006-01-01+TO+2007-12-31%5D&fl%5B%5D=identifier&rows=0&page=1&output=json,EXACT_PHRASE,data/fear-temperature/priority180/search/raw/internet_archive/d7bbadf243fc265bd012be37d15b6584516b5ce41506a7ee4cc55eb29b4f7b27.json,06f3fb72ce33ecfa2917a322376f38a86cdd98298b395393cc34b08ed188fe9b,Metadata text-item count; not a full-text lexical frequency.,FT-SEED-R1B-P-0607-19,2006–2007,coastal flooding
INTERNET_ARCHIVE,INTERNET_ARCHIVE_METADATA_TEXT_ITEM_COUNT,coastal flooding,"""coastal flooding"" AND mediatype:texts AND date:[2005-01-01 TO 2008-12-31]",CONTEXTUAL_ANCHOR,2005,2008,COMPLETED_NONZERO,4,4,2026-08-26,2026-08-26T06:20:12Z,https://archive.org/advancedsearch.php,https://archive.org/advancedsearch.php?q=%22coastal+flooding%22+AND+mediatype%3Atexts+AND+date%3A%5B2005-01-01+TO+2008-12-31%5D&fl%5B%5D=identifier&rows=0&page=1&output=json,EXACT_PHRASE,data/fear-temperature/priority180/search/raw/internet_archive/90e332388d4e65298636015e54a89bb9fb91ae62486dff8869f7b2e6235fcdf8.json,692732e63cc9b3b2a04e6153ba9374ee7fb85e7b65ee3e4f302b1ba1870edd82,Metadata text-item count; not a full-text lexical frequency.,FT-SEED-R1B-P-0607-19,2006–2007,coastal flooding
OPENALEX,OPENALEX_WORK_COUNT,coastal flooding,"""coastal flooding""",ALL_AVAILABLE,,,COMPLETED_NONZERO,22058,22058,2026-08-26,2026-08-26T06:28:33Z,https://api.openalex.org/works,https://api.openalex.org/works?search.exact=%22coastal+flooding%22&per-page=1&select=id,EXACT_PHRASE,data/fear-temperature/priority180/search/raw/openalex/5aa9407872300d56a90506af2551c5b746beaa13b4703864b0238c8de8c844d0.json,bce5c320599295814ffee2ee2afef8ed8868047e60861f4f577e442cac4bdae4,Scholarly work discoverability count over OpenAlex search fields; not a corpus word frequency.,FT-SEED-R1B-P-0607-19,2006–2007,coastal flooding
OPENALEX,OPENALEX_WORK_COUNT,coastal flooding,"""coastal flooding""",STRICT_ANCHOR,2006,2007,COMPLETED_NONZERO,218,218,2026-08-26,2026-08-26T06:28:34Z,https://api.openalex.org/works,https://api.openalex.org/works?search.exact=%22coastal+flooding%22&per-page=1&select=id&filter=from_publication_date%3A2006-01-01%2Cto_publication_date%3A2007-12-31,EXACT_PHRASE,data/fear-temperature/priority180/search/raw/openalex/7af726299c48a75970b1d4748c3c9985c5113850330a681cae463df0bc80e588.json,80a9d58d49eca28a15aa203cd1775ab69eb9d4ff7e4e528d50d824fb980e0cd5,Scholarly work discoverability count over OpenAlex search fields; not a corpus word frequency.,FT-SEED-R1B-P-0607-19,2006–2007,coastal flooding
OPENALEX,OPENALEX_WORK_COUNT,coastal flooding,"""coastal flooding""",CONTEXTUAL_ANCHOR,2005,2008,COMPLETED_NONZERO,490,490,2026-08-26,2026-08-26T06:28:34Z,https://api.openalex.org/works,https://api.openalex.org/works?search.exact=%22coastal+flooding%22&per-page=1&select=id&filter=from_publication_date%3A2005-01-01%2Cto_publication_date%3A2008-12-31,EXACT_PHRASE,data/fear-temperature/priority180/search/raw/openalex/e8a941ac0db1bf3229b6f083e92f1775ec94c7a45b2bec20da5ba83f382ac873.json,334dc7a947996e748f8a15eed8154c362acc61791e96d34c1a3017b12474f97a,Scholarly work discoverability count over OpenAlex search fields; not a corpus word frequency.,FT-SEED-R1B-P-0607-19,2006–2007,coastal flooding
GOOGLE_BOOKS_API,GOOGLE_BOOKS_TOTAL_ITEMS,coastal flooding,"""coastal flooding""",ALL_AVAILABLE,,,NOT_RUN_PROVIDER_QUOTA,,,2026-08-26,2026-08-26T06:34:48Z,https://www.googleapis.com/books/v1/volumes,https://www.googleapis.com/books/v1/volumes?q=%22coastal+flooding%22&langRestrict=en&maxResults=1&printType=books,EXACT_PHRASE,data/fear-temperature/priority180/search/raw/google_books/provider_quota_probe.json,e3b0c44298fc1c149afbf4c8996fb92427ae41e4649b934ca495991b7852b855,Provider runtime probe returned project quota 0; no candidate count was fabricated. Internet Archive is the completed primary bounded source.,FT-SEED-R1B-P-0607-19,2006–2007,coastal flooding
INTERNET_ARCHIVE,INTERNET_ARCHIVE_METADATA_TEXT_ITEM_COUNT,worst impacts,"""worst impacts"" AND mediatype:texts",ALL_AVAILABLE,,,COMPLETED_NONZERO,13,13,2026-08-26,2026-08-26T06:27:18Z,https://archive.org/advancedsearch.php,https://archive.org/advancedsearch.php?q=%22worst+impacts%22+AND+mediatype%3Atexts&fl%5B%5D=identifier&rows=0&page=1&output=json,EXACT_PHRASE,data/fear-temperature/priority180/search/raw/internet_archive/04a75d10836dab213d7a00bf0cfae0d65adaa15be7f86f6c98c526a037b18c7f.json,0bfb9721c9afe87718d038c17628bb5a6e773ef2769db3fbff94ef52f661a212,Metadata text-item count; not a full-text lexical frequency.,FT-SEED-R1B-P-0607-20,2006–2007,worst impacts
INTERNET_ARCHIVE,INTERNET_ARCHIVE_METADATA_TEXT_ITEM_COUNT,worst impacts,"""worst impacts"" AND mediatype:texts AND date:[2006-01-01 TO 2007-12-31]",STRICT_ANCHOR,2006,2007,COMPLETED_ZERO,0,0,2026-08-26,2026-08-26T06:27:19Z,https://archive.org/advancedsearch.php,https://archive.org/advancedsearch.php?q=%22worst+impacts%22+AND+mediatype%3Atexts+AND+date%3A%5B2006-01-01+TO+2007-12-31%5D&fl%5B%5D=identifier&rows=0&page=1&output=json,EXACT_PHRASE,data/fear-temperature/priority180/search/raw/internet_archive/6149dd1457e1bbe95695d0d4b33d5bdd3def94c30d6d4cc5f317f0fa0f6411f1.json,9c706197042fead5fa55ff72f8ad7da04eca9d245b2249f74fab6a291cf12335,Metadata text-item count; not a full-text lexical frequency.,FT-SEED-R1B-P-0607-20,2006–2007,worst impacts
INTERNET_ARCHIVE,INTERNET_ARCHIVE_METADATA_TEXT_ITEM_COUNT,worst impacts,"""worst impacts"" AND mediatype:texts AND date:[2005-01-01 TO 2008-12-31]",CONTEXTUAL_ANCHOR,2005,2008,COMPLETED_NONZERO,1,1,2026-08-26,2026-08-26T06:27:20Z,https://archive.org/advancedsearch.php,https://archive.org/advancedsearch.php?q=%22worst+impacts%22+AND+mediatype%3Atexts+AND+date%3A%5B2005-01-01+TO+2008-12-31%5D&fl%5B%5D=identifier&rows=0&page=1&output=json,EXACT_PHRASE,data/fear-temperature/priority180/search/raw/internet_archive/e7993bfaf4b02b17d90913e1b9e7ab3cbadc8b7df5afe84bde8fad06e98a8ca4.json,ef0485cedebf1ef2ea6a2c518a7392388c9a1b5e11e571cfde2f4d4e0d5ff7ad,Metadata text-item count; not a full-text lexical frequency.,FT-SEED-R1B-P-0607-20,2006–2007,worst impacts
OPENALEX,OPENALEX_WORK_COUNT,worst impacts,"""worst impacts""",ALL_AVAILABLE,,,FAILED_PROVIDER_OR_REQUEST,,,2026-08-26,2026-08-26T06:32:35Z,https://api.openalex.org/works,https://api.openalex.org/works?search.exact=%22worst+impacts%22&per-page=1&select=id,EXACT_PHRASE,data/fear-temperature/priority180/search/raw/openalex/001ff270c019b110925dff02355af60b2732fbb1b2e7cc2f26622c0a26bc4809.json,e3b0c44298fc1c149afbf4c8996fb92427ae41e4649b934ca495991b7852b855,NOT_RUN_OPENALEX_DAILY_BUDGET_EXHAUSTED: shared provider response retained; no count fabricated.,FT-SEED-R1B-P-0607-20,2006–2007,worst impacts
OPENALEX,OPENALEX_WORK_COUNT,worst impacts,"""worst impacts""",STRICT_ANCHOR,2006,2007,FAILED_PROVIDER_OR_REQUEST,,,2026-08-26,2026-08-26T06:32:35Z,https://api.openalex.org/works,https://api.openalex.org/works?search.exact=%22worst+impacts%22&per-page=1&select=id&filter=from_publication_date%3A2006-01-01%2Cto_publication_date%3A2007-12-31,EXACT_PHRASE,data/fear-temperature/priority180/search/raw/openalex/001ff270c019b110925dff02355af60b2732fbb1b2e7cc2f26622c0a26bc4809.json,e3b0c44298fc1c149afbf4c8996fb92427ae41e4649b934ca495991b7852b855,NOT_RUN_OPENALEX_DAILY_BUDGET_EXHAUSTED: shared provider response retained; no count fabricated.,FT-SEED-R1B-P-0607-20,2006–2007,worst impacts
OPENALEX,OPENALEX_WORK_COUNT,worst impacts,"""worst impacts""",CONTEXTUAL_ANCHOR,2005,2008,FAILED_PROVIDER_OR_REQUEST,,,2026-08-26,2026-08-26T06:32:35Z,https://api.openalex.org/works,https://api.openalex.org/works?search.exact=%22worst+impacts%22&per-page=1&select=id&filter=from_publication_date%3A2005-01-01%2Cto_publication_date%3A2008-12-31,EXACT_PHRASE,data/fear-temperature/priority180/search/raw/openalex/001ff270c019b110925dff02355af60b2732fbb1b2e7cc2f26622c0a26bc4809.json,e3b0c44298fc1c149afbf4c8996fb92427ae41e4649b934ca495991b7852b855,NOT_RUN_OPENALEX_DAILY_BUDGET_EXHAUSTED: shared provider response retained; no count fabricated.,FT-SEED-R1B-P-0607-20,2006–2007,worst impacts
GOOGLE_BOOKS_API,GOOGLE_BOOKS_TOTAL_ITEMS,worst impacts,"""worst impacts""",ALL_AVAILABLE,,,NOT_RUN_PROVIDER_QUOTA,,,2026-08-26,2026-08-26T06:34:48Z,https://www.googleapis.com/books/v1/volumes,https://www.googleapis.com/books/v1/volumes?q=%22worst+impacts%22&langRestrict=en&maxResults=1&printType=books,EXACT_PHRASE,data/fear-temperature/priority180/search/raw/google_books/provider_quota_probe.json,e3b0c44298fc1c149afbf4c8996fb92427ae41e4649b934ca495991b7852b855,Provider runtime probe returned project quota 0; no candidate count was fabricated. Internet Archive is the completed primary bounded source.,FT-SEED-R1B-P-0607-20,2006–2007,worst impacts
INTERNET_ARCHIVE,INTERNET_ARCHIVE_METADATA_TEXT_ITEM_COUNT,be worried. be very worried.,"""Be Worried. Be Very Worried."" AND mediatype:texts",ALL_AVAILABLE,,,COMPLETED_ZERO,0,0,2026-08-26,2026-08-26T06:19:31Z,https://archive.org/advancedsearch.php,https://archive.org/advancedsearch.php?q=%22Be+Worried.+Be+Very+Worried.%22+AND+mediatype%3Atexts&fl%5B%5D=identifier&rows=0&page=1&output=json,EXACT_PHRASE,data/fear-temperature/priority180/search/raw/internet_archive/e65845265bba1c80a8f41b893c85b685d98339ae48fc965604202b4a93651903.json,9becf4996a21bff1e2dc21e7575e91c7c4e47ccbe05395a6ad504d6a9cb680a2,Metadata text-item count; not a full-text lexical frequency.,FT-SEED-R1B-P-0607-21,2006–2007,Be Worried. Be Very Worried.
INTERNET_ARCHIVE,INTERNET_ARCHIVE_METADATA_TEXT_ITEM_COUNT,be worried. be very worried.,"""Be Worried. Be Very Worried."" AND mediatype:texts AND date:[2006-01-01 TO 2007-12-31]",STRICT_ANCHOR,2006,2007,COMPLETED_ZERO,0,0,2026-08-26,2026-08-26T06:19:32Z,https://archive.org/advancedsearch.php,https://archive.org/advancedsearch.php?q=%22Be+Worried.+Be+Very+Worried.%22+AND+mediatype%3Atexts+AND+date%3A%5B2006-01-01+TO+2007-12-31%5D&fl%5B%5D=identifier&rows=0&page=1&output=json,EXACT_PHRASE,data/fear-temperature/priority180/search/raw/internet_archive/402b139eb90667f2b6ca8caa615c6d795e591d264d9540c6759cee5aeade5031.json,e2578208d2cccd3978fe8179a018a59c51ee887d25711cfa92e2eed117ec7237,Metadata text-item count; not a full-text lexical frequency.,FT-SEED-R1B-P-0607-21,2006–2007,Be Worried. Be Very Worried.
INTERNET_ARCHIVE,INTERNET_ARCHIVE_METADATA_TEXT_ITEM_COUNT,be worried. be very worried.,"""Be Worried. Be Very Worried."" AND mediatype:texts AND date:[2005-01-01 TO 2008-12-31]",CONTEXTUAL_ANCHOR,2005,2008,COMPLETED_ZERO,0,0,2026-08-26,2026-08-26T06:19:33Z,https://archive.org/advancedsearch.php,https://archive.org/advancedsearch.php?q=%22Be+Worried.+Be+Very+Worried.%22+AND+mediatype%3Atexts+AND+date%3A%5B2005-01-01+TO+2008-12-31%5D&fl%5B%5D=identifier&rows=0&page=1&output=json,EXACT_PHRASE,data/fear-temperature/priority180/search/raw/internet_archive/46499ffcb5cac09c1857603ef0d30bae3acfaf002b6342fd2337668fa2365c6e.json,a9f1cadde8fe25516dee81ee3e89b6081b300f58c75018a08ee313971aaa035f,Metadata text-item count; not a full-text lexical frequency.,FT-SEED-R1B-P-0607-21,2006–2007,Be Worried. Be Very Worried.
OPENALEX,OPENALEX_WORK_COUNT,be worried. be very worried.,"""Be Worried. Be Very Worried.""",ALL_AVAILABLE,,,COMPLETED_NONZERO,41,41,2026-08-26,2026-08-26T06:28:02Z,https://api.openalex.org/works,https://api.openalex.org/works?search.exact=%22Be+Worried.+Be+Very+Worried.%22&per-page=1&select=id,EXACT_PHRASE,data/fear-temperature/priority180/search/raw/openalex/fb2fb44672effad5c031c2db981f8fe177246cbd3f55839f0846a514c5ca6e97.json,f6e89969d6cef7758abd776062311ac61361c13a3a2a93cbafd76ca02849dcc0,Scholarly work discoverability count over OpenAlex search fields; not a corpus word frequency.,FT-SEED-R1B-P-0607-21,2006–2007,Be Worried. Be Very Worried.
OPENALEX,OPENALEX_WORK_COUNT,be worried. be very worried.,"""Be Worried. Be Very Worried.""",STRICT_ANCHOR,2006,2007,COMPLETED_ZERO,0,0,2026-08-26,2026-08-26T06:28:03Z,https://api.openalex.org/works,https://api.openalex.org/works?search.exact=%22Be+Worried.+Be+Very+Worried.%22&per-page=1&select=id&filter=from_publication_date%3A2006-01-01%2Cto_publication_date%3A2007-12-31,EXACT_PHRASE,data/fear-temperature/priority180/search/raw/openalex/350cc8a0e3c9cef67e2ab64a8b3e2bf03b0ab85b3257f403a84acc04801f5763.json,36337d66657b0e4044cbbd8e3f038fca66ce6f687559bad683be835a2cad025b,Scholarly work discoverability count over OpenAlex search fields; not a corpus word frequency.,FT-SEED-R1B-P-0607-21,2006–2007,Be Worried. Be Very Worried.
OPENALEX,OPENALEX_WORK_COUNT,be worried. be very worried.,"""Be Worried. Be Very Worried.""",CONTEXTUAL_ANCHOR,2005,2008,COMPLETED_NONZERO,2,2,2026-08-26,2026-08-26T06:28:03Z,https://api.openalex.org/works,https://api.openalex.org/works?search.exact=%22Be+Worried.+Be+Very+Worried.%22&per-page=1&select=id&filter=from_publication_date%3A2005-01-01%2Cto_publication_date%3A2008-12-31,EXACT_PHRASE,data/fear-temperature/priority180/search/raw/openalex/6793f38f1e47c833245e514101d83f3b22a63792aa9729082052ff5f37930fa6.json,2fc285bcccb8a5affe15dd0e6698d7308477ba752207dbafb845a642dee23cc9,Scholarly work discoverability count over OpenAlex search fields; not a corpus word frequency.,FT-SEED-R1B-P-0607-21,2006–2007,Be Worried. Be Very Worried.
GOOGLE_BOOKS_API,GOOGLE_BOOKS_TOTAL_ITEMS,be worried. be very worried.,"""Be Worried. Be Very Worried.""",ALL_AVAILABLE,,,NOT_RUN_PROVIDER_QUOTA,,,2026-08-26,2026-08-26T06:34:48Z,https://www.googleapis.com/books/v1/volumes,https://www.googleapis.com/books/v1/volumes?q=%22Be+Worried.+Be+Very+Worried.%22&langRestrict=en&maxResults=1&printType=books,EXACT_PHRASE,data/fear-temperature/priority180/search/raw/google_books/provider_quota_probe.json,e3b0c44298fc1c149afbf4c8996fb92427ae41e4649b934ca495991b7852b855,Provider runtime probe returned project quota 0; no candidate count was fabricated. Internet Archive is the completed primary bounded source.,FT-SEED-R1B-P-0607-21,2006–2007,Be Worried. Be Very Worried.
INTERNET_ARCHIVE,INTERNET_ARCHIVE_METADATA_TEXT_ITEM_COUNT,personally worry,"""personally worry"" AND mediatype:texts",ALL_AVAILABLE,,,COMPLETED_ZERO,0,0,2026-08-26,2026-08-26T06:24:19Z,https://archive.org/advancedsearch.php,https://archive.org/advancedsearch.php?q=%22personally+worry%22+AND+mediatype%3Atexts&fl%5B%5D=identifier&rows=0&page=1&output=json,EXACT_PHRASE,data/fear-temperature/priority180/search/raw/internet_archive/298fca1e1be329e0f0b455b25e8015fa985c29d33531e9cdbd0ab66f92ab64cc.json,94a7bdb8b4e7078cedfadf7cd1f4ac9507859ad47ce233c3eed510c27f3296fc,Metadata text-item count; not a full-text lexical frequency.,FT-SEED-R1B-P-0607-22,2006–2007,personally worry
INTERNET_ARCHIVE,INTERNET_ARCHIVE_METADATA_TEXT_ITEM_COUNT,personally worry,"""personally worry"" AND mediatype:texts AND date:[2006-01-01 TO 2007-12-31]",STRICT_ANCHOR,2006,2007,COMPLETED_ZERO,0,0,2026-08-26,2026-08-26T06:24:19Z,https://archive.org/advancedsearch.php,https://archive.org/advancedsearch.php?q=%22personally+worry%22+AND+mediatype%3Atexts+AND+date%3A%5B2006-01-01+TO+2007-12-31%5D&fl%5B%5D=identifier&rows=0&page=1&output=json,EXACT_PHRASE,data/fear-temperature/priority180/search/raw/internet_archive/69f27e7d8fc20d2640b3eba7ddc071944674083fea730cab5ffcb08174c94b57.json,ad3a14739bc956d0e2accb7e9d7e49d50f194bf9a34a975677f54dd6b11a3b21,Metadata text-item count; not a full-text lexical frequency.,FT-SEED-R1B-P-0607-22,2006–2007,personally worry
INTERNET_ARCHIVE,INTERNET_ARCHIVE_METADATA_TEXT_ITEM_COUNT,personally worry,"""personally worry"" AND mediatype:texts AND date:[2005-01-01 TO 2008-12-31]",CONTEXTUAL_ANCHOR,2005,2008,COMPLETED_ZERO,0,0,2026-08-26,2026-08-26T06:24:20Z,https://archive.org/advancedsearch.php,https://archive.org/advancedsearch.php?q=%22personally+worry%22+AND+mediatype%3Atexts+AND+date%3A%5B2005-01-01+TO+2008-12-31%5D&fl%5B%5D=identifier&rows=0&page=1&output=json,EXACT_PHRASE,data/fear-temperature/priority180/search/raw/internet_archive/b99033b5dd6b01f55ffeb9957f4bf904f5eab9657a6e3ead24c3aedf59511af7.json,564df9fd7c1cb79fa75b3ebace65b545d9493719d039901590be3154b590878a,Metadata text-item count; not a full-text lexical frequency.,FT-SEED-R1B-P-0607-22,2006–2007,personally worry
OPENALEX,OPENALEX_WORK_COUNT,personally worry,"""personally worry""",ALL_AVAILABLE,,,FAILED_PROVIDER_OR_REQUEST,,,2026-08-26,2026-08-26T06:32:35Z,https://api.openalex.org/works,https://api.openalex.org/works?search.exact=%22personally+worry%22&per-page=1&select=id,EXACT_PHRASE,data/fear-temperature/priority180/search/raw/openalex/001ff270c019b110925dff02355af60b2732fbb1b2e7cc2f26622c0a26bc4809.json,e3b0c44298fc1c149afbf4c8996fb92427ae41e4649b934ca495991b7852b855,NOT_RUN_OPENALEX_DAILY_BUDGET_EXHAUSTED: shared provider response retained; no count fabricated.,FT-SEED-R1B-P-0607-22,2006–2007,personally worry
OPENALEX,OPENALEX_WORK_COUNT,personally worry,"""personally worry""",STRICT_ANCHOR,2006,2007,FAILED_PROVIDER_OR_REQUEST,,,2026-08-26,2026-08-26T06:32:35Z,https://api.openalex.org/works,https://api.openalex.org/works?search.exact=%22personally+worry%22&per-page=1&select=id&filter=from_publication_date%3A2006-01-01%2Cto_publication_date%3A2007-12-31,EXACT_PHRASE,data/fear-temperature/priority180/search/raw/openalex/001ff270c019b110925dff02355af60b2732fbb1b2e7cc2f26622c0a26bc4809.json,e3b0c44298fc1c149afbf4c8996fb92427ae41e4649b934ca495991b7852b855,NOT_RUN_OPENALEX_DAILY_BUDGET_EXHAUSTED: shared provider response retained; no count fabricated.,FT-SEED-R1B-P-0607-22,2006–2007,personally worry
OPENALEX,OPENALEX_WORK_COUNT,personally worry,"""personally worry""",CONTEXTUAL_ANCHOR,2005,2008,FAILED_PROVIDER_OR_REQUEST,,,2026-08-26,2026-08-26T06:32:35Z,https://api.openalex.org/works,https://api.openalex.org/works?search.exact=%22personally+worry%22&per-page=1&select=id&filter=from_publication_date%3A2005-01-01%2Cto_publication_date%3A2008-12-31,EXACT_PHRASE,data/fear-temperature/priority180/search/raw/openalex/001ff270c019b110925dff02355af60b2732fbb1b2e7cc2f26622c0a26bc4809.json,e3b0c44298fc1c149afbf4c8996fb92427ae41e4649b934ca495991b7852b855,NOT_RUN_OPENALEX_DAILY_BUDGET_EXHAUSTED: shared provider response retained; no count fabricated.,FT-SEED-R1B-P-0607-22,2006–2007,personally worry
GOOGLE_BOOKS_API,GOOGLE_BOOKS_TOTAL_ITEMS,personally worry,"""personally worry""",ALL_AVAILABLE,,,NOT_RUN_PROVIDER_QUOTA,,,2026-08-26,2026-08-26T06:34:48Z,https://www.googleapis.com/books/v1/volumes,https://www.googleapis.com/books/v1/volumes?q=%22personally+worry%22&langRestrict=en&maxResults=1&printType=books,EXACT_PHRASE,data/fear-temperature/priority180/search/raw/google_books/provider_quota_probe.json,e3b0c44298fc1c149afbf4c8996fb92427ae41e4649b934ca495991b7852b855,Provider runtime probe returned project quota 0; no candidate count was fabricated. Internet Archive is the completed primary bounded source.,FT-SEED-R1B-P-0607-22,2006–2007,personally worry
INTERNET_ARCHIVE,INTERNET_ARCHIVE_METADATA_TEXT_ITEM_COUNT,worry a great deal,"""worry a great deal"" AND mediatype:texts",ALL_AVAILABLE,,,COMPLETED_NONZERO,3,3,2026-08-26,2026-08-26T06:27:15Z,https://archive.org/advancedsearch.php,https://archive.org/advancedsearch.php?q=%22worry+a+great+deal%22+AND+mediatype%3Atexts&fl%5B%5D=identifier&rows=0&page=1&output=json,EXACT_PHRASE,data/fear-temperature/priority180/search/raw/internet_archive/ccfd22afbea73e341554c6f4a5050c8565f1bd3450476f3fa9fabc02f1ff22e9.json,041a5413ba36959190b7376d2adde24ffb305a6c1264d2a11367ba3c2a6ff614,Metadata text-item count; not a full-text lexical frequency.,FT-SEED-R1B-P-0607-23,2006–2007,worry a great deal
INTERNET_ARCHIVE,INTERNET_ARCHIVE_METADATA_TEXT_ITEM_COUNT,worry a great deal,"""worry a great deal"" AND mediatype:texts AND date:[2006-01-01 TO 2007-12-31]",STRICT_ANCHOR,2006,2007,COMPLETED_ZERO,0,0,2026-08-26,2026-08-26T06:27:16Z,https://archive.org/advancedsearch.php,https://archive.org/advancedsearch.php?q=%22worry+a+great+deal%22+AND+mediatype%3Atexts+AND+date%3A%5B2006-01-01+TO+2007-12-31%5D&fl%5B%5D=identifier&rows=0&page=1&output=json,EXACT_PHRASE,data/fear-temperature/priority180/search/raw/internet_archive/31b604b94e57a53e42c42f24ae65a583ff0f3ad82e4588458a4924bc75c38b64.json,77e17d5c24e854bb2dc899ff02f4a8e34f7195d44f404e548c18ee69856a9b4a,Metadata text-item count; not a full-text lexical frequency.,FT-SEED-R1B-P-0607-23,2006–2007,worry a great deal
INTERNET_ARCHIVE,INTERNET_ARCHIVE_METADATA_TEXT_ITEM_COUNT,worry a great deal,"""worry a great deal"" AND mediatype:texts AND date:[2005-01-01 TO 2008-12-31]",CONTEXTUAL_ANCHOR,2005,2008,COMPLETED_ZERO,0,0,2026-08-26,2026-08-26T06:27:17Z,https://archive.org/advancedsearch.php,https://archive.org/advancedsearch.php?q=%22worry+a+great+deal%22+AND+mediatype%3Atexts+AND+date%3A%5B2005-01-01+TO+2008-12-31%5D&fl%5B%5D=identifier&rows=0&page=1&output=json,EXACT_PHRASE,data/fear-temperature/priority180/search/raw/internet_archive/d1ad25a3df47caa518654b3659a8d1ae835273017a444dc183008940a153513c.json,a611c5cec6dfc9cb0a4087815cd607d48cc484650571bb1ece33c97b38b30cdf,Metadata text-item count; not a full-text lexical frequency.,FT-SEED-R1B-P-0607-23,2006–2007,worry a great deal
OPENALEX,OPENALEX_WORK_COUNT,worry a great deal,"""worry a great deal""",ALL_AVAILABLE,,,FAILED_PROVIDER_OR_REQUEST,,,2026-08-26,2026-08-26T06:32:35Z,https://api.openalex.org/works,https://api.openalex.org/works?search.exact=%22worry+a+great+deal%22&per-page=1&select=id,EXACT_PHRASE,data/fear-temperature/priority180/search/raw/openalex/001ff270c019b110925dff02355af60b2732fbb1b2e7cc2f26622c0a26bc4809.json,e3b0c44298fc1c149afbf4c8996fb92427ae41e4649b934ca495991b7852b855,NOT_RUN_OPENALEX_DAILY_BUDGET_EXHAUSTED: shared provider response retained; no count fabricated.,FT-SEED-R1B-P-0607-23,2006–2007,worry a great deal
OPENALEX,OPENALEX_WORK_COUNT,worry a great deal,"""worry a great deal""",STRICT_ANCHOR,2006,2007,FAILED_PROVIDER_OR_REQUEST,,,2026-08-26,2026-08-26T06:32:35Z,https://api.openalex.org/works,https://api.openalex.org/works?search.exact=%22worry+a+great+deal%22&per-page=1&select=id&filter=from_publication_date%3A2006-01-01%2Cto_publication_date%3A2007-12-31,EXACT_PHRASE,data/fear-temperature/priority180/search/raw/openalex/001ff270c019b110925dff02355af60b2732fbb1b2e7cc2f26622c0a26bc4809.json,e3b0c44298fc1c149afbf4c8996fb92427ae41e4649b934ca495991b7852b855,NOT_RUN_OPENALEX_DAILY_BUDGET_EXHAUSTED: shared provider response retained; no count fabricated.,FT-SEED-R1B-P-0607-23,2006–2007,worry a great deal
OPENALEX,OPENALEX_WORK_COUNT,worry a great deal,"""worry a great deal""",CONTEXTUAL_ANCHOR,2005,2008,FAILED_PROVIDER_OR_REQUEST,,,2026-08-26,2026-08-26T06:32:35Z,https://api.openalex.org/works,https://api.openalex.org/works?search.exact=%22worry+a+great+deal%22&per-page=1&select=id&filter=from_publication_date%3A2005-01-01%2Cto_publication_date%3A2008-12-31,EXACT_PHRASE,data/fear-temperature/priority180/search/raw/openalex/001ff270c019b110925dff02355af60b2732fbb1b2e7cc2f26622c0a26bc4809.json,e3b0c44298fc1c149afbf4c8996fb92427ae41e4649b934ca495991b7852b855,NOT_RUN_OPENALEX_DAILY_BUDGET_EXHAUSTED: shared provider response retained; no count fabricated.,FT-SEED-R1B-P-0607-23,2006–2007,worry a great deal
GOOGLE_BOOKS_API,GOOGLE_BOOKS_TOTAL_ITEMS,worry a great deal,"""worry a great deal""",ALL_AVAILABLE,,,NOT_RUN_PROVIDER_QUOTA,,,2026-08-26,2026-08-26T06:34:48Z,https://www.googleapis.com/books/v1/volumes,https://www.googleapis.com/books/v1/volumes?q=%22worry+a+great+deal%22&langRestrict=en&maxResults=1&printType=books,EXACT_PHRASE,data/fear-temperature/priority180/search/raw/google_books/provider_quota_probe.json,e3b0c44298fc1c149afbf4c8996fb92427ae41e4649b934ca495991b7852b855,Provider runtime probe returned project quota 0; no candidate count was fabricated. Internet Archive is the completed primary bounded source.,FT-SEED-R1B-P-0607-23,2006–2007,worry a great deal
INTERNET_ARCHIVE,INTERNET_ARCHIVE_METADATA_TEXT_ITEM_COUNT,serious problem,"""serious problem"" AND mediatype:texts",ALL_AVAILABLE,,,COMPLETED_NONZERO,2579,2579,2026-08-26,2026-08-26T06:25:18Z,https://archive.org/advancedsearch.php,https://archive.org/advancedsearch.php?q=%22serious+problem%22+AND+mediatype%3Atexts&fl%5B%5D=identifier&rows=0&page=1&output=json,EXACT_PHRASE,data/fear-temperature/priority180/search/raw/internet_archive/feb8053f3bb91cf86607e895c579bd2f216423a36ded70fdf45dab206a527866.json,6b0935cb6f67d175598da381fd082ab68faa582224f89dc52c06d8b1120e5326,Metadata text-item count; not a full-text lexical frequency.,FT-SEED-R1B-P-0607-24,2006–2007,serious problem
INTERNET_ARCHIVE,INTERNET_ARCHIVE_METADATA_TEXT_ITEM_COUNT,serious problem,"""serious problem"" AND mediatype:texts AND date:[2006-01-01 TO 2007-12-31]",STRICT_ANCHOR,2006,2007,COMPLETED_NONZERO,80,80,2026-08-26,2026-08-26T06:25:19Z,https://archive.org/advancedsearch.php,https://archive.org/advancedsearch.php?q=%22serious+problem%22+AND+mediatype%3Atexts+AND+date%3A%5B2006-01-01+TO+2007-12-31%5D&fl%5B%5D=identifier&rows=0&page=1&output=json,EXACT_PHRASE,data/fear-temperature/priority180/search/raw/internet_archive/c250d8295b03ddec08f4f7ffe7248c4ff0fe5371597cfaa3221c8704d947d3d7.json,f9c666cec99420ea64fd64ddfde657dba1548b7b3554d011a5dde29024b9ff43,Metadata text-item count; not a full-text lexical frequency.,FT-SEED-R1B-P-0607-24,2006–2007,serious problem
INTERNET_ARCHIVE,INTERNET_ARCHIVE_METADATA_TEXT_ITEM_COUNT,serious problem,"""serious problem"" AND mediatype:texts AND date:[2005-01-01 TO 2008-12-31]",CONTEXTUAL_ANCHOR,2005,2008,COMPLETED_NONZERO,147,147,2026-08-26,2026-08-26T06:25:20Z,https://archive.org/advancedsearch.php,https://archive.org/advancedsearch.php?q=%22serious+problem%22+AND+mediatype%3Atexts+AND+date%3A%5B2005-01-01+TO+2008-12-31%5D&fl%5B%5D=identifier&rows=0&page=1&output=json,EXACT_PHRASE,data/fear-temperature/priority180/search/raw/internet_archive/0196587db512e9bed0d07810969ad0fdce374372c29445a5d8166cbbcf9eb7b9.json,daba2823ddf0740d7c77f023dd5065893dbea4c127742d2ab723c273bb97c23c,Metadata text-item count; not a full-text lexical frequency.,FT-SEED-R1B-P-0607-24,2006–2007,serious problem
OPENALEX,OPENALEX_WORK_COUNT,serious problem,"""serious problem""",ALL_AVAILABLE,,,FAILED_PROVIDER_OR_REQUEST,,,2026-08-26,2026-08-26T06:32:35Z,https://api.openalex.org/works,https://api.openalex.org/works?search.exact=%22serious+problem%22&per-page=1&select=id,EXACT_PHRASE,data/fear-temperature/priority180/search/raw/openalex/001ff270c019b110925dff02355af60b2732fbb1b2e7cc2f26622c0a26bc4809.json,e3b0c44298fc1c149afbf4c8996fb92427ae41e4649b934ca495991b7852b855,NOT_RUN_OPENALEX_DAILY_BUDGET_EXHAUSTED: shared provider response retained; no count fabricated.,FT-SEED-R1B-P-0607-24,2006–2007,serious problem
OPENALEX,OPENALEX_WORK_COUNT,serious problem,"""serious problem""",STRICT_ANCHOR,2006,2007,FAILED_PROVIDER_OR_REQUEST,,,2026-08-26,2026-08-26T06:32:35Z,https://api.openalex.org/works,https://api.openalex.org/works?search.exact=%22serious+problem%22&per-page=1&select=id&filter=from_publication_date%3A2006-01-01%2Cto_publication_date%3A2007-12-31,EXACT_PHRASE,data/fear-temperature/priority180/search/raw/openalex/001ff270c019b110925dff02355af60b2732fbb1b2e7cc2f26622c0a26bc4809.json,e3b0c44298fc1c149afbf4c8996fb92427ae41e4649b934ca495991b7852b855,NOT_RUN_OPENALEX_DAILY_BUDGET_EXHAUSTED: shared provider response retained; no count fabricated.,FT-SEED-R1B-P-0607-24,2006–2007,serious problem
OPENALEX,OPENALEX_WORK_COUNT,serious problem,"""serious problem""",CONTEXTUAL_ANCHOR,2005,2008,FAILED_PROVIDER_OR_REQUEST,,,2026-08-26,2026-08-26T06:32:35Z,https://api.openalex.org/works,https://api.openalex.org/works?search.exact=%22serious+problem%22&per-page=1&select=id&filter=from_publication_date%3A2005-01-01%2Cto_publication_date%3A2008-12-31,EXACT_PHRASE,data/fear-temperature/priority180/search/raw/openalex/001ff270c019b110925dff02355af60b2732fbb1b2e7cc2f26622c0a26bc4809.json,e3b0c44298fc1c149afbf4c8996fb92427ae41e4649b934ca495991b7852b855,NOT_RUN_OPENALEX_DAILY_BUDGET_EXHAUSTED: shared provider response retained; no count fabricated.,FT-SEED-R1B-P-0607-24,2006–2007,serious problem
GOOGLE_BOOKS_API,GOOGLE_BOOKS_TOTAL_ITEMS,serious problem,"""serious problem""",ALL_AVAILABLE,,,NOT_RUN_PROVIDER_QUOTA,,,2026-08-26,2026-08-26T06:34:48Z,https://www.googleapis.com/books/v1/volumes,https://www.googleapis.com/books/v1/volumes?q=%22serious+problem%22&langRestrict=en&maxResults=1&printType=books,EXACT_PHRASE,data/fear-temperature/priority180/search/raw/google_books/provider_quota_probe.json,e3b0c44298fc1c149afbf4c8996fb92427ae41e4649b934ca495991b7852b855,Provider runtime probe returned project quota 0; no candidate count was fabricated. Internet Archive is the completed primary bounded source.,FT-SEED-R1B-P-0607-24,2006–2007,serious problem
INTERNET_ARCHIVE,INTERNET_ARCHIVE_METADATA_TEXT_ITEM_COUNT,danger,"""danger"" AND mediatype:texts",ALL_AVAILABLE,,,COMPLETED_NONZERO,37158,37158,2026-08-26,2026-08-26T06:20:27Z,https://archive.org/advancedsearch.php,https://archive.org/advancedsearch.php?q=%22danger%22+AND+mediatype%3Atexts&fl%5B%5D=identifier&rows=0&page=1&output=json,EXACT_PHRASE,data/fear-temperature/priority180/search/raw/internet_archive/1f5518eb612d3e48eb648d18754e84df41c1bde15391fc655bf6affaea828e9f.json,2acad99e5419a935f2f3fa1b7200d4675b27a518fa33ceeca201ec3281cf73bb,Metadata text-item count; not a full-text lexical frequency.,FT-SEED-R1B-P-0607-25,2006–2007,danger
INTERNET_ARCHIVE,INTERNET_ARCHIVE_METADATA_TEXT_ITEM_COUNT,danger,"""danger"" AND mediatype:texts AND date:[2006-01-01 TO 2007-12-31]",STRICT_ANCHOR,2006,2007,COMPLETED_NONZERO,1050,1050,2026-08-26,2026-08-26T06:20:28Z,https://archive.org/advancedsearch.php,https://archive.org/advancedsearch.php?q=%22danger%22+AND+mediatype%3Atexts+AND+date%3A%5B2006-01-01+TO+2007-12-31%5D&fl%5B%5D=identifier&rows=0&page=1&output=json,EXACT_PHRASE,data/fear-temperature/priority180/search/raw/internet_archive/140e35a8e75e5df7ed3d6a0ddec0d66e1043657015e531e91a670ef4a528f54d.json,633bd10ff67070c063ee8a8474d661b1d5ff89fb9bb06cfa122ef279cfbcbdcf,Metadata text-item count; not a full-text lexical frequency.,FT-SEED-R1B-P-0607-25,2006–2007,danger
INTERNET_ARCHIVE,INTERNET_ARCHIVE_METADATA_TEXT_ITEM_COUNT,danger,"""danger"" AND mediatype:texts AND date:[2005-01-01 TO 2008-12-31]",CONTEXTUAL_ANCHOR,2005,2008,COMPLETED_NONZERO,2139,2139,2026-08-26,2026-08-26T06:20:29Z,https://archive.org/advancedsearch.php,https://archive.org/advancedsearch.php?q=%22danger%22+AND+mediatype%3Atexts+AND+date%3A%5B2005-01-01+TO+2008-12-31%5D&fl%5B%5D=identifier&rows=0&page=1&output=json,EXACT_PHRASE,data/fear-temperature/priority180/search/raw/internet_archive/3387d6b3f1e274279e2248f826c22f29cad30dd984421f3fafbaca8fe47d07dc.json,a983db71ea72736fecba48e4cf312a8051afb8e20f27657bbb862ed551fa644c,Metadata text-item count; not a full-text lexical frequency.,FT-SEED-R1B-P-0607-25,2006–2007,danger
OPENALEX,OPENALEX_WORK_COUNT,danger,"""danger""",ALL_AVAILABLE,,,FAILED_PROVIDER_OR_REQUEST,,,2026-08-26,2026-08-26T06:33:06Z,https://api.openalex.org/works,https://api.openalex.org/works?search.exact=%22danger%22&per-page=1&select=id,EXACT_PHRASE,data/fear-temperature/priority180/search/raw/openalex/02a79deda35fd1f544943e3d8535d7a9cd48bcf05e1135f37e6a7ef87185ab10.json,e3b0c44298fc1c149afbf4c8996fb92427ae41e4649b934ca495991b7852b855,"HTTP 429: {""error"":""Rate limit exceeded"",""message"":""Insufficient budget. This request costs $0.001 but you only have $0 remaining. Resets at midnight UTC. Need more? Add funds at https://openalex.org/pricing"",""retryAfter"":62814,""costUsd"":0.001,""daily",FT-SEED-R1B-P-0607-25,2006–2007,danger
OPENALEX,OPENALEX_WORK_COUNT,danger,"""danger""",STRICT_ANCHOR,2006,2007,FAILED_PROVIDER_OR_REQUEST,,,2026-08-26,2026-08-26T06:33:21Z,https://api.openalex.org/works,https://api.openalex.org/works?search.exact=%22danger%22&per-page=1&select=id&filter=from_publication_date%3A2006-01-01%2Cto_publication_date%3A2007-12-31,EXACT_PHRASE,data/fear-temperature/priority180/search/raw/openalex/d7eb4f0977900627f567dd2555e6101fcf98e8eb44f3398045d478a570be77b8.json,e3b0c44298fc1c149afbf4c8996fb92427ae41e4649b934ca495991b7852b855,"HTTP 429: {""error"":""Rate limit exceeded"",""message"":""Insufficient budget. This request costs $0.001 but you only have $0 remaining. Resets at midnight UTC. Need more? Add funds at https://openalex.org/pricing"",""retryAfter"":62799,""costUsd"":0.001,""daily",FT-SEED-R1B-P-0607-25,2006–2007,danger
OPENALEX,OPENALEX_WORK_COUNT,danger,"""danger""",CONTEXTUAL_ANCHOR,2005,2008,FAILED_PROVIDER_OR_REQUEST,,,2026-08-26,2026-08-26T06:33:37Z,https://api.openalex.org/works,https://api.openalex.org/works?search.exact=%22danger%22&per-page=1&select=id&filter=from_publication_date%3A2005-01-01%2Cto_publication_date%3A2008-12-31,EXACT_PHRASE,data/fear-temperature/priority180/search/raw/openalex/ed5eacb0a3b8caa267753d22046d3e48720aff7ec8ca31ab1c1b467d35395da0.json,e3b0c44298fc1c149afbf4c8996fb92427ae41e4649b934ca495991b7852b855,"HTTP 429: {""error"":""Rate limit exceeded"",""message"":""Insufficient budget. This request costs $0.001 but you only have $0 remaining. Resets at midnight UTC. Need more? Add funds at https://openalex.org/pricing"",""retryAfter"":62783,""costUsd"":0.001,""daily",FT-SEED-R1B-P-0607-25,2006–2007,danger
GOOGLE_BOOKS_API,GOOGLE_BOOKS_TOTAL_ITEMS,danger,"""danger""",ALL_AVAILABLE,,,NOT_RUN_PROVIDER_QUOTA,,,2026-08-26,2026-08-26T06:34:48Z,https://www.googleapis.com/books/v1/volumes,https://www.googleapis.com/books/v1/volumes?q=%22danger%22&langRestrict=en&maxResults=1&printType=books,EXACT_PHRASE,data/fear-temperature/priority180/search/raw/google_books/provider_quota_probe.json,e3b0c44298fc1c149afbf4c8996fb92427ae41e4649b934ca495991b7852b855,Provider runtime probe returned project quota 0; no candidate count was fabricated. Internet Archive is the completed primary bounded source.,FT-SEED-R1B-P-0607-25,2006–2007,danger
INTERNET_ARCHIVE,INTERNET_ARCHIVE_METADATA_TEXT_ITEM_COUNT,urgent threat,"""urgent threat"" AND mediatype:texts",ALL_AVAILABLE,,,COMPLETED_NONZERO,11,11,2026-08-26,2026-08-26T06:26:23Z,https://archive.org/advancedsearch.php,https://archive.org/advancedsearch.php?q=%22urgent+threat%22+AND+mediatype%3Atexts&fl%5B%5D=identifier&rows=0&page=1&output=json,EXACT_PHRASE,data/fear-temperature/priority180/search/raw/internet_archive/c7bf584e40dc5ee359f022301ad6bd712b63eceacf8d2fb5a19f8f6dbd0e86fe.json,47f6ed9612cf1ecc3045ba7ec5a2bca156c04570c2cf4bcf87071eae8b9fa6bf,Metadata text-item count; not a full-text lexical frequency.,FT-SEED-R1B-P-0607-26,2006–2007,urgent threat
INTERNET_ARCHIVE,INTERNET_ARCHIVE_METADATA_TEXT_ITEM_COUNT,urgent threat,"""urgent threat"" AND mediatype:texts AND date:[2006-01-01 TO 2007-12-31]",STRICT_ANCHOR,2006,2007,COMPLETED_ZERO,0,0,2026-08-26,2026-08-26T06:26:24Z,https://archive.org/advancedsearch.php,https://archive.org/advancedsearch.php?q=%22urgent+threat%22+AND+mediatype%3Atexts+AND+date%3A%5B2006-01-01+TO+2007-12-31%5D&fl%5B%5D=identifier&rows=0&page=1&output=json,EXACT_PHRASE,data/fear-temperature/priority180/search/raw/internet_archive/7b1d50b13fbae5f7f75719ce341c38d926cb2d6eb37f0fc916fbccec3dd0f5b7.json,c5d13184208734da8e73555745caaecb1eb5cae903a87b33c0417608e2c2cbb0,Metadata text-item count; not a full-text lexical frequency.,FT-SEED-R1B-P-0607-26,2006–2007,urgent threat
INTERNET_ARCHIVE,INTERNET_ARCHIVE_METADATA_TEXT_ITEM_COUNT,urgent threat,"""urgent threat"" AND mediatype:texts AND date:[2005-01-01 TO 2008-12-31]",CONTEXTUAL_ANCHOR,2005,2008,COMPLETED_ZERO,0,0,2026-08-26,2026-08-26T06:26:25Z,https://archive.org/advancedsearch.php,https://archive.org/advancedsearch.php?q=%22urgent+threat%22+AND+mediatype%3Atexts+AND+date%3A%5B2005-01-01+TO+2008-12-31%5D&fl%5B%5D=identifier&rows=0&page=1&output=json,EXACT_PHRASE,data/fear-temperature/priority180/search/raw/internet_archive/9e868325c97564238dc5ec63eb42af2aa23c2f5e8aa7042b984a5ab5b9930621.json,16562c75672dda3721c7947824ad02e1b6ebf4891f3c946d1b708b513b904fc3,Metadata text-item count; not a full-text lexical frequency.,FT-SEED-R1B-P-0607-26,2006–2007,urgent threat
OPENALEX,OPENALEX_WORK_COUNT,urgent threat,"""urgent threat""",ALL_AVAILABLE,,,FAILED_PROVIDER_OR_REQUEST,,,2026-08-26,2026-08-26T06:32:35Z,https://api.openalex.org/works,https://api.openalex.org/works?search.exact=%22urgent+threat%22&per-page=1&select=id,EXACT_PHRASE,data/fear-temperature/priority180/search/raw/openalex/001ff270c019b110925dff02355af60b2732fbb1b2e7cc2f26622c0a26bc4809.json,e3b0c44298fc1c149afbf4c8996fb92427ae41e4649b934ca495991b7852b855,NOT_RUN_OPENALEX_DAILY_BUDGET_EXHAUSTED: shared provider response retained; no count fabricated.,FT-SEED-R1B-P-0607-26,2006–2007,urgent threat
OPENALEX,OPENALEX_WORK_COUNT,urgent threat,"""urgent threat""",STRICT_ANCHOR,2006,2007,FAILED_PROVIDER_OR_REQUEST,,,2026-08-26,2026-08-26T06:32:35Z,https://api.openalex.org/works,https://api.openalex.org/works?search.exact=%22urgent+threat%22&per-page=1&select=id&filter=from_publication_date%3A2006-01-01%2Cto_publication_date%3A2007-12-31,EXACT_PHRASE,data/fear-temperature/priority180/search/raw/openalex/001ff270c019b110925dff02355af60b2732fbb1b2e7cc2f26622c0a26bc4809.json,e3b0c44298fc1c149afbf4c8996fb92427ae41e4649b934ca495991b7852b855,NOT_RUN_OPENALEX_DAILY_BUDGET_EXHAUSTED: shared provider response retained; no count fabricated.,FT-SEED-R1B-P-0607-26,2006–2007,urgent threat
OPENALEX,OPENALEX_WORK_COUNT,urgent threat,"""urgent threat""",CONTEXTUAL_ANCHOR,2005,2008,FAILED_PROVIDER_OR_REQUEST,,,2026-08-26,2026-08-26T06:32:35Z,https://api.openalex.org/works,https://api.openalex.org/works?search.exact=%22urgent+threat%22&per-page=1&select=id&filter=from_publication_date%3A2005-01-01%2Cto_publication_date%3A2008-12-31,EXACT_PHRASE,data/fear-temperature/priority180/search/raw/openalex/001ff270c019b110925dff02355af60b2732fbb1b2e7cc2f26622c0a26bc4809.json,e3b0c44298fc1c149afbf4c8996fb92427ae41e4649b934ca495991b7852b855,NOT_RUN_OPENALEX_DAILY_BUDGET_EXHAUSTED: shared provider response retained; no count fabricated.,FT-SEED-R1B-P-0607-26,2006–2007,urgent threat
GOOGLE_BOOKS_API,GOOGLE_BOOKS_TOTAL_ITEMS,urgent threat,"""urgent threat""",ALL_AVAILABLE,,,NOT_RUN_PROVIDER_QUOTA,,,2026-08-26,2026-08-26T06:34:48Z,https://www.googleapis.com/books/v1/volumes,https://www.googleapis.com/books/v1/volumes?q=%22urgent+threat%22&langRestrict=en&maxResults=1&printType=books,EXACT_PHRASE,data/fear-temperature/priority180/search/raw/google_books/provider_quota_probe.json,e3b0c44298fc1c149afbf4c8996fb92427ae41e4649b934ca495991b7852b855,Provider runtime probe returned project quota 0; no candidate count was fabricated. Internet Archive is the completed primary bounded source.,FT-SEED-R1B-P-0607-26,2006–2007,urgent threat
INTERNET_ARCHIVE,INTERNET_ARCHIVE_METADATA_TEXT_ITEM_COUNT,dangerous impacts,"""dangerous impacts"" AND mediatype:texts",ALL_AVAILABLE,,,COMPLETED_NONZERO,3,3,2026-08-26,2026-08-26T06:20:33Z,https://archive.org/advancedsearch.php,https://archive.org/advancedsearch.php?q=%22dangerous+impacts%22+AND+mediatype%3Atexts&fl%5B%5D=identifier&rows=0&page=1&output=json,EXACT_PHRASE,data/fear-temperature/priority180/search/raw/internet_archive/f21f2aff9b89518da7b12e46e42bffeae62c89a985d44b147001777faecfc7a9.json,951acc3987b617cf80cd0a741d361af0370fc8e5e195bb92d3dad61104af4847,Metadata text-item count; not a full-text lexical frequency.,FT-SEED-R1B-P-0607-27,2006–2007,dangerous impacts
INTERNET_ARCHIVE,INTERNET_ARCHIVE_METADATA_TEXT_ITEM_COUNT,dangerous impacts,"""dangerous impacts"" AND mediatype:texts AND date:[2006-01-01 TO 2007-12-31]",STRICT_ANCHOR,2006,2007,COMPLETED_ZERO,0,0,2026-08-26,2026-08-26T06:20:35Z,https://archive.org/advancedsearch.php,https://archive.org/advancedsearch.php?q=%22dangerous+impacts%22+AND+mediatype%3Atexts+AND+date%3A%5B2006-01-01+TO+2007-12-31%5D&fl%5B%5D=identifier&rows=0&page=1&output=json,EXACT_PHRASE,data/fear-temperature/priority180/search/raw/internet_archive/9eb58649d8e621d608d0b72a97e8ddd16cd9d30ed665e2b72e66f723dee60c30.json,2f48b20786f127c919132858684838bf6145e761815a1024329ef6039c4a64a3,Metadata text-item count; not a full-text lexical frequency.,FT-SEED-R1B-P-0607-27,2006–2007,dangerous impacts
INTERNET_ARCHIVE,INTERNET_ARCHIVE_METADATA_TEXT_ITEM_COUNT,dangerous impacts,"""dangerous impacts"" AND mediatype:texts AND date:[2005-01-01 TO 2008-12-31]",CONTEXTUAL_ANCHOR,2005,2008,COMPLETED_ZERO,0,0,2026-08-26,2026-08-26T06:20:36Z,https://archive.org/advancedsearch.php,https://archive.org/advancedsearch.php?q=%22dangerous+impacts%22+AND+mediatype%3Atexts+AND+date%3A%5B2005-01-01+TO+2008-12-31%5D&fl%5B%5D=identifier&rows=0&page=1&output=json,EXACT_PHRASE,data/fear-temperature/priority180/search/raw/internet_archive/dec1b32c039fd75db6bcc3e35a70cf63d63fd9c5ce4572491644213f296a90f7.json,a5029dd7a16f8a969acf247448dcf85141ca3bf85d4ed9fce1512a418e30a963,Metadata text-item count; not a full-text lexical frequency.,FT-SEED-R1B-P-0607-27,2006–2007,dangerous impacts
OPENALEX,OPENALEX_WORK_COUNT,dangerous impacts,"""dangerous impacts""",ALL_AVAILABLE,,,FAILED_PROVIDER_OR_REQUEST,,,2026-08-26,2026-08-26T06:32:35Z,https://api.openalex.org/works,https://api.openalex.org/works?search.exact=%22dangerous+impacts%22&per-page=1&select=id,EXACT_PHRASE,data/fear-temperature/priority180/search/raw/openalex/001ff270c019b110925dff02355af60b2732fbb1b2e7cc2f26622c0a26bc4809.json,e3b0c44298fc1c149afbf4c8996fb92427ae41e4649b934ca495991b7852b855,NOT_RUN_OPENALEX_DAILY_BUDGET_EXHAUSTED: shared provider response retained; no count fabricated.,FT-SEED-R1B-P-0607-27,2006–2007,dangerous impacts
OPENALEX,OPENALEX_WORK_COUNT,dangerous impacts,"""dangerous impacts""",STRICT_ANCHOR,2006,2007,FAILED_PROVIDER_OR_REQUEST,,,2026-08-26,2026-08-26T06:32:35Z,https://api.openalex.org/works,https://api.openalex.org/works?search.exact=%22dangerous+impacts%22&per-page=1&select=id&filter=from_publication_date%3A2006-01-01%2Cto_publication_date%3A2007-12-31,EXACT_PHRASE,data/fear-temperature/priority180/search/raw/openalex/001ff270c019b110925dff02355af60b2732fbb1b2e7cc2f26622c0a26bc4809.json,e3b0c44298fc1c149afbf4c8996fb92427ae41e4649b934ca495991b7852b855,NOT_RUN_OPENALEX_DAILY_BUDGET_EXHAUSTED: shared provider response retained; no count fabricated.,FT-SEED-R1B-P-0607-27,2006–2007,dangerous impacts
OPENALEX,OPENALEX_WORK_COUNT,dangerous impacts,"""dangerous impacts""",CONTEXTUAL_ANCHOR,2005,2008,FAILED_PROVIDER_OR_REQUEST,,,2026-08-26,2026-08-26T06:32:35Z,https://api.openalex.org/works,https://api.openalex.org/works?search.exact=%22dangerous+impacts%22&per-page=1&select=id&filter=from_publication_date%3A2005-01-01%2Cto_publication_date%3A2008-12-31,EXACT_PHRASE,data/fear-temperature/priority180/search/raw/openalex/001ff270c019b110925dff02355af60b2732fbb1b2e7cc2f26622c0a26bc4809.json,e3b0c44298fc1c149afbf4c8996fb92427ae41e4649b934ca495991b7852b855,NOT_RUN_OPENALEX_DAILY_BUDGET_EXHAUSTED: shared provider response retained; no count fabricated.,FT-SEED-R1B-P-0607-27,2006–2007,dangerous impacts
GOOGLE_BOOKS_API,GOOGLE_BOOKS_TOTAL_ITEMS,dangerous impacts,"""dangerous impacts""",ALL_AVAILABLE,,,NOT_RUN_PROVIDER_QUOTA,,,2026-08-26,2026-08-26T06:34:48Z,https://www.googleapis.com/books/v1/volumes,https://www.googleapis.com/books/v1/volumes?q=%22dangerous+impacts%22&langRestrict=en&maxResults=1&printType=books,EXACT_PHRASE,data/fear-temperature/priority180/search/raw/google_books/provider_quota_probe.json,e3b0c44298fc1c149afbf4c8996fb92427ae41e4649b934ca495991b7852b855,Provider runtime probe returned project quota 0; no candidate count was fabricated. Internet Archive is the completed primary bounded source.,FT-SEED-R1B-P-0607-27,2006–2007,dangerous impacts
INTERNET_ARCHIVE,INTERNET_ARCHIVE_METADATA_TEXT_ITEM_COUNT,drastic action,"""drastic action"" AND mediatype:texts",ALL_AVAILABLE,,,COMPLETED_NONZERO,532,532,2026-08-26,2026-08-26T06:20:59Z,https://archive.org/advancedsearch.php,https://archive.org/advancedsearch.php?q=%22drastic+action%22+AND+mediatype%3Atexts&fl%5B%5D=identifier&rows=0&page=1&output=json,EXACT_PHRASE,data/fear-temperature/priority180/search/raw/internet_archive/df32562b0fc55edac44daf7e290e544673c4099180ec17cfe996bd648103b595.json,bd97df586073ab427179c6dfd42286330a5b44e69b805e2fbf3155f0e2be65b8,Metadata text-item count; not a full-text lexical frequency.,FT-SEED-R1B-P-0607-28,2006–2007,drastic action
INTERNET_ARCHIVE,INTERNET_ARCHIVE_METADATA_TEXT_ITEM_COUNT,drastic action,"""drastic action"" AND mediatype:texts AND date:[2006-01-01 TO 2007-12-31]",STRICT_ANCHOR,2006,2007,COMPLETED_NONZERO,2,2,2026-08-26,2026-08-26T06:21:00Z,https://archive.org/advancedsearch.php,https://archive.org/advancedsearch.php?q=%22drastic+action%22+AND+mediatype%3Atexts+AND+date%3A%5B2006-01-01+TO+2007-12-31%5D&fl%5B%5D=identifier&rows=0&page=1&output=json,EXACT_PHRASE,data/fear-temperature/priority180/search/raw/internet_archive/5df19988b392b2007004e43b55e3ae3253f5b30667d271a3f64f0bf7e0287bbc.json,5f7991fc2a848ae4f16b08151b62e4159d3b1e90b70e0c5c032e16545d64a51d,Metadata text-item count; not a full-text lexical frequency.,FT-SEED-R1B-P-0607-28,2006–2007,drastic action
INTERNET_ARCHIVE,INTERNET_ARCHIVE_METADATA_TEXT_ITEM_COUNT,drastic action,"""drastic action"" AND mediatype:texts AND date:[2005-01-01 TO 2008-12-31]",CONTEXTUAL_ANCHOR,2005,2008,COMPLETED_NONZERO,4,4,2026-08-26,2026-08-26T06:21:01Z,https://archive.org/advancedsearch.php,https://archive.org/advancedsearch.php?q=%22drastic+action%22+AND+mediatype%3Atexts+AND+date%3A%5B2005-01-01+TO+2008-12-31%5D&fl%5B%5D=identifier&rows=0&page=1&output=json,EXACT_PHRASE,data/fear-temperature/priority180/search/raw/internet_archive/860524a0e526119bc35853ebb09fdaee5151dd6531266eeac33805478ddda689.json,65882efafa6e896751081b2c365dca0484bec0616d9b4b82b7c49de44c932c31,Metadata text-item count; not a full-text lexical frequency.,FT-SEED-R1B-P-0607-28,2006–2007,drastic action
OPENALEX,OPENALEX_WORK_COUNT,drastic action,"""drastic action""",ALL_AVAILABLE,,,FAILED_PROVIDER_OR_REQUEST,,,2026-08-26,2026-08-26T06:32:35Z,https://api.openalex.org/works,https://api.openalex.org/works?search.exact=%22drastic+action%22&per-page=1&select=id,EXACT_PHRASE,data/fear-temperature/priority180/search/raw/openalex/001ff270c019b110925dff02355af60b2732fbb1b2e7cc2f26622c0a26bc4809.json,e3b0c44298fc1c149afbf4c8996fb92427ae41e4649b934ca495991b7852b855,NOT_RUN_OPENALEX_DAILY_BUDGET_EXHAUSTED: shared provider response retained; no count fabricated.,FT-SEED-R1B-P-0607-28,2006–2007,drastic action
OPENALEX,OPENALEX_WORK_COUNT,drastic action,"""drastic action""",STRICT_ANCHOR,2006,2007,FAILED_PROVIDER_OR_REQUEST,,,2026-08-26,2026-08-26T06:32:35Z,https://api.openalex.org/works,https://api.openalex.org/works?search.exact=%22drastic+action%22&per-page=1&select=id&filter=from_publication_date%3A2006-01-01%2Cto_publication_date%3A2007-12-31,EXACT_PHRASE,data/fear-temperature/priority180/search/raw/openalex/001ff270c019b110925dff02355af60b2732fbb1b2e7cc2f26622c0a26bc4809.json,e3b0c44298fc1c149afbf4c8996fb92427ae41e4649b934ca495991b7852b855,NOT_RUN_OPENALEX_DAILY_BUDGET_EXHAUSTED: shared provider response retained; no count fabricated.,FT-SEED-R1B-P-0607-28,2006–2007,drastic action
OPENALEX,OPENALEX_WORK_COUNT,drastic action,"""drastic action""",CONTEXTUAL_ANCHOR,2005,2008,FAILED_PROVIDER_OR_REQUEST,,,2026-08-26,2026-08-26T06:32:35Z,https://api.openalex.org/works,https://api.openalex.org/works?search.exact=%22drastic+action%22&per-page=1&select=id&filter=from_publication_date%3A2005-01-01%2Cto_publication_date%3A2008-12-31,EXACT_PHRASE,data/fear-temperature/priority180/search/raw/openalex/001ff270c019b110925dff02355af60b2732fbb1b2e7cc2f26622c0a26bc4809.json,e3b0c44298fc1c149afbf4c8996fb92427ae41e4649b934ca495991b7852b855,NOT_RUN_OPENALEX_DAILY_BUDGET_EXHAUSTED: shared provider response retained; no count fabricated.,FT-SEED-R1B-P-0607-28,2006–2007,drastic action
GOOGLE_BOOKS_API,GOOGLE_BOOKS_TOTAL_ITEMS,drastic action,"""drastic action""",ALL_AVAILABLE,,,NOT_RUN_PROVIDER_QUOTA,,,2026-08-26,2026-08-26T06:34:48Z,https://www.googleapis.com/books/v1/volumes,https://www.googleapis.com/books/v1/volumes?q=%22drastic+action%22&langRestrict=en&maxResults=1&printType=books,EXACT_PHRASE,data/fear-temperature/priority180/search/raw/google_books/provider_quota_probe.json,e3b0c44298fc1c149afbf4c8996fb92427ae41e4649b934ca495991b7852b855,Provider runtime probe returned project quota 0; no candidate count was fabricated. Internet Archive is the completed primary bounded source.,FT-SEED-R1B-P-0607-28,2006–2007,drastic action
INTERNET_ARCHIVE,INTERNET_ARCHIVE_METADATA_TEXT_ITEM_COUNT,dangerous climate change,"""dangerous climate change"" AND mediatype:texts",ALL_AVAILABLE,,,COMPLETED_NONZERO,28,28,2026-08-26,2026-08-26T06:20:30Z,https://archive.org/advancedsearch.php,https://archive.org/advancedsearch.php?q=%22dangerous+climate+change%22+AND+mediatype%3Atexts&fl%5B%5D=identifier&rows=0&page=1&output=json,EXACT_PHRASE,data/fear-temperature/priority180/search/raw/internet_archive/a5c899cb661a3518bed17f1a38c28f6f968bf2ebfd5427422c73f43ff8342482.json,dbead1a679567efbaa5574f03d1ae5ae9a1f5845401ce93fe4579a7e76666bc0,Metadata text-item count; not a full-text lexical frequency.,FT-SEED-R1B-P-0607-29,2006–2007,dangerous climate change
INTERNET_ARCHIVE,INTERNET_ARCHIVE_METADATA_TEXT_ITEM_COUNT,dangerous climate change,"""dangerous climate change"" AND mediatype:texts AND date:[2006-01-01 TO 2007-12-31]",STRICT_ANCHOR,2006,2007,COMPLETED_NONZERO,2,2,2026-08-26,2026-08-26T06:20:31Z,https://archive.org/advancedsearch.php,https://archive.org/advancedsearch.php?q=%22dangerous+climate+change%22+AND+mediatype%3Atexts+AND+date%3A%5B2006-01-01+TO+2007-12-31%5D&fl%5B%5D=identifier&rows=0&page=1&output=json,EXACT_PHRASE,data/fear-temperature/priority180/search/raw/internet_archive/e6e3155de547e1d189014679f2e3343131801c63649c75201ad99a01b2e48f03.json,6435be00365a2159bba5f1f6c33a88c9e84d1d9ef3461afd1899f29d47da694e,Metadata text-item count; not a full-text lexical frequency.,FT-SEED-R1B-P-0607-29,2006–2007,dangerous climate change
INTERNET_ARCHIVE,INTERNET_ARCHIVE_METADATA_TEXT_ITEM_COUNT,dangerous climate change,"""dangerous climate change"" AND mediatype:texts AND date:[2005-01-01 TO 2008-12-31]",CONTEXTUAL_ANCHOR,2005,2008,COMPLETED_NONZERO,5,5,2026-08-26,2026-08-26T06:20:32Z,https://archive.org/advancedsearch.php,https://archive.org/advancedsearch.php?q=%22dangerous+climate+change%22+AND+mediatype%3Atexts+AND+date%3A%5B2005-01-01+TO+2008-12-31%5D&fl%5B%5D=identifier&rows=0&page=1&output=json,EXACT_PHRASE,data/fear-temperature/priority180/search/raw/internet_archive/19025dbd8b371b149f5621703e236bba2971d2e91c9ffcd3fee55cfe6b89b485.json,1ec37e8080e38843fe7b829d44776ae8e992201df06909d4f9693abd774eae49,Metadata text-item count; not a full-text lexical frequency.,FT-SEED-R1B-P-0607-29,2006–2007,dangerous climate change
OPENALEX,OPENALEX_WORK_COUNT,dangerous climate change,"""dangerous climate change""",ALL_AVAILABLE,,,FAILED_PROVIDER_OR_REQUEST,,,2026-08-26,2026-08-26T06:33:52Z,https://api.openalex.org/works,https://api.openalex.org/works?search.exact=%22dangerous+climate+change%22&per-page=1&select=id,EXACT_PHRASE,data/fear-temperature/priority180/search/raw/openalex/5954e4cdba7732def2105291f50475741e0cf5da5c5ddc26c4960804331d2482.json,e3b0c44298fc1c149afbf4c8996fb92427ae41e4649b934ca495991b7852b855,"HTTP 429: {""error"":""Rate limit exceeded"",""message"":""Insufficient budget. This request costs $0.001 but you only have $0 remaining. Resets at midnight UTC. Need more? Add funds at https://openalex.org/pricing"",""retryAfter"":62768,""costUsd"":0.001,""daily",FT-SEED-R1B-P-0607-29,2006–2007,dangerous climate change
OPENALEX,OPENALEX_WORK_COUNT,dangerous climate change,"""dangerous climate change""",STRICT_ANCHOR,2006,2007,FAILED_PROVIDER_OR_REQUEST,,,2026-08-26,2026-08-26T06:34:08Z,https://api.openalex.org/works,https://api.openalex.org/works?search.exact=%22dangerous+climate+change%22&per-page=1&select=id&filter=from_publication_date%3A2006-01-01%2Cto_publication_date%3A2007-12-31,EXACT_PHRASE,data/fear-temperature/priority180/search/raw/openalex/7ac19e6cd472300483efcbb5bf4fe90b2335c633e49f8d85fa788262078cef8f.json,e3b0c44298fc1c149afbf4c8996fb92427ae41e4649b934ca495991b7852b855,"HTTP 429: {""error"":""Rate limit exceeded"",""message"":""Insufficient budget. This request costs $0.001 but you only have $0 remaining. Resets at midnight UTC. Need more? Add funds at https://openalex.org/pricing"",""retryAfter"":62752,""costUsd"":0.001,""daily",FT-SEED-R1B-P-0607-29,2006–2007,dangerous climate change
OPENALEX,OPENALEX_WORK_COUNT,dangerous climate change,"""dangerous climate change""",CONTEXTUAL_ANCHOR,2005,2008,FAILED_PROVIDER_OR_REQUEST,,,2026-08-26,2026-08-26T06:32:35Z,https://api.openalex.org/works,https://api.openalex.org/works?search.exact=%22dangerous+climate+change%22&per-page=1&select=id&filter=from_publication_date%3A2005-01-01%2Cto_publication_date%3A2008-12-31,EXACT_PHRASE,data/fear-temperature/priority180/search/raw/openalex/001ff270c019b110925dff02355af60b2732fbb1b2e7cc2f26622c0a26bc4809.json,e3b0c44298fc1c149afbf4c8996fb92427ae41e4649b934ca495991b7852b855,NOT_RUN_OPENALEX_DAILY_BUDGET_EXHAUSTED: shared provider response retained; no count fabricated.,FT-SEED-R1B-P-0607-29,2006–2007,dangerous climate change
GOOGLE_BOOKS_API,GOOGLE_BOOKS_TOTAL_ITEMS,dangerous climate change,"""dangerous climate change""",ALL_AVAILABLE,,,NOT_RUN_PROVIDER_QUOTA,,,2026-08-26,2026-08-26T06:34:48Z,https://www.googleapis.com/books/v1/volumes,https://www.googleapis.com/books/v1/volumes?q=%22dangerous+climate+change%22&langRestrict=en&maxResults=1&printType=books,EXACT_PHRASE,data/fear-temperature/priority180/search/raw/google_books/provider_quota_probe.json,e3b0c44298fc1c149afbf4c8996fb92427ae41e4649b934ca495991b7852b855,Provider runtime probe returned project quota 0; no candidate count was fabricated. Internet Archive is the completed primary bounded source.,FT-SEED-R1B-P-0607-29,2006–2007,dangerous climate change
INTERNET_ARCHIVE,INTERNET_ARCHIVE_METADATA_TEXT_ITEM_COUNT,threatens serious negative effects,"""threatens serious negative effects"" AND mediatype:texts",ALL_AVAILABLE,,,COMPLETED_ZERO,0,0,2026-08-26,2026-08-26T06:26:08Z,https://archive.org/advancedsearch.php,https://archive.org/advancedsearch.php?q=%22threatens+serious+negative+effects%22+AND+mediatype%3Atexts&fl%5B%5D=identifier&rows=0&page=1&output=json,EXACT_PHRASE,data/fear-temperature/priority180/search/raw/internet_archive/4e9f8a78943234345282145597b2182d09f8a6385bb8fde09f3e79a95388fddb.json,b3b2cd587f02516d0172c33e02c0c1532221fdb5be9dc780357349fba90e3cb8,Metadata text-item count; not a full-text lexical frequency.,FT-SEED-R1B-P-0607-30,2006–2007,threatens serious negative effects
INTERNET_ARCHIVE,INTERNET_ARCHIVE_METADATA_TEXT_ITEM_COUNT,threatens serious negative effects,"""threatens serious negative effects"" AND mediatype:texts AND date:[2006-01-01 TO 2007-12-31]",STRICT_ANCHOR,2006,2007,COMPLETED_ZERO,0,0,2026-08-26,2026-08-26T06:26:09Z,https://archive.org/advancedsearch.php,https://archive.org/advancedsearch.php?q=%22threatens+serious+negative+effects%22+AND+mediatype%3Atexts+AND+date%3A%5B2006-01-01+TO+2007-12-31%5D&fl%5B%5D=identifier&rows=0&page=1&output=json,EXACT_PHRASE,data/fear-temperature/priority180/search/raw/internet_archive/28e5a14cfa4b2a6f8c9611531eb2d05c5c6e389764d70670ac7382b8d8bba912.json,b58230b9b9cbb978ce3505f77dcad2f47f11b3cb9f18dd5e7c6c6c7939d07df6,Metadata text-item count; not a full-text lexical frequency.,FT-SEED-R1B-P-0607-30,2006–2007,threatens serious negative effects
INTERNET_ARCHIVE,INTERNET_ARCHIVE_METADATA_TEXT_ITEM_COUNT,threatens serious negative effects,"""threatens serious negative effects"" AND mediatype:texts AND date:[2005-01-01 TO 2008-12-31]",CONTEXTUAL_ANCHOR,2005,2008,COMPLETED_ZERO,0,0,2026-08-26,2026-08-26T06:26:10Z,https://archive.org/advancedsearch.php,https://archive.org/advancedsearch.php?q=%22threatens+serious+negative+effects%22+AND+mediatype%3Atexts+AND+date%3A%5B2005-01-01+TO+2008-12-31%5D&fl%5B%5D=identifier&rows=0&page=1&output=json,EXACT_PHRASE,data/fear-temperature/priority180/search/raw/internet_archive/cb432c7a6e074e32116ec7badbb889bd4142c4847bac783b07f11b6df23cb0b4.json,f3902fd2afbe1ec74e60f953eaf048c2a102558a02a04b01373a7945820576b6,Metadata text-item count; not a full-text lexical frequency.,FT-SEED-R1B-P-0607-30,2006–2007,threatens serious negative effects
OPENALEX,OPENALEX_WORK_COUNT,threatens serious negative effects,"""threatens serious negative effects""",ALL_AVAILABLE,,,FAILED_PROVIDER_OR_REQUEST,,,2026-08-26,2026-08-26T06:32:35Z,https://api.openalex.org/works,https://api.openalex.org/works?search.exact=%22threatens+serious+negative+effects%22&per-page=1&select=id,EXACT_PHRASE,data/fear-temperature/priority180/search/raw/openalex/001ff270c019b110925dff02355af60b2732fbb1b2e7cc2f26622c0a26bc4809.json,e3b0c44298fc1c149afbf4c8996fb92427ae41e4649b934ca495991b7852b855,NOT_RUN_OPENALEX_DAILY_BUDGET_EXHAUSTED: shared provider response retained; no count fabricated.,FT-SEED-R1B-P-0607-30,2006–2007,threatens serious negative effects
OPENALEX,OPENALEX_WORK_COUNT,threatens serious negative effects,"""threatens serious negative effects""",STRICT_ANCHOR,2006,2007,FAILED_PROVIDER_OR_REQUEST,,,2026-08-26,2026-08-26T06:32:35Z,https://api.openalex.org/works,https://api.openalex.org/works?search.exact=%22threatens+serious+negative+effects%22&per-page=1&select=id&filter=from_publication_date%3A2006-01-01%2Cto_publication_date%3A2007-12-31,EXACT_PHRASE,data/fear-temperature/priority180/search/raw/openalex/001ff270c019b110925dff02355af60b2732fbb1b2e7cc2f26622c0a26bc4809.json,e3b0c44298fc1c149afbf4c8996fb92427ae41e4649b934ca495991b7852b855,NOT_RUN_OPENALEX_DAILY_BUDGET_EXHAUSTED: shared provider response retained; no count fabricated.,FT-SEED-R1B-P-0607-30,2006–2007,threatens serious negative effects
OPENALEX,OPENALEX_WORK_COUNT,threatens serious negative effects,"""threatens serious negative effects""",CONTEXTUAL_ANCHOR,2005,2008,FAILED_PROVIDER_OR_REQUEST,,,2026-08-26,2026-08-26T06:32:35Z,https://api.openalex.org/works,https://api.openalex.org/works?search.exact=%22threatens+serious+negative+effects%22&per-page=1&select=id&filter=from_publication_date%3A2005-01-01%2Cto_publication_date%3A2008-12-31,EXACT_PHRASE,data/fear-temperature/priority180/search/raw/openalex/001ff270c019b110925dff02355af60b2732fbb1b2e7cc2f26622c0a26bc4809.json,e3b0c44298fc1c149afbf4c8996fb92427ae41e4649b934ca495991b7852b855,NOT_RUN_OPENALEX_DAILY_BUDGET_EXHAUSTED: shared provider response retained; no count fabricated.,FT-SEED-R1B-P-0607-30,2006–2007,threatens serious negative effects
GOOGLE_BOOKS_API,GOOGLE_BOOKS_TOTAL_ITEMS,threatens serious negative effects,"""threatens serious negative effects""",ALL_AVAILABLE,,,NOT_RUN_PROVIDER_QUOTA,,,2026-08-26,2026-08-26T06:34:48Z,https://www.googleapis.com/books/v1/volumes,https://www.googleapis.com/books/v1/volumes?q=%22threatens+serious+negative+effects%22&langRestrict=en&maxResults=1&printType=books,EXACT_PHRASE,data/fear-temperature/priority180/search/raw/google_books/provider_quota_probe.json,e3b0c44298fc1c149afbf4c8996fb92427ae41e4649b934ca495991b7852b855,Provider runtime probe returned project quota 0; no candidate count was fabricated. Internet Archive is the completed primary bounded source.,FT-SEED-R1B-P-0607-30,2006–2007,threatens serious negative effects
INTERNET_ARCHIVE,INTERNET_ARCHIVE_METADATA_TEXT_ITEM_COUNT,climate change,"""climate change"" AND mediatype:texts",ALL_AVAILABLE,,,COMPLETED_NONZERO,30525,30525,2026-08-26,2026-08-26T06:19:54Z,https://archive.org/advancedsearch.php,https://archive.org/advancedsearch.php?q=%22climate+change%22+AND+mediatype%3Atexts&fl%5B%5D=identifier&rows=0&page=1&output=json,EXACT_PHRASE,data/fear-temperature/priority180/search/raw/internet_archive/4b53aab8c4527e29594fd78ba68840784a4233904083e8f67200f163fd0816da.json,40d2260a9536c69339d40d462ca799288e81ab3b1d861ea326c2fd289290fc63,Metadata text-item count; not a full-text lexical frequency.,FT-SEED-R1B-P-2015-01,2015,climate change
INTERNET_ARCHIVE,INTERNET_ARCHIVE_METADATA_TEXT_ITEM_COUNT,climate change,"""climate change"" AND mediatype:texts AND date:[2006-01-01 TO 2007-12-31]",STRICT_ANCHOR,2006,2007,COMPLETED_NONZERO,656,656,2026-08-26,2026-08-26T06:19:55Z,https://archive.org/advancedsearch.php,https://archive.org/advancedsearch.php?q=%22climate+change%22+AND+mediatype%3Atexts+AND+date%3A%5B2006-01-01+TO+2007-12-31%5D&fl%5B%5D=identifier&rows=0&page=1&output=json,EXACT_PHRASE,data/fear-temperature/priority180/search/raw/internet_archive/197c627468cb01bd57d185542439ef8e0c9c7791738006988bc82b04798bd8f7.json,12453e66d4d984691c3c6664e1b473269f61e4e9b6e69a7454ad0eaf03c4e3d7,Metadata text-item count; not a full-text lexical frequency.,FT-SEED-R1B-P-2015-01,2015,climate change
INTERNET_ARCHIVE,INTERNET_ARCHIVE_METADATA_TEXT_ITEM_COUNT,climate change,"""climate change"" AND mediatype:texts AND date:[2005-01-01 TO 2008-12-31]",CONTEXTUAL_ANCHOR,2005,2008,COMPLETED_NONZERO,1334,1334,2026-08-26,2026-08-26T06:19:56Z,https://archive.org/advancedsearch.php,https://archive.org/advancedsearch.php?q=%22climate+change%22+AND+mediatype%3Atexts+AND+date%3A%5B2005-01-01+TO+2008-12-31%5D&fl%5B%5D=identifier&rows=0&page=1&output=json,EXACT_PHRASE,data/fear-temperature/priority180/search/raw/internet_archive/5f3fb7b9d9a7afbf213947f1a28fe61792fd426e5723b0b3ba0c9d75d8ad2c40.json,b4e9a9b4e75288bd753ef8228373d08ff1a6d8aa8ca9ddd5f8a054c65ad4fcab,Metadata text-item count; not a full-text lexical frequency.,FT-SEED-R1B-P-2015-01,2015,climate change
OPENALEX,OPENALEX_WORK_COUNT,climate change,"""climate change""",ALL_AVAILABLE,,,COMPLETED_NONZERO,2549592,2549592,2026-08-26,2026-08-26T06:28:23Z,https://api.openalex.org/works,https://api.openalex.org/works?search.exact=%22climate+change%22&per-page=1&select=id,EXACT_PHRASE,data/fear-temperature/priority180/search/raw/openalex/2a50161adc5143f0998f62aad100b450b5e3fa3a64f0c9edc427c263ca37d458.json,ca061eae0e1c6e3630a94c178f1acf3b0f9af20abf0a6739c212546f3bc6842a,Scholarly work discoverability count over OpenAlex search fields; not a corpus word frequency.,FT-SEED-R1B-P-2015-01,2015,climate change
OPENALEX,OPENALEX_WORK_COUNT,climate change,"""climate change""",STRICT_ANCHOR,2006,2007,COMPLETED_NONZERO,32420,32420,2026-08-26,2026-08-26T06:28:24Z,https://api.openalex.org/works,https://api.openalex.org/works?search.exact=%22climate+change%22&per-page=1&select=id&filter=from_publication_date%3A2006-01-01%2Cto_publication_date%3A2007-12-31,EXACT_PHRASE,data/fear-temperature/priority180/search/raw/openalex/31827492219613dbe5d2b56915832214b242aa0cb5d34f91c4a383166862a217.json,72ad85269f5b001f14baca48eaf94bf358c2564a2494430bb0b30f6d6361baef,Scholarly work discoverability count over OpenAlex search fields; not a corpus word frequency.,FT-SEED-R1B-P-2015-01,2015,climate change
OPENALEX,OPENALEX_WORK_COUNT,climate change,"""climate change""",CONTEXTUAL_ANCHOR,2005,2008,COMPLETED_NONZERO,68712,68712,2026-08-26,2026-08-26T06:28:24Z,https://api.openalex.org/works,https://api.openalex.org/works?search.exact=%22climate+change%22&per-page=1&select=id&filter=from_publication_date%3A2005-01-01%2Cto_publication_date%3A2008-12-31,EXACT_PHRASE,data/fear-temperature/priority180/search/raw/openalex/5cb397ff81f7c6abcbd26350e4cd7f313cf7235206b23faa0306fe53943bb3de.json,4cc823e20407f3c642e44b4520810b18241ea474906e8d2b4a4e1f3824b0475d,Scholarly work discoverability count over OpenAlex search fields; not a corpus word frequency.,FT-SEED-R1B-P-2015-01,2015,climate change
GOOGLE_BOOKS_API,GOOGLE_BOOKS_TOTAL_ITEMS,climate change,"""climate change""",ALL_AVAILABLE,,,NOT_RUN_PROVIDER_QUOTA,,,2026-08-26,2026-08-26T06:34:48Z,https://www.googleapis.com/books/v1/volumes,https://www.googleapis.com/books/v1/volumes?q=%22climate+change%22&langRestrict=en&maxResults=1&printType=books,EXACT_PHRASE,data/fear-temperature/priority180/search/raw/google_books/provider_quota_probe.json,e3b0c44298fc1c149afbf4c8996fb92427ae41e4649b934ca495991b7852b855,Provider runtime probe returned project quota 0; no candidate count was fabricated. Internet Archive is the completed primary bounded source.,FT-SEED-R1B-P-2015-01,2015,climate change
INTERNET_ARCHIVE,INTERNET_ARCHIVE_METADATA_TEXT_ITEM_COUNT,threat of climate change,"""threat of climate change"" AND mediatype:texts",ALL_AVAILABLE,,,COMPLETED_NONZERO,42,42,2026-08-26,2026-08-26T06:26:05Z,https://archive.org/advancedsearch.php,https://archive.org/advancedsearch.php?q=%22threat+of+climate+change%22+AND+mediatype%3Atexts&fl%5B%5D=identifier&rows=0&page=1&output=json,EXACT_PHRASE,data/fear-temperature/priority180/search/raw/internet_archive/66d2b36a2469d344f928795a0294c412bd2a46f9fe07de59afbd10299ac15b53.json,2b051b77a36bb3564922cd9610fea9abdd4150b8caec2614e3c4ec0ad68b064d,Metadata text-item count; not a full-text lexical frequency.,FT-SEED-R1B-P-2015-02,2015,threat of climate change
INTERNET_ARCHIVE,INTERNET_ARCHIVE_METADATA_TEXT_ITEM_COUNT,threat of climate change,"""threat of climate change"" AND mediatype:texts AND date:[2015-01-01 TO 2015-12-31]",STRICT_ANCHOR,2015,2015,COMPLETED_NONZERO,2,2,2026-08-26,2026-08-26T06:26:06Z,https://archive.org/advancedsearch.php,https://archive.org/advancedsearch.php?q=%22threat+of+climate+change%22+AND+mediatype%3Atexts+AND+date%3A%5B2015-01-01+TO+2015-12-31%5D&fl%5B%5D=identifier&rows=0&page=1&output=json,EXACT_PHRASE,data/fear-temperature/priority180/search/raw/internet_archive/5a57d935e53725a0a29ffec92d9ee372eb24a52354ccedfa47cf34b3a3f01f3a.json,6bdcd3af85fb1d7dd33f63635c73a0450b722c638a4e5fcea2b303b8861dc6a1,Metadata text-item count; not a full-text lexical frequency.,FT-SEED-R1B-P-2015-02,2015,threat of climate change
INTERNET_ARCHIVE,INTERNET_ARCHIVE_METADATA_TEXT_ITEM_COUNT,threat of climate change,"""threat of climate change"" AND mediatype:texts AND date:[2014-01-01 TO 2016-12-31]",CONTEXTUAL_ANCHOR,2014,2016,COMPLETED_NONZERO,3,3,2026-08-26,2026-08-26T06:26:07Z,https://archive.org/advancedsearch.php,https://archive.org/advancedsearch.php?q=%22threat+of+climate+change%22+AND+mediatype%3Atexts+AND+date%3A%5B2014-01-01+TO+2016-12-31%5D&fl%5B%5D=identifier&rows=0&page=1&output=json,EXACT_PHRASE,data/fear-temperature/priority180/search/raw/internet_archive/cff24a3b6570cd5b3020218978a82a7d8164f792980741a1d49b3f79a5b11172.json,cdb3a4f54d375e0e2764e946c95d4efa81edebe45eaba9afb07237d35f98b622,Metadata text-item count; not a full-text lexical frequency.,FT-SEED-R1B-P-2015-02,2015,threat of climate change
OPENALEX,OPENALEX_WORK_COUNT,threat of climate change,"""threat of climate change""",ALL_AVAILABLE,,,FAILED_PROVIDER_OR_REQUEST,,,2026-08-26,2026-08-26T06:32:35Z,https://api.openalex.org/works,https://api.openalex.org/works?search.exact=%22threat+of+climate+change%22&per-page=1&select=id,EXACT_PHRASE,data/fear-temperature/priority180/search/raw/openalex/001ff270c019b110925dff02355af60b2732fbb1b2e7cc2f26622c0a26bc4809.json,e3b0c44298fc1c149afbf4c8996fb92427ae41e4649b934ca495991b7852b855,NOT_RUN_OPENALEX_DAILY_BUDGET_EXHAUSTED: shared provider response retained; no count fabricated.,FT-SEED-R1B-P-2015-02,2015,threat of climate change
OPENALEX,OPENALEX_WORK_COUNT,threat of climate change,"""threat of climate change""",STRICT_ANCHOR,2015,2015,FAILED_PROVIDER_OR_REQUEST,,,2026-08-26,2026-08-26T06:32:35Z,https://api.openalex.org/works,https://api.openalex.org/works?search.exact=%22threat+of+climate+change%22&per-page=1&select=id&filter=from_publication_date%3A2015-01-01%2Cto_publication_date%3A2015-12-31,EXACT_PHRASE,data/fear-temperature/priority180/search/raw/openalex/001ff270c019b110925dff02355af60b2732fbb1b2e7cc2f26622c0a26bc4809.json,e3b0c44298fc1c149afbf4c8996fb92427ae41e4649b934ca495991b7852b855,NOT_RUN_OPENALEX_DAILY_BUDGET_EXHAUSTED: shared provider response retained; no count fabricated.,FT-SEED-R1B-P-2015-02,2015,threat of climate change
OPENALEX,OPENALEX_WORK_COUNT,threat of climate change,"""threat of climate change""",CONTEXTUAL_ANCHOR,2014,2016,FAILED_PROVIDER_OR_REQUEST,,,2026-08-26,2026-08-26T06:32:35Z,https://api.openalex.org/works,https://api.openalex.org/works?search.exact=%22threat+of+climate+change%22&per-page=1&select=id&filter=from_publication_date%3A2014-01-01%2Cto_publication_date%3A2016-12-31,EXACT_PHRASE,data/fear-temperature/priority180/search/raw/openalex/001ff270c019b110925dff02355af60b2732fbb1b2e7cc2f26622c0a26bc4809.json,e3b0c44298fc1c149afbf4c8996fb92427ae41e4649b934ca495991b7852b855,NOT_RUN_OPENALEX_DAILY_BUDGET_EXHAUSTED: shared provider response retained; no count fabricated.,FT-SEED-R1B-P-2015-02,2015,threat of climate change
GOOGLE_BOOKS_API,GOOGLE_BOOKS_TOTAL_ITEMS,threat of climate change,"""threat of climate change""",ALL_AVAILABLE,,,NOT_RUN_PROVIDER_QUOTA,,,2026-08-26,2026-08-26T06:34:48Z,https://www.googleapis.com/books/v1/volumes,https://www.googleapis.com/books/v1/volumes?q=%22threat+of+climate+change%22&langRestrict=en&maxResults=1&printType=books,EXACT_PHRASE,data/fear-temperature/priority180/search/raw/google_books/provider_quota_probe.json,e3b0c44298fc1c149afbf4c8996fb92427ae41e4649b934ca495991b7852b855,Provider runtime probe returned project quota 0; no candidate count was fabricated. Internet Archive is the completed primary bounded source.,FT-SEED-R1B-P-2015-02,2015,threat of climate change
INTERNET_ARCHIVE,INTERNET_ARCHIVE_METADATA_TEXT_ITEM_COUNT,global average temperature,"""global average temperature"" AND mediatype:texts",ALL_AVAILABLE,,,COMPLETED_NONZERO,25,25,2026-08-26,2026-08-26T06:21:48Z,https://archive.org/advancedsearch.php,https://archive.org/advancedsearch.php?q=%22global+average+temperature%22+AND+mediatype%3Atexts&fl%5B%5D=identifier&rows=0&page=1&output=json,EXACT_PHRASE,data/fear-temperature/priority180/search/raw/internet_archive/d94aa24924e917e3ce9ee6742b4894a40414341452d5f7e791088c5a7223cc49.json,2b14fd987273f2436a0ef9c2a4407d4c7520d071da904b847a0bf43335684619,Metadata text-item count; not a full-text lexical frequency.,FT-SEED-R1B-P-2015-03,2015,global average temperature
INTERNET_ARCHIVE,INTERNET_ARCHIVE_METADATA_TEXT_ITEM_COUNT,global average temperature,"""global average temperature"" AND mediatype:texts AND date:[2015-01-01 TO 2015-12-31]",STRICT_ANCHOR,2015,2015,COMPLETED_NONZERO,1,1,2026-08-26,2026-08-26T06:21:49Z,https://archive.org/advancedsearch.php,https://archive.org/advancedsearch.php?q=%22global+average+temperature%22+AND+mediatype%3Atexts+AND+date%3A%5B2015-01-01+TO+2015-12-31%5D&fl%5B%5D=identifier&rows=0&page=1&output=json,EXACT_PHRASE,data/fear-temperature/priority180/search/raw/internet_archive/c71f53ed8c0cc1f6419e9f542d7936886de53b25bd8050f9b21bc9c9b1956130.json,599bc8c987d0dbf9da992c2162da49c0dde9b8b4cf9c462a72b0909b69f8a668,Metadata text-item count; not a full-text lexical frequency.,FT-SEED-R1B-P-2015-03,2015,global average temperature
INTERNET_ARCHIVE,INTERNET_ARCHIVE_METADATA_TEXT_ITEM_COUNT,global average temperature,"""global average temperature"" AND mediatype:texts AND date:[2014-01-01 TO 2016-12-31]",CONTEXTUAL_ANCHOR,2014,2016,COMPLETED_NONZERO,2,2,2026-08-26,2026-08-26T06:21:50Z,https://archive.org/advancedsearch.php,https://archive.org/advancedsearch.php?q=%22global+average+temperature%22+AND+mediatype%3Atexts+AND+date%3A%5B2014-01-01+TO+2016-12-31%5D&fl%5B%5D=identifier&rows=0&page=1&output=json,EXACT_PHRASE,data/fear-temperature/priority180/search/raw/internet_archive/a301746b5405f160fa7afa4c02fb25f9dd9279e25e31b90de424f8d826d1427f.json,a9f2820d8c5f5cf6202000fb65cf7306c82ceb4fd6f3215461a988791f9612e8,Metadata text-item count; not a full-text lexical frequency.,FT-SEED-R1B-P-2015-03,2015,global average temperature
OPENALEX,OPENALEX_WORK_COUNT,global average temperature,"""global average temperature""",ALL_AVAILABLE,,,FAILED_PROVIDER_OR_REQUEST,,,2026-08-26,2026-08-26T06:32:35Z,https://api.openalex.org/works,https://api.openalex.org/works?search.exact=%22global+average+temperature%22&per-page=1&select=id,EXACT_PHRASE,data/fear-temperature/priority180/search/raw/openalex/001ff270c019b110925dff02355af60b2732fbb1b2e7cc2f26622c0a26bc4809.json,e3b0c44298fc1c149afbf4c8996fb92427ae41e4649b934ca495991b7852b855,NOT_RUN_OPENALEX_DAILY_BUDGET_EXHAUSTED: shared provider response retained; no count fabricated.,FT-SEED-R1B-P-2015-03,2015,global average temperature
OPENALEX,OPENALEX_WORK_COUNT,global average temperature,"""global average temperature""",STRICT_ANCHOR,2015,2015,FAILED_PROVIDER_OR_REQUEST,,,2026-08-26,2026-08-26T06:32:35Z,https://api.openalex.org/works,https://api.openalex.org/works?search.exact=%22global+average+temperature%22&per-page=1&select=id&filter=from_publication_date%3A2015-01-01%2Cto_publication_date%3A2015-12-31,EXACT_PHRASE,data/fear-temperature/priority180/search/raw/openalex/001ff270c019b110925dff02355af60b2732fbb1b2e7cc2f26622c0a26bc4809.json,e3b0c44298fc1c149afbf4c8996fb92427ae41e4649b934ca495991b7852b855,NOT_RUN_OPENALEX_DAILY_BUDGET_EXHAUSTED: shared provider response retained; no count fabricated.,FT-SEED-R1B-P-2015-03,2015,global average temperature
OPENALEX,OPENALEX_WORK_COUNT,global average temperature,"""global average temperature""",CONTEXTUAL_ANCHOR,2014,2016,FAILED_PROVIDER_OR_REQUEST,,,2026-08-26,2026-08-26T06:32:35Z,https://api.openalex.org/works,https://api.openalex.org/works?search.exact=%22global+average+temperature%22&per-page=1&select=id&filter=from_publication_date%3A2014-01-01%2Cto_publication_date%3A2016-12-31,EXACT_PHRASE,data/fear-temperature/priority180/search/raw/openalex/001ff270c019b110925dff02355af60b2732fbb1b2e7cc2f26622c0a26bc4809.json,e3b0c44298fc1c149afbf4c8996fb92427ae41e4649b934ca495991b7852b855,NOT_RUN_OPENALEX_DAILY_BUDGET_EXHAUSTED: shared provider response retained; no count fabricated.,FT-SEED-R1B-P-2015-03,2015,global average temperature
GOOGLE_BOOKS_API,GOOGLE_BOOKS_TOTAL_ITEMS,global average temperature,"""global average temperature""",ALL_AVAILABLE,,,NOT_RUN_PROVIDER_QUOTA,,,2026-08-26,2026-08-26T06:34:48Z,https://www.googleapis.com/books/v1/volumes,https://www.googleapis.com/books/v1/volumes?q=%22global+average+temperature%22&langRestrict=en&maxResults=1&printType=books,EXACT_PHRASE,data/fear-temperature/priority180/search/raw/google_books/provider_quota_probe.json,e3b0c44298fc1c149afbf4c8996fb92427ae41e4649b934ca495991b7852b855,Provider runtime probe returned project quota 0; no candidate count was fabricated. Internet Archive is the completed primary bounded source.,FT-SEED-R1B-P-2015-03,2015,global average temperature
INTERNET_ARCHIVE,INTERNET_ARCHIVE_METADATA_TEXT_ITEM_COUNT,well below 2°c above pre-industrial levels,"""well below 2°C above pre-industrial levels"" AND mediatype:texts",ALL_AVAILABLE,,,COMPLETED_NONZERO,2,2,2026-08-26,2026-08-26T06:27:02Z,https://archive.org/advancedsearch.php,https://archive.org/advancedsearch.php?q=%22well+below+2%C2%B0C+above+pre-industrial+levels%22+AND+mediatype%3Atexts&fl%5B%5D=identifier&rows=0&page=1&output=json,EXACT_PHRASE,data/fear-temperature/priority180/search/raw/internet_archive/4a1a4f5301efeedeff83f195a925d94c3343ce89bd4408df30394e7d81d7187b.json,893d53c513f4ddf33533efc0eba1c29b874bcbfba88a49ec0025ccc6bd3c9b60,Metadata text-item count; not a full-text lexical frequency.,FT-SEED-R1B-P-2015-04,2015,well below 2°C above pre-industrial levels
INTERNET_ARCHIVE,INTERNET_ARCHIVE_METADATA_TEXT_ITEM_COUNT,well below 2°c above pre-industrial levels,"""well below 2°C above pre-industrial levels"" AND mediatype:texts AND date:[2015-01-01 TO 2015-12-31]",STRICT_ANCHOR,2015,2015,COMPLETED_NONZERO,1,1,2026-08-26,2026-08-26T06:27:03Z,https://archive.org/advancedsearch.php,https://archive.org/advancedsearch.php?q=%22well+below+2%C2%B0C+above+pre-industrial+levels%22+AND+mediatype%3Atexts+AND+date%3A%5B2015-01-01+TO+2015-12-31%5D&fl%5B%5D=identifier&rows=0&page=1&output=json,EXACT_PHRASE,data/fear-temperature/priority180/search/raw/internet_archive/907404cb8dc49a41c14d1a6b65ff1c22b4f25c8db768762fce72cf1f3188eaa3.json,066be27f11028e7e208e61d5ffb58ac7de843c450a708ef3bb51808eb5349eae,Metadata text-item count; not a full-text lexical frequency.,FT-SEED-R1B-P-2015-04,2015,well below 2°C above pre-industrial levels
INTERNET_ARCHIVE,INTERNET_ARCHIVE_METADATA_TEXT_ITEM_COUNT,well below 2°c above pre-industrial levels,"""well below 2°C above pre-industrial levels"" AND mediatype:texts AND date:[2014-01-01 TO 2016-12-31]",CONTEXTUAL_ANCHOR,2014,2016,COMPLETED_NONZERO,1,1,2026-08-26,2026-08-26T06:27:04Z,https://archive.org/advancedsearch.php,https://archive.org/advancedsearch.php?q=%22well+below+2%C2%B0C+above+pre-industrial+levels%22+AND+mediatype%3Atexts+AND+date%3A%5B2014-01-01+TO+2016-12-31%5D&fl%5B%5D=identifier&rows=0&page=1&output=json,EXACT_PHRASE,data/fear-temperature/priority180/search/raw/internet_archive/02294c58d965170b4e3bbb2de78cd5e1b3b1d6019f425fa9374a573091f89464.json,eb71c1d0c33242142ae3e2df310637869ae6f5ec4e44bfcb861a59d1649ca48f,Metadata text-item count; not a full-text lexical frequency.,FT-SEED-R1B-P-2015-04,2015,well below 2°C above pre-industrial levels
OPENALEX,OPENALEX_WORK_COUNT,well below 2°c above pre-industrial levels,"""well below 2°C above pre-industrial levels""",ALL_AVAILABLE,,,FAILED_PROVIDER_OR_REQUEST,,,2026-08-26,2026-08-26T06:32:35Z,https://api.openalex.org/works,https://api.openalex.org/works?search.exact=%22well+below+2%C2%B0C+above+pre-industrial+levels%22&per-page=1&select=id,EXACT_PHRASE,data/fear-temperature/priority180/search/raw/openalex/001ff270c019b110925dff02355af60b2732fbb1b2e7cc2f26622c0a26bc4809.json,e3b0c44298fc1c149afbf4c8996fb92427ae41e4649b934ca495991b7852b855,NOT_RUN_OPENALEX_DAILY_BUDGET_EXHAUSTED: shared provider response retained; no count fabricated.,FT-SEED-R1B-P-2015-04,2015,well below 2°C above pre-industrial levels
OPENALEX,OPENALEX_WORK_COUNT,well below 2°c above pre-industrial levels,"""well below 2°C above pre-industrial levels""",STRICT_ANCHOR,2015,2015,FAILED_PROVIDER_OR_REQUEST,,,2026-08-26,2026-08-26T06:32:35Z,https://api.openalex.org/works,https://api.openalex.org/works?search.exact=%22well+below+2%C2%B0C+above+pre-industrial+levels%22&per-page=1&select=id&filter=from_publication_date%3A2015-01-01%2Cto_publication_date%3A2015-12-31,EXACT_PHRASE,data/fear-temperature/priority180/search/raw/openalex/001ff270c019b110925dff02355af60b2732fbb1b2e7cc2f26622c0a26bc4809.json,e3b0c44298fc1c149afbf4c8996fb92427ae41e4649b934ca495991b7852b855,NOT_RUN_OPENALEX_DAILY_BUDGET_EXHAUSTED: shared provider response retained; no count fabricated.,FT-SEED-R1B-P-2015-04,2015,well below 2°C above pre-industrial levels
OPENALEX,OPENALEX_WORK_COUNT,well below 2°c above pre-industrial levels,"""well below 2°C above pre-industrial levels""",CONTEXTUAL_ANCHOR,2014,2016,FAILED_PROVIDER_OR_REQUEST,,,2026-08-26,2026-08-26T06:32:35Z,https://api.openalex.org/works,https://api.openalex.org/works?search.exact=%22well+below+2%C2%B0C+above+pre-industrial+levels%22&per-page=1&select=id&filter=from_publication_date%3A2014-01-01%2Cto_publication_date%3A2016-12-31,EXACT_PHRASE,data/fear-temperature/priority180/search/raw/openalex/001ff270c019b110925dff02355af60b2732fbb1b2e7cc2f26622c0a26bc4809.json,e3b0c44298fc1c149afbf4c8996fb92427ae41e4649b934ca495991b7852b855,NOT_RUN_OPENALEX_DAILY_BUDGET_EXHAUSTED: shared provider response retained; no count fabricated.,FT-SEED-R1B-P-2015-04,2015,well below 2°C above pre-industrial levels
GOOGLE_BOOKS_API,GOOGLE_BOOKS_TOTAL_ITEMS,well below 2°c above pre-industrial levels,"""well below 2°C above pre-industrial levels""",ALL_AVAILABLE,,,NOT_RUN_PROVIDER_QUOTA,,,2026-08-26,2026-08-26T06:34:48Z,https://www.googleapis.com/books/v1/volumes,https://www.googleapis.com/books/v1/volumes?q=%22well+below+2%C2%B0C+above+pre-industrial+levels%22&langRestrict=en&maxResults=1&printType=books,EXACT_PHRASE,data/fear-temperature/priority180/search/raw/google_books/provider_quota_probe.json,e3b0c44298fc1c149afbf4c8996fb92427ae41e4649b934ca495991b7852b855,Provider runtime probe returned project quota 0; no candidate count was fabricated. Internet Archive is the completed primary bounded source.,FT-SEED-R1B-P-2015-04,2015,well below 2°C above pre-industrial levels
INTERNET_ARCHIVE,INTERNET_ARCHIVE_METADATA_TEXT_ITEM_COUNT,1.5°c above pre-industrial levels,"""1.5°C above pre-industrial levels"" AND mediatype:texts",ALL_AVAILABLE,,,COMPLETED_NONZERO,3,3,2026-08-26,2026-08-26T06:18:33Z,https://archive.org/advancedsearch.php,https://archive.org/advancedsearch.php?q=%221.5%C2%B0C+above+pre-industrial+levels%22+AND+mediatype%3Atexts&fl%5B%5D=identifier&rows=0&page=1&output=json,EXACT_PHRASE,data/fear-temperature/priority180/search/raw/internet_archive/7d5219f5d3fa891210a6eac5b18bbe040ad30ed784b675f6de419ae83ca8ab16.json,101905f137eaf4e209c8ee42d73c7b346b1ea3d06014ff1368d5b1c30e6354d2,Metadata text-item count; not a full-text lexical frequency.,FT-SEED-R1B-P-2015-05,2015,1.5°C above pre-industrial levels
INTERNET_ARCHIVE,INTERNET_ARCHIVE_METADATA_TEXT_ITEM_COUNT,1.5°c above pre-industrial levels,"""1.5°C above pre-industrial levels"" AND mediatype:texts AND date:[2015-01-01 TO 2015-12-31]",STRICT_ANCHOR,2015,2015,COMPLETED_NONZERO,1,1,2026-08-26,2026-08-26T06:18:35Z,https://archive.org/advancedsearch.php,https://archive.org/advancedsearch.php?q=%221.5%C2%B0C+above+pre-industrial+levels%22+AND+mediatype%3Atexts+AND+date%3A%5B2015-01-01+TO+2015-12-31%5D&fl%5B%5D=identifier&rows=0&page=1&output=json,EXACT_PHRASE,data/fear-temperature/priority180/search/raw/internet_archive/468d90d80dac2bdae65c16e3b87f2d7123884aa8d1148334a0cc359e60128d78.json,69ef6623747efbb9bc747fee324b132f4369b346463f4025f9c29af8d1251fae,Metadata text-item count; not a full-text lexical frequency.,FT-SEED-R1B-P-2015-05,2015,1.5°C above pre-industrial levels
INTERNET_ARCHIVE,INTERNET_ARCHIVE_METADATA_TEXT_ITEM_COUNT,1.5°c above pre-industrial levels,"""1.5°C above pre-industrial levels"" AND mediatype:texts AND date:[2014-01-01 TO 2016-12-31]",CONTEXTUAL_ANCHOR,2014,2016,COMPLETED_NONZERO,1,1,2026-08-26,2026-08-26T06:18:36Z,https://archive.org/advancedsearch.php,https://archive.org/advancedsearch.php?q=%221.5%C2%B0C+above+pre-industrial+levels%22+AND+mediatype%3Atexts+AND+date%3A%5B2014-01-01+TO+2016-12-31%5D&fl%5B%5D=identifier&rows=0&page=1&output=json,EXACT_PHRASE,data/fear-temperature/priority180/search/raw/internet_archive/a0a22a6a3e0db5632da838f164f9f236dd99504f69fb118a8d65cf76bb8f823a.json,453f2e5087714805d1cd6d4804d41d6e402696461dabe448a7c260b7eeda2968,Metadata text-item count; not a full-text lexical frequency.,FT-SEED-R1B-P-2015-05,2015,1.5°C above pre-industrial levels
OPENALEX,OPENALEX_WORK_COUNT,1.5°c above pre-industrial levels,"""1.5°C above pre-industrial levels""",ALL_AVAILABLE,,,COMPLETED_NONZERO,11609,11609,2026-08-26,2026-08-26T06:27:22Z,https://api.openalex.org/works,https://api.openalex.org/works?search.exact=%221.5%C2%B0C+above+pre-industrial+levels%22&per-page=1&select=id,EXACT_PHRASE,data/fear-temperature/priority180/search/raw/openalex/483299ecb57086b5fdafbc71ac0b808225e044df857a96180cc38780ed098882.json,4254b1c460fca068977466f88a3c21f28287656dc9cd7ef71bf9cd8a26330759,Scholarly work discoverability count over OpenAlex search fields; not a corpus word frequency.,FT-SEED-R1B-P-2015-05,2015,1.5°C above pre-industrial levels
OPENALEX,OPENALEX_WORK_COUNT,1.5°c above pre-industrial levels,"""1.5°C above pre-industrial levels""",STRICT_ANCHOR,2015,2015,COMPLETED_NONZERO,18,18,2026-08-26,2026-08-26T06:27:23Z,https://api.openalex.org/works,https://api.openalex.org/works?search.exact=%221.5%C2%B0C+above+pre-industrial+levels%22&per-page=1&select=id&filter=from_publication_date%3A2015-01-01%2Cto_publication_date%3A2015-12-31,EXACT_PHRASE,data/fear-temperature/priority180/search/raw/openalex/0ff63c946370b1aa7b690f52184bb3135aee2127d3858c3cfb2e01a91533cf63.json,7d6c81360a1c185946b3264cad0c7a3fbd3dac5a3312b8670852911e4d062f30,Scholarly work discoverability count over OpenAlex search fields; not a corpus word frequency.,FT-SEED-R1B-P-2015-05,2015,1.5°C above pre-industrial levels
OPENALEX,OPENALEX_WORK_COUNT,1.5°c above pre-industrial levels,"""1.5°C above pre-industrial levels""",CONTEXTUAL_ANCHOR,2014,2016,COMPLETED_NONZERO,127,127,2026-08-26,2026-08-26T06:27:23Z,https://api.openalex.org/works,https://api.openalex.org/works?search.exact=%221.5%C2%B0C+above+pre-industrial+levels%22&per-page=1&select=id&filter=from_publication_date%3A2014-01-01%2Cto_publication_date%3A2016-12-31,EXACT_PHRASE,data/fear-temperature/priority180/search/raw/openalex/66e78cdb3a126f884b35a5f3f6ecee4c24f190cc4d0df0e15709d466a4fed771.json,13587b1d5c6b8d2fa655b68b120b168e77a2a6d18194fe38b517b07c5f6d9424,Scholarly work discoverability count over OpenAlex search fields; not a corpus word frequency.,FT-SEED-R1B-P-2015-05,2015,1.5°C above pre-industrial levels
GOOGLE_BOOKS_API,GOOGLE_BOOKS_TOTAL_ITEMS,1.5°c above pre-industrial levels,"""1.5°C above pre-industrial levels""",ALL_AVAILABLE,,,NOT_RUN_PROVIDER_QUOTA,,,2026-08-26,2026-08-26T06:34:48Z,https://www.googleapis.com/books/v1/volumes,https://www.googleapis.com/books/v1/volumes?q=%221.5%C2%B0C+above+pre-industrial+levels%22&langRestrict=en&maxResults=1&printType=books,EXACT_PHRASE,data/fear-temperature/priority180/search/raw/google_books/provider_quota_probe.json,e3b0c44298fc1c149afbf4c8996fb92427ae41e4649b934ca495991b7852b855,Provider runtime probe returned project quota 0; no candidate count was fabricated. Internet Archive is the completed primary bounded source.,FT-SEED-R1B-P-2015-05,2015,1.5°C above pre-industrial levels
INTERNET_ARCHIVE,INTERNET_ARCHIVE_METADATA_TEXT_ITEM_COUNT,pre-industrial levels,"""pre-industrial levels"" AND mediatype:texts",ALL_AVAILABLE,,,COMPLETED_NONZERO,30,30,2026-08-26,2026-08-26T06:24:31Z,https://archive.org/advancedsearch.php,https://archive.org/advancedsearch.php?q=%22pre-industrial+levels%22+AND+mediatype%3Atexts&fl%5B%5D=identifier&rows=0&page=1&output=json,EXACT_PHRASE,data/fear-temperature/priority180/search/raw/internet_archive/bd25fa7ff8a662ff9a15bf7aca39f5ffd7dc584a6f773a97c7588deacfeef505.json,9f326c48fb096de50b97d0881b5e399ac074d8b4300418fe138369b33d3005d7,Metadata text-item count; not a full-text lexical frequency.,FT-SEED-R1B-P-2015-06,2015,pre-industrial levels
INTERNET_ARCHIVE,INTERNET_ARCHIVE_METADATA_TEXT_ITEM_COUNT,pre-industrial levels,"""pre-industrial levels"" AND mediatype:texts AND date:[2015-01-01 TO 2015-12-31]",STRICT_ANCHOR,2015,2015,COMPLETED_NONZERO,1,1,2026-08-26,2026-08-26T06:24:32Z,https://archive.org/advancedsearch.php,https://archive.org/advancedsearch.php?q=%22pre-industrial+levels%22+AND+mediatype%3Atexts+AND+date%3A%5B2015-01-01+TO+2015-12-31%5D&fl%5B%5D=identifier&rows=0&page=1&output=json,EXACT_PHRASE,data/fear-temperature/priority180/search/raw/internet_archive/b3377bbd9e182901bae54cb8671009f5bc0e1aa3f35f887e60ce6cedcbee5cef.json,5ad49a64c2cfeecc775aa471e1d1961aa76d3bcc1d9c2edc8aa56d199d2a49e6,Metadata text-item count; not a full-text lexical frequency.,FT-SEED-R1B-P-2015-06,2015,pre-industrial levels
INTERNET_ARCHIVE,INTERNET_ARCHIVE_METADATA_TEXT_ITEM_COUNT,pre-industrial levels,"""pre-industrial levels"" AND mediatype:texts AND date:[2014-01-01 TO 2016-12-31]",CONTEXTUAL_ANCHOR,2014,2016,COMPLETED_NONZERO,1,1,2026-08-26,2026-08-26T06:24:33Z,https://archive.org/advancedsearch.php,https://archive.org/advancedsearch.php?q=%22pre-industrial+levels%22+AND+mediatype%3Atexts+AND+date%3A%5B2014-01-01+TO+2016-12-31%5D&fl%5B%5D=identifier&rows=0&page=1&output=json,EXACT_PHRASE,data/fear-temperature/priority180/search/raw/internet_archive/9849d2aced9260cc2e9eb27885fe1e9634eb084d9aaeb50ea1af3a51171f2f39.json,5968c32cfcc083a71bc370892f356e2b375ea02bd00f7bd8ffbcc8ea613e3cd4,Metadata text-item count; not a full-text lexical frequency.,FT-SEED-R1B-P-2015-06,2015,pre-industrial levels
OPENALEX,OPENALEX_WORK_COUNT,pre-industrial levels,"""pre-industrial levels""",ALL_AVAILABLE,,,FAILED_PROVIDER_OR_REQUEST,,,2026-08-26,2026-08-26T06:32:35Z,https://api.openalex.org/works,https://api.openalex.org/works?search.exact=%22pre-industrial+levels%22&per-page=1&select=id,EXACT_PHRASE,data/fear-temperature/priority180/search/raw/openalex/001ff270c019b110925dff02355af60b2732fbb1b2e7cc2f26622c0a26bc4809.json,e3b0c44298fc1c149afbf4c8996fb92427ae41e4649b934ca495991b7852b855,NOT_RUN_OPENALEX_DAILY_BUDGET_EXHAUSTED: shared provider response retained; no count fabricated.,FT-SEED-R1B-P-2015-06,2015,pre-industrial levels
OPENALEX,OPENALEX_WORK_COUNT,pre-industrial levels,"""pre-industrial levels""",STRICT_ANCHOR,2015,2015,FAILED_PROVIDER_OR_REQUEST,,,2026-08-26,2026-08-26T06:32:35Z,https://api.openalex.org/works,https://api.openalex.org/works?search.exact=%22pre-industrial+levels%22&per-page=1&select=id&filter=from_publication_date%3A2015-01-01%2Cto_publication_date%3A2015-12-31,EXACT_PHRASE,data/fear-temperature/priority180/search/raw/openalex/001ff270c019b110925dff02355af60b2732fbb1b2e7cc2f26622c0a26bc4809.json,e3b0c44298fc1c149afbf4c8996fb92427ae41e4649b934ca495991b7852b855,NOT_RUN_OPENALEX_DAILY_BUDGET_EXHAUSTED: shared provider response retained; no count fabricated.,FT-SEED-R1B-P-2015-06,2015,pre-industrial levels
OPENALEX,OPENALEX_WORK_COUNT,pre-industrial levels,"""pre-industrial levels""",CONTEXTUAL_ANCHOR,2014,2016,FAILED_PROVIDER_OR_REQUEST,,,2026-08-26,2026-08-26T06:32:35Z,https://api.openalex.org/works,https://api.openalex.org/works?search.exact=%22pre-industrial+levels%22&per-page=1&select=id&filter=from_publication_date%3A2014-01-01%2Cto_publication_date%3A2016-12-31,EXACT_PHRASE,data/fear-temperature/priority180/search/raw/openalex/001ff270c019b110925dff02355af60b2732fbb1b2e7cc2f26622c0a26bc4809.json,e3b0c44298fc1c149afbf4c8996fb92427ae41e4649b934ca495991b7852b855,NOT_RUN_OPENALEX_DAILY_BUDGET_EXHAUSTED: shared provider response retained; no count fabricated.,FT-SEED-R1B-P-2015-06,2015,pre-industrial levels
GOOGLE_BOOKS_API,GOOGLE_BOOKS_TOTAL_ITEMS,pre-industrial levels,"""pre-industrial levels""",ALL_AVAILABLE,,,NOT_RUN_PROVIDER_QUOTA,,,2026-08-26,2026-08-26T06:34:48Z,https://www.googleapis.com/books/v1/volumes,https://www.googleapis.com/books/v1/volumes?q=%22pre-industrial+levels%22&langRestrict=en&maxResults=1&printType=books,EXACT_PHRASE,data/fear-temperature/priority180/search/raw/google_books/provider_quota_probe.json,e3b0c44298fc1c149afbf4c8996fb92427ae41e4649b934ca495991b7852b855,Provider runtime probe returned project quota 0; no candidate count was fabricated. Internet Archive is the completed primary bounded source.,FT-SEED-R1B-P-2015-06,2015,pre-industrial levels
INTERNET_ARCHIVE,INTERNET_ARCHIVE_METADATA_TEXT_ITEM_COUNT,risks and impacts,"""risks and impacts"" AND mediatype:texts",ALL_AVAILABLE,,,COMPLETED_NONZERO,27,27,2026-08-26,2026-08-26T06:25:06Z,https://archive.org/advancedsearch.php,https://archive.org/advancedsearch.php?q=%22risks+and+impacts%22+AND+mediatype%3Atexts&fl%5B%5D=identifier&rows=0&page=1&output=json,EXACT_PHRASE,data/fear-temperature/priority180/search/raw/internet_archive/ae260820450d6a8eccb9f2e5df90e45aa4daf7ab123067ac822cc1b49e946976.json,062902764b2a7120aa6752964266ba551d0ca9696d48e1b5bef65d6fcce7f64f,Metadata text-item count; not a full-text lexical frequency.,FT-SEED-R1B-P-2015-07,2015,risks and impacts
INTERNET_ARCHIVE,INTERNET_ARCHIVE_METADATA_TEXT_ITEM_COUNT,risks and impacts,"""risks and impacts"" AND mediatype:texts AND date:[2015-01-01 TO 2015-12-31]",STRICT_ANCHOR,2015,2015,COMPLETED_NONZERO,1,1,2026-08-26,2026-08-26T06:25:07Z,https://archive.org/advancedsearch.php,https://archive.org/advancedsearch.php?q=%22risks+and+impacts%22+AND+mediatype%3Atexts+AND+date%3A%5B2015-01-01+TO+2015-12-31%5D&fl%5B%5D=identifier&rows=0&page=1&output=json,EXACT_PHRASE,data/fear-temperature/priority180/search/raw/internet_archive/4631d2593044eea7edbd49f52e989ac501a07005d15f3d8a27f9728569200294.json,9c07c20f1b6a2be77937a1cb498b9033698b3608c679e64282c9a5c3af9723cd,Metadata text-item count; not a full-text lexical frequency.,FT-SEED-R1B-P-2015-07,2015,risks and impacts
INTERNET_ARCHIVE,INTERNET_ARCHIVE_METADATA_TEXT_ITEM_COUNT,risks and impacts,"""risks and impacts"" AND mediatype:texts AND date:[2014-01-01 TO 2016-12-31]",CONTEXTUAL_ANCHOR,2014,2016,COMPLETED_NONZERO,3,3,2026-08-26,2026-08-26T06:25:08Z,https://archive.org/advancedsearch.php,https://archive.org/advancedsearch.php?q=%22risks+and+impacts%22+AND+mediatype%3Atexts+AND+date%3A%5B2014-01-01+TO+2016-12-31%5D&fl%5B%5D=identifier&rows=0&page=1&output=json,EXACT_PHRASE,data/fear-temperature/priority180/search/raw/internet_archive/d82eb9f041dbf7051ec7617c18656415e83876ac9836b3838180b77f4a12b17d.json,9fe0801d84e4a0faa164cc762bced415ab32c2f8a6c021eea2563e20d468f7a1,Metadata text-item count; not a full-text lexical frequency.,FT-SEED-R1B-P-2015-07,2015,risks and impacts
OPENALEX,OPENALEX_WORK_COUNT,risks and impacts,"""risks and impacts""",ALL_AVAILABLE,,,FAILED_PROVIDER_OR_REQUEST,,,2026-08-26,2026-08-26T06:32:35Z,https://api.openalex.org/works,https://api.openalex.org/works?search.exact=%22risks+and+impacts%22&per-page=1&select=id,EXACT_PHRASE,data/fear-temperature/priority180/search/raw/openalex/001ff270c019b110925dff02355af60b2732fbb1b2e7cc2f26622c0a26bc4809.json,e3b0c44298fc1c149afbf4c8996fb92427ae41e4649b934ca495991b7852b855,NOT_RUN_OPENALEX_DAILY_BUDGET_EXHAUSTED: shared provider response retained; no count fabricated.,FT-SEED-R1B-P-2015-07,2015,risks and impacts
OPENALEX,OPENALEX_WORK_COUNT,risks and impacts,"""risks and impacts""",STRICT_ANCHOR,2015,2015,FAILED_PROVIDER_OR_REQUEST,,,2026-08-26,2026-08-26T06:32:35Z,https://api.openalex.org/works,https://api.openalex.org/works?search.exact=%22risks+and+impacts%22&per-page=1&select=id&filter=from_publication_date%3A2015-01-01%2Cto_publication_date%3A2015-12-31,EXACT_PHRASE,data/fear-temperature/priority180/search/raw/openalex/001ff270c019b110925dff02355af60b2732fbb1b2e7cc2f26622c0a26bc4809.json,e3b0c44298fc1c149afbf4c8996fb92427ae41e4649b934ca495991b7852b855,NOT_RUN_OPENALEX_DAILY_BUDGET_EXHAUSTED: shared provider response retained; no count fabricated.,FT-SEED-R1B-P-2015-07,2015,risks and impacts
OPENALEX,OPENALEX_WORK_COUNT,risks and impacts,"""risks and impacts""",CONTEXTUAL_ANCHOR,2014,2016,FAILED_PROVIDER_OR_REQUEST,,,2026-08-26,2026-08-26T06:32:35Z,https://api.openalex.org/works,https://api.openalex.org/works?search.exact=%22risks+and+impacts%22&per-page=1&select=id&filter=from_publication_date%3A2014-01-01%2Cto_publication_date%3A2016-12-31,EXACT_PHRASE,data/fear-temperature/priority180/search/raw/openalex/001ff270c019b110925dff02355af60b2732fbb1b2e7cc2f26622c0a26bc4809.json,e3b0c44298fc1c149afbf4c8996fb92427ae41e4649b934ca495991b7852b855,NOT_RUN_OPENALEX_DAILY_BUDGET_EXHAUSTED: shared provider response retained; no count fabricated.,FT-SEED-R1B-P-2015-07,2015,risks and impacts
GOOGLE_BOOKS_API,GOOGLE_BOOKS_TOTAL_ITEMS,risks and impacts,"""risks and impacts""",ALL_AVAILABLE,,,NOT_RUN_PROVIDER_QUOTA,,,2026-08-26,2026-08-26T06:34:48Z,https://www.googleapis.com/books/v1/volumes,https://www.googleapis.com/books/v1/volumes?q=%22risks+and+impacts%22&langRestrict=en&maxResults=1&printType=books,EXACT_PHRASE,data/fear-temperature/priority180/search/raw/google_books/provider_quota_probe.json,e3b0c44298fc1c149afbf4c8996fb92427ae41e4649b934ca495991b7852b855,Provider runtime probe returned project quota 0; no candidate count was fabricated. Internet Archive is the completed primary bounded source.,FT-SEED-R1B-P-2015-07,2015,risks and impacts
INTERNET_ARCHIVE,INTERNET_ARCHIVE_METADATA_TEXT_ITEM_COUNT,adverse impacts,"""adverse impacts"" AND mediatype:texts",ALL_AVAILABLE,,,COMPLETED_NONZERO,442,442,2026-08-26,2026-08-26T06:18:47Z,https://archive.org/advancedsearch.php,https://archive.org/advancedsearch.php?q=%22adverse+impacts%22+AND+mediatype%3Atexts&fl%5B%5D=identifier&rows=0&page=1&output=json,EXACT_PHRASE,data/fear-temperature/priority180/search/raw/internet_archive/e307f38e760f44d3dbb76fb383e35aa00906292de54c367bdf00ac808d27016d.json,7f50fc05c077cc0dd668038c5f4449beb9c1d7a45b718f648227c35e96addd17,Metadata text-item count; not a full-text lexical frequency.,FT-SEED-R1B-P-2015-08,2015,adverse impacts
INTERNET_ARCHIVE,INTERNET_ARCHIVE_METADATA_TEXT_ITEM_COUNT,adverse impacts,"""adverse impacts"" AND mediatype:texts AND date:[2015-01-01 TO 2015-12-31]",STRICT_ANCHOR,2015,2015,COMPLETED_NONZERO,4,4,2026-08-26,2026-08-26T06:18:48Z,https://archive.org/advancedsearch.php,https://archive.org/advancedsearch.php?q=%22adverse+impacts%22+AND+mediatype%3Atexts+AND+date%3A%5B2015-01-01+TO+2015-12-31%5D&fl%5B%5D=identifier&rows=0&page=1&output=json,EXACT_PHRASE,data/fear-temperature/priority180/search/raw/internet_archive/3a8b643befc1759e703040a57519dee3958852811176340650897d82666c4748.json,3ed70a283e77e737edd7e965bbf004f1082d66746586fb4f6f81a33371234c49,Metadata text-item count; not a full-text lexical frequency.,FT-SEED-R1B-P-2015-08,2015,adverse impacts
INTERNET_ARCHIVE,INTERNET_ARCHIVE_METADATA_TEXT_ITEM_COUNT,adverse impacts,"""adverse impacts"" AND mediatype:texts AND date:[2014-01-01 TO 2016-12-31]",CONTEXTUAL_ANCHOR,2014,2016,COMPLETED_NONZERO,25,25,2026-08-26,2026-08-26T06:18:49Z,https://archive.org/advancedsearch.php,https://archive.org/advancedsearch.php?q=%22adverse+impacts%22+AND+mediatype%3Atexts+AND+date%3A%5B2014-01-01+TO+2016-12-31%5D&fl%5B%5D=identifier&rows=0&page=1&output=json,EXACT_PHRASE,data/fear-temperature/priority180/search/raw/internet_archive/62842ede45bc961679178e1523f71372044367f1e1eefa205f36e35e6e273b39.json,206e5b7e961983c773fc77fe91c54380dfd97e71d68f5b9f46e9e2d4053d7959,Metadata text-item count; not a full-text lexical frequency.,FT-SEED-R1B-P-2015-08,2015,adverse impacts
OPENALEX,OPENALEX_WORK_COUNT,adverse impacts,"""adverse impacts""",ALL_AVAILABLE,,,COMPLETED_NONZERO,115739,115739,2026-08-26,2026-08-26T06:27:32Z,https://api.openalex.org/works,https://api.openalex.org/works?search.exact=%22adverse+impacts%22&per-page=1&select=id,EXACT_PHRASE,data/fear-temperature/priority180/search/raw/openalex/73e62eb198555c343e7b08a88b308cda63182b5501a8356c12dd2dd7d70f51ce.json,3ea8fae4c204bb96edac89f0ecaef077116857bb32dcc67947d2d374a7fe4ad8,Scholarly work discoverability count over OpenAlex search fields; not a corpus word frequency.,FT-SEED-R1B-P-2015-08,2015,adverse impacts
OPENALEX,OPENALEX_WORK_COUNT,adverse impacts,"""adverse impacts""",STRICT_ANCHOR,2015,2015,COMPLETED_NONZERO,3036,3036,2026-08-26,2026-08-26T06:27:33Z,https://api.openalex.org/works,https://api.openalex.org/works?search.exact=%22adverse+impacts%22&per-page=1&select=id&filter=from_publication_date%3A2015-01-01%2Cto_publication_date%3A2015-12-31,EXACT_PHRASE,data/fear-temperature/priority180/search/raw/openalex/30b501780f79a1b2bd84735119b4165c45fa4b29ce68811ab6b8c1b06f39a52f.json,641a8586ca5b89f2b783a4f45781eb7af6705a0e451d8e132c6c9b53bcbc4b3c,Scholarly work discoverability count over OpenAlex search fields; not a corpus word frequency.,FT-SEED-R1B-P-2015-08,2015,adverse impacts
OPENALEX,OPENALEX_WORK_COUNT,adverse impacts,"""adverse impacts""",CONTEXTUAL_ANCHOR,2014,2016,COMPLETED_NONZERO,9117,9117,2026-08-26,2026-08-26T06:27:33Z,https://api.openalex.org/works,https://api.openalex.org/works?search.exact=%22adverse+impacts%22&per-page=1&select=id&filter=from_publication_date%3A2014-01-01%2Cto_publication_date%3A2016-12-31,EXACT_PHRASE,data/fear-temperature/priority180/search/raw/openalex/0ff81c7b9a2da6ae98f5e62b589602b37c3d58e7674873aa69a0c5192749a88d.json,ebc1c967269db9ab962ac47b71389cbf5c25dd36ab8993ceb69846877801a9ea,Scholarly work discoverability count over OpenAlex search fields; not a corpus word frequency.,FT-SEED-R1B-P-2015-08,2015,adverse impacts
GOOGLE_BOOKS_API,GOOGLE_BOOKS_TOTAL_ITEMS,adverse impacts,"""adverse impacts""",ALL_AVAILABLE,,,NOT_RUN_PROVIDER_QUOTA,,,2026-08-26,2026-08-26T06:34:48Z,https://www.googleapis.com/books/v1/volumes,https://www.googleapis.com/books/v1/volumes?q=%22adverse+impacts%22&langRestrict=en&maxResults=1&printType=books,EXACT_PHRASE,data/fear-temperature/priority180/search/raw/google_books/provider_quota_probe.json,e3b0c44298fc1c149afbf4c8996fb92427ae41e4649b934ca495991b7852b855,Provider runtime probe returned project quota 0; no candidate count was fabricated. Internet Archive is the completed primary bounded source.,FT-SEED-R1B-P-2015-08,2015,adverse impacts
INTERNET_ARCHIVE,INTERNET_ARCHIVE_METADATA_TEXT_ITEM_COUNT,adverse effects of climate change,"""adverse effects of climate change"" AND mediatype:texts",ALL_AVAILABLE,,,COMPLETED_NONZERO,41,41,2026-08-26,2026-08-26T06:18:44Z,https://archive.org/advancedsearch.php,https://archive.org/advancedsearch.php?q=%22adverse+effects+of+climate+change%22+AND+mediatype%3Atexts&fl%5B%5D=identifier&rows=0&page=1&output=json,EXACT_PHRASE,data/fear-temperature/priority180/search/raw/internet_archive/cdda07446b7b8cd5523315e29c736f216699085c529c8b8f29a3c4552e8a2d5c.json,4ec1f118049e3638477aae1da55b32fd63f8dd8ddc7aa6b749b4bb73a1ca8061,Metadata text-item count; not a full-text lexical frequency.,FT-SEED-R1B-P-2015-09,2015,adverse effects of climate change
INTERNET_ARCHIVE,INTERNET_ARCHIVE_METADATA_TEXT_ITEM_COUNT,adverse effects of climate change,"""adverse effects of climate change"" AND mediatype:texts AND date:[2015-01-01 TO 2015-12-31]",STRICT_ANCHOR,2015,2015,COMPLETED_NONZERO,1,1,2026-08-26,2026-08-26T06:18:45Z,https://archive.org/advancedsearch.php,https://archive.org/advancedsearch.php?q=%22adverse+effects+of+climate+change%22+AND+mediatype%3Atexts+AND+date%3A%5B2015-01-01+TO+2015-12-31%5D&fl%5B%5D=identifier&rows=0&page=1&output=json,EXACT_PHRASE,data/fear-temperature/priority180/search/raw/internet_archive/0d0d9c276ba9d3c2e14ca6199875e5938450b7d6c8b5964e0e459c151a5e64d7.json,01d0b765eac215702754689a30bbb2ffcb36729ea3558da6190c9325ae63f4fc,Metadata text-item count; not a full-text lexical frequency.,FT-SEED-R1B-P-2015-09,2015,adverse effects of climate change
INTERNET_ARCHIVE,INTERNET_ARCHIVE_METADATA_TEXT_ITEM_COUNT,adverse effects of climate change,"""adverse effects of climate change"" AND mediatype:texts AND date:[2014-01-01 TO 2016-12-31]",CONTEXTUAL_ANCHOR,2014,2016,COMPLETED_NONZERO,1,1,2026-08-26,2026-08-26T06:18:46Z,https://archive.org/advancedsearch.php,https://archive.org/advancedsearch.php?q=%22adverse+effects+of+climate+change%22+AND+mediatype%3Atexts+AND+date%3A%5B2014-01-01+TO+2016-12-31%5D&fl%5B%5D=identifier&rows=0&page=1&output=json,EXACT_PHRASE,data/fear-temperature/priority180/search/raw/internet_archive/1f5273c5c38faa236c271f55617e9a4e88de44be4b63a88094a2c69f83982705.json,c5defef77fcdb6de798486104da6efb6764877139aea47afce69658b6b567bed,Metadata text-item count; not a full-text lexical frequency.,FT-SEED-R1B-P-2015-09,2015,adverse effects of climate change
OPENALEX,OPENALEX_WORK_COUNT,adverse effects of climate change,"""adverse effects of climate change""",ALL_AVAILABLE,,,COMPLETED_NONZERO,12883,12883,2026-08-26,2026-08-26T06:27:30Z,https://api.openalex.org/works,https://api.openalex.org/works?search.exact=%22adverse+effects+of+climate+change%22&per-page=1&select=id,EXACT_PHRASE,data/fear-temperature/priority180/search/raw/openalex/b8ceb65f4bac74a2e891943e2935be5623bd7747116b131f602a77dd42eadd40.json,3d48789f0bd3a783da1037fb274dbcb886e43ab81794dda33cca06c753701f4a,Scholarly work discoverability count over OpenAlex search fields; not a corpus word frequency.,FT-SEED-R1B-P-2015-09,2015,adverse effects of climate change
OPENALEX,OPENALEX_WORK_COUNT,adverse effects of climate change,"""adverse effects of climate change""",STRICT_ANCHOR,2015,2015,COMPLETED_NONZERO,296,296,2026-08-26,2026-08-26T06:27:31Z,https://api.openalex.org/works,https://api.openalex.org/works?search.exact=%22adverse+effects+of+climate+change%22&per-page=1&select=id&filter=from_publication_date%3A2015-01-01%2Cto_publication_date%3A2015-12-31,EXACT_PHRASE,data/fear-temperature/priority180/search/raw/openalex/cb1f3c9e6c8559e636b66255e4e79163e8ca1b38623cce202575244fcad1d5e5.json,a88e8b564ffd67ec901888b76b3d8e0e8c96f1e352592430967ede95734294ea,Scholarly work discoverability count over OpenAlex search fields; not a corpus word frequency.,FT-SEED-R1B-P-2015-09,2015,adverse effects of climate change
OPENALEX,OPENALEX_WORK_COUNT,adverse effects of climate change,"""adverse effects of climate change""",CONTEXTUAL_ANCHOR,2014,2016,COMPLETED_NONZERO,924,924,2026-08-26,2026-08-26T06:27:31Z,https://api.openalex.org/works,https://api.openalex.org/works?search.exact=%22adverse+effects+of+climate+change%22&per-page=1&select=id&filter=from_publication_date%3A2014-01-01%2Cto_publication_date%3A2016-12-31,EXACT_PHRASE,data/fear-temperature/priority180/search/raw/openalex/09fa40cb76c2175ef8c89076ba99082b29621b079e3595dd5e40bde5bc2948a6.json,cc664b5e7f713334b3ae70abd6662e3e8aeb4ed3fca84fefbccb9cc907183ad7,Scholarly work discoverability count over OpenAlex search fields; not a corpus word frequency.,FT-SEED-R1B-P-2015-09,2015,adverse effects of climate change
GOOGLE_BOOKS_API,GOOGLE_BOOKS_TOTAL_ITEMS,adverse effects of climate change,"""adverse effects of climate change""",ALL_AVAILABLE,,,NOT_RUN_PROVIDER_QUOTA,,,2026-08-26,2026-08-26T06:34:48Z,https://www.googleapis.com/books/v1/volumes,https://www.googleapis.com/books/v1/volumes?q=%22adverse+effects+of+climate+change%22&langRestrict=en&maxResults=1&printType=books,EXACT_PHRASE,data/fear-temperature/priority180/search/raw/google_books/provider_quota_probe.json,e3b0c44298fc1c149afbf4c8996fb92427ae41e4649b934ca495991b7852b855,Provider runtime probe returned project quota 0; no candidate count was fabricated. Internet Archive is the completed primary bounded source.,FT-SEED-R1B-P-2015-09,2015,adverse effects of climate change
INTERNET_ARCHIVE,INTERNET_ARCHIVE_METADATA_TEXT_ITEM_COUNT,greenhouse gas emissions,"""greenhouse gas emissions"" AND mediatype:texts",ALL_AVAILABLE,,,COMPLETED_NONZERO,1078,1078,2026-08-26,2026-08-26T06:22:21Z,https://archive.org/advancedsearch.php,https://archive.org/advancedsearch.php?q=%22greenhouse+gas+emissions%22+AND+mediatype%3Atexts&fl%5B%5D=identifier&rows=0&page=1&output=json,EXACT_PHRASE,data/fear-temperature/priority180/search/raw/internet_archive/b58f007c15cb29e867b78b7415a36434bef9a1d595bf75e9403631ac8764f714.json,69d3d654ccc447af6caf9803bd42c7bb14365fc8c42363ad2de451b836007df6,Metadata text-item count; not a full-text lexical frequency.,FT-SEED-R1B-P-2015-10,2015,greenhouse gas emissions
INTERNET_ARCHIVE,INTERNET_ARCHIVE_METADATA_TEXT_ITEM_COUNT,greenhouse gas emissions,"""greenhouse gas emissions"" AND mediatype:texts AND date:[2015-01-01 TO 2015-12-31]",STRICT_ANCHOR,2015,2015,COMPLETED_NONZERO,22,22,2026-08-26,2026-08-26T06:22:22Z,https://archive.org/advancedsearch.php,https://archive.org/advancedsearch.php?q=%22greenhouse+gas+emissions%22+AND+mediatype%3Atexts+AND+date%3A%5B2015-01-01+TO+2015-12-31%5D&fl%5B%5D=identifier&rows=0&page=1&output=json,EXACT_PHRASE,data/fear-temperature/priority180/search/raw/internet_archive/b3aa01ad6b00ece7116daffd7bfc1d9df590ecfaaa5eb42bc2eff86db38d2527.json,274874093965f87a49173ee1eb3954247be376afa9d2815239bfee09c70af108,Metadata text-item count; not a full-text lexical frequency.,FT-SEED-R1B-P-2015-10,2015,greenhouse gas emissions
INTERNET_ARCHIVE,INTERNET_ARCHIVE_METADATA_TEXT_ITEM_COUNT,greenhouse gas emissions,"""greenhouse gas emissions"" AND mediatype:texts AND date:[2014-01-01 TO 2016-12-31]",CONTEXTUAL_ANCHOR,2014,2016,COMPLETED_NONZERO,102,102,2026-08-26,2026-08-26T06:22:23Z,https://archive.org/advancedsearch.php,https://archive.org/advancedsearch.php?q=%22greenhouse+gas+emissions%22+AND+mediatype%3Atexts+AND+date%3A%5B2014-01-01+TO+2016-12-31%5D&fl%5B%5D=identifier&rows=0&page=1&output=json,EXACT_PHRASE,data/fear-temperature/priority180/search/raw/internet_archive/08509f209467599d74601af3b9578a423e43f822b1b7cc65c4055018b2f79b30.json,bd9915758122608cefb9a024f51cddd699bb3dd9037d05bb1632715fc8d6437b,Metadata text-item count; not a full-text lexical frequency.,FT-SEED-R1B-P-2015-10,2015,greenhouse gas emissions
OPENALEX,OPENALEX_WORK_COUNT,greenhouse gas emissions,"""greenhouse gas emissions""",ALL_AVAILABLE,,,FAILED_PROVIDER_OR_REQUEST,,,2026-08-26,2026-08-26T06:32:35Z,https://api.openalex.org/works,https://api.openalex.org/works?search.exact=%22greenhouse+gas+emissions%22&per-page=1&select=id,EXACT_PHRASE,data/fear-temperature/priority180/search/raw/openalex/001ff270c019b110925dff02355af60b2732fbb1b2e7cc2f26622c0a26bc4809.json,e3b0c44298fc1c149afbf4c8996fb92427ae41e4649b934ca495991b7852b855,NOT_RUN_OPENALEX_DAILY_BUDGET_EXHAUSTED: shared provider response retained; no count fabricated.,FT-SEED-R1B-P-2015-10,2015,greenhouse gas emissions
OPENALEX,OPENALEX_WORK_COUNT,greenhouse gas emissions,"""greenhouse gas emissions""",STRICT_ANCHOR,2015,2015,FAILED_PROVIDER_OR_REQUEST,,,2026-08-26,2026-08-26T06:32:35Z,https://api.openalex.org/works,https://api.openalex.org/works?search.exact=%22greenhouse+gas+emissions%22&per-page=1&select=id&filter=from_publication_date%3A2015-01-01%2Cto_publication_date%3A2015-12-31,EXACT_PHRASE,data/fear-temperature/priority180/search/raw/openalex/001ff270c019b110925dff02355af60b2732fbb1b2e7cc2f26622c0a26bc4809.json,e3b0c44298fc1c149afbf4c8996fb92427ae41e4649b934ca495991b7852b855,NOT_RUN_OPENALEX_DAILY_BUDGET_EXHAUSTED: shared provider response retained; no count fabricated.,FT-SEED-R1B-P-2015-10,2015,greenhouse gas emissions
OPENALEX,OPENALEX_WORK_COUNT,greenhouse gas emissions,"""greenhouse gas emissions""",CONTEXTUAL_ANCHOR,2014,2016,FAILED_PROVIDER_OR_REQUEST,,,2026-08-26,2026-08-26T06:32:35Z,https://api.openalex.org/works,https://api.openalex.org/works?search.exact=%22greenhouse+gas+emissions%22&per-page=1&select=id&filter=from_publication_date%3A2014-01-01%2Cto_publication_date%3A2016-12-31,EXACT_PHRASE,data/fear-temperature/priority180/search/raw/openalex/001ff270c019b110925dff02355af60b2732fbb1b2e7cc2f26622c0a26bc4809.json,e3b0c44298fc1c149afbf4c8996fb92427ae41e4649b934ca495991b7852b855,NOT_RUN_OPENALEX_DAILY_BUDGET_EXHAUSTED: shared provider response retained; no count fabricated.,FT-SEED-R1B-P-2015-10,2015,greenhouse gas emissions
GOOGLE_BOOKS_API,GOOGLE_BOOKS_TOTAL_ITEMS,greenhouse gas emissions,"""greenhouse gas emissions""",ALL_AVAILABLE,,,NOT_RUN_PROVIDER_QUOTA,,,2026-08-26,2026-08-26T06:34:48Z,https://www.googleapis.com/books/v1/volumes,https://www.googleapis.com/books/v1/volumes?q=%22greenhouse+gas+emissions%22&langRestrict=en&maxResults=1&printType=books,EXACT_PHRASE,data/fear-temperature/priority180/search/raw/google_books/provider_quota_probe.json,e3b0c44298fc1c149afbf4c8996fb92427ae41e4649b934ca495991b7852b855,Provider runtime probe returned project quota 0; no candidate count was fabricated. Internet Archive is the completed primary bounded source.,FT-SEED-R1B-P-2015-10,2015,greenhouse gas emissions
INTERNET_ARCHIVE,INTERNET_ARCHIVE_METADATA_TEXT_ITEM_COUNT,climate resilience,"""climate resilience"" AND mediatype:texts",ALL_AVAILABLE,,,COMPLETED_NONZERO,196,196,2026-08-26,2026-08-26T06:20:03Z,https://archive.org/advancedsearch.php,https://archive.org/advancedsearch.php?q=%22climate+resilience%22+AND+mediatype%3Atexts&fl%5B%5D=identifier&rows=0&page=1&output=json,EXACT_PHRASE,data/fear-temperature/priority180/search/raw/internet_archive/ef97a3bc08516f4f5ff4871c6c0ae6c733c47d187f721f762dfcae6051d29183.json,f69f4a67fad5fe4a870d48d8cbdfd1ddd96c810ddbfb9c09bf5bde415f19f379,Metadata text-item count; not a full-text lexical frequency.,FT-SEED-R1B-P-2015-11,2015,climate resilience
INTERNET_ARCHIVE,INTERNET_ARCHIVE_METADATA_TEXT_ITEM_COUNT,climate resilience,"""climate resilience"" AND mediatype:texts AND date:[2015-01-01 TO 2015-12-31]",STRICT_ANCHOR,2015,2015,COMPLETED_NONZERO,4,4,2026-08-26,2026-08-26T06:20:04Z,https://archive.org/advancedsearch.php,https://archive.org/advancedsearch.php?q=%22climate+resilience%22+AND+mediatype%3Atexts+AND+date%3A%5B2015-01-01+TO+2015-12-31%5D&fl%5B%5D=identifier&rows=0&page=1&output=json,EXACT_PHRASE,data/fear-temperature/priority180/search/raw/internet_archive/721ae1585d0a86f26ecc43e6850cce226227986c29525cab5f95215138681b19.json,3b884ee9f356db0d9c258b760664f5cf79538e3ce485b5725be4bcd7a718d705,Metadata text-item count; not a full-text lexical frequency.,FT-SEED-R1B-P-2015-11,2015,climate resilience
INTERNET_ARCHIVE,INTERNET_ARCHIVE_METADATA_TEXT_ITEM_COUNT,climate resilience,"""climate resilience"" AND mediatype:texts AND date:[2014-01-01 TO 2016-12-31]",CONTEXTUAL_ANCHOR,2014,2016,COMPLETED_NONZERO,7,7,2026-08-26,2026-08-26T06:20:05Z,https://archive.org/advancedsearch.php,https://archive.org/advancedsearch.php?q=%22climate+resilience%22+AND+mediatype%3Atexts+AND+date%3A%5B2014-01-01+TO+2016-12-31%5D&fl%5B%5D=identifier&rows=0&page=1&output=json,EXACT_PHRASE,data/fear-temperature/priority180/search/raw/internet_archive/cacdc969614edac68c18f6aec79658ba5021bbc702a9d30a58a8757d53bb789b.json,5a66e0bc9edd0353548dde4ae47b0590e20f3dc7c94788b863a4ae6bc77d0abd,Metadata text-item count; not a full-text lexical frequency.,FT-SEED-R1B-P-2015-11,2015,climate resilience
OPENALEX,OPENALEX_WORK_COUNT,climate resilience,"""climate resilience""",ALL_AVAILABLE,,,COMPLETED_NONZERO,71130,71130,2026-08-26,2026-08-26T06:28:29Z,https://api.openalex.org/works,https://api.openalex.org/works?search.exact=%22climate+resilience%22&per-page=1&select=id,EXACT_PHRASE,data/fear-temperature/priority180/search/raw/openalex/60e8271ac4d66fe5992606012d388c3ff2d8a3045fabb414f8821ebc60b2b600.json,172b960778426236ff58b4c2b4e785dd1aa9db58bc590ef4505eea91b0c921ea,Scholarly work discoverability count over OpenAlex search fields; not a corpus word frequency.,FT-SEED-R1B-P-2015-11,2015,climate resilience
OPENALEX,OPENALEX_WORK_COUNT,climate resilience,"""climate resilience""",STRICT_ANCHOR,2015,2015,COMPLETED_NONZERO,499,499,2026-08-26,2026-08-26T06:28:30Z,https://api.openalex.org/works,https://api.openalex.org/works?search.exact=%22climate+resilience%22&per-page=1&select=id&filter=from_publication_date%3A2015-01-01%2Cto_publication_date%3A2015-12-31,EXACT_PHRASE,data/fear-temperature/priority180/search/raw/openalex/2610f1ce8d00405fe0d0fccb7bd6949bf12a9bae706621f0994f1378eedb1ac4.json,0f9d45723478c5db5fca7fb5a5a680071b67d88548bb523c0fb765d9fbf50d75,Scholarly work discoverability count over OpenAlex search fields; not a corpus word frequency.,FT-SEED-R1B-P-2015-11,2015,climate resilience
OPENALEX,OPENALEX_WORK_COUNT,climate resilience,"""climate resilience""",CONTEXTUAL_ANCHOR,2014,2016,COMPLETED_NONZERO,1566,1566,2026-08-26,2026-08-26T06:28:30Z,https://api.openalex.org/works,https://api.openalex.org/works?search.exact=%22climate+resilience%22&per-page=1&select=id&filter=from_publication_date%3A2014-01-01%2Cto_publication_date%3A2016-12-31,EXACT_PHRASE,data/fear-temperature/priority180/search/raw/openalex/5b2d1b86dd6474149987fc53a73a20d6fc4f204b3b9c9168e9bc7ce0e3d836d6.json,87c9415fe400757eb7d2c206bffa01f5fcba4fc166f3e79d0361aa5ef435c9cc,Scholarly work discoverability count over OpenAlex search fields; not a corpus word frequency.,FT-SEED-R1B-P-2015-11,2015,climate resilience
GOOGLE_BOOKS_API,GOOGLE_BOOKS_TOTAL_ITEMS,climate resilience,"""climate resilience""",ALL_AVAILABLE,,,NOT_RUN_PROVIDER_QUOTA,,,2026-08-26,2026-08-26T06:34:48Z,https://www.googleapis.com/books/v1/volumes,https://www.googleapis.com/books/v1/volumes?q=%22climate+resilience%22&langRestrict=en&maxResults=1&printType=books,EXACT_PHRASE,data/fear-temperature/priority180/search/raw/google_books/provider_quota_probe.json,e3b0c44298fc1c149afbf4c8996fb92427ae41e4649b934ca495991b7852b855,Provider runtime probe returned project quota 0; no candidate count was fabricated. Internet Archive is the completed primary bounded source.,FT-SEED-R1B-P-2015-11,2015,climate resilience
INTERNET_ARCHIVE,INTERNET_ARCHIVE_METADATA_TEXT_ITEM_COUNT,vulnerability,"""vulnerability"" AND mediatype:texts",ALL_AVAILABLE,,,COMPLETED_NONZERO,13888,13888,2026-08-26,2026-08-26T06:26:36Z,https://archive.org/advancedsearch.php,https://archive.org/advancedsearch.php?q=%22vulnerability%22+AND+mediatype%3Atexts&fl%5B%5D=identifier&rows=0&page=1&output=json,EXACT_PHRASE,data/fear-temperature/priority180/search/raw/internet_archive/a404392fd1e49bb5b2e7505967450c9748747afd2fdb0ea46c5f8c98b1278c4d.json,62d642d605e32f3db05abb6471dd61cc9bdd3ca93051a5ec4a215d11b60f3ccb,Metadata text-item count; not a full-text lexical frequency.,FT-SEED-R1B-P-2015-12,2015,vulnerability
INTERNET_ARCHIVE,INTERNET_ARCHIVE_METADATA_TEXT_ITEM_COUNT,vulnerability,"""vulnerability"" AND mediatype:texts AND date:[2015-01-01 TO 2015-12-31]",STRICT_ANCHOR,2015,2015,COMPLETED_NONZERO,333,333,2026-08-26,2026-08-26T06:26:37Z,https://archive.org/advancedsearch.php,https://archive.org/advancedsearch.php?q=%22vulnerability%22+AND+mediatype%3Atexts+AND+date%3A%5B2015-01-01+TO+2015-12-31%5D&fl%5B%5D=identifier&rows=0&page=1&output=json,EXACT_PHRASE,data/fear-temperature/priority180/search/raw/internet_archive/337f11d218c3a486ae724b294009a21864a34a760e0ca20ac900b5dbee4a19ed.json,c92a958658773fbdbba612dfd116b8d3fa42260acee238f20a611fba8248ff71,Metadata text-item count; not a full-text lexical frequency.,FT-SEED-R1B-P-2015-12,2015,vulnerability
INTERNET_ARCHIVE,INTERNET_ARCHIVE_METADATA_TEXT_ITEM_COUNT,vulnerability,"""vulnerability"" AND mediatype:texts AND date:[2014-01-01 TO 2016-12-31]",CONTEXTUAL_ANCHOR,2014,2016,COMPLETED_NONZERO,1289,1289,2026-08-26,2026-08-26T06:26:38Z,https://archive.org/advancedsearch.php,https://archive.org/advancedsearch.php?q=%22vulnerability%22+AND+mediatype%3Atexts+AND+date%3A%5B2014-01-01+TO+2016-12-31%5D&fl%5B%5D=identifier&rows=0&page=1&output=json,EXACT_PHRASE,data/fear-temperature/priority180/search/raw/internet_archive/16415fa1e7036d57ec2e29526e155041d154806ee5c28ae38d53c21ddf1847b3.json,2282605ecbb70665255b65dca977b9ef6d5e90acac16194f8524e1e522a440ac,Metadata text-item count; not a full-text lexical frequency.,FT-SEED-R1B-P-2015-12,2015,vulnerability
OPENALEX,OPENALEX_WORK_COUNT,vulnerability,"""vulnerability""",ALL_AVAILABLE,,,FAILED_PROVIDER_OR_REQUEST,,,2026-08-26,2026-08-26T06:32:35Z,https://api.openalex.org/works,https://api.openalex.org/works?search.exact=%22vulnerability%22&per-page=1&select=id,EXACT_PHRASE,data/fear-temperature/priority180/search/raw/openalex/001ff270c019b110925dff02355af60b2732fbb1b2e7cc2f26622c0a26bc4809.json,e3b0c44298fc1c149afbf4c8996fb92427ae41e4649b934ca495991b7852b855,NOT_RUN_OPENALEX_DAILY_BUDGET_EXHAUSTED: shared provider response retained; no count fabricated.,FT-SEED-R1B-P-2015-12,2015,vulnerability
OPENALEX,OPENALEX_WORK_COUNT,vulnerability,"""vulnerability""",STRICT_ANCHOR,2015,2015,FAILED_PROVIDER_OR_REQUEST,,,2026-08-26,2026-08-26T06:32:35Z,https://api.openalex.org/works,https://api.openalex.org/works?search.exact=%22vulnerability%22&per-page=1&select=id&filter=from_publication_date%3A2015-01-01%2Cto_publication_date%3A2015-12-31,EXACT_PHRASE,data/fear-temperature/priority180/search/raw/openalex/001ff270c019b110925dff02355af60b2732fbb1b2e7cc2f26622c0a26bc4809.json,e3b0c44298fc1c149afbf4c8996fb92427ae41e4649b934ca495991b7852b855,NOT_RUN_OPENALEX_DAILY_BUDGET_EXHAUSTED: shared provider response retained; no count fabricated.,FT-SEED-R1B-P-2015-12,2015,vulnerability
OPENALEX,OPENALEX_WORK_COUNT,vulnerability,"""vulnerability""",CONTEXTUAL_ANCHOR,2014,2016,FAILED_PROVIDER_OR_REQUEST,,,2026-08-26,2026-08-26T06:32:35Z,https://api.openalex.org/works,https://api.openalex.org/works?search.exact=%22vulnerability%22&per-page=1&select=id&filter=from_publication_date%3A2014-01-01%2Cto_publication_date%3A2016-12-31,EXACT_PHRASE,data/fear-temperature/priority180/search/raw/openalex/001ff270c019b110925dff02355af60b2732fbb1b2e7cc2f26622c0a26bc4809.json,e3b0c44298fc1c149afbf4c8996fb92427ae41e4649b934ca495991b7852b855,NOT_RUN_OPENALEX_DAILY_BUDGET_EXHAUSTED: shared provider response retained; no count fabricated.,FT-SEED-R1B-P-2015-12,2015,vulnerability
GOOGLE_BOOKS_API,GOOGLE_BOOKS_TOTAL_ITEMS,vulnerability,"""vulnerability""",ALL_AVAILABLE,,,NOT_RUN_PROVIDER_QUOTA,,,2026-08-26,2026-08-26T06:34:48Z,https://www.googleapis.com/books/v1/volumes,https://www.googleapis.com/books/v1/volumes?q=%22vulnerability%22&langRestrict=en&maxResults=1&printType=books,EXACT_PHRASE,data/fear-temperature/priority180/search/raw/google_books/provider_quota_probe.json,e3b0c44298fc1c149afbf4c8996fb92427ae41e4649b934ca495991b7852b855,Provider runtime probe returned project quota 0; no candidate count was fabricated. Internet Archive is the completed primary bounded source.,FT-SEED-R1B-P-2015-12,2015,vulnerability
INTERNET_ARCHIVE,INTERNET_ARCHIVE_METADATA_TEXT_ITEM_COUNT,vulnerable groups,"""vulnerable groups"" AND mediatype:texts",ALL_AVAILABLE,,,COMPLETED_NONZERO,359,359,2026-08-26,2026-08-26T06:26:39Z,https://archive.org/advancedsearch.php,https://archive.org/advancedsearch.php?q=%22vulnerable+groups%22+AND+mediatype%3Atexts&fl%5B%5D=identifier&rows=0&page=1&output=json,EXACT_PHRASE,data/fear-temperature/priority180/search/raw/internet_archive/b4e37c6305500e87088eedd5c59320399a51d4a98d3c244e6f98e665dee856ce.json,dfd24091b7df89dadb295b86be207c2914dce6058d892205f05d458e448ba465,Metadata text-item count; not a full-text lexical frequency.,FT-SEED-R1B-P-2015-13,2015,vulnerable groups
INTERNET_ARCHIVE,INTERNET_ARCHIVE_METADATA_TEXT_ITEM_COUNT,vulnerable groups,"""vulnerable groups"" AND mediatype:texts AND date:[2015-01-01 TO 2015-12-31]",STRICT_ANCHOR,2015,2015,COMPLETED_NONZERO,12,12,2026-08-26,2026-08-26T06:26:40Z,https://archive.org/advancedsearch.php,https://archive.org/advancedsearch.php?q=%22vulnerable+groups%22+AND+mediatype%3Atexts+AND+date%3A%5B2015-01-01+TO+2015-12-31%5D&fl%5B%5D=identifier&rows=0&page=1&output=json,EXACT_PHRASE,data/fear-temperature/priority180/search/raw/internet_archive/a363aa1cd2b03643c88f4516414f99b46eaf96904d417bdb3c1daaac4d335080.json,a7cd7aab97982983fa42c5a3f5f47766f6d4085706c0090f6ce4f3f506e462e5,Metadata text-item count; not a full-text lexical frequency.,FT-SEED-R1B-P-2015-13,2015,vulnerable groups
INTERNET_ARCHIVE,INTERNET_ARCHIVE_METADATA_TEXT_ITEM_COUNT,vulnerable groups,"""vulnerable groups"" AND mediatype:texts AND date:[2014-01-01 TO 2016-12-31]",CONTEXTUAL_ANCHOR,2014,2016,COMPLETED_NONZERO,49,49,2026-08-26,2026-08-26T06:26:41Z,https://archive.org/advancedsearch.php,https://archive.org/advancedsearch.php?q=%22vulnerable+groups%22+AND+mediatype%3Atexts+AND+date%3A%5B2014-01-01+TO+2016-12-31%5D&fl%5B%5D=identifier&rows=0&page=1&output=json,EXACT_PHRASE,data/fear-temperature/priority180/search/raw/internet_archive/462ad30e7523a5185e03203cfdf4d938d367055ec4b489235348633b11757ef3.json,57d2947db00ca1ecf8c3508d98bd5b7c4b30daf00bbb6bb30068aa37588c572d,Metadata text-item count; not a full-text lexical frequency.,FT-SEED-R1B-P-2015-13,2015,vulnerable groups
OPENALEX,OPENALEX_WORK_COUNT,vulnerable groups,"""vulnerable groups""",ALL_AVAILABLE,,,FAILED_PROVIDER_OR_REQUEST,,,2026-08-26,2026-08-26T06:32:35Z,https://api.openalex.org/works,https://api.openalex.org/works?search.exact=%22vulnerable+groups%22&per-page=1&select=id,EXACT_PHRASE,data/fear-temperature/priority180/search/raw/openalex/001ff270c019b110925dff02355af60b2732fbb1b2e7cc2f26622c0a26bc4809.json,e3b0c44298fc1c149afbf4c8996fb92427ae41e4649b934ca495991b7852b855,NOT_RUN_OPENALEX_DAILY_BUDGET_EXHAUSTED: shared provider response retained; no count fabricated.,FT-SEED-R1B-P-2015-13,2015,vulnerable groups
OPENALEX,OPENALEX_WORK_COUNT,vulnerable groups,"""vulnerable groups""",STRICT_ANCHOR,2015,2015,FAILED_PROVIDER_OR_REQUEST,,,2026-08-26,2026-08-26T06:32:35Z,https://api.openalex.org/works,https://api.openalex.org/works?search.exact=%22vulnerable+groups%22&per-page=1&select=id&filter=from_publication_date%3A2015-01-01%2Cto_publication_date%3A2015-12-31,EXACT_PHRASE,data/fear-temperature/priority180/search/raw/openalex/001ff270c019b110925dff02355af60b2732fbb1b2e7cc2f26622c0a26bc4809.json,e3b0c44298fc1c149afbf4c8996fb92427ae41e4649b934ca495991b7852b855,NOT_RUN_OPENALEX_DAILY_BUDGET_EXHAUSTED: shared provider response retained; no count fabricated.,FT-SEED-R1B-P-2015-13,2015,vulnerable groups
OPENALEX,OPENALEX_WORK_COUNT,vulnerable groups,"""vulnerable groups""",CONTEXTUAL_ANCHOR,2014,2016,FAILED_PROVIDER_OR_REQUEST,,,2026-08-26,2026-08-26T06:32:35Z,https://api.openalex.org/works,https://api.openalex.org/works?search.exact=%22vulnerable+groups%22&per-page=1&select=id&filter=from_publication_date%3A2014-01-01%2Cto_publication_date%3A2016-12-31,EXACT_PHRASE,data/fear-temperature/priority180/search/raw/openalex/001ff270c019b110925dff02355af60b2732fbb1b2e7cc2f26622c0a26bc4809.json,e3b0c44298fc1c149afbf4c8996fb92427ae41e4649b934ca495991b7852b855,NOT_RUN_OPENALEX_DAILY_BUDGET_EXHAUSTED: shared provider response retained; no count fabricated.,FT-SEED-R1B-P-2015-13,2015,vulnerable groups
GOOGLE_BOOKS_API,GOOGLE_BOOKS_TOTAL_ITEMS,vulnerable groups,"""vulnerable groups""",ALL_AVAILABLE,,,NOT_RUN_PROVIDER_QUOTA,,,2026-08-26,2026-08-26T06:34:48Z,https://www.googleapis.com/books/v1/volumes,https://www.googleapis.com/books/v1/volumes?q=%22vulnerable+groups%22&langRestrict=en&maxResults=1&printType=books,EXACT_PHRASE,data/fear-temperature/priority180/search/raw/google_books/provider_quota_probe.json,e3b0c44298fc1c149afbf4c8996fb92427ae41e4649b934ca495991b7852b855,Provider runtime probe returned project quota 0; no candidate count was fabricated. Internet Archive is the completed primary bounded source.,FT-SEED-R1B-P-2015-13,2015,vulnerable groups
INTERNET_ARCHIVE,INTERNET_ARCHIVE_METADATA_TEXT_ITEM_COUNT,loss and damage,"""loss and damage"" AND mediatype:texts",ALL_AVAILABLE,,,COMPLETED_NONZERO,86,86,2026-08-26,2026-08-26T06:23:37Z,https://archive.org/advancedsearch.php,https://archive.org/advancedsearch.php?q=%22loss+and+damage%22+AND+mediatype%3Atexts&fl%5B%5D=identifier&rows=0&page=1&output=json,EXACT_PHRASE,data/fear-temperature/priority180/search/raw/internet_archive/673f4c057461f6f1e41088a906bb4e6205bccca5bf466f300508b1ada4fa41b2.json,c831dca1de87ff1adc5539676cec4790cde33c2ea21a00b8331b81e2e3662e47,Metadata text-item count; not a full-text lexical frequency.,FT-SEED-R1B-P-2015-14,2015,loss and damage
INTERNET_ARCHIVE,INTERNET_ARCHIVE_METADATA_TEXT_ITEM_COUNT,loss and damage,"""loss and damage"" AND mediatype:texts AND date:[2015-01-01 TO 2015-12-31]",STRICT_ANCHOR,2015,2015,COMPLETED_NONZERO,4,4,2026-08-26,2026-08-26T06:23:38Z,https://archive.org/advancedsearch.php,https://archive.org/advancedsearch.php?q=%22loss+and+damage%22+AND+mediatype%3Atexts+AND+date%3A%5B2015-01-01+TO+2015-12-31%5D&fl%5B%5D=identifier&rows=0&page=1&output=json,EXACT_PHRASE,data/fear-temperature/priority180/search/raw/internet_archive/c4be75f2cbff5b80a9af72a7a4d2c28b8aff16b676a2df5062e48e84529934ed.json,3b6782abf104124bb0e0e562e3f5bc43c13aaef933aadcf49d8e35835c48bf82,Metadata text-item count; not a full-text lexical frequency.,FT-SEED-R1B-P-2015-14,2015,loss and damage
INTERNET_ARCHIVE,INTERNET_ARCHIVE_METADATA_TEXT_ITEM_COUNT,loss and damage,"""loss and damage"" AND mediatype:texts AND date:[2014-01-01 TO 2016-12-31]",CONTEXTUAL_ANCHOR,2014,2016,COMPLETED_NONZERO,4,4,2026-08-26,2026-08-26T06:23:39Z,https://archive.org/advancedsearch.php,https://archive.org/advancedsearch.php?q=%22loss+and+damage%22+AND+mediatype%3Atexts+AND+date%3A%5B2014-01-01+TO+2016-12-31%5D&fl%5B%5D=identifier&rows=0&page=1&output=json,EXACT_PHRASE,data/fear-temperature/priority180/search/raw/internet_archive/c230d04b9d1f675a1456469d75d72f1c6295e829093685869e43f964dacb2f33.json,4440e345d470059a61eb5fd2c2e9c62dcab8d2667c0531842bbbc69cbe5f9f1e,Metadata text-item count; not a full-text lexical frequency.,FT-SEED-R1B-P-2015-14,2015,loss and damage
OPENALEX,OPENALEX_WORK_COUNT,loss and damage,"""loss and damage""",ALL_AVAILABLE,,,FAILED_PROVIDER_OR_REQUEST,,,2026-08-26,2026-08-26T06:32:35Z,https://api.openalex.org/works,https://api.openalex.org/works?search.exact=%22loss+and+damage%22&per-page=1&select=id,EXACT_PHRASE,data/fear-temperature/priority180/search/raw/openalex/001ff270c019b110925dff02355af60b2732fbb1b2e7cc2f26622c0a26bc4809.json,e3b0c44298fc1c149afbf4c8996fb92427ae41e4649b934ca495991b7852b855,NOT_RUN_OPENALEX_DAILY_BUDGET_EXHAUSTED: shared provider response retained; no count fabricated.,FT-SEED-R1B-P-2015-14,2015,loss and damage
OPENALEX,OPENALEX_WORK_COUNT,loss and damage,"""loss and damage""",STRICT_ANCHOR,2015,2015,FAILED_PROVIDER_OR_REQUEST,,,2026-08-26,2026-08-26T06:32:35Z,https://api.openalex.org/works,https://api.openalex.org/works?search.exact=%22loss+and+damage%22&per-page=1&select=id&filter=from_publication_date%3A2015-01-01%2Cto_publication_date%3A2015-12-31,EXACT_PHRASE,data/fear-temperature/priority180/search/raw/openalex/001ff270c019b110925dff02355af60b2732fbb1b2e7cc2f26622c0a26bc4809.json,e3b0c44298fc1c149afbf4c8996fb92427ae41e4649b934ca495991b7852b855,NOT_RUN_OPENALEX_DAILY_BUDGET_EXHAUSTED: shared provider response retained; no count fabricated.,FT-SEED-R1B-P-2015-14,2015,loss and damage
OPENALEX,OPENALEX_WORK_COUNT,loss and damage,"""loss and damage""",CONTEXTUAL_ANCHOR,2014,2016,FAILED_PROVIDER_OR_REQUEST,,,2026-08-26,2026-08-26T06:32:35Z,https://api.openalex.org/works,https://api.openalex.org/works?search.exact=%22loss+and+damage%22&per-page=1&select=id&filter=from_publication_date%3A2014-01-01%2Cto_publication_date%3A2016-12-31,EXACT_PHRASE,data/fear-temperature/priority180/search/raw/openalex/001ff270c019b110925dff02355af60b2732fbb1b2e7cc2f26622c0a26bc4809.json,e3b0c44298fc1c149afbf4c8996fb92427ae41e4649b934ca495991b7852b855,NOT_RUN_OPENALEX_DAILY_BUDGET_EXHAUSTED: shared provider response retained; no count fabricated.,FT-SEED-R1B-P-2015-14,2015,loss and damage
GOOGLE_BOOKS_API,GOOGLE_BOOKS_TOTAL_ITEMS,loss and damage,"""loss and damage""",ALL_AVAILABLE,,,NOT_RUN_PROVIDER_QUOTA,,,2026-08-26,2026-08-26T06:34:48Z,https://www.googleapis.com/books/v1/volumes,https://www.googleapis.com/books/v1/volumes?q=%22loss+and+damage%22&langRestrict=en&maxResults=1&printType=books,EXACT_PHRASE,data/fear-temperature/priority180/search/raw/google_books/provider_quota_probe.json,e3b0c44298fc1c149afbf4c8996fb92427ae41e4649b934ca495991b7852b855,Provider runtime probe returned project quota 0; no candidate count was fabricated. Internet Archive is the completed primary bounded source.,FT-SEED-R1B-P-2015-14,2015,loss and damage
INTERNET_ARCHIVE,INTERNET_ARCHIVE_METADATA_TEXT_ITEM_COUNT,extreme weather events,"""extreme weather events"" AND mediatype:texts",ALL_AVAILABLE,,,COMPLETED_NONZERO,251,251,2026-08-26,2026-08-26T06:21:33Z,https://archive.org/advancedsearch.php,https://archive.org/advancedsearch.php?q=%22extreme+weather+events%22+AND+mediatype%3Atexts&fl%5B%5D=identifier&rows=0&page=1&output=json,EXACT_PHRASE,data/fear-temperature/priority180/search/raw/internet_archive/c1f82089625326c83eb736ffc6c5a285eb698e813d3f015c8bd9d59fb25c67a8.json,0f11197ebdfdc1e7c6cf529b20b4794307e5438e95fcb5b98ba996d40d0b32a3,Metadata text-item count; not a full-text lexical frequency.,FT-SEED-R1B-P-2015-15,2015,extreme weather events
INTERNET_ARCHIVE,INTERNET_ARCHIVE_METADATA_TEXT_ITEM_COUNT,extreme weather events,"""extreme weather events"" AND mediatype:texts AND date:[2015-01-01 TO 2015-12-31]",STRICT_ANCHOR,2015,2015,COMPLETED_NONZERO,9,9,2026-08-26,2026-08-26T06:21:34Z,https://archive.org/advancedsearch.php,https://archive.org/advancedsearch.php?q=%22extreme+weather+events%22+AND+mediatype%3Atexts+AND+date%3A%5B2015-01-01+TO+2015-12-31%5D&fl%5B%5D=identifier&rows=0&page=1&output=json,EXACT_PHRASE,data/fear-temperature/priority180/search/raw/internet_archive/530d282e0792dec19f6b520afbc60b2d518e03074b9d50fc5e5f6998e22f0985.json,73d5c5234d73cf780244aa0435755f4806e4b02e385344a8ccd948d5ab4ce7f7,Metadata text-item count; not a full-text lexical frequency.,FT-SEED-R1B-P-2015-15,2015,extreme weather events
INTERNET_ARCHIVE,INTERNET_ARCHIVE_METADATA_TEXT_ITEM_COUNT,extreme weather events,"""extreme weather events"" AND mediatype:texts AND date:[2014-01-01 TO 2016-12-31]",CONTEXTUAL_ANCHOR,2014,2016,COMPLETED_NONZERO,30,30,2026-08-26,2026-08-26T06:21:35Z,https://archive.org/advancedsearch.php,https://archive.org/advancedsearch.php?q=%22extreme+weather+events%22+AND+mediatype%3Atexts+AND+date%3A%5B2014-01-01+TO+2016-12-31%5D&fl%5B%5D=identifier&rows=0&page=1&output=json,EXACT_PHRASE,data/fear-temperature/priority180/search/raw/internet_archive/c778a636610d19af3c1387d4e8aab0d4f5756e4673b93ec2d9c21a12230eb048.json,8c08b90a8738e2330ddb096a8bca9faaedf911f37a22579cdd7f42bc8465a9a7,Metadata text-item count; not a full-text lexical frequency.,FT-SEED-R1B-P-2015-15,2015,extreme weather events
OPENALEX,OPENALEX_WORK_COUNT,extreme weather events,"""extreme weather events""",ALL_AVAILABLE,,,FAILED_PROVIDER_OR_REQUEST,,,2026-08-26,2026-08-26T06:32:35Z,https://api.openalex.org/works,https://api.openalex.org/works?search.exact=%22extreme+weather+events%22&per-page=1&select=id,EXACT_PHRASE,data/fear-temperature/priority180/search/raw/openalex/001ff270c019b110925dff02355af60b2732fbb1b2e7cc2f26622c0a26bc4809.json,e3b0c44298fc1c149afbf4c8996fb92427ae41e4649b934ca495991b7852b855,NOT_RUN_OPENALEX_DAILY_BUDGET_EXHAUSTED: shared provider response retained; no count fabricated.,FT-SEED-R1B-P-2015-15,2015,extreme weather events
OPENALEX,OPENALEX_WORK_COUNT,extreme weather events,"""extreme weather events""",STRICT_ANCHOR,2015,2015,FAILED_PROVIDER_OR_REQUEST,,,2026-08-26,2026-08-26T06:32:35Z,https://api.openalex.org/works,https://api.openalex.org/works?search.exact=%22extreme+weather+events%22&per-page=1&select=id&filter=from_publication_date%3A2015-01-01%2Cto_publication_date%3A2015-12-31,EXACT_PHRASE,data/fear-temperature/priority180/search/raw/openalex/001ff270c019b110925dff02355af60b2732fbb1b2e7cc2f26622c0a26bc4809.json,e3b0c44298fc1c149afbf4c8996fb92427ae41e4649b934ca495991b7852b855,NOT_RUN_OPENALEX_DAILY_BUDGET_EXHAUSTED: shared provider response retained; no count fabricated.,FT-SEED-R1B-P-2015-15,2015,extreme weather events
OPENALEX,OPENALEX_WORK_COUNT,extreme weather events,"""extreme weather events""",CONTEXTUAL_ANCHOR,2014,2016,FAILED_PROVIDER_OR_REQUEST,,,2026-08-26,2026-08-26T06:32:35Z,https://api.openalex.org/works,https://api.openalex.org/works?search.exact=%22extreme+weather+events%22&per-page=1&select=id&filter=from_publication_date%3A2014-01-01%2Cto_publication_date%3A2016-12-31,EXACT_PHRASE,data/fear-temperature/priority180/search/raw/openalex/001ff270c019b110925dff02355af60b2732fbb1b2e7cc2f26622c0a26bc4809.json,e3b0c44298fc1c149afbf4c8996fb92427ae41e4649b934ca495991b7852b855,NOT_RUN_OPENALEX_DAILY_BUDGET_EXHAUSTED: shared provider response retained; no count fabricated.,FT-SEED-R1B-P-2015-15,2015,extreme weather events
GOOGLE_BOOKS_API,GOOGLE_BOOKS_TOTAL_ITEMS,extreme weather events,"""extreme weather events""",ALL_AVAILABLE,,,NOT_RUN_PROVIDER_QUOTA,,,2026-08-26,2026-08-26T06:34:48Z,https://www.googleapis.com/books/v1/volumes,https://www.googleapis.com/books/v1/volumes?q=%22extreme+weather+events%22&langRestrict=en&maxResults=1&printType=books,EXACT_PHRASE,data/fear-temperature/priority180/search/raw/google_books/provider_quota_probe.json,e3b0c44298fc1c149afbf4c8996fb92427ae41e4649b934ca495991b7852b855,Provider runtime probe returned project quota 0; no candidate count was fabricated. Internet Archive is the completed primary bounded source.,FT-SEED-R1B-P-2015-15,2015,extreme weather events
INTERNET_ARCHIVE,INTERNET_ARCHIVE_METADATA_TEXT_ITEM_COUNT,slow onset events,"""slow onset events"" AND mediatype:texts",ALL_AVAILABLE,,,COMPLETED_NONZERO,2,2,2026-08-26,2026-08-26T06:25:30Z,https://archive.org/advancedsearch.php,https://archive.org/advancedsearch.php?q=%22slow+onset+events%22+AND+mediatype%3Atexts&fl%5B%5D=identifier&rows=0&page=1&output=json,EXACT_PHRASE,data/fear-temperature/priority180/search/raw/internet_archive/06cc9e5423610235cb326a6599307d15370e2b6c1bda26a10b068fe635bc79d1.json,eae33269fe9b37d75f3b891d73a7c03764ca5cc68ebda3d42983aa2371e37d8b,Metadata text-item count; not a full-text lexical frequency.,FT-SEED-R1B-P-2015-16,2015,slow onset events
INTERNET_ARCHIVE,INTERNET_ARCHIVE_METADATA_TEXT_ITEM_COUNT,slow onset events,"""slow onset events"" AND mediatype:texts AND date:[2015-01-01 TO 2015-12-31]",STRICT_ANCHOR,2015,2015,COMPLETED_NONZERO,1,1,2026-08-26,2026-08-26T06:25:31Z,https://archive.org/advancedsearch.php,https://archive.org/advancedsearch.php?q=%22slow+onset+events%22+AND+mediatype%3Atexts+AND+date%3A%5B2015-01-01+TO+2015-12-31%5D&fl%5B%5D=identifier&rows=0&page=1&output=json,EXACT_PHRASE,data/fear-temperature/priority180/search/raw/internet_archive/d98b8e2e2c350648d39edb38b643d904822d364b3dd3f99c6b29ed09886edb22.json,1bf4ea3703a197b45cded678981b26d86591fa5df2ebba6a83dd5d9fbe834b99,Metadata text-item count; not a full-text lexical frequency.,FT-SEED-R1B-P-2015-16,2015,slow onset events
INTERNET_ARCHIVE,INTERNET_ARCHIVE_METADATA_TEXT_ITEM_COUNT,slow onset events,"""slow onset events"" AND mediatype:texts AND date:[2014-01-01 TO 2016-12-31]",CONTEXTUAL_ANCHOR,2014,2016,COMPLETED_NONZERO,1,1,2026-08-26,2026-08-26T06:25:31Z,https://archive.org/advancedsearch.php,https://archive.org/advancedsearch.php?q=%22slow+onset+events%22+AND+mediatype%3Atexts+AND+date%3A%5B2014-01-01+TO+2016-12-31%5D&fl%5B%5D=identifier&rows=0&page=1&output=json,EXACT_PHRASE,data/fear-temperature/priority180/search/raw/internet_archive/fe72681135bb4f77bb00bd3684e851d6612f5c53adddd245f55f2f435878872b.json,5347010584abc38d352b6e9a56ec12e9292ed581485e0fe1e6623845b6aedea9,Metadata text-item count; not a full-text lexical frequency.,FT-SEED-R1B-P-2015-16,2015,slow onset events
OPENALEX,OPENALEX_WORK_COUNT,slow onset events,"""slow onset events""",ALL_AVAILABLE,,,FAILED_PROVIDER_OR_REQUEST,,,2026-08-26,2026-08-26T06:32:35Z,https://api.openalex.org/works,https://api.openalex.org/works?search.exact=%22slow+onset+events%22&per-page=1&select=id,EXACT_PHRASE,data/fear-temperature/priority180/search/raw/openalex/001ff270c019b110925dff02355af60b2732fbb1b2e7cc2f26622c0a26bc4809.json,e3b0c44298fc1c149afbf4c8996fb92427ae41e4649b934ca495991b7852b855,NOT_RUN_OPENALEX_DAILY_BUDGET_EXHAUSTED: shared provider response retained; no count fabricated.,FT-SEED-R1B-P-2015-16,2015,slow onset events
OPENALEX,OPENALEX_WORK_COUNT,slow onset events,"""slow onset events""",STRICT_ANCHOR,2015,2015,FAILED_PROVIDER_OR_REQUEST,,,2026-08-26,2026-08-26T06:32:35Z,https://api.openalex.org/works,https://api.openalex.org/works?search.exact=%22slow+onset+events%22&per-page=1&select=id&filter=from_publication_date%3A2015-01-01%2Cto_publication_date%3A2015-12-31,EXACT_PHRASE,data/fear-temperature/priority180/search/raw/openalex/001ff270c019b110925dff02355af60b2732fbb1b2e7cc2f26622c0a26bc4809.json,e3b0c44298fc1c149afbf4c8996fb92427ae41e4649b934ca495991b7852b855,NOT_RUN_OPENALEX_DAILY_BUDGET_EXHAUSTED: shared provider response retained; no count fabricated.,FT-SEED-R1B-P-2015-16,2015,slow onset events
OPENALEX,OPENALEX_WORK_COUNT,slow onset events,"""slow onset events""",CONTEXTUAL_ANCHOR,2014,2016,FAILED_PROVIDER_OR_REQUEST,,,2026-08-26,2026-08-26T06:32:35Z,https://api.openalex.org/works,https://api.openalex.org/works?search.exact=%22slow+onset+events%22&per-page=1&select=id&filter=from_publication_date%3A2014-01-01%2Cto_publication_date%3A2016-12-31,EXACT_PHRASE,data/fear-temperature/priority180/search/raw/openalex/001ff270c019b110925dff02355af60b2732fbb1b2e7cc2f26622c0a26bc4809.json,e3b0c44298fc1c149afbf4c8996fb92427ae41e4649b934ca495991b7852b855,NOT_RUN_OPENALEX_DAILY_BUDGET_EXHAUSTED: shared provider response retained; no count fabricated.,FT-SEED-R1B-P-2015-16,2015,slow onset events
GOOGLE_BOOKS_API,GOOGLE_BOOKS_TOTAL_ITEMS,slow onset events,"""slow onset events""",ALL_AVAILABLE,,,NOT_RUN_PROVIDER_QUOTA,,,2026-08-26,2026-08-26T06:34:48Z,https://www.googleapis.com/books/v1/volumes,https://www.googleapis.com/books/v1/volumes?q=%22slow+onset+events%22&langRestrict=en&maxResults=1&printType=books,EXACT_PHRASE,data/fear-temperature/priority180/search/raw/google_books/provider_quota_probe.json,e3b0c44298fc1c149afbf4c8996fb92427ae41e4649b934ca495991b7852b855,Provider runtime probe returned project quota 0; no candidate count was fabricated. Internet Archive is the completed primary bounded source.,FT-SEED-R1B-P-2015-16,2015,slow onset events
INTERNET_ARCHIVE,INTERNET_ARCHIVE_METADATA_TEXT_ITEM_COUNT,risk of loss and damage,"""risk of loss and damage"" AND mediatype:texts",ALL_AVAILABLE,,,COMPLETED_NONZERO,2,2,2026-08-26,2026-08-26T06:25:03Z,https://archive.org/advancedsearch.php,https://archive.org/advancedsearch.php?q=%22risk+of+loss+and+damage%22+AND+mediatype%3Atexts&fl%5B%5D=identifier&rows=0&page=1&output=json,EXACT_PHRASE,data/fear-temperature/priority180/search/raw/internet_archive/64aa76f2ae4fd85fdda7ef71edb39c8a54286571a0fda97236d43244de11a282.json,e78ea62e1efa29f8ada71a4b4c5a90477f7720c2fc4b7fcf366efbd5dd05bef5,Metadata text-item count; not a full-text lexical frequency.,FT-SEED-R1B-P-2015-17,2015,risk of loss and damage
INTERNET_ARCHIVE,INTERNET_ARCHIVE_METADATA_TEXT_ITEM_COUNT,risk of loss and damage,"""risk of loss and damage"" AND mediatype:texts AND date:[2015-01-01 TO 2015-12-31]",STRICT_ANCHOR,2015,2015,COMPLETED_NONZERO,1,1,2026-08-26,2026-08-26T06:25:04Z,https://archive.org/advancedsearch.php,https://archive.org/advancedsearch.php?q=%22risk+of+loss+and+damage%22+AND+mediatype%3Atexts+AND+date%3A%5B2015-01-01+TO+2015-12-31%5D&fl%5B%5D=identifier&rows=0&page=1&output=json,EXACT_PHRASE,data/fear-temperature/priority180/search/raw/internet_archive/c730fdb0b1b1e419c5fe5df097f8f895fea1337786f34a57d9db199f1bc50c06.json,64fa2c6c075d9bcd0a3dd110edd64d05e775a7a8fd297dcd733fc70937895de3,Metadata text-item count; not a full-text lexical frequency.,FT-SEED-R1B-P-2015-17,2015,risk of loss and damage
INTERNET_ARCHIVE,INTERNET_ARCHIVE_METADATA_TEXT_ITEM_COUNT,risk of loss and damage,"""risk of loss and damage"" AND mediatype:texts AND date:[2014-01-01 TO 2016-12-31]",CONTEXTUAL_ANCHOR,2014,2016,COMPLETED_NONZERO,1,1,2026-08-26,2026-08-26T06:25:05Z,https://archive.org/advancedsearch.php,https://archive.org/advancedsearch.php?q=%22risk+of+loss+and+damage%22+AND+mediatype%3Atexts+AND+date%3A%5B2014-01-01+TO+2016-12-31%5D&fl%5B%5D=identifier&rows=0&page=1&output=json,EXACT_PHRASE,data/fear-temperature/priority180/search/raw/internet_archive/3ca31d000df4c451aa38868fa5110e57a82dd265f8c8445eed2fda7098e82593.json,3677d1ab43f048c57e11d0ec75bc32f386162a83285fef1b922a6aa7e8a7c12d,Metadata text-item count; not a full-text lexical frequency.,FT-SEED-R1B-P-2015-17,2015,risk of loss and damage
OPENALEX,OPENALEX_WORK_COUNT,risk of loss and damage,"""risk of loss and damage""",ALL_AVAILABLE,,,FAILED_PROVIDER_OR_REQUEST,,,2026-08-26,2026-08-26T06:32:35Z,https://api.openalex.org/works,https://api.openalex.org/works?search.exact=%22risk+of+loss+and+damage%22&per-page=1&select=id,EXACT_PHRASE,data/fear-temperature/priority180/search/raw/openalex/001ff270c019b110925dff02355af60b2732fbb1b2e7cc2f26622c0a26bc4809.json,e3b0c44298fc1c149afbf4c8996fb92427ae41e4649b934ca495991b7852b855,NOT_RUN_OPENALEX_DAILY_BUDGET_EXHAUSTED: shared provider response retained; no count fabricated.,FT-SEED-R1B-P-2015-17,2015,risk of loss and damage
OPENALEX,OPENALEX_WORK_COUNT,risk of loss and damage,"""risk of loss and damage""",STRICT_ANCHOR,2015,2015,FAILED_PROVIDER_OR_REQUEST,,,2026-08-26,2026-08-26T06:32:35Z,https://api.openalex.org/works,https://api.openalex.org/works?search.exact=%22risk+of+loss+and+damage%22&per-page=1&select=id&filter=from_publication_date%3A2015-01-01%2Cto_publication_date%3A2015-12-31,EXACT_PHRASE,data/fear-temperature/priority180/search/raw/openalex/001ff270c019b110925dff02355af60b2732fbb1b2e7cc2f26622c0a26bc4809.json,e3b0c44298fc1c149afbf4c8996fb92427ae41e4649b934ca495991b7852b855,NOT_RUN_OPENALEX_DAILY_BUDGET_EXHAUSTED: shared provider response retained; no count fabricated.,FT-SEED-R1B-P-2015-17,2015,risk of loss and damage
OPENALEX,OPENALEX_WORK_COUNT,risk of loss and damage,"""risk of loss and damage""",CONTEXTUAL_ANCHOR,2014,2016,FAILED_PROVIDER_OR_REQUEST,,,2026-08-26,2026-08-26T06:32:35Z,https://api.openalex.org/works,https://api.openalex.org/works?search.exact=%22risk+of+loss+and+damage%22&per-page=1&select=id&filter=from_publication_date%3A2014-01-01%2Cto_publication_date%3A2016-12-31,EXACT_PHRASE,data/fear-temperature/priority180/search/raw/openalex/001ff270c019b110925dff02355af60b2732fbb1b2e7cc2f26622c0a26bc4809.json,e3b0c44298fc1c149afbf4c8996fb92427ae41e4649b934ca495991b7852b855,NOT_RUN_OPENALEX_DAILY_BUDGET_EXHAUSTED: shared provider response retained; no count fabricated.,FT-SEED-R1B-P-2015-17,2015,risk of loss and damage
GOOGLE_BOOKS_API,GOOGLE_BOOKS_TOTAL_ITEMS,risk of loss and damage,"""risk of loss and damage""",ALL_AVAILABLE,,,NOT_RUN_PROVIDER_QUOTA,,,2026-08-26,2026-08-26T06:34:48Z,https://www.googleapis.com/books/v1/volumes,https://www.googleapis.com/books/v1/volumes?q=%22risk+of+loss+and+damage%22&langRestrict=en&maxResults=1&printType=books,EXACT_PHRASE,data/fear-temperature/priority180/search/raw/google_books/provider_quota_probe.json,e3b0c44298fc1c149afbf4c8996fb92427ae41e4649b934ca495991b7852b855,Provider runtime probe returned project quota 0; no candidate count was fabricated. Internet Archive is the completed primary bounded source.,FT-SEED-R1B-P-2015-17,2015,risk of loss and damage
INTERNET_ARCHIVE,INTERNET_ARCHIVE_METADATA_TEXT_ITEM_COUNT,early warning systems,"""early warning systems"" AND mediatype:texts",ALL_AVAILABLE,,,COMPLETED_NONZERO,833,833,2026-08-26,2026-08-26T06:21:10Z,https://archive.org/advancedsearch.php,https://archive.org/advancedsearch.php?q=%22early+warning+systems%22+AND+mediatype%3Atexts&fl%5B%5D=identifier&rows=0&page=1&output=json,EXACT_PHRASE,data/fear-temperature/priority180/search/raw/internet_archive/f75d077fcd47431609aef7ff5e77a252517507304d70e11c3af39e3e535e663a.json,17a218498f942cf1380121d5bd05d37d13a231cc1c8f317d37485a1470ad831e,Metadata text-item count; not a full-text lexical frequency.,FT-SEED-R1B-P-2015-18,2015,early warning systems
INTERNET_ARCHIVE,INTERNET_ARCHIVE_METADATA_TEXT_ITEM_COUNT,early warning systems,"""early warning systems"" AND mediatype:texts AND date:[2015-01-01 TO 2015-12-31]",STRICT_ANCHOR,2015,2015,COMPLETED_NONZERO,18,18,2026-08-26,2026-08-26T06:21:11Z,https://archive.org/advancedsearch.php,https://archive.org/advancedsearch.php?q=%22early+warning+systems%22+AND+mediatype%3Atexts+AND+date%3A%5B2015-01-01+TO+2015-12-31%5D&fl%5B%5D=identifier&rows=0&page=1&output=json,EXACT_PHRASE,data/fear-temperature/priority180/search/raw/internet_archive/8f2bb887a6cfe7dd3c8c66e7fa67b0d65fb293df0f402fad7ce211cc924b3625.json,6d314c419c58536e40e431f4dbe06c94a6ee1120ffa32cf2e595e06a4d38d8d5,Metadata text-item count; not a full-text lexical frequency.,FT-SEED-R1B-P-2015-18,2015,early warning systems
INTERNET_ARCHIVE,INTERNET_ARCHIVE_METADATA_TEXT_ITEM_COUNT,early warning systems,"""early warning systems"" AND mediatype:texts AND date:[2014-01-01 TO 2016-12-31]",CONTEXTUAL_ANCHOR,2014,2016,COMPLETED_NONZERO,56,56,2026-08-26,2026-08-26T06:21:12Z,https://archive.org/advancedsearch.php,https://archive.org/advancedsearch.php?q=%22early+warning+systems%22+AND+mediatype%3Atexts+AND+date%3A%5B2014-01-01+TO+2016-12-31%5D&fl%5B%5D=identifier&rows=0&page=1&output=json,EXACT_PHRASE,data/fear-temperature/priority180/search/raw/internet_archive/22b52ea7a7b60cf9333fded0b7d259ba43ed0c659a1708e1d1d04f7601141428.json,fd1f7932161d2eeb4b4a43b2fd02334cf1474eb518eff1b655e73177cecc6070,Metadata text-item count; not a full-text lexical frequency.,FT-SEED-R1B-P-2015-18,2015,early warning systems
OPENALEX,OPENALEX_WORK_COUNT,early warning systems,"""early warning systems""",ALL_AVAILABLE,,,FAILED_PROVIDER_OR_REQUEST,,,2026-08-26,2026-08-26T06:32:35Z,https://api.openalex.org/works,https://api.openalex.org/works?search.exact=%22early+warning+systems%22&per-page=1&select=id,EXACT_PHRASE,data/fear-temperature/priority180/search/raw/openalex/001ff270c019b110925dff02355af60b2732fbb1b2e7cc2f26622c0a26bc4809.json,e3b0c44298fc1c149afbf4c8996fb92427ae41e4649b934ca495991b7852b855,NOT_RUN_OPENALEX_DAILY_BUDGET_EXHAUSTED: shared provider response retained; no count fabricated.,FT-SEED-R1B-P-2015-18,2015,early warning systems
OPENALEX,OPENALEX_WORK_COUNT,early warning systems,"""early warning systems""",STRICT_ANCHOR,2015,2015,FAILED_PROVIDER_OR_REQUEST,,,2026-08-26,2026-08-26T06:32:35Z,https://api.openalex.org/works,https://api.openalex.org/works?search.exact=%22early+warning+systems%22&per-page=1&select=id&filter=from_publication_date%3A2015-01-01%2Cto_publication_date%3A2015-12-31,EXACT_PHRASE,data/fear-temperature/priority180/search/raw/openalex/001ff270c019b110925dff02355af60b2732fbb1b2e7cc2f26622c0a26bc4809.json,e3b0c44298fc1c149afbf4c8996fb92427ae41e4649b934ca495991b7852b855,NOT_RUN_OPENALEX_DAILY_BUDGET_EXHAUSTED: shared provider response retained; no count fabricated.,FT-SEED-R1B-P-2015-18,2015,early warning systems
OPENALEX,OPENALEX_WORK_COUNT,early warning systems,"""early warning systems""",CONTEXTUAL_ANCHOR,2014,2016,FAILED_PROVIDER_OR_REQUEST,,,2026-08-26,2026-08-26T06:32:35Z,https://api.openalex.org/works,https://api.openalex.org/works?search.exact=%22early+warning+systems%22&per-page=1&select=id&filter=from_publication_date%3A2014-01-01%2Cto_publication_date%3A2016-12-31,EXACT_PHRASE,data/fear-temperature/priority180/search/raw/openalex/001ff270c019b110925dff02355af60b2732fbb1b2e7cc2f26622c0a26bc4809.json,e3b0c44298fc1c149afbf4c8996fb92427ae41e4649b934ca495991b7852b855,NOT_RUN_OPENALEX_DAILY_BUDGET_EXHAUSTED: shared provider response retained; no count fabricated.,FT-SEED-R1B-P-2015-18,2015,early warning systems
GOOGLE_BOOKS_API,GOOGLE_BOOKS_TOTAL_ITEMS,early warning systems,"""early warning systems""",ALL_AVAILABLE,,,NOT_RUN_PROVIDER_QUOTA,,,2026-08-26,2026-08-26T06:34:48Z,https://www.googleapis.com/books/v1/volumes,https://www.googleapis.com/books/v1/volumes?q=%22early+warning+systems%22&langRestrict=en&maxResults=1&printType=books,EXACT_PHRASE,data/fear-temperature/priority180/search/raw/google_books/provider_quota_probe.json,e3b0c44298fc1c149afbf4c8996fb92427ae41e4649b934ca495991b7852b855,Provider runtime probe returned project quota 0; no candidate count was fabricated. Internet Archive is the completed primary bounded source.,FT-SEED-R1B-P-2015-18,2015,early warning systems
INTERNET_ARCHIVE,INTERNET_ARCHIVE_METADATA_TEXT_ITEM_COUNT,emergency preparedness,"""emergency preparedness"" AND mediatype:texts",ALL_AVAILABLE,,,COMPLETED_NONZERO,1406,1406,2026-08-26,2026-08-26T06:21:19Z,https://archive.org/advancedsearch.php,https://archive.org/advancedsearch.php?q=%22emergency+preparedness%22+AND+mediatype%3Atexts&fl%5B%5D=identifier&rows=0&page=1&output=json,EXACT_PHRASE,data/fear-temperature/priority180/search/raw/internet_archive/9763435ce79a3584c6713ff6678c7a2d321ee5e0470475f7c2a0f565b3941b70.json,c9c3cc47a6df07db00669e2c91102d642345caa76f6354c689e51e6db5e63fb0,Metadata text-item count; not a full-text lexical frequency.,FT-SEED-R1B-P-2015-19,2015,emergency preparedness
INTERNET_ARCHIVE,INTERNET_ARCHIVE_METADATA_TEXT_ITEM_COUNT,emergency preparedness,"""emergency preparedness"" AND mediatype:texts AND date:[2015-01-01 TO 2015-12-31]",STRICT_ANCHOR,2015,2015,COMPLETED_NONZERO,30,30,2026-08-26,2026-08-26T06:21:20Z,https://archive.org/advancedsearch.php,https://archive.org/advancedsearch.php?q=%22emergency+preparedness%22+AND+mediatype%3Atexts+AND+date%3A%5B2015-01-01+TO+2015-12-31%5D&fl%5B%5D=identifier&rows=0&page=1&output=json,EXACT_PHRASE,data/fear-temperature/priority180/search/raw/internet_archive/ac029015126132c37ea40f630e824cfc09b81d00fe298a9c46ee449c6a2ad5f2.json,52249696a56e9ba6c11c820c239b9151809a95e5ce0ce39ca24433c7fa868e6c,Metadata text-item count; not a full-text lexical frequency.,FT-SEED-R1B-P-2015-19,2015,emergency preparedness
INTERNET_ARCHIVE,INTERNET_ARCHIVE_METADATA_TEXT_ITEM_COUNT,emergency preparedness,"""emergency preparedness"" AND mediatype:texts AND date:[2014-01-01 TO 2016-12-31]",CONTEXTUAL_ANCHOR,2014,2016,COMPLETED_NONZERO,100,100,2026-08-26,2026-08-26T06:21:21Z,https://archive.org/advancedsearch.php,https://archive.org/advancedsearch.php?q=%22emergency+preparedness%22+AND+mediatype%3Atexts+AND+date%3A%5B2014-01-01+TO+2016-12-31%5D&fl%5B%5D=identifier&rows=0&page=1&output=json,EXACT_PHRASE,data/fear-temperature/priority180/search/raw/internet_archive/30b6a3f025810d19b5b681c6bbf7b205f118ba3c67da050606b7037b65cbb8a6.json,20a1d28514199c929d079eace92611aab6c2bdcd23038bacbc64727c17dc8868,Metadata text-item count; not a full-text lexical frequency.,FT-SEED-R1B-P-2015-19,2015,emergency preparedness
OPENALEX,OPENALEX_WORK_COUNT,emergency preparedness,"""emergency preparedness""",ALL_AVAILABLE,,,FAILED_PROVIDER_OR_REQUEST,,,2026-08-26,2026-08-26T06:32:35Z,https://api.openalex.org/works,https://api.openalex.org/works?search.exact=%22emergency+preparedness%22&per-page=1&select=id,EXACT_PHRASE,data/fear-temperature/priority180/search/raw/openalex/001ff270c019b110925dff02355af60b2732fbb1b2e7cc2f26622c0a26bc4809.json,e3b0c44298fc1c149afbf4c8996fb92427ae41e4649b934ca495991b7852b855,NOT_RUN_OPENALEX_DAILY_BUDGET_EXHAUSTED: shared provider response retained; no count fabricated.,FT-SEED-R1B-P-2015-19,2015,emergency preparedness
OPENALEX,OPENALEX_WORK_COUNT,emergency preparedness,"""emergency preparedness""",STRICT_ANCHOR,2015,2015,FAILED_PROVIDER_OR_REQUEST,,,2026-08-26,2026-08-26T06:32:35Z,https://api.openalex.org/works,https://api.openalex.org/works?search.exact=%22emergency+preparedness%22&per-page=1&select=id&filter=from_publication_date%3A2015-01-01%2Cto_publication_date%3A2015-12-31,EXACT_PHRASE,data/fear-temperature/priority180/search/raw/openalex/001ff270c019b110925dff02355af60b2732fbb1b2e7cc2f26622c0a26bc4809.json,e3b0c44298fc1c149afbf4c8996fb92427ae41e4649b934ca495991b7852b855,NOT_RUN_OPENALEX_DAILY_BUDGET_EXHAUSTED: shared provider response retained; no count fabricated.,FT-SEED-R1B-P-2015-19,2015,emergency preparedness
OPENALEX,OPENALEX_WORK_COUNT,emergency preparedness,"""emergency preparedness""",CONTEXTUAL_ANCHOR,2014,2016,FAILED_PROVIDER_OR_REQUEST,,,2026-08-26,2026-08-26T06:32:35Z,https://api.openalex.org/works,https://api.openalex.org/works?search.exact=%22emergency+preparedness%22&per-page=1&select=id&filter=from_publication_date%3A2014-01-01%2Cto_publication_date%3A2016-12-31,EXACT_PHRASE,data/fear-temperature/priority180/search/raw/openalex/001ff270c019b110925dff02355af60b2732fbb1b2e7cc2f26622c0a26bc4809.json,e3b0c44298fc1c149afbf4c8996fb92427ae41e4649b934ca495991b7852b855,NOT_RUN_OPENALEX_DAILY_BUDGET_EXHAUSTED: shared provider response retained; no count fabricated.,FT-SEED-R1B-P-2015-19,2015,emergency preparedness
GOOGLE_BOOKS_API,GOOGLE_BOOKS_TOTAL_ITEMS,emergency preparedness,"""emergency preparedness""",ALL_AVAILABLE,,,NOT_RUN_PROVIDER_QUOTA,,,2026-08-26,2026-08-26T06:34:48Z,https://www.googleapis.com/books/v1/volumes,https://www.googleapis.com/books/v1/volumes?q=%22emergency+preparedness%22&langRestrict=en&maxResults=1&printType=books,EXACT_PHRASE,data/fear-temperature/priority180/search/raw/google_books/provider_quota_probe.json,e3b0c44298fc1c149afbf4c8996fb92427ae41e4649b934ca495991b7852b855,Provider runtime probe returned project quota 0; no candidate count was fabricated. Internet Archive is the completed primary bounded source.,FT-SEED-R1B-P-2015-19,2015,emergency preparedness
INTERNET_ARCHIVE,INTERNET_ARCHIVE_METADATA_TEXT_ITEM_COUNT,irreversible and permanent loss and damage,"""irreversible and permanent loss and damage"" AND mediatype:texts",ALL_AVAILABLE,,,COMPLETED_NONZERO,1,1,2026-08-26,2026-08-26T06:23:33Z,https://archive.org/advancedsearch.php,https://archive.org/advancedsearch.php?q=%22irreversible+and+permanent+loss+and+damage%22+AND+mediatype%3Atexts&fl%5B%5D=identifier&rows=0&page=1&output=json,EXACT_PHRASE,data/fear-temperature/priority180/search/raw/internet_archive/b7f0e95de98e95a4a65d5a744c7263f4c6b4cf3ca18efb40994b635ee81638c3.json,aca37ba1bea47a1984ed8e2cc532cb117f50bd24d92858226e2655886671d08f,Metadata text-item count; not a full-text lexical frequency.,FT-SEED-R1B-P-2015-20,2015,irreversible and permanent loss and damage
INTERNET_ARCHIVE,INTERNET_ARCHIVE_METADATA_TEXT_ITEM_COUNT,irreversible and permanent loss and damage,"""irreversible and permanent loss and damage"" AND mediatype:texts AND date:[2015-01-01 TO 2015-12-31]",STRICT_ANCHOR,2015,2015,COMPLETED_NONZERO,1,1,2026-08-26,2026-08-26T06:23:34Z,https://archive.org/advancedsearch.php,https://archive.org/advancedsearch.php?q=%22irreversible+and+permanent+loss+and+damage%22+AND+mediatype%3Atexts+AND+date%3A%5B2015-01-01+TO+2015-12-31%5D&fl%5B%5D=identifier&rows=0&page=1&output=json,EXACT_PHRASE,data/fear-temperature/priority180/search/raw/internet_archive/ead766dcd54f34eb199b46d090c3b4f1feca7b63baf6981ee83646e13c7cc952.json,6233a04fd3bd88550693b7d43118965b8852f557115745b3a7c0e40297253c28,Metadata text-item count; not a full-text lexical frequency.,FT-SEED-R1B-P-2015-20,2015,irreversible and permanent loss and damage
INTERNET_ARCHIVE,INTERNET_ARCHIVE_METADATA_TEXT_ITEM_COUNT,irreversible and permanent loss and damage,"""irreversible and permanent loss and damage"" AND mediatype:texts AND date:[2014-01-01 TO 2016-12-31]",CONTEXTUAL_ANCHOR,2014,2016,COMPLETED_NONZERO,1,1,2026-08-26,2026-08-26T06:23:35Z,https://archive.org/advancedsearch.php,https://archive.org/advancedsearch.php?q=%22irreversible+and+permanent+loss+and+damage%22+AND+mediatype%3Atexts+AND+date%3A%5B2014-01-01+TO+2016-12-31%5D&fl%5B%5D=identifier&rows=0&page=1&output=json,EXACT_PHRASE,data/fear-temperature/priority180/search/raw/internet_archive/e147df6988b9ef07c1877023ae915deb9a2bf7836ef0a0dd0a16b3b978e7cb93.json,4cb052a9cb77ec230ad3cf3221e4a6a7148e8c5d70e1d4cbc764907e79e85d29,Metadata text-item count; not a full-text lexical frequency.,FT-SEED-R1B-P-2015-20,2015,irreversible and permanent loss and damage
OPENALEX,OPENALEX_WORK_COUNT,irreversible and permanent loss and damage,"""irreversible and permanent loss and damage""",ALL_AVAILABLE,,,FAILED_PROVIDER_OR_REQUEST,,,2026-08-26,2026-08-26T06:32:35Z,https://api.openalex.org/works,https://api.openalex.org/works?search.exact=%22irreversible+and+permanent+loss+and+damage%22&per-page=1&select=id,EXACT_PHRASE,data/fear-temperature/priority180/search/raw/openalex/001ff270c019b110925dff02355af60b2732fbb1b2e7cc2f26622c0a26bc4809.json,e3b0c44298fc1c149afbf4c8996fb92427ae41e4649b934ca495991b7852b855,NOT_RUN_OPENALEX_DAILY_BUDGET_EXHAUSTED: shared provider response retained; no count fabricated.,FT-SEED-R1B-P-2015-20,2015,irreversible and permanent loss and damage
OPENALEX,OPENALEX_WORK_COUNT,irreversible and permanent loss and damage,"""irreversible and permanent loss and damage""",STRICT_ANCHOR,2015,2015,FAILED_PROVIDER_OR_REQUEST,,,2026-08-26,2026-08-26T06:32:35Z,https://api.openalex.org/works,https://api.openalex.org/works?search.exact=%22irreversible+and+permanent+loss+and+damage%22&per-page=1&select=id&filter=from_publication_date%3A2015-01-01%2Cto_publication_date%3A2015-12-31,EXACT_PHRASE,data/fear-temperature/priority180/search/raw/openalex/001ff270c019b110925dff02355af60b2732fbb1b2e7cc2f26622c0a26bc4809.json,e3b0c44298fc1c149afbf4c8996fb92427ae41e4649b934ca495991b7852b855,NOT_RUN_OPENALEX_DAILY_BUDGET_EXHAUSTED: shared provider response retained; no count fabricated.,FT-SEED-R1B-P-2015-20,2015,irreversible and permanent loss and damage
OPENALEX,OPENALEX_WORK_COUNT,irreversible and permanent loss and damage,"""irreversible and permanent loss and damage""",CONTEXTUAL_ANCHOR,2014,2016,FAILED_PROVIDER_OR_REQUEST,,,2026-08-26,2026-08-26T06:32:35Z,https://api.openalex.org/works,https://api.openalex.org/works?search.exact=%22irreversible+and+permanent+loss+and+damage%22&per-page=1&select=id&filter=from_publication_date%3A2014-01-01%2Cto_publication_date%3A2016-12-31,EXACT_PHRASE,data/fear-temperature/priority180/search/raw/openalex/001ff270c019b110925dff02355af60b2732fbb1b2e7cc2f26622c0a26bc4809.json,e3b0c44298fc1c149afbf4c8996fb92427ae41e4649b934ca495991b7852b855,NOT_RUN_OPENALEX_DAILY_BUDGET_EXHAUSTED: shared provider response retained; no count fabricated.,FT-SEED-R1B-P-2015-20,2015,irreversible and permanent loss and damage
GOOGLE_BOOKS_API,GOOGLE_BOOKS_TOTAL_ITEMS,irreversible and permanent loss and damage,"""irreversible and permanent loss and damage""",ALL_AVAILABLE,,,NOT_RUN_PROVIDER_QUOTA,,,2026-08-26,2026-08-26T06:34:48Z,https://www.googleapis.com/books/v1/volumes,https://www.googleapis.com/books/v1/volumes?q=%22irreversible+and+permanent+loss+and+damage%22&langRestrict=en&maxResults=1&printType=books,EXACT_PHRASE,data/fear-temperature/priority180/search/raw/google_books/provider_quota_probe.json,e3b0c44298fc1c149afbf4c8996fb92427ae41e4649b934ca495991b7852b855,Provider runtime probe returned project quota 0; no candidate count was fabricated. Internet Archive is the completed primary bounded source.,FT-SEED-R1B-P-2015-20,2015,irreversible and permanent loss and damage
INTERNET_ARCHIVE,INTERNET_ARCHIVE_METADATA_TEXT_ITEM_COUNT,comprehensive risk assessment and management,"""comprehensive risk assessment and management"" AND mediatype:texts",ALL_AVAILABLE,,,COMPLETED_NONZERO,1,1,2026-08-26,2026-08-26T06:20:19Z,https://archive.org/advancedsearch.php,https://archive.org/advancedsearch.php?q=%22comprehensive+risk+assessment+and+management%22+AND+mediatype%3Atexts&fl%5B%5D=identifier&rows=0&page=1&output=json,EXACT_PHRASE,data/fear-temperature/priority180/search/raw/internet_archive/c0b6b78bce920184cd591c231b3208ea422c07916e2ca65e5f1b50e7d031bd14.json,0376a233986302da0d89d2c48bc1eb68f0b59aa82ce345a45824462bf6223968,Metadata text-item count; not a full-text lexical frequency.,FT-SEED-R1B-P-2015-21,2015,comprehensive risk assessment and management
INTERNET_ARCHIVE,INTERNET_ARCHIVE_METADATA_TEXT_ITEM_COUNT,comprehensive risk assessment and management,"""comprehensive risk assessment and management"" AND mediatype:texts AND date:[2015-01-01 TO 2015-12-31]",STRICT_ANCHOR,2015,2015,COMPLETED_NONZERO,1,1,2026-08-26,2026-08-26T06:20:19Z,https://archive.org/advancedsearch.php,https://archive.org/advancedsearch.php?q=%22comprehensive+risk+assessment+and+management%22+AND+mediatype%3Atexts+AND+date%3A%5B2015-01-01+TO+2015-12-31%5D&fl%5B%5D=identifier&rows=0&page=1&output=json,EXACT_PHRASE,data/fear-temperature/priority180/search/raw/internet_archive/a79b6715619d448da558cb0d3c56dbd93608553bdcb06d8e4fb5af315d1c7936.json,e77c549612fe5fee1cb06b552644eb7a5c96bc8ad1cdc6ac2b1a07a5b6c21194,Metadata text-item count; not a full-text lexical frequency.,FT-SEED-R1B-P-2015-21,2015,comprehensive risk assessment and management
INTERNET_ARCHIVE,INTERNET_ARCHIVE_METADATA_TEXT_ITEM_COUNT,comprehensive risk assessment and management,"""comprehensive risk assessment and management"" AND mediatype:texts AND date:[2014-01-01 TO 2016-12-31]",CONTEXTUAL_ANCHOR,2014,2016,COMPLETED_NONZERO,1,1,2026-08-26,2026-08-26T06:20:21Z,https://archive.org/advancedsearch.php,https://archive.org/advancedsearch.php?q=%22comprehensive+risk+assessment+and+management%22+AND+mediatype%3Atexts+AND+date%3A%5B2014-01-01+TO+2016-12-31%5D&fl%5B%5D=identifier&rows=0&page=1&output=json,EXACT_PHRASE,data/fear-temperature/priority180/search/raw/internet_archive/9ff870fdf26334fefe27dd2fe688f8445d55815f3ce1f652a04aa069488b2e43.json,bcafae1bc04455a738f5ded48cd0586f50da1ecb15f2e51604e3da957f082166,Metadata text-item count; not a full-text lexical frequency.,FT-SEED-R1B-P-2015-21,2015,comprehensive risk assessment and management
OPENALEX,OPENALEX_WORK_COUNT,comprehensive risk assessment and management,"""comprehensive risk assessment and management""",ALL_AVAILABLE,,,FAILED_PROVIDER_OR_REQUEST,,,2026-08-26,2026-08-26T06:29:24Z,https://api.openalex.org/works,https://api.openalex.org/works?search.exact=%22comprehensive+risk+assessment+and+management%22&per-page=1&select=id,EXACT_PHRASE,data/fear-temperature/priority180/search/raw/openalex/db177ce86c8f1152e239a4ff00d45adad5250740e5298872af5b91f56af6eb9d.json,e3b0c44298fc1c149afbf4c8996fb92427ae41e4649b934ca495991b7852b855,"HTTP 429: {""error"":""Rate limit exceeded"",""message"":""Insufficient budget. This request costs $0.001 but you only have $0 remaining. Resets at midnight UTC. Need more? Add funds at https://openalex.org/pricing"",""retryAfter"":63036,""costUsd"":0.001,""daily",FT-SEED-R1B-P-2015-21,2015,comprehensive risk assessment and management
OPENALEX,OPENALEX_WORK_COUNT,comprehensive risk assessment and management,"""comprehensive risk assessment and management""",STRICT_ANCHOR,2015,2015,FAILED_PROVIDER_OR_REQUEST,,,2026-08-26,2026-08-26T06:29:39Z,https://api.openalex.org/works,https://api.openalex.org/works?search.exact=%22comprehensive+risk+assessment+and+management%22&per-page=1&select=id&filter=from_publication_date%3A2015-01-01%2Cto_publication_date%3A2015-12-31,EXACT_PHRASE,data/fear-temperature/priority180/search/raw/openalex/61142b1303633589d034e791a558dfc6e3214b332dc9b8fddbfdf7901ee0af28.json,e3b0c44298fc1c149afbf4c8996fb92427ae41e4649b934ca495991b7852b855,"HTTP 429: {""error"":""Rate limit exceeded"",""message"":""Insufficient budget. This request costs $0.001 but you only have $0 remaining. Resets at midnight UTC. Need more? Add funds at https://openalex.org/pricing"",""retryAfter"":63021,""costUsd"":0.001,""daily",FT-SEED-R1B-P-2015-21,2015,comprehensive risk assessment and management
OPENALEX,OPENALEX_WORK_COUNT,comprehensive risk assessment and management,"""comprehensive risk assessment and management""",CONTEXTUAL_ANCHOR,2014,2016,FAILED_PROVIDER_OR_REQUEST,,,2026-08-26,2026-08-26T06:29:55Z,https://api.openalex.org/works,https://api.openalex.org/works?search.exact=%22comprehensive+risk+assessment+and+management%22&per-page=1&select=id&filter=from_publication_date%3A2014-01-01%2Cto_publication_date%3A2016-12-31,EXACT_PHRASE,data/fear-temperature/priority180/search/raw/openalex/44c2378462875eb9a74b4dae5b328f4007f7ce6e832235507b4c8659b3eae8f4.json,e3b0c44298fc1c149afbf4c8996fb92427ae41e4649b934ca495991b7852b855,"HTTP 429: {""error"":""Rate limit exceeded"",""message"":""Insufficient budget. This request costs $0.001 but you only have $0 remaining. Resets at midnight UTC. Need more? Add funds at https://openalex.org/pricing"",""retryAfter"":63005,""costUsd"":0.001,""daily",FT-SEED-R1B-P-2015-21,2015,comprehensive risk assessment and management
GOOGLE_BOOKS_API,GOOGLE_BOOKS_TOTAL_ITEMS,comprehensive risk assessment and management,"""comprehensive risk assessment and management""",ALL_AVAILABLE,,,NOT_RUN_PROVIDER_QUOTA,,,2026-08-26,2026-08-26T06:34:48Z,https://www.googleapis.com/books/v1/volumes,https://www.googleapis.com/books/v1/volumes?q=%22comprehensive+risk+assessment+and+management%22&langRestrict=en&maxResults=1&printType=books,EXACT_PHRASE,data/fear-temperature/priority180/search/raw/google_books/provider_quota_probe.json,e3b0c44298fc1c149afbf4c8996fb92427ae41e4649b934ca495991b7852b855,Provider runtime probe returned project quota 0; no candidate count was fabricated. Internet Archive is the completed primary bounded source.,FT-SEED-R1B-P-2015-21,2015,comprehensive risk assessment and management
INTERNET_ARCHIVE,INTERNET_ARCHIVE_METADATA_TEXT_ITEM_COUNT,non-economic losses,"""non-economic losses"" AND mediatype:texts",ALL_AVAILABLE,,,COMPLETED_NONZERO,1,1,2026-08-26,2026-08-26T06:24:12Z,https://archive.org/advancedsearch.php,https://archive.org/advancedsearch.php?q=%22non-economic+losses%22+AND+mediatype%3Atexts&fl%5B%5D=identifier&rows=0&page=1&output=json,EXACT_PHRASE,data/fear-temperature/priority180/search/raw/internet_archive/27fa3ddf4568d0856c224f67266f5bfadc0648c5e1e233588788faaea8df7907.json,f8928919799a8a4331dcd2dde09afacecc76083afd6c555cd7dfcc424a7e4cd5,Metadata text-item count; not a full-text lexical frequency.,FT-SEED-R1B-P-2015-22,2015,non-economic losses
INTERNET_ARCHIVE,INTERNET_ARCHIVE_METADATA_TEXT_ITEM_COUNT,non-economic losses,"""non-economic losses"" AND mediatype:texts AND date:[2015-01-01 TO 2015-12-31]",STRICT_ANCHOR,2015,2015,COMPLETED_NONZERO,1,1,2026-08-26,2026-08-26T06:24:13Z,https://archive.org/advancedsearch.php,https://archive.org/advancedsearch.php?q=%22non-economic+losses%22+AND+mediatype%3Atexts+AND+date%3A%5B2015-01-01+TO+2015-12-31%5D&fl%5B%5D=identifier&rows=0&page=1&output=json,EXACT_PHRASE,data/fear-temperature/priority180/search/raw/internet_archive/e02ed0ece9b85f335e79382aa674aa5b2bfb873a0282adeee1f9c6fc45b966d9.json,5e87e120e01074a8d6ac18780aadc05d38c375d85db8f9521035f489b66eb52a,Metadata text-item count; not a full-text lexical frequency.,FT-SEED-R1B-P-2015-22,2015,non-economic losses
INTERNET_ARCHIVE,INTERNET_ARCHIVE_METADATA_TEXT_ITEM_COUNT,non-economic losses,"""non-economic losses"" AND mediatype:texts AND date:[2014-01-01 TO 2016-12-31]",CONTEXTUAL_ANCHOR,2014,2016,COMPLETED_NONZERO,1,1,2026-08-26,2026-08-26T06:24:14Z,https://archive.org/advancedsearch.php,https://archive.org/advancedsearch.php?q=%22non-economic+losses%22+AND+mediatype%3Atexts+AND+date%3A%5B2014-01-01+TO+2016-12-31%5D&fl%5B%5D=identifier&rows=0&page=1&output=json,EXACT_PHRASE,data/fear-temperature/priority180/search/raw/internet_archive/361b5c91d3bc728acc52d89db53b53afe423b7d515c000331fa2bf1e94b2de02.json,5d3b21cb6372cccd4e4dedb424268d7ec9fb643b199191eba82b067534054ab5,Metadata text-item count; not a full-text lexical frequency.,FT-SEED-R1B-P-2015-22,2015,non-economic losses
OPENALEX,OPENALEX_WORK_COUNT,non-economic losses,"""non-economic losses""",ALL_AVAILABLE,,,FAILED_PROVIDER_OR_REQUEST,,,2026-08-26,2026-08-26T06:32:35Z,https://api.openalex.org/works,https://api.openalex.org/works?search.exact=%22non-economic+losses%22&per-page=1&select=id,EXACT_PHRASE,data/fear-temperature/priority180/search/raw/openalex/001ff270c019b110925dff02355af60b2732fbb1b2e7cc2f26622c0a26bc4809.json,e3b0c44298fc1c149afbf4c8996fb92427ae41e4649b934ca495991b7852b855,NOT_RUN_OPENALEX_DAILY_BUDGET_EXHAUSTED: shared provider response retained; no count fabricated.,FT-SEED-R1B-P-2015-22,2015,non-economic losses
OPENALEX,OPENALEX_WORK_COUNT,non-economic losses,"""non-economic losses""",STRICT_ANCHOR,2015,2015,FAILED_PROVIDER_OR_REQUEST,,,2026-08-26,2026-08-26T06:32:35Z,https://api.openalex.org/works,https://api.openalex.org/works?search.exact=%22non-economic+losses%22&per-page=1&select=id&filter=from_publication_date%3A2015-01-01%2Cto_publication_date%3A2015-12-31,EXACT_PHRASE,data/fear-temperature/priority180/search/raw/openalex/001ff270c019b110925dff02355af60b2732fbb1b2e7cc2f26622c0a26bc4809.json,e3b0c44298fc1c149afbf4c8996fb92427ae41e4649b934ca495991b7852b855,NOT_RUN_OPENALEX_DAILY_BUDGET_EXHAUSTED: shared provider response retained; no count fabricated.,FT-SEED-R1B-P-2015-22,2015,non-economic losses
OPENALEX,OPENALEX_WORK_COUNT,non-economic losses,"""non-economic losses""",CONTEXTUAL_ANCHOR,2014,2016,FAILED_PROVIDER_OR_REQUEST,,,2026-08-26,2026-08-26T06:32:35Z,https://api.openalex.org/works,https://api.openalex.org/works?search.exact=%22non-economic+losses%22&per-page=1&select=id&filter=from_publication_date%3A2014-01-01%2Cto_publication_date%3A2016-12-31,EXACT_PHRASE,data/fear-temperature/priority180/search/raw/openalex/001ff270c019b110925dff02355af60b2732fbb1b2e7cc2f26622c0a26bc4809.json,e3b0c44298fc1c149afbf4c8996fb92427ae41e4649b934ca495991b7852b855,NOT_RUN_OPENALEX_DAILY_BUDGET_EXHAUSTED: shared provider response retained; no count fabricated.,FT-SEED-R1B-P-2015-22,2015,non-economic losses
GOOGLE_BOOKS_API,GOOGLE_BOOKS_TOTAL_ITEMS,non-economic losses,"""non-economic losses""",ALL_AVAILABLE,,,NOT_RUN_PROVIDER_QUOTA,,,2026-08-26,2026-08-26T06:34:48Z,https://www.googleapis.com/books/v1/volumes,https://www.googleapis.com/books/v1/volumes?q=%22non-economic+losses%22&langRestrict=en&maxResults=1&printType=books,EXACT_PHRASE,data/fear-temperature/priority180/search/raw/google_books/provider_quota_probe.json,e3b0c44298fc1c149afbf4c8996fb92427ae41e4649b934ca495991b7852b855,Provider runtime probe returned project quota 0; no candidate count was fabricated. Internet Archive is the completed primary bounded source.,FT-SEED-R1B-P-2015-22,2015,non-economic losses
INTERNET_ARCHIVE,INTERNET_ARCHIVE_METADATA_TEXT_ITEM_COUNT,common concern of humankind,"""common concern of humankind"" AND mediatype:texts",ALL_AVAILABLE,,,COMPLETED_NONZERO,5,5,2026-08-26,2026-08-26T06:20:13Z,https://archive.org/advancedsearch.php,https://archive.org/advancedsearch.php?q=%22common+concern+of+humankind%22+AND+mediatype%3Atexts&fl%5B%5D=identifier&rows=0&page=1&output=json,EXACT_PHRASE,data/fear-temperature/priority180/search/raw/internet_archive/5286294fa21e220b0f9c7f42cb58876038d35b6e054bb60a3e3c027215d4e06a.json,12d756ffdf32a9d161f88be745fdbe8ae6c89152c36cf9b48e5eccd351fed8a8,Metadata text-item count; not a full-text lexical frequency.,FT-SEED-R1B-P-2015-23,2015,common concern of humankind
INTERNET_ARCHIVE,INTERNET_ARCHIVE_METADATA_TEXT_ITEM_COUNT,common concern of humankind,"""common concern of humankind"" AND mediatype:texts AND date:[2015-01-01 TO 2015-12-31]",STRICT_ANCHOR,2015,2015,COMPLETED_ZERO,0,0,2026-08-26,2026-08-26T06:20:14Z,https://archive.org/advancedsearch.php,https://archive.org/advancedsearch.php?q=%22common+concern+of+humankind%22+AND+mediatype%3Atexts+AND+date%3A%5B2015-01-01+TO+2015-12-31%5D&fl%5B%5D=identifier&rows=0&page=1&output=json,EXACT_PHRASE,data/fear-temperature/priority180/search/raw/internet_archive/9df7c12dbfc6a067d954cb3bf1e9f017e93d01c8665385249b5f3a86340789f1.json,2c8601e0b393bf5cb8f58f0b154b04d16b26edbdbccfe1344d793ff82e11b932,Metadata text-item count; not a full-text lexical frequency.,FT-SEED-R1B-P-2015-23,2015,common concern of humankind
INTERNET_ARCHIVE,INTERNET_ARCHIVE_METADATA_TEXT_ITEM_COUNT,common concern of humankind,"""common concern of humankind"" AND mediatype:texts AND date:[2014-01-01 TO 2016-12-31]",CONTEXTUAL_ANCHOR,2014,2016,COMPLETED_ZERO,0,0,2026-08-26,2026-08-26T06:20:15Z,https://archive.org/advancedsearch.php,https://archive.org/advancedsearch.php?q=%22common+concern+of+humankind%22+AND+mediatype%3Atexts+AND+date%3A%5B2014-01-01+TO+2016-12-31%5D&fl%5B%5D=identifier&rows=0&page=1&output=json,EXACT_PHRASE,data/fear-temperature/priority180/search/raw/internet_archive/52174788f72834802ba585656bfeef6c453a261ae63ae832272e3c2c8a74b9b7.json,79cc504e27bac6bf66ac3eafa6bfea951987f1e7a5860a5027cd96c84f9551bb,Metadata text-item count; not a full-text lexical frequency.,FT-SEED-R1B-P-2015-23,2015,common concern of humankind
OPENALEX,OPENALEX_WORK_COUNT,common concern of humankind,"""common concern of humankind""",ALL_AVAILABLE,,,COMPLETED_NONZERO,1078,1078,2026-08-26,2026-08-26T06:28:35Z,https://api.openalex.org/works,https://api.openalex.org/works?search.exact=%22common+concern+of+humankind%22&per-page=1&select=id,EXACT_PHRASE,data/fear-temperature/priority180/search/raw/openalex/c98c721667ebebb5ad8b4c083356fb42c9a6557e34ec5a0d2c09fe25a7be447c.json,7aa2e44bfb31a446315fd030229587499f6031f497a17afd7db8d35239c04e16,Scholarly work discoverability count over OpenAlex search fields; not a corpus word frequency.,FT-SEED-R1B-P-2015-23,2015,common concern of humankind
OPENALEX,OPENALEX_WORK_COUNT,common concern of humankind,"""common concern of humankind""",STRICT_ANCHOR,2015,2015,COMPLETED_NONZERO,23,23,2026-08-26,2026-08-26T06:28:36Z,https://api.openalex.org/works,https://api.openalex.org/works?search.exact=%22common+concern+of+humankind%22&per-page=1&select=id&filter=from_publication_date%3A2015-01-01%2Cto_publication_date%3A2015-12-31,EXACT_PHRASE,data/fear-temperature/priority180/search/raw/openalex/d8433eb34a85cd53ca3264983372ac01b33b65a984a4b7b82ef294aee635b89b.json,444694a00fcd71fc74acb4c7a025bebd0272157ff3780eefb4951dd92bd27036,Scholarly work discoverability count over OpenAlex search fields; not a corpus word frequency.,FT-SEED-R1B-P-2015-23,2015,common concern of humankind
OPENALEX,OPENALEX_WORK_COUNT,common concern of humankind,"""common concern of humankind""",CONTEXTUAL_ANCHOR,2014,2016,COMPLETED_NONZERO,87,87,2026-08-26,2026-08-26T06:28:36Z,https://api.openalex.org/works,https://api.openalex.org/works?search.exact=%22common+concern+of+humankind%22&per-page=1&select=id&filter=from_publication_date%3A2014-01-01%2Cto_publication_date%3A2016-12-31,EXACT_PHRASE,data/fear-temperature/priority180/search/raw/openalex/499e4fab0c653934a6a3e70d7acfc3edcf320d915d1d52fe60c7e4c3b0c2ecb7.json,d202ea68537f088105a7fbfbeb7bc2fd950c0b2d2a5eae0cb11ed9cc42a21e72,Scholarly work discoverability count over OpenAlex search fields; not a corpus word frequency.,FT-SEED-R1B-P-2015-23,2015,common concern of humankind
GOOGLE_BOOKS_API,GOOGLE_BOOKS_TOTAL_ITEMS,common concern of humankind,"""common concern of humankind""",ALL_AVAILABLE,,,NOT_RUN_PROVIDER_QUOTA,,,2026-08-26,2026-08-26T06:34:48Z,https://www.googleapis.com/books/v1/volumes,https://www.googleapis.com/books/v1/volumes?q=%22common+concern+of+humankind%22&langRestrict=en&maxResults=1&printType=books,EXACT_PHRASE,data/fear-temperature/priority180/search/raw/google_books/provider_quota_probe.json,e3b0c44298fc1c149afbf4c8996fb92427ae41e4649b934ca495991b7852b855,Provider runtime probe returned project quota 0; no candidate count was fabricated. Internet Archive is the completed primary bounded source.,FT-SEED-R1B-P-2015-23,2015,common concern of humankind
INTERNET_ARCHIVE,INTERNET_ARCHIVE_METADATA_TEXT_ITEM_COUNT,climate justice,"""climate justice"" AND mediatype:texts",ALL_AVAILABLE,,,COMPLETED_NONZERO,145,145,2026-08-26,2026-08-26T06:20:00Z,https://archive.org/advancedsearch.php,https://archive.org/advancedsearch.php?q=%22climate+justice%22+AND+mediatype%3Atexts&fl%5B%5D=identifier&rows=0&page=1&output=json,EXACT_PHRASE,data/fear-temperature/priority180/search/raw/internet_archive/88c8138266ed20a0d0bd82b7e1ee4f1673a5f45ae027445cbf8d3f5511bbc1b0.json,d5efff5772a0876b92078a776fc42dd017b6d999673759cfdcd3c2d2643d5551,Metadata text-item count; not a full-text lexical frequency.,FT-SEED-R1B-P-2015-24,2015,climate justice
INTERNET_ARCHIVE,INTERNET_ARCHIVE_METADATA_TEXT_ITEM_COUNT,climate justice,"""climate justice"" AND mediatype:texts AND date:[2015-01-01 TO 2015-12-31]",STRICT_ANCHOR,2015,2015,COMPLETED_NONZERO,8,8,2026-08-26,2026-08-26T06:20:01Z,https://archive.org/advancedsearch.php,https://archive.org/advancedsearch.php?q=%22climate+justice%22+AND+mediatype%3Atexts+AND+date%3A%5B2015-01-01+TO+2015-12-31%5D&fl%5B%5D=identifier&rows=0&page=1&output=json,EXACT_PHRASE,data/fear-temperature/priority180/search/raw/internet_archive/e0eaf7b07fd568124c02c5ce199b8a938a850dc98c0c008bde03eed5166601df.json,9c8a9685152837348c7ab7e7480211b2fa564e5119ad2ac3c24fd3e1c1ae1f83,Metadata text-item count; not a full-text lexical frequency.,FT-SEED-R1B-P-2015-24,2015,climate justice
INTERNET_ARCHIVE,INTERNET_ARCHIVE_METADATA_TEXT_ITEM_COUNT,climate justice,"""climate justice"" AND mediatype:texts AND date:[2014-01-01 TO 2016-12-31]",CONTEXTUAL_ANCHOR,2014,2016,COMPLETED_NONZERO,20,20,2026-08-26,2026-08-26T06:20:02Z,https://archive.org/advancedsearch.php,https://archive.org/advancedsearch.php?q=%22climate+justice%22+AND+mediatype%3Atexts+AND+date%3A%5B2014-01-01+TO+2016-12-31%5D&fl%5B%5D=identifier&rows=0&page=1&output=json,EXACT_PHRASE,data/fear-temperature/priority180/search/raw/internet_archive/c27f5284d709a72b0ad90734e3539f5a757b5de287bd746e3063b4823ed44536.json,ab2eba04548d846eb3bc3fce2bc2b30c39f16650c5a6e0a004249932bd690324,Metadata text-item count; not a full-text lexical frequency.,FT-SEED-R1B-P-2015-24,2015,climate justice
OPENALEX,OPENALEX_WORK_COUNT,climate justice,"""climate justice""",ALL_AVAILABLE,,,COMPLETED_NONZERO,30786,30786,2026-08-26,2026-08-26T06:28:27Z,https://api.openalex.org/works,https://api.openalex.org/works?search.exact=%22climate+justice%22&per-page=1&select=id,EXACT_PHRASE,data/fear-temperature/priority180/search/raw/openalex/69999ef346760f72cfe57e0a66fcd60dcecbc6c0da0f40d304c05d20056bde91.json,14eabd795e2d2831a1b1769efd4a20b4b05e85ad6e79227273473b720bf4a83a,Scholarly work discoverability count over OpenAlex search fields; not a corpus word frequency.,FT-SEED-R1B-P-2015-24,2015,climate justice
OPENALEX,OPENALEX_WORK_COUNT,climate justice,"""climate justice""",STRICT_ANCHOR,2015,2015,COMPLETED_NONZERO,467,467,2026-08-26,2026-08-26T06:28:27Z,https://api.openalex.org/works,https://api.openalex.org/works?search.exact=%22climate+justice%22&per-page=1&select=id&filter=from_publication_date%3A2015-01-01%2Cto_publication_date%3A2015-12-31,EXACT_PHRASE,data/fear-temperature/priority180/search/raw/openalex/a5d96693f1117063113dbef90a9619d26ab1edda35520af68d7fa3417735351b.json,7f9834a3d3b17da0eb3bbaf9fdd6b8293152cd552334af24cd572059e64ae552,Scholarly work discoverability count over OpenAlex search fields; not a corpus word frequency.,FT-SEED-R1B-P-2015-24,2015,climate justice
OPENALEX,OPENALEX_WORK_COUNT,climate justice,"""climate justice""",CONTEXTUAL_ANCHOR,2014,2016,COMPLETED_NONZERO,1435,1435,2026-08-26,2026-08-26T06:28:28Z,https://api.openalex.org/works,https://api.openalex.org/works?search.exact=%22climate+justice%22&per-page=1&select=id&filter=from_publication_date%3A2014-01-01%2Cto_publication_date%3A2016-12-31,EXACT_PHRASE,data/fear-temperature/priority180/search/raw/openalex/9850dd259d0741c0461628b0fed6882ccb8690ead7eafabe45ec91ec4887248e.json,e80d6c19aa5b07e0e457d3d6dd89d1873dcb1c3f9a06e54881984afe32baed7d,Scholarly work discoverability count over OpenAlex search fields; not a corpus word frequency.,FT-SEED-R1B-P-2015-24,2015,climate justice
GOOGLE_BOOKS_API,GOOGLE_BOOKS_TOTAL_ITEMS,climate justice,"""climate justice""",ALL_AVAILABLE,,,NOT_RUN_PROVIDER_QUOTA,,,2026-08-26,2026-08-26T06:34:48Z,https://www.googleapis.com/books/v1/volumes,https://www.googleapis.com/books/v1/volumes?q=%22climate+justice%22&langRestrict=en&maxResults=1&printType=books,EXACT_PHRASE,data/fear-temperature/priority180/search/raw/google_books/provider_quota_probe.json,e3b0c44298fc1c149afbf4c8996fb92427ae41e4649b934ca495991b7852b855,Provider runtime probe returned project quota 0; no candidate count was fabricated. Internet Archive is the completed primary bounded source.,FT-SEED-R1B-P-2015-24,2015,climate justice
INTERNET_ARCHIVE,INTERNET_ARCHIVE_METADATA_TEXT_ITEM_COUNT,very worried,"""very worried"" AND mediatype:texts",ALL_AVAILABLE,,,COMPLETED_NONZERO,131,131,2026-08-26,2026-08-26T06:26:32Z,https://archive.org/advancedsearch.php,https://archive.org/advancedsearch.php?q=%22very+worried%22+AND+mediatype%3Atexts&fl%5B%5D=identifier&rows=0&page=1&output=json,EXACT_PHRASE,data/fear-temperature/priority180/search/raw/internet_archive/e4cf5374dc1aaec3294850b395b0f5d8c8b00301addefa186d51376111f07396.json,630bce5a194eb0d2ac2b03813c0cd83f38467d851351fc29d5d92e5e725b3c3c,Metadata text-item count; not a full-text lexical frequency.,FT-SEED-R1B-P-2015-25,2015,very worried
INTERNET_ARCHIVE,INTERNET_ARCHIVE_METADATA_TEXT_ITEM_COUNT,very worried,"""very worried"" AND mediatype:texts AND date:[2015-01-01 TO 2015-12-31]",STRICT_ANCHOR,2015,2015,COMPLETED_NONZERO,2,2,2026-08-26,2026-08-26T06:26:34Z,https://archive.org/advancedsearch.php,https://archive.org/advancedsearch.php?q=%22very+worried%22+AND+mediatype%3Atexts+AND+date%3A%5B2015-01-01+TO+2015-12-31%5D&fl%5B%5D=identifier&rows=0&page=1&output=json,EXACT_PHRASE,data/fear-temperature/priority180/search/raw/internet_archive/80128a1fcc1b93be2bbd28c8f1101dac6094ebfbc4154296aaa169e022fd9385.json,7990aaa0cef59e2264dd3e252ab79e0605895d06bbceb99284e80a3c1d6693cb,Metadata text-item count; not a full-text lexical frequency.,FT-SEED-R1B-P-2015-25,2015,very worried
INTERNET_ARCHIVE,INTERNET_ARCHIVE_METADATA_TEXT_ITEM_COUNT,very worried,"""very worried"" AND mediatype:texts AND date:[2014-01-01 TO 2016-12-31]",CONTEXTUAL_ANCHOR,2014,2016,COMPLETED_NONZERO,4,4,2026-08-26,2026-08-26T06:26:35Z,https://archive.org/advancedsearch.php,https://archive.org/advancedsearch.php?q=%22very+worried%22+AND+mediatype%3Atexts+AND+date%3A%5B2014-01-01+TO+2016-12-31%5D&fl%5B%5D=identifier&rows=0&page=1&output=json,EXACT_PHRASE,data/fear-temperature/priority180/search/raw/internet_archive/37fb5e0a67f230fb444471e150288ec66bec055447662ad709ebbd78ac85190b.json,506766f7075e5972ae8e10259423ad04d64451ba4de7844523d0326b0ecfd908,Metadata text-item count; not a full-text lexical frequency.,FT-SEED-R1B-P-2015-25,2015,very worried
OPENALEX,OPENALEX_WORK_COUNT,very worried,"""very worried""",ALL_AVAILABLE,,,FAILED_PROVIDER_OR_REQUEST,,,2026-08-26,2026-08-26T06:32:35Z,https://api.openalex.org/works,https://api.openalex.org/works?search.exact=%22very+worried%22&per-page=1&select=id,EXACT_PHRASE,data/fear-temperature/priority180/search/raw/openalex/001ff270c019b110925dff02355af60b2732fbb1b2e7cc2f26622c0a26bc4809.json,e3b0c44298fc1c149afbf4c8996fb92427ae41e4649b934ca495991b7852b855,NOT_RUN_OPENALEX_DAILY_BUDGET_EXHAUSTED: shared provider response retained; no count fabricated.,FT-SEED-R1B-P-2015-25,2015,very worried
OPENALEX,OPENALEX_WORK_COUNT,very worried,"""very worried""",STRICT_ANCHOR,2015,2015,FAILED_PROVIDER_OR_REQUEST,,,2026-08-26,2026-08-26T06:32:35Z,https://api.openalex.org/works,https://api.openalex.org/works?search.exact=%22very+worried%22&per-page=1&select=id&filter=from_publication_date%3A2015-01-01%2Cto_publication_date%3A2015-12-31,EXACT_PHRASE,data/fear-temperature/priority180/search/raw/openalex/001ff270c019b110925dff02355af60b2732fbb1b2e7cc2f26622c0a26bc4809.json,e3b0c44298fc1c149afbf4c8996fb92427ae41e4649b934ca495991b7852b855,NOT_RUN_OPENALEX_DAILY_BUDGET_EXHAUSTED: shared provider response retained; no count fabricated.,FT-SEED-R1B-P-2015-25,2015,very worried
OPENALEX,OPENALEX_WORK_COUNT,very worried,"""very worried""",CONTEXTUAL_ANCHOR,2014,2016,FAILED_PROVIDER_OR_REQUEST,,,2026-08-26,2026-08-26T06:32:35Z,https://api.openalex.org/works,https://api.openalex.org/works?search.exact=%22very+worried%22&per-page=1&select=id&filter=from_publication_date%3A2014-01-01%2Cto_publication_date%3A2016-12-31,EXACT_PHRASE,data/fear-temperature/priority180/search/raw/openalex/001ff270c019b110925dff02355af60b2732fbb1b2e7cc2f26622c0a26bc4809.json,e3b0c44298fc1c149afbf4c8996fb92427ae41e4649b934ca495991b7852b855,NOT_RUN_OPENALEX_DAILY_BUDGET_EXHAUSTED: shared provider response retained; no count fabricated.,FT-SEED-R1B-P-2015-25,2015,very worried
GOOGLE_BOOKS_API,GOOGLE_BOOKS_TOTAL_ITEMS,very worried,"""very worried""",ALL_AVAILABLE,,,NOT_RUN_PROVIDER_QUOTA,,,2026-08-26,2026-08-26T06:34:48Z,https://www.googleapis.com/books/v1/volumes,https://www.googleapis.com/books/v1/volumes?q=%22very+worried%22&langRestrict=en&maxResults=1&printType=books,EXACT_PHRASE,data/fear-temperature/priority180/search/raw/google_books/provider_quota_probe.json,e3b0c44298fc1c149afbf4c8996fb92427ae41e4649b934ca495991b7852b855,Provider runtime probe returned project quota 0; no candidate count was fabricated. Internet Archive is the completed primary bounded source.,FT-SEED-R1B-P-2015-25,2015,very worried
INTERNET_ARCHIVE,INTERNET_ARCHIVE_METADATA_TEXT_ITEM_COUNT,somewhat worried,"""somewhat worried"" AND mediatype:texts",ALL_AVAILABLE,,,COMPLETED_NONZERO,15,15,2026-08-26,2026-08-26T06:25:36Z,https://archive.org/advancedsearch.php,https://archive.org/advancedsearch.php?q=%22somewhat+worried%22+AND+mediatype%3Atexts&fl%5B%5D=identifier&rows=0&page=1&output=json,EXACT_PHRASE,data/fear-temperature/priority180/search/raw/internet_archive/40b45ba5576a0a2a599e3be0cab7ff394b7c31a0c27ce6d342f8276fdf46f336.json,52c65ced4654da68fd2a1c5feec20b56bb5da4ae054b1eb7c6399dc6702051e6,Metadata text-item count; not a full-text lexical frequency.,FT-SEED-R1B-P-2015-26,2015,somewhat worried
INTERNET_ARCHIVE,INTERNET_ARCHIVE_METADATA_TEXT_ITEM_COUNT,somewhat worried,"""somewhat worried"" AND mediatype:texts AND date:[2015-01-01 TO 2015-12-31]",STRICT_ANCHOR,2015,2015,COMPLETED_ZERO,0,0,2026-08-26,2026-08-26T06:25:37Z,https://archive.org/advancedsearch.php,https://archive.org/advancedsearch.php?q=%22somewhat+worried%22+AND+mediatype%3Atexts+AND+date%3A%5B2015-01-01+TO+2015-12-31%5D&fl%5B%5D=identifier&rows=0&page=1&output=json,EXACT_PHRASE,data/fear-temperature/priority180/search/raw/internet_archive/7f9171348f4ae0046d1255bfad38111aee504d3828e26ddf00ad4262f1634b6f.json,bb566ce51b4ab2171f04eaddf9a1dcb536a4c83015b8e971b393469067238462,Metadata text-item count; not a full-text lexical frequency.,FT-SEED-R1B-P-2015-26,2015,somewhat worried
INTERNET_ARCHIVE,INTERNET_ARCHIVE_METADATA_TEXT_ITEM_COUNT,somewhat worried,"""somewhat worried"" AND mediatype:texts AND date:[2014-01-01 TO 2016-12-31]",CONTEXTUAL_ANCHOR,2014,2016,COMPLETED_NONZERO,2,2,2026-08-26,2026-08-26T06:25:38Z,https://archive.org/advancedsearch.php,https://archive.org/advancedsearch.php?q=%22somewhat+worried%22+AND+mediatype%3Atexts+AND+date%3A%5B2014-01-01+TO+2016-12-31%5D&fl%5B%5D=identifier&rows=0&page=1&output=json,EXACT_PHRASE,data/fear-temperature/priority180/search/raw/internet_archive/938e3c7b563075a357733e4da6577b8cfc6e54ed8be3c53196874faf4345cbb3.json,8e7381f004ac53f7cb2b6f066c0b88f57ce1e1335faa2c03796e74ceffd47fea,Metadata text-item count; not a full-text lexical frequency.,FT-SEED-R1B-P-2015-26,2015,somewhat worried
OPENALEX,OPENALEX_WORK_COUNT,somewhat worried,"""somewhat worried""",ALL_AVAILABLE,,,FAILED_PROVIDER_OR_REQUEST,,,2026-08-26,2026-08-26T06:32:35Z,https://api.openalex.org/works,https://api.openalex.org/works?search.exact=%22somewhat+worried%22&per-page=1&select=id,EXACT_PHRASE,data/fear-temperature/priority180/search/raw/openalex/001ff270c019b110925dff02355af60b2732fbb1b2e7cc2f26622c0a26bc4809.json,e3b0c44298fc1c149afbf4c8996fb92427ae41e4649b934ca495991b7852b855,NOT_RUN_OPENALEX_DAILY_BUDGET_EXHAUSTED: shared provider response retained; no count fabricated.,FT-SEED-R1B-P-2015-26,2015,somewhat worried
OPENALEX,OPENALEX_WORK_COUNT,somewhat worried,"""somewhat worried""",STRICT_ANCHOR,2015,2015,FAILED_PROVIDER_OR_REQUEST,,,2026-08-26,2026-08-26T06:32:35Z,https://api.openalex.org/works,https://api.openalex.org/works?search.exact=%22somewhat+worried%22&per-page=1&select=id&filter=from_publication_date%3A2015-01-01%2Cto_publication_date%3A2015-12-31,EXACT_PHRASE,data/fear-temperature/priority180/search/raw/openalex/001ff270c019b110925dff02355af60b2732fbb1b2e7cc2f26622c0a26bc4809.json,e3b0c44298fc1c149afbf4c8996fb92427ae41e4649b934ca495991b7852b855,NOT_RUN_OPENALEX_DAILY_BUDGET_EXHAUSTED: shared provider response retained; no count fabricated.,FT-SEED-R1B-P-2015-26,2015,somewhat worried
OPENALEX,OPENALEX_WORK_COUNT,somewhat worried,"""somewhat worried""",CONTEXTUAL_ANCHOR,2014,2016,FAILED_PROVIDER_OR_REQUEST,,,2026-08-26,2026-08-26T06:32:35Z,https://api.openalex.org/works,https://api.openalex.org/works?search.exact=%22somewhat+worried%22&per-page=1&select=id&filter=from_publication_date%3A2014-01-01%2Cto_publication_date%3A2016-12-31,EXACT_PHRASE,data/fear-temperature/priority180/search/raw/openalex/001ff270c019b110925dff02355af60b2732fbb1b2e7cc2f26622c0a26bc4809.json,e3b0c44298fc1c149afbf4c8996fb92427ae41e4649b934ca495991b7852b855,NOT_RUN_OPENALEX_DAILY_BUDGET_EXHAUSTED: shared provider response retained; no count fabricated.,FT-SEED-R1B-P-2015-26,2015,somewhat worried
GOOGLE_BOOKS_API,GOOGLE_BOOKS_TOTAL_ITEMS,somewhat worried,"""somewhat worried""",ALL_AVAILABLE,,,NOT_RUN_PROVIDER_QUOTA,,,2026-08-26,2026-08-26T06:34:48Z,https://www.googleapis.com/books/v1/volumes,https://www.googleapis.com/books/v1/volumes?q=%22somewhat+worried%22&langRestrict=en&maxResults=1&printType=books,EXACT_PHRASE,data/fear-temperature/priority180/search/raw/google_books/provider_quota_probe.json,e3b0c44298fc1c149afbf4c8996fb92427ae41e4649b934ca495991b7852b855,Provider runtime probe returned project quota 0; no candidate count was fabricated. Internet Archive is the completed primary bounded source.,FT-SEED-R1B-P-2015-26,2015,somewhat worried
INTERNET_ARCHIVE,INTERNET_ARCHIVE_METADATA_TEXT_ITEM_COUNT,very serious problem,"""very serious problem"" AND mediatype:texts",ALL_AVAILABLE,,,COMPLETED_NONZERO,101,101,2026-08-26,2026-08-26T06:26:26Z,https://archive.org/advancedsearch.php,https://archive.org/advancedsearch.php?q=%22very+serious+problem%22+AND+mediatype%3Atexts&fl%5B%5D=identifier&rows=0&page=1&output=json,EXACT_PHRASE,data/fear-temperature/priority180/search/raw/internet_archive/418f3f06dc5bf978ddbf6ce287364e1a55f7b8b77e06f2b69061600505b8e859.json,054bd5d38de79399c9e0d2b5a4562d4d4e3fa2db0e7623d0036c169743405568,Metadata text-item count; not a full-text lexical frequency.,FT-SEED-R1B-P-2015-27,2015,very serious problem
INTERNET_ARCHIVE,INTERNET_ARCHIVE_METADATA_TEXT_ITEM_COUNT,very serious problem,"""very serious problem"" AND mediatype:texts AND date:[2015-01-01 TO 2015-12-31]",STRICT_ANCHOR,2015,2015,COMPLETED_ZERO,0,0,2026-08-26,2026-08-26T06:26:27Z,https://archive.org/advancedsearch.php,https://archive.org/advancedsearch.php?q=%22very+serious+problem%22+AND+mediatype%3Atexts+AND+date%3A%5B2015-01-01+TO+2015-12-31%5D&fl%5B%5D=identifier&rows=0&page=1&output=json,EXACT_PHRASE,data/fear-temperature/priority180/search/raw/internet_archive/85bc9fa1b959586547832ab01494bd0e6174cd021697ffe665d1520244288399.json,99aae310cca1fd1073886f49d56218b5a2f0b7408eafa901b30b2d858583180c,Metadata text-item count; not a full-text lexical frequency.,FT-SEED-R1B-P-2015-27,2015,very serious problem
INTERNET_ARCHIVE,INTERNET_ARCHIVE_METADATA_TEXT_ITEM_COUNT,very serious problem,"""very serious problem"" AND mediatype:texts AND date:[2014-01-01 TO 2016-12-31]",CONTEXTUAL_ANCHOR,2014,2016,COMPLETED_NONZERO,5,5,2026-08-26,2026-08-26T06:26:28Z,https://archive.org/advancedsearch.php,https://archive.org/advancedsearch.php?q=%22very+serious+problem%22+AND+mediatype%3Atexts+AND+date%3A%5B2014-01-01+TO+2016-12-31%5D&fl%5B%5D=identifier&rows=0&page=1&output=json,EXACT_PHRASE,data/fear-temperature/priority180/search/raw/internet_archive/7ab8088fb714955c584be31a1b4908e0d1ebce286b8d402576e8f66b421103e9.json,cc6e376d3c7a61b9f637ae1680e919641b059aecb0f07e63f1360a6eb1b289f8,Metadata text-item count; not a full-text lexical frequency.,FT-SEED-R1B-P-2015-27,2015,very serious problem
OPENALEX,OPENALEX_WORK_COUNT,very serious problem,"""very serious problem""",ALL_AVAILABLE,,,FAILED_PROVIDER_OR_REQUEST,,,2026-08-26,2026-08-26T06:32:35Z,https://api.openalex.org/works,https://api.openalex.org/works?search.exact=%22very+serious+problem%22&per-page=1&select=id,EXACT_PHRASE,data/fear-temperature/priority180/search/raw/openalex/001ff270c019b110925dff02355af60b2732fbb1b2e7cc2f26622c0a26bc4809.json,e3b0c44298fc1c149afbf4c8996fb92427ae41e4649b934ca495991b7852b855,NOT_RUN_OPENALEX_DAILY_BUDGET_EXHAUSTED: shared provider response retained; no count fabricated.,FT-SEED-R1B-P-2015-27,2015,very serious problem
OPENALEX,OPENALEX_WORK_COUNT,very serious problem,"""very serious problem""",STRICT_ANCHOR,2015,2015,FAILED_PROVIDER_OR_REQUEST,,,2026-08-26,2026-08-26T06:32:35Z,https://api.openalex.org/works,https://api.openalex.org/works?search.exact=%22very+serious+problem%22&per-page=1&select=id&filter=from_publication_date%3A2015-01-01%2Cto_publication_date%3A2015-12-31,EXACT_PHRASE,data/fear-temperature/priority180/search/raw/openalex/001ff270c019b110925dff02355af60b2732fbb1b2e7cc2f26622c0a26bc4809.json,e3b0c44298fc1c149afbf4c8996fb92427ae41e4649b934ca495991b7852b855,NOT_RUN_OPENALEX_DAILY_BUDGET_EXHAUSTED: shared provider response retained; no count fabricated.,FT-SEED-R1B-P-2015-27,2015,very serious problem
OPENALEX,OPENALEX_WORK_COUNT,very serious problem,"""very serious problem""",CONTEXTUAL_ANCHOR,2014,2016,FAILED_PROVIDER_OR_REQUEST,,,2026-08-26,2026-08-26T06:32:35Z,https://api.openalex.org/works,https://api.openalex.org/works?search.exact=%22very+serious+problem%22&per-page=1&select=id&filter=from_publication_date%3A2014-01-01%2Cto_publication_date%3A2016-12-31,EXACT_PHRASE,data/fear-temperature/priority180/search/raw/openalex/001ff270c019b110925dff02355af60b2732fbb1b2e7cc2f26622c0a26bc4809.json,e3b0c44298fc1c149afbf4c8996fb92427ae41e4649b934ca495991b7852b855,NOT_RUN_OPENALEX_DAILY_BUDGET_EXHAUSTED: shared provider response retained; no count fabricated.,FT-SEED-R1B-P-2015-27,2015,very serious problem
GOOGLE_BOOKS_API,GOOGLE_BOOKS_TOTAL_ITEMS,very serious problem,"""very serious problem""",ALL_AVAILABLE,,,NOT_RUN_PROVIDER_QUOTA,,,2026-08-26,2026-08-26T06:34:48Z,https://www.googleapis.com/books/v1/volumes,https://www.googleapis.com/books/v1/volumes?q=%22very+serious+problem%22&langRestrict=en&maxResults=1&printType=books,EXACT_PHRASE,data/fear-temperature/priority180/search/raw/google_books/provider_quota_probe.json,e3b0c44298fc1c149afbf4c8996fb92427ae41e4649b934ca495991b7852b855,Provider runtime probe returned project quota 0; no candidate count was fabricated. Internet Archive is the completed primary bounded source.,FT-SEED-R1B-P-2015-27,2015,very serious problem
INTERNET_ARCHIVE,INTERNET_ARCHIVE_METADATA_TEXT_ITEM_COUNT,harm them personally,"""harm them personally"" AND mediatype:texts",ALL_AVAILABLE,,,COMPLETED_ZERO,0,0,2026-08-26,2026-08-26T06:22:34Z,https://archive.org/advancedsearch.php,https://archive.org/advancedsearch.php?q=%22harm+them+personally%22+AND+mediatype%3Atexts&fl%5B%5D=identifier&rows=0&page=1&output=json,EXACT_PHRASE,data/fear-temperature/priority180/search/raw/internet_archive/a85803a4b6d10319bed1e6cad3ae668690af3de24f3d5991bd0ac68c2eaa7e18.json,3839581549d96dbcf283ab8866a6f1be3b66a2205a0d68cb1bc9a1e64dfdf23a,Metadata text-item count; not a full-text lexical frequency.,FT-SEED-R1B-P-2015-28,2015,harm them personally
INTERNET_ARCHIVE,INTERNET_ARCHIVE_METADATA_TEXT_ITEM_COUNT,harm them personally,"""harm them personally"" AND mediatype:texts AND date:[2015-01-01 TO 2015-12-31]",STRICT_ANCHOR,2015,2015,COMPLETED_ZERO,0,0,2026-08-26,2026-08-26T06:22:35Z,https://archive.org/advancedsearch.php,https://archive.org/advancedsearch.php?q=%22harm+them+personally%22+AND+mediatype%3Atexts+AND+date%3A%5B2015-01-01+TO+2015-12-31%5D&fl%5B%5D=identifier&rows=0&page=1&output=json,EXACT_PHRASE,data/fear-temperature/priority180/search/raw/internet_archive/3cf3c6d5f5fff56229b7defcd8e61c2a4e7a8ec7475d011c8ac7d1e2866dbbb9.json,96946421ac8d61bae34dd88c4664dfee741f6a223eae87af481e26ad29edcc87,Metadata text-item count; not a full-text lexical frequency.,FT-SEED-R1B-P-2015-28,2015,harm them personally
INTERNET_ARCHIVE,INTERNET_ARCHIVE_METADATA_TEXT_ITEM_COUNT,harm them personally,"""harm them personally"" AND mediatype:texts AND date:[2014-01-01 TO 2016-12-31]",CONTEXTUAL_ANCHOR,2014,2016,COMPLETED_ZERO,0,0,2026-08-26,2026-08-26T06:22:36Z,https://archive.org/advancedsearch.php,https://archive.org/advancedsearch.php?q=%22harm+them+personally%22+AND+mediatype%3Atexts+AND+date%3A%5B2014-01-01+TO+2016-12-31%5D&fl%5B%5D=identifier&rows=0&page=1&output=json,EXACT_PHRASE,data/fear-temperature/priority180/search/raw/internet_archive/3ff8b09a8aa11782428b5dd577bd85f8b9fc7f6c5f28b441d73211d5717084e3.json,a28778d21f43670bee23e9ef0da641989fe77de51e99a68a496590937791bee6,Metadata text-item count; not a full-text lexical frequency.,FT-SEED-R1B-P-2015-28,2015,harm them personally
OPENALEX,OPENALEX_WORK_COUNT,harm them personally,"""harm them personally""",ALL_AVAILABLE,,,FAILED_PROVIDER_OR_REQUEST,,,2026-08-26,2026-08-26T06:32:35Z,https://api.openalex.org/works,https://api.openalex.org/works?search.exact=%22harm+them+personally%22&per-page=1&select=id,EXACT_PHRASE,data/fear-temperature/priority180/search/raw/openalex/001ff270c019b110925dff02355af60b2732fbb1b2e7cc2f26622c0a26bc4809.json,e3b0c44298fc1c149afbf4c8996fb92427ae41e4649b934ca495991b7852b855,NOT_RUN_OPENALEX_DAILY_BUDGET_EXHAUSTED: shared provider response retained; no count fabricated.,FT-SEED-R1B-P-2015-28,2015,harm them personally
OPENALEX,OPENALEX_WORK_COUNT,harm them personally,"""harm them personally""",STRICT_ANCHOR,2015,2015,FAILED_PROVIDER_OR_REQUEST,,,2026-08-26,2026-08-26T06:32:35Z,https://api.openalex.org/works,https://api.openalex.org/works?search.exact=%22harm+them+personally%22&per-page=1&select=id&filter=from_publication_date%3A2015-01-01%2Cto_publication_date%3A2015-12-31,EXACT_PHRASE,data/fear-temperature/priority180/search/raw/openalex/001ff270c019b110925dff02355af60b2732fbb1b2e7cc2f26622c0a26bc4809.json,e3b0c44298fc1c149afbf4c8996fb92427ae41e4649b934ca495991b7852b855,NOT_RUN_OPENALEX_DAILY_BUDGET_EXHAUSTED: shared provider response retained; no count fabricated.,FT-SEED-R1B-P-2015-28,2015,harm them personally
OPENALEX,OPENALEX_WORK_COUNT,harm them personally,"""harm them personally""",CONTEXTUAL_ANCHOR,2014,2016,FAILED_PROVIDER_OR_REQUEST,,,2026-08-26,2026-08-26T06:32:35Z,https://api.openalex.org/works,https://api.openalex.org/works?search.exact=%22harm+them+personally%22&per-page=1&select=id&filter=from_publication_date%3A2014-01-01%2Cto_publication_date%3A2016-12-31,EXACT_PHRASE,data/fear-temperature/priority180/search/raw/openalex/001ff270c019b110925dff02355af60b2732fbb1b2e7cc2f26622c0a26bc4809.json,e3b0c44298fc1c149afbf4c8996fb92427ae41e4649b934ca495991b7852b855,NOT_RUN_OPENALEX_DAILY_BUDGET_EXHAUSTED: shared provider response retained; no count fabricated.,FT-SEED-R1B-P-2015-28,2015,harm them personally
GOOGLE_BOOKS_API,GOOGLE_BOOKS_TOTAL_ITEMS,harm them personally,"""harm them personally""",ALL_AVAILABLE,,,NOT_RUN_PROVIDER_QUOTA,,,2026-08-26,2026-08-26T06:34:48Z,https://www.googleapis.com/books/v1/volumes,https://www.googleapis.com/books/v1/volumes?q=%22harm+them+personally%22&langRestrict=en&maxResults=1&printType=books,EXACT_PHRASE,data/fear-temperature/priority180/search/raw/google_books/provider_quota_probe.json,e3b0c44298fc1c149afbf4c8996fb92427ae41e4649b934ca495991b7852b855,Provider runtime probe returned project quota 0; no candidate count was fabricated. Internet Archive is the completed primary bounded source.,FT-SEED-R1B-P-2015-28,2015,harm them personally
INTERNET_ARCHIVE,INTERNET_ARCHIVE_METADATA_TEXT_ITEM_COUNT,drought or water shortages,"""drought or water shortages"" AND mediatype:texts",ALL_AVAILABLE,,,COMPLETED_NONZERO,1,1,2026-08-26,2026-08-26T06:21:04Z,https://archive.org/advancedsearch.php,https://archive.org/advancedsearch.php?q=%22drought+or+water+shortages%22+AND+mediatype%3Atexts&fl%5B%5D=identifier&rows=0&page=1&output=json,EXACT_PHRASE,data/fear-temperature/priority180/search/raw/internet_archive/9c97da0cf1c20b18379541b326b07bd345751bd889960e6f51e739787cc32ec4.json,255af31dc7f1b90dd2c76a81909255318b2069fc22d5c5a5dea9372f34ec4300,Metadata text-item count; not a full-text lexical frequency.,FT-SEED-R1B-P-2015-29,2015,drought or water shortages
INTERNET_ARCHIVE,INTERNET_ARCHIVE_METADATA_TEXT_ITEM_COUNT,drought or water shortages,"""drought or water shortages"" AND mediatype:texts AND date:[2015-01-01 TO 2015-12-31]",STRICT_ANCHOR,2015,2015,COMPLETED_NONZERO,1,1,2026-08-26,2026-08-26T06:21:06Z,https://archive.org/advancedsearch.php,https://archive.org/advancedsearch.php?q=%22drought+or+water+shortages%22+AND+mediatype%3Atexts+AND+date%3A%5B2015-01-01+TO+2015-12-31%5D&fl%5B%5D=identifier&rows=0&page=1&output=json,EXACT_PHRASE,data/fear-temperature/priority180/search/raw/internet_archive/ba2fa0232a280e4e12fd4a9b7b1cf3afc991bbf4ff890da26166a75f080133b5.json,a568633cacab4febf0777413c9814fe6293415e5f1feb55fec46e9ea1ef8cb5f,Metadata text-item count; not a full-text lexical frequency.,FT-SEED-R1B-P-2015-29,2015,drought or water shortages
INTERNET_ARCHIVE,INTERNET_ARCHIVE_METADATA_TEXT_ITEM_COUNT,drought or water shortages,"""drought or water shortages"" AND mediatype:texts AND date:[2014-01-01 TO 2016-12-31]",CONTEXTUAL_ANCHOR,2014,2016,COMPLETED_NONZERO,1,1,2026-08-26,2026-08-26T06:21:07Z,https://archive.org/advancedsearch.php,https://archive.org/advancedsearch.php?q=%22drought+or+water+shortages%22+AND+mediatype%3Atexts+AND+date%3A%5B2014-01-01+TO+2016-12-31%5D&fl%5B%5D=identifier&rows=0&page=1&output=json,EXACT_PHRASE,data/fear-temperature/priority180/search/raw/internet_archive/f7be04dd57b139c6ab19c231c6840a37bd7d198afdc55ebc9fd757180e50f4ef.json,8ec3f4553c45cd53de1e9ec68667aeb45cd0123c6fe48316e358c0c2b8a17e96,Metadata text-item count; not a full-text lexical frequency.,FT-SEED-R1B-P-2015-29,2015,drought or water shortages
OPENALEX,OPENALEX_WORK_COUNT,drought or water shortages,"""drought or water shortages""",ALL_AVAILABLE,,,FAILED_PROVIDER_OR_REQUEST,,,2026-08-26,2026-08-26T06:32:35Z,https://api.openalex.org/works,https://api.openalex.org/works?search.exact=%22drought+or+water+shortages%22&per-page=1&select=id,EXACT_PHRASE,data/fear-temperature/priority180/search/raw/openalex/001ff270c019b110925dff02355af60b2732fbb1b2e7cc2f26622c0a26bc4809.json,e3b0c44298fc1c149afbf4c8996fb92427ae41e4649b934ca495991b7852b855,NOT_RUN_OPENALEX_DAILY_BUDGET_EXHAUSTED: shared provider response retained; no count fabricated.,FT-SEED-R1B-P-2015-29,2015,drought or water shortages
OPENALEX,OPENALEX_WORK_COUNT,drought or water shortages,"""drought or water shortages""",STRICT_ANCHOR,2015,2015,FAILED_PROVIDER_OR_REQUEST,,,2026-08-26,2026-08-26T06:32:35Z,https://api.openalex.org/works,https://api.openalex.org/works?search.exact=%22drought+or+water+shortages%22&per-page=1&select=id&filter=from_publication_date%3A2015-01-01%2Cto_publication_date%3A2015-12-31,EXACT_PHRASE,data/fear-temperature/priority180/search/raw/openalex/001ff270c019b110925dff02355af60b2732fbb1b2e7cc2f26622c0a26bc4809.json,e3b0c44298fc1c149afbf4c8996fb92427ae41e4649b934ca495991b7852b855,NOT_RUN_OPENALEX_DAILY_BUDGET_EXHAUSTED: shared provider response retained; no count fabricated.,FT-SEED-R1B-P-2015-29,2015,drought or water shortages
OPENALEX,OPENALEX_WORK_COUNT,drought or water shortages,"""drought or water shortages""",CONTEXTUAL_ANCHOR,2014,2016,FAILED_PROVIDER_OR_REQUEST,,,2026-08-26,2026-08-26T06:32:35Z,https://api.openalex.org/works,https://api.openalex.org/works?search.exact=%22drought+or+water+shortages%22&per-page=1&select=id&filter=from_publication_date%3A2014-01-01%2Cto_publication_date%3A2016-12-31,EXACT_PHRASE,data/fear-temperature/priority180/search/raw/openalex/001ff270c019b110925dff02355af60b2732fbb1b2e7cc2f26622c0a26bc4809.json,e3b0c44298fc1c149afbf4c8996fb92427ae41e4649b934ca495991b7852b855,NOT_RUN_OPENALEX_DAILY_BUDGET_EXHAUSTED: shared provider response retained; no count fabricated.,FT-SEED-R1B-P-2015-29,2015,drought or water shortages
GOOGLE_BOOKS_API,GOOGLE_BOOKS_TOTAL_ITEMS,drought or water shortages,"""drought or water shortages""",ALL_AVAILABLE,,,NOT_RUN_PROVIDER_QUOTA,,,2026-08-26,2026-08-26T06:34:48Z,https://www.googleapis.com/books/v1/volumes,https://www.googleapis.com/books/v1/volumes?q=%22drought+or+water+shortages%22&langRestrict=en&maxResults=1&printType=books,EXACT_PHRASE,data/fear-temperature/priority180/search/raw/google_books/provider_quota_probe.json,e3b0c44298fc1c149afbf4c8996fb92427ae41e4649b934ca495991b7852b855,Provider runtime probe returned project quota 0; no candidate count was fabricated. Internet Archive is the completed primary bounded source.,FT-SEED-R1B-P-2015-29,2015,drought or water shortages
INTERNET_ARCHIVE,INTERNET_ARCHIVE_METADATA_TEXT_ITEM_COUNT,we are nature defending itself,"""We are nature defending itself"" AND mediatype:texts",ALL_AVAILABLE,,,COMPLETED_ZERO,0,0,2026-08-26,2026-08-26T06:26:54Z,https://archive.org/advancedsearch.php,https://archive.org/advancedsearch.php?q=%22We+are+nature+defending+itself%22+AND+mediatype%3Atexts&fl%5B%5D=identifier&rows=0&page=1&output=json,EXACT_PHRASE,data/fear-temperature/priority180/search/raw/internet_archive/f3eb8a66e9867825120f2c34545976531ca8070193c71ce857154d784892e8a8.json,fb968046305de510af94a8d3de9841f801c0f3aace0e37725a1954025aee0de8,Metadata text-item count; not a full-text lexical frequency.,FT-SEED-R1B-P-2015-30,2015,We are nature defending itself
INTERNET_ARCHIVE,INTERNET_ARCHIVE_METADATA_TEXT_ITEM_COUNT,we are nature defending itself,"""We are nature defending itself"" AND mediatype:texts AND date:[2015-01-01 TO 2015-12-31]",STRICT_ANCHOR,2015,2015,COMPLETED_ZERO,0,0,2026-08-26,2026-08-26T06:26:55Z,https://archive.org/advancedsearch.php,https://archive.org/advancedsearch.php?q=%22We+are+nature+defending+itself%22+AND+mediatype%3Atexts+AND+date%3A%5B2015-01-01+TO+2015-12-31%5D&fl%5B%5D=identifier&rows=0&page=1&output=json,EXACT_PHRASE,data/fear-temperature/priority180/search/raw/internet_archive/35b068d8e18a8cb9c25c025fb1a296b24b08245c19c916ef15944e7685094351.json,6d56eb89d65f910f771124923a03b2a6691ef96e5d6220f4956be63cc957296a,Metadata text-item count; not a full-text lexical frequency.,FT-SEED-R1B-P-2015-30,2015,We are nature defending itself
INTERNET_ARCHIVE,INTERNET_ARCHIVE_METADATA_TEXT_ITEM_COUNT,we are nature defending itself,"""We are nature defending itself"" AND mediatype:texts AND date:[2014-01-01 TO 2016-12-31]",CONTEXTUAL_ANCHOR,2014,2016,COMPLETED_ZERO,0,0,2026-08-26,2026-08-26T06:26:56Z,https://archive.org/advancedsearch.php,https://archive.org/advancedsearch.php?q=%22We+are+nature+defending+itself%22+AND+mediatype%3Atexts+AND+date%3A%5B2014-01-01+TO+2016-12-31%5D&fl%5B%5D=identifier&rows=0&page=1&output=json,EXACT_PHRASE,data/fear-temperature/priority180/search/raw/internet_archive/1b85baff186faa696dc78e7a2dcdfcf07c9b7fe59b7f0701be666b56e3f84356.json,c95ac5d59702dc8932c62ffad4114e1d75a7e1cc621c4fa2baf806164b59e7de,Metadata text-item count; not a full-text lexical frequency.,FT-SEED-R1B-P-2015-30,2015,We are nature defending itself
OPENALEX,OPENALEX_WORK_COUNT,we are nature defending itself,"""We are nature defending itself""",ALL_AVAILABLE,,,FAILED_PROVIDER_OR_REQUEST,,,2026-08-26,2026-08-26T06:32:35Z,https://api.openalex.org/works,https://api.openalex.org/works?search.exact=%22We+are+nature+defending+itself%22&per-page=1&select=id,EXACT_PHRASE,data/fear-temperature/priority180/search/raw/openalex/001ff270c019b110925dff02355af60b2732fbb1b2e7cc2f26622c0a26bc4809.json,e3b0c44298fc1c149afbf4c8996fb92427ae41e4649b934ca495991b7852b855,NOT_RUN_OPENALEX_DAILY_BUDGET_EXHAUSTED: shared provider response retained; no count fabricated.,FT-SEED-R1B-P-2015-30,2015,We are nature defending itself
OPENALEX,OPENALEX_WORK_COUNT,we are nature defending itself,"""We are nature defending itself""",STRICT_ANCHOR,2015,2015,FAILED_PROVIDER_OR_REQUEST,,,2026-08-26,2026-08-26T06:32:35Z,https://api.openalex.org/works,https://api.openalex.org/works?search.exact=%22We+are+nature+defending+itself%22&per-page=1&select=id&filter=from_publication_date%3A2015-01-01%2Cto_publication_date%3A2015-12-31,EXACT_PHRASE,data/fear-temperature/priority180/search/raw/openalex/001ff270c019b110925dff02355af60b2732fbb1b2e7cc2f26622c0a26bc4809.json,e3b0c44298fc1c149afbf4c8996fb92427ae41e4649b934ca495991b7852b855,NOT_RUN_OPENALEX_DAILY_BUDGET_EXHAUSTED: shared provider response retained; no count fabricated.,FT-SEED-R1B-P-2015-30,2015,We are nature defending itself
OPENALEX,OPENALEX_WORK_COUNT,we are nature defending itself,"""We are nature defending itself""",CONTEXTUAL_ANCHOR,2014,2016,FAILED_PROVIDER_OR_REQUEST,,,2026-08-26,2026-08-26T06:32:35Z,https://api.openalex.org/works,https://api.openalex.org/works?search.exact=%22We+are+nature+defending+itself%22&per-page=1&select=id&filter=from_publication_date%3A2014-01-01%2Cto_publication_date%3A2016-12-31,EXACT_PHRASE,data/fear-temperature/priority180/search/raw/openalex/001ff270c019b110925dff02355af60b2732fbb1b2e7cc2f26622c0a26bc4809.json,e3b0c44298fc1c149afbf4c8996fb92427ae41e4649b934ca495991b7852b855,NOT_RUN_OPENALEX_DAILY_BUDGET_EXHAUSTED: shared provider response retained; no count fabricated.,FT-SEED-R1B-P-2015-30,2015,We are nature defending itself
GOOGLE_BOOKS_API,GOOGLE_BOOKS_TOTAL_ITEMS,we are nature defending itself,"""We are nature defending itself""",ALL_AVAILABLE,,,NOT_RUN_PROVIDER_QUOTA,,,2026-08-26,2026-08-26T06:34:48Z,https://www.googleapis.com/books/v1/volumes,https://www.googleapis.com/books/v1/volumes?q=%22We+are+nature+defending+itself%22&langRestrict=en&maxResults=1&printType=books,EXACT_PHRASE,data/fear-temperature/priority180/search/raw/google_books/provider_quota_probe.json,e3b0c44298fc1c149afbf4c8996fb92427ae41e4649b934ca495991b7852b855,Provider runtime probe returned project quota 0; no candidate count was fabricated. Internet Archive is the completed primary bounded source.,FT-SEED-R1B-P-2015-30,2015,We are nature defending itself
INTERNET_ARCHIVE,INTERNET_ARCHIVE_METADATA_TEXT_ITEM_COUNT,climate change,"""climate change"" AND mediatype:texts",ALL_AVAILABLE,,,COMPLETED_NONZERO,30525,30525,2026-08-26,2026-08-26T06:19:54Z,https://archive.org/advancedsearch.php,https://archive.org/advancedsearch.php?q=%22climate+change%22+AND+mediatype%3Atexts&fl%5B%5D=identifier&rows=0&page=1&output=json,EXACT_PHRASE,data/fear-temperature/priority180/search/raw/internet_archive/4b53aab8c4527e29594fd78ba68840784a4233904083e8f67200f163fd0816da.json,40d2260a9536c69339d40d462ca799288e81ab3b1d861ea326c2fd289290fc63,Metadata text-item count; not a full-text lexical frequency.,FT-SEED-R1B-P-2022-01,2022,climate change
INTERNET_ARCHIVE,INTERNET_ARCHIVE_METADATA_TEXT_ITEM_COUNT,climate change,"""climate change"" AND mediatype:texts AND date:[2006-01-01 TO 2007-12-31]",STRICT_ANCHOR,2006,2007,COMPLETED_NONZERO,656,656,2026-08-26,2026-08-26T06:19:55Z,https://archive.org/advancedsearch.php,https://archive.org/advancedsearch.php?q=%22climate+change%22+AND+mediatype%3Atexts+AND+date%3A%5B2006-01-01+TO+2007-12-31%5D&fl%5B%5D=identifier&rows=0&page=1&output=json,EXACT_PHRASE,data/fear-temperature/priority180/search/raw/internet_archive/197c627468cb01bd57d185542439ef8e0c9c7791738006988bc82b04798bd8f7.json,12453e66d4d984691c3c6664e1b473269f61e4e9b6e69a7454ad0eaf03c4e3d7,Metadata text-item count; not a full-text lexical frequency.,FT-SEED-R1B-P-2022-01,2022,climate change
INTERNET_ARCHIVE,INTERNET_ARCHIVE_METADATA_TEXT_ITEM_COUNT,climate change,"""climate change"" AND mediatype:texts AND date:[2005-01-01 TO 2008-12-31]",CONTEXTUAL_ANCHOR,2005,2008,COMPLETED_NONZERO,1334,1334,2026-08-26,2026-08-26T06:19:56Z,https://archive.org/advancedsearch.php,https://archive.org/advancedsearch.php?q=%22climate+change%22+AND+mediatype%3Atexts+AND+date%3A%5B2005-01-01+TO+2008-12-31%5D&fl%5B%5D=identifier&rows=0&page=1&output=json,EXACT_PHRASE,data/fear-temperature/priority180/search/raw/internet_archive/5f3fb7b9d9a7afbf213947f1a28fe61792fd426e5723b0b3ba0c9d75d8ad2c40.json,b4e9a9b4e75288bd753ef8228373d08ff1a6d8aa8ca9ddd5f8a054c65ad4fcab,Metadata text-item count; not a full-text lexical frequency.,FT-SEED-R1B-P-2022-01,2022,climate change
OPENALEX,OPENALEX_WORK_COUNT,climate change,"""climate change""",ALL_AVAILABLE,,,COMPLETED_NONZERO,2549592,2549592,2026-08-26,2026-08-26T06:28:23Z,https://api.openalex.org/works,https://api.openalex.org/works?search.exact=%22climate+change%22&per-page=1&select=id,EXACT_PHRASE,data/fear-temperature/priority180/search/raw/openalex/2a50161adc5143f0998f62aad100b450b5e3fa3a64f0c9edc427c263ca37d458.json,ca061eae0e1c6e3630a94c178f1acf3b0f9af20abf0a6739c212546f3bc6842a,Scholarly work discoverability count over OpenAlex search fields; not a corpus word frequency.,FT-SEED-R1B-P-2022-01,2022,climate change
OPENALEX,OPENALEX_WORK_COUNT,climate change,"""climate change""",STRICT_ANCHOR,2006,2007,COMPLETED_NONZERO,32420,32420,2026-08-26,2026-08-26T06:28:24Z,https://api.openalex.org/works,https://api.openalex.org/works?search.exact=%22climate+change%22&per-page=1&select=id&filter=from_publication_date%3A2006-01-01%2Cto_publication_date%3A2007-12-31,EXACT_PHRASE,data/fear-temperature/priority180/search/raw/openalex/31827492219613dbe5d2b56915832214b242aa0cb5d34f91c4a383166862a217.json,72ad85269f5b001f14baca48eaf94bf358c2564a2494430bb0b30f6d6361baef,Scholarly work discoverability count over OpenAlex search fields; not a corpus word frequency.,FT-SEED-R1B-P-2022-01,2022,climate change
OPENALEX,OPENALEX_WORK_COUNT,climate change,"""climate change""",CONTEXTUAL_ANCHOR,2005,2008,COMPLETED_NONZERO,68712,68712,2026-08-26,2026-08-26T06:28:24Z,https://api.openalex.org/works,https://api.openalex.org/works?search.exact=%22climate+change%22&per-page=1&select=id&filter=from_publication_date%3A2005-01-01%2Cto_publication_date%3A2008-12-31,EXACT_PHRASE,data/fear-temperature/priority180/search/raw/openalex/5cb397ff81f7c6abcbd26350e4cd7f313cf7235206b23faa0306fe53943bb3de.json,4cc823e20407f3c642e44b4520810b18241ea474906e8d2b4a4e1f3824b0475d,Scholarly work discoverability count over OpenAlex search fields; not a corpus word frequency.,FT-SEED-R1B-P-2022-01,2022,climate change
GOOGLE_BOOKS_API,GOOGLE_BOOKS_TOTAL_ITEMS,climate change,"""climate change""",ALL_AVAILABLE,,,NOT_RUN_PROVIDER_QUOTA,,,2026-08-26,2026-08-26T06:34:48Z,https://www.googleapis.com/books/v1/volumes,https://www.googleapis.com/books/v1/volumes?q=%22climate+change%22&langRestrict=en&maxResults=1&printType=books,EXACT_PHRASE,data/fear-temperature/priority180/search/raw/google_books/provider_quota_probe.json,e3b0c44298fc1c149afbf4c8996fb92427ae41e4649b934ca495991b7852b855,Provider runtime probe returned project quota 0; no candidate count was fabricated. Internet Archive is the completed primary bounded source.,FT-SEED-R1B-P-2022-01,2022,climate change
INTERNET_ARCHIVE,INTERNET_ARCHIVE_METADATA_TEXT_ITEM_COUNT,global warming,"""global warming"" AND mediatype:texts",ALL_AVAILABLE,,,COMPLETED_NONZERO,5619,5619,2026-08-26,2026-08-26T06:22:06Z,https://archive.org/advancedsearch.php,https://archive.org/advancedsearch.php?q=%22global+warming%22+AND+mediatype%3Atexts&fl%5B%5D=identifier&rows=0&page=1&output=json,EXACT_PHRASE,data/fear-temperature/priority180/search/raw/internet_archive/8ca84f1b4be523e3ffacda77cf9b7c6018e7618da09d463134d2b97564621226.json,ff0e2527950b5fac4ee71b5fa5078ab152370fbdf847a301dd139f37965b3b0f,Metadata text-item count; not a full-text lexical frequency.,FT-SEED-R1B-P-2022-02,2022,global warming
INTERNET_ARCHIVE,INTERNET_ARCHIVE_METADATA_TEXT_ITEM_COUNT,global warming,"""global warming"" AND mediatype:texts AND date:[1988-01-01 TO 1988-12-31]",STRICT_ANCHOR,1988,1988,COMPLETED_NONZERO,11,11,2026-08-26,2026-08-26T06:22:07Z,https://archive.org/advancedsearch.php,https://archive.org/advancedsearch.php?q=%22global+warming%22+AND+mediatype%3Atexts+AND+date%3A%5B1988-01-01+TO+1988-12-31%5D&fl%5B%5D=identifier&rows=0&page=1&output=json,EXACT_PHRASE,data/fear-temperature/priority180/search/raw/internet_archive/4051429fa00d983d76b00dd3fe3da40e729fb088a9e920d4608815b2fc7de3b8.json,6d5f9f52e46ebb4c3805932c76c84eb5932705c4e3674bcfb0788006a257d979,Metadata text-item count; not a full-text lexical frequency.,FT-SEED-R1B-P-2022-02,2022,global warming
INTERNET_ARCHIVE,INTERNET_ARCHIVE_METADATA_TEXT_ITEM_COUNT,global warming,"""global warming"" AND mediatype:texts AND date:[1986-01-01 TO 1990-12-31]",CONTEXTUAL_ANCHOR,1986,1990,COMPLETED_NONZERO,123,123,2026-08-26,2026-08-26T06:22:08Z,https://archive.org/advancedsearch.php,https://archive.org/advancedsearch.php?q=%22global+warming%22+AND+mediatype%3Atexts+AND+date%3A%5B1986-01-01+TO+1990-12-31%5D&fl%5B%5D=identifier&rows=0&page=1&output=json,EXACT_PHRASE,data/fear-temperature/priority180/search/raw/internet_archive/4291153860d6d9128777f96ce6f1348ff266201eb01c33b29a627fffa47714bf.json,484831c739a4869ce3565aa844fdcb14b07bbccd28e29f8976bf07ae044b0ae8,Metadata text-item count; not a full-text lexical frequency.,FT-SEED-R1B-P-2022-02,2022,global warming
OPENALEX,OPENALEX_WORK_COUNT,global warming,"""global warming""",ALL_AVAILABLE,,,FAILED_PROVIDER_OR_REQUEST,,,2026-08-26,2026-08-26T06:32:35Z,https://api.openalex.org/works,https://api.openalex.org/works?search.exact=%22global+warming%22&per-page=1&select=id,EXACT_PHRASE,data/fear-temperature/priority180/search/raw/openalex/001ff270c019b110925dff02355af60b2732fbb1b2e7cc2f26622c0a26bc4809.json,e3b0c44298fc1c149afbf4c8996fb92427ae41e4649b934ca495991b7852b855,NOT_RUN_OPENALEX_DAILY_BUDGET_EXHAUSTED: shared provider response retained; no count fabricated.,FT-SEED-R1B-P-2022-02,2022,global warming
OPENALEX,OPENALEX_WORK_COUNT,global warming,"""global warming""",STRICT_ANCHOR,1988,1988,FAILED_PROVIDER_OR_REQUEST,,,2026-08-26,2026-08-26T06:32:35Z,https://api.openalex.org/works,https://api.openalex.org/works?search.exact=%22global+warming%22&per-page=1&select=id&filter=from_publication_date%3A1988-01-01%2Cto_publication_date%3A1988-12-31,EXACT_PHRASE,data/fear-temperature/priority180/search/raw/openalex/001ff270c019b110925dff02355af60b2732fbb1b2e7cc2f26622c0a26bc4809.json,e3b0c44298fc1c149afbf4c8996fb92427ae41e4649b934ca495991b7852b855,NOT_RUN_OPENALEX_DAILY_BUDGET_EXHAUSTED: shared provider response retained; no count fabricated.,FT-SEED-R1B-P-2022-02,2022,global warming
OPENALEX,OPENALEX_WORK_COUNT,global warming,"""global warming""",CONTEXTUAL_ANCHOR,1986,1990,FAILED_PROVIDER_OR_REQUEST,,,2026-08-26,2026-08-26T06:32:35Z,https://api.openalex.org/works,https://api.openalex.org/works?search.exact=%22global+warming%22&per-page=1&select=id&filter=from_publication_date%3A1986-01-01%2Cto_publication_date%3A1990-12-31,EXACT_PHRASE,data/fear-temperature/priority180/search/raw/openalex/001ff270c019b110925dff02355af60b2732fbb1b2e7cc2f26622c0a26bc4809.json,e3b0c44298fc1c149afbf4c8996fb92427ae41e4649b934ca495991b7852b855,NOT_RUN_OPENALEX_DAILY_BUDGET_EXHAUSTED: shared provider response retained; no count fabricated.,FT-SEED-R1B-P-2022-02,2022,global warming
GOOGLE_BOOKS_API,GOOGLE_BOOKS_TOTAL_ITEMS,global warming,"""global warming""",ALL_AVAILABLE,,,NOT_RUN_PROVIDER_QUOTA,,,2026-08-26,2026-08-26T06:34:48Z,https://www.googleapis.com/books/v1/volumes,https://www.googleapis.com/books/v1/volumes?q=%22global+warming%22&langRestrict=en&maxResults=1&printType=books,EXACT_PHRASE,data/fear-temperature/priority180/search/raw/google_books/provider_quota_probe.json,e3b0c44298fc1c149afbf4c8996fb92427ae41e4649b934ca495991b7852b855,Provider runtime probe returned project quota 0; no candidate count was fabricated. Internet Archive is the completed primary bounded source.,FT-SEED-R1B-P-2022-02,2022,global warming
INTERNET_ARCHIVE,INTERNET_ARCHIVE_METADATA_TEXT_ITEM_COUNT,very worried,"""very worried"" AND mediatype:texts",ALL_AVAILABLE,,,COMPLETED_NONZERO,131,131,2026-08-26,2026-08-26T06:26:32Z,https://archive.org/advancedsearch.php,https://archive.org/advancedsearch.php?q=%22very+worried%22+AND+mediatype%3Atexts&fl%5B%5D=identifier&rows=0&page=1&output=json,EXACT_PHRASE,data/fear-temperature/priority180/search/raw/internet_archive/e4cf5374dc1aaec3294850b395b0f5d8c8b00301addefa186d51376111f07396.json,630bce5a194eb0d2ac2b03813c0cd83f38467d851351fc29d5d92e5e725b3c3c,Metadata text-item count; not a full-text lexical frequency.,FT-SEED-R1B-P-2022-03,2022,very worried
INTERNET_ARCHIVE,INTERNET_ARCHIVE_METADATA_TEXT_ITEM_COUNT,very worried,"""very worried"" AND mediatype:texts AND date:[2015-01-01 TO 2015-12-31]",STRICT_ANCHOR,2015,2015,COMPLETED_NONZERO,2,2,2026-08-26,2026-08-26T06:26:34Z,https://archive.org/advancedsearch.php,https://archive.org/advancedsearch.php?q=%22very+worried%22+AND+mediatype%3Atexts+AND+date%3A%5B2015-01-01+TO+2015-12-31%5D&fl%5B%5D=identifier&rows=0&page=1&output=json,EXACT_PHRASE,data/fear-temperature/priority180/search/raw/internet_archive/80128a1fcc1b93be2bbd28c8f1101dac6094ebfbc4154296aaa169e022fd9385.json,7990aaa0cef59e2264dd3e252ab79e0605895d06bbceb99284e80a3c1d6693cb,Metadata text-item count; not a full-text lexical frequency.,FT-SEED-R1B-P-2022-03,2022,very worried
INTERNET_ARCHIVE,INTERNET_ARCHIVE_METADATA_TEXT_ITEM_COUNT,very worried,"""very worried"" AND mediatype:texts AND date:[2014-01-01 TO 2016-12-31]",CONTEXTUAL_ANCHOR,2014,2016,COMPLETED_NONZERO,4,4,2026-08-26,2026-08-26T06:26:35Z,https://archive.org/advancedsearch.php,https://archive.org/advancedsearch.php?q=%22very+worried%22+AND+mediatype%3Atexts+AND+date%3A%5B2014-01-01+TO+2016-12-31%5D&fl%5B%5D=identifier&rows=0&page=1&output=json,EXACT_PHRASE,data/fear-temperature/priority180/search/raw/internet_archive/37fb5e0a67f230fb444471e150288ec66bec055447662ad709ebbd78ac85190b.json,506766f7075e5972ae8e10259423ad04d64451ba4de7844523d0326b0ecfd908,Metadata text-item count; not a full-text lexical frequency.,FT-SEED-R1B-P-2022-03,2022,very worried
OPENALEX,OPENALEX_WORK_COUNT,very worried,"""very worried""",ALL_AVAILABLE,,,FAILED_PROVIDER_OR_REQUEST,,,2026-08-26,2026-08-26T06:32:35Z,https://api.openalex.org/works,https://api.openalex.org/works?search.exact=%22very+worried%22&per-page=1&select=id,EXACT_PHRASE,data/fear-temperature/priority180/search/raw/openalex/001ff270c019b110925dff02355af60b2732fbb1b2e7cc2f26622c0a26bc4809.json,e3b0c44298fc1c149afbf4c8996fb92427ae41e4649b934ca495991b7852b855,NOT_RUN_OPENALEX_DAILY_BUDGET_EXHAUSTED: shared provider response retained; no count fabricated.,FT-SEED-R1B-P-2022-03,2022,very worried
OPENALEX,OPENALEX_WORK_COUNT,very worried,"""very worried""",STRICT_ANCHOR,2015,2015,FAILED_PROVIDER_OR_REQUEST,,,2026-08-26,2026-08-26T06:32:35Z,https://api.openalex.org/works,https://api.openalex.org/works?search.exact=%22very+worried%22&per-page=1&select=id&filter=from_publication_date%3A2015-01-01%2Cto_publication_date%3A2015-12-31,EXACT_PHRASE,data/fear-temperature/priority180/search/raw/openalex/001ff270c019b110925dff02355af60b2732fbb1b2e7cc2f26622c0a26bc4809.json,e3b0c44298fc1c149afbf4c8996fb92427ae41e4649b934ca495991b7852b855,NOT_RUN_OPENALEX_DAILY_BUDGET_EXHAUSTED: shared provider response retained; no count fabricated.,FT-SEED-R1B-P-2022-03,2022,very worried
OPENALEX,OPENALEX_WORK_COUNT,very worried,"""very worried""",CONTEXTUAL_ANCHOR,2014,2016,FAILED_PROVIDER_OR_REQUEST,,,2026-08-26,2026-08-26T06:32:35Z,https://api.openalex.org/works,https://api.openalex.org/works?search.exact=%22very+worried%22&per-page=1&select=id&filter=from_publication_date%3A2014-01-01%2Cto_publication_date%3A2016-12-31,EXACT_PHRASE,data/fear-temperature/priority180/search/raw/openalex/001ff270c019b110925dff02355af60b2732fbb1b2e7cc2f26622c0a26bc4809.json,e3b0c44298fc1c149afbf4c8996fb92427ae41e4649b934ca495991b7852b855,NOT_RUN_OPENALEX_DAILY_BUDGET_EXHAUSTED: shared provider response retained; no count fabricated.,FT-SEED-R1B-P-2022-03,2022,very worried
GOOGLE_BOOKS_API,GOOGLE_BOOKS_TOTAL_ITEMS,very worried,"""very worried""",ALL_AVAILABLE,,,NOT_RUN_PROVIDER_QUOTA,,,2026-08-26,2026-08-26T06:34:48Z,https://www.googleapis.com/books/v1/volumes,https://www.googleapis.com/books/v1/volumes?q=%22very+worried%22&langRestrict=en&maxResults=1&printType=books,EXACT_PHRASE,data/fear-temperature/priority180/search/raw/google_books/provider_quota_probe.json,e3b0c44298fc1c149afbf4c8996fb92427ae41e4649b934ca495991b7852b855,Provider runtime probe returned project quota 0; no candidate count was fabricated. Internet Archive is the completed primary bounded source.,FT-SEED-R1B-P-2022-03,2022,very worried
INTERNET_ARCHIVE,INTERNET_ARCHIVE_METADATA_TEXT_ITEM_COUNT,somewhat worried,"""somewhat worried"" AND mediatype:texts",ALL_AVAILABLE,,,COMPLETED_NONZERO,15,15,2026-08-26,2026-08-26T06:25:36Z,https://archive.org/advancedsearch.php,https://archive.org/advancedsearch.php?q=%22somewhat+worried%22+AND+mediatype%3Atexts&fl%5B%5D=identifier&rows=0&page=1&output=json,EXACT_PHRASE,data/fear-temperature/priority180/search/raw/internet_archive/40b45ba5576a0a2a599e3be0cab7ff394b7c31a0c27ce6d342f8276fdf46f336.json,52c65ced4654da68fd2a1c5feec20b56bb5da4ae054b1eb7c6399dc6702051e6,Metadata text-item count; not a full-text lexical frequency.,FT-SEED-R1B-P-2022-04,2022,somewhat worried
INTERNET_ARCHIVE,INTERNET_ARCHIVE_METADATA_TEXT_ITEM_COUNT,somewhat worried,"""somewhat worried"" AND mediatype:texts AND date:[2015-01-01 TO 2015-12-31]",STRICT_ANCHOR,2015,2015,COMPLETED_ZERO,0,0,2026-08-26,2026-08-26T06:25:37Z,https://archive.org/advancedsearch.php,https://archive.org/advancedsearch.php?q=%22somewhat+worried%22+AND+mediatype%3Atexts+AND+date%3A%5B2015-01-01+TO+2015-12-31%5D&fl%5B%5D=identifier&rows=0&page=1&output=json,EXACT_PHRASE,data/fear-temperature/priority180/search/raw/internet_archive/7f9171348f4ae0046d1255bfad38111aee504d3828e26ddf00ad4262f1634b6f.json,bb566ce51b4ab2171f04eaddf9a1dcb536a4c83015b8e971b393469067238462,Metadata text-item count; not a full-text lexical frequency.,FT-SEED-R1B-P-2022-04,2022,somewhat worried
INTERNET_ARCHIVE,INTERNET_ARCHIVE_METADATA_TEXT_ITEM_COUNT,somewhat worried,"""somewhat worried"" AND mediatype:texts AND date:[2014-01-01 TO 2016-12-31]",CONTEXTUAL_ANCHOR,2014,2016,COMPLETED_NONZERO,2,2,2026-08-26,2026-08-26T06:25:38Z,https://archive.org/advancedsearch.php,https://archive.org/advancedsearch.php?q=%22somewhat+worried%22+AND+mediatype%3Atexts+AND+date%3A%5B2014-01-01+TO+2016-12-31%5D&fl%5B%5D=identifier&rows=0&page=1&output=json,EXACT_PHRASE,data/fear-temperature/priority180/search/raw/internet_archive/938e3c7b563075a357733e4da6577b8cfc6e54ed8be3c53196874faf4345cbb3.json,8e7381f004ac53f7cb2b6f066c0b88f57ce1e1335faa2c03796e74ceffd47fea,Metadata text-item count; not a full-text lexical frequency.,FT-SEED-R1B-P-2022-04,2022,somewhat worried
OPENALEX,OPENALEX_WORK_COUNT,somewhat worried,"""somewhat worried""",ALL_AVAILABLE,,,FAILED_PROVIDER_OR_REQUEST,,,2026-08-26,2026-08-26T06:32:35Z,https://api.openalex.org/works,https://api.openalex.org/works?search.exact=%22somewhat+worried%22&per-page=1&select=id,EXACT_PHRASE,data/fear-temperature/priority180/search/raw/openalex/001ff270c019b110925dff02355af60b2732fbb1b2e7cc2f26622c0a26bc4809.json,e3b0c44298fc1c149afbf4c8996fb92427ae41e4649b934ca495991b7852b855,NOT_RUN_OPENALEX_DAILY_BUDGET_EXHAUSTED: shared provider response retained; no count fabricated.,FT-SEED-R1B-P-2022-04,2022,somewhat worried
OPENALEX,OPENALEX_WORK_COUNT,somewhat worried,"""somewhat worried""",STRICT_ANCHOR,2015,2015,FAILED_PROVIDER_OR_REQUEST,,,2026-08-26,2026-08-26T06:32:35Z,https://api.openalex.org/works,https://api.openalex.org/works?search.exact=%22somewhat+worried%22&per-page=1&select=id&filter=from_publication_date%3A2015-01-01%2Cto_publication_date%3A2015-12-31,EXACT_PHRASE,data/fear-temperature/priority180/search/raw/openalex/001ff270c019b110925dff02355af60b2732fbb1b2e7cc2f26622c0a26bc4809.json,e3b0c44298fc1c149afbf4c8996fb92427ae41e4649b934ca495991b7852b855,NOT_RUN_OPENALEX_DAILY_BUDGET_EXHAUSTED: shared provider response retained; no count fabricated.,FT-SEED-R1B-P-2022-04,2022,somewhat worried
OPENALEX,OPENALEX_WORK_COUNT,somewhat worried,"""somewhat worried""",CONTEXTUAL_ANCHOR,2014,2016,FAILED_PROVIDER_OR_REQUEST,,,2026-08-26,2026-08-26T06:32:35Z,https://api.openalex.org/works,https://api.openalex.org/works?search.exact=%22somewhat+worried%22&per-page=1&select=id&filter=from_publication_date%3A2014-01-01%2Cto_publication_date%3A2016-12-31,EXACT_PHRASE,data/fear-temperature/priority180/search/raw/openalex/001ff270c019b110925dff02355af60b2732fbb1b2e7cc2f26622c0a26bc4809.json,e3b0c44298fc1c149afbf4c8996fb92427ae41e4649b934ca495991b7852b855,NOT_RUN_OPENALEX_DAILY_BUDGET_EXHAUSTED: shared provider response retained; no count fabricated.,FT-SEED-R1B-P-2022-04,2022,somewhat worried
GOOGLE_BOOKS_API,GOOGLE_BOOKS_TOTAL_ITEMS,somewhat worried,"""somewhat worried""",ALL_AVAILABLE,,,NOT_RUN_PROVIDER_QUOTA,,,2026-08-26,2026-08-26T06:34:48Z,https://www.googleapis.com/books/v1/volumes,https://www.googleapis.com/books/v1/volumes?q=%22somewhat+worried%22&langRestrict=en&maxResults=1&printType=books,EXACT_PHRASE,data/fear-temperature/priority180/search/raw/google_books/provider_quota_probe.json,e3b0c44298fc1c149afbf4c8996fb92427ae41e4649b934ca495991b7852b855,Provider runtime probe returned project quota 0; no candidate count was fabricated. Internet Archive is the completed primary bounded source.,FT-SEED-R1B-P-2022-04,2022,somewhat worried
INTERNET_ARCHIVE,INTERNET_ARCHIVE_METADATA_TEXT_ITEM_COUNT,afraid,"""afraid"" AND mediatype:texts",ALL_AVAILABLE,,,COMPLETED_NONZERO,9411,9411,2026-08-26,2026-08-26T06:18:50Z,https://archive.org/advancedsearch.php,https://archive.org/advancedsearch.php?q=%22afraid%22+AND+mediatype%3Atexts&fl%5B%5D=identifier&rows=0&page=1&output=json,EXACT_PHRASE,data/fear-temperature/priority180/search/raw/internet_archive/8443e8d64c101cdd03787cc2e9d086182be21ab60e9f5c1cdb03e1b92366d4d3.json,4773b34858672ab1b05c015991ed35d10fcc937403b640c2ede81e276b7bccb9,Metadata text-item count; not a full-text lexical frequency.,FT-SEED-R1B-P-2022-05,2022,afraid
INTERNET_ARCHIVE,INTERNET_ARCHIVE_METADATA_TEXT_ITEM_COUNT,afraid,"""afraid"" AND mediatype:texts AND date:[2022-01-01 TO 2022-12-31]",STRICT_ANCHOR,2022,2022,COMPLETED_NONZERO,44,44,2026-08-26,2026-08-26T06:18:51Z,https://archive.org/advancedsearch.php,https://archive.org/advancedsearch.php?q=%22afraid%22+AND+mediatype%3Atexts+AND+date%3A%5B2022-01-01+TO+2022-12-31%5D&fl%5B%5D=identifier&rows=0&page=1&output=json,EXACT_PHRASE,data/fear-temperature/priority180/search/raw/internet_archive/c0dc0fad9a4ca4ebc83360fadbb03a27efff8bed3d287bf5836f5c9d0e71bd23.json,b412a646ff99b685eab65dbeea036bb3c210d2c1f5e87a049f8bdfbe764a0629,Metadata text-item count; not a full-text lexical frequency.,FT-SEED-R1B-P-2022-05,2022,afraid
INTERNET_ARCHIVE,INTERNET_ARCHIVE_METADATA_TEXT_ITEM_COUNT,afraid,"""afraid"" AND mediatype:texts AND date:[2021-01-01 TO 2023-12-31]",CONTEXTUAL_ANCHOR,2021,2023,COMPLETED_NONZERO,125,125,2026-08-26,2026-08-26T06:18:52Z,https://archive.org/advancedsearch.php,https://archive.org/advancedsearch.php?q=%22afraid%22+AND+mediatype%3Atexts+AND+date%3A%5B2021-01-01+TO+2023-12-31%5D&fl%5B%5D=identifier&rows=0&page=1&output=json,EXACT_PHRASE,data/fear-temperature/priority180/search/raw/internet_archive/28f27dfb10786541c5a4827adc52e71c16eefb6d06382cb47cba9fa7f4f1b42f.json,3928f6ae3c438d7b45839de210fb11dfe79d61a34287226ac5d03519dfcba38e,Metadata text-item count; not a full-text lexical frequency.,FT-SEED-R1B-P-2022-05,2022,afraid
OPENALEX,OPENALEX_WORK_COUNT,afraid,"""afraid""",ALL_AVAILABLE,,,COMPLETED_NONZERO,559397,559397,2026-08-26,2026-08-26T06:27:34Z,https://api.openalex.org/works,https://api.openalex.org/works?search.exact=%22afraid%22&per-page=1&select=id,EXACT_PHRASE,data/fear-temperature/priority180/search/raw/openalex/55f415101d129ed68243047645609e984d559a02d77b7e1f47429d711a59c4d7.json,8deadfef62aa7cf343206f5dfd06ebbc40650206bfe21ec2a6ebdf9c59493ca9,Scholarly work discoverability count over OpenAlex search fields; not a corpus word frequency.,FT-SEED-R1B-P-2022-05,2022,afraid
OPENALEX,OPENALEX_WORK_COUNT,afraid,"""afraid""",STRICT_ANCHOR,2022,2022,COMPLETED_NONZERO,38976,38976,2026-08-26,2026-08-26T06:27:34Z,https://api.openalex.org/works,https://api.openalex.org/works?search.exact=%22afraid%22&per-page=1&select=id&filter=from_publication_date%3A2022-01-01%2Cto_publication_date%3A2022-12-31,EXACT_PHRASE,data/fear-temperature/priority180/search/raw/openalex/cd5b90050f908497ebce80587516f845b2bdcecf74be424c1337ea09a55182dc.json,fa819e440d07beed62dda6bcd563b11f5aaa41dbb4e82283ac998be3c3d91b1d,Scholarly work discoverability count over OpenAlex search fields; not a corpus word frequency.,FT-SEED-R1B-P-2022-05,2022,afraid
OPENALEX,OPENALEX_WORK_COUNT,afraid,"""afraid""",CONTEXTUAL_ANCHOR,2021,2023,COMPLETED_NONZERO,122360,122360,2026-08-26,2026-08-26T06:27:35Z,https://api.openalex.org/works,https://api.openalex.org/works?search.exact=%22afraid%22&per-page=1&select=id&filter=from_publication_date%3A2021-01-01%2Cto_publication_date%3A2023-12-31,EXACT_PHRASE,data/fear-temperature/priority180/search/raw/openalex/7f3b6395a045ee2460f74779cd4cdfe1152367e624d99d3ebb18d6308bee8556.json,565e62cc556db70fdae1fa6d4dfa007338f037cb160e75563f6e0d7f941dd1e9,Scholarly work discoverability count over OpenAlex search fields; not a corpus word frequency.,FT-SEED-R1B-P-2022-05,2022,afraid
GOOGLE_BOOKS_API,GOOGLE_BOOKS_TOTAL_ITEMS,afraid,"""afraid""",ALL_AVAILABLE,,,NOT_RUN_PROVIDER_QUOTA,,,2026-08-26,2026-08-26T06:34:48Z,https://www.googleapis.com/books/v1/volumes,https://www.googleapis.com/books/v1/volumes?q=%22afraid%22&langRestrict=en&maxResults=1&printType=books,EXACT_PHRASE,data/fear-temperature/priority180/search/raw/google_books/provider_quota_probe.json,e3b0c44298fc1c149afbf4c8996fb92427ae41e4649b934ca495991b7852b855,Provider runtime probe returned project quota 0; no candidate count was fabricated. Internet Archive is the completed primary bounded source.,FT-SEED-R1B-P-2022-05,2022,afraid
INTERNET_ARCHIVE,INTERNET_ARCHIVE_METADATA_TEXT_ITEM_COUNT,anxious,"""anxious"" AND mediatype:texts",ALL_AVAILABLE,,,COMPLETED_NONZERO,9274,9274,2026-08-26,2026-08-26T06:19:13Z,https://archive.org/advancedsearch.php,https://archive.org/advancedsearch.php?q=%22anxious%22+AND+mediatype%3Atexts&fl%5B%5D=identifier&rows=0&page=1&output=json,EXACT_PHRASE,data/fear-temperature/priority180/search/raw/internet_archive/f2813f6a3b1155a3add01983290e7d7a72d0f94d658b9242ccea8f3e332bec54.json,91af2a019b2c715835786767a783b65e8dadcdecb3436076a2fe776692a88f91,Metadata text-item count; not a full-text lexical frequency.,FT-SEED-R1B-P-2022-06,2022,anxious
INTERNET_ARCHIVE,INTERNET_ARCHIVE_METADATA_TEXT_ITEM_COUNT,anxious,"""anxious"" AND mediatype:texts AND date:[2022-01-01 TO 2022-12-31]",STRICT_ANCHOR,2022,2022,COMPLETED_NONZERO,43,43,2026-08-26,2026-08-26T06:19:14Z,https://archive.org/advancedsearch.php,https://archive.org/advancedsearch.php?q=%22anxious%22+AND+mediatype%3Atexts+AND+date%3A%5B2022-01-01+TO+2022-12-31%5D&fl%5B%5D=identifier&rows=0&page=1&output=json,EXACT_PHRASE,data/fear-temperature/priority180/search/raw/internet_archive/c59e3ff04b63fb53a66bb9c682470af74141d9302520bc19476f22fccce6d7b2.json,915249b5b539e4e1b919cdb4fb4536bb128ec4865ef98caedda9df2d83635c0f,Metadata text-item count; not a full-text lexical frequency.,FT-SEED-R1B-P-2022-06,2022,anxious
INTERNET_ARCHIVE,INTERNET_ARCHIVE_METADATA_TEXT_ITEM_COUNT,anxious,"""anxious"" AND mediatype:texts AND date:[2021-01-01 TO 2023-12-31]",CONTEXTUAL_ANCHOR,2021,2023,COMPLETED_NONZERO,124,124,2026-08-26,2026-08-26T06:19:15Z,https://archive.org/advancedsearch.php,https://archive.org/advancedsearch.php?q=%22anxious%22+AND+mediatype%3Atexts+AND+date%3A%5B2021-01-01+TO+2023-12-31%5D&fl%5B%5D=identifier&rows=0&page=1&output=json,EXACT_PHRASE,data/fear-temperature/priority180/search/raw/internet_archive/17228dd58d8f7d17b006f7b3c6d69f5eeacd4f224efbd35d8fd6ace62f481d25.json,f2f3250938d0083cc5a1a17cf5482e2d1f5e3c66bdb66cd50f56530a20ff32ba,Metadata text-item count; not a full-text lexical frequency.,FT-SEED-R1B-P-2022-06,2022,anxious
OPENALEX,OPENALEX_WORK_COUNT,anxious,"""anxious""",ALL_AVAILABLE,,,COMPLETED_NONZERO,557474,557474,2026-08-26,2026-08-26T06:27:49Z,https://api.openalex.org/works,https://api.openalex.org/works?search.exact=%22anxious%22&per-page=1&select=id,EXACT_PHRASE,data/fear-temperature/priority180/search/raw/openalex/362ba06c7a27818330918b3bbf82e0a5ab7b90cbb949ec4a2b65cc7930a27cdf.json,8b307c28bf483231a6940441e8739b481258a2adef34f24b3df6f4d8896e9d44,Scholarly work discoverability count over OpenAlex search fields; not a corpus word frequency.,FT-SEED-R1B-P-2022-06,2022,anxious
OPENALEX,OPENALEX_WORK_COUNT,anxious,"""anxious""",STRICT_ANCHOR,2022,2022,COMPLETED_NONZERO,36414,36414,2026-08-26,2026-08-26T06:27:49Z,https://api.openalex.org/works,https://api.openalex.org/works?search.exact=%22anxious%22&per-page=1&select=id&filter=from_publication_date%3A2022-01-01%2Cto_publication_date%3A2022-12-31,EXACT_PHRASE,data/fear-temperature/priority180/search/raw/openalex/0d89797d3f3c93e9916b6787914af1cb7fc9538f0813571acc3af278116262ce.json,ecf948a4858a4fe46656ce5e6132464f3e85e5b7e555e268c7d4061fe77f9226,Scholarly work discoverability count over OpenAlex search fields; not a corpus word frequency.,FT-SEED-R1B-P-2022-06,2022,anxious
OPENALEX,OPENALEX_WORK_COUNT,anxious,"""anxious""",CONTEXTUAL_ANCHOR,2021,2023,COMPLETED_NONZERO,115208,115208,2026-08-26,2026-08-26T06:27:50Z,https://api.openalex.org/works,https://api.openalex.org/works?search.exact=%22anxious%22&per-page=1&select=id&filter=from_publication_date%3A2021-01-01%2Cto_publication_date%3A2023-12-31,EXACT_PHRASE,data/fear-temperature/priority180/search/raw/openalex/641cdba0d3f27e0ba3fa3488e65cf59101ef05f917a58d582153d55a336b9e6c.json,43fdf25ab5be82213189f0d9358d8bc3daba4ac3760411bad222a6eeaf25e36f,Scholarly work discoverability count over OpenAlex search fields; not a corpus word frequency.,FT-SEED-R1B-P-2022-06,2022,anxious
GOOGLE_BOOKS_API,GOOGLE_BOOKS_TOTAL_ITEMS,anxious,"""anxious""",ALL_AVAILABLE,,,NOT_RUN_PROVIDER_QUOTA,,,2026-08-26,2026-08-26T06:34:48Z,https://www.googleapis.com/books/v1/volumes,https://www.googleapis.com/books/v1/volumes?q=%22anxious%22&langRestrict=en&maxResults=1&printType=books,EXACT_PHRASE,data/fear-temperature/priority180/search/raw/google_books/provider_quota_probe.json,e3b0c44298fc1c149afbf4c8996fb92427ae41e4649b934ca495991b7852b855,Provider runtime probe returned project quota 0; no candidate count was fabricated. Internet Archive is the completed primary bounded source.,FT-SEED-R1B-P-2022-06,2022,anxious
INTERNET_ARCHIVE,INTERNET_ARCHIVE_METADATA_TEXT_ITEM_COUNT,hopeless,"""hopeless"" AND mediatype:texts",ALL_AVAILABLE,,,COMPLETED_NONZERO,2257,2257,2026-08-26,2026-08-26T06:23:07Z,https://archive.org/advancedsearch.php,https://archive.org/advancedsearch.php?q=%22hopeless%22+AND+mediatype%3Atexts&fl%5B%5D=identifier&rows=0&page=1&output=json,EXACT_PHRASE,data/fear-temperature/priority180/search/raw/internet_archive/2149d72fbfb0ae87492ac96029ba559b91cb7fa668d1ba13fb9888893c00f737.json,be4b0335a04f4f4755a5578e4a559648ef96e6209c4811a365cc7996b91330eb,Metadata text-item count; not a full-text lexical frequency.,FT-SEED-R1B-P-2022-07,2022,hopeless
INTERNET_ARCHIVE,INTERNET_ARCHIVE_METADATA_TEXT_ITEM_COUNT,hopeless,"""hopeless"" AND mediatype:texts AND date:[2022-01-01 TO 2022-12-31]",STRICT_ANCHOR,2022,2022,COMPLETED_NONZERO,15,15,2026-08-26,2026-08-26T06:23:08Z,https://archive.org/advancedsearch.php,https://archive.org/advancedsearch.php?q=%22hopeless%22+AND+mediatype%3Atexts+AND+date%3A%5B2022-01-01+TO+2022-12-31%5D&fl%5B%5D=identifier&rows=0&page=1&output=json,EXACT_PHRASE,data/fear-temperature/priority180/search/raw/internet_archive/f81b29ceeee9d1ae6b1d0b6302c81cf7487a855de91ebd760866823b893ce53c.json,e7f6faa065b28ca742af200c4584d42bec9894389467ee9171048cd22196740f,Metadata text-item count; not a full-text lexical frequency.,FT-SEED-R1B-P-2022-07,2022,hopeless
INTERNET_ARCHIVE,INTERNET_ARCHIVE_METADATA_TEXT_ITEM_COUNT,hopeless,"""hopeless"" AND mediatype:texts AND date:[2021-01-01 TO 2023-12-31]",CONTEXTUAL_ANCHOR,2021,2023,COMPLETED_NONZERO,36,36,2026-08-26,2026-08-26T06:23:09Z,https://archive.org/advancedsearch.php,https://archive.org/advancedsearch.php?q=%22hopeless%22+AND+mediatype%3Atexts+AND+date%3A%5B2021-01-01+TO+2023-12-31%5D&fl%5B%5D=identifier&rows=0&page=1&output=json,EXACT_PHRASE,data/fear-temperature/priority180/search/raw/internet_archive/3e4625c9316e398d7dec925333fb3d9502708b5cd176f55d30c39e3589acfc3a.json,efba98e50177cf3afc592dea51f57ef5bd666df14556bfd843aa9f2dcea7cc9b,Metadata text-item count; not a full-text lexical frequency.,FT-SEED-R1B-P-2022-07,2022,hopeless
OPENALEX,OPENALEX_WORK_COUNT,hopeless,"""hopeless""",ALL_AVAILABLE,,,FAILED_PROVIDER_OR_REQUEST,,,2026-08-26,2026-08-26T06:32:35Z,https://api.openalex.org/works,https://api.openalex.org/works?search.exact=%22hopeless%22&per-page=1&select=id,EXACT_PHRASE,data/fear-temperature/priority180/search/raw/openalex/001ff270c019b110925dff02355af60b2732fbb1b2e7cc2f26622c0a26bc4809.json,e3b0c44298fc1c149afbf4c8996fb92427ae41e4649b934ca495991b7852b855,NOT_RUN_OPENALEX_DAILY_BUDGET_EXHAUSTED: shared provider response retained; no count fabricated.,FT-SEED-R1B-P-2022-07,2022,hopeless
OPENALEX,OPENALEX_WORK_COUNT,hopeless,"""hopeless""",STRICT_ANCHOR,2022,2022,FAILED_PROVIDER_OR_REQUEST,,,2026-08-26,2026-08-26T06:32:35Z,https://api.openalex.org/works,https://api.openalex.org/works?search.exact=%22hopeless%22&per-page=1&select=id&filter=from_publication_date%3A2022-01-01%2Cto_publication_date%3A2022-12-31,EXACT_PHRASE,data/fear-temperature/priority180/search/raw/openalex/001ff270c019b110925dff02355af60b2732fbb1b2e7cc2f26622c0a26bc4809.json,e3b0c44298fc1c149afbf4c8996fb92427ae41e4649b934ca495991b7852b855,NOT_RUN_OPENALEX_DAILY_BUDGET_EXHAUSTED: shared provider response retained; no count fabricated.,FT-SEED-R1B-P-2022-07,2022,hopeless
OPENALEX,OPENALEX_WORK_COUNT,hopeless,"""hopeless""",CONTEXTUAL_ANCHOR,2021,2023,FAILED_PROVIDER_OR_REQUEST,,,2026-08-26,2026-08-26T06:32:35Z,https://api.openalex.org/works,https://api.openalex.org/works?search.exact=%22hopeless%22&per-page=1&select=id&filter=from_publication_date%3A2021-01-01%2Cto_publication_date%3A2023-12-31,EXACT_PHRASE,data/fear-temperature/priority180/search/raw/openalex/001ff270c019b110925dff02355af60b2732fbb1b2e7cc2f26622c0a26bc4809.json,e3b0c44298fc1c149afbf4c8996fb92427ae41e4649b934ca495991b7852b855,NOT_RUN_OPENALEX_DAILY_BUDGET_EXHAUSTED: shared provider response retained; no count fabricated.,FT-SEED-R1B-P-2022-07,2022,hopeless
GOOGLE_BOOKS_API,GOOGLE_BOOKS_TOTAL_ITEMS,hopeless,"""hopeless""",ALL_AVAILABLE,,,NOT_RUN_PROVIDER_QUOTA,,,2026-08-26,2026-08-26T06:34:48Z,https://www.googleapis.com/books/v1/volumes,https://www.googleapis.com/books/v1/volumes?q=%22hopeless%22&langRestrict=en&maxResults=1&printType=books,EXACT_PHRASE,data/fear-temperature/priority180/search/raw/google_books/provider_quota_probe.json,e3b0c44298fc1c149afbf4c8996fb92427ae41e4649b934ca495991b7852b855,Provider runtime probe returned project quota 0; no candidate count was fabricated. Internet Archive is the completed primary bounded source.,FT-SEED-R1B-P-2022-07,2022,hopeless
INTERNET_ARCHIVE,INTERNET_ARCHIVE_METADATA_TEXT_ITEM_COUNT,sad,"""sad"" AND mediatype:texts",ALL_AVAILABLE,,,COMPLETED_NONZERO,21781,21781,2026-08-26,2026-08-26T06:25:09Z,https://archive.org/advancedsearch.php,https://archive.org/advancedsearch.php?q=%22sad%22+AND+mediatype%3Atexts&fl%5B%5D=identifier&rows=0&page=1&output=json,EXACT_PHRASE,data/fear-temperature/priority180/search/raw/internet_archive/d9763e15896c17a9d7cfddc5d36c7ed839dc8598ce559b86c6a0c24e6db0471e.json,ffacd82124b8a9861cfd07d771d07845863472a346505c26764b423a9ceb0cd1,Metadata text-item count; not a full-text lexical frequency.,FT-SEED-R1B-P-2022-08,2022,sad
INTERNET_ARCHIVE,INTERNET_ARCHIVE_METADATA_TEXT_ITEM_COUNT,sad,"""sad"" AND mediatype:texts AND date:[2022-01-01 TO 2022-12-31]",STRICT_ANCHOR,2022,2022,COMPLETED_NONZERO,87,87,2026-08-26,2026-08-26T06:25:10Z,https://archive.org/advancedsearch.php,https://archive.org/advancedsearch.php?q=%22sad%22+AND+mediatype%3Atexts+AND+date%3A%5B2022-01-01+TO+2022-12-31%5D&fl%5B%5D=identifier&rows=0&page=1&output=json,EXACT_PHRASE,data/fear-temperature/priority180/search/raw/internet_archive/e6805b01f9b5c48f4610d5f7bd577787d207d9e5675bb50d71b37de99a04561b.json,971ec01b5bd8c2461c3ffff7373c8930e341362bc440e840103c9449d80ee380,Metadata text-item count; not a full-text lexical frequency.,FT-SEED-R1B-P-2022-08,2022,sad
INTERNET_ARCHIVE,INTERNET_ARCHIVE_METADATA_TEXT_ITEM_COUNT,sad,"""sad"" AND mediatype:texts AND date:[2021-01-01 TO 2023-12-31]",CONTEXTUAL_ANCHOR,2021,2023,COMPLETED_NONZERO,272,272,2026-08-26,2026-08-26T06:25:11Z,https://archive.org/advancedsearch.php,https://archive.org/advancedsearch.php?q=%22sad%22+AND+mediatype%3Atexts+AND+date%3A%5B2021-01-01+TO+2023-12-31%5D&fl%5B%5D=identifier&rows=0&page=1&output=json,EXACT_PHRASE,data/fear-temperature/priority180/search/raw/internet_archive/2a5d7f6d40df23eb21e7d362654340782a10f4d6d406f21856a8035632f2c97c.json,1eab9bd07848908dd01aa9d60b311bc44ea4d00241d1cfb836aced9484f4e9ab,Metadata text-item count; not a full-text lexical frequency.,FT-SEED-R1B-P-2022-08,2022,sad
OPENALEX,OPENALEX_WORK_COUNT,sad,"""sad""",ALL_AVAILABLE,,,FAILED_PROVIDER_OR_REQUEST,,,2026-08-26,2026-08-26T06:32:35Z,https://api.openalex.org/works,https://api.openalex.org/works?search.exact=%22sad%22&per-page=1&select=id,EXACT_PHRASE,data/fear-temperature/priority180/search/raw/openalex/001ff270c019b110925dff02355af60b2732fbb1b2e7cc2f26622c0a26bc4809.json,e3b0c44298fc1c149afbf4c8996fb92427ae41e4649b934ca495991b7852b855,NOT_RUN_OPENALEX_DAILY_BUDGET_EXHAUSTED: shared provider response retained; no count fabricated.,FT-SEED-R1B-P-2022-08,2022,sad
OPENALEX,OPENALEX_WORK_COUNT,sad,"""sad""",STRICT_ANCHOR,2022,2022,FAILED_PROVIDER_OR_REQUEST,,,2026-08-26,2026-08-26T06:32:35Z,https://api.openalex.org/works,https://api.openalex.org/works?search.exact=%22sad%22&per-page=1&select=id&filter=from_publication_date%3A2022-01-01%2Cto_publication_date%3A2022-12-31,EXACT_PHRASE,data/fear-temperature/priority180/search/raw/openalex/001ff270c019b110925dff02355af60b2732fbb1b2e7cc2f26622c0a26bc4809.json,e3b0c44298fc1c149afbf4c8996fb92427ae41e4649b934ca495991b7852b855,NOT_RUN_OPENALEX_DAILY_BUDGET_EXHAUSTED: shared provider response retained; no count fabricated.,FT-SEED-R1B-P-2022-08,2022,sad
OPENALEX,OPENALEX_WORK_COUNT,sad,"""sad""",CONTEXTUAL_ANCHOR,2021,2023,FAILED_PROVIDER_OR_REQUEST,,,2026-08-26,2026-08-26T06:32:35Z,https://api.openalex.org/works,https://api.openalex.org/works?search.exact=%22sad%22&per-page=1&select=id&filter=from_publication_date%3A2021-01-01%2Cto_publication_date%3A2023-12-31,EXACT_PHRASE,data/fear-temperature/priority180/search/raw/openalex/001ff270c019b110925dff02355af60b2732fbb1b2e7cc2f26622c0a26bc4809.json,e3b0c44298fc1c149afbf4c8996fb92427ae41e4649b934ca495991b7852b855,NOT_RUN_OPENALEX_DAILY_BUDGET_EXHAUSTED: shared provider response retained; no count fabricated.,FT-SEED-R1B-P-2022-08,2022,sad
GOOGLE_BOOKS_API,GOOGLE_BOOKS_TOTAL_ITEMS,sad,"""sad""",ALL_AVAILABLE,,,NOT_RUN_PROVIDER_QUOTA,,,2026-08-26,2026-08-26T06:34:48Z,https://www.googleapis.com/books/v1/volumes,https://www.googleapis.com/books/v1/volumes?q=%22sad%22&langRestrict=en&maxResults=1&printType=books,EXACT_PHRASE,data/fear-temperature/priority180/search/raw/google_books/provider_quota_probe.json,e3b0c44298fc1c149afbf4c8996fb92427ae41e4649b934ca495991b7852b855,Provider runtime probe returned project quota 0; no candidate count was fabricated. Internet Archive is the completed primary bounded source.,FT-SEED-R1B-P-2022-08,2022,sad
INTERNET_ARCHIVE,INTERNET_ARCHIVE_METADATA_TEXT_ITEM_COUNT,angry,"""angry"" AND mediatype:texts",ALL_AVAILABLE,,,COMPLETED_NONZERO,8245,8245,2026-08-26,2026-08-26T06:19:00Z,https://archive.org/advancedsearch.php,https://archive.org/advancedsearch.php?q=%22angry%22+AND+mediatype%3Atexts&fl%5B%5D=identifier&rows=0&page=1&output=json,EXACT_PHRASE,data/fear-temperature/priority180/search/raw/internet_archive/a8fade522e47a9e82602a8c1c56650dae3c8404ab4f9480ff7c76c2a4d2999bc.json,30f8885a82d250b3b26e8fa1debfb9cb62f3b9e031ce98f4300dca0b3c5ee432,Metadata text-item count; not a full-text lexical frequency.,FT-SEED-R1B-P-2022-09,2022,angry
INTERNET_ARCHIVE,INTERNET_ARCHIVE_METADATA_TEXT_ITEM_COUNT,angry,"""angry"" AND mediatype:texts AND date:[2022-01-01 TO 2022-12-31]",STRICT_ANCHOR,2022,2022,COMPLETED_NONZERO,34,34,2026-08-26,2026-08-26T06:19:00Z,https://archive.org/advancedsearch.php,https://archive.org/advancedsearch.php?q=%22angry%22+AND+mediatype%3Atexts+AND+date%3A%5B2022-01-01+TO+2022-12-31%5D&fl%5B%5D=identifier&rows=0&page=1&output=json,EXACT_PHRASE,data/fear-temperature/priority180/search/raw/internet_archive/a57932d87dfbb0e515c1e20a36c257801213a13afd0f2af5a14fb79cafc33c6e.json,d2cca39bc3b68ccd83953565446e88dbbda5469ba34159bfa41d9de199490d6f,Metadata text-item count; not a full-text lexical frequency.,FT-SEED-R1B-P-2022-09,2022,angry
INTERNET_ARCHIVE,INTERNET_ARCHIVE_METADATA_TEXT_ITEM_COUNT,angry,"""angry"" AND mediatype:texts AND date:[2021-01-01 TO 2023-12-31]",CONTEXTUAL_ANCHOR,2021,2023,COMPLETED_NONZERO,113,113,2026-08-26,2026-08-26T06:19:02Z,https://archive.org/advancedsearch.php,https://archive.org/advancedsearch.php?q=%22angry%22+AND+mediatype%3Atexts+AND+date%3A%5B2021-01-01+TO+2023-12-31%5D&fl%5B%5D=identifier&rows=0&page=1&output=json,EXACT_PHRASE,data/fear-temperature/priority180/search/raw/internet_archive/81a262603dc36fd23d1464fe5dbf6e814a63ebabd459d080157db1b7cb81eada.json,36fad1007133498242172c546433ef97edb8a80b28bf5fee2bae99f7ae4a1550,Metadata text-item count; not a full-text lexical frequency.,FT-SEED-R1B-P-2022-09,2022,angry
OPENALEX,OPENALEX_WORK_COUNT,angry,"""angry""",ALL_AVAILABLE,,,COMPLETED_NONZERO,382339,382339,2026-08-26,2026-08-26T06:27:40Z,https://api.openalex.org/works,https://api.openalex.org/works?search.exact=%22angry%22&per-page=1&select=id,EXACT_PHRASE,data/fear-temperature/priority180/search/raw/openalex/c318fff07966ecd2abf1eb52ba4d1d2b4a7a5e0bbc5a0bf2e41df057dcd21d81.json,5194ed395847ab6ac5c9cbbd11f1585db8fa624618d001a65e57b5b3cba2174b,Scholarly work discoverability count over OpenAlex search fields; not a corpus word frequency.,FT-SEED-R1B-P-2022-09,2022,angry
OPENALEX,OPENALEX_WORK_COUNT,angry,"""angry""",STRICT_ANCHOR,2022,2022,COMPLETED_NONZERO,22872,22872,2026-08-26,2026-08-26T06:27:41Z,https://api.openalex.org/works,https://api.openalex.org/works?search.exact=%22angry%22&per-page=1&select=id&filter=from_publication_date%3A2022-01-01%2Cto_publication_date%3A2022-12-31,EXACT_PHRASE,data/fear-temperature/priority180/search/raw/openalex/cec8d661a2990053767c4d0f4668b7c704b795871de34d0b484a91c9e4efabf1.json,c2cd3ad8b51f69cc8f84d515ae7b73343ba2b71f1286032796029d4e791cd5a3,Scholarly work discoverability count over OpenAlex search fields; not a corpus word frequency.,FT-SEED-R1B-P-2022-09,2022,angry
OPENALEX,OPENALEX_WORK_COUNT,angry,"""angry""",CONTEXTUAL_ANCHOR,2021,2023,COMPLETED_NONZERO,73109,73109,2026-08-26,2026-08-26T06:27:41Z,https://api.openalex.org/works,https://api.openalex.org/works?search.exact=%22angry%22&per-page=1&select=id&filter=from_publication_date%3A2021-01-01%2Cto_publication_date%3A2023-12-31,EXACT_PHRASE,data/fear-temperature/priority180/search/raw/openalex/3caef4c8bddbc65df3d076933556d9a0b5b152166db0b9759073b7d5be21cf59.json,93fd79f7bc1ed2447fc626df0987a1f253832069a81050df385a22a5c82064b9,Scholarly work discoverability count over OpenAlex search fields; not a corpus word frequency.,FT-SEED-R1B-P-2022-09,2022,angry
GOOGLE_BOOKS_API,GOOGLE_BOOKS_TOTAL_ITEMS,angry,"""angry""",ALL_AVAILABLE,,,NOT_RUN_PROVIDER_QUOTA,,,2026-08-26,2026-08-26T06:34:48Z,https://www.googleapis.com/books/v1/volumes,https://www.googleapis.com/books/v1/volumes?q=%22angry%22&langRestrict=en&maxResults=1&printType=books,EXACT_PHRASE,data/fear-temperature/priority180/search/raw/google_books/provider_quota_probe.json,e3b0c44298fc1c149afbf4c8996fb92427ae41e4649b934ca495991b7852b855,Provider runtime probe returned project quota 0; no candidate count was fabricated. Internet Archive is the completed primary bounded source.,FT-SEED-R1B-P-2022-09,2022,angry
INTERNET_ARCHIVE,INTERNET_ARCHIVE_METADATA_TEXT_ITEM_COUNT,frustrated,"""frustrated"" AND mediatype:texts",ALL_AVAILABLE,,,COMPLETED_NONZERO,6866,6866,2026-08-26,2026-08-26T06:21:40Z,https://archive.org/advancedsearch.php,https://archive.org/advancedsearch.php?q=%22frustrated%22+AND+mediatype%3Atexts&fl%5B%5D=identifier&rows=0&page=1&output=json,EXACT_PHRASE,data/fear-temperature/priority180/search/raw/internet_archive/1dac5243a8d2107741b323c914c7a4542e31f32d320465e349efd813bc3a30c8.json,953d2e023861a9f557e2c993000b269616243462a86dcfc2496a2eb22ee8fa60,Metadata text-item count; not a full-text lexical frequency.,FT-SEED-R1B-P-2022-10,2022,frustrated
INTERNET_ARCHIVE,INTERNET_ARCHIVE_METADATA_TEXT_ITEM_COUNT,frustrated,"""frustrated"" AND mediatype:texts AND date:[2022-01-01 TO 2022-12-31]",STRICT_ANCHOR,2022,2022,COMPLETED_NONZERO,18,18,2026-08-26,2026-08-26T06:21:41Z,https://archive.org/advancedsearch.php,https://archive.org/advancedsearch.php?q=%22frustrated%22+AND+mediatype%3Atexts+AND+date%3A%5B2022-01-01+TO+2022-12-31%5D&fl%5B%5D=identifier&rows=0&page=1&output=json,EXACT_PHRASE,data/fear-temperature/priority180/search/raw/internet_archive/073bba6c7d420add0bab3c58645e2f28f26ca9a0fb1cf8b5d8051420678f7d7b.json,9312c0c31aa3ddb1568ead4d154e5eaf0659941f4e3a2212cebfc219cb436738,Metadata text-item count; not a full-text lexical frequency.,FT-SEED-R1B-P-2022-10,2022,frustrated
INTERNET_ARCHIVE,INTERNET_ARCHIVE_METADATA_TEXT_ITEM_COUNT,frustrated,"""frustrated"" AND mediatype:texts AND date:[2021-01-01 TO 2023-12-31]",CONTEXTUAL_ANCHOR,2021,2023,COMPLETED_NONZERO,42,42,2026-08-26,2026-08-26T06:21:42Z,https://archive.org/advancedsearch.php,https://archive.org/advancedsearch.php?q=%22frustrated%22+AND+mediatype%3Atexts+AND+date%3A%5B2021-01-01+TO+2023-12-31%5D&fl%5B%5D=identifier&rows=0&page=1&output=json,EXACT_PHRASE,data/fear-temperature/priority180/search/raw/internet_archive/b146be241ab53e63afd88ff69d977aca4e46713772c5301182a6dfbbbc4c90cc.json,162b89de24f1c3f6a00b9c65f01b4acb2b5f7fc1babb6256e78f310a5fb50dfb,Metadata text-item count; not a full-text lexical frequency.,FT-SEED-R1B-P-2022-10,2022,frustrated
OPENALEX,OPENALEX_WORK_COUNT,frustrated,"""frustrated""",ALL_AVAILABLE,,,FAILED_PROVIDER_OR_REQUEST,,,2026-08-26,2026-08-26T06:32:35Z,https://api.openalex.org/works,https://api.openalex.org/works?search.exact=%22frustrated%22&per-page=1&select=id,EXACT_PHRASE,data/fear-temperature/priority180/search/raw/openalex/001ff270c019b110925dff02355af60b2732fbb1b2e7cc2f26622c0a26bc4809.json,e3b0c44298fc1c149afbf4c8996fb92427ae41e4649b934ca495991b7852b855,NOT_RUN_OPENALEX_DAILY_BUDGET_EXHAUSTED: shared provider response retained; no count fabricated.,FT-SEED-R1B-P-2022-10,2022,frustrated
OPENALEX,OPENALEX_WORK_COUNT,frustrated,"""frustrated""",STRICT_ANCHOR,2022,2022,FAILED_PROVIDER_OR_REQUEST,,,2026-08-26,2026-08-26T06:32:35Z,https://api.openalex.org/works,https://api.openalex.org/works?search.exact=%22frustrated%22&per-page=1&select=id&filter=from_publication_date%3A2022-01-01%2Cto_publication_date%3A2022-12-31,EXACT_PHRASE,data/fear-temperature/priority180/search/raw/openalex/001ff270c019b110925dff02355af60b2732fbb1b2e7cc2f26622c0a26bc4809.json,e3b0c44298fc1c149afbf4c8996fb92427ae41e4649b934ca495991b7852b855,NOT_RUN_OPENALEX_DAILY_BUDGET_EXHAUSTED: shared provider response retained; no count fabricated.,FT-SEED-R1B-P-2022-10,2022,frustrated
OPENALEX,OPENALEX_WORK_COUNT,frustrated,"""frustrated""",CONTEXTUAL_ANCHOR,2021,2023,FAILED_PROVIDER_OR_REQUEST,,,2026-08-26,2026-08-26T06:32:35Z,https://api.openalex.org/works,https://api.openalex.org/works?search.exact=%22frustrated%22&per-page=1&select=id&filter=from_publication_date%3A2021-01-01%2Cto_publication_date%3A2023-12-31,EXACT_PHRASE,data/fear-temperature/priority180/search/raw/openalex/001ff270c019b110925dff02355af60b2732fbb1b2e7cc2f26622c0a26bc4809.json,e3b0c44298fc1c149afbf4c8996fb92427ae41e4649b934ca495991b7852b855,NOT_RUN_OPENALEX_DAILY_BUDGET_EXHAUSTED: shared provider response retained; no count fabricated.,FT-SEED-R1B-P-2022-10,2022,frustrated
GOOGLE_BOOKS_API,GOOGLE_BOOKS_TOTAL_ITEMS,frustrated,"""frustrated""",ALL_AVAILABLE,,,NOT_RUN_PROVIDER_QUOTA,,,2026-08-26,2026-08-26T06:34:48Z,https://www.googleapis.com/books/v1/volumes,https://www.googleapis.com/books/v1/volumes?q=%22frustrated%22&langRestrict=en&maxResults=1&printType=books,EXACT_PHRASE,data/fear-temperature/priority180/search/raw/google_books/provider_quota_probe.json,e3b0c44298fc1c149afbf4c8996fb92427ae41e4649b934ca495991b7852b855,Provider runtime probe returned project quota 0; no candidate count was fabricated. Internet Archive is the completed primary bounded source.,FT-SEED-R1B-P-2022-10,2022,frustrated
INTERNET_ARCHIVE,INTERNET_ARCHIVE_METADATA_TEXT_ITEM_COUNT,hopeful,"""hopeful"" AND mediatype:texts",ALL_AVAILABLE,,,COMPLETED_NONZERO,4932,4932,2026-08-26,2026-08-26T06:23:04Z,https://archive.org/advancedsearch.php,https://archive.org/advancedsearch.php?q=%22hopeful%22+AND+mediatype%3Atexts&fl%5B%5D=identifier&rows=0&page=1&output=json,EXACT_PHRASE,data/fear-temperature/priority180/search/raw/internet_archive/13864a6481ea0a81024d9f7698330221c0ff47bc5de5d139bef36074df6dcce0.json,2db4bbd6bf428340e8b470421d2464f19b275e6816aeceb3a2a8dd2e914f0995,Metadata text-item count; not a full-text lexical frequency.,FT-SEED-R1B-P-2022-11,2022,hopeful
INTERNET_ARCHIVE,INTERNET_ARCHIVE_METADATA_TEXT_ITEM_COUNT,hopeful,"""hopeful"" AND mediatype:texts AND date:[2022-01-01 TO 2022-12-31]",STRICT_ANCHOR,2022,2022,COMPLETED_NONZERO,17,17,2026-08-26,2026-08-26T06:23:05Z,https://archive.org/advancedsearch.php,https://archive.org/advancedsearch.php?q=%22hopeful%22+AND+mediatype%3Atexts+AND+date%3A%5B2022-01-01+TO+2022-12-31%5D&fl%5B%5D=identifier&rows=0&page=1&output=json,EXACT_PHRASE,data/fear-temperature/priority180/search/raw/internet_archive/4b5df6b7b104eb997a67b228c66829ff3923ff93e575c82e70bc6cae4c6344d3.json,d70bd3f4fd77148d01d6f5a5a0bf29303260fc15364919d29d6acbbbe33d2e07,Metadata text-item count; not a full-text lexical frequency.,FT-SEED-R1B-P-2022-11,2022,hopeful
INTERNET_ARCHIVE,INTERNET_ARCHIVE_METADATA_TEXT_ITEM_COUNT,hopeful,"""hopeful"" AND mediatype:texts AND date:[2021-01-01 TO 2023-12-31]",CONTEXTUAL_ANCHOR,2021,2023,COMPLETED_NONZERO,66,66,2026-08-26,2026-08-26T06:23:06Z,https://archive.org/advancedsearch.php,https://archive.org/advancedsearch.php?q=%22hopeful%22+AND+mediatype%3Atexts+AND+date%3A%5B2021-01-01+TO+2023-12-31%5D&fl%5B%5D=identifier&rows=0&page=1&output=json,EXACT_PHRASE,data/fear-temperature/priority180/search/raw/internet_archive/64262e8fffe05153869341bd4fc35f4e75cd87934161e5b138452a13a9f3ae8d.json,ea812968543f7e55a1e1463a2313fab7e86945ee7fed703b13bdbf26baf2b3e9,Metadata text-item count; not a full-text lexical frequency.,FT-SEED-R1B-P-2022-11,2022,hopeful
OPENALEX,OPENALEX_WORK_COUNT,hopeful,"""hopeful""",ALL_AVAILABLE,,,FAILED_PROVIDER_OR_REQUEST,,,2026-08-26,2026-08-26T06:32:35Z,https://api.openalex.org/works,https://api.openalex.org/works?search.exact=%22hopeful%22&per-page=1&select=id,EXACT_PHRASE,data/fear-temperature/priority180/search/raw/openalex/001ff270c019b110925dff02355af60b2732fbb1b2e7cc2f26622c0a26bc4809.json,e3b0c44298fc1c149afbf4c8996fb92427ae41e4649b934ca495991b7852b855,NOT_RUN_OPENALEX_DAILY_BUDGET_EXHAUSTED: shared provider response retained; no count fabricated.,FT-SEED-R1B-P-2022-11,2022,hopeful
OPENALEX,OPENALEX_WORK_COUNT,hopeful,"""hopeful""",STRICT_ANCHOR,2022,2022,FAILED_PROVIDER_OR_REQUEST,,,2026-08-26,2026-08-26T06:32:35Z,https://api.openalex.org/works,https://api.openalex.org/works?search.exact=%22hopeful%22&per-page=1&select=id&filter=from_publication_date%3A2022-01-01%2Cto_publication_date%3A2022-12-31,EXACT_PHRASE,data/fear-temperature/priority180/search/raw/openalex/001ff270c019b110925dff02355af60b2732fbb1b2e7cc2f26622c0a26bc4809.json,e3b0c44298fc1c149afbf4c8996fb92427ae41e4649b934ca495991b7852b855,NOT_RUN_OPENALEX_DAILY_BUDGET_EXHAUSTED: shared provider response retained; no count fabricated.,FT-SEED-R1B-P-2022-11,2022,hopeful
OPENALEX,OPENALEX_WORK_COUNT,hopeful,"""hopeful""",CONTEXTUAL_ANCHOR,2021,2023,FAILED_PROVIDER_OR_REQUEST,,,2026-08-26,2026-08-26T06:32:35Z,https://api.openalex.org/works,https://api.openalex.org/works?search.exact=%22hopeful%22&per-page=1&select=id&filter=from_publication_date%3A2021-01-01%2Cto_publication_date%3A2023-12-31,EXACT_PHRASE,data/fear-temperature/priority180/search/raw/openalex/001ff270c019b110925dff02355af60b2732fbb1b2e7cc2f26622c0a26bc4809.json,e3b0c44298fc1c149afbf4c8996fb92427ae41e4649b934ca495991b7852b855,NOT_RUN_OPENALEX_DAILY_BUDGET_EXHAUSTED: shared provider response retained; no count fabricated.,FT-SEED-R1B-P-2022-11,2022,hopeful
GOOGLE_BOOKS_API,GOOGLE_BOOKS_TOTAL_ITEMS,hopeful,"""hopeful""",ALL_AVAILABLE,,,NOT_RUN_PROVIDER_QUOTA,,,2026-08-26,2026-08-26T06:34:48Z,https://www.googleapis.com/books/v1/volumes,https://www.googleapis.com/books/v1/volumes?q=%22hopeful%22&langRestrict=en&maxResults=1&printType=books,EXACT_PHRASE,data/fear-temperature/priority180/search/raw/google_books/provider_quota_probe.json,e3b0c44298fc1c149afbf4c8996fb92427ae41e4649b934ca495991b7852b855,Provider runtime probe returned project quota 0; no candidate count was fabricated. Internet Archive is the completed primary bounded source.,FT-SEED-R1B-P-2022-11,2022,hopeful
INTERNET_ARCHIVE,INTERNET_ARCHIVE_METADATA_TEXT_ITEM_COUNT,disgusted,"""disgusted"" AND mediatype:texts",ALL_AVAILABLE,,,COMPLETED_NONZERO,556,556,2026-08-26,2026-08-26T06:20:53Z,https://archive.org/advancedsearch.php,https://archive.org/advancedsearch.php?q=%22disgusted%22+AND+mediatype%3Atexts&fl%5B%5D=identifier&rows=0&page=1&output=json,EXACT_PHRASE,data/fear-temperature/priority180/search/raw/internet_archive/ec65e90586fd315b91b3c11f0dd829f9b1722fdecc7c2cbd96213b97c7ef5b68.json,43f30322e89eff6b809bcb23bef60f0ca9fc263be42c7e3a248ba4a1febb86f3,Metadata text-item count; not a full-text lexical frequency.,FT-SEED-R1B-P-2022-12,2022,disgusted
INTERNET_ARCHIVE,INTERNET_ARCHIVE_METADATA_TEXT_ITEM_COUNT,disgusted,"""disgusted"" AND mediatype:texts AND date:[2022-01-01 TO 2022-12-31]",STRICT_ANCHOR,2022,2022,COMPLETED_NONZERO,1,1,2026-08-26,2026-08-26T06:20:54Z,https://archive.org/advancedsearch.php,https://archive.org/advancedsearch.php?q=%22disgusted%22+AND+mediatype%3Atexts+AND+date%3A%5B2022-01-01+TO+2022-12-31%5D&fl%5B%5D=identifier&rows=0&page=1&output=json,EXACT_PHRASE,data/fear-temperature/priority180/search/raw/internet_archive/da5237ab34f7fa9bdc3e4687be641b7c728795c5fab9462aec710496269c48b2.json,e263d8753758ffea86055aa521d8d1a9a7927b9b460b14129744cbb1e5da24a8,Metadata text-item count; not a full-text lexical frequency.,FT-SEED-R1B-P-2022-12,2022,disgusted
INTERNET_ARCHIVE,INTERNET_ARCHIVE_METADATA_TEXT_ITEM_COUNT,disgusted,"""disgusted"" AND mediatype:texts AND date:[2021-01-01 TO 2023-12-31]",CONTEXTUAL_ANCHOR,2021,2023,COMPLETED_NONZERO,9,9,2026-08-26,2026-08-26T06:20:55Z,https://archive.org/advancedsearch.php,https://archive.org/advancedsearch.php?q=%22disgusted%22+AND+mediatype%3Atexts+AND+date%3A%5B2021-01-01+TO+2023-12-31%5D&fl%5B%5D=identifier&rows=0&page=1&output=json,EXACT_PHRASE,data/fear-temperature/priority180/search/raw/internet_archive/2f527f5489da38e603e05afb0c85396f361d9781d3b0d756da65bf3dcf092525.json,ca81814567f92ac6fafd720731b301510d921fd39506abad03bcd44e631306d4,Metadata text-item count; not a full-text lexical frequency.,FT-SEED-R1B-P-2022-12,2022,disgusted
OPENALEX,OPENALEX_WORK_COUNT,disgusted,"""disgusted""",ALL_AVAILABLE,,,FAILED_PROVIDER_OR_REQUEST,,,2026-08-26,2026-08-26T06:32:35Z,https://api.openalex.org/works,https://api.openalex.org/works?search.exact=%22disgusted%22&per-page=1&select=id,EXACT_PHRASE,data/fear-temperature/priority180/search/raw/openalex/001ff270c019b110925dff02355af60b2732fbb1b2e7cc2f26622c0a26bc4809.json,e3b0c44298fc1c149afbf4c8996fb92427ae41e4649b934ca495991b7852b855,NOT_RUN_OPENALEX_DAILY_BUDGET_EXHAUSTED: shared provider response retained; no count fabricated.,FT-SEED-R1B-P-2022-12,2022,disgusted
OPENALEX,OPENALEX_WORK_COUNT,disgusted,"""disgusted""",STRICT_ANCHOR,2022,2022,FAILED_PROVIDER_OR_REQUEST,,,2026-08-26,2026-08-26T06:32:35Z,https://api.openalex.org/works,https://api.openalex.org/works?search.exact=%22disgusted%22&per-page=1&select=id&filter=from_publication_date%3A2022-01-01%2Cto_publication_date%3A2022-12-31,EXACT_PHRASE,data/fear-temperature/priority180/search/raw/openalex/001ff270c019b110925dff02355af60b2732fbb1b2e7cc2f26622c0a26bc4809.json,e3b0c44298fc1c149afbf4c8996fb92427ae41e4649b934ca495991b7852b855,NOT_RUN_OPENALEX_DAILY_BUDGET_EXHAUSTED: shared provider response retained; no count fabricated.,FT-SEED-R1B-P-2022-12,2022,disgusted
OPENALEX,OPENALEX_WORK_COUNT,disgusted,"""disgusted""",CONTEXTUAL_ANCHOR,2021,2023,FAILED_PROVIDER_OR_REQUEST,,,2026-08-26,2026-08-26T06:32:35Z,https://api.openalex.org/works,https://api.openalex.org/works?search.exact=%22disgusted%22&per-page=1&select=id&filter=from_publication_date%3A2021-01-01%2Cto_publication_date%3A2023-12-31,EXACT_PHRASE,data/fear-temperature/priority180/search/raw/openalex/001ff270c019b110925dff02355af60b2732fbb1b2e7cc2f26622c0a26bc4809.json,e3b0c44298fc1c149afbf4c8996fb92427ae41e4649b934ca495991b7852b855,NOT_RUN_OPENALEX_DAILY_BUDGET_EXHAUSTED: shared provider response retained; no count fabricated.,FT-SEED-R1B-P-2022-12,2022,disgusted
GOOGLE_BOOKS_API,GOOGLE_BOOKS_TOTAL_ITEMS,disgusted,"""disgusted""",ALL_AVAILABLE,,,NOT_RUN_PROVIDER_QUOTA,,,2026-08-26,2026-08-26T06:34:48Z,https://www.googleapis.com/books/v1/volumes,https://www.googleapis.com/books/v1/volumes?q=%22disgusted%22&langRestrict=en&maxResults=1&printType=books,EXACT_PHRASE,data/fear-temperature/priority180/search/raw/google_books/provider_quota_probe.json,e3b0c44298fc1c149afbf4c8996fb92427ae41e4649b934ca495991b7852b855,Provider runtime probe returned project quota 0; no candidate count was fabricated. Internet Archive is the completed primary bounded source.,FT-SEED-R1B-P-2022-12,2022,disgusted
INTERNET_ARCHIVE,INTERNET_ARCHIVE_METADATA_TEXT_ITEM_COUNT,outraged,"""outraged"" AND mediatype:texts",ALL_AVAILABLE,,,COMPLETED_NONZERO,1006,1006,2026-08-26,2026-08-26T06:24:15Z,https://archive.org/advancedsearch.php,https://archive.org/advancedsearch.php?q=%22outraged%22+AND+mediatype%3Atexts&fl%5B%5D=identifier&rows=0&page=1&output=json,EXACT_PHRASE,data/fear-temperature/priority180/search/raw/internet_archive/344cd0ce6bda226acab52733f3f141fab4364eb8c6b2b4f71fcd7ae70fbd4aed.json,77328b489a431347103032da5217eab757a435044325a8c829561c145d18e8d3,Metadata text-item count; not a full-text lexical frequency.,FT-SEED-R1B-P-2022-13,2022,outraged
INTERNET_ARCHIVE,INTERNET_ARCHIVE_METADATA_TEXT_ITEM_COUNT,outraged,"""outraged"" AND mediatype:texts AND date:[2022-01-01 TO 2022-12-31]",STRICT_ANCHOR,2022,2022,COMPLETED_NONZERO,1,1,2026-08-26,2026-08-26T06:24:17Z,https://archive.org/advancedsearch.php,https://archive.org/advancedsearch.php?q=%22outraged%22+AND+mediatype%3Atexts+AND+date%3A%5B2022-01-01+TO+2022-12-31%5D&fl%5B%5D=identifier&rows=0&page=1&output=json,EXACT_PHRASE,data/fear-temperature/priority180/search/raw/internet_archive/0e1a32cf77928c457de34c38b6053811fbdeb2cbd2e75f061d58ad808bd27b28.json,c0a245525075ed79ce6f1b4fb29250b1aed75bffae68ac28e314c88c990835bf,Metadata text-item count; not a full-text lexical frequency.,FT-SEED-R1B-P-2022-13,2022,outraged
INTERNET_ARCHIVE,INTERNET_ARCHIVE_METADATA_TEXT_ITEM_COUNT,outraged,"""outraged"" AND mediatype:texts AND date:[2021-01-01 TO 2023-12-31]",CONTEXTUAL_ANCHOR,2021,2023,COMPLETED_NONZERO,7,7,2026-08-26,2026-08-26T06:24:18Z,https://archive.org/advancedsearch.php,https://archive.org/advancedsearch.php?q=%22outraged%22+AND+mediatype%3Atexts+AND+date%3A%5B2021-01-01+TO+2023-12-31%5D&fl%5B%5D=identifier&rows=0&page=1&output=json,EXACT_PHRASE,data/fear-temperature/priority180/search/raw/internet_archive/b16af041eab44ca47e3039ce798a4ded181f3c1ca638d4b97379ba9ed2756eb2.json,2bbe3d9cb0088944f3e0a114f02a6c61f757528a00577430d930340f0ee0fac0,Metadata text-item count; not a full-text lexical frequency.,FT-SEED-R1B-P-2022-13,2022,outraged
OPENALEX,OPENALEX_WORK_COUNT,outraged,"""outraged""",ALL_AVAILABLE,,,FAILED_PROVIDER_OR_REQUEST,,,2026-08-26,2026-08-26T06:32:35Z,https://api.openalex.org/works,https://api.openalex.org/works?search.exact=%22outraged%22&per-page=1&select=id,EXACT_PHRASE,data/fear-temperature/priority180/search/raw/openalex/001ff270c019b110925dff02355af60b2732fbb1b2e7cc2f26622c0a26bc4809.json,e3b0c44298fc1c149afbf4c8996fb92427ae41e4649b934ca495991b7852b855,NOT_RUN_OPENALEX_DAILY_BUDGET_EXHAUSTED: shared provider response retained; no count fabricated.,FT-SEED-R1B-P-2022-13,2022,outraged
OPENALEX,OPENALEX_WORK_COUNT,outraged,"""outraged""",STRICT_ANCHOR,2022,2022,FAILED_PROVIDER_OR_REQUEST,,,2026-08-26,2026-08-26T06:32:35Z,https://api.openalex.org/works,https://api.openalex.org/works?search.exact=%22outraged%22&per-page=1&select=id&filter=from_publication_date%3A2022-01-01%2Cto_publication_date%3A2022-12-31,EXACT_PHRASE,data/fear-temperature/priority180/search/raw/openalex/001ff270c019b110925dff02355af60b2732fbb1b2e7cc2f26622c0a26bc4809.json,e3b0c44298fc1c149afbf4c8996fb92427ae41e4649b934ca495991b7852b855,NOT_RUN_OPENALEX_DAILY_BUDGET_EXHAUSTED: shared provider response retained; no count fabricated.,FT-SEED-R1B-P-2022-13,2022,outraged
OPENALEX,OPENALEX_WORK_COUNT,outraged,"""outraged""",CONTEXTUAL_ANCHOR,2021,2023,FAILED_PROVIDER_OR_REQUEST,,,2026-08-26,2026-08-26T06:32:35Z,https://api.openalex.org/works,https://api.openalex.org/works?search.exact=%22outraged%22&per-page=1&select=id&filter=from_publication_date%3A2021-01-01%2Cto_publication_date%3A2023-12-31,EXACT_PHRASE,data/fear-temperature/priority180/search/raw/openalex/001ff270c019b110925dff02355af60b2732fbb1b2e7cc2f26622c0a26bc4809.json,e3b0c44298fc1c149afbf4c8996fb92427ae41e4649b934ca495991b7852b855,NOT_RUN_OPENALEX_DAILY_BUDGET_EXHAUSTED: shared provider response retained; no count fabricated.,FT-SEED-R1B-P-2022-13,2022,outraged
GOOGLE_BOOKS_API,GOOGLE_BOOKS_TOTAL_ITEMS,outraged,"""outraged""",ALL_AVAILABLE,,,NOT_RUN_PROVIDER_QUOTA,,,2026-08-26,2026-08-26T06:34:48Z,https://www.googleapis.com/books/v1/volumes,https://www.googleapis.com/books/v1/volumes?q=%22outraged%22&langRestrict=en&maxResults=1&printType=books,EXACT_PHRASE,data/fear-temperature/priority180/search/raw/google_books/provider_quota_probe.json,e3b0c44298fc1c149afbf4c8996fb92427ae41e4649b934ca495991b7852b855,Provider runtime probe returned project quota 0; no candidate count was fabricated. Internet Archive is the completed primary bounded source.,FT-SEED-R1B-P-2022-13,2022,outraged
INTERNET_ARCHIVE,INTERNET_ARCHIVE_METADATA_TEXT_ITEM_COUNT,depressed,"""depressed"" AND mediatype:texts",ALL_AVAILABLE,,,COMPLETED_NONZERO,6441,6441,2026-08-26,2026-08-26T06:20:43Z,https://archive.org/advancedsearch.php,https://archive.org/advancedsearch.php?q=%22depressed%22+AND+mediatype%3Atexts&fl%5B%5D=identifier&rows=0&page=1&output=json,EXACT_PHRASE,data/fear-temperature/priority180/search/raw/internet_archive/401a8337ae0f358cc93de8dc66ab5b4afc6fe3176a8e960f9dd2b96d7a553760.json,e05da49247f43ed94628a5877bbb14fbbfd448ed9a1a3420520686e791636dc4,Metadata text-item count; not a full-text lexical frequency.,FT-SEED-R1B-P-2022-14,2022,depressed
INTERNET_ARCHIVE,INTERNET_ARCHIVE_METADATA_TEXT_ITEM_COUNT,depressed,"""depressed"" AND mediatype:texts AND date:[2022-01-01 TO 2022-12-31]",STRICT_ANCHOR,2022,2022,COMPLETED_NONZERO,34,34,2026-08-26,2026-08-26T06:20:44Z,https://archive.org/advancedsearch.php,https://archive.org/advancedsearch.php?q=%22depressed%22+AND+mediatype%3Atexts+AND+date%3A%5B2022-01-01+TO+2022-12-31%5D&fl%5B%5D=identifier&rows=0&page=1&output=json,EXACT_PHRASE,data/fear-temperature/priority180/search/raw/internet_archive/7b258c6a1440127b6ef511fb084b7ee06e8d6f03b2e3ee033320627ae8e14563.json,4a0b7d01c9c80dc4be4d080152bf0ae35e38d381b1049e61738927b176abe880,Metadata text-item count; not a full-text lexical frequency.,FT-SEED-R1B-P-2022-14,2022,depressed
INTERNET_ARCHIVE,INTERNET_ARCHIVE_METADATA_TEXT_ITEM_COUNT,depressed,"""depressed"" AND mediatype:texts AND date:[2021-01-01 TO 2023-12-31]",CONTEXTUAL_ANCHOR,2021,2023,COMPLETED_NONZERO,85,85,2026-08-26,2026-08-26T06:20:46Z,https://archive.org/advancedsearch.php,https://archive.org/advancedsearch.php?q=%22depressed%22+AND+mediatype%3Atexts+AND+date%3A%5B2021-01-01+TO+2023-12-31%5D&fl%5B%5D=identifier&rows=0&page=1&output=json,EXACT_PHRASE,data/fear-temperature/priority180/search/raw/internet_archive/07aefbc843b24c70617d81993a32e6e4571636ceb55afaac8aba6433657f1a2c.json,e831063dbeb4737be392fa6644e0f100a5cf7dc98f0b11a5590d209cbc0470e6,Metadata text-item count; not a full-text lexical frequency.,FT-SEED-R1B-P-2022-14,2022,depressed
OPENALEX,OPENALEX_WORK_COUNT,depressed,"""depressed""",ALL_AVAILABLE,,,FAILED_PROVIDER_OR_REQUEST,,,2026-08-26,2026-08-26T06:32:35Z,https://api.openalex.org/works,https://api.openalex.org/works?search.exact=%22depressed%22&per-page=1&select=id,EXACT_PHRASE,data/fear-temperature/priority180/search/raw/openalex/001ff270c019b110925dff02355af60b2732fbb1b2e7cc2f26622c0a26bc4809.json,e3b0c44298fc1c149afbf4c8996fb92427ae41e4649b934ca495991b7852b855,NOT_RUN_OPENALEX_DAILY_BUDGET_EXHAUSTED: shared provider response retained; no count fabricated.,FT-SEED-R1B-P-2022-14,2022,depressed
OPENALEX,OPENALEX_WORK_COUNT,depressed,"""depressed""",STRICT_ANCHOR,2022,2022,FAILED_PROVIDER_OR_REQUEST,,,2026-08-26,2026-08-26T06:32:35Z,https://api.openalex.org/works,https://api.openalex.org/works?search.exact=%22depressed%22&per-page=1&select=id&filter=from_publication_date%3A2022-01-01%2Cto_publication_date%3A2022-12-31,EXACT_PHRASE,data/fear-temperature/priority180/search/raw/openalex/001ff270c019b110925dff02355af60b2732fbb1b2e7cc2f26622c0a26bc4809.json,e3b0c44298fc1c149afbf4c8996fb92427ae41e4649b934ca495991b7852b855,NOT_RUN_OPENALEX_DAILY_BUDGET_EXHAUSTED: shared provider response retained; no count fabricated.,FT-SEED-R1B-P-2022-14,2022,depressed
OPENALEX,OPENALEX_WORK_COUNT,depressed,"""depressed""",CONTEXTUAL_ANCHOR,2021,2023,FAILED_PROVIDER_OR_REQUEST,,,2026-08-26,2026-08-26T06:32:35Z,https://api.openalex.org/works,https://api.openalex.org/works?search.exact=%22depressed%22&per-page=1&select=id&filter=from_publication_date%3A2021-01-01%2Cto_publication_date%3A2023-12-31,EXACT_PHRASE,data/fear-temperature/priority180/search/raw/openalex/001ff270c019b110925dff02355af60b2732fbb1b2e7cc2f26622c0a26bc4809.json,e3b0c44298fc1c149afbf4c8996fb92427ae41e4649b934ca495991b7852b855,NOT_RUN_OPENALEX_DAILY_BUDGET_EXHAUSTED: shared provider response retained; no count fabricated.,FT-SEED-R1B-P-2022-14,2022,depressed
GOOGLE_BOOKS_API,GOOGLE_BOOKS_TOTAL_ITEMS,depressed,"""depressed""",ALL_AVAILABLE,,,NOT_RUN_PROVIDER_QUOTA,,,2026-08-26,2026-08-26T06:34:48Z,https://www.googleapis.com/books/v1/volumes,https://www.googleapis.com/books/v1/volumes?q=%22depressed%22&langRestrict=en&maxResults=1&printType=books,EXACT_PHRASE,data/fear-temperature/priority180/search/raw/google_books/provider_quota_probe.json,e3b0c44298fc1c149afbf4c8996fb92427ae41e4649b934ca495991b7852b855,Provider runtime probe returned project quota 0; no candidate count was fabricated. Internet Archive is the completed primary bounded source.,FT-SEED-R1B-P-2022-14,2022,depressed
INTERNET_ARCHIVE,INTERNET_ARCHIVE_METADATA_TEXT_ITEM_COUNT,symptoms of anxiety,"""symptoms of anxiety"" AND mediatype:texts",ALL_AVAILABLE,,,COMPLETED_NONZERO,96,96,2026-08-26,2026-08-26T06:25:47Z,https://archive.org/advancedsearch.php,https://archive.org/advancedsearch.php?q=%22symptoms+of+anxiety%22+AND+mediatype%3Atexts&fl%5B%5D=identifier&rows=0&page=1&output=json,EXACT_PHRASE,data/fear-temperature/priority180/search/raw/internet_archive/b6b3998bb344cd384e76d791ed5c77c481854f1cfd12e8eb028836410f8b879b.json,0b76be76208483fa7572109bdc2329ab96090c30813f5811a0db915acee7db96,Metadata text-item count; not a full-text lexical frequency.,FT-SEED-R1B-P-2022-15,2022,symptoms of anxiety
INTERNET_ARCHIVE,INTERNET_ARCHIVE_METADATA_TEXT_ITEM_COUNT,symptoms of anxiety,"""symptoms of anxiety"" AND mediatype:texts AND date:[2022-01-01 TO 2022-12-31]",STRICT_ANCHOR,2022,2022,COMPLETED_NONZERO,3,3,2026-08-26,2026-08-26T06:25:48Z,https://archive.org/advancedsearch.php,https://archive.org/advancedsearch.php?q=%22symptoms+of+anxiety%22+AND+mediatype%3Atexts+AND+date%3A%5B2022-01-01+TO+2022-12-31%5D&fl%5B%5D=identifier&rows=0&page=1&output=json,EXACT_PHRASE,data/fear-temperature/priority180/search/raw/internet_archive/7dadd8a4137f8dabebbd6feeac20c1ec9b3ce35428c7eca828640acca472fa9b.json,553ee6e6b5cf01ed0c5efa17b943275c5cc11c29ce357d5f4773f6bd83b29468,Metadata text-item count; not a full-text lexical frequency.,FT-SEED-R1B-P-2022-15,2022,symptoms of anxiety
INTERNET_ARCHIVE,INTERNET_ARCHIVE_METADATA_TEXT_ITEM_COUNT,symptoms of anxiety,"""symptoms of anxiety"" AND mediatype:texts AND date:[2021-01-01 TO 2023-12-31]",CONTEXTUAL_ANCHOR,2021,2023,COMPLETED_NONZERO,5,5,2026-08-26,2026-08-26T06:25:49Z,https://archive.org/advancedsearch.php,https://archive.org/advancedsearch.php?q=%22symptoms+of+anxiety%22+AND+mediatype%3Atexts+AND+date%3A%5B2021-01-01+TO+2023-12-31%5D&fl%5B%5D=identifier&rows=0&page=1&output=json,EXACT_PHRASE,data/fear-temperature/priority180/search/raw/internet_archive/90211de00d195c2ca34972d4f36ed4009c28d02265a8a95faacdc4662519dfa9.json,54392e1366d569ab7332718b5ed81061d3c3943df68e5da7fc4475589725e455,Metadata text-item count; not a full-text lexical frequency.,FT-SEED-R1B-P-2022-15,2022,symptoms of anxiety
OPENALEX,OPENALEX_WORK_COUNT,symptoms of anxiety,"""symptoms of anxiety""",ALL_AVAILABLE,,,FAILED_PROVIDER_OR_REQUEST,,,2026-08-26,2026-08-26T06:32:35Z,https://api.openalex.org/works,https://api.openalex.org/works?search.exact=%22symptoms+of+anxiety%22&per-page=1&select=id,EXACT_PHRASE,data/fear-temperature/priority180/search/raw/openalex/001ff270c019b110925dff02355af60b2732fbb1b2e7cc2f26622c0a26bc4809.json,e3b0c44298fc1c149afbf4c8996fb92427ae41e4649b934ca495991b7852b855,NOT_RUN_OPENALEX_DAILY_BUDGET_EXHAUSTED: shared provider response retained; no count fabricated.,FT-SEED-R1B-P-2022-15,2022,symptoms of anxiety
OPENALEX,OPENALEX_WORK_COUNT,symptoms of anxiety,"""symptoms of anxiety""",STRICT_ANCHOR,2022,2022,FAILED_PROVIDER_OR_REQUEST,,,2026-08-26,2026-08-26T06:32:35Z,https://api.openalex.org/works,https://api.openalex.org/works?search.exact=%22symptoms+of+anxiety%22&per-page=1&select=id&filter=from_publication_date%3A2022-01-01%2Cto_publication_date%3A2022-12-31,EXACT_PHRASE,data/fear-temperature/priority180/search/raw/openalex/001ff270c019b110925dff02355af60b2732fbb1b2e7cc2f26622c0a26bc4809.json,e3b0c44298fc1c149afbf4c8996fb92427ae41e4649b934ca495991b7852b855,NOT_RUN_OPENALEX_DAILY_BUDGET_EXHAUSTED: shared provider response retained; no count fabricated.,FT-SEED-R1B-P-2022-15,2022,symptoms of anxiety
OPENALEX,OPENALEX_WORK_COUNT,symptoms of anxiety,"""symptoms of anxiety""",CONTEXTUAL_ANCHOR,2021,2023,FAILED_PROVIDER_OR_REQUEST,,,2026-08-26,2026-08-26T06:32:35Z,https://api.openalex.org/works,https://api.openalex.org/works?search.exact=%22symptoms+of+anxiety%22&per-page=1&select=id&filter=from_publication_date%3A2021-01-01%2Cto_publication_date%3A2023-12-31,EXACT_PHRASE,data/fear-temperature/priority180/search/raw/openalex/001ff270c019b110925dff02355af60b2732fbb1b2e7cc2f26622c0a26bc4809.json,e3b0c44298fc1c149afbf4c8996fb92427ae41e4649b934ca495991b7852b855,NOT_RUN_OPENALEX_DAILY_BUDGET_EXHAUSTED: shared provider response retained; no count fabricated.,FT-SEED-R1B-P-2022-15,2022,symptoms of anxiety
GOOGLE_BOOKS_API,GOOGLE_BOOKS_TOTAL_ITEMS,symptoms of anxiety,"""symptoms of anxiety""",ALL_AVAILABLE,,,NOT_RUN_PROVIDER_QUOTA,,,2026-08-26,2026-08-26T06:34:48Z,https://www.googleapis.com/books/v1/volumes,https://www.googleapis.com/books/v1/volumes?q=%22symptoms+of+anxiety%22&langRestrict=en&maxResults=1&printType=books,EXACT_PHRASE,data/fear-temperature/priority180/search/raw/google_books/provider_quota_probe.json,e3b0c44298fc1c149afbf4c8996fb92427ae41e4649b934ca495991b7852b855,Provider runtime probe returned project quota 0; no candidate count was fabricated. Internet Archive is the completed primary bounded source.,FT-SEED-R1B-P-2022-15,2022,symptoms of anxiety
INTERNET_ARCHIVE,INTERNET_ARCHIVE_METADATA_TEXT_ITEM_COUNT,climate anxiety,"""climate anxiety"" AND mediatype:texts",ALL_AVAILABLE,,,COMPLETED_NONZERO,17,17,2026-08-26,2026-08-26T06:19:51Z,https://archive.org/advancedsearch.php,https://archive.org/advancedsearch.php?q=%22climate+anxiety%22+AND+mediatype%3Atexts&fl%5B%5D=identifier&rows=0&page=1&output=json,EXACT_PHRASE,data/fear-temperature/priority180/search/raw/internet_archive/b2d2eaef553e09712a9114bf3d6960efcd19dd6b155d6f7c947b66f9fd46bca4.json,6a3783d883ec6e8adc3c536f6e3f9abefcd1cf859f2082b1106d5d3f9fc082a9,Metadata text-item count; not a full-text lexical frequency.,FT-SEED-R1B-P-2022-16,2022,climate anxiety
INTERNET_ARCHIVE,INTERNET_ARCHIVE_METADATA_TEXT_ITEM_COUNT,climate anxiety,"""climate anxiety"" AND mediatype:texts AND date:[2022-01-01 TO 2022-12-31]",STRICT_ANCHOR,2022,2022,COMPLETED_NONZERO,2,2,2026-08-26,2026-08-26T06:19:52Z,https://archive.org/advancedsearch.php,https://archive.org/advancedsearch.php?q=%22climate+anxiety%22+AND+mediatype%3Atexts+AND+date%3A%5B2022-01-01+TO+2022-12-31%5D&fl%5B%5D=identifier&rows=0&page=1&output=json,EXACT_PHRASE,data/fear-temperature/priority180/search/raw/internet_archive/db0d1d02ca615c4dbf9897a9cd7acf3e0bedc73ada37d8599a9558008c4db1af.json,42e99b65c8fd3e9a5f70175e393c2b3e4b6c933f0ef0a3d5d7e3384fb54d7004,Metadata text-item count; not a full-text lexical frequency.,FT-SEED-R1B-P-2022-16,2022,climate anxiety
INTERNET_ARCHIVE,INTERNET_ARCHIVE_METADATA_TEXT_ITEM_COUNT,climate anxiety,"""climate anxiety"" AND mediatype:texts AND date:[2021-01-01 TO 2023-12-31]",CONTEXTUAL_ANCHOR,2021,2023,COMPLETED_NONZERO,4,4,2026-08-26,2026-08-26T06:19:53Z,https://archive.org/advancedsearch.php,https://archive.org/advancedsearch.php?q=%22climate+anxiety%22+AND+mediatype%3Atexts+AND+date%3A%5B2021-01-01+TO+2023-12-31%5D&fl%5B%5D=identifier&rows=0&page=1&output=json,EXACT_PHRASE,data/fear-temperature/priority180/search/raw/internet_archive/40ceecc5449a7efff5f4ff155899e821756eaa8159211cbdb9504674c3b88d9f.json,16d643a690bf6b13a265190de118a1745e697789f05c175b815e83298799a6ad,Metadata text-item count; not a full-text lexical frequency.,FT-SEED-R1B-P-2022-16,2022,climate anxiety
OPENALEX,OPENALEX_WORK_COUNT,climate anxiety,"""climate anxiety""",ALL_AVAILABLE,,,COMPLETED_NONZERO,5945,5945,2026-08-26,2026-08-26T06:28:21Z,https://api.openalex.org/works,https://api.openalex.org/works?search.exact=%22climate+anxiety%22&per-page=1&select=id,EXACT_PHRASE,data/fear-temperature/priority180/search/raw/openalex/4b0b0bdb18e6d1c43e4d488552ea080f1d684aa375540b0a74c746eadfcb07c1.json,c2e2b8e456f6747578d33cf41bff516000c8cfa1793fbc5a4a817f68d2cedc91,Scholarly work discoverability count over OpenAlex search fields; not a corpus word frequency.,FT-SEED-R1B-P-2022-16,2022,climate anxiety
OPENALEX,OPENALEX_WORK_COUNT,climate anxiety,"""climate anxiety""",STRICT_ANCHOR,2022,2022,COMPLETED_NONZERO,430,430,2026-08-26,2026-08-26T06:28:22Z,https://api.openalex.org/works,https://api.openalex.org/works?search.exact=%22climate+anxiety%22&per-page=1&select=id&filter=from_publication_date%3A2022-01-01%2Cto_publication_date%3A2022-12-31,EXACT_PHRASE,data/fear-temperature/priority180/search/raw/openalex/b4abb23a9b44684e8624a6cbfb75b3261a51b679c1c7fbdd72686ded2fb8a6c2.json,d673d4fe11e07bb03a2e117794b6e7f8bf7487939ce41ddeba010549f199abaa,Scholarly work discoverability count over OpenAlex search fields; not a corpus word frequency.,FT-SEED-R1B-P-2022-16,2022,climate anxiety
OPENALEX,OPENALEX_WORK_COUNT,climate anxiety,"""climate anxiety""",CONTEXTUAL_ANCHOR,2021,2023,COMPLETED_NONZERO,1454,1454,2026-08-26,2026-08-26T06:28:22Z,https://api.openalex.org/works,https://api.openalex.org/works?search.exact=%22climate+anxiety%22&per-page=1&select=id&filter=from_publication_date%3A2021-01-01%2Cto_publication_date%3A2023-12-31,EXACT_PHRASE,data/fear-temperature/priority180/search/raw/openalex/acfee36a146c4c7e2f10ea35a11d2431e2c888c88f9803fb74f740dbd19cfa87.json,8b6e482742f640c1e62740147866084733dc75cbb1675d55f9f30650caa158ac,Scholarly work discoverability count over OpenAlex search fields; not a corpus word frequency.,FT-SEED-R1B-P-2022-16,2022,climate anxiety
GOOGLE_BOOKS_API,GOOGLE_BOOKS_TOTAL_ITEMS,climate anxiety,"""climate anxiety""",ALL_AVAILABLE,,,NOT_RUN_PROVIDER_QUOTA,,,2026-08-26,2026-08-26T06:34:48Z,https://www.googleapis.com/books/v1/volumes,https://www.googleapis.com/books/v1/volumes?q=%22climate+anxiety%22&langRestrict=en&maxResults=1&printType=books,EXACT_PHRASE,data/fear-temperature/priority180/search/raw/google_books/provider_quota_probe.json,e3b0c44298fc1c149afbf4c8996fb92427ae41e4649b934ca495991b7852b855,Provider runtime probe returned project quota 0; no candidate count was fabricated. Internet Archive is the completed primary bounded source.,FT-SEED-R1B-P-2022-16,2022,climate anxiety
INTERNET_ARCHIVE,INTERNET_ARCHIVE_METADATA_TEXT_ITEM_COUNT,eco-anxiety,"""eco-anxiety"" AND mediatype:texts",ALL_AVAILABLE,,,COMPLETED_NONZERO,23,23,2026-08-26,2026-08-26T06:21:16Z,https://archive.org/advancedsearch.php,https://archive.org/advancedsearch.php?q=%22eco-anxiety%22+AND+mediatype%3Atexts&fl%5B%5D=identifier&rows=0&page=1&output=json,EXACT_PHRASE,data/fear-temperature/priority180/search/raw/internet_archive/ff56769af47a2be5adef609e6916db5ded5d93d4df4761c20e2dd1a06d8e0ba2.json,2cefee5dde1e0729a9b2f9d01f1d1e7b4222f1373087d4c2c4f3eac750956941,Metadata text-item count; not a full-text lexical frequency.,FT-SEED-R1B-P-2022-17,2022,eco-anxiety
INTERNET_ARCHIVE,INTERNET_ARCHIVE_METADATA_TEXT_ITEM_COUNT,eco-anxiety,"""eco-anxiety"" AND mediatype:texts AND date:[2022-01-01 TO 2022-12-31]",STRICT_ANCHOR,2022,2022,COMPLETED_NONZERO,1,1,2026-08-26,2026-08-26T06:21:17Z,https://archive.org/advancedsearch.php,https://archive.org/advancedsearch.php?q=%22eco-anxiety%22+AND+mediatype%3Atexts+AND+date%3A%5B2022-01-01+TO+2022-12-31%5D&fl%5B%5D=identifier&rows=0&page=1&output=json,EXACT_PHRASE,data/fear-temperature/priority180/search/raw/internet_archive/f4b2a53c8d7fd069f407ab60110a56116bc9b3f42f0bdeaa28f37e972faf6ad6.json,efe1b11e4fcbc4df3dc4f55ed345168e454b17d77cdce281e26798b663c8a7e2,Metadata text-item count; not a full-text lexical frequency.,FT-SEED-R1B-P-2022-17,2022,eco-anxiety
INTERNET_ARCHIVE,INTERNET_ARCHIVE_METADATA_TEXT_ITEM_COUNT,eco-anxiety,"""eco-anxiety"" AND mediatype:texts AND date:[2021-01-01 TO 2023-12-31]",CONTEXTUAL_ANCHOR,2021,2023,COMPLETED_NONZERO,3,3,2026-08-26,2026-08-26T06:21:18Z,https://archive.org/advancedsearch.php,https://archive.org/advancedsearch.php?q=%22eco-anxiety%22+AND+mediatype%3Atexts+AND+date%3A%5B2021-01-01+TO+2023-12-31%5D&fl%5B%5D=identifier&rows=0&page=1&output=json,EXACT_PHRASE,data/fear-temperature/priority180/search/raw/internet_archive/3c5e80bc685f9c60e28e0fd34cfd922eef1a923fbdca36b1ede07b1af9477e20.json,fea17f6e72e935028c21613f5b63ec2f2e4091f858246f6a1923fd83d761872e,Metadata text-item count; not a full-text lexical frequency.,FT-SEED-R1B-P-2022-17,2022,eco-anxiety
OPENALEX,OPENALEX_WORK_COUNT,eco-anxiety,"""eco-anxiety""",ALL_AVAILABLE,,,FAILED_PROVIDER_OR_REQUEST,,,2026-08-26,2026-08-26T06:32:35Z,https://api.openalex.org/works,https://api.openalex.org/works?search.exact=%22eco-anxiety%22&per-page=1&select=id,EXACT_PHRASE,data/fear-temperature/priority180/search/raw/openalex/001ff270c019b110925dff02355af60b2732fbb1b2e7cc2f26622c0a26bc4809.json,e3b0c44298fc1c149afbf4c8996fb92427ae41e4649b934ca495991b7852b855,NOT_RUN_OPENALEX_DAILY_BUDGET_EXHAUSTED: shared provider response retained; no count fabricated.,FT-SEED-R1B-P-2022-17,2022,eco-anxiety
OPENALEX,OPENALEX_WORK_COUNT,eco-anxiety,"""eco-anxiety""",STRICT_ANCHOR,2022,2022,FAILED_PROVIDER_OR_REQUEST,,,2026-08-26,2026-08-26T06:32:35Z,https://api.openalex.org/works,https://api.openalex.org/works?search.exact=%22eco-anxiety%22&per-page=1&select=id&filter=from_publication_date%3A2022-01-01%2Cto_publication_date%3A2022-12-31,EXACT_PHRASE,data/fear-temperature/priority180/search/raw/openalex/001ff270c019b110925dff02355af60b2732fbb1b2e7cc2f26622c0a26bc4809.json,e3b0c44298fc1c149afbf4c8996fb92427ae41e4649b934ca495991b7852b855,NOT_RUN_OPENALEX_DAILY_BUDGET_EXHAUSTED: shared provider response retained; no count fabricated.,FT-SEED-R1B-P-2022-17,2022,eco-anxiety
OPENALEX,OPENALEX_WORK_COUNT,eco-anxiety,"""eco-anxiety""",CONTEXTUAL_ANCHOR,2021,2023,FAILED_PROVIDER_OR_REQUEST,,,2026-08-26,2026-08-26T06:32:35Z,https://api.openalex.org/works,https://api.openalex.org/works?search.exact=%22eco-anxiety%22&per-page=1&select=id&filter=from_publication_date%3A2021-01-01%2Cto_publication_date%3A2023-12-31,EXACT_PHRASE,data/fear-temperature/priority180/search/raw/openalex/001ff270c019b110925dff02355af60b2732fbb1b2e7cc2f26622c0a26bc4809.json,e3b0c44298fc1c149afbf4c8996fb92427ae41e4649b934ca495991b7852b855,NOT_RUN_OPENALEX_DAILY_BUDGET_EXHAUSTED: shared provider response retained; no count fabricated.,FT-SEED-R1B-P-2022-17,2022,eco-anxiety
GOOGLE_BOOKS_API,GOOGLE_BOOKS_TOTAL_ITEMS,eco-anxiety,"""eco-anxiety""",ALL_AVAILABLE,,,NOT_RUN_PROVIDER_QUOTA,,,2026-08-26,2026-08-26T06:34:48Z,https://www.googleapis.com/books/v1/volumes,https://www.googleapis.com/books/v1/volumes?q=%22eco-anxiety%22&langRestrict=en&maxResults=1&printType=books,EXACT_PHRASE,data/fear-temperature/priority180/search/raw/google_books/provider_quota_probe.json,e3b0c44298fc1c149afbf4c8996fb92427ae41e4649b934ca495991b7852b855,Provider runtime probe returned project quota 0; no candidate count was fabricated. Internet Archive is the completed primary bounded source.,FT-SEED-R1B-P-2022-17,2022,eco-anxiety
INTERNET_ARCHIVE,INTERNET_ARCHIVE_METADATA_TEXT_ITEM_COUNT,psychological distress,"""psychological distress"" AND mediatype:texts",ALL_AVAILABLE,,,COMPLETED_NONZERO,694,694,2026-08-26,2026-08-26T06:24:41Z,https://archive.org/advancedsearch.php,https://archive.org/advancedsearch.php?q=%22psychological+distress%22+AND+mediatype%3Atexts&fl%5B%5D=identifier&rows=0&page=1&output=json,EXACT_PHRASE,data/fear-temperature/priority180/search/raw/internet_archive/61eaa954efb6989810e8c2b3d750ed3c58b29da710c10c4cc19a799fa4008d41.json,bb951da5496c5bdbcafa5e56ebbc747bf95189513f9e703ff6cfe9ab74147f3e,Metadata text-item count; not a full-text lexical frequency.,FT-SEED-R1B-P-2022-18,2022,psychological distress
INTERNET_ARCHIVE,INTERNET_ARCHIVE_METADATA_TEXT_ITEM_COUNT,psychological distress,"""psychological distress"" AND mediatype:texts AND date:[2022-01-01 TO 2022-12-31]",STRICT_ANCHOR,2022,2022,COMPLETED_NONZERO,15,15,2026-08-26,2026-08-26T06:24:42Z,https://archive.org/advancedsearch.php,https://archive.org/advancedsearch.php?q=%22psychological+distress%22+AND+mediatype%3Atexts+AND+date%3A%5B2022-01-01+TO+2022-12-31%5D&fl%5B%5D=identifier&rows=0&page=1&output=json,EXACT_PHRASE,data/fear-temperature/priority180/search/raw/internet_archive/c6da3f66a845fec3f7c413fb2b8408afe560043ef03e9f72acba3d274e6452de.json,f4127b88259f6436251f1ed13619747727118ef7faec0eadbf2098c64c2126d6,Metadata text-item count; not a full-text lexical frequency.,FT-SEED-R1B-P-2022-18,2022,psychological distress
INTERNET_ARCHIVE,INTERNET_ARCHIVE_METADATA_TEXT_ITEM_COUNT,psychological distress,"""psychological distress"" AND mediatype:texts AND date:[2021-01-01 TO 2023-12-31]",CONTEXTUAL_ANCHOR,2021,2023,COMPLETED_NONZERO,44,44,2026-08-26,2026-08-26T06:24:43Z,https://archive.org/advancedsearch.php,https://archive.org/advancedsearch.php?q=%22psychological+distress%22+AND+mediatype%3Atexts+AND+date%3A%5B2021-01-01+TO+2023-12-31%5D&fl%5B%5D=identifier&rows=0&page=1&output=json,EXACT_PHRASE,data/fear-temperature/priority180/search/raw/internet_archive/7a6f51904c2bf604247844f3448f92f159220a80224e458937277aae39d6237a.json,1ff5ceb6fa836dc8016d76a53b93f2716adcdc4e513565074091198400d4df84,Metadata text-item count; not a full-text lexical frequency.,FT-SEED-R1B-P-2022-18,2022,psychological distress
OPENALEX,OPENALEX_WORK_COUNT,psychological distress,"""psychological distress""",ALL_AVAILABLE,,,FAILED_PROVIDER_OR_REQUEST,,,2026-08-26,2026-08-26T06:32:35Z,https://api.openalex.org/works,https://api.openalex.org/works?search.exact=%22psychological+distress%22&per-page=1&select=id,EXACT_PHRASE,data/fear-temperature/priority180/search/raw/openalex/001ff270c019b110925dff02355af60b2732fbb1b2e7cc2f26622c0a26bc4809.json,e3b0c44298fc1c149afbf4c8996fb92427ae41e4649b934ca495991b7852b855,NOT_RUN_OPENALEX_DAILY_BUDGET_EXHAUSTED: shared provider response retained; no count fabricated.,FT-SEED-R1B-P-2022-18,2022,psychological distress
OPENALEX,OPENALEX_WORK_COUNT,psychological distress,"""psychological distress""",STRICT_ANCHOR,2022,2022,FAILED_PROVIDER_OR_REQUEST,,,2026-08-26,2026-08-26T06:32:35Z,https://api.openalex.org/works,https://api.openalex.org/works?search.exact=%22psychological+distress%22&per-page=1&select=id&filter=from_publication_date%3A2022-01-01%2Cto_publication_date%3A2022-12-31,EXACT_PHRASE,data/fear-temperature/priority180/search/raw/openalex/001ff270c019b110925dff02355af60b2732fbb1b2e7cc2f26622c0a26bc4809.json,e3b0c44298fc1c149afbf4c8996fb92427ae41e4649b934ca495991b7852b855,NOT_RUN_OPENALEX_DAILY_BUDGET_EXHAUSTED: shared provider response retained; no count fabricated.,FT-SEED-R1B-P-2022-18,2022,psychological distress
OPENALEX,OPENALEX_WORK_COUNT,psychological distress,"""psychological distress""",CONTEXTUAL_ANCHOR,2021,2023,FAILED_PROVIDER_OR_REQUEST,,,2026-08-26,2026-08-26T06:32:35Z,https://api.openalex.org/works,https://api.openalex.org/works?search.exact=%22psychological+distress%22&per-page=1&select=id&filter=from_publication_date%3A2021-01-01%2Cto_publication_date%3A2023-12-31,EXACT_PHRASE,data/fear-temperature/priority180/search/raw/openalex/001ff270c019b110925dff02355af60b2732fbb1b2e7cc2f26622c0a26bc4809.json,e3b0c44298fc1c149afbf4c8996fb92427ae41e4649b934ca495991b7852b855,NOT_RUN_OPENALEX_DAILY_BUDGET_EXHAUSTED: shared provider response retained; no count fabricated.,FT-SEED-R1B-P-2022-18,2022,psychological distress
GOOGLE_BOOKS_API,GOOGLE_BOOKS_TOTAL_ITEMS,psychological distress,"""psychological distress""",ALL_AVAILABLE,,,NOT_RUN_PROVIDER_QUOTA,,,2026-08-26,2026-08-26T06:34:48Z,https://www.googleapis.com/books/v1/volumes,https://www.googleapis.com/books/v1/volumes?q=%22psychological+distress%22&langRestrict=en&maxResults=1&printType=books,EXACT_PHRASE,data/fear-temperature/priority180/search/raw/google_books/provider_quota_probe.json,e3b0c44298fc1c149afbf4c8996fb92427ae41e4649b934ca495991b7852b855,Provider runtime probe returned project quota 0; no candidate count was fabricated. Internet Archive is the completed primary bounded source.,FT-SEED-R1B-P-2022-18,2022,psychological distress
INTERNET_ARCHIVE,INTERNET_ARCHIVE_METADATA_TEXT_ITEM_COUNT,distress,"""distress"" AND mediatype:texts",ALL_AVAILABLE,,,COMPLETED_NONZERO,10884,10884,2026-08-26,2026-08-26T06:20:56Z,https://archive.org/advancedsearch.php,https://archive.org/advancedsearch.php?q=%22distress%22+AND+mediatype%3Atexts&fl%5B%5D=identifier&rows=0&page=1&output=json,EXACT_PHRASE,data/fear-temperature/priority180/search/raw/internet_archive/49e8681428431c4eb7c169bb0522ad97ecf147b71f3ebf2a4c39bb56ba045ec0.json,711e72b0d98f3a584b6ef356eaa3538e461a86450ae204bc880689e2ca0d3a81,Metadata text-item count; not a full-text lexical frequency.,FT-SEED-R1B-P-2022-19,2022,distress
INTERNET_ARCHIVE,INTERNET_ARCHIVE_METADATA_TEXT_ITEM_COUNT,distress,"""distress"" AND mediatype:texts AND date:[2022-01-01 TO 2022-12-31]",STRICT_ANCHOR,2022,2022,COMPLETED_NONZERO,76,76,2026-08-26,2026-08-26T06:20:57Z,https://archive.org/advancedsearch.php,https://archive.org/advancedsearch.php?q=%22distress%22+AND+mediatype%3Atexts+AND+date%3A%5B2022-01-01+TO+2022-12-31%5D&fl%5B%5D=identifier&rows=0&page=1&output=json,EXACT_PHRASE,data/fear-temperature/priority180/search/raw/internet_archive/cc1b46e5375e369f34dcf24fc4dfa4e6ebc5f252221d427bb3c09843b67909bc.json,8b26a76bc80ed5b7dbf38463426e3ded2251dfa9ce271537288fc0852bc09015,Metadata text-item count; not a full-text lexical frequency.,FT-SEED-R1B-P-2022-19,2022,distress
INTERNET_ARCHIVE,INTERNET_ARCHIVE_METADATA_TEXT_ITEM_COUNT,distress,"""distress"" AND mediatype:texts AND date:[2021-01-01 TO 2023-12-31]",CONTEXTUAL_ANCHOR,2021,2023,COMPLETED_NONZERO,244,244,2026-08-26,2026-08-26T06:20:58Z,https://archive.org/advancedsearch.php,https://archive.org/advancedsearch.php?q=%22distress%22+AND+mediatype%3Atexts+AND+date%3A%5B2021-01-01+TO+2023-12-31%5D&fl%5B%5D=identifier&rows=0&page=1&output=json,EXACT_PHRASE,data/fear-temperature/priority180/search/raw/internet_archive/5335dd4543aca0e1389192e18f43125fc878f813e32a05ca889bbe33895db6eb.json,48ac7e0098550be3e900f9bc88f213e7ed27e2c78fabd1309dfc0096a2936c69,Metadata text-item count; not a full-text lexical frequency.,FT-SEED-R1B-P-2022-19,2022,distress
OPENALEX,OPENALEX_WORK_COUNT,distress,"""distress""",ALL_AVAILABLE,,,FAILED_PROVIDER_OR_REQUEST,,,2026-08-26,2026-08-26T06:32:35Z,https://api.openalex.org/works,https://api.openalex.org/works?search.exact=%22distress%22&per-page=1&select=id,EXACT_PHRASE,data/fear-temperature/priority180/search/raw/openalex/001ff270c019b110925dff02355af60b2732fbb1b2e7cc2f26622c0a26bc4809.json,e3b0c44298fc1c149afbf4c8996fb92427ae41e4649b934ca495991b7852b855,NOT_RUN_OPENALEX_DAILY_BUDGET_EXHAUSTED: shared provider response retained; no count fabricated.,FT-SEED-R1B-P-2022-19,2022,distress
OPENALEX,OPENALEX_WORK_COUNT,distress,"""distress""",STRICT_ANCHOR,2022,2022,FAILED_PROVIDER_OR_REQUEST,,,2026-08-26,2026-08-26T06:32:35Z,https://api.openalex.org/works,https://api.openalex.org/works?search.exact=%22distress%22&per-page=1&select=id&filter=from_publication_date%3A2022-01-01%2Cto_publication_date%3A2022-12-31,EXACT_PHRASE,data/fear-temperature/priority180/search/raw/openalex/001ff270c019b110925dff02355af60b2732fbb1b2e7cc2f26622c0a26bc4809.json,e3b0c44298fc1c149afbf4c8996fb92427ae41e4649b934ca495991b7852b855,NOT_RUN_OPENALEX_DAILY_BUDGET_EXHAUSTED: shared provider response retained; no count fabricated.,FT-SEED-R1B-P-2022-19,2022,distress
OPENALEX,OPENALEX_WORK_COUNT,distress,"""distress""",CONTEXTUAL_ANCHOR,2021,2023,FAILED_PROVIDER_OR_REQUEST,,,2026-08-26,2026-08-26T06:32:35Z,https://api.openalex.org/works,https://api.openalex.org/works?search.exact=%22distress%22&per-page=1&select=id&filter=from_publication_date%3A2021-01-01%2Cto_publication_date%3A2023-12-31,EXACT_PHRASE,data/fear-temperature/priority180/search/raw/openalex/001ff270c019b110925dff02355af60b2732fbb1b2e7cc2f26622c0a26bc4809.json,e3b0c44298fc1c149afbf4c8996fb92427ae41e4649b934ca495991b7852b855,NOT_RUN_OPENALEX_DAILY_BUDGET_EXHAUSTED: shared provider response retained; no count fabricated.,FT-SEED-R1B-P-2022-19,2022,distress
GOOGLE_BOOKS_API,GOOGLE_BOOKS_TOTAL_ITEMS,distress,"""distress""",ALL_AVAILABLE,,,NOT_RUN_PROVIDER_QUOTA,,,2026-08-26,2026-08-26T06:34:48Z,https://www.googleapis.com/books/v1/volumes,https://www.googleapis.com/books/v1/volumes?q=%22distress%22&langRestrict=en&maxResults=1&printType=books,EXACT_PHRASE,data/fear-temperature/priority180/search/raw/google_books/provider_quota_probe.json,e3b0c44298fc1c149afbf4c8996fb92427ae41e4649b934ca495991b7852b855,Provider runtime probe returned project quota 0; no candidate count was fabricated. Internet Archive is the completed primary bounded source.,FT-SEED-R1B-P-2022-19,2022,distress
INTERNET_ARCHIVE,INTERNET_ARCHIVE_METADATA_TEXT_ITEM_COUNT,powerlessness,"""powerlessness"" AND mediatype:texts",ALL_AVAILABLE,,,COMPLETED_NONZERO,575,575,2026-08-26,2026-08-26T06:24:28Z,https://archive.org/advancedsearch.php,https://archive.org/advancedsearch.php?q=%22powerlessness%22+AND+mediatype%3Atexts&fl%5B%5D=identifier&rows=0&page=1&output=json,EXACT_PHRASE,data/fear-temperature/priority180/search/raw/internet_archive/2b521ca0e4412c3d188a3de53a8452a67285bd9360457739055aa5ac62f9889d.json,ecafba1a68b302b8e9ea351ff82d9266ed39ad13a02575ed1a29eee0fe830d3b,Metadata text-item count; not a full-text lexical frequency.,FT-SEED-R1B-P-2022-20,2022,powerlessness
INTERNET_ARCHIVE,INTERNET_ARCHIVE_METADATA_TEXT_ITEM_COUNT,powerlessness,"""powerlessness"" AND mediatype:texts AND date:[2022-01-01 TO 2022-12-31]",STRICT_ANCHOR,2022,2022,COMPLETED_NONZERO,3,3,2026-08-26,2026-08-26T06:24:29Z,https://archive.org/advancedsearch.php,https://archive.org/advancedsearch.php?q=%22powerlessness%22+AND+mediatype%3Atexts+AND+date%3A%5B2022-01-01+TO+2022-12-31%5D&fl%5B%5D=identifier&rows=0&page=1&output=json,EXACT_PHRASE,data/fear-temperature/priority180/search/raw/internet_archive/648a44bf9020e47176f8ee8fe82d651d03da8599260abb2a353489aae9746dfe.json,85d195055d2e16e8dddb0446bf410be1e618d86b6f450a2d63ce4dffade4e154,Metadata text-item count; not a full-text lexical frequency.,FT-SEED-R1B-P-2022-20,2022,powerlessness
INTERNET_ARCHIVE,INTERNET_ARCHIVE_METADATA_TEXT_ITEM_COUNT,powerlessness,"""powerlessness"" AND mediatype:texts AND date:[2021-01-01 TO 2023-12-31]",CONTEXTUAL_ANCHOR,2021,2023,COMPLETED_NONZERO,12,12,2026-08-26,2026-08-26T06:24:30Z,https://archive.org/advancedsearch.php,https://archive.org/advancedsearch.php?q=%22powerlessness%22+AND+mediatype%3Atexts+AND+date%3A%5B2021-01-01+TO+2023-12-31%5D&fl%5B%5D=identifier&rows=0&page=1&output=json,EXACT_PHRASE,data/fear-temperature/priority180/search/raw/internet_archive/af13305dc637c4944cff02951983c57da1dbc5d76dc9f1bd13db78c997101157.json,8f4eeb32099c49ead0c3b897938e2132c02d825a008e4ce7cbd01ca622281a0a,Metadata text-item count; not a full-text lexical frequency.,FT-SEED-R1B-P-2022-20,2022,powerlessness
OPENALEX,OPENALEX_WORK_COUNT,powerlessness,"""powerlessness""",ALL_AVAILABLE,,,FAILED_PROVIDER_OR_REQUEST,,,2026-08-26,2026-08-26T06:32:35Z,https://api.openalex.org/works,https://api.openalex.org/works?search.exact=%22powerlessness%22&per-page=1&select=id,EXACT_PHRASE,data/fear-temperature/priority180/search/raw/openalex/001ff270c019b110925dff02355af60b2732fbb1b2e7cc2f26622c0a26bc4809.json,e3b0c44298fc1c149afbf4c8996fb92427ae41e4649b934ca495991b7852b855,NOT_RUN_OPENALEX_DAILY_BUDGET_EXHAUSTED: shared provider response retained; no count fabricated.,FT-SEED-R1B-P-2022-20,2022,powerlessness
OPENALEX,OPENALEX_WORK_COUNT,powerlessness,"""powerlessness""",STRICT_ANCHOR,2022,2022,FAILED_PROVIDER_OR_REQUEST,,,2026-08-26,2026-08-26T06:32:35Z,https://api.openalex.org/works,https://api.openalex.org/works?search.exact=%22powerlessness%22&per-page=1&select=id&filter=from_publication_date%3A2022-01-01%2Cto_publication_date%3A2022-12-31,EXACT_PHRASE,data/fear-temperature/priority180/search/raw/openalex/001ff270c019b110925dff02355af60b2732fbb1b2e7cc2f26622c0a26bc4809.json,e3b0c44298fc1c149afbf4c8996fb92427ae41e4649b934ca495991b7852b855,NOT_RUN_OPENALEX_DAILY_BUDGET_EXHAUSTED: shared provider response retained; no count fabricated.,FT-SEED-R1B-P-2022-20,2022,powerlessness
OPENALEX,OPENALEX_WORK_COUNT,powerlessness,"""powerlessness""",CONTEXTUAL_ANCHOR,2021,2023,FAILED_PROVIDER_OR_REQUEST,,,2026-08-26,2026-08-26T06:32:35Z,https://api.openalex.org/works,https://api.openalex.org/works?search.exact=%22powerlessness%22&per-page=1&select=id&filter=from_publication_date%3A2021-01-01%2Cto_publication_date%3A2023-12-31,EXACT_PHRASE,data/fear-temperature/priority180/search/raw/openalex/001ff270c019b110925dff02355af60b2732fbb1b2e7cc2f26622c0a26bc4809.json,e3b0c44298fc1c149afbf4c8996fb92427ae41e4649b934ca495991b7852b855,NOT_RUN_OPENALEX_DAILY_BUDGET_EXHAUSTED: shared provider response retained; no count fabricated.,FT-SEED-R1B-P-2022-20,2022,powerlessness
GOOGLE_BOOKS_API,GOOGLE_BOOKS_TOTAL_ITEMS,powerlessness,"""powerlessness""",ALL_AVAILABLE,,,NOT_RUN_PROVIDER_QUOTA,,,2026-08-26,2026-08-26T06:34:48Z,https://www.googleapis.com/books/v1/volumes,https://www.googleapis.com/books/v1/volumes?q=%22powerlessness%22&langRestrict=en&maxResults=1&printType=books,EXACT_PHRASE,data/fear-temperature/priority180/search/raw/google_books/provider_quota_probe.json,e3b0c44298fc1c149afbf4c8996fb92427ae41e4649b934ca495991b7852b855,Provider runtime probe returned project quota 0; no candidate count was fabricated. Internet Archive is the completed primary bounded source.,FT-SEED-R1B-P-2022-20,2022,powerlessness
INTERNET_ARCHIVE,INTERNET_ARCHIVE_METADATA_TEXT_ITEM_COUNT,guilt,"""guilt"" AND mediatype:texts",ALL_AVAILABLE,,,COMPLETED_NONZERO,8299,8299,2026-08-26,2026-08-26T06:22:28Z,https://archive.org/advancedsearch.php,https://archive.org/advancedsearch.php?q=%22guilt%22+AND+mediatype%3Atexts&fl%5B%5D=identifier&rows=0&page=1&output=json,EXACT_PHRASE,data/fear-temperature/priority180/search/raw/internet_archive/b5bfe8b04eb5baf6d0dc0ac0d087d1b377338a46e49f771001c09f61db8fc9da.json,33da38f2296e69536047e99ba40a297c5c43762887dd3f6bc621142d6315df58,Metadata text-item count; not a full-text lexical frequency.,FT-SEED-R1B-P-2022-21,2022,guilt
INTERNET_ARCHIVE,INTERNET_ARCHIVE_METADATA_TEXT_ITEM_COUNT,guilt,"""guilt"" AND mediatype:texts AND date:[2022-01-01 TO 2022-12-31]",STRICT_ANCHOR,2022,2022,COMPLETED_NONZERO,24,24,2026-08-26,2026-08-26T06:22:29Z,https://archive.org/advancedsearch.php,https://archive.org/advancedsearch.php?q=%22guilt%22+AND+mediatype%3Atexts+AND+date%3A%5B2022-01-01+TO+2022-12-31%5D&fl%5B%5D=identifier&rows=0&page=1&output=json,EXACT_PHRASE,data/fear-temperature/priority180/search/raw/internet_archive/aff7c09c0ad93da2f64c55a1372047569279ef22f1dff0fa8106bbce07cc5776.json,4a490db1f8aca53684f57c4795fe62e1c816affd6eeddf5823b25bfb0e5aa5dc,Metadata text-item count; not a full-text lexical frequency.,FT-SEED-R1B-P-2022-21,2022,guilt
INTERNET_ARCHIVE,INTERNET_ARCHIVE_METADATA_TEXT_ITEM_COUNT,guilt,"""guilt"" AND mediatype:texts AND date:[2021-01-01 TO 2023-12-31]",CONTEXTUAL_ANCHOR,2021,2023,COMPLETED_NONZERO,86,86,2026-08-26,2026-08-26T06:22:30Z,https://archive.org/advancedsearch.php,https://archive.org/advancedsearch.php?q=%22guilt%22+AND+mediatype%3Atexts+AND+date%3A%5B2021-01-01+TO+2023-12-31%5D&fl%5B%5D=identifier&rows=0&page=1&output=json,EXACT_PHRASE,data/fear-temperature/priority180/search/raw/internet_archive/371ce639e48838163469ea6033ec9b0df9b72eeecc351047607a45a4b0386f56.json,f64dd0c272aa087f24c230409d7a9fa471269c1c1259d1034416a717399ad798,Metadata text-item count; not a full-text lexical frequency.,FT-SEED-R1B-P-2022-21,2022,guilt
OPENALEX,OPENALEX_WORK_COUNT,guilt,"""guilt""",ALL_AVAILABLE,,,FAILED_PROVIDER_OR_REQUEST,,,2026-08-26,2026-08-26T06:32:35Z,https://api.openalex.org/works,https://api.openalex.org/works?search.exact=%22guilt%22&per-page=1&select=id,EXACT_PHRASE,data/fear-temperature/priority180/search/raw/openalex/001ff270c019b110925dff02355af60b2732fbb1b2e7cc2f26622c0a26bc4809.json,e3b0c44298fc1c149afbf4c8996fb92427ae41e4649b934ca495991b7852b855,NOT_RUN_OPENALEX_DAILY_BUDGET_EXHAUSTED: shared provider response retained; no count fabricated.,FT-SEED-R1B-P-2022-21,2022,guilt
OPENALEX,OPENALEX_WORK_COUNT,guilt,"""guilt""",STRICT_ANCHOR,2022,2022,FAILED_PROVIDER_OR_REQUEST,,,2026-08-26,2026-08-26T06:32:35Z,https://api.openalex.org/works,https://api.openalex.org/works?search.exact=%22guilt%22&per-page=1&select=id&filter=from_publication_date%3A2022-01-01%2Cto_publication_date%3A2022-12-31,EXACT_PHRASE,data/fear-temperature/priority180/search/raw/openalex/001ff270c019b110925dff02355af60b2732fbb1b2e7cc2f26622c0a26bc4809.json,e3b0c44298fc1c149afbf4c8996fb92427ae41e4649b934ca495991b7852b855,NOT_RUN_OPENALEX_DAILY_BUDGET_EXHAUSTED: shared provider response retained; no count fabricated.,FT-SEED-R1B-P-2022-21,2022,guilt
OPENALEX,OPENALEX_WORK_COUNT,guilt,"""guilt""",CONTEXTUAL_ANCHOR,2021,2023,FAILED_PROVIDER_OR_REQUEST,,,2026-08-26,2026-08-26T06:32:35Z,https://api.openalex.org/works,https://api.openalex.org/works?search.exact=%22guilt%22&per-page=1&select=id&filter=from_publication_date%3A2021-01-01%2Cto_publication_date%3A2023-12-31,EXACT_PHRASE,data/fear-temperature/priority180/search/raw/openalex/001ff270c019b110925dff02355af60b2732fbb1b2e7cc2f26622c0a26bc4809.json,e3b0c44298fc1c149afbf4c8996fb92427ae41e4649b934ca495991b7852b855,NOT_RUN_OPENALEX_DAILY_BUDGET_EXHAUSTED: shared provider response retained; no count fabricated.,FT-SEED-R1B-P-2022-21,2022,guilt
GOOGLE_BOOKS_API,GOOGLE_BOOKS_TOTAL_ITEMS,guilt,"""guilt""",ALL_AVAILABLE,,,NOT_RUN_PROVIDER_QUOTA,,,2026-08-26,2026-08-26T06:34:48Z,https://www.googleapis.com/books/v1/volumes,https://www.googleapis.com/books/v1/volumes?q=%22guilt%22&langRestrict=en&maxResults=1&printType=books,EXACT_PHRASE,data/fear-temperature/priority180/search/raw/google_books/provider_quota_probe.json,e3b0c44298fc1c149afbf4c8996fb92427ae41e4649b934ca495991b7852b855,Provider runtime probe returned project quota 0; no candidate count was fabricated. Internet Archive is the completed primary bounded source.,FT-SEED-R1B-P-2022-21,2022,guilt
INTERNET_ARCHIVE,INTERNET_ARCHIVE_METADATA_TEXT_ITEM_COUNT,heatwaves,"""heatwaves"" AND mediatype:texts",ALL_AVAILABLE,,,COMPLETED_NONZERO,115,115,2026-08-26,2026-08-26T06:23:01Z,https://archive.org/advancedsearch.php,https://archive.org/advancedsearch.php?q=%22heatwaves%22+AND+mediatype%3Atexts&fl%5B%5D=identifier&rows=0&page=1&output=json,EXACT_PHRASE,data/fear-temperature/priority180/search/raw/internet_archive/cd9eac9d0cbc98cb69c2f0ec65f3b52d16b0a3faf3373cdd42e389e12ba14246.json,022b1be908da13b46618c02535d8290d0ca376b29116484d773833c80831c4ee,Metadata text-item count; not a full-text lexical frequency.,FT-SEED-R1B-P-2022-22,2022,heatwaves
INTERNET_ARCHIVE,INTERNET_ARCHIVE_METADATA_TEXT_ITEM_COUNT,heatwaves,"""heatwaves"" AND mediatype:texts AND date:[2022-01-01 TO 2022-12-31]",STRICT_ANCHOR,2022,2022,COMPLETED_NONZERO,15,15,2026-08-26,2026-08-26T06:23:02Z,https://archive.org/advancedsearch.php,https://archive.org/advancedsearch.php?q=%22heatwaves%22+AND+mediatype%3Atexts+AND+date%3A%5B2022-01-01+TO+2022-12-31%5D&fl%5B%5D=identifier&rows=0&page=1&output=json,EXACT_PHRASE,data/fear-temperature/priority180/search/raw/internet_archive/4e5f357b33d6064dd3023295cc29d07cd991e13eddbc2e2eff94d92d9baf4ad5.json,b749dd4c40085dee78c39dce47e4fe33013f88c08cc660edbeae19ee559e0b82,Metadata text-item count; not a full-text lexical frequency.,FT-SEED-R1B-P-2022-22,2022,heatwaves
INTERNET_ARCHIVE,INTERNET_ARCHIVE_METADATA_TEXT_ITEM_COUNT,heatwaves,"""heatwaves"" AND mediatype:texts AND date:[2021-01-01 TO 2023-12-31]",CONTEXTUAL_ANCHOR,2021,2023,COMPLETED_NONZERO,26,26,2026-08-26,2026-08-26T06:23:03Z,https://archive.org/advancedsearch.php,https://archive.org/advancedsearch.php?q=%22heatwaves%22+AND+mediatype%3Atexts+AND+date%3A%5B2021-01-01+TO+2023-12-31%5D&fl%5B%5D=identifier&rows=0&page=1&output=json,EXACT_PHRASE,data/fear-temperature/priority180/search/raw/internet_archive/4eba8450002b9de052611fdac0410d398d24bd68ab2feb71d1a275239ab14eb2.json,3f4920248fa757df64b32573fed6e708d8a4ac5b36add6eab8cbb284f21e0ad1,Metadata text-item count; not a full-text lexical frequency.,FT-SEED-R1B-P-2022-22,2022,heatwaves
OPENALEX,OPENALEX_WORK_COUNT,heatwaves,"""heatwaves""",ALL_AVAILABLE,,,FAILED_PROVIDER_OR_REQUEST,,,2026-08-26,2026-08-26T06:32:35Z,https://api.openalex.org/works,https://api.openalex.org/works?search.exact=%22heatwaves%22&per-page=1&select=id,EXACT_PHRASE,data/fear-temperature/priority180/search/raw/openalex/001ff270c019b110925dff02355af60b2732fbb1b2e7cc2f26622c0a26bc4809.json,e3b0c44298fc1c149afbf4c8996fb92427ae41e4649b934ca495991b7852b855,NOT_RUN_OPENALEX_DAILY_BUDGET_EXHAUSTED: shared provider response retained; no count fabricated.,FT-SEED-R1B-P-2022-22,2022,heatwaves
OPENALEX,OPENALEX_WORK_COUNT,heatwaves,"""heatwaves""",STRICT_ANCHOR,2022,2022,FAILED_PROVIDER_OR_REQUEST,,,2026-08-26,2026-08-26T06:32:35Z,https://api.openalex.org/works,https://api.openalex.org/works?search.exact=%22heatwaves%22&per-page=1&select=id&filter=from_publication_date%3A2022-01-01%2Cto_publication_date%3A2022-12-31,EXACT_PHRASE,data/fear-temperature/priority180/search/raw/openalex/001ff270c019b110925dff02355af60b2732fbb1b2e7cc2f26622c0a26bc4809.json,e3b0c44298fc1c149afbf4c8996fb92427ae41e4649b934ca495991b7852b855,NOT_RUN_OPENALEX_DAILY_BUDGET_EXHAUSTED: shared provider response retained; no count fabricated.,FT-SEED-R1B-P-2022-22,2022,heatwaves
OPENALEX,OPENALEX_WORK_COUNT,heatwaves,"""heatwaves""",CONTEXTUAL_ANCHOR,2021,2023,FAILED_PROVIDER_OR_REQUEST,,,2026-08-26,2026-08-26T06:32:35Z,https://api.openalex.org/works,https://api.openalex.org/works?search.exact=%22heatwaves%22&per-page=1&select=id&filter=from_publication_date%3A2021-01-01%2Cto_publication_date%3A2023-12-31,EXACT_PHRASE,data/fear-temperature/priority180/search/raw/openalex/001ff270c019b110925dff02355af60b2732fbb1b2e7cc2f26622c0a26bc4809.json,e3b0c44298fc1c149afbf4c8996fb92427ae41e4649b934ca495991b7852b855,NOT_RUN_OPENALEX_DAILY_BUDGET_EXHAUSTED: shared provider response retained; no count fabricated.,FT-SEED-R1B-P-2022-22,2022,heatwaves
GOOGLE_BOOKS_API,GOOGLE_BOOKS_TOTAL_ITEMS,heatwaves,"""heatwaves""",ALL_AVAILABLE,,,NOT_RUN_PROVIDER_QUOTA,,,2026-08-26,2026-08-26T06:34:48Z,https://www.googleapis.com/books/v1/volumes,https://www.googleapis.com/books/v1/volumes?q=%22heatwaves%22&langRestrict=en&maxResults=1&printType=books,EXACT_PHRASE,data/fear-temperature/priority180/search/raw/google_books/provider_quota_probe.json,e3b0c44298fc1c149afbf4c8996fb92427ae41e4649b934ca495991b7852b855,Provider runtime probe returned project quota 0; no candidate count was fabricated. Internet Archive is the completed primary bounded source.,FT-SEED-R1B-P-2022-22,2022,heatwaves
INTERNET_ARCHIVE,INTERNET_ARCHIVE_METADATA_TEXT_ITEM_COUNT,heat-related mortality,"""heat-related mortality"" AND mediatype:texts",ALL_AVAILABLE,,,COMPLETED_NONZERO,25,25,2026-08-26,2026-08-26T06:22:58Z,https://archive.org/advancedsearch.php,https://archive.org/advancedsearch.php?q=%22heat-related+mortality%22+AND+mediatype%3Atexts&fl%5B%5D=identifier&rows=0&page=1&output=json,EXACT_PHRASE,data/fear-temperature/priority180/search/raw/internet_archive/185469ef52d8067b586e3f1487384a72b3ac08d55e2408ad6f2ecb9fcc757b97.json,dd600b681201438cf054d0e984be4950cfc41b30d810d06ab035c1f7cd7a96db,Metadata text-item count; not a full-text lexical frequency.,FT-SEED-R1B-P-2022-23,2022,heat-related mortality
INTERNET_ARCHIVE,INTERNET_ARCHIVE_METADATA_TEXT_ITEM_COUNT,heat-related mortality,"""heat-related mortality"" AND mediatype:texts AND date:[2022-01-01 TO 2022-12-31]",STRICT_ANCHOR,2022,2022,COMPLETED_NONZERO,1,1,2026-08-26,2026-08-26T06:22:59Z,https://archive.org/advancedsearch.php,https://archive.org/advancedsearch.php?q=%22heat-related+mortality%22+AND+mediatype%3Atexts+AND+date%3A%5B2022-01-01+TO+2022-12-31%5D&fl%5B%5D=identifier&rows=0&page=1&output=json,EXACT_PHRASE,data/fear-temperature/priority180/search/raw/internet_archive/3f79d9792a7422b5488ad1283a2d7461dde80049b9a9941de3e0d2062060fbf3.json,e182913ff6533435c0b3fae376d2abdca2aa722975196dfc46f1155b92ac7871,Metadata text-item count; not a full-text lexical frequency.,FT-SEED-R1B-P-2022-23,2022,heat-related mortality
INTERNET_ARCHIVE,INTERNET_ARCHIVE_METADATA_TEXT_ITEM_COUNT,heat-related mortality,"""heat-related mortality"" AND mediatype:texts AND date:[2021-01-01 TO 2023-12-31]",CONTEXTUAL_ANCHOR,2021,2023,COMPLETED_NONZERO,1,1,2026-08-26,2026-08-26T06:23:00Z,https://archive.org/advancedsearch.php,https://archive.org/advancedsearch.php?q=%22heat-related+mortality%22+AND+mediatype%3Atexts+AND+date%3A%5B2021-01-01+TO+2023-12-31%5D&fl%5B%5D=identifier&rows=0&page=1&output=json,EXACT_PHRASE,data/fear-temperature/priority180/search/raw/internet_archive/831b06fa4c5ac138f135f77ab94567fb0620cb00b40d4fc636fbe25705729f9d.json,a79b98ec53ee3007612cf2d35594f15fd04efbc4473c9089c0f5ff948f5f0df9,Metadata text-item count; not a full-text lexical frequency.,FT-SEED-R1B-P-2022-23,2022,heat-related mortality
OPENALEX,OPENALEX_WORK_COUNT,heat-related mortality,"""heat-related mortality""",ALL_AVAILABLE,,,FAILED_PROVIDER_OR_REQUEST,,,2026-08-26,2026-08-26T06:32:35Z,https://api.openalex.org/works,https://api.openalex.org/works?search.exact=%22heat-related+mortality%22&per-page=1&select=id,EXACT_PHRASE,data/fear-temperature/priority180/search/raw/openalex/001ff270c019b110925dff02355af60b2732fbb1b2e7cc2f26622c0a26bc4809.json,e3b0c44298fc1c149afbf4c8996fb92427ae41e4649b934ca495991b7852b855,NOT_RUN_OPENALEX_DAILY_BUDGET_EXHAUSTED: shared provider response retained; no count fabricated.,FT-SEED-R1B-P-2022-23,2022,heat-related mortality
OPENALEX,OPENALEX_WORK_COUNT,heat-related mortality,"""heat-related mortality""",STRICT_ANCHOR,2022,2022,FAILED_PROVIDER_OR_REQUEST,,,2026-08-26,2026-08-26T06:32:35Z,https://api.openalex.org/works,https://api.openalex.org/works?search.exact=%22heat-related+mortality%22&per-page=1&select=id&filter=from_publication_date%3A2022-01-01%2Cto_publication_date%3A2022-12-31,EXACT_PHRASE,data/fear-temperature/priority180/search/raw/openalex/001ff270c019b110925dff02355af60b2732fbb1b2e7cc2f26622c0a26bc4809.json,e3b0c44298fc1c149afbf4c8996fb92427ae41e4649b934ca495991b7852b855,NOT_RUN_OPENALEX_DAILY_BUDGET_EXHAUSTED: shared provider response retained; no count fabricated.,FT-SEED-R1B-P-2022-23,2022,heat-related mortality
OPENALEX,OPENALEX_WORK_COUNT,heat-related mortality,"""heat-related mortality""",CONTEXTUAL_ANCHOR,2021,2023,FAILED_PROVIDER_OR_REQUEST,,,2026-08-26,2026-08-26T06:32:35Z,https://api.openalex.org/works,https://api.openalex.org/works?search.exact=%22heat-related+mortality%22&per-page=1&select=id&filter=from_publication_date%3A2021-01-01%2Cto_publication_date%3A2023-12-31,EXACT_PHRASE,data/fear-temperature/priority180/search/raw/openalex/001ff270c019b110925dff02355af60b2732fbb1b2e7cc2f26622c0a26bc4809.json,e3b0c44298fc1c149afbf4c8996fb92427ae41e4649b934ca495991b7852b855,NOT_RUN_OPENALEX_DAILY_BUDGET_EXHAUSTED: shared provider response retained; no count fabricated.,FT-SEED-R1B-P-2022-23,2022,heat-related mortality
GOOGLE_BOOKS_API,GOOGLE_BOOKS_TOTAL_ITEMS,heat-related mortality,"""heat-related mortality""",ALL_AVAILABLE,,,NOT_RUN_PROVIDER_QUOTA,,,2026-08-26,2026-08-26T06:34:48Z,https://www.googleapis.com/books/v1/volumes,https://www.googleapis.com/books/v1/volumes?q=%22heat-related+mortality%22&langRestrict=en&maxResults=1&printType=books,EXACT_PHRASE,data/fear-temperature/priority180/search/raw/google_books/provider_quota_probe.json,e3b0c44298fc1c149afbf4c8996fb92427ae41e4649b934ca495991b7852b855,Provider runtime probe returned project quota 0; no candidate count was fabricated. Internet Archive is the completed primary bounded source.,FT-SEED-R1B-P-2022-23,2022,heat-related mortality
INTERNET_ARCHIVE,INTERNET_ARCHIVE_METADATA_TEXT_ITEM_COUNT,mental health challenges,"""mental health challenges"" AND mediatype:texts",ALL_AVAILABLE,,,COMPLETED_NONZERO,134,134,2026-08-26,2026-08-26T06:23:52Z,https://archive.org/advancedsearch.php,https://archive.org/advancedsearch.php?q=%22mental+health+challenges%22+AND+mediatype%3Atexts&fl%5B%5D=identifier&rows=0&page=1&output=json,EXACT_PHRASE,data/fear-temperature/priority180/search/raw/internet_archive/38cdeb094f025ae5ecfe7d3a0d9cbda81997c8113b2886ab4ef29e7348d32251.json,a88395f415e07d29978921db866c78206c9e968be0717c3b2e66356388469716,Metadata text-item count; not a full-text lexical frequency.,FT-SEED-R1B-P-2022-24,2022,mental health challenges
INTERNET_ARCHIVE,INTERNET_ARCHIVE_METADATA_TEXT_ITEM_COUNT,mental health challenges,"""mental health challenges"" AND mediatype:texts AND date:[2022-01-01 TO 2022-12-31]",STRICT_ANCHOR,2022,2022,COMPLETED_NONZERO,4,4,2026-08-26,2026-08-26T06:23:53Z,https://archive.org/advancedsearch.php,https://archive.org/advancedsearch.php?q=%22mental+health+challenges%22+AND+mediatype%3Atexts+AND+date%3A%5B2022-01-01+TO+2022-12-31%5D&fl%5B%5D=identifier&rows=0&page=1&output=json,EXACT_PHRASE,data/fear-temperature/priority180/search/raw/internet_archive/11df4ff2bc61fa95b8218b78e31b1b46cb99d90149a6c9e9f1bbfcae01c92b05.json,41824f75215466dddc0d2ddece6535fc0a6a9ecc909633168328ca4d38ffb956,Metadata text-item count; not a full-text lexical frequency.,FT-SEED-R1B-P-2022-24,2022,mental health challenges
INTERNET_ARCHIVE,INTERNET_ARCHIVE_METADATA_TEXT_ITEM_COUNT,mental health challenges,"""mental health challenges"" AND mediatype:texts AND date:[2021-01-01 TO 2023-12-31]",CONTEXTUAL_ANCHOR,2021,2023,COMPLETED_NONZERO,23,23,2026-08-26,2026-08-26T06:23:54Z,https://archive.org/advancedsearch.php,https://archive.org/advancedsearch.php?q=%22mental+health+challenges%22+AND+mediatype%3Atexts+AND+date%3A%5B2021-01-01+TO+2023-12-31%5D&fl%5B%5D=identifier&rows=0&page=1&output=json,EXACT_PHRASE,data/fear-temperature/priority180/search/raw/internet_archive/3af594343dd0b98e2f31dd904877b4864ec7bff15e47398b35208ce807223bc2.json,b6f711a043c9ccbea740b484ae666ebdc76f6228d53515cad8a0c271eb35882c,Metadata text-item count; not a full-text lexical frequency.,FT-SEED-R1B-P-2022-24,2022,mental health challenges
OPENALEX,OPENALEX_WORK_COUNT,mental health challenges,"""mental health challenges""",ALL_AVAILABLE,,,FAILED_PROVIDER_OR_REQUEST,,,2026-08-26,2026-08-26T06:32:35Z,https://api.openalex.org/works,https://api.openalex.org/works?search.exact=%22mental+health+challenges%22&per-page=1&select=id,EXACT_PHRASE,data/fear-temperature/priority180/search/raw/openalex/001ff270c019b110925dff02355af60b2732fbb1b2e7cc2f26622c0a26bc4809.json,e3b0c44298fc1c149afbf4c8996fb92427ae41e4649b934ca495991b7852b855,NOT_RUN_OPENALEX_DAILY_BUDGET_EXHAUSTED: shared provider response retained; no count fabricated.,FT-SEED-R1B-P-2022-24,2022,mental health challenges
OPENALEX,OPENALEX_WORK_COUNT,mental health challenges,"""mental health challenges""",STRICT_ANCHOR,2022,2022,FAILED_PROVIDER_OR_REQUEST,,,2026-08-26,2026-08-26T06:32:35Z,https://api.openalex.org/works,https://api.openalex.org/works?search.exact=%22mental+health+challenges%22&per-page=1&select=id&filter=from_publication_date%3A2022-01-01%2Cto_publication_date%3A2022-12-31,EXACT_PHRASE,data/fear-temperature/priority180/search/raw/openalex/001ff270c019b110925dff02355af60b2732fbb1b2e7cc2f26622c0a26bc4809.json,e3b0c44298fc1c149afbf4c8996fb92427ae41e4649b934ca495991b7852b855,NOT_RUN_OPENALEX_DAILY_BUDGET_EXHAUSTED: shared provider response retained; no count fabricated.,FT-SEED-R1B-P-2022-24,2022,mental health challenges
OPENALEX,OPENALEX_WORK_COUNT,mental health challenges,"""mental health challenges""",CONTEXTUAL_ANCHOR,2021,2023,FAILED_PROVIDER_OR_REQUEST,,,2026-08-26,2026-08-26T06:32:35Z,https://api.openalex.org/works,https://api.openalex.org/works?search.exact=%22mental+health+challenges%22&per-page=1&select=id&filter=from_publication_date%3A2021-01-01%2Cto_publication_date%3A2023-12-31,EXACT_PHRASE,data/fear-temperature/priority180/search/raw/openalex/001ff270c019b110925dff02355af60b2732fbb1b2e7cc2f26622c0a26bc4809.json,e3b0c44298fc1c149afbf4c8996fb92427ae41e4649b934ca495991b7852b855,NOT_RUN_OPENALEX_DAILY_BUDGET_EXHAUSTED: shared provider response retained; no count fabricated.,FT-SEED-R1B-P-2022-24,2022,mental health challenges
GOOGLE_BOOKS_API,GOOGLE_BOOKS_TOTAL_ITEMS,mental health challenges,"""mental health challenges""",ALL_AVAILABLE,,,NOT_RUN_PROVIDER_QUOTA,,,2026-08-26,2026-08-26T06:34:48Z,https://www.googleapis.com/books/v1/volumes,https://www.googleapis.com/books/v1/volumes?q=%22mental+health+challenges%22&langRestrict=en&maxResults=1&printType=books,EXACT_PHRASE,data/fear-temperature/priority180/search/raw/google_books/provider_quota_probe.json,e3b0c44298fc1c149afbf4c8996fb92427ae41e4649b934ca495991b7852b855,Provider runtime probe returned project quota 0; no candidate count was fabricated. Internet Archive is the completed primary bounded source.,FT-SEED-R1B-P-2022-24,2022,mental health challenges
INTERNET_ARCHIVE,INTERNET_ARCHIVE_METADATA_TEXT_ITEM_COUNT,anxiety and stress,"""anxiety and stress"" AND mediatype:texts",ALL_AVAILABLE,,,COMPLETED_NONZERO,256,256,2026-08-26,2026-08-26T06:19:10Z,https://archive.org/advancedsearch.php,https://archive.org/advancedsearch.php?q=%22anxiety+and+stress%22+AND+mediatype%3Atexts&fl%5B%5D=identifier&rows=0&page=1&output=json,EXACT_PHRASE,data/fear-temperature/priority180/search/raw/internet_archive/7fe9ab046ed1eeff0f4905facb02b6c2618a36a6bf6d13cf9401b4e2e34f8ea7.json,154ba0a2395425c8acfc4d45e86d5d2230e593198fd162d43296e32ca5328a4a,Metadata text-item count; not a full-text lexical frequency.,FT-SEED-R1B-P-2022-25,2022,anxiety and stress
INTERNET_ARCHIVE,INTERNET_ARCHIVE_METADATA_TEXT_ITEM_COUNT,anxiety and stress,"""anxiety and stress"" AND mediatype:texts AND date:[2022-01-01 TO 2022-12-31]",STRICT_ANCHOR,2022,2022,COMPLETED_NONZERO,9,9,2026-08-26,2026-08-26T06:19:11Z,https://archive.org/advancedsearch.php,https://archive.org/advancedsearch.php?q=%22anxiety+and+stress%22+AND+mediatype%3Atexts+AND+date%3A%5B2022-01-01+TO+2022-12-31%5D&fl%5B%5D=identifier&rows=0&page=1&output=json,EXACT_PHRASE,data/fear-temperature/priority180/search/raw/internet_archive/9f6a5ff51f654f5136c96cb086d8a00326b892d2d363768c9247f9487808d16f.json,7e6ec939f4f92382762fcaf53f0a91c05468b54014643c2d1747d61db993dfd6,Metadata text-item count; not a full-text lexical frequency.,FT-SEED-R1B-P-2022-25,2022,anxiety and stress
INTERNET_ARCHIVE,INTERNET_ARCHIVE_METADATA_TEXT_ITEM_COUNT,anxiety and stress,"""anxiety and stress"" AND mediatype:texts AND date:[2021-01-01 TO 2023-12-31]",CONTEXTUAL_ANCHOR,2021,2023,COMPLETED_NONZERO,34,34,2026-08-26,2026-08-26T06:19:12Z,https://archive.org/advancedsearch.php,https://archive.org/advancedsearch.php?q=%22anxiety+and+stress%22+AND+mediatype%3Atexts+AND+date%3A%5B2021-01-01+TO+2023-12-31%5D&fl%5B%5D=identifier&rows=0&page=1&output=json,EXACT_PHRASE,data/fear-temperature/priority180/search/raw/internet_archive/6c954ca2747331ac7d19ef15735e5d090c9a992a72a746700837448bd9132a14.json,56bab2645d7cc10b024567b79aae5a8881e1f6a28949fb80c0fa389c4021d7b1,Metadata text-item count; not a full-text lexical frequency.,FT-SEED-R1B-P-2022-25,2022,anxiety and stress
OPENALEX,OPENALEX_WORK_COUNT,anxiety and stress,"""anxiety and stress""",ALL_AVAILABLE,,,COMPLETED_NONZERO,122176,122176,2026-08-26,2026-08-26T06:27:47Z,https://api.openalex.org/works,https://api.openalex.org/works?search.exact=%22anxiety+and+stress%22&per-page=1&select=id,EXACT_PHRASE,data/fear-temperature/priority180/search/raw/openalex/5c8816fc63b4e147a2674cb5897e3bdae4be7300e88bdb2ca93855d3fc6893d2.json,057d4566c542ee7bcddbe340a09b2951d9245b13114a61dd4e34645402a3babe,Scholarly work discoverability count over OpenAlex search fields; not a corpus word frequency.,FT-SEED-R1B-P-2022-25,2022,anxiety and stress
OPENALEX,OPENALEX_WORK_COUNT,anxiety and stress,"""anxiety and stress""",STRICT_ANCHOR,2022,2022,COMPLETED_NONZERO,13370,13370,2026-08-26,2026-08-26T06:27:48Z,https://api.openalex.org/works,https://api.openalex.org/works?search.exact=%22anxiety+and+stress%22&per-page=1&select=id&filter=from_publication_date%3A2022-01-01%2Cto_publication_date%3A2022-12-31,EXACT_PHRASE,data/fear-temperature/priority180/search/raw/openalex/57baef00393a8865a3301b00a3c4e24bdd4c4a71aaa156796b3670a61716ea9b.json,721e3174508e6bc8fd24bbf2f7d9b2399aba741d06611c6d08771cc15f557272,Scholarly work discoverability count over OpenAlex search fields; not a corpus word frequency.,FT-SEED-R1B-P-2022-25,2022,anxiety and stress
OPENALEX,OPENALEX_WORK_COUNT,anxiety and stress,"""anxiety and stress""",CONTEXTUAL_ANCHOR,2021,2023,COMPLETED_NONZERO,40915,40915,2026-08-26,2026-08-26T06:27:48Z,https://api.openalex.org/works,https://api.openalex.org/works?search.exact=%22anxiety+and+stress%22&per-page=1&select=id&filter=from_publication_date%3A2021-01-01%2Cto_publication_date%3A2023-12-31,EXACT_PHRASE,data/fear-temperature/priority180/search/raw/openalex/4c838adb31ad110566668816e691b02cb81d0c92d8b97f76016395760fb8e6a4.json,91e7d8dd658a70b69b49df98a1a187dcf9eaa41a1fafffa7f4ef75638e23fb91,Scholarly work discoverability count over OpenAlex search fields; not a corpus word frequency.,FT-SEED-R1B-P-2022-25,2022,anxiety and stress
GOOGLE_BOOKS_API,GOOGLE_BOOKS_TOTAL_ITEMS,anxiety and stress,"""anxiety and stress""",ALL_AVAILABLE,,,NOT_RUN_PROVIDER_QUOTA,,,2026-08-26,2026-08-26T06:34:48Z,https://www.googleapis.com/books/v1/volumes,https://www.googleapis.com/books/v1/volumes?q=%22anxiety+and+stress%22&langRestrict=en&maxResults=1&printType=books,EXACT_PHRASE,data/fear-temperature/priority180/search/raw/google_books/provider_quota_probe.json,e3b0c44298fc1c149afbf4c8996fb92427ae41e4649b934ca495991b7852b855,Provider runtime probe returned project quota 0; no candidate count was fabricated. Internet Archive is the completed primary bounded source.,FT-SEED-R1B-P-2022-25,2022,anxiety and stress
INTERNET_ARCHIVE,INTERNET_ARCHIVE_METADATA_TEXT_ITEM_COUNT,ill health,"""ill health"" AND mediatype:texts",ALL_AVAILABLE,,,COMPLETED_NONZERO,1084,1084,2026-08-26,2026-08-26T06:23:18Z,https://archive.org/advancedsearch.php,https://archive.org/advancedsearch.php?q=%22ill+health%22+AND+mediatype%3Atexts&fl%5B%5D=identifier&rows=0&page=1&output=json,EXACT_PHRASE,data/fear-temperature/priority180/search/raw/internet_archive/d57577e9e44aef04fbf78133f3b2c8a281594436f3aaa8f1e48477273686e0ad.json,b861823c11c747e49e3420857836cc59796c92246eabbc354138538f0996b4aa,Metadata text-item count; not a full-text lexical frequency.,FT-SEED-R1B-P-2022-26,2022,ill health
INTERNET_ARCHIVE,INTERNET_ARCHIVE_METADATA_TEXT_ITEM_COUNT,ill health,"""ill health"" AND mediatype:texts AND date:[2022-01-01 TO 2022-12-31]",STRICT_ANCHOR,2022,2022,COMPLETED_NONZERO,2,2,2026-08-26,2026-08-26T06:23:19Z,https://archive.org/advancedsearch.php,https://archive.org/advancedsearch.php?q=%22ill+health%22+AND+mediatype%3Atexts+AND+date%3A%5B2022-01-01+TO+2022-12-31%5D&fl%5B%5D=identifier&rows=0&page=1&output=json,EXACT_PHRASE,data/fear-temperature/priority180/search/raw/internet_archive/843a5be0999f18bae524f87e3889841fc4d02c8c5c379b1e95986f5e206f5ea7.json,3a9d5319ea257ff059f6c13bc1268776e8552a9a472dd8240493ebda212fa25e,Metadata text-item count; not a full-text lexical frequency.,FT-SEED-R1B-P-2022-26,2022,ill health
INTERNET_ARCHIVE,INTERNET_ARCHIVE_METADATA_TEXT_ITEM_COUNT,ill health,"""ill health"" AND mediatype:texts AND date:[2021-01-01 TO 2023-12-31]",CONTEXTUAL_ANCHOR,2021,2023,COMPLETED_NONZERO,12,12,2026-08-26,2026-08-26T06:23:20Z,https://archive.org/advancedsearch.php,https://archive.org/advancedsearch.php?q=%22ill+health%22+AND+mediatype%3Atexts+AND+date%3A%5B2021-01-01+TO+2023-12-31%5D&fl%5B%5D=identifier&rows=0&page=1&output=json,EXACT_PHRASE,data/fear-temperature/priority180/search/raw/internet_archive/25d9c1ff41821512e85369cb60554a12a0dc10cd3b8663683c724b0ab862cb4b.json,e3157ca59756e86ac744cac38806ae6aeb8f8108957bedfa8006f21850e27a5b,Metadata text-item count; not a full-text lexical frequency.,FT-SEED-R1B-P-2022-26,2022,ill health
OPENALEX,OPENALEX_WORK_COUNT,ill health,"""ill health""",ALL_AVAILABLE,,,FAILED_PROVIDER_OR_REQUEST,,,2026-08-26,2026-08-26T06:32:35Z,https://api.openalex.org/works,https://api.openalex.org/works?search.exact=%22ill+health%22&per-page=1&select=id,EXACT_PHRASE,data/fear-temperature/priority180/search/raw/openalex/001ff270c019b110925dff02355af60b2732fbb1b2e7cc2f26622c0a26bc4809.json,e3b0c44298fc1c149afbf4c8996fb92427ae41e4649b934ca495991b7852b855,NOT_RUN_OPENALEX_DAILY_BUDGET_EXHAUSTED: shared provider response retained; no count fabricated.,FT-SEED-R1B-P-2022-26,2022,ill health
OPENALEX,OPENALEX_WORK_COUNT,ill health,"""ill health""",STRICT_ANCHOR,2022,2022,FAILED_PROVIDER_OR_REQUEST,,,2026-08-26,2026-08-26T06:32:35Z,https://api.openalex.org/works,https://api.openalex.org/works?search.exact=%22ill+health%22&per-page=1&select=id&filter=from_publication_date%3A2022-01-01%2Cto_publication_date%3A2022-12-31,EXACT_PHRASE,data/fear-temperature/priority180/search/raw/openalex/001ff270c019b110925dff02355af60b2732fbb1b2e7cc2f26622c0a26bc4809.json,e3b0c44298fc1c149afbf4c8996fb92427ae41e4649b934ca495991b7852b855,NOT_RUN_OPENALEX_DAILY_BUDGET_EXHAUSTED: shared provider response retained; no count fabricated.,FT-SEED-R1B-P-2022-26,2022,ill health
OPENALEX,OPENALEX_WORK_COUNT,ill health,"""ill health""",CONTEXTUAL_ANCHOR,2021,2023,FAILED_PROVIDER_OR_REQUEST,,,2026-08-26,2026-08-26T06:32:35Z,https://api.openalex.org/works,https://api.openalex.org/works?search.exact=%22ill+health%22&per-page=1&select=id&filter=from_publication_date%3A2021-01-01%2Cto_publication_date%3A2023-12-31,EXACT_PHRASE,data/fear-temperature/priority180/search/raw/openalex/001ff270c019b110925dff02355af60b2732fbb1b2e7cc2f26622c0a26bc4809.json,e3b0c44298fc1c149afbf4c8996fb92427ae41e4649b934ca495991b7852b855,NOT_RUN_OPENALEX_DAILY_BUDGET_EXHAUSTED: shared provider response retained; no count fabricated.,FT-SEED-R1B-P-2022-26,2022,ill health
GOOGLE_BOOKS_API,GOOGLE_BOOKS_TOTAL_ITEMS,ill health,"""ill health""",ALL_AVAILABLE,,,NOT_RUN_PROVIDER_QUOTA,,,2026-08-26,2026-08-26T06:34:48Z,https://www.googleapis.com/books/v1/volumes,https://www.googleapis.com/books/v1/volumes?q=%22ill+health%22&langRestrict=en&maxResults=1&printType=books,EXACT_PHRASE,data/fear-temperature/priority180/search/raw/google_books/provider_quota_probe.json,e3b0c44298fc1c149afbf4c8996fb92427ae41e4649b934ca495991b7852b855,Provider runtime probe returned project quota 0; no candidate count was fabricated. Internet Archive is the completed primary bounded source.,FT-SEED-R1B-P-2022-26,2022,ill health
INTERNET_ARCHIVE,INTERNET_ARCHIVE_METADATA_TEXT_ITEM_COUNT,premature deaths,"""premature deaths"" AND mediatype:texts",ALL_AVAILABLE,,,COMPLETED_NONZERO,61,61,2026-08-26,2026-08-26T06:24:34Z,https://archive.org/advancedsearch.php,https://archive.org/advancedsearch.php?q=%22premature+deaths%22+AND+mediatype%3Atexts&fl%5B%5D=identifier&rows=0&page=1&output=json,EXACT_PHRASE,data/fear-temperature/priority180/search/raw/internet_archive/fbad31e23edd4d4f8d08f30432743335f771e55e6b50599b89db30be1b5e0ff4.json,bcce8bf286f6496b484c839397a21efe681b3fde1d32beabcdd9c7e995b674e1,Metadata text-item count; not a full-text lexical frequency.,FT-SEED-R1B-P-2022-27,2022,premature deaths
INTERNET_ARCHIVE,INTERNET_ARCHIVE_METADATA_TEXT_ITEM_COUNT,premature deaths,"""premature deaths"" AND mediatype:texts AND date:[2022-01-01 TO 2022-12-31]",STRICT_ANCHOR,2022,2022,COMPLETED_NONZERO,5,5,2026-08-26,2026-08-26T06:24:35Z,https://archive.org/advancedsearch.php,https://archive.org/advancedsearch.php?q=%22premature+deaths%22+AND+mediatype%3Atexts+AND+date%3A%5B2022-01-01+TO+2022-12-31%5D&fl%5B%5D=identifier&rows=0&page=1&output=json,EXACT_PHRASE,data/fear-temperature/priority180/search/raw/internet_archive/f98cc7c696bf94fdf48c23288dfb567acbcfc7b097d7396b88ed0d3b6ad8952d.json,c432a26f458b38b89dfa2984f31c3aada3c663e955d693275a8b6400ee59c5f0,Metadata text-item count; not a full-text lexical frequency.,FT-SEED-R1B-P-2022-27,2022,premature deaths
INTERNET_ARCHIVE,INTERNET_ARCHIVE_METADATA_TEXT_ITEM_COUNT,premature deaths,"""premature deaths"" AND mediatype:texts AND date:[2021-01-01 TO 2023-12-31]",CONTEXTUAL_ANCHOR,2021,2023,COMPLETED_NONZERO,7,7,2026-08-26,2026-08-26T06:24:36Z,https://archive.org/advancedsearch.php,https://archive.org/advancedsearch.php?q=%22premature+deaths%22+AND+mediatype%3Atexts+AND+date%3A%5B2021-01-01+TO+2023-12-31%5D&fl%5B%5D=identifier&rows=0&page=1&output=json,EXACT_PHRASE,data/fear-temperature/priority180/search/raw/internet_archive/fe67ccbad5f67b4a86a35ce2ab8cd892a22cbf2f2d3b772896625b842559ab7a.json,35b57d3d17c3e6f8c2ba1ec01289924c5f0d0ec1645cd853d5681a9863bd62d4,Metadata text-item count; not a full-text lexical frequency.,FT-SEED-R1B-P-2022-27,2022,premature deaths
OPENALEX,OPENALEX_WORK_COUNT,premature deaths,"""premature deaths""",ALL_AVAILABLE,,,FAILED_PROVIDER_OR_REQUEST,,,2026-08-26,2026-08-26T06:32:35Z,https://api.openalex.org/works,https://api.openalex.org/works?search.exact=%22premature+deaths%22&per-page=1&select=id,EXACT_PHRASE,data/fear-temperature/priority180/search/raw/openalex/001ff270c019b110925dff02355af60b2732fbb1b2e7cc2f26622c0a26bc4809.json,e3b0c44298fc1c149afbf4c8996fb92427ae41e4649b934ca495991b7852b855,NOT_RUN_OPENALEX_DAILY_BUDGET_EXHAUSTED: shared provider response retained; no count fabricated.,FT-SEED-R1B-P-2022-27,2022,premature deaths
OPENALEX,OPENALEX_WORK_COUNT,premature deaths,"""premature deaths""",STRICT_ANCHOR,2022,2022,FAILED_PROVIDER_OR_REQUEST,,,2026-08-26,2026-08-26T06:32:35Z,https://api.openalex.org/works,https://api.openalex.org/works?search.exact=%22premature+deaths%22&per-page=1&select=id&filter=from_publication_date%3A2022-01-01%2Cto_publication_date%3A2022-12-31,EXACT_PHRASE,data/fear-temperature/priority180/search/raw/openalex/001ff270c019b110925dff02355af60b2732fbb1b2e7cc2f26622c0a26bc4809.json,e3b0c44298fc1c149afbf4c8996fb92427ae41e4649b934ca495991b7852b855,NOT_RUN_OPENALEX_DAILY_BUDGET_EXHAUSTED: shared provider response retained; no count fabricated.,FT-SEED-R1B-P-2022-27,2022,premature deaths
OPENALEX,OPENALEX_WORK_COUNT,premature deaths,"""premature deaths""",CONTEXTUAL_ANCHOR,2021,2023,FAILED_PROVIDER_OR_REQUEST,,,2026-08-26,2026-08-26T06:32:35Z,https://api.openalex.org/works,https://api.openalex.org/works?search.exact=%22premature+deaths%22&per-page=1&select=id&filter=from_publication_date%3A2021-01-01%2Cto_publication_date%3A2023-12-31,EXACT_PHRASE,data/fear-temperature/priority180/search/raw/openalex/001ff270c019b110925dff02355af60b2732fbb1b2e7cc2f26622c0a26bc4809.json,e3b0c44298fc1c149afbf4c8996fb92427ae41e4649b934ca495991b7852b855,NOT_RUN_OPENALEX_DAILY_BUDGET_EXHAUSTED: shared provider response retained; no count fabricated.,FT-SEED-R1B-P-2022-27,2022,premature deaths
GOOGLE_BOOKS_API,GOOGLE_BOOKS_TOTAL_ITEMS,premature deaths,"""premature deaths""",ALL_AVAILABLE,,,NOT_RUN_PROVIDER_QUOTA,,,2026-08-26,2026-08-26T06:34:48Z,https://www.googleapis.com/books/v1/volumes,https://www.googleapis.com/books/v1/volumes?q=%22premature+deaths%22&langRestrict=en&maxResults=1&printType=books,EXACT_PHRASE,data/fear-temperature/priority180/search/raw/google_books/provider_quota_probe.json,e3b0c44298fc1c149afbf4c8996fb92427ae41e4649b934ca495991b7852b855,Provider runtime probe returned project quota 0; no candidate count was fabricated. Internet Archive is the completed primary bounded source.,FT-SEED-R1B-P-2022-27,2022,premature deaths
INTERNET_ARCHIVE,INTERNET_ARCHIVE_METADATA_TEXT_ITEM_COUNT,very serious threat,"""very serious threat"" AND mediatype:texts",ALL_AVAILABLE,,,COMPLETED_NONZERO,19,19,2026-08-26,2026-08-26T06:26:29Z,https://archive.org/advancedsearch.php,https://archive.org/advancedsearch.php?q=%22very+serious+threat%22+AND+mediatype%3Atexts&fl%5B%5D=identifier&rows=0&page=1&output=json,EXACT_PHRASE,data/fear-temperature/priority180/search/raw/internet_archive/13aca32d135130b0cdfcdc0152e25144ea1ce71bff7cbebfa474e5d8545a3cc7.json,0d7afde9c961cb4b4c804c0219ffacb5239f124bab9610ec49fc2b28680d15c0,Metadata text-item count; not a full-text lexical frequency.,FT-SEED-R1B-P-2022-28,2022,very serious threat
INTERNET_ARCHIVE,INTERNET_ARCHIVE_METADATA_TEXT_ITEM_COUNT,very serious threat,"""very serious threat"" AND mediatype:texts AND date:[2022-01-01 TO 2022-12-31]",STRICT_ANCHOR,2022,2022,COMPLETED_NONZERO,1,1,2026-08-26,2026-08-26T06:26:30Z,https://archive.org/advancedsearch.php,https://archive.org/advancedsearch.php?q=%22very+serious+threat%22+AND+mediatype%3Atexts+AND+date%3A%5B2022-01-01+TO+2022-12-31%5D&fl%5B%5D=identifier&rows=0&page=1&output=json,EXACT_PHRASE,data/fear-temperature/priority180/search/raw/internet_archive/9e2987ad8e9d28120d74265a6dc08a0773df9f3750014dfd99fa5931fe26085b.json,5dcd9caa9ad107a927b07866f9ae8b0511ce13cd582f1b7469c9b145251c8d54,Metadata text-item count; not a full-text lexical frequency.,FT-SEED-R1B-P-2022-28,2022,very serious threat
INTERNET_ARCHIVE,INTERNET_ARCHIVE_METADATA_TEXT_ITEM_COUNT,very serious threat,"""very serious threat"" AND mediatype:texts AND date:[2021-01-01 TO 2023-12-31]",CONTEXTUAL_ANCHOR,2021,2023,COMPLETED_NONZERO,1,1,2026-08-26,2026-08-26T06:26:31Z,https://archive.org/advancedsearch.php,https://archive.org/advancedsearch.php?q=%22very+serious+threat%22+AND+mediatype%3Atexts+AND+date%3A%5B2021-01-01+TO+2023-12-31%5D&fl%5B%5D=identifier&rows=0&page=1&output=json,EXACT_PHRASE,data/fear-temperature/priority180/search/raw/internet_archive/11b93a2af78308589c2aa31394f487dea0e0e89264fd2a8a55d0b14f289e6abc.json,90d573fe4c0e696c0f40e954a571d855870372e4e5f23e3e78dbf5d8e87a1625,Metadata text-item count; not a full-text lexical frequency.,FT-SEED-R1B-P-2022-28,2022,very serious threat
OPENALEX,OPENALEX_WORK_COUNT,very serious threat,"""very serious threat""",ALL_AVAILABLE,,,FAILED_PROVIDER_OR_REQUEST,,,2026-08-26,2026-08-26T06:32:35Z,https://api.openalex.org/works,https://api.openalex.org/works?search.exact=%22very+serious+threat%22&per-page=1&select=id,EXACT_PHRASE,data/fear-temperature/priority180/search/raw/openalex/001ff270c019b110925dff02355af60b2732fbb1b2e7cc2f26622c0a26bc4809.json,e3b0c44298fc1c149afbf4c8996fb92427ae41e4649b934ca495991b7852b855,NOT_RUN_OPENALEX_DAILY_BUDGET_EXHAUSTED: shared provider response retained; no count fabricated.,FT-SEED-R1B-P-2022-28,2022,very serious threat
OPENALEX,OPENALEX_WORK_COUNT,very serious threat,"""very serious threat""",STRICT_ANCHOR,2022,2022,FAILED_PROVIDER_OR_REQUEST,,,2026-08-26,2026-08-26T06:32:35Z,https://api.openalex.org/works,https://api.openalex.org/works?search.exact=%22very+serious+threat%22&per-page=1&select=id&filter=from_publication_date%3A2022-01-01%2Cto_publication_date%3A2022-12-31,EXACT_PHRASE,data/fear-temperature/priority180/search/raw/openalex/001ff270c019b110925dff02355af60b2732fbb1b2e7cc2f26622c0a26bc4809.json,e3b0c44298fc1c149afbf4c8996fb92427ae41e4649b934ca495991b7852b855,NOT_RUN_OPENALEX_DAILY_BUDGET_EXHAUSTED: shared provider response retained; no count fabricated.,FT-SEED-R1B-P-2022-28,2022,very serious threat
OPENALEX,OPENALEX_WORK_COUNT,very serious threat,"""very serious threat""",CONTEXTUAL_ANCHOR,2021,2023,FAILED_PROVIDER_OR_REQUEST,,,2026-08-26,2026-08-26T06:32:35Z,https://api.openalex.org/works,https://api.openalex.org/works?search.exact=%22very+serious+threat%22&per-page=1&select=id&filter=from_publication_date%3A2021-01-01%2Cto_publication_date%3A2023-12-31,EXACT_PHRASE,data/fear-temperature/priority180/search/raw/openalex/001ff270c019b110925dff02355af60b2732fbb1b2e7cc2f26622c0a26bc4809.json,e3b0c44298fc1c149afbf4c8996fb92427ae41e4649b934ca495991b7852b855,NOT_RUN_OPENALEX_DAILY_BUDGET_EXHAUSTED: shared provider response retained; no count fabricated.,FT-SEED-R1B-P-2022-28,2022,very serious threat
GOOGLE_BOOKS_API,GOOGLE_BOOKS_TOTAL_ITEMS,very serious threat,"""very serious threat""",ALL_AVAILABLE,,,NOT_RUN_PROVIDER_QUOTA,,,2026-08-26,2026-08-26T06:34:48Z,https://www.googleapis.com/books/v1/volumes,https://www.googleapis.com/books/v1/volumes?q=%22very+serious+threat%22&langRestrict=en&maxResults=1&printType=books,EXACT_PHRASE,data/fear-temperature/priority180/search/raw/google_books/provider_quota_probe.json,e3b0c44298fc1c149afbf4c8996fb92427ae41e4649b934ca495991b7852b855,Provider runtime probe returned project quota 0; no candidate count was fabricated. Internet Archive is the completed primary bounded source.,FT-SEED-R1B-P-2022-28,2022,very serious threat
INTERNET_ARCHIVE,INTERNET_ARCHIVE_METADATA_TEXT_ITEM_COUNT,harm future generations,"""harm future generations"" AND mediatype:texts",ALL_AVAILABLE,,,COMPLETED_ZERO,0,0,2026-08-26,2026-08-26T06:22:31Z,https://archive.org/advancedsearch.php,https://archive.org/advancedsearch.php?q=%22harm+future+generations%22+AND+mediatype%3Atexts&fl%5B%5D=identifier&rows=0&page=1&output=json,EXACT_PHRASE,data/fear-temperature/priority180/search/raw/internet_archive/c641f05dcc6bf770ec9a7bce0a4a2be0505c358d175394c57d24b6873fd195e9.json,558fb2e1fcc0562f024531f3a92b203c8b8d762eb72c1ff02c7a9b2f5b0edc8e,Metadata text-item count; not a full-text lexical frequency.,FT-SEED-R1B-P-2022-29,2022,harm future generations
INTERNET_ARCHIVE,INTERNET_ARCHIVE_METADATA_TEXT_ITEM_COUNT,harm future generations,"""harm future generations"" AND mediatype:texts AND date:[2022-01-01 TO 2022-12-31]",STRICT_ANCHOR,2022,2022,COMPLETED_ZERO,0,0,2026-08-26,2026-08-26T06:22:32Z,https://archive.org/advancedsearch.php,https://archive.org/advancedsearch.php?q=%22harm+future+generations%22+AND+mediatype%3Atexts+AND+date%3A%5B2022-01-01+TO+2022-12-31%5D&fl%5B%5D=identifier&rows=0&page=1&output=json,EXACT_PHRASE,data/fear-temperature/priority180/search/raw/internet_archive/b40e6beba8c931feaaf75aec0ea40e9e29ec84977347f1b4cf420e028e5a89f2.json,bac051f8fc15bae8119bd060cb8377aee2a8e16c34f921d7380110d524d1422a,Metadata text-item count; not a full-text lexical frequency.,FT-SEED-R1B-P-2022-29,2022,harm future generations
INTERNET_ARCHIVE,INTERNET_ARCHIVE_METADATA_TEXT_ITEM_COUNT,harm future generations,"""harm future generations"" AND mediatype:texts AND date:[2021-01-01 TO 2023-12-31]",CONTEXTUAL_ANCHOR,2021,2023,COMPLETED_ZERO,0,0,2026-08-26,2026-08-26T06:22:33Z,https://archive.org/advancedsearch.php,https://archive.org/advancedsearch.php?q=%22harm+future+generations%22+AND+mediatype%3Atexts+AND+date%3A%5B2021-01-01+TO+2023-12-31%5D&fl%5B%5D=identifier&rows=0&page=1&output=json,EXACT_PHRASE,data/fear-temperature/priority180/search/raw/internet_archive/22750e5125c7733cac662fe2e65c019cbaa036e2b2c142adc9019b43526b4256.json,8044421bdcca1bbab39ad4e6de0e4ca0dd0766907941e9afda059863cd9d910d,Metadata text-item count; not a full-text lexical frequency.,FT-SEED-R1B-P-2022-29,2022,harm future generations
OPENALEX,OPENALEX_WORK_COUNT,harm future generations,"""harm future generations""",ALL_AVAILABLE,,,FAILED_PROVIDER_OR_REQUEST,,,2026-08-26,2026-08-26T06:32:35Z,https://api.openalex.org/works,https://api.openalex.org/works?search.exact=%22harm+future+generations%22&per-page=1&select=id,EXACT_PHRASE,data/fear-temperature/priority180/search/raw/openalex/001ff270c019b110925dff02355af60b2732fbb1b2e7cc2f26622c0a26bc4809.json,e3b0c44298fc1c149afbf4c8996fb92427ae41e4649b934ca495991b7852b855,NOT_RUN_OPENALEX_DAILY_BUDGET_EXHAUSTED: shared provider response retained; no count fabricated.,FT-SEED-R1B-P-2022-29,2022,harm future generations
OPENALEX,OPENALEX_WORK_COUNT,harm future generations,"""harm future generations""",STRICT_ANCHOR,2022,2022,FAILED_PROVIDER_OR_REQUEST,,,2026-08-26,2026-08-26T06:32:35Z,https://api.openalex.org/works,https://api.openalex.org/works?search.exact=%22harm+future+generations%22&per-page=1&select=id&filter=from_publication_date%3A2022-01-01%2Cto_publication_date%3A2022-12-31,EXACT_PHRASE,data/fear-temperature/priority180/search/raw/openalex/001ff270c019b110925dff02355af60b2732fbb1b2e7cc2f26622c0a26bc4809.json,e3b0c44298fc1c149afbf4c8996fb92427ae41e4649b934ca495991b7852b855,NOT_RUN_OPENALEX_DAILY_BUDGET_EXHAUSTED: shared provider response retained; no count fabricated.,FT-SEED-R1B-P-2022-29,2022,harm future generations
OPENALEX,OPENALEX_WORK_COUNT,harm future generations,"""harm future generations""",CONTEXTUAL_ANCHOR,2021,2023,FAILED_PROVIDER_OR_REQUEST,,,2026-08-26,2026-08-26T06:32:35Z,https://api.openalex.org/works,https://api.openalex.org/works?search.exact=%22harm+future+generations%22&per-page=1&select=id&filter=from_publication_date%3A2021-01-01%2Cto_publication_date%3A2023-12-31,EXACT_PHRASE,data/fear-temperature/priority180/search/raw/openalex/001ff270c019b110925dff02355af60b2732fbb1b2e7cc2f26622c0a26bc4809.json,e3b0c44298fc1c149afbf4c8996fb92427ae41e4649b934ca495991b7852b855,NOT_RUN_OPENALEX_DAILY_BUDGET_EXHAUSTED: shared provider response retained; no count fabricated.,FT-SEED-R1B-P-2022-29,2022,harm future generations
GOOGLE_BOOKS_API,GOOGLE_BOOKS_TOTAL_ITEMS,harm future generations,"""harm future generations""",ALL_AVAILABLE,,,NOT_RUN_PROVIDER_QUOTA,,,2026-08-26,2026-08-26T06:34:48Z,https://www.googleapis.com/books/v1/volumes,https://www.googleapis.com/books/v1/volumes?q=%22harm+future+generations%22&langRestrict=en&maxResults=1&printType=books,EXACT_PHRASE,data/fear-temperature/priority180/search/raw/google_books/provider_quota_probe.json,e3b0c44298fc1c149afbf4c8996fb92427ae41e4649b934ca495991b7852b855,Provider runtime probe returned project quota 0; no candidate count was fabricated. Internet Archive is the completed primary bounded source.,FT-SEED-R1B-P-2022-29,2022,harm future generations
INTERNET_ARCHIVE,INTERNET_ARCHIVE_METADATA_TEXT_ITEM_COUNT,climate crisis,"""climate crisis"" AND mediatype:texts",ALL_AVAILABLE,,,COMPLETED_NONZERO,439,439,2026-08-26,2026-08-26T06:19:57Z,https://archive.org/advancedsearch.php,https://archive.org/advancedsearch.php?q=%22climate+crisis%22+AND+mediatype%3Atexts&fl%5B%5D=identifier&rows=0&page=1&output=json,EXACT_PHRASE,data/fear-temperature/priority180/search/raw/internet_archive/ff8d80e3a6e458ba4dfc9ea2a3856827112adc31b85497acab1bd28c44aa2e6d.json,30caa6d5c2fafd529e8c3fb044f84438761029af32346a5c6894249f3b624f1b,Metadata text-item count; not a full-text lexical frequency.,FT-SEED-R1B-P-2022-30,2022,climate crisis
INTERNET_ARCHIVE,INTERNET_ARCHIVE_METADATA_TEXT_ITEM_COUNT,climate crisis,"""climate crisis"" AND mediatype:texts AND date:[2022-01-01 TO 2022-12-31]",STRICT_ANCHOR,2022,2022,COMPLETED_NONZERO,40,40,2026-08-26,2026-08-26T06:19:58Z,https://archive.org/advancedsearch.php,https://archive.org/advancedsearch.php?q=%22climate+crisis%22+AND+mediatype%3Atexts+AND+date%3A%5B2022-01-01+TO+2022-12-31%5D&fl%5B%5D=identifier&rows=0&page=1&output=json,EXACT_PHRASE,data/fear-temperature/priority180/search/raw/internet_archive/5697308e64f2f418b7ee6af323640bed14ba8bdc4b347fd89e2063c696aeda29.json,486693019188dfb7110f1cc57147e06d05db20ace65c807f74a287c0c77f67ae,Metadata text-item count; not a full-text lexical frequency.,FT-SEED-R1B-P-2022-30,2022,climate crisis
INTERNET_ARCHIVE,INTERNET_ARCHIVE_METADATA_TEXT_ITEM_COUNT,climate crisis,"""climate crisis"" AND mediatype:texts AND date:[2021-01-01 TO 2023-12-31]",CONTEXTUAL_ANCHOR,2021,2023,COMPLETED_NONZERO,114,114,2026-08-26,2026-08-26T06:19:59Z,https://archive.org/advancedsearch.php,https://archive.org/advancedsearch.php?q=%22climate+crisis%22+AND+mediatype%3Atexts+AND+date%3A%5B2021-01-01+TO+2023-12-31%5D&fl%5B%5D=identifier&rows=0&page=1&output=json,EXACT_PHRASE,data/fear-temperature/priority180/search/raw/internet_archive/b326b7e791f2d5e19f77229e25b6bc69b7f40be49a2f5bac3cad0a7d248080a8.json,96a821d017f22c523696a257e6f921b6d4a23aeb3c9daa86551a05e291ddba6b,Metadata text-item count; not a full-text lexical frequency.,FT-SEED-R1B-P-2022-30,2022,climate crisis
OPENALEX,OPENALEX_WORK_COUNT,climate crisis,"""climate crisis""",ALL_AVAILABLE,,,COMPLETED_NONZERO,78120,78120,2026-08-26,2026-08-26T06:28:25Z,https://api.openalex.org/works,https://api.openalex.org/works?search.exact=%22climate+crisis%22&per-page=1&select=id,EXACT_PHRASE,data/fear-temperature/priority180/search/raw/openalex/7bd29de1768d1658626867b7cbe97b9e2172631d9c5d01ba28ce091e25ff0108.json,237670373dfeb96f5161e6fbdb39e6bdc2e148d3f86e7aa4b89b4c0fa3f0bd19,Scholarly work discoverability count over OpenAlex search fields; not a corpus word frequency.,FT-SEED-R1B-P-2022-30,2022,climate crisis
OPENALEX,OPENALEX_WORK_COUNT,climate crisis,"""climate crisis""",STRICT_ANCHOR,2022,2022,COMPLETED_NONZERO,8316,8316,2026-08-26,2026-08-26T06:28:25Z,https://api.openalex.org/works,https://api.openalex.org/works?search.exact=%22climate+crisis%22&per-page=1&select=id&filter=from_publication_date%3A2022-01-01%2Cto_publication_date%3A2022-12-31,EXACT_PHRASE,data/fear-temperature/priority180/search/raw/openalex/1a6a451655fd8ff88080246e11394de9ed9878027cb86a4cc743eb5a994ef786.json,3194461458eaeefa78619aca729d94fdce8ac27ac2c4d3e91a9788374fe9fb46,Scholarly work discoverability count over OpenAlex search fields; not a corpus word frequency.,FT-SEED-R1B-P-2022-30,2022,climate crisis
OPENALEX,OPENALEX_WORK_COUNT,climate crisis,"""climate crisis""",CONTEXTUAL_ANCHOR,2021,2023,COMPLETED_NONZERO,26900,26900,2026-08-26,2026-08-26T06:28:26Z,https://api.openalex.org/works,https://api.openalex.org/works?search.exact=%22climate+crisis%22&per-page=1&select=id&filter=from_publication_date%3A2021-01-01%2Cto_publication_date%3A2023-12-31,EXACT_PHRASE,data/fear-temperature/priority180/search/raw/openalex/a00810e99826c69a9ee92568ddef49195182239d1a928499408fd01a37650bc0.json,a9768cc13cecbd25248b11a407a74b5c2c587f5a248fa9bb200c8989dfe2e208,Scholarly work discoverability count over OpenAlex search fields; not a corpus word frequency.,FT-SEED-R1B-P-2022-30,2022,climate crisis
GOOGLE_BOOKS_API,GOOGLE_BOOKS_TOTAL_ITEMS,climate crisis,"""climate crisis""",ALL_AVAILABLE,,,NOT_RUN_PROVIDER_QUOTA,,,2026-08-26,2026-08-26T06:34:48Z,https://www.googleapis.com/books/v1/volumes,https://www.googleapis.com/books/v1/volumes?q=%22climate+crisis%22&langRestrict=en&maxResults=1&printType=books,EXACT_PHRASE,data/fear-temperature/priority180/search/raw/google_books/provider_quota_probe.json,e3b0c44298fc1c149afbf4c8996fb92427ae41e4649b934ca495991b7852b855,Provider runtime probe returned project quota 0; no candidate count was fabricated. Internet Archive is the completed primary bounded source.,FT-SEED-R1B-P-2022-30,2022,climate crisis
