candidate_id,anchor,priority_rank,surface_form,normalized_concept,lexical_family,layer,primary_voice,expression_mode,candidate_provenance,search_primary_source,search_query,search_query_type,search_status,search_total_results,search_unique_results_if_available,search_strict_window_results,search_contextual_window_results,search_retrieval_date,search_api_or_interface,search_exactness,search_secondary_source,search_secondary_total_results,search_notes
FT-SEED-R1B-P-1842-01,1842,1,temperature,local / instrumental temperature,temperature_threshold,A,V1,E5,"RECONSTRUCTED_FROM_REPORT; Fear of Temperature_ Stratified Lexical Expansion, Voice Mapping, and Semantic-Relational Pre-Valida.pdf; p.6; project candidate FT-SEED-R1B-P-1842-01; original visible ID not available",INTERNET_ARCHIVE_METADATA_TEXT_ITEM_COUNT,"""temperature"" AND mediatype:texts",PHRASE_METADATA_SEARCH,COMPLETED_NONZERO,193717,193717,6,60,2026-08-26,https://archive.org/advancedsearch.php,EXACT_PHRASE,OPENALEX_WORK_COUNT,,Metadata text-item count; not a full-text lexical frequency. Secondary metric: NOT_RUN_OPENALEX_DAILY_BUDGET_EXHAUSTED: shared provider response retained; no count fabricated.
FT-SEED-R1B-P-1842-02,1842,2,mean temperature,mean temperature,temperature_threshold,A,V1,E5,"RECONSTRUCTED_FROM_REPORT; Fear of Temperature_ Stratified Lexical Expansion, Voice Mapping, and Semantic-Relational Pre-Valida.pdf; p.6; project candidate FT-SEED-R1B-P-1842-02; original visible ID not available",INTERNET_ARCHIVE_METADATA_TEXT_ITEM_COUNT,"""mean temperature"" AND mediatype:texts",PHRASE_METADATA_SEARCH,COMPLETED_NONZERO,664,664,0,4,2026-08-26,https://archive.org/advancedsearch.php,EXACT_PHRASE,OPENALEX_WORK_COUNT,,Metadata text-item count; not a full-text lexical frequency. Secondary metric: NOT_RUN_OPENALEX_DAILY_BUDGET_EXHAUSTED: shared provider response retained; no count fabricated.
FT-SEED-R1B-P-1842-03,1842,3,temperature of the air in shade,local / instrumental temperature,temperature_threshold,A,V1,E5,"RECONSTRUCTED_FROM_REPORT; Fear of Temperature_ Stratified Lexical Expansion, Voice Mapping, and Semantic-Relational Pre-Valida.pdf; p.6; project candidate FT-SEED-R1B-P-1842-03; original visible ID not available",INTERNET_ARCHIVE_METADATA_TEXT_ITEM_COUNT,"""temperature of the air in shade"" AND mediatype:texts",PHRASE_METADATA_SEARCH,COMPLETED_ZERO,0,0,0,0,2026-08-26,https://archive.org/advancedsearch.php,EXACT_PHRASE,OPENALEX_WORK_COUNT,,Metadata text-item count; not a full-text lexical frequency. Secondary metric: NOT_RUN_OPENALEX_DAILY_BUDGET_EXHAUSTED: shared provider response retained; no count fabricated.
FT-SEED-R1B-P-1842-04,1842,4,maximum temperature,local / instrumental temperature,temperature_threshold,A,V1,E5,"RECONSTRUCTED_FROM_REPORT; Fear of Temperature_ Stratified Lexical Expansion, Voice Mapping, and Semantic-Relational Pre-Valida.pdf; p.6; project candidate FT-SEED-R1B-P-1842-04; original visible ID not available",INTERNET_ARCHIVE_METADATA_TEXT_ITEM_COUNT,"""maximum temperature"" AND mediatype:texts",PHRASE_METADATA_SEARCH,COMPLETED_NONZERO,1464,1464,0,0,2026-08-26,https://archive.org/advancedsearch.php,EXACT_PHRASE,OPENALEX_WORK_COUNT,,Metadata text-item count; not a full-text lexical frequency. Secondary metric: NOT_RUN_OPENALEX_DAILY_BUDGET_EXHAUSTED: shared provider response retained; no count fabricated.
FT-SEED-R1B-P-1842-05,1842,5,minimum temperature,local / instrumental temperature,temperature_threshold,A,V1,E5,"RECONSTRUCTED_FROM_REPORT; Fear of Temperature_ Stratified Lexical Expansion, Voice Mapping, and Semantic-Relational Pre-Valida.pdf; p.6; project candidate FT-SEED-R1B-P-1842-05; original visible ID not available",INTERNET_ARCHIVE_METADATA_TEXT_ITEM_COUNT,"""minimum temperature"" AND mediatype:texts",PHRASE_METADATA_SEARCH,COMPLETED_NONZERO,460,460,0,0,2026-08-26,https://archive.org/advancedsearch.php,EXACT_PHRASE,OPENALEX_WORK_COUNT,,Metadata text-item count; not a full-text lexical frequency. Secondary metric: NOT_RUN_OPENALEX_DAILY_BUDGET_EXHAUSTED: shared provider response retained; no count fabricated.
FT-SEED-R1B-P-1842-06,1842,6,mean temperature of sea at surface,mean temperature,temperature_threshold,A,V1,E5,"RECONSTRUCTED_FROM_REPORT; Fear of Temperature_ Stratified Lexical Expansion, Voice Mapping, and Semantic-Relational Pre-Valida.pdf; p.6; project candidate FT-SEED-R1B-P-1842-06; original visible ID not available",INTERNET_ARCHIVE_METADATA_TEXT_ITEM_COUNT,"""mean temperature of sea at surface"" AND mediatype:texts",PHRASE_METADATA_SEARCH,COMPLETED_ZERO,0,0,0,0,2026-08-26,https://archive.org/advancedsearch.php,EXACT_PHRASE,OPENALEX_WORK_COUNT,,Metadata text-item count; not a full-text lexical frequency. Secondary metric: NOT_RUN_OPENALEX_DAILY_BUDGET_EXHAUSTED: shared provider response retained; no count fabricated.
FT-SEED-R1B-P-1842-07,1842,7,dew point,local / instrumental temperature,temperature_threshold,A,V1,E5,"RECONSTRUCTED_FROM_REPORT; Fear of Temperature_ Stratified Lexical Expansion, Voice Mapping, and Semantic-Relational Pre-Valida.pdf; p.6; project candidate FT-SEED-R1B-P-1842-07; original visible ID not available",INTERNET_ARCHIVE_METADATA_TEXT_ITEM_COUNT,"""dew point"" AND mediatype:texts",PHRASE_METADATA_SEARCH,COMPLETED_NONZERO,1217,1217,0,2,2026-08-26,https://archive.org/advancedsearch.php,EXACT_PHRASE,OPENALEX_WORK_COUNT,,Metadata text-item count; not a full-text lexical frequency. Secondary metric: NOT_RUN_OPENALEX_DAILY_BUDGET_EXHAUSTED: shared provider response retained; no count fabricated.
FT-SEED-R1B-P-1842-08,1842,8,standard thermometer,local / instrumental temperature,temperature_threshold,A,V1,E5,"RECONSTRUCTED_FROM_REPORT; Fear of Temperature_ Stratified Lexical Expansion, Voice Mapping, and Semantic-Relational Pre-Valida.pdf; p.7; project candidate FT-SEED-R1B-P-1842-08; original visible ID not available",INTERNET_ARCHIVE_METADATA_TEXT_ITEM_COUNT,"""standard thermometer"" AND mediatype:texts",PHRASE_METADATA_SEARCH,COMPLETED_NONZERO,2,2,0,0,2026-08-26,https://archive.org/advancedsearch.php,EXACT_PHRASE,OPENALEX_WORK_COUNT,,Metadata text-item count; not a full-text lexical frequency. Secondary metric: NOT_RUN_OPENALEX_DAILY_BUDGET_EXHAUSTED: shared provider response retained; no count fabricated.
FT-SEED-R1B-P-1842-09,1842,9,attached thermometer,local / instrumental temperature,temperature_threshold,A,V1,E5,"RECONSTRUCTED_FROM_REPORT; Fear of Temperature_ Stratified Lexical Expansion, Voice Mapping, and Semantic-Relational Pre-Valida.pdf; p.7; project candidate FT-SEED-R1B-P-1842-09; original visible ID not available",INTERNET_ARCHIVE_METADATA_TEXT_ITEM_COUNT,"""attached thermometer"" AND mediatype:texts",PHRASE_METADATA_SEARCH,COMPLETED_ZERO,0,0,0,0,2026-08-26,https://archive.org/advancedsearch.php,EXACT_PHRASE,OPENALEX_WORK_COUNT,96,Metadata text-item count; not a full-text lexical frequency. Secondary metric: Scholarly work discoverability count over OpenAlex search fields; not a corpus word frequency.
FT-SEED-R1B-P-1842-10,1842,10,dry bulb thermometer,local / instrumental temperature,temperature_threshold,A,V1,E5,"RECONSTRUCTED_FROM_REPORT; Fear of Temperature_ Stratified Lexical Expansion, Voice Mapping, and Semantic-Relational Pre-Valida.pdf; p.7; project candidate FT-SEED-R1B-P-1842-10; original visible ID not available",INTERNET_ARCHIVE_METADATA_TEXT_ITEM_COUNT,"""dry bulb thermometer"" AND mediatype:texts",PHRASE_METADATA_SEARCH,COMPLETED_NONZERO,2,2,0,0,2026-08-26,https://archive.org/advancedsearch.php,EXACT_PHRASE,OPENALEX_WORK_COUNT,,Metadata text-item count; not a full-text lexical frequency. Secondary metric: NOT_RUN_OPENALEX_DAILY_BUDGET_EXHAUSTED: shared provider response retained; no count fabricated.
FT-SEED-R1B-P-1842-11,1842,11,wet bulb thermometer,local / instrumental temperature,temperature_threshold,A,V1,E5,"RECONSTRUCTED_FROM_REPORT; Fear of Temperature_ Stratified Lexical Expansion, Voice Mapping, and Semantic-Relational Pre-Valida.pdf; p.6; project candidate FT-SEED-R1B-P-1842-11; original visible ID not available",INTERNET_ARCHIVE_METADATA_TEXT_ITEM_COUNT,"""wet bulb thermometer"" AND mediatype:texts",PHRASE_METADATA_SEARCH,COMPLETED_NONZERO,7,7,0,0,2026-08-26,https://archive.org/advancedsearch.php,EXACT_PHRASE,OPENALEX_WORK_COUNT,,Metadata text-item count; not a full-text lexical frequency. Secondary metric: NOT_RUN_OPENALEX_DAILY_BUDGET_EXHAUSTED: shared provider response retained; no count fabricated.
FT-SEED-R1B-P-1842-12,1842,12,meteorological observations,historical climate / climatological condition,climate,B,V1,E5,"RECONSTRUCTED_FROM_REPORT; Fear of Temperature_ Stratified Lexical Expansion, Voice Mapping, and Semantic-Relational Pre-Valida.pdf; p.6; project candidate FT-SEED-R1B-P-1842-12; original visible ID not available",INTERNET_ARCHIVE_METADATA_TEXT_ITEM_COUNT,"""meteorological observations"" AND mediatype:texts",PHRASE_METADATA_SEARCH,COMPLETED_NONZERO,1458,1458,14,94,2026-08-26,https://archive.org/advancedsearch.php,EXACT_PHRASE,OPENALEX_WORK_COUNT,,Metadata text-item count; not a full-text lexical frequency. Secondary metric: NOT_RUN_OPENALEX_DAILY_BUDGET_EXHAUSTED: shared provider response retained; no count fabricated.
FT-SEED-R1B-P-1842-13,1842,13,meteorological journal,historical climate / climatological condition,climate,B,V1,E5,"RECONSTRUCTED_FROM_REPORT; Fear of Temperature_ Stratified Lexical Expansion, Voice Mapping, and Semantic-Relational Pre-Valida.pdf; p.6; project candidate FT-SEED-R1B-P-1842-13; original visible ID not available",INTERNET_ARCHIVE_METADATA_TEXT_ITEM_COUNT,"""meteorological journal"" AND mediatype:texts",PHRASE_METADATA_SEARCH,COMPLETED_NONZERO,411,411,3,19,2026-08-26,https://archive.org/advancedsearch.php,EXACT_PHRASE,OPENALEX_WORK_COUNT,,Metadata text-item count; not a full-text lexical frequency. Secondary metric: NOT_RUN_OPENALEX_DAILY_BUDGET_EXHAUSTED: shared provider response retained; no count fabricated.
FT-SEED-R1B-P-1842-14,1842,14,weather,historical climate / climatological condition,climate,B,V1,E5,"RECONSTRUCTED_FROM_REPORT; Fear of Temperature_ Stratified Lexical Expansion, Voice Mapping, and Semantic-Relational Pre-Valida.pdf; p.6; project candidate FT-SEED-R1B-P-1842-14; original visible ID not available",INTERNET_ARCHIVE_METADATA_TEXT_ITEM_COUNT,"""weather"" AND mediatype:texts",PHRASE_METADATA_SEARCH,COMPLETED_NONZERO,67834,67834,18,123,2026-08-26,https://archive.org/advancedsearch.php,EXACT_PHRASE,OPENALEX_WORK_COUNT,,Metadata text-item count; not a full-text lexical frequency. Secondary metric: NOT_RUN_OPENALEX_DAILY_BUDGET_EXHAUSTED: shared provider response retained; no count fabricated.
FT-SEED-R1B-P-1842-15,1842,15,climate,historical climate / climatological condition,climate,B,V1,E5,"RECONSTRUCTED_FROM_REPORT; Fear of Temperature_ Stratified Lexical Expansion, Voice Mapping, and Semantic-Relational Pre-Valida.pdf; p.6; project candidate FT-SEED-R1B-P-1842-15; original visible ID not available",INTERNET_ARCHIVE_METADATA_TEXT_ITEM_COUNT,"""climate"" AND mediatype:texts",PHRASE_METADATA_SEARCH,COMPLETED_NONZERO,76386,76386,21,140,2026-08-26,https://archive.org/advancedsearch.php,EXACT_PHRASE,OPENALEX_WORK_COUNT,5536434,Metadata text-item count; not a full-text lexical frequency. Secondary metric: Scholarly work discoverability count over OpenAlex search fields; not a corpus word frequency.
FT-SEED-R1B-P-1842-16,1842,16,sun's heat,physical heat source / state,heat,A,V1,E5,"RECONSTRUCTED_FROM_REPORT; Fear of Temperature_ Stratified Lexical Expansion, Voice Mapping, and Semantic-Relational Pre-Valida.pdf; p.6; project candidate FT-SEED-R1B-P-1842-16; original visible ID not available",INTERNET_ARCHIVE_METADATA_TEXT_ITEM_COUNT,"""sun's heat"" AND mediatype:texts",PHRASE_METADATA_SEARCH,COMPLETED_NONZERO,42,42,0,0,2026-08-26,https://archive.org/advancedsearch.php,EXACT_PHRASE,OPENALEX_WORK_COUNT,,Metadata text-item count; not a full-text lexical frequency. Secondary metric: NOT_RUN_OPENALEX_DAILY_BUDGET_EXHAUSTED: shared provider response retained; no count fabricated.
FT-SEED-R1B-P-1842-17,1842,17,radiation of the heat,physical heat source / state,heat,B,V1,E5,"RECONSTRUCTED_FROM_REPORT; Fear of Temperature_ Stratified Lexical Expansion, Voice Mapping, and Semantic-Relational Pre-Valida.pdf; p.6; project candidate FT-SEED-R1B-P-1842-17; original visible ID not available",INTERNET_ARCHIVE_METADATA_TEXT_ITEM_COUNT,"""radiation of the heat"" AND mediatype:texts",PHRASE_METADATA_SEARCH,COMPLETED_NONZERO,1,1,0,0,2026-08-26,https://archive.org/advancedsearch.php,EXACT_PHRASE,OPENALEX_WORK_COUNT,,Metadata text-item count; not a full-text lexical frequency. Secondary metric: NOT_RUN_OPENALEX_DAILY_BUDGET_EXHAUSTED: shared provider response retained; no count fabricated.
FT-SEED-R1B-P-1842-18,1842,18,changes of temperature,local / instrumental temperature,temperature_threshold,A,V2,E5,"RECONSTRUCTED_FROM_REPORT; Fear of Temperature_ Stratified Lexical Expansion, Voice Mapping, and Semantic-Relational Pre-Valida.pdf; p.7; project candidate FT-SEED-R1B-P-1842-18; original visible ID not available",INTERNET_ARCHIVE_METADATA_TEXT_ITEM_COUNT,"""changes of temperature"" AND mediatype:texts",PHRASE_METADATA_SEARCH,COMPLETED_NONZERO,75,75,0,4,2026-08-26,https://archive.org/advancedsearch.php,EXACT_PHRASE,OPENALEX_WORK_COUNT,12037,Metadata text-item count; not a full-text lexical frequency. Secondary metric: Scholarly work discoverability count over OpenAlex search fields; not a corpus word frequency.
FT-SEED-R1B-P-1842-19,1842,19,excessive heat,extreme-heat hazard,heat,D,V5,E5,"RECONSTRUCTED_FROM_REPORT; Fear of Temperature_ Stratified Lexical Expansion, Voice Mapping, and Semantic-Relational Pre-Valida.pdf; p.7; project candidate FT-SEED-R1B-P-1842-19; original visible ID not available",INTERNET_ARCHIVE_METADATA_TEXT_ITEM_COUNT,"""excessive heat"" AND mediatype:texts",PHRASE_METADATA_SEARCH,COMPLETED_NONZERO,165,165,0,0,2026-08-26,https://archive.org/advancedsearch.php,EXACT_PHRASE,OPENALEX_WORK_COUNT,,Metadata text-item count; not a full-text lexical frequency. Secondary metric: NOT_RUN_OPENALEX_DAILY_BUDGET_EXHAUSTED: shared provider response retained; no count fabricated.
FT-SEED-R1B-P-1842-20,1842,20,heat of the men,embodied heat exposure,heat,A,V5,E5,"RECONSTRUCTED_FROM_REPORT; Fear of Temperature_ Stratified Lexical Expansion, Voice Mapping, and Semantic-Relational Pre-Valida.pdf; p.7; project candidate FT-SEED-R1B-P-1842-20; original visible ID not available",INTERNET_ARCHIVE_METADATA_TEXT_ITEM_COUNT,"""heat of the men"" AND mediatype:texts",PHRASE_METADATA_SEARCH,COMPLETED_ZERO,0,0,0,0,2026-08-26,https://archive.org/advancedsearch.php,EXACT_PHRASE,OPENALEX_WORK_COUNT,,Metadata text-item count; not a full-text lexical frequency. Secondary metric: NOT_RUN_OPENALEX_DAILY_BUDGET_EXHAUSTED: shared provider response retained; no count fabricated.
FT-SEED-R1B-P-1842-21,1842,21,heat of the irons,physical heat source / state,heat,A,V5,E5,"RECONSTRUCTED_FROM_REPORT; Fear of Temperature_ Stratified Lexical Expansion, Voice Mapping, and Semantic-Relational Pre-Valida.pdf; p.6; project candidate FT-SEED-R1B-P-1842-21; original visible ID not available",INTERNET_ARCHIVE_METADATA_TEXT_ITEM_COUNT,"""heat of the irons"" AND mediatype:texts",PHRASE_METADATA_SEARCH,COMPLETED_ZERO,0,0,0,0,2026-08-26,https://archive.org/advancedsearch.php,EXACT_PHRASE,OPENALEX_WORK_COUNT,,Metadata text-item count; not a full-text lexical frequency. Secondary metric: NOT_RUN_OPENALEX_DAILY_BUDGET_EXHAUSTED: shared provider response retained; no count fabricated.
FT-SEED-R1B-P-1842-22,1842,22,most suffocating,generic damage,harm_loss_consequences,D,V5,E5,"RECONSTRUCTED_FROM_REPORT; Fear of Temperature_ Stratified Lexical Expansion, Voice Mapping, and Semantic-Relational Pre-Valida.pdf; p.6; project candidate FT-SEED-R1B-P-1842-22; original visible ID not available",INTERNET_ARCHIVE_METADATA_TEXT_ITEM_COUNT,"""most suffocating"" AND mediatype:texts",PHRASE_METADATA_SEARCH,COMPLETED_ZERO,0,0,0,0,2026-08-26,https://archive.org/advancedsearch.php,EXACT_PHRASE,OPENALEX_WORK_COUNT,,Metadata text-item count; not a full-text lexical frequency. Secondary metric: NOT_RUN_OPENALEX_DAILY_BUDGET_EXHAUSTED: shared provider response retained; no count fabricated.
FT-SEED-R1B-P-1842-23,1842,23,faint away,generic damage,harm_loss_consequences,D,V5,E5,"RECONSTRUCTED_FROM_REPORT; Fear of Temperature_ Stratified Lexical Expansion, Voice Mapping, and Semantic-Relational Pre-Valida.pdf; p.6; project candidate FT-SEED-R1B-P-1842-23; original visible ID not available",INTERNET_ARCHIVE_METADATA_TEXT_ITEM_COUNT,"""faint away"" AND mediatype:texts",PHRASE_METADATA_SEARCH,COMPLETED_NONZERO,2,2,0,0,2026-08-26,https://archive.org/advancedsearch.php,EXACT_PHRASE,OPENALEX_WORK_COUNT,,Metadata text-item count; not a full-text lexical frequency. Secondary metric: NOT_RUN_OPENALEX_DAILY_BUDGET_EXHAUSTED: shared provider response retained; no count fabricated.
FT-SEED-R1B-P-1842-24,1842,24,perspiration,generic damage,harm_loss_consequences,D,V5,E5,"RECONSTRUCTED_FROM_REPORT; Fear of Temperature_ Stratified Lexical Expansion, Voice Mapping, and Semantic-Relational Pre-Valida.pdf; p.6; project candidate FT-SEED-R1B-P-1842-24; original visible ID not available",INTERNET_ARCHIVE_METADATA_TEXT_ITEM_COUNT,"""perspiration"" AND mediatype:texts",PHRASE_METADATA_SEARCH,COMPLETED_NONZERO,551,551,0,2,2026-08-26,https://archive.org/advancedsearch.php,EXACT_PHRASE,OPENALEX_WORK_COUNT,,Metadata text-item count; not a full-text lexical frequency. Secondary metric: NOT_RUN_OPENALEX_DAILY_BUDGET_EXHAUSTED: shared provider response retained; no count fabricated.
FT-SEED-R1B-P-1842-25,1842,25,depressing effect,historical depressing effect,distress_depression,C,V5,E3,"RECONSTRUCTED_FROM_REPORT; Fear of Temperature_ Stratified Lexical Expansion, Voice Mapping, and Semantic-Relational Pre-Valida.pdf; p.6; project candidate FT-SEED-R1B-P-1842-25; original visible ID not available",INTERNET_ARCHIVE_METADATA_TEXT_ITEM_COUNT,"""depressing effect"" AND mediatype:texts",PHRASE_METADATA_SEARCH,COMPLETED_NONZERO,62,62,0,0,2026-08-26,https://archive.org/advancedsearch.php,EXACT_PHRASE,OPENALEX_WORK_COUNT,,Metadata text-item count; not a full-text lexical frequency. Secondary metric: NOT_RUN_OPENALEX_DAILY_BUDGET_EXHAUSTED: shared provider response retained; no count fabricated.
FT-SEED-R1B-P-1842-26,1842,26,complain of the heat,embodied heat exposure,heat,C,V5,E5,"RECONSTRUCTED_FROM_REPORT; Fear of Temperature_ Stratified Lexical Expansion, Voice Mapping, and Semantic-Relational Pre-Valida.pdf; p.6; project candidate FT-SEED-R1B-P-1842-26; original visible ID not available",INTERNET_ARCHIVE_METADATA_TEXT_ITEM_COUNT,"""complain of the heat"" AND mediatype:texts",PHRASE_METADATA_SEARCH,COMPLETED_ZERO,0,0,0,0,2026-08-26,https://archive.org/advancedsearch.php,EXACT_PHRASE,OPENALEX_WORK_COUNT,9,Metadata text-item count; not a full-text lexical frequency. Secondary metric: Scholarly work discoverability count over OpenAlex search fields; not a corpus word frequency.
FT-SEED-R1B-P-1842-27,1842,27,premature heat of the weather,physical heat source / state,heat,A,V5,E5,"RECONSTRUCTED_FROM_REPORT; Fear of Temperature_ Stratified Lexical Expansion, Voice Mapping, and Semantic-Relational Pre-Valida.pdf; p.6; project candidate FT-SEED-R1B-P-1842-27; original visible ID not available",INTERNET_ARCHIVE_METADATA_TEXT_ITEM_COUNT,"""premature heat of the weather"" AND mediatype:texts",PHRASE_METADATA_SEARCH,COMPLETED_ZERO,0,0,0,0,2026-08-26,https://archive.org/advancedsearch.php,EXACT_PHRASE,OPENALEX_WORK_COUNT,,Metadata text-item count; not a full-text lexical frequency. Secondary metric: NOT_RUN_OPENALEX_DAILY_BUDGET_EXHAUSTED: shared provider response retained; no count fabricated.
FT-SEED-R1B-P-1842-28,1842,28,suffered more from cold than from heat,physical heat source / state,heat,D,V1,E5,"RECONSTRUCTED_FROM_REPORT; Fear of Temperature_ Stratified Lexical Expansion, Voice Mapping, and Semantic-Relational Pre-Valida.pdf; p.7; project candidate FT-SEED-R1B-P-1842-28; original visible ID not available",INTERNET_ARCHIVE_METADATA_TEXT_ITEM_COUNT,"""suffered more from cold than from heat"" AND mediatype:texts",PHRASE_METADATA_SEARCH,COMPLETED_ZERO,0,0,0,0,2026-08-26,https://archive.org/advancedsearch.php,EXACT_PHRASE,OPENALEX_WORK_COUNT,,Metadata text-item count; not a full-text lexical frequency. Secondary metric: NOT_RUN_OPENALEX_DAILY_BUDGET_EXHAUSTED: shared provider response retained; no count fabricated.
FT-SEED-R1B-P-1842-29,1842,29,sickness and mortality,mortality,harm_loss_consequences,D,V2,E5,"RECONSTRUCTED_FROM_REPORT; Fear of Temperature_ Stratified Lexical Expansion, Voice Mapping, and Semantic-Relational Pre-Valida.pdf; p.7; project candidate FT-SEED-R1B-P-1842-29; original visible ID not available",INTERNET_ARCHIVE_METADATA_TEXT_ITEM_COUNT,"""sickness and mortality"" AND mediatype:texts",PHRASE_METADATA_SEARCH,COMPLETED_NONZERO,73,73,0,18,2026-08-26,https://archive.org/advancedsearch.php,EXACT_PHRASE,OPENALEX_WORK_COUNT,,Metadata text-item count; not a full-text lexical frequency. Secondary metric: NOT_RUN_OPENALEX_DAILY_BUDGET_EXHAUSTED: shared provider response retained; no count fabricated.
FT-SEED-R1B-P-1842-30,1842,30,alarm to the public,public alarm,concern_alarm,C,V3,E5,"RECONSTRUCTED_FROM_REPORT; Fear of Temperature_ Stratified Lexical Expansion, Voice Mapping, and Semantic-Relational Pre-Valida.pdf; p.7; project candidate FT-SEED-R1B-P-1842-30; original visible ID not available",INTERNET_ARCHIVE_METADATA_TEXT_ITEM_COUNT,"""alarm to the public"" AND mediatype:texts",PHRASE_METADATA_SEARCH,COMPLETED_NONZERO,3,3,0,0,2026-08-26,https://archive.org/advancedsearch.php,EXACT_PHRASE,OPENALEX_WORK_COUNT,110,Metadata text-item count; not a full-text lexical frequency. Secondary metric: Scholarly work discoverability count over OpenAlex search fields; not a corpus word frequency.
FT-SEED-R1B-P-1938-01,1938,1,artificial production of carbon dioxide,anthropogenic carbon-dioxide production,carbon_greenhouse,B,V1,E5,"RECONSTRUCTED_FROM_REPORT; Fear of Temperature_ Stratified Lexical Expansion, Voice Mapping, and Semantic-Relational Pre-Valida.pdf; p.7; project candidate FT-SEED-R1B-P-1938-01; original visible ID not available",INTERNET_ARCHIVE_METADATA_TEXT_ITEM_COUNT,"""artificial production of carbon dioxide"" AND mediatype:texts",PHRASE_METADATA_SEARCH,COMPLETED_ZERO,0,0,0,0,2026-08-26,https://archive.org/advancedsearch.php,EXACT_PHRASE,OPENALEX_WORK_COUNT,270,Metadata text-item count; not a full-text lexical frequency. Secondary metric: Scholarly work discoverability count over OpenAlex search fields; not a corpus word frequency.
FT-SEED-R1B-P-1938-02,1938,2,carbon dioxide,atmospheric carbon dioxide,carbon_greenhouse,B,V1,E5,"RECONSTRUCTED_FROM_REPORT; Fear of Temperature_ Stratified Lexical Expansion, Voice Mapping, and Semantic-Relational Pre-Valida.pdf; p.7; project candidate FT-SEED-R1B-P-1938-02; original visible ID not available",INTERNET_ARCHIVE_METADATA_TEXT_ITEM_COUNT,"""carbon dioxide"" AND mediatype:texts",PHRASE_METADATA_SEARCH,COMPLETED_NONZERO,10042,10042,7,29,2026-08-26,https://archive.org/advancedsearch.php,EXACT_PHRASE,OPENALEX_WORK_COUNT,1319347,Metadata text-item count; not a full-text lexical frequency. Secondary metric: Scholarly work discoverability count over OpenAlex search fields; not a corpus word frequency.
FT-SEED-R1B-P-1938-03,1938,3,fuel combustion,anthropogenic carbon-dioxide production,carbon_greenhouse,B,V1,E5,"RECONSTRUCTED_FROM_REPORT; Fear of Temperature_ Stratified Lexical Expansion, Voice Mapping, and Semantic-Relational Pre-Valida.pdf; p.8; project candidate FT-SEED-R1B-P-1938-03; original visible ID not available",INTERNET_ARCHIVE_METADATA_TEXT_ITEM_COUNT,"""fuel combustion"" AND mediatype:texts",PHRASE_METADATA_SEARCH,COMPLETED_NONZERO,660,660,0,0,2026-08-26,https://archive.org/advancedsearch.php,EXACT_PHRASE,OPENALEX_WORK_COUNT,,Metadata text-item count; not a full-text lexical frequency. Secondary metric: NOT_RUN_OPENALEX_DAILY_BUDGET_EXHAUSTED: shared provider response retained; no count fabricated.
FT-SEED-R1B-P-1938-04,1938,4,air,historical climate / climatological condition,climate,B,V1,E5,"RECONSTRUCTED_FROM_REPORT; Fear of Temperature_ Stratified Lexical Expansion, Voice Mapping, and Semantic-Relational Pre-Valida.pdf; p.8; project candidate FT-SEED-R1B-P-1938-04; original visible ID not available",INTERNET_ARCHIVE_METADATA_TEXT_ITEM_COUNT,"""air"" AND mediatype:texts",PHRASE_METADATA_SEARCH,COMPLETED_NONZERO,406830,406830,1800,8904,2026-08-26,https://archive.org/advancedsearch.php,EXACT_PHRASE,OPENALEX_WORK_COUNT,8872588,Metadata text-item count; not a full-text lexical frequency. Secondary metric: Scholarly work discoverability count over OpenAlex search fields; not a corpus word frequency.
FT-SEED-R1B-P-1938-05,1938,5,atmosphere,historical climate / climatological condition,climate,B,V1,E5,"RECONSTRUCTED_FROM_REPORT; Fear of Temperature_ Stratified Lexical Expansion, Voice Mapping, and Semantic-Relational Pre-Valida.pdf; p.8; project candidate FT-SEED-R1B-P-1938-05; original visible ID not available",INTERNET_ARCHIVE_METADATA_TEXT_ITEM_COUNT,"""atmosphere"" AND mediatype:texts",PHRASE_METADATA_SEARCH,COMPLETED_NONZERO,41908,41908,35,186,2026-08-26,https://archive.org/advancedsearch.php,EXACT_PHRASE,OPENALEX_WORK_COUNT,3201156,Metadata text-item count; not a full-text lexical frequency. Secondary metric: Scholarly work discoverability count over OpenAlex search fields; not a corpus word frequency.
FT-SEED-R1B-P-1938-06,1938,6,radiation absorption coefficients,historical climate / climatological condition,climate,B,V1,E5,"RECONSTRUCTED_FROM_REPORT; Fear of Temperature_ Stratified Lexical Expansion, Voice Mapping, and Semantic-Relational Pre-Valida.pdf; p.8; project candidate FT-SEED-R1B-P-1938-06; original visible ID not available",INTERNET_ARCHIVE_METADATA_TEXT_ITEM_COUNT,"""radiation absorption coefficients"" AND mediatype:texts",PHRASE_METADATA_SEARCH,COMPLETED_NONZERO,20,20,0,0,2026-08-26,https://archive.org/advancedsearch.php,EXACT_PHRASE,OPENALEX_WORK_COUNT,,Metadata text-item count; not a full-text lexical frequency. Secondary metric: NOT_RUN_OPENALEX_DAILY_BUDGET_EXHAUSTED: shared provider response retained; no count fabricated.
FT-SEED-R1B-P-1938-07,1938,7,water vapour,historical climate / climatological condition,climate,B,V1,E5,"RECONSTRUCTED_FROM_REPORT; Fear of Temperature_ Stratified Lexical Expansion, Voice Mapping, and Semantic-Relational Pre-Valida.pdf; p.8; project candidate FT-SEED-R1B-P-1938-07; original visible ID not available",INTERNET_ARCHIVE_METADATA_TEXT_ITEM_COUNT,"""water vapour"" AND mediatype:texts",PHRASE_METADATA_SEARCH,COMPLETED_NONZERO,371,371,0,0,2026-08-26,https://archive.org/advancedsearch.php,EXACT_PHRASE,OPENALEX_WORK_COUNT,,Metadata text-item count; not a full-text lexical frequency. Secondary metric: NOT_RUN_OPENALEX_DAILY_BUDGET_EXHAUSTED: shared provider response retained; no count fabricated.
FT-SEED-R1B-P-1938-08,1938,8,sky radiation,historical climate / climatological condition,climate,B,V1,E5,"RECONSTRUCTED_FROM_REPORT; Fear of Temperature_ Stratified Lexical Expansion, Voice Mapping, and Semantic-Relational Pre-Valida.pdf; p.8; project candidate FT-SEED-R1B-P-1938-08; original visible ID not available",INTERNET_ARCHIVE_METADATA_TEXT_ITEM_COUNT,"""sky radiation"" AND mediatype:texts",PHRASE_METADATA_SEARCH,COMPLETED_NONZERO,78,78,0,0,2026-08-26,https://archive.org/advancedsearch.php,EXACT_PHRASE,OPENALEX_WORK_COUNT,,Metadata text-item count; not a full-text lexical frequency. Secondary metric: NOT_RUN_OPENALEX_DAILY_BUDGET_EXHAUSTED: shared provider response retained; no count fabricated.
FT-SEED-R1B-P-1938-09,1938,9,increase in mean temperature,mean temperature,temperature_threshold,A,V1,E5,"RECONSTRUCTED_FROM_REPORT; Fear of Temperature_ Stratified Lexical Expansion, Voice Mapping, and Semantic-Relational Pre-Valida.pdf; p.8; project candidate FT-SEED-R1B-P-1938-09; original visible ID not available",INTERNET_ARCHIVE_METADATA_TEXT_ITEM_COUNT,"""increase in mean temperature"" AND mediatype:texts",PHRASE_METADATA_SEARCH,COMPLETED_NONZERO,6,6,0,0,2026-08-26,https://archive.org/advancedsearch.php,EXACT_PHRASE,OPENALEX_WORK_COUNT,,Metadata text-item count; not a full-text lexical frequency. Secondary metric: NOT_RUN_OPENALEX_DAILY_BUDGET_EXHAUSTED: shared provider response retained; no count fabricated.
FT-SEED-R1B-P-1938-10,1938,10,mean temperature,mean temperature,temperature_threshold,A,V1,E5,"RECONSTRUCTED_FROM_REPORT; Fear of Temperature_ Stratified Lexical Expansion, Voice Mapping, and Semantic-Relational Pre-Valida.pdf; p.8; project candidate FT-SEED-R1B-P-1938-10; original visible ID not available",INTERNET_ARCHIVE_METADATA_TEXT_ITEM_COUNT,"""mean temperature"" AND mediatype:texts",PHRASE_METADATA_SEARCH,COMPLETED_NONZERO,664,664,0,4,2026-08-26,https://archive.org/advancedsearch.php,EXACT_PHRASE,OPENALEX_WORK_COUNT,,Metadata text-item count; not a full-text lexical frequency. Secondary metric: NOT_RUN_OPENALEX_DAILY_BUDGET_EXHAUSTED: shared provider response retained; no count fabricated.
FT-SEED-R1B-P-1938-11,1938,11,temperature observations,local / instrumental temperature,temperature_threshold,A,V1,E5,"RECONSTRUCTED_FROM_REPORT; Fear of Temperature_ Stratified Lexical Expansion, Voice Mapping, and Semantic-Relational Pre-Valida.pdf; p.7; project candidate FT-SEED-R1B-P-1938-11; original visible ID not available",INTERNET_ARCHIVE_METADATA_TEXT_ITEM_COUNT,"""temperature observations"" AND mediatype:texts",PHRASE_METADATA_SEARCH,COMPLETED_NONZERO,141,141,0,0,2026-08-26,https://archive.org/advancedsearch.php,EXACT_PHRASE,OPENALEX_WORK_COUNT,,Metadata text-item count; not a full-text lexical frequency. Secondary metric: NOT_RUN_OPENALEX_DAILY_BUDGET_EXHAUSTED: shared provider response retained; no count fabricated.
FT-SEED-R1B-P-1938-12,1938,12,meteorological stations,historical climate / climatological condition,climate,B,V1,E5,"RECONSTRUCTED_FROM_REPORT; Fear of Temperature_ Stratified Lexical Expansion, Voice Mapping, and Semantic-Relational Pre-Valida.pdf; p.7; project candidate FT-SEED-R1B-P-1938-12; original visible ID not available",INTERNET_ARCHIVE_METADATA_TEXT_ITEM_COUNT,"""meteorological stations"" AND mediatype:texts",PHRASE_METADATA_SEARCH,COMPLETED_NONZERO,336,336,0,0,2026-08-26,https://archive.org/advancedsearch.php,EXACT_PHRASE,OPENALEX_WORK_COUNT,,Metadata text-item count; not a full-text lexical frequency. Secondary metric: NOT_RUN_OPENALEX_DAILY_BUDGET_EXHAUSTED: shared provider response retained; no count fabricated.
FT-SEED-R1B-P-1938-13,1938,13,world temperatures,global aggregate temperature,temperature_threshold,A,V1,E5,"RECONSTRUCTED_FROM_REPORT; Fear of Temperature_ Stratified Lexical Expansion, Voice Mapping, and Semantic-Relational Pre-Valida.pdf; p.8; project candidate FT-SEED-R1B-P-1938-13; original visible ID not available",INTERNET_ARCHIVE_METADATA_TEXT_ITEM_COUNT,"""world temperatures"" AND mediatype:texts",PHRASE_METADATA_SEARCH,COMPLETED_NONZERO,3,3,0,0,2026-08-26,https://archive.org/advancedsearch.php,EXACT_PHRASE,OPENALEX_WORK_COUNT,,Metadata text-item count; not a full-text lexical frequency. Secondary metric: NOT_RUN_OPENALEX_DAILY_BUDGET_EXHAUSTED: shared provider response retained; no count fabricated.
FT-SEED-R1B-P-1938-14,1938,14,actually increased,temperature increase,warming,A,V1,E5,"RECONSTRUCTED_FROM_REPORT; Fear of Temperature_ Stratified Lexical Expansion, Voice Mapping, and Semantic-Relational Pre-Valida.pdf; p.8; project candidate FT-SEED-R1B-P-1938-14; original visible ID not available",INTERNET_ARCHIVE_METADATA_TEXT_ITEM_COUNT,"""actually increased"" AND mediatype:texts",PHRASE_METADATA_SEARCH,COMPLETED_NONZERO,151,151,0,0,2026-08-26,https://archive.org/advancedsearch.php,EXACT_PHRASE,OPENALEX_WORK_COUNT,40274,Metadata text-item count; not a full-text lexical frequency. Secondary metric: Scholarly work discoverability count over OpenAlex search fields; not a corpus word frequency.
FT-SEED-R1B-P-1938-15,1938,15,average rate,local / instrumental temperature,temperature_threshold,A,V1,E5,"RECONSTRUCTED_FROM_REPORT; Fear of Temperature_ Stratified Lexical Expansion, Voice Mapping, and Semantic-Relational Pre-Valida.pdf; p.8; project candidate FT-SEED-R1B-P-1938-15; original visible ID not available",INTERNET_ARCHIVE_METADATA_TEXT_ITEM_COUNT,"""average rate"" AND mediatype:texts",PHRASE_METADATA_SEARCH,COMPLETED_NONZERO,891,891,0,0,2026-08-26,https://archive.org/advancedsearch.php,EXACT_PHRASE,OPENALEX_WORK_COUNT,179699,Metadata text-item count; not a full-text lexical frequency. Secondary metric: Scholarly work discoverability count over OpenAlex search fields; not a corpus word frequency.
FT-SEED-R1B-P-1938-16,1938,16,small increases in mean temperature,mean temperature,temperature_threshold,A,V1,E5,"RECONSTRUCTED_FROM_REPORT; Fear of Temperature_ Stratified Lexical Expansion, Voice Mapping, and Semantic-Relational Pre-Valida.pdf; p.8; project candidate FT-SEED-R1B-P-1938-16; original visible ID not available",INTERNET_ARCHIVE_METADATA_TEXT_ITEM_COUNT,"""small increases in mean temperature"" AND mediatype:texts",PHRASE_METADATA_SEARCH,COMPLETED_ZERO,0,0,0,0,2026-08-26,https://archive.org/advancedsearch.php,EXACT_PHRASE,OPENALEX_WORK_COUNT,,Metadata text-item count; not a full-text lexical frequency. Secondary metric: NOT_RUN_OPENALEX_DAILY_BUDGET_EXHAUSTED: shared provider response retained; no count fabricated.
FT-SEED-R1B-P-1938-17,1938,17,deadly glaciers,institutional climate threat,danger_threat,D,V1,E5,"RECONSTRUCTED_FROM_REPORT; Fear of Temperature_ Stratified Lexical Expansion, Voice Mapping, and Semantic-Relational Pre-Valida.pdf; p.8; project candidate FT-SEED-R1B-P-1938-17; original visible ID not available",INTERNET_ARCHIVE_METADATA_TEXT_ITEM_COUNT,"""deadly glaciers"" AND mediatype:texts",PHRASE_METADATA_SEARCH,COMPLETED_ZERO,0,0,0,0,2026-08-26,https://archive.org/advancedsearch.php,EXACT_PHRASE,OPENALEX_WORK_COUNT,,Metadata text-item count; not a full-text lexical frequency. Secondary metric: NOT_RUN_OPENALEX_DAILY_BUDGET_EXHAUSTED: shared provider response retained; no count fabricated.
FT-SEED-R1B-P-1938-18,1938,18,rather a coincidence,personal concern,concern_alarm,C,V1,E2,"RECONSTRUCTED_FROM_REPORT; Fear of Temperature_ Stratified Lexical Expansion, Voice Mapping, and Semantic-Relational Pre-Valida.pdf; p.8; project candidate FT-SEED-R1B-P-1938-18; original visible ID not available",INTERNET_ARCHIVE_METADATA_TEXT_ITEM_COUNT,"""rather a coincidence"" AND mediatype:texts",PHRASE_METADATA_SEARCH,COMPLETED_ZERO,0,0,0,0,2026-08-26,https://archive.org/advancedsearch.php,EXACT_PHRASE,OPENALEX_WORK_COUNT,,Metadata text-item count; not a full-text lexical frequency. Secondary metric: NOT_RUN_OPENALEX_DAILY_BUDGET_EXHAUSTED: shared provider response retained; no count fabricated.
FT-SEED-R1B-P-1938-19,1938,19,Hottest Day for Ten Years,heatwave / weather event,heat,A,V3,E5,"RECONSTRUCTED_FROM_REPORT; Fear of Temperature_ Stratified Lexical Expansion, Voice Mapping, and Semantic-Relational Pre-Valida.pdf; p.8; project candidate FT-SEED-R1B-P-1938-19; original visible ID not available",INTERNET_ARCHIVE_METADATA_TEXT_ITEM_COUNT,"""Hottest Day for Ten Years"" AND mediatype:texts",PHRASE_METADATA_SEARCH,COMPLETED_ZERO,0,0,0,0,2026-08-26,https://archive.org/advancedsearch.php,EXACT_PHRASE,OPENALEX_WORK_COUNT,,Metadata text-item count; not a full-text lexical frequency. Secondary metric: NOT_RUN_OPENALEX_DAILY_BUDGET_EXHAUSTED: shared provider response retained; no count fabricated.
FT-SEED-R1B-P-1938-20,1938,20,Heat Wave Over Queensland,heatwave / weather event,heat,A,V3,E5,"RECONSTRUCTED_FROM_REPORT; Fear of Temperature_ Stratified Lexical Expansion, Voice Mapping, and Semantic-Relational Pre-Valida.pdf; p.8; project candidate FT-SEED-R1B-P-1938-20; original visible ID not available",INTERNET_ARCHIVE_METADATA_TEXT_ITEM_COUNT,"""Heat Wave Over Queensland"" AND mediatype:texts",PHRASE_METADATA_SEARCH,COMPLETED_ZERO,0,0,0,0,2026-08-26,https://archive.org/advancedsearch.php,EXACT_PHRASE,OPENALEX_WORK_COUNT,,Metadata text-item count; not a full-text lexical frequency. Secondary metric: NOT_RUN_OPENALEX_DAILY_BUDGET_EXHAUSTED: shared provider response retained; no count fabricated.
FT-SEED-R1B-P-1938-21,1938,21,heat wave,heatwave / weather event,heat,A,V3,E5,"RECONSTRUCTED_FROM_REPORT; Fear of Temperature_ Stratified Lexical Expansion, Voice Mapping, and Semantic-Relational Pre-Valida.pdf; p.7; project candidate FT-SEED-R1B-P-1938-21; original visible ID not available",INTERNET_ARCHIVE_METADATA_TEXT_ITEM_COUNT,"""heat wave"" AND mediatype:texts",PHRASE_METADATA_SEARCH,COMPLETED_NONZERO,957,957,7,64,2026-08-26,https://archive.org/advancedsearch.php,EXACT_PHRASE,OPENALEX_WORK_COUNT,,Metadata text-item count; not a full-text lexical frequency. Secondary metric: NOT_RUN_OPENALEX_DAILY_BUDGET_EXHAUSTED: shared provider response retained; no count fabricated.
FT-SEED-R1B-P-1938-22,1938,22,40-degree temperatures,local / instrumental temperature,temperature_threshold,A,V3,E5,"RECONSTRUCTED_FROM_REPORT; Fear of Temperature_ Stratified Lexical Expansion, Voice Mapping, and Semantic-Relational Pre-Valida.pdf; p.7; project candidate FT-SEED-R1B-P-1938-22; original visible ID not available",INTERNET_ARCHIVE_METADATA_TEXT_ITEM_COUNT,"""40-degree temperatures"" AND mediatype:texts",PHRASE_METADATA_SEARCH,COMPLETED_ZERO,0,0,0,0,2026-08-26,https://archive.org/advancedsearch.php,EXACT_PHRASE,OPENALEX_WORK_COUNT,18,Metadata text-item count; not a full-text lexical frequency. Secondary metric: Scholarly work discoverability count over OpenAlex search fields; not a corpus word frequency.
FT-SEED-R1B-P-1938-23,1938,23,scorching westerly wind,heatwave / weather event,heat,D,V3,E5,"RECONSTRUCTED_FROM_REPORT; Fear of Temperature_ Stratified Lexical Expansion, Voice Mapping, and Semantic-Relational Pre-Valida.pdf; p.8; project candidate FT-SEED-R1B-P-1938-23; original visible ID not available",INTERNET_ARCHIVE_METADATA_TEXT_ITEM_COUNT,"""scorching westerly wind"" AND mediatype:texts",PHRASE_METADATA_SEARCH,COMPLETED_ZERO,0,0,0,0,2026-08-26,https://archive.org/advancedsearch.php,EXACT_PHRASE,OPENALEX_WORK_COUNT,,Metadata text-item count; not a full-text lexical frequency. Secondary metric: NOT_RUN_OPENALEX_DAILY_BUDGET_EXHAUSTED: shared provider response retained; no count fabricated.
FT-SEED-R1B-P-1938-24,1938,24,pitiless sun,physical heat source / state,heat,D,V3,E5,"RECONSTRUCTED_FROM_REPORT; Fear of Temperature_ Stratified Lexical Expansion, Voice Mapping, and Semantic-Relational Pre-Valida.pdf; p.8; project candidate FT-SEED-R1B-P-1938-24; original visible ID not available",INTERNET_ARCHIVE_METADATA_TEXT_ITEM_COUNT,"""pitiless sun"" AND mediatype:texts",PHRASE_METADATA_SEARCH,COMPLETED_NONZERO,4,4,0,1,2026-08-26,https://archive.org/advancedsearch.php,EXACT_PHRASE,OPENALEX_WORK_COUNT,,Metadata text-item count; not a full-text lexical frequency. Secondary metric: NOT_RUN_OPENALEX_DAILY_BUDGET_EXHAUSTED: shared provider response retained; no count fabricated.
FT-SEED-R1B-P-1938-25,1938,25,hottest spell for years,heatwave / weather event,heat,A,V3,E5,"RECONSTRUCTED_FROM_REPORT; Fear of Temperature_ Stratified Lexical Expansion, Voice Mapping, and Semantic-Relational Pre-Valida.pdf; p.8; project candidate FT-SEED-R1B-P-1938-25; original visible ID not available",INTERNET_ARCHIVE_METADATA_TEXT_ITEM_COUNT,"""hottest spell for years"" AND mediatype:texts",PHRASE_METADATA_SEARCH,COMPLETED_ZERO,0,0,0,0,2026-08-26,https://archive.org/advancedsearch.php,EXACT_PHRASE,OPENALEX_WORK_COUNT,,Metadata text-item count; not a full-text lexical frequency. Secondary metric: NOT_RUN_OPENALEX_DAILY_BUDGET_EXHAUSTED: shared provider response retained; no count fabricated.
FT-SEED-R1B-P-1938-26,1938,26,weather is just bearable,personal concern,concern_alarm,C,V3,E5,"RECONSTRUCTED_FROM_REPORT; Fear of Temperature_ Stratified Lexical Expansion, Voice Mapping, and Semantic-Relational Pre-Valida.pdf; p.8; project candidate FT-SEED-R1B-P-1938-26; original visible ID not available",INTERNET_ARCHIVE_METADATA_TEXT_ITEM_COUNT,"""weather is just bearable"" AND mediatype:texts",PHRASE_METADATA_SEARCH,COMPLETED_ZERO,0,0,0,0,2026-08-26,https://archive.org/advancedsearch.php,EXACT_PHRASE,OPENALEX_WORK_COUNT,,Metadata text-item count; not a full-text lexical frequency. Secondary metric: NOT_RUN_OPENALEX_DAILY_BUDGET_EXHAUSTED: shared provider response retained; no count fabricated.
FT-SEED-R1B-P-1938-27,1938,27,heat records,physical heat source / state,heat,A,V3,E5,"RECONSTRUCTED_FROM_REPORT; Fear of Temperature_ Stratified Lexical Expansion, Voice Mapping, and Semantic-Relational Pre-Valida.pdf; p.8; project candidate FT-SEED-R1B-P-1938-27; original visible ID not available",INTERNET_ARCHIVE_METADATA_TEXT_ITEM_COUNT,"""heat records"" AND mediatype:texts",PHRASE_METADATA_SEARCH,COMPLETED_NONZERO,2,2,0,0,2026-08-26,https://archive.org/advancedsearch.php,EXACT_PHRASE,OPENALEX_WORK_COUNT,,Metadata text-item count; not a full-text lexical frequency. Secondary metric: NOT_RUN_OPENALEX_DAILY_BUDGET_EXHAUSTED: shared provider response retained; no count fabricated.
FT-SEED-R1B-P-1938-28,1938,28,drought,generic damage,harm_loss_consequences,D,V3,E5,"RECONSTRUCTED_FROM_REPORT; Fear of Temperature_ Stratified Lexical Expansion, Voice Mapping, and Semantic-Relational Pre-Valida.pdf; p.8; project candidate FT-SEED-R1B-P-1938-28; original visible ID not available",INTERNET_ARCHIVE_METADATA_TEXT_ITEM_COUNT,"""drought"" AND mediatype:texts",PHRASE_METADATA_SEARCH,COMPLETED_NONZERO,10647,10647,84,298,2026-08-26,https://archive.org/advancedsearch.php,EXACT_PHRASE,OPENALEX_WORK_COUNT,,Metadata text-item count; not a full-text lexical frequency. Secondary metric: NOT_RUN_OPENALEX_DAILY_BUDGET_EXHAUSTED: shared provider response retained; no count fabricated.
FT-SEED-R1B-P-1938-29,1938,29,grass fires,generic damage,harm_loss_consequences,D,V3,E5,"RECONSTRUCTED_FROM_REPORT; Fear of Temperature_ Stratified Lexical Expansion, Voice Mapping, and Semantic-Relational Pre-Valida.pdf; p.8; project candidate FT-SEED-R1B-P-1938-29; original visible ID not available",INTERNET_ARCHIVE_METADATA_TEXT_ITEM_COUNT,"""grass fires"" AND mediatype:texts",PHRASE_METADATA_SEARCH,COMPLETED_NONZERO,39,39,0,0,2026-08-26,https://archive.org/advancedsearch.php,EXACT_PHRASE,OPENALEX_WORK_COUNT,,Metadata text-item count; not a full-text lexical frequency. Secondary metric: NOT_RUN_OPENALEX_DAILY_BUDGET_EXHAUSTED: shared provider response retained; no count fabricated.
FT-SEED-R1B-P-1938-30,1938,30,unbearable heat,extreme-heat hazard,heat,D,V3,E5,"RECONSTRUCTED_FROM_REPORT; Fear of Temperature_ Stratified Lexical Expansion, Voice Mapping, and Semantic-Relational Pre-Valida.pdf; p.8; project candidate FT-SEED-R1B-P-1938-30; original visible ID not available",INTERNET_ARCHIVE_METADATA_TEXT_ITEM_COUNT,"""unbearable heat"" AND mediatype:texts",PHRASE_METADATA_SEARCH,COMPLETED_NONZERO,6,6,0,0,2026-08-26,https://archive.org/advancedsearch.php,EXACT_PHRASE,OPENALEX_WORK_COUNT,,Metadata text-item count; not a full-text lexical frequency. Secondary metric: NOT_RUN_OPENALEX_DAILY_BUDGET_EXHAUSTED: shared provider response retained; no count fabricated.
FT-SEED-R1B-P-1988-01,1988,1,greenhouse effect,greenhouse mechanism,carbon_greenhouse,B,V1,E5,"RECONSTRUCTED_FROM_REPORT; Fear of Temperature_ Stratified Lexical Expansion, Voice Mapping, and Semantic-Relational Pre-Valida.pdf; p.9; project candidate FT-SEED-R1B-P-1988-01; original visible ID not available",INTERNET_ARCHIVE_METADATA_TEXT_ITEM_COUNT,"""greenhouse effect"" AND mediatype:texts",PHRASE_METADATA_SEARCH,COMPLETED_NONZERO,1441,1441,19,156,2026-08-26,https://archive.org/advancedsearch.php,EXACT_PHRASE,OPENALEX_WORK_COUNT,,Metadata text-item count; not a full-text lexical frequency. Secondary metric: NOT_RUN_OPENALEX_DAILY_BUDGET_EXHAUSTED: shared provider response retained; no count fabricated.
FT-SEED-R1B-P-1988-02,1988,2,global warming,global warming as issue label,warming,A,V1,E5,"RECONSTRUCTED_FROM_REPORT; Fear of Temperature_ Stratified Lexical Expansion, Voice Mapping, and Semantic-Relational Pre-Valida.pdf; p.9; project candidate FT-SEED-R1B-P-1988-02; original visible ID not available",INTERNET_ARCHIVE_METADATA_TEXT_ITEM_COUNT,"""global warming"" AND mediatype:texts",PHRASE_METADATA_SEARCH,COMPLETED_NONZERO,5619,5619,11,123,2026-08-26,https://archive.org/advancedsearch.php,EXACT_PHRASE,OPENALEX_WORK_COUNT,,Metadata text-item count; not a full-text lexical frequency. Secondary metric: NOT_RUN_OPENALEX_DAILY_BUDGET_EXHAUSTED: shared provider response retained; no count fabricated.
FT-SEED-R1B-P-1988-03,1988,3,earth is warmer,temperature increase,warming,A,V1,E5,"RECONSTRUCTED_FROM_REPORT; Fear of Temperature_ Stratified Lexical Expansion, Voice Mapping, and Semantic-Relational Pre-Valida.pdf; p.9; project candidate FT-SEED-R1B-P-1988-03; original visible ID not available",INTERNET_ARCHIVE_METADATA_TEXT_ITEM_COUNT,"""earth is warmer"" AND mediatype:texts",PHRASE_METADATA_SEARCH,COMPLETED_ZERO,0,0,0,0,2026-08-26,https://archive.org/advancedsearch.php,EXACT_PHRASE,OPENALEX_WORK_COUNT,,Metadata text-item count; not a full-text lexical frequency. Secondary metric: NOT_RUN_OPENALEX_DAILY_BUDGET_EXHAUSTED: shared provider response retained; no count fabricated.
FT-SEED-R1B-P-1988-04,1988,4,instrumental measurements,historical climate / climatological condition,climate,B,V1,E5,"RECONSTRUCTED_FROM_REPORT; Fear of Temperature_ Stratified Lexical Expansion, Voice Mapping, and Semantic-Relational Pre-Valida.pdf; p.9; project candidate FT-SEED-R1B-P-1988-04; original visible ID not available",INTERNET_ARCHIVE_METADATA_TEXT_ITEM_COUNT,"""instrumental measurements"" AND mediatype:texts",PHRASE_METADATA_SEARCH,COMPLETED_NONZERO,13,13,0,1,2026-08-26,https://archive.org/advancedsearch.php,EXACT_PHRASE,OPENALEX_WORK_COUNT,,Metadata text-item count; not a full-text lexical frequency. Secondary metric: NOT_RUN_OPENALEX_DAILY_BUDGET_EXHAUSTED: shared provider response retained; no count fabricated.
FT-SEED-R1B-P-1988-05,1988,5,cause-and-effect relationship,generic damage,harm_loss_consequences,B,V1,E5,"RECONSTRUCTED_FROM_REPORT; Fear of Temperature_ Stratified Lexical Expansion, Voice Mapping, and Semantic-Relational Pre-Valida.pdf; p.9; project candidate FT-SEED-R1B-P-1988-05; original visible ID not available",INTERNET_ARCHIVE_METADATA_TEXT_ITEM_COUNT,"""cause-and-effect relationship"" AND mediatype:texts",PHRASE_METADATA_SEARCH,COMPLETED_NONZERO,118,118,1,9,2026-08-26,https://archive.org/advancedsearch.php,EXACT_PHRASE,OPENALEX_WORK_COUNT,50251,Metadata text-item count; not a full-text lexical frequency. Secondary metric: Scholarly work discoverability count over OpenAlex search fields; not a corpus word frequency.
FT-SEED-R1B-P-1988-06,1988,6,global temperature,global aggregate temperature,temperature_threshold,A,V1,E5,"RECONSTRUCTED_FROM_REPORT; Fear of Temperature_ Stratified Lexical Expansion, Voice Mapping, and Semantic-Relational Pre-Valida.pdf; p.9; project candidate FT-SEED-R1B-P-1988-06; original visible ID not available",INTERNET_ARCHIVE_METADATA_TEXT_ITEM_COUNT,"""global temperature"" AND mediatype:texts",PHRASE_METADATA_SEARCH,COMPLETED_NONZERO,328,328,2,18,2026-08-26,https://archive.org/advancedsearch.php,EXACT_PHRASE,OPENALEX_WORK_COUNT,,Metadata text-item count; not a full-text lexical frequency. Secondary metric: NOT_RUN_OPENALEX_DAILY_BUDGET_EXHAUSTED: shared provider response retained; no count fabricated.
FT-SEED-R1B-P-1988-07,1988,7,regional heat waves,heatwave / weather event,heat,A,V1,E5,"RECONSTRUCTED_FROM_REPORT; Fear of Temperature_ Stratified Lexical Expansion, Voice Mapping, and Semantic-Relational Pre-Valida.pdf; p.9; project candidate FT-SEED-R1B-P-1988-07; original visible ID not available",INTERNET_ARCHIVE_METADATA_TEXT_ITEM_COUNT,"""regional heat waves"" AND mediatype:texts",PHRASE_METADATA_SEARCH,COMPLETED_ZERO,0,0,0,0,2026-08-26,https://archive.org/advancedsearch.php,EXACT_PHRASE,OPENALEX_WORK_COUNT,,Metadata text-item count; not a full-text lexical frequency. Secondary metric: NOT_RUN_OPENALEX_DAILY_BUDGET_EXHAUSTED: shared provider response retained; no count fabricated.
FT-SEED-R1B-P-1988-08,1988,8,heat wave,heatwave / weather event,heat,A,V1,E5,"RECONSTRUCTED_FROM_REPORT; Fear of Temperature_ Stratified Lexical Expansion, Voice Mapping, and Semantic-Relational Pre-Valida.pdf; p.9; project candidate FT-SEED-R1B-P-1988-08; original visible ID not available",INTERNET_ARCHIVE_METADATA_TEXT_ITEM_COUNT,"""heat wave"" AND mediatype:texts",PHRASE_METADATA_SEARCH,COMPLETED_NONZERO,957,957,7,64,2026-08-26,https://archive.org/advancedsearch.php,EXACT_PHRASE,OPENALEX_WORK_COUNT,,Metadata text-item count; not a full-text lexical frequency. Secondary metric: NOT_RUN_OPENALEX_DAILY_BUDGET_EXHAUSTED: shared provider response retained; no count fabricated.
FT-SEED-R1B-P-1988-09,1988,9,drought,generic damage,harm_loss_consequences,D,V1,E5,"RECONSTRUCTED_FROM_REPORT; Fear of Temperature_ Stratified Lexical Expansion, Voice Mapping, and Semantic-Relational Pre-Valida.pdf; p.9; project candidate FT-SEED-R1B-P-1988-09; original visible ID not available",INTERNET_ARCHIVE_METADATA_TEXT_ITEM_COUNT,"""drought"" AND mediatype:texts",PHRASE_METADATA_SEARCH,COMPLETED_NONZERO,10647,10647,84,298,2026-08-26,https://archive.org/advancedsearch.php,EXACT_PHRASE,OPENALEX_WORK_COUNT,,Metadata text-item count; not a full-text lexical frequency. Secondary metric: NOT_RUN_OPENALEX_DAILY_BUDGET_EXHAUSTED: shared provider response retained; no count fabricated.
FT-SEED-R1B-P-1988-10,1988,10,heat wave/drought occurrences,heatwave / weather event,heat,D,V1,E5,"RECONSTRUCTED_FROM_REPORT; Fear of Temperature_ Stratified Lexical Expansion, Voice Mapping, and Semantic-Relational Pre-Valida.pdf; p.9; project candidate FT-SEED-R1B-P-1988-10; original visible ID not available",INTERNET_ARCHIVE_METADATA_TEXT_ITEM_COUNT,"""heat wave/drought occurrences"" AND mediatype:texts",PHRASE_METADATA_SEARCH,COMPLETED_ZERO,0,0,0,0,2026-08-26,https://archive.org/advancedsearch.php,EXACT_PHRASE,OPENALEX_WORK_COUNT,,Metadata text-item count; not a full-text lexical frequency. Secondary metric: NOT_RUN_OPENALEX_DAILY_BUDGET_EXHAUSTED: shared provider response retained; no count fabricated.
FT-SEED-R1B-P-1988-11,1988,11,extreme events,generic damage,harm_loss_consequences,D,V1,E5,"RECONSTRUCTED_FROM_REPORT; Fear of Temperature_ Stratified Lexical Expansion, Voice Mapping, and Semantic-Relational Pre-Valida.pdf; p.9; project candidate FT-SEED-R1B-P-1988-11; original visible ID not available",INTERNET_ARCHIVE_METADATA_TEXT_ITEM_COUNT,"""extreme events"" AND mediatype:texts",PHRASE_METADATA_SEARCH,COMPLETED_NONZERO,515,515,1,6,2026-08-26,https://archive.org/advancedsearch.php,EXACT_PHRASE,OPENALEX_WORK_COUNT,,Metadata text-item count; not a full-text lexical frequency. Secondary metric: NOT_RUN_OPENALEX_DAILY_BUDGET_EXHAUSTED: shared provider response retained; no count fabricated.
FT-SEED-R1B-P-1988-12,1988,12,global climate models,climate system,climate,B,V1,E5,"RECONSTRUCTED_FROM_REPORT; Fear of Temperature_ Stratified Lexical Expansion, Voice Mapping, and Semantic-Relational Pre-Valida.pdf; p.9; project candidate FT-SEED-R1B-P-1988-12; original visible ID not available",INTERNET_ARCHIVE_METADATA_TEXT_ITEM_COUNT,"""global climate models"" AND mediatype:texts",PHRASE_METADATA_SEARCH,COMPLETED_NONZERO,180,180,0,3,2026-08-26,https://archive.org/advancedsearch.php,EXACT_PHRASE,OPENALEX_WORK_COUNT,,Metadata text-item count; not a full-text lexical frequency. Secondary metric: NOT_RUN_OPENALEX_DAILY_BUDGET_EXHAUSTED: shared provider response retained; no count fabricated.
FT-SEED-R1B-P-1988-13,1988,13,global observations,historical climate / climatological condition,climate,B,V1,E5,"RECONSTRUCTED_FROM_REPORT; Fear of Temperature_ Stratified Lexical Expansion, Voice Mapping, and Semantic-Relational Pre-Valida.pdf; p.9; project candidate FT-SEED-R1B-P-1988-13; original visible ID not available",INTERNET_ARCHIVE_METADATA_TEXT_ITEM_COUNT,"""global observations"" AND mediatype:texts",PHRASE_METADATA_SEARCH,COMPLETED_NONZERO,87,87,0,2,2026-08-26,https://archive.org/advancedsearch.php,EXACT_PHRASE,OPENALEX_WORK_COUNT,,Metadata text-item count; not a full-text lexical frequency. Secondary metric: NOT_RUN_OPENALEX_DAILY_BUDGET_EXHAUSTED: shared provider response retained; no count fabricated.
FT-SEED-R1B-P-1988-14,1988,14,warm air,local / instrumental temperature,temperature_threshold,A,V1,E5,"RECONSTRUCTED_FROM_REPORT; Fear of Temperature_ Stratified Lexical Expansion, Voice Mapping, and Semantic-Relational Pre-Valida.pdf; p.9; project candidate FT-SEED-R1B-P-1988-14; original visible ID not available",INTERNET_ARCHIVE_METADATA_TEXT_ITEM_COUNT,"""warm air"" AND mediatype:texts",PHRASE_METADATA_SEARCH,COMPLETED_NONZERO,376,376,2,13,2026-08-26,https://archive.org/advancedsearch.php,EXACT_PHRASE,OPENALEX_WORK_COUNT,,Metadata text-item count; not a full-text lexical frequency. Secondary metric: NOT_RUN_OPENALEX_DAILY_BUDGET_EXHAUSTED: shared provider response retained; no count fabricated.
FT-SEED-R1B-P-1988-15,1988,15,changing atmosphere,changing atmosphere,climate,B,V2,E5,"RECONSTRUCTED_FROM_REPORT; Fear of Temperature_ Stratified Lexical Expansion, Voice Mapping, and Semantic-Relational Pre-Valida.pdf; p.9; project candidate FT-SEED-R1B-P-1988-15; original visible ID not available",INTERNET_ARCHIVE_METADATA_TEXT_ITEM_COUNT,"""changing atmosphere"" AND mediatype:texts",PHRASE_METADATA_SEARCH,COMPLETED_NONZERO,37,37,2,8,2026-08-26,https://archive.org/advancedsearch.php,EXACT_PHRASE,OPENALEX_WORK_COUNT,2410,Metadata text-item count; not a full-text lexical frequency. Secondary metric: Scholarly work discoverability count over OpenAlex search fields; not a corpus word frequency.
FT-SEED-R1B-P-1988-16,1988,16,global security,global security frame,danger_threat,D,V2,E1,"RECONSTRUCTED_FROM_REPORT; Fear of Temperature_ Stratified Lexical Expansion, Voice Mapping, and Semantic-Relational Pre-Valida.pdf; p.9; project candidate FT-SEED-R1B-P-1988-16; original visible ID not available",INTERNET_ARCHIVE_METADATA_TEXT_ITEM_COUNT,"""global security"" AND mediatype:texts",PHRASE_METADATA_SEARCH,COMPLETED_NONZERO,946,946,12,44,2026-08-26,https://archive.org/advancedsearch.php,EXACT_PHRASE,OPENALEX_WORK_COUNT,,Metadata text-item count; not a full-text lexical frequency. Secondary metric: NOT_RUN_OPENALEX_DAILY_BUDGET_EXHAUSTED: shared provider response retained; no count fabricated.
FT-SEED-R1B-P-1988-17,1988,17,climate warming,climate-system warming,warming,A,V2,E5,"RECONSTRUCTED_FROM_REPORT; Fear of Temperature_ Stratified Lexical Expansion, Voice Mapping, and Semantic-Relational Pre-Valida.pdf; p.9; project candidate FT-SEED-R1B-P-1988-17; original visible ID not available",INTERNET_ARCHIVE_METADATA_TEXT_ITEM_COUNT,"""climate warming"" AND mediatype:texts",PHRASE_METADATA_SEARCH,COMPLETED_NONZERO,237,237,1,5,2026-08-26,https://archive.org/advancedsearch.php,EXACT_PHRASE,OPENALEX_WORK_COUNT,106345,Metadata text-item count; not a full-text lexical frequency. Secondary metric: Scholarly work discoverability count over OpenAlex search fields; not a corpus word frequency.
FT-SEED-R1B-P-1988-18,1988,18,changed climatic extremes,generic damage,harm_loss_consequences,D,V2,E5,"RECONSTRUCTED_FROM_REPORT; Fear of Temperature_ Stratified Lexical Expansion, Voice Mapping, and Semantic-Relational Pre-Valida.pdf; p.9; project candidate FT-SEED-R1B-P-1988-18; original visible ID not available",INTERNET_ARCHIVE_METADATA_TEXT_ITEM_COUNT,"""changed climatic extremes"" AND mediatype:texts",PHRASE_METADATA_SEARCH,COMPLETED_ZERO,0,0,0,0,2026-08-26,https://archive.org/advancedsearch.php,EXACT_PHRASE,OPENALEX_WORK_COUNT,1,Metadata text-item count; not a full-text lexical frequency. Secondary metric: Scholarly work discoverability count over OpenAlex search fields; not a corpus word frequency.
FT-SEED-R1B-P-1988-19,1988,19,major threat,institutional climate threat,danger_threat,D,V2,E5,"RECONSTRUCTED_FROM_REPORT; Fear of Temperature_ Stratified Lexical Expansion, Voice Mapping, and Semantic-Relational Pre-Valida.pdf; p.9; project candidate FT-SEED-R1B-P-1988-19; original visible ID not available",INTERNET_ARCHIVE_METADATA_TEXT_ITEM_COUNT,"""major threat"" AND mediatype:texts",PHRASE_METADATA_SEARCH,COMPLETED_NONZERO,659,659,16,82,2026-08-26,https://archive.org/advancedsearch.php,EXACT_PHRASE,OPENALEX_WORK_COUNT,,Metadata text-item count; not a full-text lexical frequency. Secondary metric: NOT_RUN_OPENALEX_DAILY_BUDGET_EXHAUSTED: shared provider response retained; no count fabricated.
FT-SEED-R1B-P-1988-20,1988,20,harmful consequences,generic damage,harm_loss_consequences,D,V2,E5,"RECONSTRUCTED_FROM_REPORT; Fear of Temperature_ Stratified Lexical Expansion, Voice Mapping, and Semantic-Relational Pre-Valida.pdf; p.9; project candidate FT-SEED-R1B-P-1988-20; original visible ID not available",INTERNET_ARCHIVE_METADATA_TEXT_ITEM_COUNT,"""harmful consequences"" AND mediatype:texts",PHRASE_METADATA_SEARCH,COMPLETED_NONZERO,111,111,2,4,2026-08-26,https://archive.org/advancedsearch.php,EXACT_PHRASE,OPENALEX_WORK_COUNT,,Metadata text-item count; not a full-text lexical frequency. Secondary metric: NOT_RUN_OPENALEX_DAILY_BUDGET_EXHAUSTED: shared provider response retained; no count fabricated.
FT-SEED-R1B-P-1988-21,1988,21,grave threats,institutional climate threat,danger_threat,D,V2,E5,"RECONSTRUCTED_FROM_REPORT; Fear of Temperature_ Stratified Lexical Expansion, Voice Mapping, and Semantic-Relational Pre-Valida.pdf; p.9; project candidate FT-SEED-R1B-P-1988-21; original visible ID not available",INTERNET_ARCHIVE_METADATA_TEXT_ITEM_COUNT,"""grave threats"" AND mediatype:texts",PHRASE_METADATA_SEARCH,COMPLETED_NONZERO,21,21,0,1,2026-08-26,https://archive.org/advancedsearch.php,EXACT_PHRASE,OPENALEX_WORK_COUNT,,Metadata text-item count; not a full-text lexical frequency. Secondary metric: NOT_RUN_OPENALEX_DAILY_BUDGET_EXHAUSTED: shared provider response retained; no count fabricated.
FT-SEED-R1B-P-1988-22,1988,22,severe economic and social dislocation,generic damage,harm_loss_consequences,D,V2,E5,"RECONSTRUCTED_FROM_REPORT; Fear of Temperature_ Stratified Lexical Expansion, Voice Mapping, and Semantic-Relational Pre-Valida.pdf; p.9; project candidate FT-SEED-R1B-P-1988-22; original visible ID not available",INTERNET_ARCHIVE_METADATA_TEXT_ITEM_COUNT,"""severe economic and social dislocation"" AND mediatype:texts",PHRASE_METADATA_SEARCH,COMPLETED_ZERO,0,0,0,0,2026-08-26,https://archive.org/advancedsearch.php,EXACT_PHRASE,OPENALEX_WORK_COUNT,,Metadata text-item count; not a full-text lexical frequency. Secondary metric: NOT_RUN_OPENALEX_DAILY_BUDGET_EXHAUSTED: shared provider response retained; no count fabricated.
FT-SEED-R1B-P-1988-23,1988,23,risk of conflicts,administrative risk assessment,risk,D,V2,E5,"RECONSTRUCTED_FROM_REPORT; Fear of Temperature_ Stratified Lexical Expansion, Voice Mapping, and Semantic-Relational Pre-Valida.pdf; p.9; project candidate FT-SEED-R1B-P-1988-23; original visible ID not available",INTERNET_ARCHIVE_METADATA_TEXT_ITEM_COUNT,"""risk of conflicts"" AND mediatype:texts",PHRASE_METADATA_SEARCH,COMPLETED_NONZERO,4,4,0,0,2026-08-26,https://archive.org/advancedsearch.php,EXACT_PHRASE,OPENALEX_WORK_COUNT,,Metadata text-item count; not a full-text lexical frequency. Secondary metric: NOT_RUN_OPENALEX_DAILY_BUDGET_EXHAUSTED: shared provider response retained; no count fabricated.
FT-SEED-R1B-P-1988-24,1988,24,impending crisis,severity / crisis predicate,crisis_emergency,D,V2,E5,"RECONSTRUCTED_FROM_REPORT; Fear of Temperature_ Stratified Lexical Expansion, Voice Mapping, and Semantic-Relational Pre-Valida.pdf; p.9; project candidate FT-SEED-R1B-P-1988-24; original visible ID not available",INTERNET_ARCHIVE_METADATA_TEXT_ITEM_COUNT,"""impending crisis"" AND mediatype:texts",PHRASE_METADATA_SEARCH,COMPLETED_NONZERO,203,203,5,11,2026-08-26,https://archive.org/advancedsearch.php,EXACT_PHRASE,OPENALEX_WORK_COUNT,,Metadata text-item count; not a full-text lexical frequency. Secondary metric: NOT_RUN_OPENALEX_DAILY_BUDGET_EXHAUSTED: shared provider response retained; no count fabricated.
FT-SEED-R1B-P-1988-25,1988,25,degradation of the atmosphere,generic damage,harm_loss_consequences,D,V2,E5,"RECONSTRUCTED_FROM_REPORT; Fear of Temperature_ Stratified Lexical Expansion, Voice Mapping, and Semantic-Relational Pre-Valida.pdf; p.9; project candidate FT-SEED-R1B-P-1988-25; original visible ID not available",INTERNET_ARCHIVE_METADATA_TEXT_ITEM_COUNT,"""degradation of the atmosphere"" AND mediatype:texts",PHRASE_METADATA_SEARCH,COMPLETED_ZERO,0,0,0,0,2026-08-26,https://archive.org/advancedsearch.php,EXACT_PHRASE,OPENALEX_WORK_COUNT,,Metadata text-item count; not a full-text lexical frequency. Secondary metric: NOT_RUN_OPENALEX_DAILY_BUDGET_EXHAUSTED: shared provider response retained; no count fabricated.
FT-SEED-R1B-P-1988-26,1988,26,atmospheric pollution,generic damage,harm_loss_consequences,D,V2,E5,"RECONSTRUCTED_FROM_REPORT; Fear of Temperature_ Stratified Lexical Expansion, Voice Mapping, and Semantic-Relational Pre-Valida.pdf; p.9; project candidate FT-SEED-R1B-P-1988-26; original visible ID not available",INTERNET_ARCHIVE_METADATA_TEXT_ITEM_COUNT,"""atmospheric pollution"" AND mediatype:texts",PHRASE_METADATA_SEARCH,COMPLETED_NONZERO,221,221,5,19,2026-08-26,https://archive.org/advancedsearch.php,EXACT_PHRASE,OPENALEX_WORK_COUNT,53072,Metadata text-item count; not a full-text lexical frequency. Secondary metric: Scholarly work discoverability count over OpenAlex search fields; not a corpus word frequency.
FT-SEED-R1B-P-1988-27,1988,27,greenhouse gases,anthropogenic greenhouse-gas emissions,carbon_greenhouse,B,V2,E5,"RECONSTRUCTED_FROM_REPORT; Fear of Temperature_ Stratified Lexical Expansion, Voice Mapping, and Semantic-Relational Pre-Valida.pdf; p.9; project candidate FT-SEED-R1B-P-1988-27; original visible ID not available",INTERNET_ARCHIVE_METADATA_TEXT_ITEM_COUNT,"""greenhouse gases"" AND mediatype:texts",PHRASE_METADATA_SEARCH,COMPLETED_NONZERO,1549,1549,3,30,2026-08-26,https://archive.org/advancedsearch.php,EXACT_PHRASE,OPENALEX_WORK_COUNT,,Metadata text-item count; not a full-text lexical frequency. Secondary metric: NOT_RUN_OPENALEX_DAILY_BUDGET_EXHAUSTED: shared provider response retained; no count fabricated.
FT-SEED-R1B-P-1988-28,1988,28,Global Warming Has Begun,global warming as issue label,warming,A,V3,E5,"RECONSTRUCTED_FROM_REPORT; Fear of Temperature_ Stratified Lexical Expansion, Voice Mapping, and Semantic-Relational Pre-Valida.pdf; p.9; project candidate FT-SEED-R1B-P-1988-28; original visible ID not available",INTERNET_ARCHIVE_METADATA_TEXT_ITEM_COUNT,"""Global Warming Has Begun"" AND mediatype:texts",PHRASE_METADATA_SEARCH,COMPLETED_ZERO,0,0,0,0,2026-08-26,https://archive.org/advancedsearch.php,EXACT_PHRASE,OPENALEX_WORK_COUNT,,Metadata text-item count; not a full-text lexical frequency. Secondary metric: NOT_RUN_OPENALEX_DAILY_BUDGET_EXHAUSTED: shared provider response retained; no count fabricated.
FT-SEED-R1B-P-1988-29,1988,29,evidence is pretty strong,personal concern,concern_alarm,C,V3,E5,"RECONSTRUCTED_FROM_REPORT; Fear of Temperature_ Stratified Lexical Expansion, Voice Mapping, and Semantic-Relational Pre-Valida.pdf; p.9; project candidate FT-SEED-R1B-P-1988-29; original visible ID not available",INTERNET_ARCHIVE_METADATA_TEXT_ITEM_COUNT,"""evidence is pretty strong"" AND mediatype:texts",PHRASE_METADATA_SEARCH,COMPLETED_ZERO,0,0,0,0,2026-08-26,https://archive.org/advancedsearch.php,EXACT_PHRASE,OPENALEX_WORK_COUNT,,Metadata text-item count; not a full-text lexical frequency. Secondary metric: NOT_RUN_OPENALEX_DAILY_BUDGET_EXHAUSTED: shared provider response retained; no count fabricated.
FT-SEED-R1B-P-1988-30,1988,30,too much carbon dioxide is dangerous,atmospheric carbon dioxide,carbon_greenhouse,D,V3,E5,"RECONSTRUCTED_FROM_REPORT; Fear of Temperature_ Stratified Lexical Expansion, Voice Mapping, and Semantic-Relational Pre-Valida.pdf; p.9; project candidate FT-SEED-R1B-P-1988-30; original visible ID not available",INTERNET_ARCHIVE_METADATA_TEXT_ITEM_COUNT,"""too much carbon dioxide is dangerous"" AND mediatype:texts",PHRASE_METADATA_SEARCH,COMPLETED_ZERO,0,0,0,0,2026-08-26,https://archive.org/advancedsearch.php,EXACT_PHRASE,OPENALEX_WORK_COUNT,,Metadata text-item count; not a full-text lexical frequency. Secondary metric: NOT_RUN_OPENALEX_DAILY_BUDGET_EXHAUSTED: shared provider response retained; no count fabricated.
FT-SEED-R1B-P-0607-01,2006–2007,1,warming of the climate system,climate-system warming,warming,A,V1,E5,"RECONSTRUCTED_FROM_REPORT; Fear of Temperature_ Stratified Lexical Expansion, Voice Mapping, and Semantic-Relational Pre-Valida.pdf; p.10; project candidate FT-SEED-R1B-P-0607-01; original visible ID not available",INTERNET_ARCHIVE_METADATA_TEXT_ITEM_COUNT,"""warming of the climate system"" AND mediatype:texts",PHRASE_METADATA_SEARCH,COMPLETED_NONZERO,3,3,0,0,2026-08-26,https://archive.org/advancedsearch.php,EXACT_PHRASE,OPENALEX_WORK_COUNT,,Metadata text-item count; not a full-text lexical frequency. Secondary metric: NOT_RUN_OPENALEX_DAILY_BUDGET_EXHAUSTED: shared provider response retained; no count fabricated.
FT-SEED-R1B-P-0607-02,2006–2007,2,unequivocal,historical climate / climatological condition,climate,B,V1,E5,"RECONSTRUCTED_FROM_REPORT; Fear of Temperature_ Stratified Lexical Expansion, Voice Mapping, and Semantic-Relational Pre-Valida.pdf; p.10; project candidate FT-SEED-R1B-P-0607-02; original visible ID not available",INTERNET_ARCHIVE_METADATA_TEXT_ITEM_COUNT,"""unequivocal"" AND mediatype:texts",PHRASE_METADATA_SEARCH,COMPLETED_NONZERO,919,919,31,58,2026-08-26,https://archive.org/advancedsearch.php,EXACT_PHRASE,OPENALEX_WORK_COUNT,,Metadata text-item count; not a full-text lexical frequency. Secondary metric: NOT_RUN_OPENALEX_DAILY_BUDGET_EXHAUSTED: shared provider response retained; no count fabricated.
FT-SEED-R1B-P-0607-03,2006–2007,3,global average air and ocean temperatures,global aggregate temperature,temperature_threshold,A,V1,E5,"RECONSTRUCTED_FROM_REPORT; Fear of Temperature_ Stratified Lexical Expansion, Voice Mapping, and Semantic-Relational Pre-Valida.pdf; p.10; project candidate FT-SEED-R1B-P-0607-03; original visible ID not available",INTERNET_ARCHIVE_METADATA_TEXT_ITEM_COUNT,"""global average air and ocean temperatures"" AND mediatype:texts",PHRASE_METADATA_SEARCH,COMPLETED_ZERO,0,0,0,0,2026-08-26,https://archive.org/advancedsearch.php,EXACT_PHRASE,OPENALEX_WORK_COUNT,,Metadata text-item count; not a full-text lexical frequency. Secondary metric: NOT_RUN_OPENALEX_DAILY_BUDGET_EXHAUSTED: shared provider response retained; no count fabricated.
FT-SEED-R1B-P-0607-04,2006–2007,4,global surface temperature,global aggregate temperature,temperature_threshold,A,V1,E5,"RECONSTRUCTED_FROM_REPORT; Fear of Temperature_ Stratified Lexical Expansion, Voice Mapping, and Semantic-Relational Pre-Valida.pdf; p.10; project candidate FT-SEED-R1B-P-0607-04; original visible ID not available",INTERNET_ARCHIVE_METADATA_TEXT_ITEM_COUNT,"""global surface temperature"" AND mediatype:texts",PHRASE_METADATA_SEARCH,COMPLETED_NONZERO,34,34,0,2,2026-08-26,https://archive.org/advancedsearch.php,EXACT_PHRASE,OPENALEX_WORK_COUNT,,Metadata text-item count; not a full-text lexical frequency. Secondary metric: NOT_RUN_OPENALEX_DAILY_BUDGET_EXHAUSTED: shared provider response retained; no count fabricated.
FT-SEED-R1B-P-0607-05,2006–2007,5,temperature increase,temperature increase,warming,A,V1,E5,"RECONSTRUCTED_FROM_REPORT; Fear of Temperature_ Stratified Lexical Expansion, Voice Mapping, and Semantic-Relational Pre-Valida.pdf; p.10; project candidate FT-SEED-R1B-P-0607-05; original visible ID not available",INTERNET_ARCHIVE_METADATA_TEXT_ITEM_COUNT,"""temperature increase"" AND mediatype:texts",PHRASE_METADATA_SEARCH,COMPLETED_NONZERO,442,442,17,29,2026-08-26,https://archive.org/advancedsearch.php,EXACT_PHRASE,OPENALEX_WORK_COUNT,,Metadata text-item count; not a full-text lexical frequency. Secondary metric: NOT_RUN_OPENALEX_DAILY_BUDGET_EXHAUSTED: shared provider response retained; no count fabricated.
FT-SEED-R1B-P-0607-06,2006–2007,6,rising global average sea level,generic damage,harm_loss_consequences,D,V1,E5,"RECONSTRUCTED_FROM_REPORT; Fear of Temperature_ Stratified Lexical Expansion, Voice Mapping, and Semantic-Relational Pre-Valida.pdf; p.10; project candidate FT-SEED-R1B-P-0607-06; original visible ID not available",INTERNET_ARCHIVE_METADATA_TEXT_ITEM_COUNT,"""rising global average sea level"" AND mediatype:texts",PHRASE_METADATA_SEARCH,COMPLETED_ZERO,0,0,0,0,2026-08-26,https://archive.org/advancedsearch.php,EXACT_PHRASE,OPENALEX_WORK_COUNT,,Metadata text-item count; not a full-text lexical frequency. Secondary metric: NOT_RUN_OPENALEX_DAILY_BUDGET_EXHAUSTED: shared provider response retained; no count fabricated.
FT-SEED-R1B-P-0607-07,2006–2007,7,widespread melting of snow and ice,generic damage,harm_loss_consequences,D,V1,E5,"RECONSTRUCTED_FROM_REPORT; Fear of Temperature_ Stratified Lexical Expansion, Voice Mapping, and Semantic-Relational Pre-Valida.pdf; p.10; project candidate FT-SEED-R1B-P-0607-07; original visible ID not available",INTERNET_ARCHIVE_METADATA_TEXT_ITEM_COUNT,"""widespread melting of snow and ice"" AND mediatype:texts",PHRASE_METADATA_SEARCH,COMPLETED_ZERO,0,0,0,0,2026-08-26,https://archive.org/advancedsearch.php,EXACT_PHRASE,OPENALEX_WORK_COUNT,,Metadata text-item count; not a full-text lexical frequency. Secondary metric: NOT_RUN_OPENALEX_DAILY_BUDGET_EXHAUSTED: shared provider response retained; no count fabricated.
FT-SEED-R1B-P-0607-08,2006–2007,8,anthropogenic CO₂,anthropogenic carbon-dioxide production,carbon_greenhouse,B,V1,E5,"RECONSTRUCTED_FROM_REPORT; Fear of Temperature_ Stratified Lexical Expansion, Voice Mapping, and Semantic-Relational Pre-Valida.pdf; p.10; project candidate FT-SEED-R1B-P-0607-08; original visible ID not available",INTERNET_ARCHIVE_METADATA_TEXT_ITEM_COUNT,"""anthropogenic CO₂"" AND mediatype:texts",PHRASE_METADATA_SEARCH,COMPLETED_NONZERO,8,8,0,0,2026-08-26,https://archive.org/advancedsearch.php,EXACT_PHRASE,OPENALEX_WORK_COUNT,19164,Metadata text-item count; not a full-text lexical frequency. Secondary metric: Scholarly work discoverability count over OpenAlex search fields; not a corpus word frequency.
FT-SEED-R1B-P-0607-09,2006–2007,9,anthropogenic GHG emissions,anthropogenic greenhouse-gas emissions,carbon_greenhouse,B,V1,E5,"RECONSTRUCTED_FROM_REPORT; Fear of Temperature_ Stratified Lexical Expansion, Voice Mapping, and Semantic-Relational Pre-Valida.pdf; p.10; project candidate FT-SEED-R1B-P-0607-09; original visible ID not available",INTERNET_ARCHIVE_METADATA_TEXT_ITEM_COUNT,"""anthropogenic GHG emissions"" AND mediatype:texts",PHRASE_METADATA_SEARCH,COMPLETED_NONZERO,4,4,0,0,2026-08-26,https://archive.org/advancedsearch.php,EXACT_PHRASE,OPENALEX_WORK_COUNT,5913,Metadata text-item count; not a full-text lexical frequency. Secondary metric: Scholarly work discoverability count over OpenAlex search fields; not a corpus word frequency.
FT-SEED-R1B-P-0607-10,2006–2007,10,climate change,modern climate change,climate,B,V2,E5,"RECONSTRUCTED_FROM_REPORT; Fear of Temperature_ Stratified Lexical Expansion, Voice Mapping, and Semantic-Relational Pre-Valida.pdf; p.10; project candidate FT-SEED-R1B-P-0607-10; original visible ID not available",INTERNET_ARCHIVE_METADATA_TEXT_ITEM_COUNT,"""climate change"" AND mediatype:texts",PHRASE_METADATA_SEARCH,COMPLETED_NONZERO,30525,30525,656,1334,2026-08-26,https://archive.org/advancedsearch.php,EXACT_PHRASE,OPENALEX_WORK_COUNT,2549592,Metadata text-item count; not a full-text lexical frequency. Secondary metric: Scholarly work discoverability count over OpenAlex search fields; not a corpus word frequency.
FT-SEED-R1B-P-0607-11,2006–2007,11,global warming,global warming as issue label,warming,A,V3,E5,"RECONSTRUCTED_FROM_REPORT; Fear of Temperature_ Stratified Lexical Expansion, Voice Mapping, and Semantic-Relational Pre-Valida.pdf; p.10; project candidate FT-SEED-R1B-P-0607-11; original visible ID not available",INTERNET_ARCHIVE_METADATA_TEXT_ITEM_COUNT,"""global warming"" AND mediatype:texts",PHRASE_METADATA_SEARCH,COMPLETED_NONZERO,5619,5619,11,123,2026-08-26,https://archive.org/advancedsearch.php,EXACT_PHRASE,OPENALEX_WORK_COUNT,,Metadata text-item count; not a full-text lexical frequency. Secondary metric: NOT_RUN_OPENALEX_DAILY_BUDGET_EXHAUSTED: shared provider response retained; no count fabricated.
FT-SEED-R1B-P-0607-12,2006–2007,12,serious global threat,institutional climate threat,danger_threat,D,V2,E5,"RECONSTRUCTED_FROM_REPORT; Fear of Temperature_ Stratified Lexical Expansion, Voice Mapping, and Semantic-Relational Pre-Valida.pdf; p.10; project candidate FT-SEED-R1B-P-0607-12; original visible ID not available",INTERNET_ARCHIVE_METADATA_TEXT_ITEM_COUNT,"""serious global threat"" AND mediatype:texts",PHRASE_METADATA_SEARCH,COMPLETED_NONZERO,3,3,0,1,2026-08-26,https://archive.org/advancedsearch.php,EXACT_PHRASE,OPENALEX_WORK_COUNT,,Metadata text-item count; not a full-text lexical frequency. Secondary metric: NOT_RUN_OPENALEX_DAILY_BUDGET_EXHAUSTED: shared provider response retained; no count fabricated.
FT-SEED-R1B-P-0607-13,2006–2007,13,urgent global response,generic damage,harm_loss_consequences,D,V2,E5,"RECONSTRUCTED_FROM_REPORT; Fear of Temperature_ Stratified Lexical Expansion, Voice Mapping, and Semantic-Relational Pre-Valida.pdf; p.10; project candidate FT-SEED-R1B-P-0607-13; original visible ID not available",INTERNET_ARCHIVE_METADATA_TEXT_ITEM_COUNT,"""urgent global response"" AND mediatype:texts",PHRASE_METADATA_SEARCH,COMPLETED_ZERO,0,0,0,0,2026-08-26,https://archive.org/advancedsearch.php,EXACT_PHRASE,OPENALEX_WORK_COUNT,,Metadata text-item count; not a full-text lexical frequency. Secondary metric: NOT_RUN_OPENALEX_DAILY_BUDGET_EXHAUSTED: shared provider response retained; no count fabricated.
FT-SEED-R1B-P-0607-14,2006–2007,14,costs and risks of climate change,modern climate change,climate,D,V2,E5,"RECONSTRUCTED_FROM_REPORT; Fear of Temperature_ Stratified Lexical Expansion, Voice Mapping, and Semantic-Relational Pre-Valida.pdf; p.10; project candidate FT-SEED-R1B-P-0607-14; original visible ID not available",INTERNET_ARCHIVE_METADATA_TEXT_ITEM_COUNT,"""costs and risks of climate change"" AND mediatype:texts",PHRASE_METADATA_SEARCH,COMPLETED_ZERO,0,0,0,0,2026-08-26,https://archive.org/advancedsearch.php,EXACT_PHRASE,OPENALEX_WORK_COUNT,,"Metadata text-item count; not a full-text lexical frequency. Secondary metric: HTTP 429: {""error"":""Rate limit exceeded"",""message"":""Insufficient budget. This request costs $0.001 but you only have $0 remaining. Resets at midnight UTC. Need more? Add funds at https://openalex.org/pricing"",""retryAfter"":62990,""costUsd"":0.001,""daily"
FT-SEED-R1B-P-0607-15,2006–2007,15,impacts of climate change,modern climate change,climate,D,V2,E5,"RECONSTRUCTED_FROM_REPORT; Fear of Temperature_ Stratified Lexical Expansion, Voice Mapping, and Semantic-Relational Pre-Valida.pdf; p.10; project candidate FT-SEED-R1B-P-0607-15; original visible ID not available",INTERNET_ARCHIVE_METADATA_TEXT_ITEM_COUNT,"""impacts of climate change"" AND mediatype:texts",PHRASE_METADATA_SEARCH,COMPLETED_NONZERO,656,656,18,33,2026-08-26,https://archive.org/advancedsearch.php,EXACT_PHRASE,OPENALEX_WORK_COUNT,,Metadata text-item count; not a full-text lexical frequency. Secondary metric: NOT_RUN_OPENALEX_DAILY_BUDGET_EXHAUSTED: shared provider response retained; no count fabricated.
FT-SEED-R1B-P-0607-16,2006–2007,16,damage,generic damage,harm_loss_consequences,D,V2,E5,"RECONSTRUCTED_FROM_REPORT; Fear of Temperature_ Stratified Lexical Expansion, Voice Mapping, and Semantic-Relational Pre-Valida.pdf; p.10; project candidate FT-SEED-R1B-P-0607-16; original visible ID not available",INTERNET_ARCHIVE_METADATA_TEXT_ITEM_COUNT,"""damage"" AND mediatype:texts",PHRASE_METADATA_SEARCH,COMPLETED_NONZERO,71319,71319,1697,3470,2026-08-26,https://archive.org/advancedsearch.php,EXACT_PHRASE,OPENALEX_WORK_COUNT,,"Metadata text-item count; not a full-text lexical frequency. Secondary metric: HTTP 429: {""error"":""Rate limit exceeded"",""message"":""Insufficient budget. This request costs $0.001 but you only have $0 remaining. Resets at midnight UTC. Need more? Add funds at https://openalex.org/pricing"",""retryAfter"":62943,""costUsd"":0.001,""daily"
FT-SEED-R1B-P-0607-17,2006–2007,17,hunger,generic damage,harm_loss_consequences,D,V2,E5,"RECONSTRUCTED_FROM_REPORT; Fear of Temperature_ Stratified Lexical Expansion, Voice Mapping, and Semantic-Relational Pre-Valida.pdf; p.10; project candidate FT-SEED-R1B-P-0607-17; original visible ID not available",INTERNET_ARCHIVE_METADATA_TEXT_ITEM_COUNT,"""hunger"" AND mediatype:texts",PHRASE_METADATA_SEARCH,COMPLETED_NONZERO,8913,8913,273,544,2026-08-26,https://archive.org/advancedsearch.php,EXACT_PHRASE,OPENALEX_WORK_COUNT,,Metadata text-item count; not a full-text lexical frequency. Secondary metric: NOT_RUN_OPENALEX_DAILY_BUDGET_EXHAUSTED: shared provider response retained; no count fabricated.
FT-SEED-R1B-P-0607-18,2006–2007,18,water shortages,generic damage,harm_loss_consequences,D,V2,E5,"RECONSTRUCTED_FROM_REPORT; Fear of Temperature_ Stratified Lexical Expansion, Voice Mapping, and Semantic-Relational Pre-Valida.pdf; p.10; project candidate FT-SEED-R1B-P-0607-18; original visible ID not available",INTERNET_ARCHIVE_METADATA_TEXT_ITEM_COUNT,"""water shortages"" AND mediatype:texts",PHRASE_METADATA_SEARCH,COMPLETED_NONZERO,223,223,4,10,2026-08-26,https://archive.org/advancedsearch.php,EXACT_PHRASE,OPENALEX_WORK_COUNT,,Metadata text-item count; not a full-text lexical frequency. Secondary metric: NOT_RUN_OPENALEX_DAILY_BUDGET_EXHAUSTED: shared provider response retained; no count fabricated.
FT-SEED-R1B-P-0607-19,2006–2007,19,coastal flooding,generic damage,harm_loss_consequences,D,V2,E5,"RECONSTRUCTED_FROM_REPORT; Fear of Temperature_ Stratified Lexical Expansion, Voice Mapping, and Semantic-Relational Pre-Valida.pdf; p.10; project candidate FT-SEED-R1B-P-0607-19; original visible ID not available",INTERNET_ARCHIVE_METADATA_TEXT_ITEM_COUNT,"""coastal flooding"" AND mediatype:texts",PHRASE_METADATA_SEARCH,COMPLETED_NONZERO,87,87,1,4,2026-08-26,https://archive.org/advancedsearch.php,EXACT_PHRASE,OPENALEX_WORK_COUNT,22058,Metadata text-item count; not a full-text lexical frequency. Secondary metric: Scholarly work discoverability count over OpenAlex search fields; not a corpus word frequency.
FT-SEED-R1B-P-0607-20,2006–2007,20,worst impacts,generic damage,harm_loss_consequences,D,V2,E5,"RECONSTRUCTED_FROM_REPORT; Fear of Temperature_ Stratified Lexical Expansion, Voice Mapping, and Semantic-Relational Pre-Valida.pdf; p.10; project candidate FT-SEED-R1B-P-0607-20; original visible ID not available",INTERNET_ARCHIVE_METADATA_TEXT_ITEM_COUNT,"""worst impacts"" AND mediatype:texts",PHRASE_METADATA_SEARCH,COMPLETED_NONZERO,13,13,0,1,2026-08-26,https://archive.org/advancedsearch.php,EXACT_PHRASE,OPENALEX_WORK_COUNT,,Metadata text-item count; not a full-text lexical frequency. Secondary metric: NOT_RUN_OPENALEX_DAILY_BUDGET_EXHAUSTED: shared provider response retained; no count fabricated.
FT-SEED-R1B-P-0607-21,2006–2007,21,Be Worried. Be Very Worried.,prescribed worry,worry,C,V3,E1,"RECONSTRUCTED_FROM_REPORT; Fear of Temperature_ Stratified Lexical Expansion, Voice Mapping, and Semantic-Relational Pre-Valida.pdf; p.10; project candidate FT-SEED-R1B-P-0607-21; original visible ID not available",INTERNET_ARCHIVE_METADATA_TEXT_ITEM_COUNT,"""Be Worried. Be Very Worried."" AND mediatype:texts",PHRASE_METADATA_SEARCH,COMPLETED_ZERO,0,0,0,0,2026-08-26,https://archive.org/advancedsearch.php,EXACT_PHRASE,OPENALEX_WORK_COUNT,41,Metadata text-item count; not a full-text lexical frequency. Secondary metric: Scholarly work discoverability count over OpenAlex search fields; not a corpus word frequency.
FT-SEED-R1B-P-0607-22,2006–2007,22,personally worry,elicited worry category,worry,C,V5,E3,"RECONSTRUCTED_FROM_REPORT; Fear of Temperature_ Stratified Lexical Expansion, Voice Mapping, and Semantic-Relational Pre-Valida.pdf; p.10; project candidate FT-SEED-R1B-P-0607-22; original visible ID not available",INTERNET_ARCHIVE_METADATA_TEXT_ITEM_COUNT,"""personally worry"" AND mediatype:texts",PHRASE_METADATA_SEARCH,COMPLETED_ZERO,0,0,0,0,2026-08-26,https://archive.org/advancedsearch.php,EXACT_PHRASE,OPENALEX_WORK_COUNT,,Metadata text-item count; not a full-text lexical frequency. Secondary metric: NOT_RUN_OPENALEX_DAILY_BUDGET_EXHAUSTED: shared provider response retained; no count fabricated.
FT-SEED-R1B-P-0607-23,2006–2007,23,worry a great deal,elicited worry category,worry,C,V5,E5,"RECONSTRUCTED_FROM_REPORT; Fear of Temperature_ Stratified Lexical Expansion, Voice Mapping, and Semantic-Relational Pre-Valida.pdf; p.10; project candidate FT-SEED-R1B-P-0607-23; original visible ID not available",INTERNET_ARCHIVE_METADATA_TEXT_ITEM_COUNT,"""worry a great deal"" AND mediatype:texts",PHRASE_METADATA_SEARCH,COMPLETED_NONZERO,3,3,0,0,2026-08-26,https://archive.org/advancedsearch.php,EXACT_PHRASE,OPENALEX_WORK_COUNT,,Metadata text-item count; not a full-text lexical frequency. Secondary metric: NOT_RUN_OPENALEX_DAILY_BUDGET_EXHAUSTED: shared provider response retained; no count fabricated.
FT-SEED-R1B-P-0607-24,2006–2007,24,serious problem,generic damage,harm_loss_consequences,D,V5,E5,"RECONSTRUCTED_FROM_REPORT; Fear of Temperature_ Stratified Lexical Expansion, Voice Mapping, and Semantic-Relational Pre-Valida.pdf; p.10; project candidate FT-SEED-R1B-P-0607-24; original visible ID not available",INTERNET_ARCHIVE_METADATA_TEXT_ITEM_COUNT,"""serious problem"" AND mediatype:texts",PHRASE_METADATA_SEARCH,COMPLETED_NONZERO,2579,2579,80,147,2026-08-26,https://archive.org/advancedsearch.php,EXACT_PHRASE,OPENALEX_WORK_COUNT,,Metadata text-item count; not a full-text lexical frequency. Secondary metric: NOT_RUN_OPENALEX_DAILY_BUDGET_EXHAUSTED: shared provider response retained; no count fabricated.
FT-SEED-R1B-P-0607-25,2006–2007,25,danger,hazard evaluation,danger_threat,D,V5,E5,"RECONSTRUCTED_FROM_REPORT; Fear of Temperature_ Stratified Lexical Expansion, Voice Mapping, and Semantic-Relational Pre-Valida.pdf; p.10; project candidate FT-SEED-R1B-P-0607-25; original visible ID not available",INTERNET_ARCHIVE_METADATA_TEXT_ITEM_COUNT,"""danger"" AND mediatype:texts",PHRASE_METADATA_SEARCH,COMPLETED_NONZERO,37158,37158,1050,2139,2026-08-26,https://archive.org/advancedsearch.php,EXACT_PHRASE,OPENALEX_WORK_COUNT,,"Metadata text-item count; not a full-text lexical frequency. Secondary metric: HTTP 429: {""error"":""Rate limit exceeded"",""message"":""Insufficient budget. This request costs $0.001 but you only have $0 remaining. Resets at midnight UTC. Need more? Add funds at https://openalex.org/pricing"",""retryAfter"":62814,""costUsd"":0.001,""daily"
FT-SEED-R1B-P-0607-26,2006–2007,26,urgent threat,institutional climate threat,danger_threat,D,V5,E5,"RECONSTRUCTED_FROM_REPORT; Fear of Temperature_ Stratified Lexical Expansion, Voice Mapping, and Semantic-Relational Pre-Valida.pdf; p.10; project candidate FT-SEED-R1B-P-0607-26; original visible ID not available",INTERNET_ARCHIVE_METADATA_TEXT_ITEM_COUNT,"""urgent threat"" AND mediatype:texts",PHRASE_METADATA_SEARCH,COMPLETED_NONZERO,11,11,0,0,2026-08-26,https://archive.org/advancedsearch.php,EXACT_PHRASE,OPENALEX_WORK_COUNT,,Metadata text-item count; not a full-text lexical frequency. Secondary metric: NOT_RUN_OPENALEX_DAILY_BUDGET_EXHAUSTED: shared provider response retained; no count fabricated.
FT-SEED-R1B-P-0607-27,2006–2007,27,dangerous impacts,institutional climate threat,danger_threat,D,V5,E5,"RECONSTRUCTED_FROM_REPORT; Fear of Temperature_ Stratified Lexical Expansion, Voice Mapping, and Semantic-Relational Pre-Valida.pdf; p.10; project candidate FT-SEED-R1B-P-0607-27; original visible ID not available",INTERNET_ARCHIVE_METADATA_TEXT_ITEM_COUNT,"""dangerous impacts"" AND mediatype:texts",PHRASE_METADATA_SEARCH,COMPLETED_NONZERO,3,3,0,0,2026-08-26,https://archive.org/advancedsearch.php,EXACT_PHRASE,OPENALEX_WORK_COUNT,,Metadata text-item count; not a full-text lexical frequency. Secondary metric: NOT_RUN_OPENALEX_DAILY_BUDGET_EXHAUSTED: shared provider response retained; no count fabricated.
FT-SEED-R1B-P-0607-28,2006–2007,28,drastic action,generic damage,harm_loss_consequences,D,V5,E5,"RECONSTRUCTED_FROM_REPORT; Fear of Temperature_ Stratified Lexical Expansion, Voice Mapping, and Semantic-Relational Pre-Valida.pdf; p.10; project candidate FT-SEED-R1B-P-0607-28; original visible ID not available",INTERNET_ARCHIVE_METADATA_TEXT_ITEM_COUNT,"""drastic action"" AND mediatype:texts",PHRASE_METADATA_SEARCH,COMPLETED_NONZERO,532,532,2,4,2026-08-26,https://archive.org/advancedsearch.php,EXACT_PHRASE,OPENALEX_WORK_COUNT,,Metadata text-item count; not a full-text lexical frequency. Secondary metric: NOT_RUN_OPENALEX_DAILY_BUDGET_EXHAUSTED: shared provider response retained; no count fabricated.
FT-SEED-R1B-P-0607-29,2006–2007,29,dangerous climate change,modern climate change,climate,D,V4,E5,"RECONSTRUCTED_FROM_REPORT; Fear of Temperature_ Stratified Lexical Expansion, Voice Mapping, and Semantic-Relational Pre-Valida.pdf; p.10; project candidate FT-SEED-R1B-P-0607-29; original visible ID not available",INTERNET_ARCHIVE_METADATA_TEXT_ITEM_COUNT,"""dangerous climate change"" AND mediatype:texts",PHRASE_METADATA_SEARCH,COMPLETED_NONZERO,28,28,2,5,2026-08-26,https://archive.org/advancedsearch.php,EXACT_PHRASE,OPENALEX_WORK_COUNT,,"Metadata text-item count; not a full-text lexical frequency. Secondary metric: HTTP 429: {""error"":""Rate limit exceeded"",""message"":""Insufficient budget. This request costs $0.001 but you only have $0 remaining. Resets at midnight UTC. Need more? Add funds at https://openalex.org/pricing"",""retryAfter"":62768,""costUsd"":0.001,""daily"
FT-SEED-R1B-P-0607-30,2006–2007,30,threatens serious negative effects,institutional climate threat,danger_threat,D,V4,E5,"RECONSTRUCTED_FROM_REPORT; Fear of Temperature_ Stratified Lexical Expansion, Voice Mapping, and Semantic-Relational Pre-Valida.pdf; p.10; project candidate FT-SEED-R1B-P-0607-30; original visible ID not available",INTERNET_ARCHIVE_METADATA_TEXT_ITEM_COUNT,"""threatens serious negative effects"" AND mediatype:texts",PHRASE_METADATA_SEARCH,COMPLETED_ZERO,0,0,0,0,2026-08-26,https://archive.org/advancedsearch.php,EXACT_PHRASE,OPENALEX_WORK_COUNT,,Metadata text-item count; not a full-text lexical frequency. Secondary metric: NOT_RUN_OPENALEX_DAILY_BUDGET_EXHAUSTED: shared provider response retained; no count fabricated.
FT-SEED-R1B-P-2015-01,2015,1,climate change,modern climate change,climate,B,V2,E5,"RECONSTRUCTED_FROM_REPORT; Fear of Temperature_ Stratified Lexical Expansion, Voice Mapping, and Semantic-Relational Pre-Valida.pdf; p.11; project candidate FT-SEED-R1B-P-2015-01; original visible ID not available",INTERNET_ARCHIVE_METADATA_TEXT_ITEM_COUNT,"""climate change"" AND mediatype:texts",PHRASE_METADATA_SEARCH,COMPLETED_NONZERO,30525,30525,656,1334,2026-08-26,https://archive.org/advancedsearch.php,EXACT_PHRASE,OPENALEX_WORK_COUNT,2549592,Metadata text-item count; not a full-text lexical frequency. Secondary metric: Scholarly work discoverability count over OpenAlex search fields; not a corpus word frequency.
FT-SEED-R1B-P-2015-02,2015,2,threat of climate change,modern climate change,climate,D,V2,E5,"RECONSTRUCTED_FROM_REPORT; Fear of Temperature_ Stratified Lexical Expansion, Voice Mapping, and Semantic-Relational Pre-Valida.pdf; p.11; project candidate FT-SEED-R1B-P-2015-02; original visible ID not available",INTERNET_ARCHIVE_METADATA_TEXT_ITEM_COUNT,"""threat of climate change"" AND mediatype:texts",PHRASE_METADATA_SEARCH,COMPLETED_NONZERO,42,42,2,3,2026-08-26,https://archive.org/advancedsearch.php,EXACT_PHRASE,OPENALEX_WORK_COUNT,,Metadata text-item count; not a full-text lexical frequency. Secondary metric: NOT_RUN_OPENALEX_DAILY_BUDGET_EXHAUSTED: shared provider response retained; no count fabricated.
FT-SEED-R1B-P-2015-03,2015,3,global average temperature,global aggregate temperature,temperature_threshold,A,V2,E5,"RECONSTRUCTED_FROM_REPORT; Fear of Temperature_ Stratified Lexical Expansion, Voice Mapping, and Semantic-Relational Pre-Valida.pdf; p.11; project candidate FT-SEED-R1B-P-2015-03; original visible ID not available",INTERNET_ARCHIVE_METADATA_TEXT_ITEM_COUNT,"""global average temperature"" AND mediatype:texts",PHRASE_METADATA_SEARCH,COMPLETED_NONZERO,25,25,1,2,2026-08-26,https://archive.org/advancedsearch.php,EXACT_PHRASE,OPENALEX_WORK_COUNT,,Metadata text-item count; not a full-text lexical frequency. Secondary metric: NOT_RUN_OPENALEX_DAILY_BUDGET_EXHAUSTED: shared provider response retained; no count fabricated.
FT-SEED-R1B-P-2015-04,2015,4,well below 2°C above pre-industrial levels,2°C threshold,temperature_threshold,A,V2,E5,"RECONSTRUCTED_FROM_REPORT; Fear of Temperature_ Stratified Lexical Expansion, Voice Mapping, and Semantic-Relational Pre-Valida.pdf; p.11; project candidate FT-SEED-R1B-P-2015-04; original visible ID not available",INTERNET_ARCHIVE_METADATA_TEXT_ITEM_COUNT,"""well below 2°C above pre-industrial levels"" AND mediatype:texts",PHRASE_METADATA_SEARCH,COMPLETED_NONZERO,2,2,1,1,2026-08-26,https://archive.org/advancedsearch.php,EXACT_PHRASE,OPENALEX_WORK_COUNT,,Metadata text-item count; not a full-text lexical frequency. Secondary metric: NOT_RUN_OPENALEX_DAILY_BUDGET_EXHAUSTED: shared provider response retained; no count fabricated.
FT-SEED-R1B-P-2015-05,2015,5,1.5°C above pre-industrial levels,1.5°C threshold,temperature_threshold,A,V2,E5,"RECONSTRUCTED_FROM_REPORT; Fear of Temperature_ Stratified Lexical Expansion, Voice Mapping, and Semantic-Relational Pre-Valida.pdf; p.11; project candidate FT-SEED-R1B-P-2015-05; original visible ID not available",INTERNET_ARCHIVE_METADATA_TEXT_ITEM_COUNT,"""1.5°C above pre-industrial levels"" AND mediatype:texts",PHRASE_METADATA_SEARCH,COMPLETED_NONZERO,3,3,1,1,2026-08-26,https://archive.org/advancedsearch.php,EXACT_PHRASE,OPENALEX_WORK_COUNT,11609,Metadata text-item count; not a full-text lexical frequency. Secondary metric: Scholarly work discoverability count over OpenAlex search fields; not a corpus word frequency.
FT-SEED-R1B-P-2015-06,2015,6,pre-industrial levels,historical climate / climatological condition,climate,B,V2,E5,"RECONSTRUCTED_FROM_REPORT; Fear of Temperature_ Stratified Lexical Expansion, Voice Mapping, and Semantic-Relational Pre-Valida.pdf; p.11; project candidate FT-SEED-R1B-P-2015-06; original visible ID not available",INTERNET_ARCHIVE_METADATA_TEXT_ITEM_COUNT,"""pre-industrial levels"" AND mediatype:texts",PHRASE_METADATA_SEARCH,COMPLETED_NONZERO,30,30,1,1,2026-08-26,https://archive.org/advancedsearch.php,EXACT_PHRASE,OPENALEX_WORK_COUNT,,Metadata text-item count; not a full-text lexical frequency. Secondary metric: NOT_RUN_OPENALEX_DAILY_BUDGET_EXHAUSTED: shared provider response retained; no count fabricated.
FT-SEED-R1B-P-2015-07,2015,7,risks and impacts,administrative risk assessment,risk,D,V2,E5,"RECONSTRUCTED_FROM_REPORT; Fear of Temperature_ Stratified Lexical Expansion, Voice Mapping, and Semantic-Relational Pre-Valida.pdf; p.11; project candidate FT-SEED-R1B-P-2015-07; original visible ID not available",INTERNET_ARCHIVE_METADATA_TEXT_ITEM_COUNT,"""risks and impacts"" AND mediatype:texts",PHRASE_METADATA_SEARCH,COMPLETED_NONZERO,27,27,1,3,2026-08-26,https://archive.org/advancedsearch.php,EXACT_PHRASE,OPENALEX_WORK_COUNT,,Metadata text-item count; not a full-text lexical frequency. Secondary metric: NOT_RUN_OPENALEX_DAILY_BUDGET_EXHAUSTED: shared provider response retained; no count fabricated.
FT-SEED-R1B-P-2015-08,2015,8,adverse impacts,generic damage,harm_loss_consequences,D,V2,E5,"RECONSTRUCTED_FROM_REPORT; Fear of Temperature_ Stratified Lexical Expansion, Voice Mapping, and Semantic-Relational Pre-Valida.pdf; p.11; project candidate FT-SEED-R1B-P-2015-08; original visible ID not available",INTERNET_ARCHIVE_METADATA_TEXT_ITEM_COUNT,"""adverse impacts"" AND mediatype:texts",PHRASE_METADATA_SEARCH,COMPLETED_NONZERO,442,442,4,25,2026-08-26,https://archive.org/advancedsearch.php,EXACT_PHRASE,OPENALEX_WORK_COUNT,115739,Metadata text-item count; not a full-text lexical frequency. Secondary metric: Scholarly work discoverability count over OpenAlex search fields; not a corpus word frequency.
FT-SEED-R1B-P-2015-09,2015,9,adverse effects of climate change,modern climate change,climate,D,V2,E5,"RECONSTRUCTED_FROM_REPORT; Fear of Temperature_ Stratified Lexical Expansion, Voice Mapping, and Semantic-Relational Pre-Valida.pdf; p.11; project candidate FT-SEED-R1B-P-2015-09; original visible ID not available",INTERNET_ARCHIVE_METADATA_TEXT_ITEM_COUNT,"""adverse effects of climate change"" AND mediatype:texts",PHRASE_METADATA_SEARCH,COMPLETED_NONZERO,41,41,1,1,2026-08-26,https://archive.org/advancedsearch.php,EXACT_PHRASE,OPENALEX_WORK_COUNT,12883,Metadata text-item count; not a full-text lexical frequency. Secondary metric: Scholarly work discoverability count over OpenAlex search fields; not a corpus word frequency.
FT-SEED-R1B-P-2015-10,2015,10,greenhouse gas emissions,anthropogenic greenhouse-gas emissions,carbon_greenhouse,B,V2,E5,"RECONSTRUCTED_FROM_REPORT; Fear of Temperature_ Stratified Lexical Expansion, Voice Mapping, and Semantic-Relational Pre-Valida.pdf; p.11; project candidate FT-SEED-R1B-P-2015-10; original visible ID not available",INTERNET_ARCHIVE_METADATA_TEXT_ITEM_COUNT,"""greenhouse gas emissions"" AND mediatype:texts",PHRASE_METADATA_SEARCH,COMPLETED_NONZERO,1078,1078,22,102,2026-08-26,https://archive.org/advancedsearch.php,EXACT_PHRASE,OPENALEX_WORK_COUNT,,Metadata text-item count; not a full-text lexical frequency. Secondary metric: NOT_RUN_OPENALEX_DAILY_BUDGET_EXHAUSTED: shared provider response retained; no count fabricated.
FT-SEED-R1B-P-2015-11,2015,11,climate resilience,generic damage,harm_loss_consequences,D,V2,E5,"RECONSTRUCTED_FROM_REPORT; Fear of Temperature_ Stratified Lexical Expansion, Voice Mapping, and Semantic-Relational Pre-Valida.pdf; p.11; project candidate FT-SEED-R1B-P-2015-11; original visible ID not available",INTERNET_ARCHIVE_METADATA_TEXT_ITEM_COUNT,"""climate resilience"" AND mediatype:texts",PHRASE_METADATA_SEARCH,COMPLETED_NONZERO,196,196,4,7,2026-08-26,https://archive.org/advancedsearch.php,EXACT_PHRASE,OPENALEX_WORK_COUNT,71130,Metadata text-item count; not a full-text lexical frequency. Secondary metric: Scholarly work discoverability count over OpenAlex search fields; not a corpus word frequency.
FT-SEED-R1B-P-2015-12,2015,12,vulnerability,vulnerability,harm_loss_consequences,D,V2,E5,"RECONSTRUCTED_FROM_REPORT; Fear of Temperature_ Stratified Lexical Expansion, Voice Mapping, and Semantic-Relational Pre-Valida.pdf; p.11; project candidate FT-SEED-R1B-P-2015-12; original visible ID not available",INTERNET_ARCHIVE_METADATA_TEXT_ITEM_COUNT,"""vulnerability"" AND mediatype:texts",PHRASE_METADATA_SEARCH,COMPLETED_NONZERO,13888,13888,333,1289,2026-08-26,https://archive.org/advancedsearch.php,EXACT_PHRASE,OPENALEX_WORK_COUNT,,Metadata text-item count; not a full-text lexical frequency. Secondary metric: NOT_RUN_OPENALEX_DAILY_BUDGET_EXHAUSTED: shared provider response retained; no count fabricated.
FT-SEED-R1B-P-2015-13,2015,13,vulnerable groups,vulnerability,harm_loss_consequences,D,V2,E5,"RECONSTRUCTED_FROM_REPORT; Fear of Temperature_ Stratified Lexical Expansion, Voice Mapping, and Semantic-Relational Pre-Valida.pdf; p.11; project candidate FT-SEED-R1B-P-2015-13; original visible ID not available",INTERNET_ARCHIVE_METADATA_TEXT_ITEM_COUNT,"""vulnerable groups"" AND mediatype:texts",PHRASE_METADATA_SEARCH,COMPLETED_NONZERO,359,359,12,49,2026-08-26,https://archive.org/advancedsearch.php,EXACT_PHRASE,OPENALEX_WORK_COUNT,,Metadata text-item count; not a full-text lexical frequency. Secondary metric: NOT_RUN_OPENALEX_DAILY_BUDGET_EXHAUSTED: shared provider response retained; no count fabricated.
FT-SEED-R1B-P-2015-14,2015,14,loss and damage,loss and damage,harm_loss_consequences,D,V2,E5,"RECONSTRUCTED_FROM_REPORT; Fear of Temperature_ Stratified Lexical Expansion, Voice Mapping, and Semantic-Relational Pre-Valida.pdf; p.11; project candidate FT-SEED-R1B-P-2015-14; original visible ID not available",INTERNET_ARCHIVE_METADATA_TEXT_ITEM_COUNT,"""loss and damage"" AND mediatype:texts",PHRASE_METADATA_SEARCH,COMPLETED_NONZERO,86,86,4,4,2026-08-26,https://archive.org/advancedsearch.php,EXACT_PHRASE,OPENALEX_WORK_COUNT,,Metadata text-item count; not a full-text lexical frequency. Secondary metric: NOT_RUN_OPENALEX_DAILY_BUDGET_EXHAUSTED: shared provider response retained; no count fabricated.
FT-SEED-R1B-P-2015-15,2015,15,extreme weather events,generic damage,harm_loss_consequences,D,V2,E5,"RECONSTRUCTED_FROM_REPORT; Fear of Temperature_ Stratified Lexical Expansion, Voice Mapping, and Semantic-Relational Pre-Valida.pdf; p.11; project candidate FT-SEED-R1B-P-2015-15; original visible ID not available",INTERNET_ARCHIVE_METADATA_TEXT_ITEM_COUNT,"""extreme weather events"" AND mediatype:texts",PHRASE_METADATA_SEARCH,COMPLETED_NONZERO,251,251,9,30,2026-08-26,https://archive.org/advancedsearch.php,EXACT_PHRASE,OPENALEX_WORK_COUNT,,Metadata text-item count; not a full-text lexical frequency. Secondary metric: NOT_RUN_OPENALEX_DAILY_BUDGET_EXHAUSTED: shared provider response retained; no count fabricated.
FT-SEED-R1B-P-2015-16,2015,16,slow onset events,generic damage,harm_loss_consequences,D,V2,E5,"RECONSTRUCTED_FROM_REPORT; Fear of Temperature_ Stratified Lexical Expansion, Voice Mapping, and Semantic-Relational Pre-Valida.pdf; p.11; project candidate FT-SEED-R1B-P-2015-16; original visible ID not available",INTERNET_ARCHIVE_METADATA_TEXT_ITEM_COUNT,"""slow onset events"" AND mediatype:texts",PHRASE_METADATA_SEARCH,COMPLETED_NONZERO,2,2,1,1,2026-08-26,https://archive.org/advancedsearch.php,EXACT_PHRASE,OPENALEX_WORK_COUNT,,Metadata text-item count; not a full-text lexical frequency. Secondary metric: NOT_RUN_OPENALEX_DAILY_BUDGET_EXHAUSTED: shared provider response retained; no count fabricated.
FT-SEED-R1B-P-2015-17,2015,17,risk of loss and damage,administrative risk assessment,risk,D,V2,E5,"RECONSTRUCTED_FROM_REPORT; Fear of Temperature_ Stratified Lexical Expansion, Voice Mapping, and Semantic-Relational Pre-Valida.pdf; p.11; project candidate FT-SEED-R1B-P-2015-17; original visible ID not available",INTERNET_ARCHIVE_METADATA_TEXT_ITEM_COUNT,"""risk of loss and damage"" AND mediatype:texts",PHRASE_METADATA_SEARCH,COMPLETED_NONZERO,2,2,1,1,2026-08-26,https://archive.org/advancedsearch.php,EXACT_PHRASE,OPENALEX_WORK_COUNT,,Metadata text-item count; not a full-text lexical frequency. Secondary metric: NOT_RUN_OPENALEX_DAILY_BUDGET_EXHAUSTED: shared provider response retained; no count fabricated.
FT-SEED-R1B-P-2015-18,2015,18,early warning systems,generic damage,harm_loss_consequences,D,V2,E5,"RECONSTRUCTED_FROM_REPORT; Fear of Temperature_ Stratified Lexical Expansion, Voice Mapping, and Semantic-Relational Pre-Valida.pdf; p.11; project candidate FT-SEED-R1B-P-2015-18; original visible ID not available",INTERNET_ARCHIVE_METADATA_TEXT_ITEM_COUNT,"""early warning systems"" AND mediatype:texts",PHRASE_METADATA_SEARCH,COMPLETED_NONZERO,833,833,18,56,2026-08-26,https://archive.org/advancedsearch.php,EXACT_PHRASE,OPENALEX_WORK_COUNT,,Metadata text-item count; not a full-text lexical frequency. Secondary metric: NOT_RUN_OPENALEX_DAILY_BUDGET_EXHAUSTED: shared provider response retained; no count fabricated.
FT-SEED-R1B-P-2015-19,2015,19,emergency preparedness,emergency response category,crisis_emergency,D,V2,E5,"RECONSTRUCTED_FROM_REPORT; Fear of Temperature_ Stratified Lexical Expansion, Voice Mapping, and Semantic-Relational Pre-Valida.pdf; p.11; project candidate FT-SEED-R1B-P-2015-19; original visible ID not available",INTERNET_ARCHIVE_METADATA_TEXT_ITEM_COUNT,"""emergency preparedness"" AND mediatype:texts",PHRASE_METADATA_SEARCH,COMPLETED_NONZERO,1406,1406,30,100,2026-08-26,https://archive.org/advancedsearch.php,EXACT_PHRASE,OPENALEX_WORK_COUNT,,Metadata text-item count; not a full-text lexical frequency. Secondary metric: NOT_RUN_OPENALEX_DAILY_BUDGET_EXHAUSTED: shared provider response retained; no count fabricated.
FT-SEED-R1B-P-2015-20,2015,20,irreversible and permanent loss and damage,loss and damage,harm_loss_consequences,D,V2,E5,"RECONSTRUCTED_FROM_REPORT; Fear of Temperature_ Stratified Lexical Expansion, Voice Mapping, and Semantic-Relational Pre-Valida.pdf; p.11; project candidate FT-SEED-R1B-P-2015-20; original visible ID not available",INTERNET_ARCHIVE_METADATA_TEXT_ITEM_COUNT,"""irreversible and permanent loss and damage"" AND mediatype:texts",PHRASE_METADATA_SEARCH,COMPLETED_NONZERO,1,1,1,1,2026-08-26,https://archive.org/advancedsearch.php,EXACT_PHRASE,OPENALEX_WORK_COUNT,,Metadata text-item count; not a full-text lexical frequency. Secondary metric: NOT_RUN_OPENALEX_DAILY_BUDGET_EXHAUSTED: shared provider response retained; no count fabricated.
FT-SEED-R1B-P-2015-21,2015,21,comprehensive risk assessment and management,administrative risk assessment,risk,D,V2,E5,"RECONSTRUCTED_FROM_REPORT; Fear of Temperature_ Stratified Lexical Expansion, Voice Mapping, and Semantic-Relational Pre-Valida.pdf; p.11; project candidate FT-SEED-R1B-P-2015-21; original visible ID not available",INTERNET_ARCHIVE_METADATA_TEXT_ITEM_COUNT,"""comprehensive risk assessment and management"" AND mediatype:texts",PHRASE_METADATA_SEARCH,COMPLETED_NONZERO,1,1,1,1,2026-08-26,https://archive.org/advancedsearch.php,EXACT_PHRASE,OPENALEX_WORK_COUNT,,"Metadata text-item count; not a full-text lexical frequency. Secondary metric: HTTP 429: {""error"":""Rate limit exceeded"",""message"":""Insufficient budget. This request costs $0.001 but you only have $0 remaining. Resets at midnight UTC. Need more? Add funds at https://openalex.org/pricing"",""retryAfter"":63036,""costUsd"":0.001,""daily"
FT-SEED-R1B-P-2015-22,2015,22,non-economic losses,non-economic losses,harm_loss_consequences,D,V2,E5,"RECONSTRUCTED_FROM_REPORT; Fear of Temperature_ Stratified Lexical Expansion, Voice Mapping, and Semantic-Relational Pre-Valida.pdf; p.11; project candidate FT-SEED-R1B-P-2015-22; original visible ID not available",INTERNET_ARCHIVE_METADATA_TEXT_ITEM_COUNT,"""non-economic losses"" AND mediatype:texts",PHRASE_METADATA_SEARCH,COMPLETED_NONZERO,1,1,1,1,2026-08-26,https://archive.org/advancedsearch.php,EXACT_PHRASE,OPENALEX_WORK_COUNT,,Metadata text-item count; not a full-text lexical frequency. Secondary metric: NOT_RUN_OPENALEX_DAILY_BUDGET_EXHAUSTED: shared provider response retained; no count fabricated.
FT-SEED-R1B-P-2015-23,2015,23,common concern of humankind,common concern of humankind,concern_alarm,C,V2,E1,"RECONSTRUCTED_FROM_REPORT; Fear of Temperature_ Stratified Lexical Expansion, Voice Mapping, and Semantic-Relational Pre-Valida.pdf; p.11; project candidate FT-SEED-R1B-P-2015-23; original visible ID not available",INTERNET_ARCHIVE_METADATA_TEXT_ITEM_COUNT,"""common concern of humankind"" AND mediatype:texts",PHRASE_METADATA_SEARCH,COMPLETED_NONZERO,5,5,0,0,2026-08-26,https://archive.org/advancedsearch.php,EXACT_PHRASE,OPENALEX_WORK_COUNT,1078,Metadata text-item count; not a full-text lexical frequency. Secondary metric: Scholarly work discoverability count over OpenAlex search fields; not a corpus word frequency.
FT-SEED-R1B-P-2015-24,2015,24,climate justice,generic damage,harm_loss_consequences,D,V2,E5,"RECONSTRUCTED_FROM_REPORT; Fear of Temperature_ Stratified Lexical Expansion, Voice Mapping, and Semantic-Relational Pre-Valida.pdf; p.11; project candidate FT-SEED-R1B-P-2015-24; original visible ID not available",INTERNET_ARCHIVE_METADATA_TEXT_ITEM_COUNT,"""climate justice"" AND mediatype:texts",PHRASE_METADATA_SEARCH,COMPLETED_NONZERO,145,145,8,20,2026-08-26,https://archive.org/advancedsearch.php,EXACT_PHRASE,OPENALEX_WORK_COUNT,30786,Metadata text-item count; not a full-text lexical frequency. Secondary metric: Scholarly work discoverability count over OpenAlex search fields; not a corpus word frequency.
FT-SEED-R1B-P-2015-25,2015,25,very worried,participant worry endorsement,worry,C,V5,E5,"RECONSTRUCTED_FROM_REPORT; Fear of Temperature_ Stratified Lexical Expansion, Voice Mapping, and Semantic-Relational Pre-Valida.pdf; p.11; project candidate FT-SEED-R1B-P-2015-25; original visible ID not available",INTERNET_ARCHIVE_METADATA_TEXT_ITEM_COUNT,"""very worried"" AND mediatype:texts",PHRASE_METADATA_SEARCH,COMPLETED_NONZERO,131,131,2,4,2026-08-26,https://archive.org/advancedsearch.php,EXACT_PHRASE,OPENALEX_WORK_COUNT,,Metadata text-item count; not a full-text lexical frequency. Secondary metric: NOT_RUN_OPENALEX_DAILY_BUDGET_EXHAUSTED: shared provider response retained; no count fabricated.
FT-SEED-R1B-P-2015-26,2015,26,somewhat worried,participant worry endorsement,worry,C,V5,E5,"RECONSTRUCTED_FROM_REPORT; Fear of Temperature_ Stratified Lexical Expansion, Voice Mapping, and Semantic-Relational Pre-Valida.pdf; p.11; project candidate FT-SEED-R1B-P-2015-26; original visible ID not available",INTERNET_ARCHIVE_METADATA_TEXT_ITEM_COUNT,"""somewhat worried"" AND mediatype:texts",PHRASE_METADATA_SEARCH,COMPLETED_NONZERO,15,15,0,2,2026-08-26,https://archive.org/advancedsearch.php,EXACT_PHRASE,OPENALEX_WORK_COUNT,,Metadata text-item count; not a full-text lexical frequency. Secondary metric: NOT_RUN_OPENALEX_DAILY_BUDGET_EXHAUSTED: shared provider response retained; no count fabricated.
FT-SEED-R1B-P-2015-27,2015,27,very serious problem,generic damage,harm_loss_consequences,D,V5,E5,"RECONSTRUCTED_FROM_REPORT; Fear of Temperature_ Stratified Lexical Expansion, Voice Mapping, and Semantic-Relational Pre-Valida.pdf; p.11; project candidate FT-SEED-R1B-P-2015-27; original visible ID not available",INTERNET_ARCHIVE_METADATA_TEXT_ITEM_COUNT,"""very serious problem"" AND mediatype:texts",PHRASE_METADATA_SEARCH,COMPLETED_NONZERO,101,101,0,5,2026-08-26,https://archive.org/advancedsearch.php,EXACT_PHRASE,OPENALEX_WORK_COUNT,,Metadata text-item count; not a full-text lexical frequency. Secondary metric: NOT_RUN_OPENALEX_DAILY_BUDGET_EXHAUSTED: shared provider response retained; no count fabricated.
FT-SEED-R1B-P-2015-28,2015,28,harm them personally,generic damage,harm_loss_consequences,D,V5,E5,"RECONSTRUCTED_FROM_REPORT; Fear of Temperature_ Stratified Lexical Expansion, Voice Mapping, and Semantic-Relational Pre-Valida.pdf; p.11; project candidate FT-SEED-R1B-P-2015-28; original visible ID not available",INTERNET_ARCHIVE_METADATA_TEXT_ITEM_COUNT,"""harm them personally"" AND mediatype:texts",PHRASE_METADATA_SEARCH,COMPLETED_ZERO,0,0,0,0,2026-08-26,https://archive.org/advancedsearch.php,EXACT_PHRASE,OPENALEX_WORK_COUNT,,Metadata text-item count; not a full-text lexical frequency. Secondary metric: NOT_RUN_OPENALEX_DAILY_BUDGET_EXHAUSTED: shared provider response retained; no count fabricated.
FT-SEED-R1B-P-2015-29,2015,29,drought or water shortages,generic damage,harm_loss_consequences,D,V5,E5,"RECONSTRUCTED_FROM_REPORT; Fear of Temperature_ Stratified Lexical Expansion, Voice Mapping, and Semantic-Relational Pre-Valida.pdf; p.11; project candidate FT-SEED-R1B-P-2015-29; original visible ID not available",INTERNET_ARCHIVE_METADATA_TEXT_ITEM_COUNT,"""drought or water shortages"" AND mediatype:texts",PHRASE_METADATA_SEARCH,COMPLETED_NONZERO,1,1,1,1,2026-08-26,https://archive.org/advancedsearch.php,EXACT_PHRASE,OPENALEX_WORK_COUNT,,Metadata text-item count; not a full-text lexical frequency. Secondary metric: NOT_RUN_OPENALEX_DAILY_BUDGET_EXHAUSTED: shared provider response retained; no count fabricated.
FT-SEED-R1B-P-2015-30,2015,30,We are nature defending itself,personal concern,concern_alarm,C,V4,E5,"RECONSTRUCTED_FROM_REPORT; Fear of Temperature_ Stratified Lexical Expansion, Voice Mapping, and Semantic-Relational Pre-Valida.pdf; p.11; project candidate FT-SEED-R1B-P-2015-30; original visible ID not available",INTERNET_ARCHIVE_METADATA_TEXT_ITEM_COUNT,"""We are nature defending itself"" AND mediatype:texts",PHRASE_METADATA_SEARCH,COMPLETED_ZERO,0,0,0,0,2026-08-26,https://archive.org/advancedsearch.php,EXACT_PHRASE,OPENALEX_WORK_COUNT,,Metadata text-item count; not a full-text lexical frequency. Secondary metric: NOT_RUN_OPENALEX_DAILY_BUDGET_EXHAUSTED: shared provider response retained; no count fabricated.
FT-SEED-R1B-P-2022-01,2022,1,climate change,modern climate change,climate,B,V5,E5,"RECONSTRUCTED_FROM_REPORT; Fear of Temperature_ Stratified Lexical Expansion, Voice Mapping, and Semantic-Relational Pre-Valida.pdf; p.12; project candidate FT-SEED-R1B-P-2022-01; original visible ID not available",INTERNET_ARCHIVE_METADATA_TEXT_ITEM_COUNT,"""climate change"" AND mediatype:texts",PHRASE_METADATA_SEARCH,COMPLETED_NONZERO,30525,30525,656,1334,2026-08-26,https://archive.org/advancedsearch.php,EXACT_PHRASE,OPENALEX_WORK_COUNT,2549592,Metadata text-item count; not a full-text lexical frequency. Secondary metric: Scholarly work discoverability count over OpenAlex search fields; not a corpus word frequency.
FT-SEED-R1B-P-2022-02,2022,2,global warming,global warming as issue label,warming,A,V5,E5,"RECONSTRUCTED_FROM_REPORT; Fear of Temperature_ Stratified Lexical Expansion, Voice Mapping, and Semantic-Relational Pre-Valida.pdf; p.12; project candidate FT-SEED-R1B-P-2022-02; original visible ID not available",INTERNET_ARCHIVE_METADATA_TEXT_ITEM_COUNT,"""global warming"" AND mediatype:texts",PHRASE_METADATA_SEARCH,COMPLETED_NONZERO,5619,5619,11,123,2026-08-26,https://archive.org/advancedsearch.php,EXACT_PHRASE,OPENALEX_WORK_COUNT,,Metadata text-item count; not a full-text lexical frequency. Secondary metric: NOT_RUN_OPENALEX_DAILY_BUDGET_EXHAUSTED: shared provider response retained; no count fabricated.
FT-SEED-R1B-P-2022-03,2022,3,very worried,participant worry endorsement,worry,C,V5,E3,"RECONSTRUCTED_FROM_REPORT; Fear of Temperature_ Stratified Lexical Expansion, Voice Mapping, and Semantic-Relational Pre-Valida.pdf; p.12; project candidate FT-SEED-R1B-P-2022-03; original visible ID not available",INTERNET_ARCHIVE_METADATA_TEXT_ITEM_COUNT,"""very worried"" AND mediatype:texts",PHRASE_METADATA_SEARCH,COMPLETED_NONZERO,131,131,2,4,2026-08-26,https://archive.org/advancedsearch.php,EXACT_PHRASE,OPENALEX_WORK_COUNT,,Metadata text-item count; not a full-text lexical frequency. Secondary metric: NOT_RUN_OPENALEX_DAILY_BUDGET_EXHAUSTED: shared provider response retained; no count fabricated.
FT-SEED-R1B-P-2022-04,2022,4,somewhat worried,participant worry endorsement,worry,C,V5,E5,"RECONSTRUCTED_FROM_REPORT; Fear of Temperature_ Stratified Lexical Expansion, Voice Mapping, and Semantic-Relational Pre-Valida.pdf; p.12; project candidate FT-SEED-R1B-P-2022-04; original visible ID not available",INTERNET_ARCHIVE_METADATA_TEXT_ITEM_COUNT,"""somewhat worried"" AND mediatype:texts",PHRASE_METADATA_SEARCH,COMPLETED_NONZERO,15,15,0,2,2026-08-26,https://archive.org/advancedsearch.php,EXACT_PHRASE,OPENALEX_WORK_COUNT,,Metadata text-item count; not a full-text lexical frequency. Secondary metric: NOT_RUN_OPENALEX_DAILY_BUDGET_EXHAUSTED: shared provider response retained; no count fabricated.
FT-SEED-R1B-P-2022-05,2022,5,afraid,participant afraid endorsement,fear_afraid,C,V5,E5,"RECONSTRUCTED_FROM_REPORT; Fear of Temperature_ Stratified Lexical Expansion, Voice Mapping, and Semantic-Relational Pre-Valida.pdf; p.12; project candidate FT-SEED-R1B-P-2022-05; original visible ID not available",INTERNET_ARCHIVE_METADATA_TEXT_ITEM_COUNT,"""afraid"" AND mediatype:texts",PHRASE_METADATA_SEARCH,COMPLETED_NONZERO,9411,9411,44,125,2026-08-26,https://archive.org/advancedsearch.php,EXACT_PHRASE,OPENALEX_WORK_COUNT,559397,Metadata text-item count; not a full-text lexical frequency. Secondary metric: Scholarly work discoverability count over OpenAlex search fields; not a corpus word frequency.
FT-SEED-R1B-P-2022-06,2022,6,anxious,anxious affect,anxiety,C,V5,E5,"RECONSTRUCTED_FROM_REPORT; Fear of Temperature_ Stratified Lexical Expansion, Voice Mapping, and Semantic-Relational Pre-Valida.pdf; p.12; project candidate FT-SEED-R1B-P-2022-06; original visible ID not available",INTERNET_ARCHIVE_METADATA_TEXT_ITEM_COUNT,"""anxious"" AND mediatype:texts",PHRASE_METADATA_SEARCH,COMPLETED_NONZERO,9274,9274,43,124,2026-08-26,https://archive.org/advancedsearch.php,EXACT_PHRASE,OPENALEX_WORK_COUNT,557474,Metadata text-item count; not a full-text lexical frequency. Secondary metric: Scholarly work discoverability count over OpenAlex search fields; not a corpus word frequency.
FT-SEED-R1B-P-2022-07,2022,7,hopeless,depressed affect,distress_depression,C,V5,E5,"RECONSTRUCTED_FROM_REPORT; Fear of Temperature_ Stratified Lexical Expansion, Voice Mapping, and Semantic-Relational Pre-Valida.pdf; p.12; project candidate FT-SEED-R1B-P-2022-07; original visible ID not available",INTERNET_ARCHIVE_METADATA_TEXT_ITEM_COUNT,"""hopeless"" AND mediatype:texts",PHRASE_METADATA_SEARCH,COMPLETED_NONZERO,2257,2257,15,36,2026-08-26,https://archive.org/advancedsearch.php,EXACT_PHRASE,OPENALEX_WORK_COUNT,,Metadata text-item count; not a full-text lexical frequency. Secondary metric: NOT_RUN_OPENALEX_DAILY_BUDGET_EXHAUSTED: shared provider response retained; no count fabricated.
FT-SEED-R1B-P-2022-08,2022,8,sad,depressed affect,distress_depression,C,V5,E5,"RECONSTRUCTED_FROM_REPORT; Fear of Temperature_ Stratified Lexical Expansion, Voice Mapping, and Semantic-Relational Pre-Valida.pdf; p.12; project candidate FT-SEED-R1B-P-2022-08; original visible ID not available",INTERNET_ARCHIVE_METADATA_TEXT_ITEM_COUNT,"""sad"" AND mediatype:texts",PHRASE_METADATA_SEARCH,COMPLETED_NONZERO,21781,21781,87,272,2026-08-26,https://archive.org/advancedsearch.php,EXACT_PHRASE,OPENALEX_WORK_COUNT,,Metadata text-item count; not a full-text lexical frequency. Secondary metric: NOT_RUN_OPENALEX_DAILY_BUDGET_EXHAUSTED: shared provider response retained; no count fabricated.
FT-SEED-R1B-P-2022-09,2022,9,angry,depressed affect,distress_depression,C,V5,E5,"RECONSTRUCTED_FROM_REPORT; Fear of Temperature_ Stratified Lexical Expansion, Voice Mapping, and Semantic-Relational Pre-Valida.pdf; p.13; project candidate FT-SEED-R1B-P-2022-09; original visible ID not available",INTERNET_ARCHIVE_METADATA_TEXT_ITEM_COUNT,"""angry"" AND mediatype:texts",PHRASE_METADATA_SEARCH,COMPLETED_NONZERO,8245,8245,34,113,2026-08-26,https://archive.org/advancedsearch.php,EXACT_PHRASE,OPENALEX_WORK_COUNT,382339,Metadata text-item count; not a full-text lexical frequency. Secondary metric: Scholarly work discoverability count over OpenAlex search fields; not a corpus word frequency.
FT-SEED-R1B-P-2022-10,2022,10,frustrated,depressed affect,distress_depression,C,V5,E5,"RECONSTRUCTED_FROM_REPORT; Fear of Temperature_ Stratified Lexical Expansion, Voice Mapping, and Semantic-Relational Pre-Valida.pdf; p.13; project candidate FT-SEED-R1B-P-2022-10; original visible ID not available",INTERNET_ARCHIVE_METADATA_TEXT_ITEM_COUNT,"""frustrated"" AND mediatype:texts",PHRASE_METADATA_SEARCH,COMPLETED_NONZERO,6866,6866,18,42,2026-08-26,https://archive.org/advancedsearch.php,EXACT_PHRASE,OPENALEX_WORK_COUNT,,Metadata text-item count; not a full-text lexical frequency. Secondary metric: NOT_RUN_OPENALEX_DAILY_BUDGET_EXHAUSTED: shared provider response retained; no count fabricated.
FT-SEED-R1B-P-2022-11,2022,11,hopeful,personal concern,concern_alarm,C,V5,E5,"RECONSTRUCTED_FROM_REPORT; Fear of Temperature_ Stratified Lexical Expansion, Voice Mapping, and Semantic-Relational Pre-Valida.pdf; p.12; project candidate FT-SEED-R1B-P-2022-11; original visible ID not available",INTERNET_ARCHIVE_METADATA_TEXT_ITEM_COUNT,"""hopeful"" AND mediatype:texts",PHRASE_METADATA_SEARCH,COMPLETED_NONZERO,4932,4932,17,66,2026-08-26,https://archive.org/advancedsearch.php,EXACT_PHRASE,OPENALEX_WORK_COUNT,,Metadata text-item count; not a full-text lexical frequency. Secondary metric: NOT_RUN_OPENALEX_DAILY_BUDGET_EXHAUSTED: shared provider response retained; no count fabricated.
FT-SEED-R1B-P-2022-12,2022,12,disgusted,depressed affect,distress_depression,C,V5,E5,"RECONSTRUCTED_FROM_REPORT; Fear of Temperature_ Stratified Lexical Expansion, Voice Mapping, and Semantic-Relational Pre-Valida.pdf; p.12; project candidate FT-SEED-R1B-P-2022-12; original visible ID not available",INTERNET_ARCHIVE_METADATA_TEXT_ITEM_COUNT,"""disgusted"" AND mediatype:texts",PHRASE_METADATA_SEARCH,COMPLETED_NONZERO,556,556,1,9,2026-08-26,https://archive.org/advancedsearch.php,EXACT_PHRASE,OPENALEX_WORK_COUNT,,Metadata text-item count; not a full-text lexical frequency. Secondary metric: NOT_RUN_OPENALEX_DAILY_BUDGET_EXHAUSTED: shared provider response retained; no count fabricated.
FT-SEED-R1B-P-2022-13,2022,13,outraged,depressed affect,distress_depression,C,V5,E5,"RECONSTRUCTED_FROM_REPORT; Fear of Temperature_ Stratified Lexical Expansion, Voice Mapping, and Semantic-Relational Pre-Valida.pdf; p.12; project candidate FT-SEED-R1B-P-2022-13; original visible ID not available",INTERNET_ARCHIVE_METADATA_TEXT_ITEM_COUNT,"""outraged"" AND mediatype:texts",PHRASE_METADATA_SEARCH,COMPLETED_NONZERO,1006,1006,1,7,2026-08-26,https://archive.org/advancedsearch.php,EXACT_PHRASE,OPENALEX_WORK_COUNT,,Metadata text-item count; not a full-text lexical frequency. Secondary metric: NOT_RUN_OPENALEX_DAILY_BUDGET_EXHAUSTED: shared provider response retained; no count fabricated.
FT-SEED-R1B-P-2022-14,2022,14,depressed,depressed affect,distress_depression,C,V5,E5,"RECONSTRUCTED_FROM_REPORT; Fear of Temperature_ Stratified Lexical Expansion, Voice Mapping, and Semantic-Relational Pre-Valida.pdf; p.12; project candidate FT-SEED-R1B-P-2022-14; original visible ID not available",INTERNET_ARCHIVE_METADATA_TEXT_ITEM_COUNT,"""depressed"" AND mediatype:texts",PHRASE_METADATA_SEARCH,COMPLETED_NONZERO,6441,6441,34,85,2026-08-26,https://archive.org/advancedsearch.php,EXACT_PHRASE,OPENALEX_WORK_COUNT,,Metadata text-item count; not a full-text lexical frequency. Secondary metric: NOT_RUN_OPENALEX_DAILY_BUDGET_EXHAUSTED: shared provider response retained; no count fabricated.
FT-SEED-R1B-P-2022-15,2022,15,symptoms of anxiety,anxiety symptom measure,anxiety,C,V5,E5,"RECONSTRUCTED_FROM_REPORT; Fear of Temperature_ Stratified Lexical Expansion, Voice Mapping, and Semantic-Relational Pre-Valida.pdf; p.12; project candidate FT-SEED-R1B-P-2022-15; original visible ID not available",INTERNET_ARCHIVE_METADATA_TEXT_ITEM_COUNT,"""symptoms of anxiety"" AND mediatype:texts",PHRASE_METADATA_SEARCH,COMPLETED_NONZERO,96,96,3,5,2026-08-26,https://archive.org/advancedsearch.php,EXACT_PHRASE,OPENALEX_WORK_COUNT,,Metadata text-item count; not a full-text lexical frequency. Secondary metric: NOT_RUN_OPENALEX_DAILY_BUDGET_EXHAUSTED: shared provider response retained; no count fabricated.
FT-SEED-R1B-P-2022-16,2022,16,climate anxiety,climate anxiety research construct,anxiety,C,V1,E4,"RECONSTRUCTED_FROM_REPORT; Fear of Temperature_ Stratified Lexical Expansion, Voice Mapping, and Semantic-Relational Pre-Valida.pdf; p.12; project candidate FT-SEED-R1B-P-2022-16; original visible ID not available",INTERNET_ARCHIVE_METADATA_TEXT_ITEM_COUNT,"""climate anxiety"" AND mediatype:texts",PHRASE_METADATA_SEARCH,COMPLETED_NONZERO,17,17,2,4,2026-08-26,https://archive.org/advancedsearch.php,EXACT_PHRASE,OPENALEX_WORK_COUNT,5945,Metadata text-item count; not a full-text lexical frequency. Secondary metric: Scholarly work discoverability count over OpenAlex search fields; not a corpus word frequency.
FT-SEED-R1B-P-2022-17,2022,17,eco-anxiety,eco-anxiety research construct,anxiety,C,V1,E5,"RECONSTRUCTED_FROM_REPORT; Fear of Temperature_ Stratified Lexical Expansion, Voice Mapping, and Semantic-Relational Pre-Valida.pdf; p.12; project candidate FT-SEED-R1B-P-2022-17; original visible ID not available",INTERNET_ARCHIVE_METADATA_TEXT_ITEM_COUNT,"""eco-anxiety"" AND mediatype:texts",PHRASE_METADATA_SEARCH,COMPLETED_NONZERO,23,23,1,3,2026-08-26,https://archive.org/advancedsearch.php,EXACT_PHRASE,OPENALEX_WORK_COUNT,,Metadata text-item count; not a full-text lexical frequency. Secondary metric: NOT_RUN_OPENALEX_DAILY_BUDGET_EXHAUSTED: shared provider response retained; no count fabricated.
FT-SEED-R1B-P-2022-18,2022,18,psychological distress,psychological distress,distress_depression,C,V1,E5,"RECONSTRUCTED_FROM_REPORT; Fear of Temperature_ Stratified Lexical Expansion, Voice Mapping, and Semantic-Relational Pre-Valida.pdf; p.12; project candidate FT-SEED-R1B-P-2022-18; original visible ID not available",INTERNET_ARCHIVE_METADATA_TEXT_ITEM_COUNT,"""psychological distress"" AND mediatype:texts",PHRASE_METADATA_SEARCH,COMPLETED_NONZERO,694,694,15,44,2026-08-26,https://archive.org/advancedsearch.php,EXACT_PHRASE,OPENALEX_WORK_COUNT,,Metadata text-item count; not a full-text lexical frequency. Secondary metric: NOT_RUN_OPENALEX_DAILY_BUDGET_EXHAUSTED: shared provider response retained; no count fabricated.
FT-SEED-R1B-P-2022-19,2022,19,distress,psychological distress,distress_depression,C,V1,E5,"RECONSTRUCTED_FROM_REPORT; Fear of Temperature_ Stratified Lexical Expansion, Voice Mapping, and Semantic-Relational Pre-Valida.pdf; p.13; project candidate FT-SEED-R1B-P-2022-19; original visible ID not available",INTERNET_ARCHIVE_METADATA_TEXT_ITEM_COUNT,"""distress"" AND mediatype:texts",PHRASE_METADATA_SEARCH,COMPLETED_NONZERO,10884,10884,76,244,2026-08-26,https://archive.org/advancedsearch.php,EXACT_PHRASE,OPENALEX_WORK_COUNT,,Metadata text-item count; not a full-text lexical frequency. Secondary metric: NOT_RUN_OPENALEX_DAILY_BUDGET_EXHAUSTED: shared provider response retained; no count fabricated.
FT-SEED-R1B-P-2022-20,2022,20,powerlessness,depressed affect,distress_depression,C,V1,E5,"RECONSTRUCTED_FROM_REPORT; Fear of Temperature_ Stratified Lexical Expansion, Voice Mapping, and Semantic-Relational Pre-Valida.pdf; p.13; project candidate FT-SEED-R1B-P-2022-20; original visible ID not available",INTERNET_ARCHIVE_METADATA_TEXT_ITEM_COUNT,"""powerlessness"" AND mediatype:texts",PHRASE_METADATA_SEARCH,COMPLETED_NONZERO,575,575,3,12,2026-08-26,https://archive.org/advancedsearch.php,EXACT_PHRASE,OPENALEX_WORK_COUNT,,Metadata text-item count; not a full-text lexical frequency. Secondary metric: NOT_RUN_OPENALEX_DAILY_BUDGET_EXHAUSTED: shared provider response retained; no count fabricated.
FT-SEED-R1B-P-2022-21,2022,21,guilt,depressed affect,distress_depression,C,V1,E5,"RECONSTRUCTED_FROM_REPORT; Fear of Temperature_ Stratified Lexical Expansion, Voice Mapping, and Semantic-Relational Pre-Valida.pdf; p.12; project candidate FT-SEED-R1B-P-2022-21; original visible ID not available",INTERNET_ARCHIVE_METADATA_TEXT_ITEM_COUNT,"""guilt"" AND mediatype:texts",PHRASE_METADATA_SEARCH,COMPLETED_NONZERO,8299,8299,24,86,2026-08-26,https://archive.org/advancedsearch.php,EXACT_PHRASE,OPENALEX_WORK_COUNT,,Metadata text-item count; not a full-text lexical frequency. Secondary metric: NOT_RUN_OPENALEX_DAILY_BUDGET_EXHAUSTED: shared provider response retained; no count fabricated.
FT-SEED-R1B-P-2022-22,2022,22,heatwaves,heatwave / weather event,heat,A,V1,E5,"RECONSTRUCTED_FROM_REPORT; Fear of Temperature_ Stratified Lexical Expansion, Voice Mapping, and Semantic-Relational Pre-Valida.pdf; p.12; project candidate FT-SEED-R1B-P-2022-22; original visible ID not available",INTERNET_ARCHIVE_METADATA_TEXT_ITEM_COUNT,"""heatwaves"" AND mediatype:texts",PHRASE_METADATA_SEARCH,COMPLETED_NONZERO,115,115,15,26,2026-08-26,https://archive.org/advancedsearch.php,EXACT_PHRASE,OPENALEX_WORK_COUNT,,Metadata text-item count; not a full-text lexical frequency. Secondary metric: NOT_RUN_OPENALEX_DAILY_BUDGET_EXHAUSTED: shared provider response retained; no count fabricated.
FT-SEED-R1B-P-2022-23,2022,23,heat-related mortality,extreme-heat hazard,heat,D,V1,E5,"RECONSTRUCTED_FROM_REPORT; Fear of Temperature_ Stratified Lexical Expansion, Voice Mapping, and Semantic-Relational Pre-Valida.pdf; p.12; project candidate FT-SEED-R1B-P-2022-23; original visible ID not available",INTERNET_ARCHIVE_METADATA_TEXT_ITEM_COUNT,"""heat-related mortality"" AND mediatype:texts",PHRASE_METADATA_SEARCH,COMPLETED_NONZERO,25,25,1,1,2026-08-26,https://archive.org/advancedsearch.php,EXACT_PHRASE,OPENALEX_WORK_COUNT,,Metadata text-item count; not a full-text lexical frequency. Secondary metric: NOT_RUN_OPENALEX_DAILY_BUDGET_EXHAUSTED: shared provider response retained; no count fabricated.
FT-SEED-R1B-P-2022-24,2022,24,mental health challenges,generic damage,harm_loss_consequences,D,V1,E5,"RECONSTRUCTED_FROM_REPORT; Fear of Temperature_ Stratified Lexical Expansion, Voice Mapping, and Semantic-Relational Pre-Valida.pdf; p.12; project candidate FT-SEED-R1B-P-2022-24; original visible ID not available",INTERNET_ARCHIVE_METADATA_TEXT_ITEM_COUNT,"""mental health challenges"" AND mediatype:texts",PHRASE_METADATA_SEARCH,COMPLETED_NONZERO,134,134,4,23,2026-08-26,https://archive.org/advancedsearch.php,EXACT_PHRASE,OPENALEX_WORK_COUNT,,Metadata text-item count; not a full-text lexical frequency. Secondary metric: NOT_RUN_OPENALEX_DAILY_BUDGET_EXHAUSTED: shared provider response retained; no count fabricated.
FT-SEED-R1B-P-2022-25,2022,25,anxiety and stress,anxiety symptom measure,anxiety,C,V1,E5,"RECONSTRUCTED_FROM_REPORT; Fear of Temperature_ Stratified Lexical Expansion, Voice Mapping, and Semantic-Relational Pre-Valida.pdf; p.12; project candidate FT-SEED-R1B-P-2022-25; original visible ID not available",INTERNET_ARCHIVE_METADATA_TEXT_ITEM_COUNT,"""anxiety and stress"" AND mediatype:texts",PHRASE_METADATA_SEARCH,COMPLETED_NONZERO,256,256,9,34,2026-08-26,https://archive.org/advancedsearch.php,EXACT_PHRASE,OPENALEX_WORK_COUNT,122176,Metadata text-item count; not a full-text lexical frequency. Secondary metric: Scholarly work discoverability count over OpenAlex search fields; not a corpus word frequency.
FT-SEED-R1B-P-2022-26,2022,26,ill health,generic damage,harm_loss_consequences,D,V1,E5,"RECONSTRUCTED_FROM_REPORT; Fear of Temperature_ Stratified Lexical Expansion, Voice Mapping, and Semantic-Relational Pre-Valida.pdf; p.12; project candidate FT-SEED-R1B-P-2022-26; original visible ID not available",INTERNET_ARCHIVE_METADATA_TEXT_ITEM_COUNT,"""ill health"" AND mediatype:texts",PHRASE_METADATA_SEARCH,COMPLETED_NONZERO,1084,1084,2,12,2026-08-26,https://archive.org/advancedsearch.php,EXACT_PHRASE,OPENALEX_WORK_COUNT,,Metadata text-item count; not a full-text lexical frequency. Secondary metric: NOT_RUN_OPENALEX_DAILY_BUDGET_EXHAUSTED: shared provider response retained; no count fabricated.
FT-SEED-R1B-P-2022-27,2022,27,premature deaths,mortality,harm_loss_consequences,D,V1,E5,"RECONSTRUCTED_FROM_REPORT; Fear of Temperature_ Stratified Lexical Expansion, Voice Mapping, and Semantic-Relational Pre-Valida.pdf; p.12; project candidate FT-SEED-R1B-P-2022-27; original visible ID not available",INTERNET_ARCHIVE_METADATA_TEXT_ITEM_COUNT,"""premature deaths"" AND mediatype:texts",PHRASE_METADATA_SEARCH,COMPLETED_NONZERO,61,61,5,7,2026-08-26,https://archive.org/advancedsearch.php,EXACT_PHRASE,OPENALEX_WORK_COUNT,,Metadata text-item count; not a full-text lexical frequency. Secondary metric: NOT_RUN_OPENALEX_DAILY_BUDGET_EXHAUSTED: shared provider response retained; no count fabricated.
FT-SEED-R1B-P-2022-28,2022,28,very serious threat,institutional climate threat,danger_threat,D,V5,E5,"RECONSTRUCTED_FROM_REPORT; Fear of Temperature_ Stratified Lexical Expansion, Voice Mapping, and Semantic-Relational Pre-Valida.pdf; p.12; project candidate FT-SEED-R1B-P-2022-28; original visible ID not available",INTERNET_ARCHIVE_METADATA_TEXT_ITEM_COUNT,"""very serious threat"" AND mediatype:texts",PHRASE_METADATA_SEARCH,COMPLETED_NONZERO,19,19,1,1,2026-08-26,https://archive.org/advancedsearch.php,EXACT_PHRASE,OPENALEX_WORK_COUNT,,Metadata text-item count; not a full-text lexical frequency. Secondary metric: NOT_RUN_OPENALEX_DAILY_BUDGET_EXHAUSTED: shared provider response retained; no count fabricated.
FT-SEED-R1B-P-2022-29,2022,29,harm future generations,future-generation harm,harm_loss_consequences,D,V5,E5,"RECONSTRUCTED_FROM_REPORT; Fear of Temperature_ Stratified Lexical Expansion, Voice Mapping, and Semantic-Relational Pre-Valida.pdf; p.13; project candidate FT-SEED-R1B-P-2022-29; original visible ID not available",INTERNET_ARCHIVE_METADATA_TEXT_ITEM_COUNT,"""harm future generations"" AND mediatype:texts",PHRASE_METADATA_SEARCH,COMPLETED_ZERO,0,0,0,0,2026-08-26,https://archive.org/advancedsearch.php,EXACT_PHRASE,OPENALEX_WORK_COUNT,,Metadata text-item count; not a full-text lexical frequency. Secondary metric: NOT_RUN_OPENALEX_DAILY_BUDGET_EXHAUSTED: shared provider response retained; no count fabricated.
FT-SEED-R1B-P-2022-30,2022,30,climate crisis,climate crisis issue label,crisis_emergency,D,V4,E5,"RECONSTRUCTED_FROM_REPORT; Fear of Temperature_ Stratified Lexical Expansion, Voice Mapping, and Semantic-Relational Pre-Valida.pdf; p.13; project candidate FT-SEED-R1B-P-2022-30; original visible ID not available",INTERNET_ARCHIVE_METADATA_TEXT_ITEM_COUNT,"""climate crisis"" AND mediatype:texts",PHRASE_METADATA_SEARCH,COMPLETED_NONZERO,439,439,40,114,2026-08-26,https://archive.org/advancedsearch.php,EXACT_PHRASE,OPENALEX_WORK_COUNT,78120,Metadata text-item count; not a full-text lexical frequency. Secondary metric: Scholarly work discoverability count over OpenAlex search fields; not a corpus word frequency.
