source_id,request_id,purpose,status,http_status,raw_bytes,started_at,retrieved_at,raw_sha256,raw_reference,api_quota_remaining,api_backoff,error
se_sustainability,00c26b8497b1a1641b292112,content,saved,200,138224,2026-10-09T02:59:43.059851+00:00,2026-10-09T02:59:44.433439+00:00,5e868e81572236344bbba8dc2c2a05aed7476cdd8e5630890170a22b27723c9d,work_packages/M1_source_access/27_newspaper_context_recovery_20261008/social_public_api/continuations/20261009_public_native_expansion/worker/raw/00c26b8497b1a1641b292112.bin.gz,246,,
python_discourse,00ebac28d4f0032b24ace1aa,content,saved,200,16897,2026-10-09T03:59:55.667814+00:00,2026-10-09T03:59:57.209491+00:00,125593100f1b3cced3eded7ee5e9d3e998c1d11db6b8633c4f6cf051b8e4d01b,work_packages/M1_source_access/27_newspaper_context_recovery_20261008/social_public_api/continuations/20261009_public_native_expansion/worker/raw/00ebac28d4f0032b24ace1aa.bin.gz,,,
bluesky,0117490f6a6b30fc3f863022,content,saved,200,619452,2026-10-09T03:49:19.612390+00:00,2026-10-09T03:49:21.872857+00:00,5a40a2c05eed76825e28846e5615551531b250f101114e2066de27805c10e197,work_packages/M1_source_access/27_newspaper_context_recovery_20261008/social_public_api/continuations/20261009_public_native_expansion/worker/raw/0117490f6a6b30fc3f863022.bin.gz,,,
bluesky,01238417d7a1602e127a8ec1,content,saved,200,11,2026-10-09T03:15:57.156514+00:00,2026-10-09T03:15:58.410448+00:00,ff620ad62f8de5fbc1a439d6cfe08cd5bd3583d045bd998ffd8458857a70248a,work_packages/M1_source_access/27_newspaper_context_recovery_20261008/social_public_api/continuations/20261009_public_native_expansion/worker/raw/01238417d7a1602e127a8ec1.bin.gz,,,
python_discourse,01605401001e32b9ad77df94,content,saved,200,25169,2026-10-09T02:58:39.106365+00:00,2026-10-09T02:58:41.049657+00:00,df185bc9e7cdd22b86b848035fd78570027177e644ca105ca1118709f9d3045d,work_packages/M1_source_access/27_newspaper_context_recovery_20261008/social_public_api/continuations/20261009_public_native_expansion/worker/raw/01605401001e32b9ad77df94.bin.gz,,,
se_sustainability,02081d2bd5fe6cc2c88a2d69,content,saved,200,276636,2026-10-09T03:48:22.087473+00:00,2026-10-09T03:48:23.231270+00:00,da7410907104d3902c0494c68350f2e63bd967f9ba94326cbed0383c60993afb,work_packages/M1_source_access/27_newspaper_context_recovery_20261008/social_public_api/continuations/20261009_public_native_expansion/worker/raw/02081d2bd5fe6cc2c88a2d69.bin.gz,227,,
monzo_uk,024767f276c9f7da79addd57,source_metadata,saved,200,8685,2026-10-09T03:03:51.105418+00:00,2026-10-09T03:03:54.345909+00:00,c08fd2b77a2c1d9dfb47e95cfa0f041d95902ffdc3a037611c2b1ec10854df25,work_packages/M1_source_access/27_newspaper_context_recovery_20261008/social_public_api/continuations/20261009_public_native_expansion/worker/raw/024767f276c9f7da79addd57.bin.gz,,,
bluesky,02588e61b15ca6d8587eada9,content,saved,200,525321,2026-10-09T03:58:16.259069+00:00,2026-10-09T03:58:18.623318+00:00,5a01552334479ec6d8a806af260112a32c49c5a1422b8c9eecb2f6299201e268,work_packages/M1_source_access/27_newspaper_context_recovery_20261008/social_public_api/continuations/20261009_public_native_expansion/worker/raw/02588e61b15ca6d8587eada9.bin.gz,,,
bluesky,0277dc40a3f58849b1c3934e,content,saved,200,504286,2026-10-09T03:24:05.312249+00:00,2026-10-09T03:24:07.351515+00:00,57f5b95bd88e6ba8c3630d00b103e6af258d25aa8f782815ff1cd190a29a4da4,work_packages/M1_source_access/27_newspaper_context_recovery_20261008/social_public_api/continuations/20261009_public_native_expansion/worker/raw/0277dc40a3f58849b1c3934e.bin.gz,,,
python_discourse,02a7afc80e1665a922964eaa,content,saved,200,37061,2026-10-09T02:56:03.200944+00:00,2026-10-09T02:56:04.831456+00:00,6ee2f0c77315c420fbc9b8a5f455e8cc62044d54536abf75ca100be0432cd775,work_packages/M1_source_access/27_newspaper_context_recovery_20261008/social_public_api/continuations/20261009_public_native_expansion/worker/raw/02a7afc80e1665a922964eaa.bin.gz,,,
bluesky,02bba7a83109be8016b81834,content,saved,200,609756,2026-10-09T04:02:08.465860+00:00,2026-10-09T04:02:10.702674+00:00,e9512ee0f3ee3cca8c02243e0cf8c91d0f450ab195ce7c3c2012badcc0c106cb,work_packages/M1_source_access/27_newspaper_context_recovery_20261008/social_public_api/continuations/20261009_public_native_expansion/worker/raw/02bba7a83109be8016b81834.bin.gz,,,
mastodon_us,0301f6e100d2c6e9b63dddfe,content,saved,200,159525,2026-10-09T03:59:40.805856+00:00,2026-10-09T03:59:43.299801+00:00,47a272d898cf14e53f7eefdfef615c1c0eca22c1f16f18431abc1c38048e290c,work_packages/M1_source_access/27_newspaper_context_recovery_20261008/social_public_api/continuations/20261009_public_native_expansion/worker/raw/0301f6e100d2c6e9b63dddfe.bin.gz,,,
bluesky,032544c84448967f08cbede4,content,saved,200,11,2026-10-09T03:16:48.404191+00:00,2026-10-09T03:16:49.750403+00:00,ff620ad62f8de5fbc1a439d6cfe08cd5bd3583d045bd998ffd8458857a70248a,work_packages/M1_source_access/27_newspaper_context_recovery_20261008/social_public_api/continuations/20261009_public_native_expansion/worker/raw/032544c84448967f08cbede4.bin.gz,,,
straight_dope,037d88c31875d8316c513d1e,content,saved,200,59287,2026-10-09T02:57:44.431100+00:00,2026-10-09T02:57:46.179147+00:00,57b14b2584d3d4b8575a9ac6b9966d9c10fc1a398b1639870f0c4fc4dbceca30,work_packages/M1_source_access/27_newspaper_context_recovery_20261008/social_public_api/continuations/20261009_public_native_expansion/worker/raw/037d88c31875d8316c513d1e.bin.gz,,,
bluesky,041b523d0ed72fc35d97160b,content,saved,200,567477,2026-10-09T03:35:25.072471+00:00,2026-10-09T03:35:26.903463+00:00,7d2c71f7556719069ccb63681c8b8e9cbf1430ef63f99c662ad2c5d408ad03a9,work_packages/M1_source_access/27_newspaper_context_recovery_20261008/social_public_api/continuations/20261009_public_native_expansion/worker/raw/041b523d0ed72fc35d97160b.bin.gz,,,
bluesky,04703c9daf4c45057d932ce9,content,saved,200,671149,2026-10-09T04:01:53.716770+00:00,2026-10-09T04:01:56.196225+00:00,d539ec4c8a9831fa3a7d96ab79871df1f61f0588b215fb88fddbe785b7dab037,work_packages/M1_source_access/27_newspaper_context_recovery_20261008/social_public_api/continuations/20261009_public_native_expansion/worker/raw/04703c9daf4c45057d932ce9.bin.gz,,,
straight_dope,04b1264d66434850acb484f6,content,saved,200,28536,2026-10-09T04:09:05.587236+00:00,2026-10-09T04:09:07.791514+00:00,acd9a38e29e48ce51e11530f6faf9db88b09bf90a669db7d8bbd77573dee493b,work_packages/M1_source_access/27_newspaper_context_recovery_20261008/social_public_api/continuations/20261009_public_native_expansion/worker/raw/04b1264d66434850acb484f6.bin.gz,,,
straight_dope,04c326ac1ab0e6b8b9260be6,content,saved,200,28156,2026-10-09T04:17:58.155569+00:00,2026-10-09T04:18:00.343155+00:00,150090f9cd6365ad65d0cb3b14ddfeec9201de59618df56bd354b907145f293c,work_packages/M1_source_access/27_newspaper_context_recovery_20261008/social_public_api/continuations/20261009_public_native_expansion/worker/raw/04c326ac1ab0e6b8b9260be6.bin.gz,,,
mastodon_uk,04e73ca5e798bfe1ca393ce0,content,saved,200,142986,2026-10-09T03:53:31.096231+00:00,2026-10-09T03:53:35.274845+00:00,fc56502c9e7c21c6cec580027fe6375b529e468f1849d50e81a1345baaabf5ce,work_packages/M1_source_access/27_newspaper_context_recovery_20261008/social_public_api/continuations/20261009_public_native_expansion/worker/raw/04e73ca5e798bfe1ca393ce0.bin.gz,,,
python_discourse,0505b98b4f9e706f6d76a37f,content,saved,200,31970,2026-10-09T04:13:31.214869+00:00,2026-10-09T04:13:33.511481+00:00,9c7f1261d5ecb7757b370cbfeeed23f72ac41a4da8619f3015891bf36d7f4621,work_packages/M1_source_access/27_newspaper_context_recovery_20261008/social_public_api/continuations/20261009_public_native_expansion/worker/raw/0505b98b4f9e706f6d76a37f.bin.gz,,,
mastodon_uk,059a168a915549ed5a49241f,content,saved,200,134086,2026-10-09T02:55:13.134840+00:00,2026-10-09T02:55:16.776044+00:00,b53b2bc0f9204a10f3942be7c427d6b302f44df0280ebf18eb1ea0917d556172,work_packages/M1_source_access/27_newspaper_context_recovery_20261008/social_public_api/continuations/20261009_public_native_expansion/worker/raw/059a168a915549ed5a49241f.bin.gz,,,
se_earthscience,067a67eadd229c9c54e60a5e,content,saved,200,150448,2026-10-09T04:04:49.019918+00:00,2026-10-09T04:04:50.516102+00:00,ed3657340730079168e89c47e404b4d324683460b8ac65dd8494412e884ee6fc,work_packages/M1_source_access/27_newspaper_context_recovery_20261008/social_public_api/continuations/20261009_public_native_expansion/worker/raw/067a67eadd229c9c54e60a5e.bin.gz,213,,
bluesky,06943741fab85274d94262bd,content,saved,200,612089,2026-10-09T04:05:55.534735+00:00,2026-10-09T04:05:57.407238+00:00,c230dca79dfa5490bf5008903ff9a957ee3fd46100e15c11de81effb136877d9,work_packages/M1_source_access/27_newspaper_context_recovery_20261008/social_public_api/continuations/20261009_public_native_expansion/worker/raw/06943741fab85274d94262bd.bin.gz,,,
python_discourse,06dcbee74fa3df4276068f9a,content,saved,200,80609,2026-10-09T04:25:25.852125+00:00,2026-10-09T04:25:28.535176+00:00,7778b9740af20242d25ffd39dc438441ee407e7b6774ec4068765e74a30852c4,work_packages/M1_source_access/27_newspaper_context_recovery_20261008/social_public_api/continuations/20261009_public_native_expansion/worker/raw/06dcbee74fa3df4276068f9a.bin.gz,,,
straight_dope,071f92c866613341776b011d,content,saved,200,27754,2026-10-09T04:19:55.523082+00:00,2026-10-09T04:19:57.939600+00:00,712b87ef5150fdfeb5003ebe565aea88990d0ce6faaf9a53b7f43ecb50710fc2,work_packages/M1_source_access/27_newspaper_context_recovery_20261008/social_public_api/continuations/20261009_public_native_expansion/worker/raw/071f92c866613341776b011d.bin.gz,,,
bluesky,07d61cfe9a1d3aa58b65479c,content,saved,200,9518,2026-10-09T03:21:21.594934+00:00,2026-10-09T03:21:23.116206+00:00,5141ef62402274ec66e8ce2809219be2800d298530a2c0b14690d2af69cc1d57,work_packages/M1_source_access/27_newspaper_context_recovery_20261008/social_public_api/continuations/20261009_public_native_expansion/worker/raw/07d61cfe9a1d3aa58b65479c.bin.gz,,,
bluesky,084cc3a8b57cc1d82b851660,content,saved,200,11,2026-10-09T03:21:57.202135+00:00,2026-10-09T03:21:58.071430+00:00,ff620ad62f8de5fbc1a439d6cfe08cd5bd3583d045bd998ffd8458857a70248a,work_packages/M1_source_access/27_newspaper_context_recovery_20261008/social_public_api/continuations/20261009_public_native_expansion/worker/raw/084cc3a8b57cc1d82b851660.bin.gz,,,
mastodon_uk,08a85438141eb01b9d385f70,content,saved,200,128362,2026-10-09T03:32:34.994029+00:00,2026-10-09T03:32:38.828214+00:00,9c95ab884fafb649eaba81eb443f5d3b6292079d22e8cdc130ac3ab58077b5de,work_packages/M1_source_access/27_newspaper_context_recovery_20261008/social_public_api/continuations/20261009_public_native_expansion/worker/raw/08a85438141eb01b9d385f70.bin.gz,,,
bluesky,08b9e35cc9e4b31459e91d97,content,saved,200,11,2026-10-09T03:28:08.996832+00:00,2026-10-09T03:28:09.900829+00:00,ff620ad62f8de5fbc1a439d6cfe08cd5bd3583d045bd998ffd8458857a70248a,work_packages/M1_source_access/27_newspaper_context_recovery_20261008/social_public_api/continuations/20261009_public_native_expansion/worker/raw/08b9e35cc9e4b31459e91d97.bin.gz,,,
bluesky,08bb4e534bf28b30acd586b0,content,saved,200,11,2026-10-09T03:16:00.495577+00:00,2026-10-09T03:16:03.616996+00:00,ff620ad62f8de5fbc1a439d6cfe08cd5bd3583d045bd998ffd8458857a70248a,work_packages/M1_source_access/27_newspaper_context_recovery_20261008/social_public_api/continuations/20261009_public_native_expansion/worker/raw/08bb4e534bf28b30acd586b0.bin.gz,,,
bluesky,08c358204e7ce3ecb7b21f2c,content,saved,200,2530,2026-10-09T03:14:12.460691+00:00,2026-10-09T03:14:13.754250+00:00,1e151d56035c52c9fe17d3d77fe817e2478f80ac11bb1c54106304ee91e8b4df,work_packages/M1_source_access/27_newspaper_context_recovery_20261008/social_public_api/continuations/20261009_public_native_expansion/worker/raw/08c358204e7ce3ecb7b21f2c.bin.gz,,,
bluesky,08cce96667fa8db44ca5e883,content,saved,200,5259,2026-10-09T03:04:05.744462+00:00,2026-10-09T03:04:07.074919+00:00,1b9f56c7bcfd901924e5fa61a81d38944a540bc41a210040b596af52ebb5d4ca,work_packages/M1_source_access/27_newspaper_context_recovery_20261008/social_public_api/continuations/20261009_public_native_expansion/worker/raw/08cce96667fa8db44ca5e883.bin.gz,,,
mastodon_au,08ffc0e23063937e07885067,content,saved,200,152590,2026-10-09T04:23:42.042562+00:00,2026-10-09T04:23:44.634199+00:00,23434149c5af8881d7049178dfb8f9c1d17f29c5fea87edd4f223e7e375ef209,work_packages/M1_source_access/27_newspaper_context_recovery_20261008/social_public_api/continuations/20261009_public_native_expansion/worker/raw/08ffc0e23063937e07885067.bin.gz,,,
feddit_org,090d5d477a92990059b66ae7,content,saved,200,122376,2026-10-09T04:06:29.215313+00:00,2026-10-09T04:06:32.380852+00:00,81f609d8a5a21fd00766e7afe779f14558fd52584d37adc83ee787c3a3201f7f,work_packages/M1_source_access/27_newspaper_context_recovery_20261008/social_public_api/continuations/20261009_public_native_expansion/worker/raw/090d5d477a92990059b66ae7.bin.gz,,,
bluesky,09370d962ce13ba0d4b94c25,content,saved,200,11,2026-10-09T03:18:24.203388+00:00,2026-10-09T03:18:25.085863+00:00,ff620ad62f8de5fbc1a439d6cfe08cd5bd3583d045bd998ffd8458857a70248a,work_packages/M1_source_access/27_newspaper_context_recovery_20261008/social_public_api/continuations/20261009_public_native_expansion/worker/raw/09370d962ce13ba0d4b94c25.bin.gz,,,
lemmy_nz,093a7104e428e62d7f713242,content,saved,200,150547,2026-10-09T04:18:50.074026+00:00,2026-10-09T04:18:51.298446+00:00,23b7768bc85b2a0f2aa223935899598533dc566011fe4f27c95f1b15ab1b5365,work_packages/M1_source_access/27_newspaper_context_recovery_20261008/social_public_api/continuations/20261009_public_native_expansion/worker/raw/093a7104e428e62d7f713242.bin.gz,,,
bluesky,094b344e1cc49c3578b162d3,content,saved,200,616299,2026-10-09T03:20:00.668088+00:00,2026-10-09T03:20:03.358298+00:00,fd8ac893805b183227d4fd718ec0fe332e2c3e7976f8befbe3963cbd97683ef9,work_packages/M1_source_access/27_newspaper_context_recovery_20261008/social_public_api/continuations/20261009_public_native_expansion/worker/raw/094b344e1cc49c3578b162d3.bin.gz,,,
bluesky,0955e4d730b882b95bfdb5d6,content,saved,200,11,2026-10-09T03:04:12.124210+00:00,2026-10-09T03:04:13.362760+00:00,ff620ad62f8de5fbc1a439d6cfe08cd5bd3583d045bd998ffd8458857a70248a,work_packages/M1_source_access/27_newspaper_context_recovery_20261008/social_public_api/continuations/20261009_public_native_expansion/worker/raw/0955e4d730b882b95bfdb5d6.bin.gz,,,
mastodon_uk,09c132481f3851ea00e08a4a,content,saved,200,127062,2026-10-09T02:58:08.078023+00:00,2026-10-09T02:58:12.088568+00:00,c5b154732f6c7dc401b11b4beb7b0a178e01c6c1e65cbebac7726907c76d2b35,work_packages/M1_source_access/27_newspaper_context_recovery_20261008/social_public_api/continuations/20261009_public_native_expansion/worker/raw/09c132481f3851ea00e08a4a.bin.gz,,,
bluesky,0a2fdc7746e95414fa49455a,content,saved,200,568822,2026-10-09T03:20:15.643535+00:00,2026-10-09T03:20:17.455064+00:00,39986e367fdd4d61673feaa210255d975392c30a7a5f77d180fd05393d77e196,work_packages/M1_source_access/27_newspaper_context_recovery_20261008/social_public_api/continuations/20261009_public_native_expansion/worker/raw/0a2fdc7746e95414fa49455a.bin.gz,,,
bluesky,0a5c2fa229714bb4bf9c595e,content,saved,200,11,2026-10-09T03:10:49.996574+00:00,2026-10-09T03:10:51.252875+00:00,ff620ad62f8de5fbc1a439d6cfe08cd5bd3583d045bd998ffd8458857a70248a,work_packages/M1_source_access/27_newspaper_context_recovery_20261008/social_public_api/continuations/20261009_public_native_expansion/worker/raw/0a5c2fa229714bb4bf9c595e.bin.gz,,,
straight_dope,0a64e0e2a5ced1f3710083dd,content,saved,200,28234,2026-10-09T03:28:45.342423+00:00,2026-10-09T03:28:47.357291+00:00,04c56d444e27ecc605f2a64f0d7df74f26ed0729b307000a9e3c9cd56026a0f3,work_packages/M1_source_access/27_newspaper_context_recovery_20261008/social_public_api/continuations/20261009_public_native_expansion/worker/raw/0a64e0e2a5ced1f3710083dd.bin.gz,,,
bluesky,0a92f7089aad5f7c9a51b70c,content,saved,200,668985,2026-10-09T04:00:09.506471+00:00,2026-10-09T04:00:11.374069+00:00,a95366bbcec51d4b3289d6312904dd9c4de22500abab069c5266b28e2131d334,work_packages/M1_source_access/27_newspaper_context_recovery_20261008/social_public_api/continuations/20261009_public_native_expansion/worker/raw/0a92f7089aad5f7c9a51b70c.bin.gz,,,
aussie_zone,0a95560705bc91c3c6076009,content,saved,200,137419,2026-10-09T04:19:02.376252+00:00,2026-10-09T04:19:05.983555+00:00,2fa495057dde99b2db9814f5ad5941e53fc48285c7e46b91ae070284fab76079,work_packages/M1_source_access/27_newspaper_context_recovery_20261008/social_public_api/continuations/20261009_public_native_expansion/worker/raw/0a95560705bc91c3c6076009.bin.gz,,,
bluesky,0ab9296708acccb56932365e,content,saved,200,11,2026-10-09T03:26:18.236121+00:00,2026-10-09T03:26:19.515164+00:00,ff620ad62f8de5fbc1a439d6cfe08cd5bd3583d045bd998ffd8458857a70248a,work_packages/M1_source_access/27_newspaper_context_recovery_20261008/social_public_api/continuations/20261009_public_native_expansion/worker/raw/0ab9296708acccb56932365e.bin.gz,,,
bluesky,0ac9452dbbaf5002a953c05e,content,saved,200,647371,2026-10-09T04:16:34.827853+00:00,2026-10-09T04:16:37.205536+00:00,8e182e9e60588c0bbc33e790b238651d50d3f93c80a29ab5c1d17a9302e6ea0f,work_packages/M1_source_access/27_newspaper_context_recovery_20261008/social_public_api/continuations/20261009_public_native_expansion/worker/raw/0ac9452dbbaf5002a953c05e.bin.gz,,,
bluesky,0b5e6b86670dc2cb03acc377,content,saved,200,560787,2026-10-09T03:52:10.569492+00:00,2026-10-09T03:52:12.843577+00:00,d0507decfadb356b5d2e34ce2fe9ff36f191a1de3b0465c6bc2667b4d5f5913d,work_packages/M1_source_access/27_newspaper_context_recovery_20261008/social_public_api/continuations/20261009_public_native_expansion/worker/raw/0b5e6b86670dc2cb03acc377.bin.gz,,,
mastodon_ie,0b7659fd17697f90f836b954,content,saved,200,147745,2026-10-09T02:58:43.060242+00:00,2026-10-09T02:58:47.115169+00:00,2663878940f2415108aca2599b1d4dabab1841cbd40ae44b93816236960a5ae8,work_packages/M1_source_access/27_newspaper_context_recovery_20261008/social_public_api/continuations/20261009_public_native_expansion/worker/raw/0b7659fd17697f90f836b954.bin.gz,,,
python_discourse,0bd47034fde0abf6878ff694,content,saved,200,16533,2026-10-09T04:16:09.784705+00:00,2026-10-09T04:16:11.419746+00:00,7af32db89ea006f30c602a36cd60ea302c4747d960463107a3d9aa35f8d6967c,work_packages/M1_source_access/27_newspaper_context_recovery_20261008/social_public_api/continuations/20261009_public_native_expansion/worker/raw/0bd47034fde0abf6878ff694.bin.gz,,,
python_discourse,0bf0aa4c7fb1e2b7a0f9777f,content,saved,200,184135,2026-10-09T03:53:55.260068+00:00,2026-10-09T03:53:58.514374+00:00,8aa3cf92d7b55567c12ba7d2ea384c587be79ff81fe547f189b94cd7153cdee2,work_packages/M1_source_access/27_newspaper_context_recovery_20261008/social_public_api/continuations/20261009_public_native_expansion/worker/raw/0bf0aa4c7fb1e2b7a0f9777f.bin.gz,,,
bluesky,0c18837edf65f02c3256036d,content,saved,200,455247,2026-10-09T03:56:26.433140+00:00,2026-10-09T03:56:29.900395+00:00,80ecd82990f90722d4bc461dfd097a8906c298d0b36400f9db63657cb50ca472,work_packages/M1_source_access/27_newspaper_context_recovery_20261008/social_public_api/continuations/20261009_public_native_expansion/worker/raw/0c18837edf65f02c3256036d.bin.gz,,,
bluesky,0c76f94e468c1981d01faa35,content,saved,200,479683,2026-10-09T04:16:19.113789+00:00,2026-10-09T04:16:20.983378+00:00,a11889ac9a94338dad13e6038cdc3290efc1adf7dc5ce719fe4fbe01f2655c40,work_packages/M1_source_access/27_newspaper_context_recovery_20261008/social_public_api/continuations/20261009_public_native_expansion/worker/raw/0c76f94e468c1981d01faa35.bin.gz,,,
osm_discourse,0c929495324b27a1b15df3ee,content,saved,200,52045,2026-10-09T03:59:49.481914+00:00,2026-10-09T03:59:52.154386+00:00,340a7b5807a30a8c0b88b3c7557ba12758bb0ae169c94f4a8334f8c4f913e25b,work_packages/M1_source_access/27_newspaper_context_recovery_20261008/social_public_api/continuations/20261009_public_native_expansion/worker/raw/0c929495324b27a1b15df3ee.bin.gz,,,
bluesky,0c9aedc7dc75020c1b12cd96,content,saved,200,360963,2026-10-09T03:04:59.759018+00:00,2026-10-09T03:05:01.842831+00:00,60f4c988527f430bb4dd4bc08c234fe4ca42df266bc8730e85d901667c861c74,work_packages/M1_source_access/27_newspaper_context_recovery_20261008/social_public_api/continuations/20261009_public_native_expansion/worker/raw/0c9aedc7dc75020c1b12cd96.bin.gz,,,
mastodon_uk,0ca09cae68ce44aaea9ac41e,content,saved,200,145434,2026-10-09T03:24:59.910516+00:00,2026-10-09T03:25:04.001278+00:00,4dfcb8c26eb22e44a45039a81c7c8311527626f38d08fd8d42ac94b79e38d4d7,work_packages/M1_source_access/27_newspaper_context_recovery_20261008/social_public_api/continuations/20261009_public_native_expansion/worker/raw/0ca09cae68ce44aaea9ac41e.bin.gz,,,
mastodon_uk,0cf46a46cb81b242f2b65377,content,saved,200,127872,2026-10-09T03:09:23.907615+00:00,2026-10-09T03:09:27.439567+00:00,2d57805bf279c262da55b8d1743b95b825c4945baae23fe3d36369bb70901569,work_packages/M1_source_access/27_newspaper_context_recovery_20261008/social_public_api/continuations/20261009_public_native_expansion/worker/raw/0cf46a46cb81b242f2b65377.bin.gz,,,
osm_discourse,0db08dff94c4ebb38612f6d9,content,saved,200,41217,2026-10-09T03:09:41.265884+00:00,2026-10-09T03:09:46.117652+00:00,70eb40a183ae783a8de77a985bb83656f081e60b010901331c7c39edd15eedf2,work_packages/M1_source_access/27_newspaper_context_recovery_20261008/social_public_api/continuations/20261009_public_native_expansion/worker/raw/0db08dff94c4ebb38612f6d9.bin.gz,,,
bluesky,0df43b5b3e5c2663f18ad9d8,content,saved,200,578520,2026-10-09T03:24:13.908340+00:00,2026-10-09T03:24:15.560357+00:00,376cac82bd7312f053b6c17a39e4fbfb58601f7d71020936c4415c187089f7e2,work_packages/M1_source_access/27_newspaper_context_recovery_20261008/social_public_api/continuations/20261009_public_native_expansion/worker/raw/0df43b5b3e5c2663f18ad9d8.bin.gz,,,
mastodon_au,0e0654a74c27b00c8e6aecbb,content,saved,200,150498,2026-10-09T03:48:46.322191+00:00,2026-10-09T03:48:50.226636+00:00,bf31396f232c25f512622a389df4d5199a5848ab67ca1bf98463f285770def9f,work_packages/M1_source_access/27_newspaper_context_recovery_20261008/social_public_api/continuations/20261009_public_native_expansion/worker/raw/0e0654a74c27b00c8e6aecbb.bin.gz,,,
feddit_org,0e30ee721a2b18e7071226a6,content,saved,200,184283,2026-10-09T03:58:54.367975+00:00,2026-10-09T03:58:57.679165+00:00,ee76143a8c465aecf5f0e2d8dadf2d3e0d92228e7d083b9397df94e4b2db7a49,work_packages/M1_source_access/27_newspaper_context_recovery_20261008/social_public_api/continuations/20261009_public_native_expansion/worker/raw/0e30ee721a2b18e7071226a6.bin.gz,,,
bluesky,0ed9c4514826d19d5ad13cda,content,saved,200,605492,2026-10-09T04:12:39.466796+00:00,2026-10-09T04:12:43.030067+00:00,5133b23d00c95d375e6a4be9b97a27209397bf905b2b5c65dc525d05707b89ca,work_packages/M1_source_access/27_newspaper_context_recovery_20261008/social_public_api/continuations/20261009_public_native_expansion/worker/raw/0ed9c4514826d19d5ad13cda.bin.gz,,,
mastodon_au,0eea655a145d3e0169db06ea,content,saved,200,159227,2026-10-09T04:21:42.521745+00:00,2026-10-09T04:21:44.181292+00:00,e0798369b1edac363ae2d806644a79528c57b2e53fd8914913e85e766e636ccc,work_packages/M1_source_access/27_newspaper_context_recovery_20261008/social_public_api/continuations/20261009_public_native_expansion/worker/raw/0eea655a145d3e0169db06ea.bin.gz,,,
bluesky,0f098c279dffade5067784ff,source_metadata,saved,200,13,2026-10-09T02:56:44.629619+00:00,2026-10-09T02:56:45.496810+00:00,1925590408012373ea3cc6b9d02703527531492efb52aa39689d541a0581f840,work_packages/M1_source_access/27_newspaper_context_recovery_20261008/social_public_api/continuations/20261009_public_native_expansion/worker/raw/0f098c279dffade5067784ff.bin.gz,,,
se_earthscience,0fc2346d96129a49f0918528,content,saved,200,84150,2026-10-09T02:56:30.752206+00:00,2026-10-09T02:56:32.270548+00:00,c1cdf19a82e528bfc62e0303450a966b4b9c13be14d773523340cbccddae347e,work_packages/M1_source_access/27_newspaper_context_recovery_20261008/social_public_api/continuations/20261009_public_native_expansion/worker/raw/0fc2346d96129a49f0918528.bin.gz,255,,
bluesky,0ff0cad1e0e806ba4f2beb01,content,http_stop,400,,2026-10-09T03:26:21.724050+00:00,,,,,,
lemmy_nz,0ffa6d214175684d25acf05d,documentation,saved,200,698,2026-10-09T03:33:37.688048+00:00,2026-10-09T03:33:38.674743+00:00,a613b453c8cdf0695d68ed431697d0aa6081725afba88b565cd0d7121470f66c,work_packages/M1_source_access/27_newspaper_context_recovery_20261008/social_public_api/continuations/20261009_public_native_expansion/worker/raw/0ffa6d214175684d25acf05d.bin.gz,,,
bluesky,100999b623de26534850bdcc,content,saved,200,698849,2026-10-09T03:58:21.085714+00:00,2026-10-09T03:58:23.445475+00:00,b21c9b48af625b18605dc0f59ce2513d7a5d4927cb02d83e1a2c5da45ed35ae7,work_packages/M1_source_access/27_newspaper_context_recovery_20261008/social_public_api/continuations/20261009_public_native_expansion/worker/raw/100999b623de26534850bdcc.bin.gz,,,
mastodon_uk,1026624af33a14fa687c1f59,content,saved,200,122845,2026-10-09T03:59:30.187755+00:00,2026-10-09T03:59:33.877305+00:00,6f0d19904f1136395c13ae46ed6b0513035ae3300839369570636ea9ab197f3f,work_packages/M1_source_access/27_newspaper_context_recovery_20261008/social_public_api/continuations/20261009_public_native_expansion/worker/raw/1026624af33a14fa687c1f59.bin.gz,,,
bluesky,103acf579d31de1d41bbdb1a,content,saved,200,11,2026-10-09T03:24:38.192248+00:00,2026-10-09T03:24:39.777585+00:00,ff620ad62f8de5fbc1a439d6cfe08cd5bd3583d045bd998ffd8458857a70248a,work_packages/M1_source_access/27_newspaper_context_recovery_20261008/social_public_api/continuations/20261009_public_native_expansion/worker/raw/103acf579d31de1d41bbdb1a.bin.gz,,,
bluesky,103ed1258fca7f4b3dbf7663,content,saved,200,825,2026-10-09T03:14:23.089815+00:00,2026-10-09T03:14:23.949707+00:00,3f31c441471f1c57406c99234166f67bfe73c647c6ec282795f42129fb4352fc,work_packages/M1_source_access/27_newspaper_context_recovery_20261008/social_public_api/continuations/20261009_public_native_expansion/worker/raw/103ed1258fca7f4b3dbf7663.bin.gz,,,
lemmy_nz,105a7b3756eadaffab5d9921,documentation,saved,200,36386,2026-10-09T03:28:22.615858+00:00,2026-10-09T03:28:23.992894+00:00,0befc699a14137b6db6e09081ba4a73902783dd632d4c49e20cbca9c1e31d306,work_packages/M1_source_access/27_newspaper_context_recovery_20261008/social_public_api/continuations/20261009_public_native_expansion/worker/raw/105a7b3756eadaffab5d9921.bin.gz,,,
bluesky,107c77cb87a09d94b71cb38d,content,saved,200,437357,2026-10-09T03:49:33.763033+00:00,2026-10-09T03:49:36.021252+00:00,9a71fe7720abe2c8530a8202360e9fef271275b13dc34d19559ae47443f9ea6c,work_packages/M1_source_access/27_newspaper_context_recovery_20261008/social_public_api/continuations/20261009_public_native_expansion/worker/raw/107c77cb87a09d94b71cb38d.bin.gz,,,
python_discourse,10ff4c0c8e6a2396886e93b6,content,saved,200,6812,2026-10-09T02:59:49.908621+00:00,2026-10-09T02:59:51.446400+00:00,00e3207a34bcade69375b0bc69708cdb0c65ca670b0ae49d8af82ddf87178886,work_packages/M1_source_access/27_newspaper_context_recovery_20261008/social_public_api/continuations/20261009_public_native_expansion/worker/raw/10ff4c0c8e6a2396886e93b6.bin.gz,,,
osm_discourse,11101c1d2c4fccde93fa9599,content,saved,200,61240,2026-10-09T02:59:34.689094+00:00,2026-10-09T02:59:39.833444+00:00,6e72949a93c1599de2feb99524758bce3707873f5155316f3eedfe3a7a8f72e9,work_packages/M1_source_access/27_newspaper_context_recovery_20261008/social_public_api/continuations/20261009_public_native_expansion/worker/raw/11101c1d2c4fccde93fa9599.bin.gz,,,
bluesky,111c25441bad9e82dab9aae9,content,saved,200,490475,2026-10-09T03:49:24.429475+00:00,2026-10-09T03:49:26.704509+00:00,449b46fd4861a92d46c91cbaed4ce595c98085d6379a3e49568c8b59bf8adc38,work_packages/M1_source_access/27_newspaper_context_recovery_20261008/social_public_api/continuations/20261009_public_native_expansion/worker/raw/111c25441bad9e82dab9aae9.bin.gz,,,
bluesky,11291415f04a9c53bce446d5,content,saved,200,287230,2026-10-09T03:23:37.247031+00:00,2026-10-09T03:23:38.870778+00:00,ad2a5199a2cd52baeb1cac07e2da90b924b3e48a7f4a7363e9dc50c9f4c3f433,work_packages/M1_source_access/27_newspaper_context_recovery_20261008/social_public_api/continuations/20261009_public_native_expansion/worker/raw/11291415f04a9c53bce446d5.bin.gz,,,
bluesky,1150d6c99e5f86385c3f71d9,content,saved,200,629709,2026-10-09T03:22:11.134430+00:00,2026-10-09T03:22:12.960996+00:00,956fe8ebfca5c23f917beb9802a6525ab83b1ccace0e2c4ed03ebe563578f445,work_packages/M1_source_access/27_newspaper_context_recovery_20261008/social_public_api/continuations/20261009_public_native_expansion/worker/raw/1150d6c99e5f86385c3f71d9.bin.gz,,,
bluesky,1181b27dcdb5bfd6261fe67c,content,saved,200,11,2026-10-09T03:17:21.513718+00:00,2026-10-09T03:17:22.772180+00:00,ff620ad62f8de5fbc1a439d6cfe08cd5bd3583d045bd998ffd8458857a70248a,work_packages/M1_source_access/27_newspaper_context_recovery_20261008/social_public_api/continuations/20261009_public_native_expansion/worker/raw/1181b27dcdb5bfd6261fe67c.bin.gz,,,
feddit_org,1194974bdf47b82b3e83ab70,content,saved,200,300175,2026-10-09T04:17:14.178586+00:00,2026-10-09T04:17:17.714491+00:00,99f913251d2548b053009246918bf1971a23c56cfa898b4ca2288a553a085786,work_packages/M1_source_access/27_newspaper_context_recovery_20261008/social_public_api/continuations/20261009_public_native_expansion/worker/raw/1194974bdf47b82b3e83ab70.bin.gz,,,
feddit_org,11c3f501e7c8493237752574,content,saved,200,211479,2026-10-09T04:21:07.738817+00:00,2026-10-09T04:21:11.177082+00:00,24997b6b02d314dca234a4fb61bdfa1ed222305ce0af390b94bdc921fb7b49e4,work_packages/M1_source_access/27_newspaper_context_recovery_20261008/social_public_api/continuations/20261009_public_native_expansion/worker/raw/11c3f501e7c8493237752574.bin.gz,,,
feddit_org,11d64b4fc8be3a8608731c1d,content,saved,200,192399,2026-10-09T03:52:43.502319+00:00,2026-10-09T03:52:46.837656+00:00,e9d3b6675ab5c53d69d78552d468b39d26a8e31c4e34bbf5349f0e82f2810a77,work_packages/M1_source_access/27_newspaper_context_recovery_20261008/social_public_api/continuations/20261009_public_native_expansion/worker/raw/11d64b4fc8be3a8608731c1d.bin.gz,,,
bluesky,12a2ad12d7dbd82b929e850c,content,saved,200,529424,2026-10-09T03:56:17.527393+00:00,2026-10-09T03:56:19.925247+00:00,5c249404ae47267a51df580ae066734841de18ccf8286d9365878e8d2565cc53,work_packages/M1_source_access/27_newspaper_context_recovery_20261008/social_public_api/continuations/20261009_public_native_expansion/worker/raw/12a2ad12d7dbd82b929e850c.bin.gz,,,
bluesky,12b6da99d9a17a760ee5f400,content,saved,200,435191,2026-10-09T03:19:44.527974+00:00,2026-10-09T03:19:46.316481+00:00,bdfed439d693c5ae84935e454330378fcf325ae14677df9178ee1bfc56957af5,work_packages/M1_source_access/27_newspaper_context_recovery_20261008/social_public_api/continuations/20261009_public_native_expansion/worker/raw/12b6da99d9a17a760ee5f400.bin.gz,,,
straight_dope,1412bc266ebe4300a8e97dbf,content,saved,200,68447,2026-10-09T03:00:11.533718+00:00,2026-10-09T03:00:13.345727+00:00,53e179b52da99118e2bafad8873f14ef4a6295b47e5818c32e6554ef0554da9f,work_packages/M1_source_access/27_newspaper_context_recovery_20261008/social_public_api/continuations/20261009_public_native_expansion/worker/raw/1412bc266ebe4300a8e97dbf.bin.gz,,,
bluesky,147acfdb2f9939883cdd0b85,content,saved,200,11,2026-10-09T03:14:15.667816+00:00,2026-10-09T03:14:16.931689+00:00,ff620ad62f8de5fbc1a439d6cfe08cd5bd3583d045bd998ffd8458857a70248a,work_packages/M1_source_access/27_newspaper_context_recovery_20261008/social_public_api/continuations/20261009_public_native_expansion/worker/raw/147acfdb2f9939883cdd0b85.bin.gz,,,
bluesky,14b1d62157dbe711077c8b74,content,saved,200,538098,2026-10-09T03:33:14.563021+00:00,2026-10-09T03:33:16.440214+00:00,eed06daa51d333fb871c749466a8881eba7fedc7ea09fbe2ab5863809bf770d2,work_packages/M1_source_access/27_newspaper_context_recovery_20261008/social_public_api/continuations/20261009_public_native_expansion/worker/raw/14b1d62157dbe711077c8b74.bin.gz,,,
bluesky,14eb913377de6a088c61e95f,content,saved,200,1581,2026-10-09T03:16:24.473047+00:00,2026-10-09T03:16:25.380730+00:00,796c8cc7a052291bea36f99be5003f89e1119cdd0d9d666d0cd8f63e15b9a068,work_packages/M1_source_access/27_newspaper_context_recovery_20261008/social_public_api/continuations/20261009_public_native_expansion/worker/raw/14eb913377de6a088c61e95f.bin.gz,,,
bluesky,150e93a7a1db356b38836d0b,content,saved,200,554486,2026-10-09T03:23:43.004230+00:00,2026-10-09T03:23:44.811995+00:00,d41bb2c6a3f3aeed4a915c9117e891d198c91ed329bca791a3c0a992b5f07034,work_packages/M1_source_access/27_newspaper_context_recovery_20261008/social_public_api/continuations/20261009_public_native_expansion/worker/raw/150e93a7a1db356b38836d0b.bin.gz,,,
bluesky,152bd958fb99a1172ba5dc22,content,saved,200,11,2026-10-09T03:27:14.297514+00:00,2026-10-09T03:27:15.688148+00:00,ff620ad62f8de5fbc1a439d6cfe08cd5bd3583d045bd998ffd8458857a70248a,work_packages/M1_source_access/27_newspaper_context_recovery_20261008/social_public_api/continuations/20261009_public_native_expansion/worker/raw/152bd958fb99a1172ba5dc22.bin.gz,,,
mastodon_uk,15e4e69abc91ee53d1a8b569,content,saved,200,133888,2026-10-09T04:25:37.611183+00:00,2026-10-09T04:25:41.693507+00:00,3bb6f99cbfa3d341a28373ea19690c52cde71330b076f134b38562b54d8c2a11,work_packages/M1_source_access/27_newspaper_context_recovery_20261008/social_public_api/continuations/20261009_public_native_expansion/worker/raw/15e4e69abc91ee53d1a8b569.bin.gz,,,
bluesky,164538461718db81746179b7,content,saved,200,617747,2026-10-09T03:34:26.588695+00:00,2026-10-09T03:34:28.919996+00:00,50adf9d9366b34b85102906e017c8228c9c2f70296d9e9180a9f43762336892f,work_packages/M1_source_access/27_newspaper_context_recovery_20261008/social_public_api/continuations/20261009_public_native_expansion/worker/raw/164538461718db81746179b7.bin.gz,,,
bluesky,164b2eca9d5343603da0781d,content,saved,200,369821,2026-10-09T03:30:17.224214+00:00,2026-10-09T03:30:18.929798+00:00,2b1c094da26f1881fdae9c506f42dc3945523d7cf46eef63eeddcacbc85b9160,work_packages/M1_source_access/27_newspaper_context_recovery_20261008/social_public_api/continuations/20261009_public_native_expansion/worker/raw/164b2eca9d5343603da0781d.bin.gz,,,
mastodon_uk,167219822111b40654bef48d,content,saved,200,126079,2026-10-09T03:51:19.621862+00:00,2026-10-09T03:51:25.395674+00:00,e7181626edee2b3570c31b943f217c20f60e4dbd63e36858e6bf9672c3be6f03,work_packages/M1_source_access/27_newspaper_context_recovery_20261008/social_public_api/continuations/20261009_public_native_expansion/worker/raw/167219822111b40654bef48d.bin.gz,,,
bluesky,16c0b42a61e86353c9796d4a,content,saved,200,483871,2026-10-09T04:00:13.922477+00:00,2026-10-09T04:00:16.328646+00:00,416e72d77aeb17470e3c997d5a96d936829925868a0d03fd3033420ee2f40a9d,work_packages/M1_source_access/27_newspaper_context_recovery_20261008/social_public_api/continuations/20261009_public_native_expansion/worker/raw/16c0b42a61e86353c9796d4a.bin.gz,,,
bluesky,1756a2d313cd2bfaa6511c72,content,saved,200,421586,2026-10-09T03:59:59.870119+00:00,2026-10-09T04:00:01.606602+00:00,5d137cb59d3ee192c3aba83a312ee436bc0dc9a9b5a4bae37444b2c2156ca32b,work_packages/M1_source_access/27_newspaper_context_recovery_20261008/social_public_api/continuations/20261009_public_native_expansion/worker/raw/1756a2d313cd2bfaa6511c72.bin.gz,,,
mastodon_ie,178faaa2f8b341c084b553f5,content,saved,200,187614,2026-10-09T04:06:51.996906+00:00,2026-10-09T04:06:55.813332+00:00,528301212dfe79cdac0116dc73925c88d6d26dcbe87e6b70fc8d05441fdb5c85,work_packages/M1_source_access/27_newspaper_context_recovery_20261008/social_public_api/continuations/20261009_public_native_expansion/worker/raw/178faaa2f8b341c084b553f5.bin.gz,,,
se_earthscience,1804ad9191e65049577cd452,content,saved,200,56470,2026-10-09T04:21:17.302079+00:00,2026-10-09T04:21:18.759293+00:00,793865610639232710e7af4a9a115fc3a7642dededfb58e7fff9735f484f51c4,work_packages/M1_source_access/27_newspaper_context_recovery_20261008/social_public_api/continuations/20261009_public_native_expansion/worker/raw/1804ad9191e65049577cd452.bin.gz,195,,
bluesky,18407af68e69206ceefbbcb2,content,saved,200,384029,2026-10-09T04:01:48.615538+00:00,2026-10-09T04:01:50.727428+00:00,e7a0790a6ac333f241fd17fcdb6467f2dea6f79957570a2959a034f66b894c51,work_packages/M1_source_access/27_newspaper_context_recovery_20261008/social_public_api/continuations/20261009_public_native_expansion/worker/raw/18407af68e69206ceefbbcb2.bin.gz,,,
aussie_zone,191542b3aaee2a2eccb68065,content,saved,200,162940,2026-10-09T03:58:44.445249+00:00,2026-10-09T03:58:45.892365+00:00,2c135077f05b395a56e7dbd6999f24ef0fe76bf738967d8e7ed05583d3f95863,work_packages/M1_source_access/27_newspaper_context_recovery_20261008/social_public_api/continuations/20261009_public_native_expansion/worker/raw/191542b3aaee2a2eccb68065.bin.gz,,,
bluesky,1960522377082fdc14763ffc,content,saved,200,2861,2026-10-09T03:02:49.815335+00:00,2026-10-09T03:02:51.076184+00:00,33b1ade7577c850f20167cd47d365d5264f776edb1a343e0c5e4c3a8cc1b3f34,work_packages/M1_source_access/27_newspaper_context_recovery_20261008/social_public_api/continuations/20261009_public_native_expansion/worker/raw/1960522377082fdc14763ffc.bin.gz,,,
bluesky,19bb40964cf107f05ab4ffae,content,saved,200,11,2026-10-09T03:04:30.300406+00:00,2026-10-09T03:04:31.528010+00:00,ff620ad62f8de5fbc1a439d6cfe08cd5bd3583d045bd998ffd8458857a70248a,work_packages/M1_source_access/27_newspaper_context_recovery_20261008/social_public_api/continuations/20261009_public_native_expansion/worker/raw/19bb40964cf107f05ab4ffae.bin.gz,,,
feddit_org,19f71ffd775d12edc0435f8d,policy,saved,200,81817,2026-10-09T03:28:25.479591+00:00,2026-10-09T03:28:29.053758+00:00,5bfbdca09cfd3ee7205a22a05b7fcffab2155c3edfd0917f004786b5497cb600,work_packages/M1_source_access/27_newspaper_context_recovery_20261008/social_public_api/continuations/20261009_public_native_expansion/worker/raw/19f71ffd775d12edc0435f8d.bin.gz,,,
bluesky,1a00fe5d1c4c3494f886f1fc,content,saved,200,11,2026-10-09T03:03:32.594079+00:00,2026-10-09T03:03:33.908587+00:00,ff620ad62f8de5fbc1a439d6cfe08cd5bd3583d045bd998ffd8458857a70248a,work_packages/M1_source_access/27_newspaper_context_recovery_20261008/social_public_api/continuations/20261009_public_native_expansion/worker/raw/1a00fe5d1c4c3494f886f1fc.bin.gz,,,
aussie_zone,1a21b588d92148cae325f587,content,saved,200,145227,2026-10-09T03:52:33.327614+00:00,2026-10-09T03:52:35.528400+00:00,0215df4e5152a3ae56b0a2c7774478c12c5d757914204e3ce455e7d4355ac7f2,work_packages/M1_source_access/27_newspaper_context_recovery_20261008/social_public_api/continuations/20261009_public_native_expansion/worker/raw/1a21b588d92148cae325f587.bin.gz,,,
mastodon_us,1a259e5c958bb74c2e6cc13f,content,saved,200,154992,2026-10-09T04:19:49.487280+00:00,2026-10-09T04:19:52.100965+00:00,b89dc7c8c1811281a87201f1b0e634918ac8f6ebaca00836e590aa93b69271c4,work_packages/M1_source_access/27_newspaper_context_recovery_20261008/social_public_api/continuations/20261009_public_native_expansion/worker/raw/1a259e5c958bb74c2e6cc13f.bin.gz,,,
bluesky,1a89007eec183642be0d05a8,content,saved,200,11,2026-10-09T03:02:37.011356+00:00,2026-10-09T03:02:38.261354+00:00,ff620ad62f8de5fbc1a439d6cfe08cd5bd3583d045bd998ffd8458857a70248a,work_packages/M1_source_access/27_newspaper_context_recovery_20261008/social_public_api/continuations/20261009_public_native_expansion/worker/raw/1a89007eec183642be0d05a8.bin.gz,,,
mastodon_us,1a99120a9f6963dc31c66b49,content,saved,200,150412,2026-10-09T03:32:45.177479+00:00,2026-10-09T03:32:47.627814+00:00,39544c1d4e0ace983cde673c7f0bb60a69d64fdb4f285ab6628d9f20bf393981,work_packages/M1_source_access/27_newspaper_context_recovery_20261008/social_public_api/continuations/20261009_public_native_expansion/worker/raw/1a99120a9f6963dc31c66b49.bin.gz,,,
mastodon_us,1ad41ea668225a2cf848e45f,content,saved,200,152292,2026-10-09T04:03:21.821663+00:00,2026-10-09T04:03:24.265349+00:00,000c6116c883ad24d80c325e9210a29f126a98877b681f285a45dd99cc97d267,work_packages/M1_source_access/27_newspaper_context_recovery_20261008/social_public_api/continuations/20261009_public_native_expansion/worker/raw/1ad41ea668225a2cf848e45f.bin.gz,,,
bluesky,1b31c4668e88065086e7cc09,content,saved,200,11,2026-10-09T03:26:27.094676+00:00,2026-10-09T03:26:28.008421+00:00,ff620ad62f8de5fbc1a439d6cfe08cd5bd3583d045bd998ffd8458857a70248a,work_packages/M1_source_access/27_newspaper_context_recovery_20261008/social_public_api/continuations/20261009_public_native_expansion/worker/raw/1b31c4668e88065086e7cc09.bin.gz,,,
bluesky,1b4d474679666341f37b3b3b,content,saved,200,665525,2026-10-09T03:35:38.889106+00:00,2026-10-09T03:35:41.189973+00:00,c038f0e05fc288df97ac6ba340ec3d1b7f52ecdbc7594d8b559b9d4fc6ddd186,work_packages/M1_source_access/27_newspaper_context_recovery_20261008/social_public_api/continuations/20261009_public_native_expansion/worker/raw/1b4d474679666341f37b3b3b.bin.gz,,,
bluesky,1b9ae2aaffa6274c0e483bbc,content,saved,200,492204,2026-10-09T04:12:45.387338+00:00,2026-10-09T04:12:47.312232+00:00,bd916f1b5c468dba2e4968b6c003212de0018b7a3a5e9b748970080ce42dbe0e,work_packages/M1_source_access/27_newspaper_context_recovery_20261008/social_public_api/continuations/20261009_public_native_expansion/worker/raw/1b9ae2aaffa6274c0e483bbc.bin.gz,,,
bluesky,1bd5433997087952facf96b9,content,saved,200,457457,2026-10-09T04:07:29.420303+00:00,2026-10-09T04:07:31.677242+00:00,3322fd737af80ab548e29426f72659b144055354bfc242654917e2766e693e84,work_packages/M1_source_access/27_newspaper_context_recovery_20261008/social_public_api/continuations/20261009_public_native_expansion/worker/raw/1bd5433997087952facf96b9.bin.gz,,,
bluesky,1beeab38f482d0019f584b76,content,saved,200,494773,2026-10-09T03:25:31.084986+00:00,2026-10-09T03:25:33.427853+00:00,8a02726349fe0d235d3a36a681fa80a9314565b6b3cc357c5e3d14fb1a44cf75,work_packages/M1_source_access/27_newspaper_context_recovery_20261008/social_public_api/continuations/20261009_public_native_expansion/worker/raw/1beeab38f482d0019f584b76.bin.gz,,,
mastodon_ie,1c5a67ae4db4be263beb7232,content,saved,200,198342,2026-10-09T03:08:26.550478+00:00,2026-10-09T03:08:30.071525+00:00,d4ef91f15bb003ddf440b03f3ac583928ce24c965b491b5dca7e69337abf3a91,work_packages/M1_source_access/27_newspaper_context_recovery_20261008/social_public_api/continuations/20261009_public_native_expansion/worker/raw/1c5a67ae4db4be263beb7232.bin.gz,,,
bluesky,1ca666a88d4999239254e7e7,content,saved,200,11,2026-10-09T03:10:39.301050+00:00,2026-10-09T03:10:40.154645+00:00,ff620ad62f8de5fbc1a439d6cfe08cd5bd3583d045bd998ffd8458857a70248a,work_packages/M1_source_access/27_newspaper_context_recovery_20261008/social_public_api/continuations/20261009_public_native_expansion/worker/raw/1ca666a88d4999239254e7e7.bin.gz,,,
python_discourse,1cc9ff51f13bc0b0c8dc1041,content,saved,200,84922,2026-10-09T04:19:24.816201+00:00,2026-10-09T04:19:27.363651+00:00,066fb95e6e835313b7109546be0069a2d6e7dbf51a55dde1ef112d5015d69003,work_packages/M1_source_access/27_newspaper_context_recovery_20261008/social_public_api/continuations/20261009_public_native_expansion/worker/raw/1cc9ff51f13bc0b0c8dc1041.bin.gz,,,
bluesky,1d12316a3d6c13baa4e82e26,content,saved,200,534891,2026-10-09T04:12:34.578060+00:00,2026-10-09T04:12:36.815957+00:00,94e1ae78794149600c57bdcbad6f3beb6d9abe578eea9c5b8bf57102ccd8d1ab,work_packages/M1_source_access/27_newspaper_context_recovery_20261008/social_public_api/continuations/20261009_public_native_expansion/worker/raw/1d12316a3d6c13baa4e82e26.bin.gz,,,
osm_discourse,1d802f3b7aa2435d8642a344,content,saved,200,39176,2026-10-09T04:09:10.121633+00:00,2026-10-09T04:09:12.774749+00:00,b0645cbe7c17193c22a623681514bf68f0d115323206deb0352187a593d5cd6d,work_packages/M1_source_access/27_newspaper_context_recovery_20261008/social_public_api/continuations/20261009_public_native_expansion/worker/raw/1d802f3b7aa2435d8642a344.bin.gz,,,
mastodon_us,1da7363144b0228c1b2027f7,content,saved,200,159908,2026-10-09T04:01:27.180448+00:00,2026-10-09T04:01:29.607364+00:00,672d0c036b33c3f7f30f176ba149da821384b7ab5d81d3d18c938176088d1318,work_packages/M1_source_access/27_newspaper_context_recovery_20261008/social_public_api/continuations/20261009_public_native_expansion/worker/raw/1da7363144b0228c1b2027f7.bin.gz,,,
se_sustainability,1e3048ddd82ecd88b50d9f6f,content,saved,200,155001,2026-10-09T03:46:06.726261+00:00,2026-10-09T03:46:08.116965+00:00,88874d29759a74fdd1745afe4db155280d4ee7e5f60e9eda9fe6aad50fb36d0b,work_packages/M1_source_access/27_newspaper_context_recovery_20261008/social_public_api/continuations/20261009_public_native_expansion/worker/raw/1e3048ddd82ecd88b50d9f6f.bin.gz,229,,
bluesky,1e8e7881d73a92f656c407c5,content,saved,200,504909,2026-10-09T04:07:44.529233+00:00,2026-10-09T04:07:46.813588+00:00,4a9cae445a4e0764943b90f7315e4bd61e73ccbe862e0f9dd3718ed1bfd15dfe,work_packages/M1_source_access/27_newspaper_context_recovery_20261008/social_public_api/continuations/20261009_public_native_expansion/worker/raw/1e8e7881d73a92f656c407c5.bin.gz,,,
straight_dope,1ed7a74f48673bd51f838d40,content,saved,200,28440,2026-10-09T03:55:42.747309+00:00,2026-10-09T03:55:44.809117+00:00,5655c8a569683a3741dc07c7cdcf2953f3b4f4217eb9c6e562649f63cd603b89,work_packages/M1_source_access/27_newspaper_context_recovery_20261008/social_public_api/continuations/20261009_public_native_expansion/worker/raw/1ed7a74f48673bd51f838d40.bin.gz,,,
mastodon_us,1ef870547ed6abc12e513bc7,content,saved,200,169862,2026-10-09T03:28:40.399412+00:00,2026-10-09T03:28:42.955754+00:00,2149050f40a267e4ad927ecd00f0d60f11990e9ea959c514bc79757cb7336f9d,work_packages/M1_source_access/27_newspaper_context_recovery_20261008/social_public_api/continuations/20261009_public_native_expansion/worker/raw/1ef870547ed6abc12e513bc7.bin.gz,,,
bluesky,1f5be4f74bbe4da466f6c63b,content,http_stop,400,,2026-10-09T03:18:11.008563+00:00,,,,,,
feddit_org,1fa50848952319dc5d5b6f41,content,saved,200,164647,2026-10-09T03:50:09.668318+00:00,2026-10-09T03:50:13.858204+00:00,0e90a2a8dc16956ed8d916b3bd32008b6a460aad7079ddd3a540d03538bd7fb6,work_packages/M1_source_access/27_newspaper_context_recovery_20261008/social_public_api/continuations/20261009_public_native_expansion/worker/raw/1fa50848952319dc5d5b6f41.bin.gz,,,
se_earthscience,1fede8b3b889ff8060355e33,content,saved,200,187308,2026-10-09T04:26:19.304519+00:00,2026-10-09T04:26:21.704325+00:00,f43960717f3a45acf7c91839c8da971dad1987c65c2de99a636e81f6f59d8f01,work_packages/M1_source_access/27_newspaper_context_recovery_20261008/social_public_api/continuations/20261009_public_native_expansion/worker/raw/1fede8b3b889ff8060355e33.bin.gz,189,,
python_discourse,20156b8ade72d90f3e0e5ca2,content,saved,200,50899,2026-10-09T04:26:32.102094+00:00,2026-10-09T04:26:34.521826+00:00,b40d1e6aceeb387a2958059cbdfcdbe0c74315b957722843d89d809f3c0dcfaf,work_packages/M1_source_access/27_newspaper_context_recovery_20261008/social_public_api/continuations/20261009_public_native_expansion/worker/raw/20156b8ade72d90f3e0e5ca2.bin.gz,,,
bluesky,209c5d47fbd12c1040136e96,content,saved,200,374258,2026-10-09T03:20:19.630370+00:00,2026-10-09T03:20:21.700241+00:00,d363c5705883f4c3731019d6d41ce01675ab9f6ce21ab35c5ed3cc4859fc42a4,work_packages/M1_source_access/27_newspaper_context_recovery_20261008/social_public_api/continuations/20261009_public_native_expansion/worker/raw/209c5d47fbd12c1040136e96.bin.gz,,,
bluesky,20d6c7f3556beccbe5f2ba57,content,saved,200,591972,2026-10-09T04:07:59.316619+00:00,2026-10-09T04:08:01.014841+00:00,e0f3388512372e55eb587bb05e92e4039a41266a9a3c82d3686651c29d2980cf,work_packages/M1_source_access/27_newspaper_context_recovery_20261008/social_public_api/continuations/20261009_public_native_expansion/worker/raw/20d6c7f3556beccbe5f2ba57.bin.gz,,,
python_discourse,210bc3d959b489337c56343d,content,saved,200,17460,2026-10-09T04:02:59.597297+00:00,2026-10-09T04:03:01.724309+00:00,72d09bdc0963a8eaaa053180f6c42a87a0b756cbe21f5b8bd9731fafac4ddae3,work_packages/M1_source_access/27_newspaper_context_recovery_20261008/social_public_api/continuations/20261009_public_native_expansion/worker/raw/210bc3d959b489337c56343d.bin.gz,,,
bluesky,2140a8f2b6a78606e13bd0e4,content,saved,200,11,2026-10-09T03:03:15.917990+00:00,2026-10-09T03:03:16.874500+00:00,ff620ad62f8de5fbc1a439d6cfe08cd5bd3583d045bd998ffd8458857a70248a,work_packages/M1_source_access/27_newspaper_context_recovery_20261008/social_public_api/continuations/20261009_public_native_expansion/worker/raw/2140a8f2b6a78606e13bd0e4.bin.gz,,,
mastodon_uk,21f2845dc692343befdb222e,content,saved,200,144588,2026-10-09T02:56:45.508234+00:00,2026-10-09T02:56:49.112257+00:00,427fa48e99317ad9154cfff995bcb232baf37af810d7e56b0acfb8f146fbd095,work_packages/M1_source_access/27_newspaper_context_recovery_20261008/social_public_api/continuations/20261009_public_native_expansion/worker/raw/21f2845dc692343befdb222e.bin.gz,,,
python_discourse,2219bd79dc53d4991d3bab53,content,saved,200,14267,2026-10-09T04:14:12.448299+00:00,2026-10-09T04:14:14.534610+00:00,86beb9dd898bedcbbc5d8091421c2e27f64e565b1ffe2dfdc92a60212b9435c2,work_packages/M1_source_access/27_newspaper_context_recovery_20261008/social_public_api/continuations/20261009_public_native_expansion/worker/raw/2219bd79dc53d4991d3bab53.bin.gz,,,
python_discourse,222094f835fdcc4111082929,content,saved,200,78116,2026-10-09T02:57:17.867256+00:00,2026-10-09T02:57:20.443616+00:00,9154516adf1c24959cc68e192d6700f9634d8d09da3336ada7cdd720c1ca8333,work_packages/M1_source_access/27_newspaper_context_recovery_20261008/social_public_api/continuations/20261009_public_native_expansion/worker/raw/222094f835fdcc4111082929.bin.gz,,,
mastodon_au,2243090b00d863e8a98eedf6,content,saved,200,177388,2026-10-09T03:23:11.051538+00:00,2026-10-09T03:23:12.278293+00:00,c85b5fbcb51c1c3829e63e3fb056fb41c69386ec67f583144b8bda3f9c3ecb2b,work_packages/M1_source_access/27_newspaper_context_recovery_20261008/social_public_api/continuations/20261009_public_native_expansion/worker/raw/2243090b00d863e8a98eedf6.bin.gz,,,
bluesky,228f9051f1a55db0244973bc,content,saved,200,2476,2026-10-09T03:21:59.825533+00:00,2026-10-09T03:22:00.747355+00:00,8ea8d71711817fe8e330ca1814b61b3eb2b0237d9f109cc937d1789fe38daede,work_packages/M1_source_access/27_newspaper_context_recovery_20261008/social_public_api/continuations/20261009_public_native_expansion/worker/raw/228f9051f1a55db0244973bc.bin.gz,,,
mastodon_us,229fa619132ddee5b79c84c5,content,saved,200,143813,2026-10-09T02:58:19.758486+00:00,2026-10-09T02:58:22.076185+00:00,8c1f1bc802314ddf8bee648b32e7281687b3c1ba932e15283fd111f317a45174,work_packages/M1_source_access/27_newspaper_context_recovery_20261008/social_public_api/continuations/20261009_public_native_expansion/worker/raw/229fa619132ddee5b79c84c5.bin.gz,,,
se_sustainability,22b2bb97bdbec2a21e4fbb5c,content,saved,200,166631,2026-10-09T03:55:09.174796+00:00,2026-10-09T03:55:10.668346+00:00,db9d0e5ef4254e6cbeabfd100195c120444018ff0730d53f034f6184a2aa2a69,work_packages/M1_source_access/27_newspaper_context_recovery_20261008/social_public_api/continuations/20261009_public_native_expansion/worker/raw/22b2bb97bdbec2a21e4fbb5c.bin.gz,222,,
bluesky,2343fd471cb98e16dee1dd6d,content,saved,200,11,2026-10-09T03:04:15.694935+00:00,2026-10-09T03:04:16.969538+00:00,ff620ad62f8de5fbc1a439d6cfe08cd5bd3583d045bd998ffd8458857a70248a,work_packages/M1_source_access/27_newspaper_context_recovery_20261008/social_public_api/continuations/20261009_public_native_expansion/worker/raw/2343fd471cb98e16dee1dd6d.bin.gz,,,
bluesky,23641be70601c31d5afe314b,content,saved,200,484898,2026-10-09T04:18:39.608355+00:00,2026-10-09T04:18:41.508176+00:00,7e5a34284d6a7d87a435498c2e0d859569650cc62fd86244dcf9531d41a45744,work_packages/M1_source_access/27_newspaper_context_recovery_20261008/social_public_api/continuations/20261009_public_native_expansion/worker/raw/23641be70601c31d5afe314b.bin.gz,,,
straight_dope,2382ca15bf370d52546ddcdc,content,saved,200,30348,2026-10-09T03:14:00.363859+00:00,2026-10-09T03:14:02.340145+00:00,8e01a04b388dc5b482bdcd44df333ef2a36144a32a116cba5c5a7c34068e668a,work_packages/M1_source_access/27_newspaper_context_recovery_20261008/social_public_api/continuations/20261009_public_native_expansion/worker/raw/2382ca15bf370d52546ddcdc.bin.gz,,,
bluesky,2413048596693f0572ef5e25,content,saved,200,11,2026-10-09T03:03:45.207285+00:00,2026-10-09T03:03:46.068904+00:00,ff620ad62f8de5fbc1a439d6cfe08cd5bd3583d045bd998ffd8458857a70248a,work_packages/M1_source_access/27_newspaper_context_recovery_20261008/social_public_api/continuations/20261009_public_native_expansion/worker/raw/2413048596693f0572ef5e25.bin.gz,,,
python_discourse,247785207f3312a2a9a7b069,content,saved,200,39403,2026-10-09T04:26:04.592094+00:00,2026-10-09T04:26:07.029364+00:00,8d5b7fb6f1404f17b0db6ec1dc65b7eecdda2608ac9eff9e0f0ae286a00064df,work_packages/M1_source_access/27_newspaper_context_recovery_20261008/social_public_api/continuations/20261009_public_native_expansion/worker/raw/247785207f3312a2a9a7b069.bin.gz,,,
mastodon_au,248bd3b4a3aa174bf8ca4b77,content,saved,200,166602,2026-10-09T03:13:50.484152+00:00,2026-10-09T03:13:51.708164+00:00,791df6b04d0219dd920f3f83ef7c50cca5218ac78c224086463cd578b4bf0343,work_packages/M1_source_access/27_newspaper_context_recovery_20261008/social_public_api/continuations/20261009_public_native_expansion/worker/raw/248bd3b4a3aa174bf8ca4b77.bin.gz,,,
se_sustainability,24ae3924b0f8f145717f1675,content,saved,200,90535,2026-10-09T03:59:11.572377+00:00,2026-10-09T03:59:13.008920+00:00,b52fa8f5a75e9eb6a8db55ddad7ce00268d5e3a94f62d194278ac8d2163e3e80,work_packages/M1_source_access/27_newspaper_context_recovery_20261008/social_public_api/continuations/20261009_public_native_expansion/worker/raw/24ae3924b0f8f145717f1675.bin.gz,218,,
bluesky,251464f127951fcf2918813b,content,saved,200,21326,2026-10-09T03:18:04.156388+00:00,2026-10-09T03:18:05.738853+00:00,f78782ce7bd105c357c2029fd05de65e4c7592d1cea65ef2d1a70caedd7851bc,work_packages/M1_source_access/27_newspaper_context_recovery_20261008/social_public_api/continuations/20261009_public_native_expansion/worker/raw/251464f127951fcf2918813b.bin.gz,,,
mastodon_us,25ac4d2f6719aeedbd59a1f5,content,saved,200,133374,2026-10-09T02:59:25.506401+00:00,2026-10-09T02:59:28.401713+00:00,ec59be6e9b95dc4bfe2b85ba56a35e41683a739f9d452d1e4b21ac9bbb87bbd2,work_packages/M1_source_access/27_newspaper_context_recovery_20261008/social_public_api/continuations/20261009_public_native_expansion/worker/raw/25ac4d2f6719aeedbd59a1f5.bin.gz,,,
mastodon_uk,25dd6f0a43e8ec5638bb7644,content,saved,200,108660,2026-10-09T03:13:44.980067+00:00,2026-10-09T03:13:48.112329+00:00,af1c443e85427a0d8942e726829d8136c29566d987b8927650eeee695b84514b,work_packages/M1_source_access/27_newspaper_context_recovery_20261008/social_public_api/continuations/20261009_public_native_expansion/worker/raw/25dd6f0a43e8ec5638bb7644.bin.gz,,,
straight_dope,25f1ba5042d9239d0c4c40f4,content,saved,200,28076,2026-10-09T04:05:19.409845+00:00,2026-10-09T04:05:21.603206+00:00,be167760f8c0321d3d91fd0db0a8ac669fa9b0ab43f6273a60c86283aa06a3e7,work_packages/M1_source_access/27_newspaper_context_recovery_20261008/social_public_api/continuations/20261009_public_native_expansion/worker/raw/25f1ba5042d9239d0c4c40f4.bin.gz,,,
bluesky,25fa21ee012f200063813205,content,saved,200,489402,2026-10-09T04:07:39.166339+00:00,2026-10-09T04:07:41.528991+00:00,7cf5fb4056200121fae4560a6cb5b8fcb3a026a5d7d6d9739b08ea17e65df04b,work_packages/M1_source_access/27_newspaper_context_recovery_20261008/social_public_api/continuations/20261009_public_native_expansion/worker/raw/25fa21ee012f200063813205.bin.gz,,,
bluesky,260b0d765083681fa5599331,content,saved,200,504720,2026-10-09T03:27:59.689890+00:00,2026-10-09T03:28:01.920297+00:00,5b38d9b641a59f544a76cee97f90c116aea78e3c1ef11be344de91ca3ab05ed2,work_packages/M1_source_access/27_newspaper_context_recovery_20261008/social_public_api/continuations/20261009_public_native_expansion/worker/raw/260b0d765083681fa5599331.bin.gz,,,
bluesky,264178d87fdf29ca5f08fbfb,content,saved,200,11,2026-10-09T03:10:23.997994+00:00,2026-10-09T03:10:25.162863+00:00,ff620ad62f8de5fbc1a439d6cfe08cd5bd3583d045bd998ffd8458857a70248a,work_packages/M1_source_access/27_newspaper_context_recovery_20261008/social_public_api/continuations/20261009_public_native_expansion/worker/raw/264178d87fdf29ca5f08fbfb.bin.gz,,,
bluesky,26431305807751986ae1ede6,content,saved,200,471806,2026-10-09T03:27:49.638669+00:00,2026-10-09T03:27:51.857757+00:00,86f49394ffbb861c9ecc09a75d95fb00386ed7ee4b4390146f169427ebad0adb,work_packages/M1_source_access/27_newspaper_context_recovery_20261008/social_public_api/continuations/20261009_public_native_expansion/worker/raw/26431305807751986ae1ede6.bin.gz,,,
mastodon_us,2667c0d118d06f21364ec013,content,saved,200,153388,2026-10-09T03:25:09.725397+00:00,2026-10-09T03:25:12.490821+00:00,1795ce8abf7d9c7ab5152aa13732bfd47d0674caa9e09f3de3242b7eac39cbb6,work_packages/M1_source_access/27_newspaper_context_recovery_20261008/social_public_api/continuations/20261009_public_native_expansion/worker/raw/2667c0d118d06f21364ec013.bin.gz,,,
python_discourse,266d56bde257f50bbeddfc5c,content,saved,200,8848,2026-10-09T03:32:25.384371+00:00,2026-10-09T03:32:26.914241+00:00,7274a07312dc7731ead19044ae029836ddfdb1ab78a1bdc991328ea1b8be8a19,work_packages/M1_source_access/27_newspaper_context_recovery_20261008/social_public_api/continuations/20261009_public_native_expansion/worker/raw/266d56bde257f50bbeddfc5c.bin.gz,,,
midwest_social,26bf38547557987abe50f173,source_metadata,saved,200,14970,2026-10-09T03:23:31.329640+00:00,2026-10-09T03:23:33.247479+00:00,ebee230e0d58843bb9b1e0ff1d18b0b70a03f74826868c8e920d13ee00a86cfe,work_packages/M1_source_access/27_newspaper_context_recovery_20261008/social_public_api/continuations/20261009_public_native_expansion/worker/raw/26bf38547557987abe50f173.bin.gz,,,
python_discourse,26d254bf7c5df7c6a56a188d,content,saved,200,4046,2026-10-09T04:04:53.547999+00:00,2026-10-09T04:04:55.510249+00:00,2413c45e6dbb6f99f9dbe264ec419a6c865fd83ca39376f4a7671ac50cb10993,work_packages/M1_source_access/27_newspaper_context_recovery_20261008/social_public_api/continuations/20261009_public_native_expansion/worker/raw/26d254bf7c5df7c6a56a188d.bin.gz,,,
bluesky,26e6b89778fa852ee0062ae5,content,saved,200,557557,2026-10-09T04:09:41.827739+00:00,2026-10-09T04:09:43.760883+00:00,d3d5810df23812f36c9fcc990d9bc022b0fde7c47af0ac56b8fc0c11abb7b023,work_packages/M1_source_access/27_newspaper_context_recovery_20261008/social_public_api/continuations/20261009_public_native_expansion/worker/raw/26e6b89778fa852ee0062ae5.bin.gz,,,
bluesky,26ff8e9fcae732c460911a0a,content,saved,200,566813,2026-10-09T03:52:00.929971+00:00,2026-10-09T03:52:03.166140+00:00,5d4011b3352f61f1326ee7bea4e8958a44e6ac639f5345ee2f25007a4dc16241,work_packages/M1_source_access/27_newspaper_context_recovery_20261008/social_public_api/continuations/20261009_public_native_expansion/worker/raw/26ff8e9fcae732c460911a0a.bin.gz,,,
bluesky,270d4f625c8bd41643f008e2,content,saved,200,588234,2026-10-09T04:18:34.361362+00:00,2026-10-09T04:18:36.807177+00:00,92cb61a6552c33866f67f68c691d35149d1b5929a8325edaf51d021513a542c2,work_packages/M1_source_access/27_newspaper_context_recovery_20261008/social_public_api/continuations/20261009_public_native_expansion/worker/raw/270d4f625c8bd41643f008e2.bin.gz,,,
mastodon_us,27192041ffcc4aa8860dc4ee,content,saved,200,132616,2026-10-09T03:34:04.786805+00:00,2026-10-09T03:34:06.934083+00:00,609efa3c440ac0d7e01748f3fd554f2b46888805ba52b20f9339a71ffb714db6,work_packages/M1_source_access/27_newspaper_context_recovery_20261008/social_public_api/continuations/20261009_public_native_expansion/worker/raw/27192041ffcc4aa8860dc4ee.bin.gz,,,
straight_dope,274b58b0234b37d927b3bf45,content,saved,200,27930,2026-10-09T04:01:34.575586+00:00,2026-10-09T04:01:36.222326+00:00,9f2173d3e5ee6c03ecd860701909a320cb3020c16fd856ca6a33df58b221b400,work_packages/M1_source_access/27_newspaper_context_recovery_20261008/social_public_api/continuations/20261009_public_native_expansion/worker/raw/274b58b0234b37d927b3bf45.bin.gz,,,
bluesky,277aeebd1eef7a89132e77fa,content,saved,200,509519,2026-10-09T04:00:28.511351+00:00,2026-10-09T04:00:31.084824+00:00,bfc25aa939e6e064e69c6fd54160e73349c1fbc1c7628d65914cca96e508df83,work_packages/M1_source_access/27_newspaper_context_recovery_20261008/social_public_api/continuations/20261009_public_native_expansion/worker/raw/277aeebd1eef7a89132e77fa.bin.gz,,,
osm_discourse,27d37fb17f1b8be30c35f512,content,saved,200,46638,2026-10-09T04:21:56.268195+00:00,2026-10-09T04:21:59.036180+00:00,7bb894513e7c3c98c801cafd103db8246d46771e643fa54402b3eced25988499,work_packages/M1_source_access/27_newspaper_context_recovery_20261008/social_public_api/continuations/20261009_public_native_expansion/worker/raw/27d37fb17f1b8be30c35f512.bin.gz,,,
bluesky,27ecaa43952f60b0b862c7bc,content,saved,200,636479,2026-10-09T03:32:12.592981+00:00,2026-10-09T03:32:14.417498+00:00,a5de2cf0ba5761c6f8fa5955dfac12ab44bb6fb850880eaade6090b4dff34b30,work_packages/M1_source_access/27_newspaper_context_recovery_20261008/social_public_api/continuations/20261009_public_native_expansion/worker/raw/27ecaa43952f60b0b862c7bc.bin.gz,,,
bluesky,280837db747d21984a10cdb1,content,saved,200,380482,2026-10-09T03:51:51.395985+00:00,2026-10-09T03:51:53.478247+00:00,28d029339a63e1718605e32df78daf78cb88e13b8b7292e65472aeafb83cd2ac,work_packages/M1_source_access/27_newspaper_context_recovery_20261008/social_public_api/continuations/20261009_public_native_expansion/worker/raw/280837db747d21984a10cdb1.bin.gz,,,
bluesky,283a97924e848915054b7a4c,content,saved,200,518380,2026-10-09T03:25:58.177647+00:00,2026-10-09T03:26:00.122668+00:00,60cc86c40bc59aca0fe06620b6e0137720cec87bdf0a74f0329fd1d9bf45c8af,work_packages/M1_source_access/27_newspaper_context_recovery_20261008/social_public_api/continuations/20261009_public_native_expansion/worker/raw/283a97924e848915054b7a4c.bin.gz,,,
bluesky,28538a136a4dcfc6fd709f55,content,saved,200,11,2026-10-09T03:24:27.283329+00:00,2026-10-09T03:24:28.718710+00:00,ff620ad62f8de5fbc1a439d6cfe08cd5bd3583d045bd998ffd8458857a70248a,work_packages/M1_source_access/27_newspaper_context_recovery_20261008/social_public_api/continuations/20261009_public_native_expansion/worker/raw/28538a136a4dcfc6fd709f55.bin.gz,,,
mastodon_au,28714e924f6436618049ac84,content,saved,200,145414,2026-10-09T03:26:36.551503+00:00,2026-10-09T03:26:38.294109+00:00,41b4ecf181f443e15e2d082c21e12da4451b254f64c99c3af4989b46c98bccaa,work_packages/M1_source_access/27_newspaper_context_recovery_20261008/social_public_api/continuations/20261009_public_native_expansion/worker/raw/28714e924f6436618049ac84.bin.gz,,,
se_sustainability,28c2d542896b9aae1ee7742c,content,saved,200,139784,2026-10-09T04:21:13.229605+00:00,2026-10-09T04:21:14.838986+00:00,77017d26603d5d9b9be10b2c522af617620c5dee82f10f58b1824357139e0dec,work_packages/M1_source_access/27_newspaper_context_recovery_20261008/social_public_api/continuations/20261009_public_native_expansion/worker/raw/28c2d542896b9aae1ee7742c.bin.gz,196,,
osm_discourse,28c7c6bada93d308a2fb9646,content,saved,200,30492,2026-10-09T03:21:51.049314+00:00,2026-10-09T03:21:53.208507+00:00,d65fb4492de493edcfc28798adb922e8dbeaaec23b7d451c87057a187d004179,work_packages/M1_source_access/27_newspaper_context_recovery_20261008/social_public_api/continuations/20261009_public_native_expansion/worker/raw/28c7c6bada93d308a2fb9646.bin.gz,,,
se_sustainability,2a49b655a7edb659a8c45b6d,content,saved,200,87769,2026-10-09T04:15:21.362209+00:00,2026-10-09T04:15:22.832417+00:00,d9ba6a0004fe899ca34625c0d34f7740ecf8113df607e6b8c7deb0cf00a404f1,work_packages/M1_source_access/27_newspaper_context_recovery_20261008/social_public_api/continuations/20261009_public_native_expansion/worker/raw/2a49b655a7edb659a8c45b6d.bin.gz,202,,
bluesky,2aab69c3aa577fd8c88e718f,content,saved,200,587255,2026-10-09T04:18:44.050279+00:00,2026-10-09T04:18:46.476388+00:00,f34d78fd5b4d5d7c871d9c00319b1acab4c408d5e1ff3d2943d8001c3a38e65e,work_packages/M1_source_access/27_newspaper_context_recovery_20261008/social_public_api/continuations/20261009_public_native_expansion/worker/raw/2aab69c3aa577fd8c88e718f.bin.gz,,,
mastodon_uk,2ba1d7fde13a2ec3e0d56f40,content,saved,200,147543,2026-10-09T03:36:11.963247+00:00,2026-10-09T03:36:15.675822+00:00,0736d5f3cf460e7500021467b28a86cbb682f3834d4e46f2cc64be706bd25598,work_packages/M1_source_access/27_newspaper_context_recovery_20261008/social_public_api/continuations/20261009_public_native_expansion/worker/raw/2ba1d7fde13a2ec3e0d56f40.bin.gz,,,
bluesky,2c1035552200811fda1cc8f6,content,saved,200,662788,2026-10-09T03:25:54.052211+00:00,2026-10-09T03:25:56.298953+00:00,d4d99bc21d72a364a5c1a6c34f94093264d3627c64de6c8528faedf0e46a74db,work_packages/M1_source_access/27_newspaper_context_recovery_20261008/social_public_api/continuations/20261009_public_native_expansion/worker/raw/2c1035552200811fda1cc8f6.bin.gz,,,
bluesky,2c19c40fb9f146b8fda73411,content,saved,200,11,2026-10-09T03:02:29.456194+00:00,2026-10-09T03:02:30.344692+00:00,ff620ad62f8de5fbc1a439d6cfe08cd5bd3583d045bd998ffd8458857a70248a,work_packages/M1_source_access/27_newspaper_context_recovery_20261008/social_public_api/continuations/20261009_public_native_expansion/worker/raw/2c19c40fb9f146b8fda73411.bin.gz,,,
osm_discourse,2c58b230101d283914c5bf0c,content,saved,200,39003,2026-10-09T03:29:25.875930+00:00,2026-10-09T03:29:28.538777+00:00,099c77f6089bae95e2479894d2f0b735fdde90e1f3cae9a8b07ae329e3034bbc,work_packages/M1_source_access/27_newspaper_context_recovery_20261008/social_public_api/continuations/20261009_public_native_expansion/worker/raw/2c58b230101d283914c5bf0c.bin.gz,,,
bluesky,2c5a53118769b53810e5a6e6,content,saved,200,656868,2026-10-09T04:14:50.653372+00:00,2026-10-09T04:14:52.445359+00:00,a40758698c38ebaa7b07de313fe413351f26560bf1bf560c26c7296b1b0ddd29,work_packages/M1_source_access/27_newspaper_context_recovery_20261008/social_public_api/continuations/20261009_public_native_expansion/worker/raw/2c5a53118769b53810e5a6e6.bin.gz,,,
se_sustainability,2c5bd4417c6aa4dc478b5d80,content,saved,200,82655,2026-10-09T02:58:33.050439+00:00,2026-10-09T02:58:33.976267+00:00,0ac31704c72cdcb81dcf446b6fa923a66520cc2f8035979016d60f3644a2e62c,work_packages/M1_source_access/27_newspaper_context_recovery_20261008/social_public_api/continuations/20261009_public_native_expansion/worker/raw/2c5bd4417c6aa4dc478b5d80.bin.gz,250,,
osm_discourse,2cb94aa97cf6a4e8d0d696fc,content,saved,200,28867,2026-10-09T03:35:08.282163+00:00,2026-10-09T03:35:11.940840+00:00,d11f3524484d0bb034f67f86e05f0f22815074d7a8e7bc5043007d57db18aa7b,work_packages/M1_source_access/27_newspaper_context_recovery_20261008/social_public_api/continuations/20261009_public_native_expansion/worker/raw/2cb94aa97cf6a4e8d0d696fc.bin.gz,,,
python_discourse,2ccd062726671a0d1c6417f0,content,saved,200,32739,2026-10-09T03:14:08.882451+00:00,2026-10-09T03:14:11.171650+00:00,46c20eb5c7b26e48a8c06b327ccaa1f22d473165650f853e941b684d0fe5544f,work_packages/M1_source_access/27_newspaper_context_recovery_20261008/social_public_api/continuations/20261009_public_native_expansion/worker/raw/2ccd062726671a0d1c6417f0.bin.gz,,,
mastodon_uk,2e58b275adf3819fdf5c70a4,content,saved,200,131427,2026-10-09T03:30:40.850216+00:00,2026-10-09T03:30:44.496487+00:00,99887659c2b037bbe54036513c879e6e6232dd7cab270c1445747624d5748733,work_packages/M1_source_access/27_newspaper_context_recovery_20261008/social_public_api/continuations/20261009_public_native_expansion/worker/raw/2e58b275adf3819fdf5c70a4.bin.gz,,,
python_discourse,2f442416adfa3f9b7e7faee4,documentation,saved,200,42436,2026-10-09T03:17:39.964461+00:00,2026-10-09T03:17:40.971810+00:00,964cc5598c00c86c667524f5dfe0aa6af7b1eda09dc69629037889e965132781,work_packages/M1_source_access/27_newspaper_context_recovery_20261008/social_public_api/continuations/20261009_public_native_expansion/worker/raw/2f442416adfa3f9b7e7faee4.bin.gz,,,
bluesky,2f65fb4522111d3b28ad8451,content,saved,200,11,2026-10-09T03:21:17.942649+00:00,2026-10-09T03:21:19.494770+00:00,ff620ad62f8de5fbc1a439d6cfe08cd5bd3583d045bd998ffd8458857a70248a,work_packages/M1_source_access/27_newspaper_context_recovery_20261008/social_public_api/continuations/20261009_public_native_expansion/worker/raw/2f65fb4522111d3b28ad8451.bin.gz,,,
python_discourse,2f7370e0d10189b45de69ec2,content,saved,200,4996,2026-10-09T03:26:54.651743+00:00,2026-10-09T03:26:56.432114+00:00,8877603ff8748cd3ac9fee77c7e7f3fc4f50887b962316887c6fd50d6f1ac021,work_packages/M1_source_access/27_newspaper_context_recovery_20261008/social_public_api/continuations/20261009_public_native_expansion/worker/raw/2f7370e0d10189b45de69ec2.bin.gz,,,
mastodon_au,2fc2eed08a9cd63c2776d548,content,saved,200,151061,2026-10-09T04:17:47.964817+00:00,2026-10-09T04:17:50.156576+00:00,3105c3f380690a5dbe8a71b8ef4c0db58c9985a70e068bfff8be96467387ca7e,work_packages/M1_source_access/27_newspaper_context_recovery_20261008/social_public_api/continuations/20261009_public_native_expansion/worker/raw/2fc2eed08a9cd63c2776d548.bin.gz,,,
bluesky,2febccc9071d4d1d7f274bbc,content,saved,200,11,2026-10-09T03:04:42.571373+00:00,2026-10-09T03:04:43.736047+00:00,ff620ad62f8de5fbc1a439d6cfe08cd5bd3583d045bd998ffd8458857a70248a,work_packages/M1_source_access/27_newspaper_context_recovery_20261008/social_public_api/continuations/20261009_public_native_expansion/worker/raw/2febccc9071d4d1d7f274bbc.bin.gz,,,
bluesky,30510331018a02128943397e,content,saved,200,11,2026-10-09T03:02:52.825505+00:00,2026-10-09T03:02:53.687144+00:00,ff620ad62f8de5fbc1a439d6cfe08cd5bd3583d045bd998ffd8458857a70248a,work_packages/M1_source_access/27_newspaper_context_recovery_20261008/social_public_api/continuations/20261009_public_native_expansion/worker/raw/30510331018a02128943397e.bin.gz,,,
mastodon_uk,30f5bc069348ad14fea615f1,content,saved,200,137551,2026-10-09T04:23:35.457884+00:00,2026-10-09T04:23:38.935546+00:00,9512fb3d2031a4afe972d4fad9a79dd491715126e675e76ede2c1c7cf63023bd,work_packages/M1_source_access/27_newspaper_context_recovery_20261008/social_public_api/continuations/20261009_public_native_expansion/worker/raw/30f5bc069348ad14fea615f1.bin.gz,,,
bluesky,310a2ffe589340a66df9efdc,content,saved,200,11,2026-10-09T03:14:46.196052+00:00,2026-10-09T03:14:47.565107+00:00,ff620ad62f8de5fbc1a439d6cfe08cd5bd3583d045bd998ffd8458857a70248a,work_packages/M1_source_access/27_newspaper_context_recovery_20261008/social_public_api/continuations/20261009_public_native_expansion/worker/raw/310a2ffe589340a66df9efdc.bin.gz,,,
bluesky,3118872cf010edb625d5c1f1,content,saved,200,527817,2026-10-09T04:20:14.440656+00:00,2026-10-09T04:20:16.684680+00:00,4bb70cfbbc650f834362c049455182ec0ee2d941681024717328b63b778cf3dd,work_packages/M1_source_access/27_newspaper_context_recovery_20261008/social_public_api/continuations/20261009_public_native_expansion/worker/raw/3118872cf010edb625d5c1f1.bin.gz,,,
bluesky,313c76adb0ea85400e12ba9a,content,saved,200,661204,2026-10-09T03:15:37.199985+00:00,2026-10-09T03:15:39.653383+00:00,c56ff9574f3e401354d7977809cdb52d4bda2918dc93badf2a340864c20ab558,work_packages/M1_source_access/27_newspaper_context_recovery_20261008/social_public_api/continuations/20261009_public_native_expansion/worker/raw/313c76adb0ea85400e12ba9a.bin.gz,,,
lemmy_nz,317078b9ef4e8feaaf65d523,content,saved,200,143036,2026-10-09T04:22:43.746463+00:00,2026-10-09T04:22:45.808223+00:00,3f735c08055127d565fac02b6df5b9eacb38a73ed6972541f8364c4662a46b44,work_packages/M1_source_access/27_newspaper_context_recovery_20261008/social_public_api/continuations/20261009_public_native_expansion/worker/raw/317078b9ef4e8feaaf65d523.bin.gz,,,
bluesky,31b5c3ed4c4a05169db3cbdc,content,saved,200,11,2026-10-09T03:26:15.087409+00:00,2026-10-09T03:26:16.376576+00:00,ff620ad62f8de5fbc1a439d6cfe08cd5bd3583d045bd998ffd8458857a70248a,work_packages/M1_source_access/27_newspaper_context_recovery_20261008/social_public_api/continuations/20261009_public_native_expansion/worker/raw/31b5c3ed4c4a05169db3cbdc.bin.gz,,,
bluesky,32031c14b1b7148ca8be0f1a,content,saved,200,633821,2026-10-09T04:12:49.279911+00:00,2026-10-09T04:12:51.524828+00:00,3b460768f867befda4a34680a96f52372098707816bab7c66188541b5f82e017,work_packages/M1_source_access/27_newspaper_context_recovery_20261008/social_public_api/continuations/20261009_public_native_expansion/worker/raw/32031c14b1b7148ca8be0f1a.bin.gz,,,
bluesky,322888260cfd5855fc99e88d,content,saved,200,190496,2026-10-09T03:27:06.763873+00:00,2026-10-09T03:27:08.597095+00:00,3cdcbe291b29936f928e63d3063b933965aeb3c6d384c5ef6dce80cde15fd351,work_packages/M1_source_access/27_newspaper_context_recovery_20261008/social_public_api/continuations/20261009_public_native_expansion/worker/raw/322888260cfd5855fc99e88d.bin.gz,,,
bluesky,326657b2ed3f726b056afee5,content,saved,200,448306,2026-10-09T03:33:05.870610+00:00,2026-10-09T03:33:08.144150+00:00,3b963f1974626a18de85e6dee4fe8224f10414863ddb0f27f9a9457e7dc68caf,work_packages/M1_source_access/27_newspaper_context_recovery_20261008/social_public_api/continuations/20261009_public_native_expansion/worker/raw/326657b2ed3f726b056afee5.bin.gz,,,
bluesky,327c2b0de7bb3d1108a9e05c,content,saved,200,530165,2026-10-09T04:14:39.971545+00:00,2026-10-09T04:14:42.497149+00:00,5ba30f9b9cd3495c6cfe5f84230666aecc99f48545099bc754f67cfb4c80e96a,work_packages/M1_source_access/27_newspaper_context_recovery_20261008/social_public_api/continuations/20261009_public_native_expansion/worker/raw/327c2b0de7bb3d1108a9e05c.bin.gz,,,
python_discourse,32a5b5c4ad4e881969f6f588,content,saved,200,2183,2026-10-09T04:26:43.348656+00:00,2026-10-09T04:26:45.170297+00:00,e84ebe603dc4da3fbd3165b3a9ef104ee9933b5b7b294e24b08430fcf9f67dcc,work_packages/M1_source_access/27_newspaper_context_recovery_20261008/social_public_api/continuations/20261009_public_native_expansion/worker/raw/32a5b5c4ad4e881969f6f588.bin.gz,,,
mastodon_ie,330d7933c717ea61c1a8afc0,content,saved,200,156763,2026-10-09T04:15:35.385571+00:00,2026-10-09T04:15:39.023326+00:00,a7b14c492c163c424b93c9d37afc5ed39c8856c8a9abdcb7f21cda2202c6e3c3,work_packages/M1_source_access/27_newspaper_context_recovery_20261008/social_public_api/continuations/20261009_public_native_expansion/worker/raw/330d7933c717ea61c1a8afc0.bin.gz,,,
se_earthscience,334282c85194844ca4507025,content,saved,200,84610,2026-10-09T02:57:14.668547+00:00,2026-10-09T02:57:16.097595+00:00,2a615bf4eb6b3907625616fbad53f21b6fffd3654a19bd84cf35f8355d0f3841,work_packages/M1_source_access/27_newspaper_context_recovery_20261008/social_public_api/continuations/20261009_public_native_expansion/worker/raw/334282c85194844ca4507025.bin.gz,253,,
mastodon_ie,34a4c5e656a6cce8b344f081,content,saved,200,165249,2026-10-09T03:13:38.611251+00:00,2026-10-09T03:13:42.236460+00:00,99c1e024431f588c0500bebff9af310303a55028f030013c348377afb9075717,work_packages/M1_source_access/27_newspaper_context_recovery_20261008/social_public_api/continuations/20261009_public_native_expansion/worker/raw/34a4c5e656a6cce8b344f081.bin.gz,,,
bluesky,34f0410ba50ac0e08956dd08,content,saved,200,117206,2026-10-09T03:22:02.495857+00:00,2026-10-09T03:22:03.923365+00:00,a0ca80c07eab9d9637a20af58bfa62945fa7b6a3d5178751796f26123c760840,work_packages/M1_source_access/27_newspaper_context_recovery_20261008/social_public_api/continuations/20261009_public_native_expansion/worker/raw/34f0410ba50ac0e08956dd08.bin.gz,,,
bluesky,34fd612963be0492cd66d09c,content,saved,200,11,2026-10-09T03:19:34.341478+00:00,2026-10-09T03:19:35.388210+00:00,ff620ad62f8de5fbc1a439d6cfe08cd5bd3583d045bd998ffd8458857a70248a,work_packages/M1_source_access/27_newspaper_context_recovery_20261008/social_public_api/continuations/20261009_public_native_expansion/worker/raw/34fd612963be0492cd66d09c.bin.gz,,,
bluesky,351751c57fb8666fba1bd2d3,content,saved,200,476004,2026-10-09T04:09:36.289902+00:00,2026-10-09T04:09:38.686576+00:00,ddd22a53a5a3618555b8197ac512250da0ea4ff187fe26da009c5d8b2cdb6054,work_packages/M1_source_access/27_newspaper_context_recovery_20261008/social_public_api/continuations/20261009_public_native_expansion/worker/raw/351751c57fb8666fba1bd2d3.bin.gz,,,
se_sustainability,356da428a9f287531bdc0da7,content,saved,200,77608,2026-10-09T03:13:26.313227+00:00,2026-10-09T03:13:28.588114+00:00,13f315da476f561e3acd027f449cf8187e435f2cc17cc270170bebb5bbae2b7c,work_packages/M1_source_access/27_newspaper_context_recovery_20261008/social_public_api/continuations/20261009_public_native_expansion/worker/raw/356da428a9f287531bdc0da7.bin.gz,238,,
mastodon_us,358dd208cc336c7b452b2ef3,content,saved,200,144553,2026-10-09T03:09:33.048694+00:00,2026-10-09T03:09:35.397776+00:00,1b5c56f67a41e04644473ee9b8660c2ce65d2af62f8744fa89c7ecda565836a5,work_packages/M1_source_access/27_newspaper_context_recovery_20261008/social_public_api/continuations/20261009_public_native_expansion/worker/raw/358dd208cc336c7b452b2ef3.bin.gz,,,
bluesky,35a7908c84185ab7399ee2f9,content,saved,200,3797,2026-10-09T03:02:43.846848+00:00,2026-10-09T03:02:45.359024+00:00,1340ac3df6a29477870477536a98b0f87044b38f2b61a7c16ec86ba1372736b5,work_packages/M1_source_access/27_newspaper_context_recovery_20261008/social_public_api/continuations/20261009_public_native_expansion/worker/raw/35a7908c84185ab7399ee2f9.bin.gz,,,
bluesky,35d4d90aed53591e069b707b,content,saved,200,11,2026-10-09T03:18:27.306465+00:00,2026-10-09T03:18:28.652259+00:00,ff620ad62f8de5fbc1a439d6cfe08cd5bd3583d045bd998ffd8458857a70248a,work_packages/M1_source_access/27_newspaper_context_recovery_20261008/social_public_api/continuations/20261009_public_native_expansion/worker/raw/35d4d90aed53591e069b707b.bin.gz,,,
mastodon_us,35db72fdf88aaf859f0c3c03,content,saved,200,171015,2026-10-09T03:23:13.600260+00:00,2026-10-09T03:23:15.596299+00:00,81987796eb180cbc0df42e2396955948f30952d724d1095ccdec8b80a4eff3a7,work_packages/M1_source_access/27_newspaper_context_recovery_20261008/social_public_api/continuations/20261009_public_native_expansion/worker/raw/35db72fdf88aaf859f0c3c03.bin.gz,,,
mastodon_us,35f3c6567808d0b1d9355e80,content,saved,200,163955,2026-10-09T03:13:53.790222+00:00,2026-10-09T03:13:56.336863+00:00,8f1dacc6e47a48550d7678f6f10317ca3d4ec1dc9b9b994dcf65a6400a55da53,work_packages/M1_source_access/27_newspaper_context_recovery_20261008/social_public_api/continuations/20261009_public_native_expansion/worker/raw/35f3c6567808d0b1d9355e80.bin.gz,,,
se_earthscience,3623f1611fce6f8056874689,content,saved,200,144620,2026-10-09T03:48:26.781629+00:00,2026-10-09T03:48:28.295573+00:00,8e275c28f88e768e5d3c9531e1d28b5f967074a8ed5d180c1c8aeadea39eb0d1,work_packages/M1_source_access/27_newspaper_context_recovery_20261008/social_public_api/continuations/20261009_public_native_expansion/worker/raw/3623f1611fce6f8056874689.bin.gz,226,,
se_earthscience,36699e2e6055af4046c8a1e2,content,saved,200,89330,2026-10-09T04:17:24.542106+00:00,2026-10-09T04:17:26.033222+00:00,ed5ac2906986c8752d10587617140a91e5a4a6db557b0039fc66e11084b0f3ad,work_packages/M1_source_access/27_newspaper_context_recovery_20261008/social_public_api/continuations/20261009_public_native_expansion/worker/raw/36699e2e6055af4046c8a1e2.bin.gz,199,,
bluesky,368c76879d69f69fc4594ad2,content,saved,200,486789,2026-10-09T03:52:15.660709+00:00,2026-10-09T03:52:17.915950+00:00,34c5a32957c4fd88d934fdc7708c35eb408b3b0793fa9a6a1b4b34f5a0006d14,work_packages/M1_source_access/27_newspaper_context_recovery_20261008/social_public_api/continuations/20261009_public_native_expansion/worker/raw/368c76879d69f69fc4594ad2.bin.gz,,,
bluesky,3708a52a3cbef5a2517a0aa2,content,saved,200,11,2026-10-09T03:18:34.035616+00:00,2026-10-09T03:18:34.964811+00:00,ff620ad62f8de5fbc1a439d6cfe08cd5bd3583d045bd998ffd8458857a70248a,work_packages/M1_source_access/27_newspaper_context_recovery_20261008/social_public_api/continuations/20261009_public_native_expansion/worker/raw/3708a52a3cbef5a2517a0aa2.bin.gz,,,
python_discourse,37148324808cce1233aa17cf,content,saved,200,2476,2026-10-09T04:26:57.538195+00:00,2026-10-09T04:26:59.311910+00:00,cbac652668fafa65f32d8ad4900fe22e65048b886a2c99e1e4384ea66c4f06dd,work_packages/M1_source_access/27_newspaper_context_recovery_20261008/social_public_api/continuations/20261009_public_native_expansion/worker/raw/37148324808cce1233aa17cf.bin.gz,,,
bluesky,37331e48cf58f57699d92a64,content,saved,200,452863,2026-10-09T03:32:06.255290+00:00,2026-10-09T03:32:08.459228+00:00,660117b9c8c2460bf47acaa309c94cf96d86c451832d0987e34b81051aee5758,work_packages/M1_source_access/27_newspaper_context_recovery_20261008/social_public_api/continuations/20261009_public_native_expansion/worker/raw/37331e48cf58f57699d92a64.bin.gz,,,
mastodon_ie,385cb55a8ffd584c98e5511a,content,saved,200,149706,2026-10-09T03:46:15.997764+00:00,2026-10-09T03:46:19.255675+00:00,1b066800d28ea3a2441089063377131b5bbed08b8d1d4096624e4407f853b23b,work_packages/M1_source_access/27_newspaper_context_recovery_20261008/social_public_api/continuations/20261009_public_native_expansion/worker/raw/385cb55a8ffd584c98e5511a.bin.gz,,,
mastodon_au,38aa6964ee02dd9ccfcb9f69,content,saved,200,160085,2026-10-09T04:25:44.940277+00:00,2026-10-09T04:25:46.774790+00:00,6f4d850100804241d136aca8c99f3c19c4e83783b0ddb3e6f1e84b9a0bb25155,work_packages/M1_source_access/27_newspaper_context_recovery_20261008/social_public_api/continuations/20261009_public_native_expansion/worker/raw/38aa6964ee02dd9ccfcb9f69.bin.gz,,,
mastodon_ie,38d30f9e0be5912accb1a2ac,content,saved,200,176212,2026-10-09T02:58:02.874828+00:00,2026-10-09T02:58:06.392279+00:00,4ce1b6f31b55e780c83cf91c59325db934d9e7d456339be6ea720f51cec414ec,work_packages/M1_source_access/27_newspaper_context_recovery_20261008/social_public_api/continuations/20261009_public_native_expansion/worker/raw/38d30f9e0be5912accb1a2ac.bin.gz,,,
python_discourse,390e2ad0e9978cbef3d046c4,content,saved,200,4419,2026-10-09T04:26:53.768489+00:00,2026-10-09T04:26:55.269047+00:00,dc788121367ca148ded05457e6661253557baf9955e68d6bb2c3829011e0b5e8,work_packages/M1_source_access/27_newspaper_context_recovery_20261008/social_public_api/continuations/20261009_public_native_expansion/worker/raw/390e2ad0e9978cbef3d046c4.bin.gz,,,
mastodon_us,3a083573143c08ea4a5e65f5,content,saved,200,174400,2026-10-09T04:13:53.479902+00:00,2026-10-09T04:13:58.358480+00:00,7b8974dd0062da3096d97cbdbd881b0542cba20a9a347fe4ee5dee9147adb835,work_packages/M1_source_access/27_newspaper_context_recovery_20261008/social_public_api/continuations/20261009_public_native_expansion/worker/raw/3a083573143c08ea4a5e65f5.bin.gz,,,
straight_dope,3a39cca76d78a026230bb59d,content,saved,200,28984,2026-10-09T04:23:53.167928+00:00,2026-10-09T04:23:55.333037+00:00,6c0cdbd4de329aa17c3399cb1af2bfe64afaf85524dbddd56926c02d9e9abfc6,work_packages/M1_source_access/27_newspaper_context_recovery_20261008/social_public_api/continuations/20261009_public_native_expansion/worker/raw/3a39cca76d78a026230bb59d.bin.gz,,,
mastodon_us,3a7672cf5bfa78b10510a3a9,content,saved,200,148376,2026-10-09T04:07:10.025730+00:00,2026-10-09T04:07:12.583069+00:00,0fd94478e825e5273747a57aa7995a04f7083581fd38a0e62e010bf0f8f439b9,work_packages/M1_source_access/27_newspaper_context_recovery_20261008/social_public_api/continuations/20261009_public_native_expansion/worker/raw/3a7672cf5bfa78b10510a3a9.bin.gz,,,
aussie_zone,3a8e9a49f75c7c72b8a65045,content,saved,200,187348,2026-10-09T04:06:18.810338+00:00,2026-10-09T04:06:20.452146+00:00,fdf7620612456bbc5d01a6016fd5e6c19e6258f93129d160169e0a42b41dd69d,work_packages/M1_source_access/27_newspaper_context_recovery_20261008/social_public_api/continuations/20261009_public_native_expansion/worker/raw/3a8e9a49f75c7c72b8a65045.bin.gz,,,
mastodon_uk,3b096c4e37abab23b9bc226e,content,saved,200,126594,2026-10-09T03:57:29.344103+00:00,2026-10-09T03:57:33.337116+00:00,eae20ca1d64d72bfa56e0e6d23c3cc55af4d7eaada3b449a3d910fbefd0a25fa,work_packages/M1_source_access/27_newspaper_context_recovery_20261008/social_public_api/continuations/20261009_public_native_expansion/worker/raw/3b096c4e37abab23b9bc226e.bin.gz,,,
bluesky,3b18a3dff7f560b79131c185,content,saved,200,11,2026-10-09T03:03:23.485825+00:00,2026-10-09T03:03:24.792907+00:00,ff620ad62f8de5fbc1a439d6cfe08cd5bd3583d045bd998ffd8458857a70248a,work_packages/M1_source_access/27_newspaper_context_recovery_20261008/social_public_api/continuations/20261009_public_native_expansion/worker/raw/3b18a3dff7f560b79131c185.bin.gz,,,
se_sustainability,3b57e650b1e39b5e5e011642,content,saved,200,258422,2026-10-09T04:26:14.437245+00:00,2026-10-09T04:26:16.120115+00:00,5c08c0176ed9404862327bcbb0ff4097444a0eb4ebaad2d02cf81bc543401fb6,work_packages/M1_source_access/27_newspaper_context_recovery_20261008/social_public_api/continuations/20261009_public_native_expansion/worker/raw/3b57e650b1e39b5e5e011642.bin.gz,190,,
bluesky,3bddc3735ed6d542b9080947,content,saved,200,625031,2026-10-09T03:15:22.207667+00:00,2026-10-09T03:15:24.407473+00:00,c69270f45df624724ebde5a5d644defff306169c82c106dd3a2c2f8259b83ac1,work_packages/M1_source_access/27_newspaper_context_recovery_20261008/social_public_api/continuations/20261009_public_native_expansion/worker/raw/3bddc3735ed6d542b9080947.bin.gz,,,
se_earthscience,3c26928439e697a3d1ee3a14,content,saved,200,213772,2026-10-09T04:02:54.128071+00:00,2026-10-09T04:02:56.215691+00:00,6fb9f422e2ffe1bf7ab0de7c609bbb77a3a0de970c3fbb6fbe9265eaa97f9682,work_packages/M1_source_access/27_newspaper_context_recovery_20261008/social_public_api/continuations/20261009_public_native_expansion/worker/raw/3c26928439e697a3d1ee3a14.bin.gz,215,,
bluesky,3cde97faa25ca36bf0d8cea7,content,saved,200,11,2026-10-09T03:16:36.495391+00:00,2026-10-09T03:16:37.370529+00:00,ff620ad62f8de5fbc1a439d6cfe08cd5bd3583d045bd998ffd8458857a70248a,work_packages/M1_source_access/27_newspaper_context_recovery_20261008/social_public_api/continuations/20261009_public_native_expansion/worker/raw/3cde97faa25ca36bf0d8cea7.bin.gz,,,
bluesky,3d816e26be47f079db2ce673,content,saved,200,609586,2026-10-09T03:35:29.194724+00:00,2026-10-09T03:35:31.558098+00:00,0b1c9bba426a2dff29723ecc1d2e6e9a63fef1e746c1c0158e69258c087f44b6,work_packages/M1_source_access/27_newspaper_context_recovery_20261008/social_public_api/continuations/20261009_public_native_expansion/worker/raw/3d816e26be47f079db2ce673.bin.gz,,,
bluesky,3db15be4c3aacbfb56b48e95,content,saved,200,11,2026-10-09T03:10:36.067334+00:00,2026-10-09T03:10:37.305673+00:00,ff620ad62f8de5fbc1a439d6cfe08cd5bd3583d045bd998ffd8458857a70248a,work_packages/M1_source_access/27_newspaper_context_recovery_20261008/social_public_api/continuations/20261009_public_native_expansion/worker/raw/3db15be4c3aacbfb56b48e95.bin.gz,,,
feddit_org,3e17b356fff4fd891dd941f0,content,saved,200,207970,2026-10-09T03:54:45.280221+00:00,2026-10-09T03:54:48.672705+00:00,837370cbe1f8a66ad3f8ffeb24b39ed55c945e76bdb082828a9d89b402b03696,work_packages/M1_source_access/27_newspaper_context_recovery_20261008/social_public_api/continuations/20261009_public_native_expansion/worker/raw/3e17b356fff4fd891dd941f0.bin.gz,,,
bluesky,3f2dc1d39aacc1831f3e93b8,documentation,saved,200,1267,2026-10-09T02:59:08.340930+00:00,2026-10-09T02:59:09.234273+00:00,c3b160fb13c4e935972548a7dae14731739a7fb711f018df85f27b970001cdbb,work_packages/M1_source_access/27_newspaper_context_recovery_20261008/social_public_api/continuations/20261009_public_native_expansion/worker/raw/3f2dc1d39aacc1831f3e93b8.bin.gz,,,
lemmy_nz,3f71bff79a93cef30d3825bb,documentation,http_stop,404,,2026-10-09T03:23:23.113262+00:00,,,,,,
python_discourse,3f9aa779553a21226070e737,content,saved,200,56939,2026-10-09T04:17:28.527603+00:00,2026-10-09T04:17:30.509829+00:00,91d13e10ec78499596ab1dbb66ed6a66ee51ddb84660050321e118d08096d644,work_packages/M1_source_access/27_newspaper_context_recovery_20261008/social_public_api/continuations/20261009_public_native_expansion/worker/raw/3f9aa779553a21226070e737.bin.gz,,,
feddit_org,3fce337a899044d72811b3a8,source_metadata,saved,200,30298,2026-10-09T03:23:29.227884+00:00,2026-10-09T03:23:31.313281+00:00,b75d2fe7b1176a9ff8c3b3dae177d250ff657e123d8a0d6b0b6aba9cb4568041,work_packages/M1_source_access/27_newspaper_context_recovery_20261008/social_public_api/continuations/20261009_public_native_expansion/worker/raw/3fce337a899044d72811b3a8.bin.gz,,,
bluesky,4010a24e43552d991c97a15d,content,saved,200,502894,2026-10-09T04:07:54.519432+00:00,2026-10-09T04:07:56.861995+00:00,0436e015c5a6549f0ddd0d16e1cfc75364148e0ccd86d6b589e778f672dba051,work_packages/M1_source_access/27_newspaper_context_recovery_20261008/social_public_api/continuations/20261009_public_native_expansion/worker/raw/4010a24e43552d991c97a15d.bin.gz,,,
se_sustainability,401796d671f44a6494689a57,content,saved,200,66022,2026-10-09T04:23:12.188159+00:00,2026-10-09T04:23:13.648120+00:00,7304955a522924aab8ac038d8c5256e05fd7c068f96b99276ff2f4aa3b20012a,work_packages/M1_source_access/27_newspaper_context_recovery_20261008/social_public_api/continuations/20261009_public_native_expansion/worker/raw/401796d671f44a6494689a57.bin.gz,194,,
bluesky,40237f1ddc3ed5ead320f889,content,saved,200,474119,2026-10-09T03:14:55.141263+00:00,2026-10-09T03:14:59.024794+00:00,b83641d129af8ed0bfb58b753974b56881dcf66296711cd6ad7d476622ad7c00,work_packages/M1_source_access/27_newspaper_context_recovery_20261008/social_public_api/continuations/20261009_public_native_expansion/worker/raw/40237f1ddc3ed5ead320f889.bin.gz,,,
mastodon_us,4047882240c576a49a08ef1f,content,saved,200,161850,2026-10-09T03:01:59.853010+00:00,2026-10-09T03:02:04.124277+00:00,ad899431f010d9b2cd7c6645f4822366b2b2d6747b7941860806d5e1d5d849d4,work_packages/M1_source_access/27_newspaper_context_recovery_20261008/social_public_api/continuations/20261009_public_native_expansion/worker/raw/4047882240c576a49a08ef1f.bin.gz,,,
aussie_zone,413865f26c7b0187cbd3979d,content,saved,200,143069,2026-10-09T04:17:07.818466+00:00,2026-10-09T04:17:11.503428+00:00,89b50524ddb752d89dceb11c97148b86ca6ef9542ef07e8ada10340c86792ad4,work_packages/M1_source_access/27_newspaper_context_recovery_20261008/social_public_api/continuations/20261009_public_native_expansion/worker/raw/413865f26c7b0187cbd3979d.bin.gz,,,
lemmy_nz,4197b22ebea1fd151b6527f8,content,saved,200,192360,2026-10-09T04:00:38.055972+00:00,2026-10-09T04:00:40.281333+00:00,a2fd6cb748e5b2c545e9d60ff23540f8e1973108e1fc6ca9624658cdb63fb695,work_packages/M1_source_access/27_newspaper_context_recovery_20261008/social_public_api/continuations/20261009_public_native_expansion/worker/raw/4197b22ebea1fd151b6527f8.bin.gz,,,
bluesky,41baf388b9dad175ef77a77e,content,saved,200,11,2026-10-09T03:17:12.090677+00:00,2026-10-09T03:17:13.342760+00:00,ff620ad62f8de5fbc1a439d6cfe08cd5bd3583d045bd998ffd8458857a70248a,work_packages/M1_source_access/27_newspaper_context_recovery_20261008/social_public_api/continuations/20261009_public_native_expansion/worker/raw/41baf388b9dad175ef77a77e.bin.gz,,,
python_discourse,4271493d3607c39be570577c,content,saved,200,12898,2026-10-09T03:57:55.883327+00:00,2026-10-09T03:57:57.733146+00:00,ce440a4579f6fca71b0b6ab22c87b350e686d234e0f483e3a75fff763865387a,work_packages/M1_source_access/27_newspaper_context_recovery_20261008/social_public_api/continuations/20261009_public_native_expansion/worker/raw/4271493d3607c39be570577c.bin.gz,,,
mastodon_us,42df7d7e3d527999bdff7c40,content,saved,200,171449,2026-10-09T03:53:41.654056+00:00,2026-10-09T03:53:44.091045+00:00,4cdb819ed57c36950d6ee8971deeeb1a73ed44ef29782b7be00ef6ddbd3fce15,work_packages/M1_source_access/27_newspaper_context_recovery_20261008/social_public_api/continuations/20261009_public_native_expansion/worker/raw/42df7d7e3d527999bdff7c40.bin.gz,,,
se_sustainability,42dfdbc00486c33d0e98bf36,content,saved,200,84049,2026-10-09T03:18:43.819284+00:00,2026-10-09T03:18:44.822907+00:00,1af3e57472c3215fb75c01d3d587d0d030cca8f9cc4bb004f28b3b050a3d1d28,work_packages/M1_source_access/27_newspaper_context_recovery_20261008/social_public_api/continuations/20261009_public_native_expansion/worker/raw/42dfdbc00486c33d0e98bf36.bin.gz,236,,
mastodon_ie,4339f6f3e07cde1da15558d4,content,saved,200,165985,2026-10-09T04:17:33.896409+00:00,2026-10-09T04:17:37.573304+00:00,6c2bf74a1ade0b6e7990fb5300c5b332cdbed93188cdc51c434dcee817f1f42a,work_packages/M1_source_access/27_newspaper_context_recovery_20261008/social_public_api/continuations/20261009_public_native_expansion/worker/raw/4339f6f3e07cde1da15558d4.bin.gz,,,
mastodon_us,433c6dbb0db9c6c158002d5c,content,saved,200,164801,2026-10-09T02:56:54.838794+00:00,2026-10-09T02:56:56.838098+00:00,035ffedc2acd8a23dfbfe86f24d3c172d4d70596e3f8a437a32e10de54163b64,work_packages/M1_source_access/27_newspaper_context_recovery_20261008/social_public_api/continuations/20261009_public_native_expansion/worker/raw/433c6dbb0db9c6c158002d5c.bin.gz,,,
bluesky,43c30217bb0c47482387c08b,content,saved,200,11,2026-10-09T03:02:47.109624+00:00,2026-10-09T03:02:47.977704+00:00,ff620ad62f8de5fbc1a439d6cfe08cd5bd3583d045bd998ffd8458857a70248a,work_packages/M1_source_access/27_newspaper_context_recovery_20261008/social_public_api/continuations/20261009_public_native_expansion/worker/raw/43c30217bb0c47482387c08b.bin.gz,,,
lemmy_nz,43e0f4f52027c272ef12627c,documentation,saved,200,427,2026-10-09T03:33:40.333574+00:00,2026-10-09T03:33:41.263838+00:00,a3896b5ba92e1f0ed958182f4e3bb44b9002d8a37d861640a386ad95ab1d0f4a,work_packages/M1_source_access/27_newspaper_context_recovery_20261008/social_public_api/continuations/20261009_public_native_expansion/worker/raw/43e0f4f52027c272ef12627c.bin.gz,,,
osm_discourse,443d7d794555598e35249d8f,content,saved,200,47309,2026-10-09T03:53:51.160221+00:00,2026-10-09T03:53:53.437369+00:00,6a21478805e98ed74281f9a3098c99cf78324e83ba173f60fde6e325a448d105,work_packages/M1_source_access/27_newspaper_context_recovery_20261008/social_public_api/continuations/20261009_public_native_expansion/worker/raw/443d7d794555598e35249d8f.bin.gz,,,
bluesky,44ae6f5d2cb13db963a05dc3,content,saved,200,36127,2026-10-09T03:09:58.128476+00:00,2026-10-09T03:09:59.216504+00:00,ff1e921f6f50aaa428780b03963582a687a2b9f2957a0b261300b763cc2722f1,work_packages/M1_source_access/27_newspaper_context_recovery_20261008/social_public_api/continuations/20261009_public_native_expansion/worker/raw/44ae6f5d2cb13db963a05dc3.bin.gz,,,
mastodon_au,44aff8aed88950c4f5ab7a6a,content,saved,200,160923,2026-10-09T03:25:05.850267+00:00,2026-10-09T03:25:07.589162+00:00,d659d26a47093a35ab7fe982b27870c09292dea5120d7fec664d5c74e51fd10f,work_packages/M1_source_access/27_newspaper_context_recovery_20261008/social_public_api/continuations/20261009_public_native_expansion/worker/raw/44aff8aed88950c4f5ab7a6a.bin.gz,,,
bluesky,44f9716f88c7442a8410a441,content,saved,200,476275,2026-10-09T04:16:29.897955+00:00,2026-10-09T04:16:32.219550+00:00,3e05e66e98c4ab6e6778e6cea3f9adb976cbc416dfb40ad635535354a5be1ca4,work_packages/M1_source_access/27_newspaper_context_recovery_20261008/social_public_api/continuations/20261009_public_native_expansion/worker/raw/44f9716f88c7442a8410a441.bin.gz,,,
se_sustainability,4516f0247a0a900abcbc4ca2,content,saved,200,88515,2026-10-09T04:13:22.270421+00:00,2026-10-09T04:13:23.818029+00:00,6238e0ccc3b79b8a80c6f16378414c09e161d783173f51f41ec2503aaf0a1b7f,work_packages/M1_source_access/27_newspaper_context_recovery_20261008/social_public_api/continuations/20261009_public_native_expansion/worker/raw/4516f0247a0a900abcbc4ca2.bin.gz,204,,
osm_discourse,452241d3954b5468f72b1bf1,content,saved,200,48760,2026-10-09T03:34:13.956432+00:00,2026-10-09T03:34:16.171753+00:00,5ecb92ec7033da50d0ee0531fe76db7172d3a2c0dc9bd5c7d829ee5c439b2523,work_packages/M1_source_access/27_newspaper_context_recovery_20261008/social_public_api/continuations/20261009_public_native_expansion/worker/raw/452241d3954b5468f72b1bf1.bin.gz,,,
bluesky,452b5dfa4d6061f65e2c3644,content,saved,200,11,2026-10-09T03:19:26.090467+00:00,2026-10-09T03:19:27.531555+00:00,ff620ad62f8de5fbc1a439d6cfe08cd5bd3583d045bd998ffd8458857a70248a,work_packages/M1_source_access/27_newspaper_context_recovery_20261008/social_public_api/continuations/20261009_public_native_expansion/worker/raw/452b5dfa4d6061f65e2c3644.bin.gz,,,
bluesky,45d093bea3bf7c25e8bd0252,content,saved,200,404902,2026-10-09T03:33:01.337001+00:00,2026-10-09T03:33:03.413328+00:00,1ec6a8411949eeeb51fa5121999035b8e779a2b485c8b024d4f4ff88bfe2ec75,work_packages/M1_source_access/27_newspaper_context_recovery_20261008/social_public_api/continuations/20261009_public_native_expansion/worker/raw/45d093bea3bf7c25e8bd0252.bin.gz,,,
bluesky,45d9fc15518bb49ed9e83b08,content,saved,200,11,2026-10-09T03:20:38.750478+00:00,2026-10-09T03:20:39.635801+00:00,ff620ad62f8de5fbc1a439d6cfe08cd5bd3583d045bd998ffd8458857a70248a,work_packages/M1_source_access/27_newspaper_context_recovery_20261008/social_public_api/continuations/20261009_public_native_expansion/worker/raw/45d9fc15518bb49ed9e83b08.bin.gz,,,
bluesky,46024c21abf97f5549bbf558,content,saved,200,11,2026-10-09T03:10:13.117656+00:00,2026-10-09T03:10:14.245036+00:00,ff620ad62f8de5fbc1a439d6cfe08cd5bd3583d045bd998ffd8458857a70248a,work_packages/M1_source_access/27_newspaper_context_recovery_20261008/social_public_api/continuations/20261009_public_native_expansion/worker/raw/46024c21abf97f5549bbf558.bin.gz,,,
se_earthscience,46491022b8c6b71afb3d68e4,content,saved,200,131069,2026-10-09T02:54:57.856014+00:00,2026-10-09T02:54:59.262941+00:00,89de11b4e96b017615a2b5ed071ec45439be10c377a3eed0654055b908d01a17,work_packages/M1_source_access/27_newspaper_context_recovery_20261008/social_public_api/continuations/20261009_public_native_expansion/worker/raw/46491022b8c6b71afb3d68e4.bin.gz,260,,
mastodon_ie,4662e58f208444c2b5cee34b,content,saved,200,165367,2026-10-09T04:04:57.340264+00:00,2026-10-09T04:05:00.946757+00:00,20deb356975375c0ebe7641ed87e6127a5bb658a940fb7175d1a9c5cb4aa710d,work_packages/M1_source_access/27_newspaper_context_recovery_20261008/social_public_api/continuations/20261009_public_native_expansion/worker/raw/4662e58f208444c2b5cee34b.bin.gz,,,
mastodon_uk,4696f151a04392c492462bbe,content,saved,200,135756,2026-10-09T02:59:16.271715+00:00,2026-10-09T02:59:19.584956+00:00,d814459b151e9e5b5f7a529823fb902b993afcb31d0fe3171726c9aee91696b5,work_packages/M1_source_access/27_newspaper_context_recovery_20261008/social_public_api/continuations/20261009_public_native_expansion/worker/raw/4696f151a04392c492462bbe.bin.gz,,,
python_discourse,46c5fc2b14bca7db3f193d3f,content,saved,200,40476,2026-10-09T03:48:30.553394+00:00,2026-10-09T03:48:33.080266+00:00,03ed456bc98df987c443e4cf7646597f3ea6adce72d8070f6d8ee7200cd679ad,work_packages/M1_source_access/27_newspaper_context_recovery_20261008/social_public_api/continuations/20261009_public_native_expansion/worker/raw/46c5fc2b14bca7db3f193d3f.bin.gz,,,
lemmy_nz,46ea4f08dac7c597fb50ca6e,content,saved,200,156534,2026-10-09T04:12:59.345588+00:00,2026-10-09T04:13:02.020902+00:00,bc0b79d84c78c0e3d0f64c9e1d63d2b3aa0c183d0db82bbbb642d785ca706169,work_packages/M1_source_access/27_newspaper_context_recovery_20261008/social_public_api/continuations/20261009_public_native_expansion/worker/raw/46ea4f08dac7c597fb50ca6e.bin.gz,,,
mastodon_us,46f5f648c8bdb0dd719ca9f3,content,saved,200,152651,2026-10-09T04:15:53.023088+00:00,2026-10-09T04:15:55.716737+00:00,c0ad2cb0769e2ada481a39c1b197fcfd317c37dd874442b05bfdf92153b46140,work_packages/M1_source_access/27_newspaper_context_recovery_20261008/social_public_api/continuations/20261009_public_native_expansion/worker/raw/46f5f648c8bdb0dd719ca9f3.bin.gz,,,
bluesky,4773323e076cedd3543d48d0,content,saved,200,11,2026-10-09T03:21:00.110388+00:00,2026-10-09T03:21:01.008462+00:00,ff620ad62f8de5fbc1a439d6cfe08cd5bd3583d045bd998ffd8458857a70248a,work_packages/M1_source_access/27_newspaper_context_recovery_20261008/social_public_api/continuations/20261009_public_native_expansion/worker/raw/4773323e076cedd3543d48d0.bin.gz,,,
lemmy_nz,4817dfb505c6cd77140021ca,content,saved,200,174526,2026-10-09T04:24:52.762800+00:00,2026-10-09T04:24:55.165242+00:00,b96f75e16c1c6472a78960b0d308693ddb8c74f6389a29039b84f8756846f560,work_packages/M1_source_access/27_newspaper_context_recovery_20261008/social_public_api/continuations/20261009_public_native_expansion/worker/raw/4817dfb505c6cd77140021ca.bin.gz,,,
mastodon_au,484b2bdd7bca17e912bf73b1,content,saved,200,165122,2026-10-09T03:53:37.553523+00:00,2026-10-09T03:53:39.376583+00:00,efbfa5b3e315dac5c37063c18c11f3658e2b724f74428efdfb496dad7f572575,work_packages/M1_source_access/27_newspaper_context_recovery_20261008/social_public_api/continuations/20261009_public_native_expansion/worker/raw/484b2bdd7bca17e912bf73b1.bin.gz,,,
mastodon_us,48890e570877e15d8d017874,content,saved,200,162376,2026-10-09T04:23:47.870988+00:00,2026-10-09T04:23:50.735961+00:00,59fb3e6c66add5005384101d77ac564bfcc2b384e7e6f63ceff55008ac8c6a09,work_packages/M1_source_access/27_newspaper_context_recovery_20261008/social_public_api/continuations/20261009_public_native_expansion/worker/raw/48890e570877e15d8d017874.bin.gz,,,
bluesky,49310cf95c0e015bf4e43acd,content,saved,200,11,2026-10-09T03:16:08.120476+00:00,2026-10-09T03:16:09.376841+00:00,ff620ad62f8de5fbc1a439d6cfe08cd5bd3583d045bd998ffd8458857a70248a,work_packages/M1_source_access/27_newspaper_context_recovery_20261008/social_public_api/continuations/20261009_public_native_expansion/worker/raw/49310cf95c0e015bf4e43acd.bin.gz,,,
mastodon_ie,4969374a88bdbc484679b83a,content,saved,200,174977,2026-10-09T02:59:10.801294+00:00,2026-10-09T02:59:14.571745+00:00,a9ff6273bfc0379cf1fe5dad2159ea7712fa231431462b82972a5d620fe2f086,work_packages/M1_source_access/27_newspaper_context_recovery_20261008/social_public_api/continuations/20261009_public_native_expansion/worker/raw/4969374a88bdbc484679b83a.bin.gz,,,
mastodon_uk,49793bf2fdf99659218b3103,content,saved,200,153234,2026-10-09T03:55:27.057196+00:00,2026-10-09T03:55:31.601742+00:00,f00c3b19bc16965cd909ca5bc11b5d4f938785da56d46b9027be12d4790a59cb,work_packages/M1_source_access/27_newspaper_context_recovery_20261008/social_public_api/continuations/20261009_public_native_expansion/worker/raw/49793bf2fdf99659218b3103.bin.gz,,,
mastodon_us,49aff0b2e9949bb9467b02e4,content,saved,200,167450,2026-10-09T03:48:51.840605+00:00,2026-10-09T03:48:54.390186+00:00,12474290026316a4cfc87ed7eba87700587f2dde98cc7c8cb414c497c091e225,work_packages/M1_source_access/27_newspaper_context_recovery_20261008/social_public_api/continuations/20261009_public_native_expansion/worker/raw/49aff0b2e9949bb9467b02e4.bin.gz,,,
bluesky,4a13a508185bf7c53cb5afa8,content,saved,200,11,2026-10-09T03:17:30.864094+00:00,2026-10-09T03:17:32.295490+00:00,ff620ad62f8de5fbc1a439d6cfe08cd5bd3583d045bd998ffd8458857a70248a,work_packages/M1_source_access/27_newspaper_context_recovery_20261008/social_public_api/continuations/20261009_public_native_expansion/worker/raw/4a13a508185bf7c53cb5afa8.bin.gz,,,
bluesky,4a17fc7a152b876b5aa9211c,content,saved,200,11,2026-10-09T03:18:30.740534+00:00,2026-10-09T03:18:32.280938+00:00,ff620ad62f8de5fbc1a439d6cfe08cd5bd3583d045bd998ffd8458857a70248a,work_packages/M1_source_access/27_newspaper_context_recovery_20261008/social_public_api/continuations/20261009_public_native_expansion/worker/raw/4a17fc7a152b876b5aa9211c.bin.gz,,,
mastodon_uk,4a395736b73dd56ef06d3a05,content,saved,200,120786,2026-10-09T04:26:25.991503+00:00,2026-10-09T04:26:29.790105+00:00,428696b0f07197c84cb25c6e388d5fc8561958329e036a3c722b4a34151150c1,work_packages/M1_source_access/27_newspaper_context_recovery_20261008/social_public_api/continuations/20261009_public_native_expansion/worker/raw/4a395736b73dd56ef06d3a05.bin.gz,,,
aussie_zone,4a52240fd71d086dda7d3369,content,saved,200,132188,2026-10-09T04:00:42.652525+00:00,2026-10-09T04:00:44.253593+00:00,02ce168f17cc5a279271ab9b624f32f8cd209f408b0a34c650e4a60906f99cee,work_packages/M1_source_access/27_newspaper_context_recovery_20261008/social_public_api/continuations/20261009_public_native_expansion/worker/raw/4a52240fd71d086dda7d3369.bin.gz,,,
se_sustainability,4a6b72ce839069ff3222642d,content,saved,200,7638,2026-10-09T03:57:11.065685+00:00,2026-10-09T03:57:12.449137+00:00,228bfa121b38516f4e42876c45775217397407179b4e2cff9c77c97f7f137abb,work_packages/M1_source_access/27_newspaper_context_recovery_20261008/social_public_api/continuations/20261009_public_native_expansion/worker/raw/4a6b72ce839069ff3222642d.bin.gz,220,,
bluesky,4adaca0e4b6ebce3360f3549,content,saved,200,1154,2026-10-09T03:22:54.817724+00:00,2026-10-09T03:22:55.740932+00:00,154ba92db423c435c76fc571061b30290d5f9f3490c47878e807eeeacbc60cff,work_packages/M1_source_access/27_newspaper_context_recovery_20261008/social_public_api/continuations/20261009_public_native_expansion/worker/raw/4adaca0e4b6ebce3360f3549.bin.gz,,,
se_earthscience,4bd092382622b297243e8a8a,content,saved,200,80032,2026-10-09T04:19:20.133299+00:00,2026-10-09T04:19:21.561036+00:00,370def60bd15013f24cb50096b733b7be5ee18d74d42f84435273b2c6fce2ad4,work_packages/M1_source_access/27_newspaper_context_recovery_20261008/social_public_api/continuations/20261009_public_native_expansion/worker/raw/4bd092382622b297243e8a8a.bin.gz,197,,
python_discourse,4bee75f036dfe196ae0b1971,content,saved,200,57834,2026-10-09T03:08:20.928480+00:00,2026-10-09T03:08:23.096144+00:00,9573f30b842863731d0260bd6ae8f9c5ce025d1276b0b588f8a490fe2e540925,work_packages/M1_source_access/27_newspaper_context_recovery_20261008/social_public_api/continuations/20261009_public_native_expansion/worker/raw/4bee75f036dfe196ae0b1971.bin.gz,,,
lemmy_nz,4c04f24a928c097acc8efdcb,content,saved,200,151318,2026-10-09T04:20:45.861811+00:00,2026-10-09T04:20:47.769256+00:00,ca9b91317a8c1f500e58aa7c792ea905f0a0dd2353f9b82fc13c9abe1d192b2d,work_packages/M1_source_access/27_newspaper_context_recovery_20261008/social_public_api/continuations/20261009_public_native_expansion/worker/raw/4c04f24a928c097acc8efdcb.bin.gz,,,
bluesky,4d4608e79fbe47511c7ce30a,content,saved,200,365379,2026-10-09T04:20:09.968938+00:00,2026-10-09T04:20:12.408646+00:00,87f4f1f052bd29c44e89a45cc358d0ea8e4938bc18c64cb505973652ea9c662c,work_packages/M1_source_access/27_newspaper_context_recovery_20261008/social_public_api/continuations/20261009_public_native_expansion/worker/raw/4d4608e79fbe47511c7ce30a.bin.gz,,,
bluesky,4df4142dad16926498ea6647,content,saved,200,464503,2026-10-09T03:24:17.761754+00:00,2026-10-09T03:24:19.958747+00:00,8cd690f871e13c29b5c03604efbc859312b7bc12a9b6f2dfe172e63e52b9e4b3,work_packages/M1_source_access/27_newspaper_context_recovery_20261008/social_public_api/continuations/20261009_public_native_expansion/worker/raw/4df4142dad16926498ea6647.bin.gz,,,
bluesky,4e190f3fa8b37bfc94b1a901,content,saved,200,602698,2026-10-09T03:32:16.671703+00:00,2026-10-09T03:32:18.539242+00:00,0a4ba32d502d66d376784c88d981ab9f8438dfba39a4dd7868a2dc431b61b3d9,work_packages/M1_source_access/27_newspaper_context_recovery_20261008/social_public_api/continuations/20261009_public_native_expansion/worker/raw/4e190f3fa8b37bfc94b1a901.bin.gz,,,
bluesky,4e4e166df709f07933846957,content,saved,200,534875,2026-10-09T03:29:51.434329+00:00,2026-10-09T03:29:53.736902+00:00,e5135612c189d440dfc6ee72e80250c1778c1f2baacab71bfec76e2657e748bc,work_packages/M1_source_access/27_newspaper_context_recovery_20261008/social_public_api/continuations/20261009_public_native_expansion/worker/raw/4e4e166df709f07933846957.bin.gz,,,
bluesky,4e6cd4f4d4e95ab2ba733171,content,saved,200,621141,2026-10-09T03:26:02.305050+00:00,2026-10-09T03:26:04.509452+00:00,f6c4180002018d1021aafc3e313f6865289df0776bb65ff0f902ce1153e209ec,work_packages/M1_source_access/27_newspaper_context_recovery_20261008/social_public_api/continuations/20261009_public_native_expansion/worker/raw/4e6cd4f4d4e95ab2ba733171.bin.gz,,,
mastodon_au,4edf545d1fb73faedeba4f88,content,saved,200,159413,2026-10-09T03:09:29.528265+00:00,2026-10-09T03:09:31.767196+00:00,9d78106a23f1febd3fda0c4f152b2191ea7eb69a8d2bf73396d6c98b0e7762a6,work_packages/M1_source_access/27_newspaper_context_recovery_20261008/social_public_api/continuations/20261009_public_native_expansion/worker/raw/4edf545d1fb73faedeba4f88.bin.gz,,,
bluesky,4f2bad02c9f813615b7b3a91,content,saved,200,602985,2026-10-09T04:05:40.574842+00:00,2026-10-09T04:05:42.865443+00:00,4761b67f2807a1d865afcb02d990203490c57bdb7cac8cc6b22fc384ab8de44d,work_packages/M1_source_access/27_newspaper_context_recovery_20261008/social_public_api/continuations/20261009_public_native_expansion/worker/raw/4f2bad02c9f813615b7b3a91.bin.gz,,,
bluesky,4fc93467770db11dea699170,content,saved,200,467837,2026-10-09T03:54:26.659912+00:00,2026-10-09T03:54:29.169833+00:00,162b97f4f26fcd9c1a8dfddacb148ef80cbc9d6cea4a1d4aa4c7bf74774b3529,work_packages/M1_source_access/27_newspaper_context_recovery_20261008/social_public_api/continuations/20261009_public_native_expansion/worker/raw/4fc93467770db11dea699170.bin.gz,,,
aussie_zone,502afd1dd582425ef9626ed2,content,saved,200,161576,2026-10-09T04:06:23.257382+00:00,2026-10-09T04:06:26.665896+00:00,fc2fffb9f0e5e8dccd038bb63c653235b6a4836a984fd0b5d22fd9a817af0f4e,work_packages/M1_source_access/27_newspaper_context_recovery_20261008/social_public_api/continuations/20261009_public_native_expansion/worker/raw/502afd1dd582425ef9626ed2.bin.gz,,,
bluesky,510fc43168f84e937f8079b2,content,saved,200,260394,2026-10-09T03:31:13.778679+00:00,2026-10-09T03:31:16.123331+00:00,fb00293e56e0aae9ea713c1a578b84ff94ae6a1d62bd6bd5ea0419a8ecdc8d09,work_packages/M1_source_access/27_newspaper_context_recovery_20261008/social_public_api/continuations/20261009_public_native_expansion/worker/raw/510fc43168f84e937f8079b2.bin.gz,,,
lemmy_nz,515f94b2ac96f20e8a7d96d0,content,saved,200,150625,2026-10-09T04:09:55.287550+00:00,2026-10-09T04:09:57.142910+00:00,a1a6b6ea816692050914162d168eac9478a0f2a069614e2e3591f1588f93b6f4,work_packages/M1_source_access/27_newspaper_context_recovery_20261008/social_public_api/continuations/20261009_public_native_expansion/worker/raw/515f94b2ac96f20e8a7d96d0.bin.gz,,,
bluesky,5197be936dafbe85f128cb6e,content,saved,200,11,2026-10-09T03:20:53.457505+00:00,2026-10-09T03:20:54.709696+00:00,ff620ad62f8de5fbc1a439d6cfe08cd5bd3583d045bd998ffd8458857a70248a,work_packages/M1_source_access/27_newspaper_context_recovery_20261008/social_public_api/continuations/20261009_public_native_expansion/worker/raw/5197be936dafbe85f128cb6e.bin.gz,,,
bluesky,51c073b3abc33dcdd6650ee6,content,saved,200,397018,2026-10-09T04:18:13.538006+00:00,2026-10-09T04:18:15.802143+00:00,9a538b871f51b74dc119709df697eeee28b8c070817f1f7edb6607a0495e27b9,work_packages/M1_source_access/27_newspaper_context_recovery_20261008/social_public_api/continuations/20261009_public_native_expansion/worker/raw/51c073b3abc33dcdd6650ee6.bin.gz,,,
bluesky,52140aff6a3ca87bc9a475b5,content,saved,200,11,2026-10-09T03:14:33.885656+00:00,2026-10-09T03:14:34.748910+00:00,ff620ad62f8de5fbc1a439d6cfe08cd5bd3583d045bd998ffd8458857a70248a,work_packages/M1_source_access/27_newspaper_context_recovery_20261008/social_public_api/continuations/20261009_public_native_expansion/worker/raw/52140aff6a3ca87bc9a475b5.bin.gz,,,
bluesky,52156d05798e7daad4361c47,content,saved,200,338046,2026-10-09T03:29:33.054484+00:00,2026-10-09T03:29:35.672983+00:00,1c67bc103c8bc5d60782992d8acca3b302ca66bea211a414a97828bab745dd72,work_packages/M1_source_access/27_newspaper_context_recovery_20261008/social_public_api/continuations/20261009_public_native_expansion/worker/raw/52156d05798e7daad4361c47.bin.gz,,,
straight_dope,52c7badc34b08062fd6a3330,content,saved,200,39697,2026-10-09T02:58:24.114496+00:00,2026-10-09T02:58:26.048885+00:00,9b3ca6c7140a6b34968d52fbd351b7476389ac8ba4b3c9d67e8d413ebbc8f51b,work_packages/M1_source_access/27_newspaper_context_recovery_20261008/social_public_api/continuations/20261009_public_native_expansion/worker/raw/52c7badc34b08062fd6a3330.bin.gz,,,
bluesky,535288f7e81cdc536a6f6724,content,saved,200,636687,2026-10-09T03:22:08.490356+00:00,2026-10-09T03:22:09.793954+00:00,b40c8bd49feef15331ac258c35eb172c16e718d173fea93bb5445f42deaada82,work_packages/M1_source_access/27_newspaper_context_recovery_20261008/social_public_api/continuations/20261009_public_native_expansion/worker/raw/535288f7e81cdc536a6f6724.bin.gz,,,
bluesky,53860808ecf27c13366e91c4,content,saved,200,11,2026-10-09T03:17:59.524085+00:00,2026-10-09T03:18:00.772042+00:00,ff620ad62f8de5fbc1a439d6cfe08cd5bd3583d045bd998ffd8458857a70248a,work_packages/M1_source_access/27_newspaper_context_recovery_20261008/social_public_api/continuations/20261009_public_native_expansion/worker/raw/53860808ecf27c13366e91c4.bin.gz,,,
feddit_org,5442771e469b17d17e9e264d,content,saved,200,202825,2026-10-09T04:10:15.764644+00:00,2026-10-09T04:10:19.519187+00:00,f71dfd161c4931b07b0449edfbc889043a8d80ef43aac25c908d0e6e4b9ad554,work_packages/M1_source_access/27_newspaper_context_recovery_20261008/social_public_api/continuations/20261009_public_native_expansion/worker/raw/5442771e469b17d17e9e264d.bin.gz,,,
mastodon_us,54c1da3d6b513b3d6476bb67,content,saved,200,156577,2026-10-09T03:51:30.759644+00:00,2026-10-09T03:51:33.300811+00:00,60074241b1f3e6baaed84623c25f09f5ece87caa800ee2dd58801a40e4f320c5,work_packages/M1_source_access/27_newspaper_context_recovery_20261008/social_public_api/continuations/20261009_public_native_expansion/worker/raw/54c1da3d6b513b3d6476bb67.bin.gz,,,
bluesky,54cf65a5a821787a2f90d6b6,content,saved,200,555310,2026-10-09T03:15:41.407311+00:00,2026-10-09T03:15:43.791148+00:00,dd463eb3aeae882d087d819493c7eb64fe17b12981da26227af0695c45c76934,work_packages/M1_source_access/27_newspaper_context_recovery_20261008/social_public_api/continuations/20261009_public_native_expansion/worker/raw/54cf65a5a821787a2f90d6b6.bin.gz,,,
python_discourse,553e8bc06e97a18da7fdf8b1,content,saved,200,8674,2026-10-09T04:07:25.809067+00:00,2026-10-09T04:07:27.607038+00:00,905fe98ffcc428e2f9fb50c1964f8af126bfff3f89da3eace93b17f49a67a42a,work_packages/M1_source_access/27_newspaper_context_recovery_20261008/social_public_api/continuations/20261009_public_native_expansion/worker/raw/553e8bc06e97a18da7fdf8b1.bin.gz,,,
bluesky,557211ebff08f10acd163f28,content,saved,200,11,2026-10-09T03:17:40.987489+00:00,2026-10-09T03:17:41.913949+00:00,ff620ad62f8de5fbc1a439d6cfe08cd5bd3583d045bd998ffd8458857a70248a,work_packages/M1_source_access/27_newspaper_context_recovery_20261008/social_public_api/continuations/20261009_public_native_expansion/worker/raw/557211ebff08f10acd163f28.bin.gz,,,
python_discourse,55a213e549a4867b13918d17,content,saved,200,21553,2026-10-09T03:55:53.205425+00:00,2026-10-09T03:55:55.269267+00:00,77e738d92f39f2113b2eed6bfb373bfef430d0a46cda907c2d4dc55e4ac2dd00,work_packages/M1_source_access/27_newspaper_context_recovery_20261008/social_public_api/continuations/20261009_public_native_expansion/worker/raw/55a213e549a4867b13918d17.bin.gz,,,
bluesky,55aad881bfe595625a83e011,content,saved,200,1515,2026-10-09T03:16:54.464357+00:00,2026-10-09T03:16:55.734586+00:00,fd1ffed644f000de5d99c9b2cb04175586abfdf8907a1c260c507b3a50f30ebb,work_packages/M1_source_access/27_newspaper_context_recovery_20261008/social_public_api/continuations/20261009_public_native_expansion/worker/raw/55aad881bfe595625a83e011.bin.gz,,,
bluesky,560a40a3abc28d8cf41f7427,content,saved,200,289181,2026-10-09T03:32:20.938515+00:00,2026-10-09T03:32:22.956405+00:00,3136b3bd2d14b0b99618f68e4681d8e966f7b6d172343fc1b0d17e83cda1a74a,work_packages/M1_source_access/27_newspaper_context_recovery_20261008/social_public_api/continuations/20261009_public_native_expansion/worker/raw/560a40a3abc28d8cf41f7427.bin.gz,,,
mastodon_au,561f69b4472de4780e8adb0c,content,saved,200,155136,2026-10-09T04:11:57.442690+00:00,2026-10-09T04:11:59.237947+00:00,6f8bc623b4ad4fdecb13c5a1e5e582a98e5d518c4ee0b2b8121600ab746d9447,work_packages/M1_source_access/27_newspaper_context_recovery_20261008/social_public_api/continuations/20261009_public_native_expansion/worker/raw/561f69b4472de4780e8adb0c.bin.gz,,,
bluesky,5632e9ae5651552a3898bc96,documentation,saved,200,1376,2026-10-09T02:56:17.555377+00:00,2026-10-09T02:56:19.621651+00:00,8f4bb3dc76eb2489e9076a3bee421505543f70da82ddc9d700d1c6ce78f1ed2e,work_packages/M1_source_access/27_newspaper_context_recovery_20261008/social_public_api/continuations/20261009_public_native_expansion/worker/raw/5632e9ae5651552a3898bc96.bin.gz,,,
bluesky,5636eed93c2197ebae326802,content,saved,200,501096,2026-10-09T03:15:10.812435+00:00,2026-10-09T03:15:13.020893+00:00,d55373d8444276827ba295c7035634f9c685262b1f828a6b756d40608ef3a068,work_packages/M1_source_access/27_newspaper_context_recovery_20261008/social_public_api/continuations/20261009_public_native_expansion/worker/raw/5636eed93c2197ebae326802.bin.gz,,,
bluesky,56c652b8baf19cddb083a780,content,saved,200,316259,2026-10-09T03:11:02.230064+00:00,2026-10-09T03:11:04.230142+00:00,11c6a08a7cbf9b63c1d931bc62db09f0852ec3154d6202b7572e8a09e0673257,work_packages/M1_source_access/27_newspaper_context_recovery_20261008/social_public_api/continuations/20261009_public_native_expansion/worker/raw/56c652b8baf19cddb083a780.bin.gz,,,
mastodon_ie,56c99d0a278efa527d59110e,content,saved,200,159740,2026-10-09T02:56:06.887831+00:00,2026-10-09T02:56:09.881488+00:00,0c9f8cf96fe781358849c2af4c7de6182999a4a9e82a27a2567f31016bbdec6b,work_packages/M1_source_access/27_newspaper_context_recovery_20261008/social_public_api/continuations/20261009_public_native_expansion/worker/raw/56c99d0a278efa527d59110e.bin.gz,,,
se_earthscience,56e7e2633e1c5f9cdf84a831,content,saved,200,18670,2026-10-09T02:57:55.752218+00:00,2026-10-09T02:57:57.295269+00:00,cb88eb4ad5194b533601c031c3aecaa7488531f08cffc794e79f0a63de9dd2c4,work_packages/M1_source_access/27_newspaper_context_recovery_20261008/social_public_api/continuations/20261009_public_native_expansion/worker/raw/56e7e2633e1c5f9cdf84a831.bin.gz,251,,
bluesky,570faac0b9339477d55b7214,content,saved,200,73552,2026-10-09T03:02:26.153837+00:00,2026-10-09T03:02:27.396554+00:00,58a976012bf7676cc36e6cc0d0e8f3662e3df087758c06d4d7b7034892735f37,work_packages/M1_source_access/27_newspaper_context_recovery_20261008/social_public_api/continuations/20261009_public_native_expansion/worker/raw/570faac0b9339477d55b7214.bin.gz,,,
python_discourse,57b58ebb54b9defc81aaa7c4,content,saved,200,61836,2026-10-09T03:24:49.636435+00:00,2026-10-09T03:24:51.879633+00:00,5a7a519ede4e10fb0564709ee36c0f047435cb5894925231494b85d6bf0a38a1,work_packages/M1_source_access/27_newspaper_context_recovery_20261008/social_public_api/continuations/20261009_public_native_expansion/worker/raw/57b58ebb54b9defc81aaa7c4.bin.gz,,,
osm_discourse,57e0b01095edc8294980f004,content,saved,200,50349,2026-10-09T04:14:06.368543+00:00,2026-10-09T04:14:09.444358+00:00,d3d470c1c849b25395e8b09fefb5d04c8e42a99f05a40023c934fef85cf997aa,work_packages/M1_source_access/27_newspaper_context_recovery_20261008/social_public_api/continuations/20261009_public_native_expansion/worker/raw/57e0b01095edc8294980f004.bin.gz,,,
aussie_zone,5812fa1c3f74a64b94744bda,content,saved,200,127641,2026-10-09T03:49:58.644166+00:00,2026-10-09T03:50:00.150935+00:00,0c96be6a98bd6063c660d43b166466c49f270448bc55b9d5bb76bd3b408d9cd7,work_packages/M1_source_access/27_newspaper_context_recovery_20261008/social_public_api/continuations/20261009_public_native_expansion/worker/raw/5812fa1c3f74a64b94744bda.bin.gz,,,
osm_discourse,5814bdc13ea9bcf4fda6294e,content,saved,200,53361,2026-10-09T04:16:04.924239+00:00,2026-10-09T04:16:07.302233+00:00,6a0e6a9c41972441bccef8d5abb3edc2ca1ae9527bec632f12a04d8038f98e53,work_packages/M1_source_access/27_newspaper_context_recovery_20261008/social_public_api/continuations/20261009_public_native_expansion/worker/raw/5814bdc13ea9bcf4fda6294e.bin.gz,,,
python_discourse,58177b5497ce63a2d8e59ab7,content,saved,200,58610,2026-10-09T03:51:09.311411+00:00,2026-10-09T03:51:11.370889+00:00,b0250b0c3f4d230f3fce547199657fba3a037ca81be38355c840d82bd6748965,work_packages/M1_source_access/27_newspaper_context_recovery_20261008/social_public_api/continuations/20261009_public_native_expansion/worker/raw/58177b5497ce63a2d8e59ab7.bin.gz,,,
mastodon_ie,581876fe46bebbec37b45bc9,content,saved,200,171285,2026-10-09T03:53:24.971148+00:00,2026-10-09T03:53:28.431822+00:00,a5b600fbb72db7f1889576048f5abbc69521527ced9256097ad2fcdea964fe2a,work_packages/M1_source_access/27_newspaper_context_recovery_20261008/social_public_api/continuations/20261009_public_native_expansion/worker/raw/581876fe46bebbec37b45bc9.bin.gz,,,
bluesky,5886ebebc315ee81b0f00557,content,saved,200,582075,2026-10-09T03:54:31.916885+00:00,2026-10-09T03:54:34.197352+00:00,cdeed6a4451a00f9f33cccec1b5532733bf6ea4b5969980555f61b922a88a48a,work_packages/M1_source_access/27_newspaper_context_recovery_20261008/social_public_api/continuations/20261009_public_native_expansion/worker/raw/5886ebebc315ee81b0f00557.bin.gz,,,
bluesky,58c112b8119ea6b699265862,content,saved,200,11,2026-10-09T03:10:33.127166+00:00,2026-10-09T03:10:34.000853+00:00,ff620ad62f8de5fbc1a439d6cfe08cd5bd3583d045bd998ffd8458857a70248a,work_packages/M1_source_access/27_newspaper_context_recovery_20261008/social_public_api/continuations/20261009_public_native_expansion/worker/raw/58c112b8119ea6b699265862.bin.gz,,,
bluesky,58c801c4bd836d84b8a98a69,content,saved,200,589014,2026-10-09T03:54:11.196582+00:00,2026-10-09T03:54:13.063477+00:00,a965580f3bb513c8dd6c7758e315155dbbc00871ef5ec099bc5f707a665fc8d0,work_packages/M1_source_access/27_newspaper_context_recovery_20261008/social_public_api/continuations/20261009_public_native_expansion/worker/raw/58c801c4bd836d84b8a98a69.bin.gz,,,
bluesky,58dca38b8bb23d19dee74cdd,content,saved,200,319513,2026-10-09T03:33:55.941255+00:00,2026-10-09T03:33:58.163893+00:00,b974a16a0bac0c7ff10953cd5398d4845093c8692b23611fac0d8c75472b9d3d,work_packages/M1_source_access/27_newspaper_context_recovery_20261008/social_public_api/continuations/20261009_public_native_expansion/worker/raw/58dca38b8bb23d19dee74cdd.bin.gz,,,
straight_dope,5911068a9a28d800a41b05cb,content,saved,200,29163,2026-10-09T04:25:54.261689+00:00,2026-10-09T04:25:56.350682+00:00,8963a3fced8b9ef3410e7f42f79106ed2b8c1d05c60d925c8d7cbb02f899ea12,work_packages/M1_source_access/27_newspaper_context_recovery_20261008/social_public_api/continuations/20261009_public_native_expansion/worker/raw/5911068a9a28d800a41b05cb.bin.gz,,,
bluesky,596865a463730a729d3d891b,content,saved,200,615515,2026-10-09T03:29:46.943800+00:00,2026-10-09T03:29:49.185853+00:00,7ae621121dd4254ef3be919178ed24aea0afeaa0953f2f4dfb4b5b01661a6eb5,work_packages/M1_source_access/27_newspaper_context_recovery_20261008/social_public_api/continuations/20261009_public_native_expansion/worker/raw/596865a463730a729d3d891b.bin.gz,,,
lemmy_nz,5b036171d1b9fb2443effa34,content,saved,200,151689,2026-10-09T04:02:27.158500+00:00,2026-10-09T04:02:29.420528+00:00,58cbcbba478988bbeb8c335c71a1b7461ba37a4d3c5e3c87ba37b7fce3b8251d,work_packages/M1_source_access/27_newspaper_context_recovery_20261008/social_public_api/continuations/20261009_public_native_expansion/worker/raw/5b036171d1b9fb2443effa34.bin.gz,,,
straight_dope,5b36f61975976d777d52b464,content,saved,200,29024,2026-10-09T03:19:15.286629+00:00,2026-10-09T03:19:17.615717+00:00,abd2dec14c572d71706b0a91b3ab95636405252fc06cf7941e45ca5b8fb1d52b,work_packages/M1_source_access/27_newspaper_context_recovery_20261008/social_public_api/continuations/20261009_public_native_expansion/worker/raw/5b36f61975976d777d52b464.bin.gz,,,
python_discourse,5b545f98c8139572abcbf850,content,saved,200,63296,2026-10-09T03:31:44.824649+00:00,2026-10-09T03:31:47.098441+00:00,a38b1c7b70d450713fef770da5ae436031fd7bf43e2d771e193de808c642b2bf,work_packages/M1_source_access/27_newspaper_context_recovery_20261008/social_public_api/continuations/20261009_public_native_expansion/worker/raw/5b545f98c8139572abcbf850.bin.gz,,,
aussie_zone,5b65700104f1bd8193ad0eac,content,saved,200,124641,2026-10-09T04:18:58.357835+00:00,2026-10-09T04:18:59.897326+00:00,f7016fd1d4f5ca043ebd0b6ed891bd0eb8fe36e47af754b5b3e9a110e150345f,work_packages/M1_source_access/27_newspaper_context_recovery_20261008/social_public_api/continuations/20261009_public_native_expansion/worker/raw/5b65700104f1bd8193ad0eac.bin.gz,,,
straight_dope,5b702fef8b34d0f1cbb15b52,content,saved,200,28551,2026-10-09T04:14:00.205560+00:00,2026-10-09T04:14:02.226744+00:00,b3d8075728da68a2f73121466438a0f05eae679606fcd90ea297ee40193ff064,work_packages/M1_source_access/27_newspaper_context_recovery_20261008/social_public_api/continuations/20261009_public_native_expansion/worker/raw/5b702fef8b34d0f1cbb15b52.bin.gz,,,
se_sustainability,5bd0026dc12000d5e107481a,content,saved,200,179488,2026-10-09T02:55:56.833064+00:00,2026-10-09T02:55:57.891705+00:00,7bd199ed6d13cc6e5dac21121c234291b9d35dabe17f446d8168ba2d95543398,work_packages/M1_source_access/27_newspaper_context_recovery_20261008/social_public_api/continuations/20261009_public_native_expansion/worker/raw/5bd0026dc12000d5e107481a.bin.gz,257,,
aussie_zone,5bdb276c7b7820eff81907fa,content,saved,200,157208,2026-10-09T03:58:48.573144+00:00,2026-10-09T03:58:51.703400+00:00,2c39fbaa1a8e8ce789b46baf89a75c7746f8be0c82f1d353984c29774bc29af5,work_packages/M1_source_access/27_newspaper_context_recovery_20261008/social_public_api/continuations/20261009_public_native_expansion/worker/raw/5bdb276c7b7820eff81907fa.bin.gz,,,
bluesky,5c4c49255c894f5f17c945a7,content,saved,200,11,2026-10-09T03:35:53.829414+00:00,2026-10-09T03:35:55.159605+00:00,ff620ad62f8de5fbc1a439d6cfe08cd5bd3583d045bd998ffd8458857a70248a,work_packages/M1_source_access/27_newspaper_context_recovery_20261008/social_public_api/continuations/20261009_public_native_expansion/worker/raw/5c4c49255c894f5f17c945a7.bin.gz,,,
mastodon_us,5c7ca2a407b3db96ecbd49cc,content,saved,200,145763,2026-10-09T03:19:10.728612+00:00,2026-10-09T03:19:13.154265+00:00,66a95cf74b761d72987b21cb4c0f7f4bf6491b866ad39a3b4837c0324c019584,work_packages/M1_source_access/27_newspaper_context_recovery_20261008/social_public_api/continuations/20261009_public_native_expansion/worker/raw/5c7ca2a407b3db96ecbd49cc.bin.gz,,,
bluesky,5cf0a348406e3d60a2f18cf0,content,saved,200,595271,2026-10-09T04:22:38.407300+00:00,2026-10-09T04:22:40.707462+00:00,501931318fa0fa1fa542bf1d8c37ecbf22f9b258a5d01b17cc58af35c24b0766,work_packages/M1_source_access/27_newspaper_context_recovery_20261008/social_public_api/continuations/20261009_public_native_expansion/worker/raw/5cf0a348406e3d60a2f18cf0.bin.gz,,,
bluesky,5d23bcd35c00e688a27286cf,content,saved,200,575740,2026-10-09T04:04:12.553877+00:00,2026-10-09T04:04:14.910479+00:00,9eeb8401b740500b6fab2d0153196c4f6895229da4cc03a0b1a5393cab2806d0,work_packages/M1_source_access/27_newspaper_context_recovery_20261008/social_public_api/continuations/20261009_public_native_expansion/worker/raw/5d23bcd35c00e688a27286cf.bin.gz,,,
mastodon_us,5e2f5e90220674cfb1036a09,content,saved,200,143576,2026-10-09T04:09:00.357083+00:00,2026-10-09T04:09:02.764637+00:00,57981a1c723030b5224a707cfa178a676e243e9218bc7a9417affea9c5d244b7,work_packages/M1_source_access/27_newspaper_context_recovery_20261008/social_public_api/continuations/20261009_public_native_expansion/worker/raw/5e2f5e90220674cfb1036a09.bin.gz,,,
bluesky,5ea39aa51c2f6ce798ec1c65,content,saved,200,11,2026-10-09T03:20:56.833439+00:00,2026-10-09T03:20:58.362551+00:00,ff620ad62f8de5fbc1a439d6cfe08cd5bd3583d045bd998ffd8458857a70248a,work_packages/M1_source_access/27_newspaper_context_recovery_20261008/social_public_api/continuations/20261009_public_native_expansion/worker/raw/5ea39aa51c2f6ce798ec1c65.bin.gz,,,
bluesky,5ea4ef7749d60a3a19e3cc80,content,saved,200,643478,2026-10-09T04:03:52.137331+00:00,2026-10-09T04:03:53.987658+00:00,c631b65353d8b6d6305c0fe983a9e4ebe203a37e05172a763f49bfd17cb587b0,work_packages/M1_source_access/27_newspaper_context_recovery_20261008/social_public_api/continuations/20261009_public_native_expansion/worker/raw/5ea4ef7749d60a3a19e3cc80.bin.gz,,,
straight_dope,5ed1896e91b830a95400a8d2,content,saved,200,28758,2026-10-09T04:07:15.836134+00:00,2026-10-09T04:07:18.025471+00:00,12ff011fbe1f6140f253ef4a971c6e8dea9ef36b8e00eddcea09c105c935ff69,work_packages/M1_source_access/27_newspaper_context_recovery_20261008/social_public_api/continuations/20261009_public_native_expansion/worker/raw/5ed1896e91b830a95400a8d2.bin.gz,,,
python_discourse,5f08af0ee4a2e371fe87e8f2,content,saved,200,10757,2026-10-09T03:22:59.427461+00:00,2026-10-09T03:23:00.824451+00:00,8d338565cfd8c84cd6216c18f227313a8ef57e4e2da20406f5ffecfd69f2c591,work_packages/M1_source_access/27_newspaper_context_recovery_20261008/social_public_api/continuations/20261009_public_native_expansion/worker/raw/5f08af0ee4a2e371fe87e8f2.bin.gz,,,
bluesky,5f32829ea0a109c837b567aa,content,saved,200,622390,2026-10-09T03:22:30.083553+00:00,2026-10-09T03:22:31.591772+00:00,8adbe000cfc02cb473a0053fd248a2362be54b1c6ffd60781e335a591fdbe0fc,work_packages/M1_source_access/27_newspaper_context_recovery_20261008/social_public_api/continuations/20261009_public_native_expansion/worker/raw/5f32829ea0a109c837b567aa.bin.gz,,,
python_discourse,5f3b97c74c4a803d34c637ee,content,saved,200,49042,2026-10-09T03:35:57.393776+00:00,2026-10-09T03:35:59.801424+00:00,b5f4572bd6b6447ac4f2589b5ac442851cd34555aa65ff6503c1520a7a83f36f,work_packages/M1_source_access/27_newspaper_context_recovery_20261008/social_public_api/continuations/20261009_public_native_expansion/worker/raw/5f3b97c74c4a803d34c637ee.bin.gz,,,
lemmy_nz,5f464e9f4721bd5e236fbea5,content,saved,200,146235,2026-10-09T04:02:23.365911+00:00,2026-10-09T04:02:24.892122+00:00,25f9bc9834bdf8f5c9d7d3b6b47e37637d429a455e8ca111c1b744de576353a9,work_packages/M1_source_access/27_newspaper_context_recovery_20261008/social_public_api/continuations/20261009_public_native_expansion/worker/raw/5f464e9f4721bd5e236fbea5.bin.gz,,,
python_discourse,5f4f03511d313299807ab42b,content,saved,200,34754,2026-10-09T03:59:19.390921+00:00,2026-10-09T03:59:21.629490+00:00,b035b1868a6b6d584cba08a08ab9a6a2eda94a6a7ac5faaac7e15d5520e005b9,work_packages/M1_source_access/27_newspaper_context_recovery_20261008/social_public_api/continuations/20261009_public_native_expansion/worker/raw/5f4f03511d313299807ab42b.bin.gz,,,
bluesky,5fc108acdcf1e082aad4bb00,content,saved,200,11,2026-10-09T03:16:17.463480+00:00,2026-10-09T03:16:18.722170+00:00,ff620ad62f8de5fbc1a439d6cfe08cd5bd3583d045bd998ffd8458857a70248a,work_packages/M1_source_access/27_newspaper_context_recovery_20261008/social_public_api/continuations/20261009_public_native_expansion/worker/raw/5fc108acdcf1e082aad4bb00.bin.gz,,,
python_discourse,6032500d3a6b1c020bd70bee,content,saved,200,81676,2026-10-09T03:30:30.240184+00:00,2026-10-09T03:30:32.557753+00:00,6bd60af251672c0aa2069ecb181842d6ddfcf398d6706f1ef674dd9531cea5bc,work_packages/M1_source_access/27_newspaper_context_recovery_20261008/social_public_api/continuations/20261009_public_native_expansion/worker/raw/6032500d3a6b1c020bd70bee.bin.gz,,,
lemmy_nz,6099791879d526ffdf8ae51e,content,saved,200,137388,2026-10-09T03:58:36.257337+00:00,2026-10-09T03:58:37.907683+00:00,07aeb5a1308b81ee763b8a81a8d096ad2de71d5469c67f173574322a70f93b6b,work_packages/M1_source_access/27_newspaper_context_recovery_20261008/social_public_api/continuations/20261009_public_native_expansion/worker/raw/6099791879d526ffdf8ae51e.bin.gz,,,
mastodon_au,60bceda17c55e8e44130f8c2,content,saved,200,157879,2026-10-09T03:21:41.716792+00:00,2026-10-09T03:21:42.980723+00:00,f1de196df3a65a041580b8e9b2e6f4b592c8a82eed19bc5337999f776133e6c9,work_packages/M1_source_access/27_newspaper_context_recovery_20261008/social_public_api/continuations/20261009_public_native_expansion/worker/raw/60bceda17c55e8e44130f8c2.bin.gz,,,
mastodon_ie,60f69a97292225d9e7fb0801,content,saved,200,169418,2026-10-09T04:25:30.923179+00:00,2026-10-09T04:25:34.444973+00:00,8f3cbc78412cf26cf9be21738435236bcfc44c9d37dd21e352deab9f511bda99,work_packages/M1_source_access/27_newspaper_context_recovery_20261008/social_public_api/continuations/20261009_public_native_expansion/worker/raw/60f69a97292225d9e7fb0801.bin.gz,,,
osm_discourse,60fb10d4ea34a589938567ce,content,saved,200,84275,2026-10-09T03:00:15.384970+00:00,2026-10-09T03:00:18.111536+00:00,b1103cf7d2ae625ccc6c20e560687fe33553192917034efc75a71b56e07702e8,work_packages/M1_source_access/27_newspaper_context_recovery_20261008/social_public_api/continuations/20261009_public_native_expansion/worker/raw/60fb10d4ea34a589938567ce.bin.gz,,,
mastodon_ie,61022b3b2158f586fc2252d7,content,saved,200,168885,2026-10-09T04:08:41.359639+00:00,2026-10-09T04:08:45.189510+00:00,62c466db5231efe94032500987e564b688a77879cbd911531a1863c001234eed,work_packages/M1_source_access/27_newspaper_context_recovery_20261008/social_public_api/continuations/20261009_public_native_expansion/worker/raw/61022b3b2158f586fc2252d7.bin.gz,,,
lemmy_nz,612c98b9aa078cb4e96cbc55,content,saved,200,203317,2026-10-09T04:08:08.236794+00:00,2026-10-09T04:08:10.389944+00:00,0b29736f16a2c87fe4385b547dbfaea0c69bba6a03f1acbd2bed860efbc56871,work_packages/M1_source_access/27_newspaper_context_recovery_20261008/social_public_api/continuations/20261009_public_native_expansion/worker/raw/612c98b9aa078cb4e96cbc55.bin.gz,,,
lemmy_nz,61687466a5f53b2d0bbd7691,content,saved,200,161712,2026-10-09T04:09:59.478041+00:00,2026-10-09T04:10:01.857620+00:00,beaec4beeecce37644bed3b551b45828a72c2149c33fda6befcccddb7f93e1eb,work_packages/M1_source_access/27_newspaper_context_recovery_20261008/social_public_api/continuations/20261009_public_native_expansion/worker/raw/61687466a5f53b2d0bbd7691.bin.gz,,,
mastodon_uk,62420e2902e3a79927ae2636,content,saved,200,138828,2026-10-09T04:19:37.884349+00:00,2026-10-09T04:19:41.742662+00:00,14448970d8b20faf295d0ef762e42ac686cb0d91e794dd4aa6c8ec739fe63a1e,work_packages/M1_source_access/27_newspaper_context_recovery_20261008/social_public_api/continuations/20261009_public_native_expansion/worker/raw/62420e2902e3a79927ae2636.bin.gz,,,
mastodon_ie,6247ad40e62ee5e80846af15,content,saved,200,157468,2026-10-09T03:32:29.065959+00:00,2026-10-09T03:32:32.579154+00:00,23c1df500d256e92db8c7a0d0a521c3e707e5b9e10460e16c0b52af48551ea7d,work_packages/M1_source_access/27_newspaper_context_recovery_20261008/social_public_api/continuations/20261009_public_native_expansion/worker/raw/6247ad40e62ee5e80846af15.bin.gz,,,
bluesky,62d3902a398f714c03d2dd76,documentation,saved,200,1262,2026-10-09T02:58:48.395136+00:00,2026-10-09T02:58:49.961641+00:00,8a806e8fa12ab7796d2ff5e31de4d2590e48d22d27b5d842ad2d206d71da6db6,work_packages/M1_source_access/27_newspaper_context_recovery_20261008/social_public_api/continuations/20261009_public_native_expansion/worker/raw/62d3902a398f714c03d2dd76.bin.gz,,,
mastodon_us,62f03b535f1b1e537b7edd03,content,saved,200,161413,2026-10-09T02:55:22.288225+00:00,2026-10-09T02:55:24.937039+00:00,eef8a386de2edf159e14c9d102ef753c9369dae06d4713dcd40047262345832b,work_packages/M1_source_access/27_newspaper_context_recovery_20261008/social_public_api/continuations/20261009_public_native_expansion/worker/raw/62f03b535f1b1e537b7edd03.bin.gz,,,
python_discourse,632615b54ca48c9655a3e075,content,saved,200,2741,2026-10-09T04:27:42.070661+00:00,2026-10-09T04:27:44.056334+00:00,1d7e73980aa418b7564739ac07f9e3f26a775533650aa7512d5194ceb5d61c77,work_packages/M1_source_access/27_newspaper_context_recovery_20261008/social_public_api/continuations/20261009_public_native_expansion/worker/raw/632615b54ca48c9655a3e075.bin.gz,,,
bluesky,63bf79e95684619e9fe9f68f,content,saved,200,11,2026-10-09T03:24:34.555945+00:00,2026-10-09T03:24:35.982011+00:00,ff620ad62f8de5fbc1a439d6cfe08cd5bd3583d045bd998ffd8458857a70248a,work_packages/M1_source_access/27_newspaper_context_recovery_20261008/social_public_api/continuations/20261009_public_native_expansion/worker/raw/63bf79e95684619e9fe9f68f.bin.gz,,,
python_discourse,63bfa6ededdb78df7bfed07f,content,saved,200,95282,2026-10-09T04:09:15.602207+00:00,2026-10-09T04:09:18.028890+00:00,3e4eb45d04eb535ba58213e9d1250a36eeb126fd0df081cf2a6ab6071ee5d9d0,work_packages/M1_source_access/27_newspaper_context_recovery_20261008/social_public_api/continuations/20261009_public_native_expansion/worker/raw/63bfa6ededdb78df7bfed07f.bin.gz,,,
mastodon_us,63df69f29dab95e0bcc3a23f,content,saved,200,162980,2026-10-09T03:55:37.470449+00:00,2026-10-09T03:55:40.170997+00:00,9b12cf744b85eeef066bb345c1a76adb161c79bec69ec6c03d5fdf5d66c3a6a4,work_packages/M1_source_access/27_newspaper_context_recovery_20261008/social_public_api/continuations/20261009_public_native_expansion/worker/raw/63df69f29dab95e0bcc3a23f.bin.gz,,,
python_discourse,63e0ea47d37f7d8091a31847,content,saved,200,85909,2026-10-09T04:05:30.370305+00:00,2026-10-09T04:05:32.778707+00:00,fa98bc9b8b359cc67c40155c2809c21a6cb682812a3ac67ad66fd28572a93745,work_packages/M1_source_access/27_newspaper_context_recovery_20261008/social_public_api/continuations/20261009_public_native_expansion/worker/raw/63e0ea47d37f7d8091a31847.bin.gz,,,
aussie_zone,63fb60081755b173ce1eaa5c,content,saved,200,138438,2026-10-09T04:13:09.028979+00:00,2026-10-09T04:13:12.906603+00:00,8a6b1264c7c2152ab05beb6d940a83cc043587ccfcf98629113fa7bfc63a4ea7,work_packages/M1_source_access/27_newspaper_context_recovery_20261008/social_public_api/continuations/20261009_public_native_expansion/worker/raw/63fb60081755b173ce1eaa5c.bin.gz,,,
bluesky,6403260fe21590ee49d06359,content,saved,200,11,2026-10-09T03:49:46.418181+00:00,2026-10-09T03:49:47.929886+00:00,ff620ad62f8de5fbc1a439d6cfe08cd5bd3583d045bd998ffd8458857a70248a,work_packages/M1_source_access/27_newspaper_context_recovery_20261008/social_public_api/continuations/20261009_public_native_expansion/worker/raw/6403260fe21590ee49d06359.bin.gz,,,
mastodon_ie,6476928bcc90efffcb0d3fbe,content,saved,200,167768,2026-10-09T04:21:28.559783+00:00,2026-10-09T04:21:32.340239+00:00,0383cb685c019745611f6d71ee25838e2d5ad20e7d2ae04ff7253666048cef46,work_packages/M1_source_access/27_newspaper_context_recovery_20261008/social_public_api/continuations/20261009_public_native_expansion/worker/raw/6476928bcc90efffcb0d3fbe.bin.gz,,,
lemmy_nz,6514a0315ec6e069bfe288ed,content,saved,200,185981,2026-10-09T04:16:57.976422+00:00,2026-10-09T04:17:00.021898+00:00,89d7a3f6e4be4a876c94706ba738664019658455453a4886a12f14f82ccc9320,work_packages/M1_source_access/27_newspaper_context_recovery_20261008/social_public_api/continuations/20261009_public_native_expansion/worker/raw/6514a0315ec6e069bfe288ed.bin.gz,,,
bluesky,651f5acf717b71a1cae5893a,content,saved,200,607185,2026-10-09T03:22:17.537188+00:00,2026-10-09T03:22:19.453839+00:00,ab351504d46cf50d7b795e0e4290a8db77fa8f30c40feda0e8ceadb6cd80f7b6,work_packages/M1_source_access/27_newspaper_context_recovery_20261008/social_public_api/continuations/20261009_public_native_expansion/worker/raw/651f5acf717b71a1cae5893a.bin.gz,,,
straight_dope,65a6d8ab90c4517139ca4cd6,content,saved,200,28284,2026-10-09T03:26:45.261333+00:00,2026-10-09T03:26:47.278259+00:00,f1fc13168a23f3d9dc46dce5b752a3de869ddfdc504ca399778e978f82f7c402,work_packages/M1_source_access/27_newspaper_context_recovery_20261008/social_public_api/continuations/20261009_public_native_expansion/worker/raw/65a6d8ab90c4517139ca4cd6.bin.gz,,,
se_sustainability,65d1f88d53c2280f62dfe17b,content,saved,200,188828,2026-10-09T04:10:22.398001+00:00,2026-10-09T04:10:23.946284+00:00,48e73f88a3a7d0d0ac6f02953683ce3fbab00e214328412a2e1124bb83690ffb,work_packages/M1_source_access/27_newspaper_context_recovery_20261008/social_public_api/continuations/20261009_public_native_expansion/worker/raw/65d1f88d53c2280f62dfe17b.bin.gz,208,,
osm_discourse,65f69a205ab650adb971016a,content,saved,200,21680,2026-10-09T03:28:49.603762+00:00,2026-10-09T03:28:52.037860+00:00,08e452375e71730c4e84ec1d776b07fb603cf0b90ab33dd81ca2b3e10f41c5ae,work_packages/M1_source_access/27_newspaper_context_recovery_20261008/social_public_api/continuations/20261009_public_native_expansion/worker/raw/65f69a205ab650adb971016a.bin.gz,,,
bluesky,66f39022536f83524f3aced9,content,saved,200,11,2026-10-09T03:49:50.313983+00:00,2026-10-09T03:49:51.625084+00:00,ff620ad62f8de5fbc1a439d6cfe08cd5bd3583d045bd998ffd8458857a70248a,work_packages/M1_source_access/27_newspaper_context_recovery_20261008/social_public_api/continuations/20261009_public_native_expansion/worker/raw/66f39022536f83524f3aced9.bin.gz,,,
se_earthscience,66f861b9169e8005d6d07b24,content,saved,200,206992,2026-10-09T02:55:29.408649+00:00,2026-10-09T02:55:30.901767+00:00,8c6421e42f9781ce0c86aea700440470d3b4cb287a8a27b1940b2a2a0a380856,work_packages/M1_source_access/27_newspaper_context_recovery_20261008/social_public_api/continuations/20261009_public_native_expansion/worker/raw/66f861b9169e8005d6d07b24.bin.gz,258,,
aussie_zone,673b49c05563f46c155d59f7,content,saved,200,167825,2026-10-09T04:10:04.776471+00:00,2026-10-09T04:10:06.648269+00:00,5db96e702f44cdaa7ca37939a3d45b05dbe50df558b34b054ea147d85425cbd4,work_packages/M1_source_access/27_newspaper_context_recovery_20261008/social_public_api/continuations/20261009_public_native_expansion/worker/raw/673b49c05563f46c155d59f7.bin.gz,,,
bluesky,6763c4d19281b2af57c00a44,content,saved,200,507538,2026-10-09T03:58:31.086873+00:00,2026-10-09T03:58:33.373811+00:00,b1a504da316f3fe156517e70840b464fd27a0b8fc7e7f539d8b8ee109c03ea3f,work_packages/M1_source_access/27_newspaper_context_recovery_20261008/social_public_api/continuations/20261009_public_native_expansion/worker/raw/6763c4d19281b2af57c00a44.bin.gz,,,
bluesky,679f53cb8ae09af93ee3b34a,content,saved,200,11,2026-10-09T03:18:07.680789+00:00,2026-10-09T03:18:08.926115+00:00,ff620ad62f8de5fbc1a439d6cfe08cd5bd3583d045bd998ffd8458857a70248a,work_packages/M1_source_access/27_newspaper_context_recovery_20261008/social_public_api/continuations/20261009_public_native_expansion/worker/raw/679f53cb8ae09af93ee3b34a.bin.gz,,,
mastodon_uk,67ea12d03fd123e3040ebdc7,content,saved,200,140080,2026-10-09T02:59:58.425595+00:00,2026-10-09T03:00:01.635660+00:00,5fce913e86160fbcdf0287a9b5af895c4256eda2e3039fd13c0a674324702bb4,work_packages/M1_source_access/27_newspaper_context_recovery_20261008/social_public_api/continuations/20261009_public_native_expansion/worker/raw/67ea12d03fd123e3040ebdc7.bin.gz,,,
bluesky,683b92138469145f4269996e,content,saved,200,11,2026-10-09T03:10:53.042750+00:00,2026-10-09T03:10:54.282446+00:00,ff620ad62f8de5fbc1a439d6cfe08cd5bd3583d045bd998ffd8458857a70248a,work_packages/M1_source_access/27_newspaper_context_recovery_20261008/social_public_api/continuations/20261009_public_native_expansion/worker/raw/683b92138469145f4269996e.bin.gz,,,
bluesky,684a87b250883a5ef7910bc8,content,saved,200,703051,2026-10-09T04:16:46.939661+00:00,2026-10-09T04:16:49.412376+00:00,ce09afe0df2faadabd15aaab932b244a9db6685dc321630d7218cd00f6a6569b,work_packages/M1_source_access/27_newspaper_context_recovery_20261008/social_public_api/continuations/20261009_public_native_expansion/worker/raw/684a87b250883a5ef7910bc8.bin.gz,,,
bluesky,685dcacf95f1d0db4d4894f5,content,saved,200,497404,2026-10-09T03:27:02.331392+00:00,2026-10-09T03:27:04.958755+00:00,069ea84d3bf879d6e06069119deea02f5e3b31c23e80db4ac0cbd873eec8d1c3,work_packages/M1_source_access/27_newspaper_context_recovery_20261008/social_public_api/continuations/20261009_public_native_expansion/worker/raw/685dcacf95f1d0db4d4894f5.bin.gz,,,
mastodon_us,685fb6f978957029af6242ab,content,saved,200,157661,2026-10-09T03:30:51.062168+00:00,2026-10-09T03:30:53.576671+00:00,98363ce2ff8f8cda88676f1cb3921a0f5ffaff39aa53ae783a5398c20cb47bd3,work_packages/M1_source_access/27_newspaper_context_recovery_20261008/social_public_api/continuations/20261009_public_native_expansion/worker/raw/685fb6f978957029af6242ab.bin.gz,,,
python_discourse,6896712a1b3ac6bc5c6e7f77,content,saved,200,77412,2026-10-09T03:01:41.639980+00:00,2026-10-09T03:01:43.892905+00:00,119f38529eed865af19ff0e52a065748414b2fbbe83c25fceb32ab4b3b93d561,work_packages/M1_source_access/27_newspaper_context_recovery_20261008/social_public_api/continuations/20261009_public_native_expansion/worker/raw/6896712a1b3ac6bc5c6e7f77.bin.gz,,,
straight_dope,68c2ab8d8ce5f235a74b0b46,source_metadata,saved,200,949,2026-10-09T02:56:27.115565+00:00,2026-10-09T02:56:28.656925+00:00,d5f71a676377b164addee9ab3ef2c9f6ba288aedd399e4ffbbf5d21aea481ce3,work_packages/M1_source_access/27_newspaper_context_recovery_20261008/social_public_api/continuations/20261009_public_native_expansion/worker/raw/68c2ab8d8ce5f235a74b0b46.bin.gz,,,
bluesky,68e727070a99af8dda04bbe3,content,saved,200,531395,2026-10-09T04:24:31.257971+00:00,2026-10-09T04:24:33.577735+00:00,aaabb35a1f96e66d0dd77c9325d9e0796f64c14b34e1da61331ab79f43943cc2,work_packages/M1_source_access/27_newspaper_context_recovery_20261008/social_public_api/continuations/20261009_public_native_expansion/worker/raw/68e727070a99af8dda04bbe3.bin.gz,,,
bluesky,69334cdb334b4a3e60e585fc,content,saved,200,11,2026-10-09T03:03:07.022714+00:00,2026-10-09T03:03:08.491562+00:00,ff620ad62f8de5fbc1a439d6cfe08cd5bd3583d045bd998ffd8458857a70248a,work_packages/M1_source_access/27_newspaper_context_recovery_20261008/social_public_api/continuations/20261009_public_native_expansion/worker/raw/69334cdb334b4a3e60e585fc.bin.gz,,,
bluesky,69340f23a06d425cfeb3cc41,content,saved,200,11,2026-10-09T03:02:32.360581+00:00,2026-10-09T03:02:33.583717+00:00,ff620ad62f8de5fbc1a439d6cfe08cd5bd3583d045bd998ffd8458857a70248a,work_packages/M1_source_access/27_newspaper_context_recovery_20261008/social_public_api/continuations/20261009_public_native_expansion/worker/raw/69340f23a06d425cfeb3cc41.bin.gz,,,
bluesky,6952384e0939ae17d745f4fc,content,saved,200,11,2026-10-09T03:10:56.351979+00:00,2026-10-09T03:10:57.852089+00:00,ff620ad62f8de5fbc1a439d6cfe08cd5bd3583d045bd998ffd8458857a70248a,work_packages/M1_source_access/27_newspaper_context_recovery_20261008/social_public_api/continuations/20261009_public_native_expansion/worker/raw/6952384e0939ae17d745f4fc.bin.gz,,,
aussie_zone,698341790b0bd15ebc021f39,content,saved,200,120670,2026-10-09T03:52:36.980749+00:00,2026-10-09T03:52:40.777343+00:00,502cc1c5d863050e6c882a318cada0deeadd9cb6b1cb19aad059e4561b99df10,work_packages/M1_source_access/27_newspaper_context_recovery_20261008/social_public_api/continuations/20261009_public_native_expansion/worker/raw/698341790b0bd15ebc021f39.bin.gz,,,
python_discourse,69bb922609390a6c8aad9a21,content,saved,200,217131,2026-10-09T04:23:21.315273+00:00,2026-10-09T04:23:25.427835+00:00,bc82e641677633db98b64939a85ee957956abea2496ddded6992bfe470dfa21e,work_packages/M1_source_access/27_newspaper_context_recovery_20261008/social_public_api/continuations/20261009_public_native_expansion/worker/raw/69bb922609390a6c8aad9a21.bin.gz,,,
aussie_zone,69fd38e44c35a51571ea9936,content,saved,200,153008,2026-10-09T04:22:53.180557+00:00,2026-10-09T04:22:54.731155+00:00,4654a53f072f1002ee51e0c81cff396bdad156a83454642571327320eb145714,work_packages/M1_source_access/27_newspaper_context_recovery_20261008/social_public_api/continuations/20261009_public_native_expansion/worker/raw/69fd38e44c35a51571ea9936.bin.gz,,,
feddit_org,6a4d1d664a78cc6e5d0e0d84,policy,saved,200,83767,2026-10-09T03:33:46.999469+00:00,2026-10-09T03:33:50.348058+00:00,e8a92cec9e9f15962bfe32f2eb0fa0369ae9badb5f2e472d2d24ffb90df816ff,work_packages/M1_source_access/27_newspaper_context_recovery_20261008/social_public_api/continuations/20261009_public_native_expansion/worker/raw/6a4d1d664a78cc6e5d0e0d84.bin.gz,,,
mastodon_us,6a6e4c79649e017d10a284b4,content,saved,200,153652,2026-10-09T03:27:25.402061+00:00,2026-10-09T03:27:27.859336+00:00,ccbce2232fa4f75b3c6a728b8a99dadf74503e45f9bc164ab616fa7663721b16,work_packages/M1_source_access/27_newspaper_context_recovery_20261008/social_public_api/continuations/20261009_public_native_expansion/worker/raw/6a6e4c79649e017d10a284b4.bin.gz,,,
bluesky,6a9e5f507112fcc0c48373bb,content,saved,200,537211,2026-10-09T03:15:00.342453+00:00,2026-10-09T03:15:02.557763+00:00,08aadc9607e32248be620037ae824f212918e13f4a82c8c7819b5ae0410d84b3,work_packages/M1_source_access/27_newspaper_context_recovery_20261008/social_public_api/continuations/20261009_public_native_expansion/worker/raw/6a9e5f507112fcc0c48373bb.bin.gz,,,
bluesky,6aa7a2cb620c4e9f6d4e8ea8,content,saved,200,522931,2026-10-09T03:56:07.713595+00:00,2026-10-09T03:56:10.070008+00:00,4c12ab4eff7014ecce16da12284d9a26195912f7fecd0a29dfdfddc9343912df,work_packages/M1_source_access/27_newspaper_context_recovery_20261008/social_public_api/continuations/20261009_public_native_expansion/worker/raw/6aa7a2cb620c4e9f6d4e8ea8.bin.gz,,,
bluesky,6ad4b05f27d443c685890560,content,saved,200,11,2026-10-09T03:10:03.943889+00:00,2026-10-09T03:10:05.126827+00:00,ff620ad62f8de5fbc1a439d6cfe08cd5bd3583d045bd998ffd8458857a70248a,work_packages/M1_source_access/27_newspaper_context_recovery_20261008/social_public_api/continuations/20261009_public_native_expansion/worker/raw/6ad4b05f27d443c685890560.bin.gz,,,
bluesky,6ae732f68ba8f6c7ea82d48d,content,saved,200,68010,2026-10-09T03:14:39.632400+00:00,2026-10-09T03:14:41.181327+00:00,b7df443bfcd509e11942f1c219c4080229dba11752194a8d44e2af5ff352cfaa,work_packages/M1_source_access/27_newspaper_context_recovery_20261008/social_public_api/continuations/20261009_public_native_expansion/worker/raw/6ae732f68ba8f6c7ea82d48d.bin.gz,,,
mastodon_ie,6b4a0cb1868fb633e4dec4e4,content,saved,200,185883,2026-10-09T04:13:35.908344+00:00,2026-10-09T04:13:39.795801+00:00,edfd2791ed201287efaf9977bc9ab50b338a757e8761d2cd91ab5863e12efca3,work_packages/M1_source_access/27_newspaper_context_recovery_20261008/social_public_api/continuations/20261009_public_native_expansion/worker/raw/6b4a0cb1868fb633e4dec4e4.bin.gz,,,
straight_dope,6bb44a8e58f7bcc540b0ce08,content,saved,200,38962,2026-10-09T02:59:30.624058+00:00,2026-10-09T02:59:32.651385+00:00,9363f86e17a165a466e7c46497cdf3baab040e3891ef574b723a2d3d02ce8b1c,work_packages/M1_source_access/27_newspaper_context_recovery_20261008/social_public_api/continuations/20261009_public_native_expansion/worker/raw/6bb44a8e58f7bcc540b0ce08.bin.gz,,,
straight_dope,6bf4d30e6e7c3b0b41f192e2,content,saved,200,27675,2026-10-09T03:35:03.341671+00:00,2026-10-09T03:35:05.831272+00:00,809d55d3f5e868c1777f3cb140986335140d049d5f6ba8d1d8cb1b8180b1527b,work_packages/M1_source_access/27_newspaper_context_recovery_20261008/social_public_api/continuations/20261009_public_native_expansion/worker/raw/6bf4d30e6e7c3b0b41f192e2.bin.gz,,,
bluesky,6c2855e3b8839300e61c211d,content,saved,200,536357,2026-10-09T04:18:18.953893+00:00,2026-10-09T04:18:21.539447+00:00,76c815f8a79e8c5def189560cecd2661b6a13898d1a069decf535573d880ad4a,work_packages/M1_source_access/27_newspaper_context_recovery_20261008/social_public_api/continuations/20261009_public_native_expansion/worker/raw/6c2855e3b8839300e61c211d.bin.gz,,,
bluesky,6ca02c97c0d8507ce93a2dfd,content,saved,200,514893,2026-10-09T03:34:46.227946+00:00,2026-10-09T03:34:48.487037+00:00,321575b62997e12f419d9fb9387de09a99780cc71571c62e9c0b569c82d26919,work_packages/M1_source_access/27_newspaper_context_recovery_20261008/social_public_api/continuations/20261009_public_native_expansion/worker/raw/6ca02c97c0d8507ce93a2dfd.bin.gz,,,
bluesky,6d2ec65f5c10fcc2d0e7ca0f,content,saved,200,11,2026-10-09T03:17:44.160557+00:00,2026-10-09T03:17:45.038702+00:00,ff620ad62f8de5fbc1a439d6cfe08cd5bd3583d045bd998ffd8458857a70248a,work_packages/M1_source_access/27_newspaper_context_recovery_20261008/social_public_api/continuations/20261009_public_native_expansion/worker/raw/6d2ec65f5c10fcc2d0e7ca0f.bin.gz,,,
python_discourse,6d36d76be5e8ebb4f0d836f2,content,saved,200,2877,2026-10-09T04:27:01.541124+00:00,2026-10-09T04:27:03.327794+00:00,1bb428152013658b884c105a58a69e468f00304d206bf2ea336663bc9ae390b1,work_packages/M1_source_access/27_newspaper_context_recovery_20261008/social_public_api/continuations/20261009_public_native_expansion/worker/raw/6d36d76be5e8ebb4f0d836f2.bin.gz,,,
lemmy_nz,6d69bd170cacec816cad6e83,content,saved,200,168776,2026-10-09T04:20:50.170780+00:00,2026-10-09T04:20:52.432801+00:00,65c42da319625a898bac582451c64c8a6aabe27f63968033744a9616b33b6701,work_packages/M1_source_access/27_newspaper_context_recovery_20261008/social_public_api/continuations/20261009_public_native_expansion/worker/raw/6d69bd170cacec816cad6e83.bin.gz,,,
mastodon_ie,6d9128e2964e1855bf56e76c,content,saved,200,172552,2026-10-09T03:21:31.776112+00:00,2026-10-09T03:21:35.418099+00:00,d93e514568122c97a74b8686c687ab21cf5cfe77e441f7a993eaa659a4b7272d,work_packages/M1_source_access/27_newspaper_context_recovery_20261008/social_public_api/continuations/20261009_public_native_expansion/worker/raw/6d9128e2964e1855bf56e76c.bin.gz,,,
se_earthscience,6dacf9818c6aa0974d2484d6,content,saved,200,86359,2026-10-09T03:22:57.069827+00:00,2026-10-09T03:22:58.018606+00:00,868f88b529c7f6d6449c187de4252b4e0ea3fac2466c5591d3be686464b2afe6,work_packages/M1_source_access/27_newspaper_context_recovery_20261008/social_public_api/continuations/20261009_public_native_expansion/worker/raw/6dacf9818c6aa0974d2484d6.bin.gz,233,,
mastodon_au,6db583fc294fc6ca0c547845,content,saved,200,161182,2026-10-09T03:32:41.075982+00:00,2026-10-09T03:32:42.770491+00:00,ef8f64c17daedba210e15c47a33fec6d57280e3bfda308bc7d1fbbe11d5d7ce6,work_packages/M1_source_access/27_newspaper_context_recovery_20261008/social_public_api/continuations/20261009_public_native_expansion/worker/raw/6db583fc294fc6ca0c547845.bin.gz,,,
freetrade_uk,6e23987f0f928becae289e3d,source_metadata,http_stop,301,,2026-10-09T03:04:01.988435+00:00,,,,,,
bluesky,6e8c61ca6d3f72adaa4b8e5a,content,saved,200,484151,2026-10-09T04:05:50.781822+00:00,2026-10-09T04:05:53.052599+00:00,bb1dd4078b329f44b285a1bd76be46ae84f7430d3d2e6aaff96dee4fe61cd715,work_packages/M1_source_access/27_newspaper_context_recovery_20261008/social_public_api/continuations/20261009_public_native_expansion/worker/raw/6e8c61ca6d3f72adaa4b8e5a.bin.gz,,,
aussie_zone,6e98fe462c7a40a83f167a2d,content,saved,200,138695,2026-10-09T04:22:57.308797+00:00,2026-10-09T04:23:01.069900+00:00,d971bab88b88379d2465d0670234976b7c51690862fd8d2996917921d95e9c95,work_packages/M1_source_access/27_newspaper_context_recovery_20261008/social_public_api/continuations/20261009_public_native_expansion/worker/raw/6e98fe462c7a40a83f167a2d.bin.gz,,,
straight_dope,6ee6b219436f4999dcc84d22,content,saved,200,27575,2026-10-09T03:30:55.895943+00:00,2026-10-09T03:30:58.098912+00:00,349e2260b0b30cb5e96cecb3ec9d4df186c79e74f3a5b1424567ad3871e05fe9,work_packages/M1_source_access/27_newspaper_context_recovery_20261008/social_public_api/continuations/20261009_public_native_expansion/worker/raw/6ee6b219436f4999dcc84d22.bin.gz,,,
mastodon_ie,6ef4f2a1199b1283113b0432,content,saved,200,162928,2026-10-09T03:30:34.863627+00:00,2026-10-09T03:30:38.482860+00:00,439ef25972ea9711ad73a3277ad025d2f68675032ba4973e5c0dc8908025d498,work_packages/M1_source_access/27_newspaper_context_recovery_20261008/social_public_api/continuations/20261009_public_native_expansion/worker/raw/6ef4f2a1199b1283113b0432.bin.gz,,,
lemmy_nz,6f40f042761f3d16712b28e1,content,saved,200,149426,2026-10-09T03:56:33.424528+00:00,2026-10-09T03:56:34.539985+00:00,9709f6f926733a5092abe376c2f2ab151c2b68b03fc90b351a6239d5ea2c4e0c,work_packages/M1_source_access/27_newspaper_context_recovery_20261008/social_public_api/continuations/20261009_public_native_expansion/worker/raw/6f40f042761f3d16712b28e1.bin.gz,,,
osm_discourse,6f550939c3c82c704665744f,content,saved,200,65797,2026-10-09T02:58:28.068747+00:00,2026-10-09T02:58:31.142585+00:00,84836f041a88f96c8d44bc4f3436f84400c2f104728de15fb324c43576fa104a,work_packages/M1_source_access/27_newspaper_context_recovery_20261008/social_public_api/continuations/20261009_public_native_expansion/worker/raw/6f550939c3c82c704665744f.bin.gz,,,
mastodon_uk,6f5bf55c3c7e28584b105756,content,saved,200,132426,2026-10-09T04:10:40.517656+00:00,2026-10-09T04:10:44.247283+00:00,0c92586a179689f8831ce3fa37c70f301a21a24b613c72c977a2a0a50bde5477,work_packages/M1_source_access/27_newspaper_context_recovery_20261008/social_public_api/continuations/20261009_public_native_expansion/worker/raw/6f5bf55c3c7e28584b105756.bin.gz,,,
feddit_org,6f8b2244b559073b50d18cab,content,saved,200,195699,2026-10-09T04:00:53.959899+00:00,2026-10-09T04:00:57.399483+00:00,4817358efd517874e8498f6aabfdd37188d1506b7f009f7fc4067119d240e055,work_packages/M1_source_access/27_newspaper_context_recovery_20261008/social_public_api/continuations/20261009_public_native_expansion/worker/raw/6f8b2244b559073b50d18cab.bin.gz,,,
bluesky,6f976ddcafe0114bdcf2ce76,content,saved,200,520812,2026-10-09T03:25:40.327069+00:00,2026-10-09T03:25:42.708128+00:00,9d49c9cb8bddbd3530493b44bec40c91c669061f7179cf9997cc3026756599ef,work_packages/M1_source_access/27_newspaper_context_recovery_20261008/social_public_api/continuations/20261009_public_native_expansion/worker/raw/6f976ddcafe0114bdcf2ce76.bin.gz,,,
feddit_org,6fc904fa28bab79f95548cf5,content,saved,200,201075,2026-10-09T04:04:38.388313+00:00,2026-10-09T04:04:41.910607+00:00,3cfb42fa0e13a7465710219b8611418f9128877e855b9577d22d69eed579269b,work_packages/M1_source_access/27_newspaper_context_recovery_20261008/social_public_api/continuations/20261009_public_native_expansion/worker/raw/6fc904fa28bab79f95548cf5.bin.gz,,,
mastodon_uk,702cf07de19cce9d8fc528b8,content,saved,200,140790,2026-10-09T04:15:41.476688+00:00,2026-10-09T04:15:45.784003+00:00,eb590cd496561ac08279fde7eab4746300dd17453f43e404149aa70f2b63a4d0,work_packages/M1_source_access/27_newspaper_context_recovery_20261008/social_public_api/continuations/20261009_public_native_expansion/worker/raw/702cf07de19cce9d8fc528b8.bin.gz,,,
python_discourse,703f2eb1bb58f8900cb984b8,content,saved,200,55120,2026-10-09T03:49:06.996514+00:00,2026-10-09T03:49:09.512409+00:00,183c4ed94b536d64a7ea3e87221d1846aeb49682dd95ff9cd482b5710ed53ac7,work_packages/M1_source_access/27_newspaper_context_recovery_20261008/social_public_api/continuations/20261009_public_native_expansion/worker/raw/703f2eb1bb58f8900cb984b8.bin.gz,,,
python_discourse,7086fcd0cd900c8408857282,content,saved,200,31309,2026-10-09T04:20:05.427662+00:00,2026-10-09T04:20:07.575043+00:00,95cba77b219c350e35de87d847d2733fbac53b36d93f913c2628b8a48bf12660,work_packages/M1_source_access/27_newspaper_context_recovery_20261008/social_public_api/continuations/20261009_public_native_expansion/worker/raw/7086fcd0cd900c8408857282.bin.gz,,,
python_discourse,7093a5017a8cf0f7aa5e357a,content,saved,200,85564,2026-10-09T04:22:01.743801+00:00,2026-10-09T04:22:03.755737+00:00,786f3557b9ac68d8a826efbd35c0cb915dd2bdcdceddf5275a40cb2be8066047,work_packages/M1_source_access/27_newspaper_context_recovery_20261008/social_public_api/continuations/20261009_public_native_expansion/worker/raw/7093a5017a8cf0f7aa5e357a.bin.gz,,,
mastodon_au,70ce43494f69b5fb8a8bb263,content,saved,200,143108,2026-10-09T03:57:36.167354+00:00,2026-10-09T03:57:37.828861+00:00,ccaa6541aba3c90daf94b7b4965141ae8afce379774c9ef42c12aa3257a4a0f5,work_packages/M1_source_access/27_newspaper_context_recovery_20261008/social_public_api/continuations/20261009_public_native_expansion/worker/raw/70ce43494f69b5fb8a8bb263.bin.gz,,,
python_discourse,70d72cdb7a14fe01f29c2479,content,saved,200,56920,2026-10-09T03:13:34.576391+00:00,2026-10-09T03:13:36.519457+00:00,b655543f873c8d68e0e3ef027e2daeefc795e9d172606dd7330949cf7968e2a3,work_packages/M1_source_access/27_newspaper_context_recovery_20261008/social_public_api/continuations/20261009_public_native_expansion/worker/raw/70d72cdb7a14fe01f29c2479.bin.gz,,,
mastodon_uk,712d4c9c41c13597230af967,content,saved,200,143424,2026-10-09T03:28:29.077567+00:00,2026-10-09T03:28:32.811660+00:00,93d3ff9af9e89eec2b87f7b61bc21951dcceb2e3afb7cee6124b15aa4d23143d,work_packages/M1_source_access/27_newspaper_context_recovery_20261008/social_public_api/continuations/20261009_public_native_expansion/worker/raw/712d4c9c41c13597230af967.bin.gz,,,
bluesky,715696b21887536970c76715,content,saved,200,11,2026-10-09T03:17:53.532382+00:00,2026-10-09T03:17:54.812542+00:00,ff620ad62f8de5fbc1a439d6cfe08cd5bd3583d045bd998ffd8458857a70248a,work_packages/M1_source_access/27_newspaper_context_recovery_20261008/social_public_api/continuations/20261009_public_native_expansion/worker/raw/715696b21887536970c76715.bin.gz,,,
bluesky,715e0b3f9338f514184f3541,content,saved,200,11,2026-10-09T03:10:10.175240+00:00,2026-10-09T03:10:11.359527+00:00,ff620ad62f8de5fbc1a439d6cfe08cd5bd3583d045bd998ffd8458857a70248a,work_packages/M1_source_access/27_newspaper_context_recovery_20261008/social_public_api/continuations/20261009_public_native_expansion/worker/raw/715e0b3f9338f514184f3541.bin.gz,,,
bluesky,715f43c742cd48e7dd342008,content,saved,200,179702,2026-10-09T03:19:52.224795+00:00,2026-10-09T03:19:54.055738+00:00,38575c570dc5be1c55c594ee288a9bb0ca94855f19af22095a11c4a622c36e4b,work_packages/M1_source_access/27_newspaper_context_recovery_20261008/social_public_api/continuations/20261009_public_native_expansion/worker/raw/715f43c742cd48e7dd342008.bin.gz,,,
bluesky,71b2d8e714dad93f88363c7e,content,saved,200,620894,2026-10-09T04:24:20.385313+00:00,2026-10-09T04:24:22.977589+00:00,536cfbd598d30fd11a422872065b80bd228dfd8c646babbbd9fdbb3fb24df37e,work_packages/M1_source_access/27_newspaper_context_recovery_20261008/social_public_api/continuations/20261009_public_native_expansion/worker/raw/71b2d8e714dad93f88363c7e.bin.gz,,,
mastodon_au,71d417a8be3e907ab0f5f912,content,saved,200,164795,2026-10-09T02:56:50.823419+00:00,2026-10-09T02:56:52.356095+00:00,c67460fb3a485b9d7b2f49d53805f461daeefce507f31ff09fa2bd8817ff691e,work_packages/M1_source_access/27_newspaper_context_recovery_20261008/social_public_api/continuations/20261009_public_native_expansion/worker/raw/71d417a8be3e907ab0f5f912.bin.gz,,,
bluesky,71eabc3493333c5f63453871,content,saved,200,452414,2026-10-09T03:15:28.762220+00:00,2026-10-09T03:15:30.969139+00:00,f2a566259e296bbe9a27e19f72d53beb44654386e32dedf43ead58025d30e3c5,work_packages/M1_source_access/27_newspaper_context_recovery_20261008/social_public_api/continuations/20261009_public_native_expansion/worker/raw/71eabc3493333c5f63453871.bin.gz,,,
bluesky,71fddc1b20418f0c2f50cb4a,content,saved,200,623409,2026-10-09T04:00:18.994273+00:00,2026-10-09T04:00:21.333849+00:00,a5f8c9e10c8c794f2948640d4145c5f31081f96c49a6227f307edf7a4d387486,work_packages/M1_source_access/27_newspaper_context_recovery_20261008/social_public_api/continuations/20261009_public_native_expansion/worker/raw/71fddc1b20418f0c2f50cb4a.bin.gz,,,
mastodon_us,72100afb48697145f1a89013,content,saved,200,170544,2026-10-09T03:21:44.306463+00:00,2026-10-09T03:21:46.514904+00:00,dfdb4dff19e57ae584425a9642cf5395071e971221e0caed770f2d809211daae,work_packages/M1_source_access/27_newspaper_context_recovery_20261008/social_public_api/continuations/20261009_public_native_expansion/worker/raw/72100afb48697145f1a89013.bin.gz,,,
se_earthscience,72d2d3aab9551deb8b093108,content,saved,200,159707,2026-10-09T04:15:25.884542+00:00,2026-10-09T04:15:27.475024+00:00,80a4e34e5adaaddddb3f69df07f9ed6829bc2a2a604360f94d048320e2b9d395,work_packages/M1_source_access/27_newspaper_context_recovery_20261008/social_public_api/continuations/20261009_public_native_expansion/worker/raw/72d2d3aab9551deb8b093108.bin.gz,201,,
bluesky,72f7c17c239ab88260b90003,content,saved,200,11,2026-10-09T03:04:03.133422+00:00,2026-10-09T03:04:04.003030+00:00,ff620ad62f8de5fbc1a439d6cfe08cd5bd3583d045bd998ffd8458857a70248a,work_packages/M1_source_access/27_newspaper_context_recovery_20261008/social_public_api/continuations/20261009_public_native_expansion/worker/raw/72f7c17c239ab88260b90003.bin.gz,,,
bluesky,73079434a4591ad2b56df598,content,saved,200,11,2026-10-09T03:18:39.849861+00:00,2026-10-09T03:18:41.023633+00:00,ff620ad62f8de5fbc1a439d6cfe08cd5bd3583d045bd998ffd8458857a70248a,work_packages/M1_source_access/27_newspaper_context_recovery_20261008/social_public_api/continuations/20261009_public_native_expansion/worker/raw/73079434a4591ad2b56df598.bin.gz,,,
bluesky,73ef47a23b6647053b213d7a,content,saved,200,611352,2026-10-09T03:25:35.810905+00:00,2026-10-09T03:25:38.066862+00:00,38192dd4eb15016253845075ec8019159ee13863002203a949421d3f942a12dd,work_packages/M1_source_access/27_newspaper_context_recovery_20261008/social_public_api/continuations/20261009_public_native_expansion/worker/raw/73ef47a23b6647053b213d7a.bin.gz,,,
lemmy_nz,73f8dc7912e6cf28f36f3b21,policy,saved,200,21285,2026-10-09T03:28:24.012717+00:00,2026-10-09T03:28:25.458321+00:00,ba010f4f7b101ee6c1aacb69534f18a2d19d46739c3bf93e658d7bab9a10cf3e,work_packages/M1_source_access/27_newspaper_context_recovery_20261008/social_public_api/continuations/20261009_public_native_expansion/worker/raw/73f8dc7912e6cf28f36f3b21.bin.gz,,,
bluesky,7434d4e5c17acbc42ffff597,content,saved,200,572894,2026-10-09T03:34:31.878249+00:00,2026-10-09T03:34:34.134030+00:00,5a380fd2637bc4a0bfde3ae53894b943018ffe0fde3420477582375ab72a6f82,work_packages/M1_source_access/27_newspaper_context_recovery_20261008/social_public_api/continuations/20261009_public_native_expansion/worker/raw/7434d4e5c17acbc42ffff597.bin.gz,,,
python_discourse,74b1ab8cd2779c263185486f,content,saved,200,2583,2026-10-09T04:27:19.510362+00:00,2026-10-09T04:27:21.339738+00:00,7d64e3c947c2f0504ac1caeb94e74234cad3887ece508e793a3563c39a159487,work_packages/M1_source_access/27_newspaper_context_recovery_20261008/social_public_api/continuations/20261009_public_native_expansion/worker/raw/74b1ab8cd2779c263185486f.bin.gz,,,
bluesky,74efde242bfadaf75791d282,content,saved,200,11,2026-10-09T03:17:24.538695+00:00,2026-10-09T03:17:25.724491+00:00,ff620ad62f8de5fbc1a439d6cfe08cd5bd3583d045bd998ffd8458857a70248a,work_packages/M1_source_access/27_newspaper_context_recovery_20261008/social_public_api/continuations/20261009_public_native_expansion/worker/raw/74efde242bfadaf75791d282.bin.gz,,,
mastodon_ie,75172b736c4ca8758f6a7c36,content,saved,200,166583,2026-10-09T03:28:15.033183+00:00,2026-10-09T03:28:21.150354+00:00,ccda1cc03d4148d8a475520623876d69e3f2ef3bb14eadadb2a8badd689680d5,work_packages/M1_source_access/27_newspaper_context_recovery_20261008/social_public_api/continuations/20261009_public_native_expansion/worker/raw/75172b736c4ca8758f6a7c36.bin.gz,,,
feddit_org,760133593e22e80170483eab,content,saved,200,230665,2026-10-09T04:15:15.297041+00:00,2026-10-09T04:15:18.840729+00:00,fc31a657428352f4d845c2d0a5da86c0b280516016010427ecb8efb8eb6fbf9b,work_packages/M1_source_access/27_newspaper_context_recovery_20261008/social_public_api/continuations/20261009_public_native_expansion/worker/raw/760133593e22e80170483eab.bin.gz,,,
python_discourse,763b2261a09679ee37ca9d60,content,saved,200,2218,2026-10-09T04:27:10.908695+00:00,2026-10-09T04:27:12.841329+00:00,67101b69f0b2d8610df5672dcd60d8127d234c424b4a793335386acf99d33f92,work_packages/M1_source_access/27_newspaper_context_recovery_20261008/social_public_api/continuations/20261009_public_native_expansion/worker/raw/763b2261a09679ee37ca9d60.bin.gz,,,
osm_discourse,7673bd6a828b516d62ec0c6d,content,saved,200,1631,2026-10-09T03:19:19.395864+00:00,2026-10-09T03:19:21.477994+00:00,058f26654bb0dfa4d08a839ce5f09f2780040d2d5dd2af93b4f7125661dd8455,work_packages/M1_source_access/27_newspaper_context_recovery_20261008/social_public_api/continuations/20261009_public_native_expansion/worker/raw/7673bd6a828b516d62ec0c6d.bin.gz,,,
bluesky,76817cbe87de08597db65db6,content,saved,200,517538,2026-10-09T03:33:29.817654+00:00,2026-10-09T03:33:31.915945+00:00,cff447a1d36b47f2ca71552b14a5f4425ae09e81730fb75709fbe46db210d513,work_packages/M1_source_access/27_newspaper_context_recovery_20261008/social_public_api/continuations/20261009_public_native_expansion/worker/raw/76817cbe87de08597db65db6.bin.gz,,,
se_earthscience,76fe6b8d4a6e65c317ab1e30,content,saved,200,188819,2026-10-09T02:55:59.902966+00:00,2026-10-09T02:56:01.292394+00:00,44e30a93a0a3044225b54e891faa5712e0e76a920370c26ef24197650e8095a8,work_packages/M1_source_access/27_newspaper_context_recovery_20261008/social_public_api/continuations/20261009_public_native_expansion/worker/raw/76fe6b8d4a6e65c317ab1e30.bin.gz,256,,
python_discourse,777bca2cb039bed77c1fa29f,content,saved,200,6253,2026-10-09T04:27:32.923095+00:00,2026-10-09T04:27:34.858362+00:00,12262e5f34e6edef0d02a408e55a49e4a599092c4c4f00ef3bfad45fa126cbdd,work_packages/M1_source_access/27_newspaper_context_recovery_20261008/social_public_api/continuations/20261009_public_native_expansion/worker/raw/777bca2cb039bed77c1fa29f.bin.gz,,,
straight_dope,77c1ab7b0a33648a125f0b8e,content,saved,200,28644,2026-10-09T03:53:46.743127+00:00,2026-10-09T03:53:48.909303+00:00,f1dd2fc9c7ef55371a80d78fb77ef5574b60edefb82e937b5ac552c5f5a1c360,work_packages/M1_source_access/27_newspaper_context_recovery_20261008/social_public_api/continuations/20261009_public_native_expansion/worker/raw/77c1ab7b0a33648a125f0b8e.bin.gz,,,
osm_discourse,77c834935217804683533220,content,saved,200,56320,2026-10-09T03:31:39.800310+00:00,2026-10-09T03:31:42.533596+00:00,ab27c11bc83f926344d3a76ac4eb20901663022b0feefb6734992b1ae69516d5,work_packages/M1_source_access/27_newspaper_context_recovery_20261008/social_public_api/continuations/20261009_public_native_expansion/worker/raw/77c834935217804683533220.bin.gz,,,
se_sustainability,77dd35c9105217ee6fccd637,content,saved,200,126437,2026-10-09T02:54:53.416371+00:00,2026-10-09T02:54:55.020564+00:00,bc05b96890169ea0b5df7984a3436066770e349cd2dab5d8e804749592e39af9,work_packages/M1_source_access/27_newspaper_context_recovery_20261008/social_public_api/continuations/20261009_public_native_expansion/worker/raw/77dd35c9105217ee6fccd637.bin.gz,261,,
bluesky,78031841429dc59e0c6f35d3,content,saved,200,572125,2026-10-09T04:20:40.810688+00:00,2026-10-09T04:20:43.264211+00:00,391c872ff46391ae60bf78a262326ebc14776b297bcbd90347f8329cab5bea68,work_packages/M1_source_access/27_newspaper_context_recovery_20261008/social_public_api/continuations/20261009_public_native_expansion/worker/raw/78031841429dc59e0c6f35d3.bin.gz,,,
straight_dope,782a2c4fe9f569a07c813f9d,content,saved,200,28013,2026-10-09T03:59:45.214225+00:00,2026-10-09T03:59:47.290576+00:00,7f157edd8e7108652cdb9f29aa2724df1c8a0744648226a3c4bdc99909cfbc00,work_packages/M1_source_access/27_newspaper_context_recovery_20261008/social_public_api/continuations/20261009_public_native_expansion/worker/raw/782a2c4fe9f569a07c813f9d.bin.gz,,,
bluesky,782c2b925e89e2f4c19c2f25,content,saved,200,11,2026-10-09T03:16:45.788313+00:00,2026-10-09T03:16:46.660212+00:00,ff620ad62f8de5fbc1a439d6cfe08cd5bd3583d045bd998ffd8458857a70248a,work_packages/M1_source_access/27_newspaper_context_recovery_20261008/social_public_api/continuations/20261009_public_native_expansion/worker/raw/782c2b925e89e2f4c19c2f25.bin.gz,,,
aussie_zone,78e8f5482a2abe27549abe74,content,saved,200,185832,2026-10-09T04:04:27.410979+00:00,2026-10-09T04:04:29.263571+00:00,0883b8a4c56ea61c48665dae4f1992111de23fa85739274c4c17cd4d237430aa,work_packages/M1_source_access/27_newspaper_context_recovery_20261008/social_public_api/continuations/20261009_public_native_expansion/worker/raw/78e8f5482a2abe27549abe74.bin.gz,,,
bluesky,78fbb22d20c949d54963052c,content,saved,200,11,2026-10-09T03:19:37.089627+00:00,2026-10-09T03:19:38.524783+00:00,ff620ad62f8de5fbc1a439d6cfe08cd5bd3583d045bd998ffd8458857a70248a,work_packages/M1_source_access/27_newspaper_context_recovery_20261008/social_public_api/continuations/20261009_public_native_expansion/worker/raw/78fbb22d20c949d54963052c.bin.gz,,,
mastodon_ie,7924beb4b0ce27e18fa4b4b6,content,saved,200,172383,2026-10-09T03:48:34.457689+00:00,2026-10-09T03:48:38.111569+00:00,633e657dea1a49e3f766639ee34a0bf7f31e46a1f6768ee454341298f332f584,work_packages/M1_source_access/27_newspaper_context_recovery_20261008/social_public_api/continuations/20261009_public_native_expansion/worker/raw/7924beb4b0ce27e18fa4b4b6.bin.gz,,,
bluesky,796d8c83c52308431a913d2a,content,saved,200,529854,2026-10-09T04:04:01.708740+00:00,2026-10-09T04:04:03.625420+00:00,8aca27a58bac4be8999eb61c4c7b8c2ad9dff327ffb677e10a5e85ac5ce5f7a1,work_packages/M1_source_access/27_newspaper_context_recovery_20261008/social_public_api/continuations/20261009_public_native_expansion/worker/raw/796d8c83c52308431a913d2a.bin.gz,,,
mastodon_au,797bb3096196025df0789b3f,content,saved,200,149756,2026-10-09T03:27:21.527296+00:00,2026-10-09T03:27:23.137396+00:00,98c0cf9d648000a910407e3b4461e84dd7ccf399f4315d3f40c2061588449212,work_packages/M1_source_access/27_newspaper_context_recovery_20261008/social_public_api/continuations/20261009_public_native_expansion/worker/raw/797bb3096196025df0789b3f.bin.gz,,,
bluesky,79cb658c55e9b879c742ea5b,content,saved,200,642665,2026-10-09T04:01:58.678266+00:00,2026-10-09T04:02:00.635715+00:00,1fb7e3d985f0bc4a84f4a69d966098d9f7cb0de1ea65a4880b27cb2e21e14ceb,work_packages/M1_source_access/27_newspaper_context_recovery_20261008/social_public_api/continuations/20261009_public_native_expansion/worker/raw/79cb658c55e9b879c742ea5b.bin.gz,,,
mastodon_us,79e091ff14e2a3341a298425,content,saved,200,156234,2026-10-09T04:21:46.821761+00:00,2026-10-09T04:21:49.305383+00:00,c664ff2c7998f3d7be2688de36e3790af512cb00c47ff9d714d4034e959dc833,work_packages/M1_source_access/27_newspaper_context_recovery_20261008/social_public_api/continuations/20261009_public_native_expansion/worker/raw/79e091ff14e2a3341a298425.bin.gz,,,
mastodon_au,7a0bc5d816af49e8850d375b,content,saved,200,162597,2026-10-09T04:19:45.282085+00:00,2026-10-09T04:19:46.968450+00:00,b442e050a3e5e2de6861545d219ecd6d9857a2c1a0c42148c6aac743fa611547,work_packages/M1_source_access/27_newspaper_context_recovery_20261008/social_public_api/continuations/20261009_public_native_expansion/worker/raw/7a0bc5d816af49e8850d375b.bin.gz,,,
mastodon_au,7a0d3bddb87caeae0d47807f,content,saved,200,152136,2026-10-09T03:51:27.127222+00:00,2026-10-09T03:51:28.822106+00:00,24871a4be27f701406dea570ec5020d6589da295c2fe906ecc91991309267bea,work_packages/M1_source_access/27_newspaper_context_recovery_20261008/social_public_api/continuations/20261009_public_native_expansion/worker/raw/7a0d3bddb87caeae0d47807f.bin.gz,,,
bluesky,7a2c5e94fa150bc882c12980,content,saved,200,466170,2026-10-09T04:05:59.855636+00:00,2026-10-09T04:06:01.949920+00:00,013e5406ae663ec0ee478df12ecad156c0146661cc2c8878b75eddde1d1de592,work_packages/M1_source_access/27_newspaper_context_recovery_20261008/social_public_api/continuations/20261009_public_native_expansion/worker/raw/7a2c5e94fa150bc882c12980.bin.gz,,,
aussie_zone,7a347116386c0aeb4ffa1480,content,saved,200,164093,2026-10-09T03:56:41.815438+00:00,2026-10-09T03:56:43.697202+00:00,274fa3749917a50ad5b50058d21c01108eb9dbda0431b477cf5454df43ee6338,work_packages/M1_source_access/27_newspaper_context_recovery_20261008/social_public_api/continuations/20261009_public_native_expansion/worker/raw/7a347116386c0aeb4ffa1480.bin.gz,,,
mastodon_uk,7a8d7addcb087ac30e9df697,content,saved,200,135482,2026-10-09T04:05:03.756616+00:00,2026-10-09T04:05:07.887409+00:00,96d2a60a7615629d78a4e0c5545d791bafd4690809088f52cab76665a97ff7da,work_packages/M1_source_access/27_newspaper_context_recovery_20261008/social_public_api/continuations/20261009_public_native_expansion/worker/raw/7a8d7addcb087ac30e9df697.bin.gz,,,
mastodon_uk,7aac1bbc840e1cf1f4c514bf,content,saved,200,122687,2026-10-09T04:17:41.519428+00:00,2026-10-09T04:17:44.962326+00:00,adc92ade079bb74aed5409a05eacd0ecb23bfdbfe4a3bd6faba9d6331ac97892,work_packages/M1_source_access/27_newspaper_context_recovery_20261008/social_public_api/continuations/20261009_public_native_expansion/worker/raw/7aac1bbc840e1cf1f4c514bf.bin.gz,,,
straight_dope,7abee72d0d06bd391ba718bc,content,saved,200,28913,2026-10-09T03:51:35.498414+00:00,2026-10-09T03:51:37.477132+00:00,99c9c15a9b91a1067c3eb2565dca1e73699bb70b8a4fda19ee846e0216c18b7b,work_packages/M1_source_access/27_newspaper_context_recovery_20261008/social_public_api/continuations/20261009_public_native_expansion/worker/raw/7abee72d0d06bd391ba718bc.bin.gz,,,
bluesky,7b29b47a4d2b99c2024b253a,content,saved,200,696826,2026-10-09T03:23:46.186544+00:00,2026-10-09T03:23:48.009173+00:00,3f3b0e2ff43ff5b6346f7f3cff9c2a7f91097fbe6d94f6533927ccdef3681519,work_packages/M1_source_access/27_newspaper_context_recovery_20261008/social_public_api/continuations/20261009_public_native_expansion/worker/raw/7b29b47a4d2b99c2024b253a.bin.gz,,,
se_sustainability,7b452ac85162fb3c2116b73c,content,saved,200,82615,2026-10-09T02:57:52.278823+00:00,2026-10-09T02:57:53.680013+00:00,da0a3c0e2380eb590891d6432a96695e292bfdfa007d9ffa7f62a174ae1dc453,work_packages/M1_source_access/27_newspaper_context_recovery_20261008/social_public_api/continuations/20261009_public_native_expansion/worker/raw/7b452ac85162fb3c2116b73c.bin.gz,252,,
bluesky,7b6409d450bbde4824b7923e,content,saved,200,691120,2026-10-09T03:15:32.852695+00:00,2026-10-09T03:15:35.033416+00:00,b52082f9cc17991961a1c395184420e6b0ae9c12cdd816e7d3fe3b1cc90e2e71,work_packages/M1_source_access/27_newspaper_context_recovery_20261008/social_public_api/continuations/20261009_public_native_expansion/worker/raw/7b6409d450bbde4824b7923e.bin.gz,,,
feddit_uk,7b83f86c68ab6eeaa799ece4,source_metadata,saved,200,21127,2026-10-09T03:23:27.066177+00:00,2026-10-09T03:23:29.214142+00:00,916b5c2408f6448cdd5cc4b605e308c5dff6110639507ac271de358d08a5d679,work_packages/M1_source_access/27_newspaper_context_recovery_20261008/social_public_api/continuations/20261009_public_native_expansion/worker/raw/7b83f86c68ab6eeaa799ece4.bin.gz,,,
bluesky,7bf5fa69d0b4e28634aad860,content,saved,200,485946,2026-10-09T04:05:45.416650+00:00,2026-10-09T04:05:47.761354+00:00,2a34d22a991b996c385214e064af7a6f5e7ad742d98553355c34c2a9e38e74d4,work_packages/M1_source_access/27_newspaper_context_recovery_20261008/social_public_api/continuations/20261009_public_native_expansion/worker/raw/7bf5fa69d0b4e28634aad860.bin.gz,,,
bluesky,7c1143c9f2743898fae0c623,content,saved,200,442567,2026-10-09T04:05:35.276914+00:00,2026-10-09T04:05:37.603221+00:00,9eb8286c047401ad12858f01ee36daecda50efaf16490c71805a64eb2572971b,work_packages/M1_source_access/27_newspaper_context_recovery_20261008/social_public_api/continuations/20261009_public_native_expansion/worker/raw/7c1143c9f2743898fae0c623.bin.gz,,,
feddit_org,7c172727d986bcdd2258f7b2,content,saved,200,229134,2026-10-09T04:19:09.633095+00:00,2026-10-09T04:19:12.519800+00:00,64a8b889ff4491c639515b1efc2c28b9bf7e1cd3774c0abe8d743dcc6d3f89ae,work_packages/M1_source_access/27_newspaper_context_recovery_20261008/social_public_api/continuations/20261009_public_native_expansion/worker/raw/7c172727d986bcdd2258f7b2.bin.gz,,,
bluesky,7c4337d1b976b9414fbafe72,content,saved,200,461802,2026-10-09T04:24:36.098912+00:00,2026-10-09T04:24:38.332948+00:00,c70de3fb5f3e661e0e09067bc991f81da448e60e20e720f04049b30e92baf1f2,work_packages/M1_source_access/27_newspaper_context_recovery_20261008/social_public_api/continuations/20261009_public_native_expansion/worker/raw/7c4337d1b976b9414fbafe72.bin.gz,,,
python_discourse,7c6e50068ac1443fc5a49dbd,content,saved,200,31232,2026-10-09T04:12:15.610966+00:00,2026-10-09T04:12:17.975395+00:00,68d6bd68082cf93ddcd51f6bbea5a41cab836d13a79072caf92a62703589e36b,work_packages/M1_source_access/27_newspaper_context_recovery_20261008/social_public_api/continuations/20261009_public_native_expansion/worker/raw/7c6e50068ac1443fc5a49dbd.bin.gz,,,
osm_discourse,7c9fb58d04ac7dfe36d5a5f2,content,saved,200,55947,2026-10-09T04:25:58.702204+00:00,2026-10-09T04:26:01.404265+00:00,fe7a4ac2b065c540d4046d8d68353110ca0962ddee237614a1fca01954621401,work_packages/M1_source_access/27_newspaper_context_recovery_20261008/social_public_api/continuations/20261009_public_native_expansion/worker/raw/7c9fb58d04ac7dfe36d5a5f2.bin.gz,,,
se_earthscience,7d06a02bf3caecf8130d462f,content,saved,200,200804,2026-10-09T03:21:24.430191+00:00,2026-10-09T03:21:25.898473+00:00,73fd8cda319805759612df9dcab06de6fbc61202ab17698d221708fc556ce827,work_packages/M1_source_access/27_newspaper_context_recovery_20261008/social_public_api/continuations/20261009_public_native_expansion/worker/raw/7d06a02bf3caecf8130d462f.bin.gz,234,,
se_sustainability,7dc54b1dfffddfac7a78dcf8,content,saved,200,208813,2026-10-09T03:01:34.374572+00:00,2026-10-09T03:01:36.054233+00:00,765a14a7e9145a0ae1c8068737b12b7ff6b48db5cba7746f56ead47db1144301,work_packages/M1_source_access/27_newspaper_context_recovery_20261008/social_public_api/continuations/20261009_public_native_expansion/worker/raw/7dc54b1dfffddfac7a78dcf8.bin.gz,244,,
osm_discourse,7e45ee63fda35778b79ebfea,content,saved,200,36304,2026-10-09T02:57:47.822586+00:00,2026-10-09T02:57:50.491292+00:00,07370800b134149cbf9a1aa7c6708fa7ea4db4cf86d7b8ac8eec99257643a414,work_packages/M1_source_access/27_newspaper_context_recovery_20261008/social_public_api/continuations/20261009_public_native_expansion/worker/raw/7e45ee63fda35778b79ebfea.bin.gz,,,
straight_dope,7e694c3411f08b1171448833,content,saved,200,28352,2026-10-09T03:23:16.934795+00:00,2026-10-09T03:23:18.502501+00:00,b2d1563ef00544a97962b9b0abc5989bc2d8d20ec42e0d180137b92882e145eb,work_packages/M1_source_access/27_newspaper_context_recovery_20261008/social_public_api/continuations/20261009_public_native_expansion/worker/raw/7e694c3411f08b1171448833.bin.gz,,,
bluesky,7ee68f8afa5e46a057488092,content,saved,200,11,2026-10-09T03:27:11.270728+00:00,2026-10-09T03:27:12.147101+00:00,ff620ad62f8de5fbc1a439d6cfe08cd5bd3583d045bd998ffd8458857a70248a,work_packages/M1_source_access/27_newspaper_context_recovery_20261008/social_public_api/continuations/20261009_public_native_expansion/worker/raw/7ee68f8afa5e46a057488092.bin.gz,,,
bluesky,7f2798f8f277db5efe72b5b4,content,saved,200,544398,2026-10-09T04:03:47.311598+00:00,2026-10-09T04:03:49.343223+00:00,ee8874ea0019fc452ea15b4e8c220323be70adb0ec94a7a23aefd9f879b90778,work_packages/M1_source_access/27_newspaper_context_recovery_20261008/social_public_api/continuations/20261009_public_native_expansion/worker/raw/7f2798f8f277db5efe72b5b4.bin.gz,,,
osm_discourse,7f2956e69196a90195d0170b,content,saved,200,49264,2026-10-09T04:11:00.254999+00:00,2026-10-09T04:11:02.938604+00:00,21a9b927f65e930e4da3919e6d82493b7dbf8df47dd34d2516c403d855ec886f,work_packages/M1_source_access/27_newspaper_context_recovery_20261008/social_public_api/continuations/20261009_public_native_expansion/worker/raw/7f2956e69196a90195d0170b.bin.gz,,,
mastodon_au,800d2d7c4ae73a9973014914,content,saved,200,153732,2026-10-09T03:59:36.449551+00:00,2026-10-09T03:59:38.272605+00:00,4fdaa3b3aae377185a1202bbb885bfaba35e95b35640c7a5b77f7ac7311c3c59,work_packages/M1_source_access/27_newspaper_context_recovery_20261008/social_public_api/continuations/20261009_public_native_expansion/worker/raw/800d2d7c4ae73a9973014914.bin.gz,,,
lemmy_nz,80765acf28cca93b4ab3d33e,content,saved,200,186947,2026-10-09T04:06:14.058498+00:00,2026-10-09T04:06:15.997572+00:00,dce038c36177b7f55c7b264b64a235d326375dab3584013c482b8729e5b1f9c9,work_packages/M1_source_access/27_newspaper_context_recovery_20261008/social_public_api/continuations/20261009_public_native_expansion/worker/raw/80765acf28cca93b4ab3d33e.bin.gz,,,
mastodon_us,80a26528451fc76b86f65be0,content,saved,200,144290,2026-10-09T03:36:23.557861+00:00,2026-10-09T03:36:26.123502+00:00,8bf2db76564f695c555b3b072ce02c9f8d41d89bc50d33638dd24a0cbcc789b9,work_packages/M1_source_access/27_newspaper_context_recovery_20261008/social_public_api/continuations/20261009_public_native_expansion/worker/raw/80a26528451fc76b86f65be0.bin.gz,,,
bluesky,80dbfe4801bfa17e236366eb,content,saved,200,661801,2026-10-09T03:20:11.438624+00:00,2026-10-09T03:20:13.269667+00:00,adb6c3dbaffba6f9d2ddc3f89fce30be5fdec82055676ef9d372c4f860657776,work_packages/M1_source_access/27_newspaper_context_recovery_20261008/social_public_api/continuations/20261009_public_native_expansion/worker/raw/80dbfe4801bfa17e236366eb.bin.gz,,,
aussie_zone,81ee0f9190a12dc9289e1b82,source_metadata,saved,200,14948,2026-10-09T03:23:26.240634+00:00,2026-10-09T03:23:27.054474+00:00,5a7df97bdad0d70e030f5bbc1890a3448bcd6344954974379b110aadc659190c,work_packages/M1_source_access/27_newspaper_context_recovery_20261008/social_public_api/continuations/20261009_public_native_expansion/worker/raw/81ee0f9190a12dc9289e1b82.bin.gz,,,
osm_discourse,81fd12aa3e2f5b06e94b6fee,content,saved,200,16590,2026-10-09T03:23:19.798815+00:00,2026-10-09T03:23:21.744138+00:00,036819e7d080a1d9dc3b28a6053ee4382ff3f602d97fc0318d26929f6437efa8,work_packages/M1_source_access/27_newspaper_context_recovery_20261008/social_public_api/continuations/20261009_public_native_expansion/worker/raw/81fd12aa3e2f5b06e94b6fee.bin.gz,,,
bluesky,8222be23511407c89c91e197,content,saved,200,605114,2026-10-09T03:24:09.545662+00:00,2026-10-09T03:24:11.386767+00:00,9fc7557ef36586e29dcb9be2d3dc829e41a0b46b4460a8edb48b7c11e12dcd50,work_packages/M1_source_access/27_newspaper_context_recovery_20261008/social_public_api/continuations/20261009_public_native_expansion/worker/raw/8222be23511407c89c91e197.bin.gz,,,
aussie_zone,822625803195eea7d917de98,content,saved,200,166464,2026-10-09T04:13:04.822563+00:00,2026-10-09T04:13:06.514783+00:00,5dcfb4d790ae6b672c912eace3928b403f5f90944d6bfb5cc2fc038b9dc32ac0,work_packages/M1_source_access/27_newspaper_context_recovery_20261008/social_public_api/continuations/20261009_public_native_expansion/worker/raw/822625803195eea7d917de98.bin.gz,,,
python_discourse,82a2a1eff263abb9385c301f,content,saved,200,66903,2026-10-09T03:31:05.442250+00:00,2026-10-09T03:31:07.668282+00:00,92c6ccf1f4f221ce3a8f2ce406a9fc997331baa466e41a030f1e1c29847b1354,work_packages/M1_source_access/27_newspaper_context_recovery_20261008/social_public_api/continuations/20261009_public_native_expansion/worker/raw/82a2a1eff263abb9385c301f.bin.gz,,,
bluesky,82da9e118b66ce75e7d7794f,content,saved,200,432361,2026-10-09T04:24:25.609022+00:00,2026-10-09T04:24:27.879650+00:00,314de1625da29e6ec18f699c7dfbfc38d65409d6eb3039a72e5caaaa286782d9,work_packages/M1_source_access/27_newspaper_context_recovery_20261008/social_public_api/continuations/20261009_public_native_expansion/worker/raw/82da9e118b66ce75e7d7794f.bin.gz,,,
bluesky,82e2eb8a9fb31178b8a735a6,content,saved,200,9542,2026-10-09T03:28:11.657804+00:00,2026-10-09T03:28:12.916010+00:00,4bd10a53487c46e79a6ea035521d8717693af1e7a1c1c6d6c218b48af0d9ea0d,work_packages/M1_source_access/27_newspaper_context_recovery_20261008/social_public_api/continuations/20261009_public_native_expansion/worker/raw/82e2eb8a9fb31178b8a735a6.bin.gz,,,
bluesky,82f99715fc5d32e00b6cb99b,content,http_stop,400,,2026-10-09T03:18:17.287985+00:00,,,,,,
bluesky,82fe9241277b57f08d884780,content,saved,200,11,2026-10-09T03:30:23.276891+00:00,2026-10-09T03:30:24.155523+00:00,ff620ad62f8de5fbc1a439d6cfe08cd5bd3583d045bd998ffd8458857a70248a,work_packages/M1_source_access/27_newspaper_context_recovery_20261008/social_public_api/continuations/20261009_public_native_expansion/worker/raw/82fe9241277b57f08d884780.bin.gz,,,
lemmy_nz,8305efcd7a5be520c1bad217,documentation,saved,200,189,2026-10-09T03:33:42.968651+00:00,2026-10-09T03:33:44.352510+00:00,f2e3798ad50cc2cc89bb9f19c890771f06892a5d1b790d09c9fd8d76e22c4330,work_packages/M1_source_access/27_newspaper_context_recovery_20261008/social_public_api/continuations/20261009_public_native_expansion/worker/raw/8305efcd7a5be520c1bad217.bin.gz,,,
bluesky,8321eaaecf1140d6c966c4a6,content,saved,200,11,2026-10-09T03:04:27.597631+00:00,2026-10-09T03:04:28.451586+00:00,ff620ad62f8de5fbc1a439d6cfe08cd5bd3583d045bd998ffd8458857a70248a,work_packages/M1_source_access/27_newspaper_context_recovery_20261008/social_public_api/continuations/20261009_public_native_expansion/worker/raw/8321eaaecf1140d6c966c4a6.bin.gz,,,
osm_discourse,83636eb2b845cc96d60bd27a,source_metadata,saved,200,962,2026-10-09T02:56:28.667265+00:00,2026-10-09T02:56:30.740612+00:00,6006663bcaae93490acc6b06af4db157dfa1e6e70bd9bef2e137f227a9fb3544,work_packages/M1_source_access/27_newspaper_context_recovery_20261008/social_public_api/continuations/20261009_public_native_expansion/worker/raw/83636eb2b845cc96d60bd27a.bin.gz,,,
bluesky,83735840129575d407e877f5,content,saved,200,407613,2026-10-09T03:15:49.492048+00:00,2026-10-09T03:15:51.511948+00:00,e347e85850f128d0ba47361bcdc4f474504ab65462641796297150d6741b6bac,work_packages/M1_source_access/27_newspaper_context_recovery_20261008/social_public_api/continuations/20261009_public_native_expansion/worker/raw/83735840129575d407e877f5.bin.gz,,,
bluesky,83a39f0c769b89a115df8f8d,content,saved,200,395520,2026-10-09T03:29:09.562174+00:00,2026-10-09T03:29:11.614291+00:00,3254f7467fe1c7a137f4621da058902898b34d50c26330091c1977579758f09b,work_packages/M1_source_access/27_newspaper_context_recovery_20261008/social_public_api/continuations/20261009_public_native_expansion/worker/raw/83a39f0c769b89a115df8f8d.bin.gz,,,
midwest_social,83bb4014525e50c98599af8e,content,saved,200,99170,2026-10-09T03:50:42.975648+00:00,2026-10-09T03:50:58.047103+00:00,65047fa02f6740302587f4d95333ed62df7c848e23694e8492cfb7db72cf113e,work_packages/M1_source_access/27_newspaper_context_recovery_20261008/social_public_api/continuations/20261009_public_native_expansion/worker/raw/83bb4014525e50c98599af8e.bin.gz,,,
se_sustainability,83c3fa4cea043c2a33d36598,content,saved,200,88033,2026-10-09T04:02:47.776296+00:00,2026-10-09T04:02:49.955144+00:00,0ff0dc5b5f1a99a548d79ab9fc4ceb9db115d50c3638a50ef1ec0cbe9ebe3636,work_packages/M1_source_access/27_newspaper_context_recovery_20261008/social_public_api/continuations/20261009_public_native_expansion/worker/raw/83c3fa4cea043c2a33d36598.bin.gz,216,,
bluesky,83ea18744029c7666438d73a,content,saved,200,572096,2026-10-09T03:54:06.456727+00:00,2026-10-09T03:54:08.807308+00:00,ed6c18b3ecd28b6d54f5dc053f7ace81a471cf9d5a121ef60b548a48c0a6b49b,work_packages/M1_source_access/27_newspaper_context_recovery_20261008/social_public_api/continuations/20261009_public_native_expansion/worker/raw/83ea18744029c7666438d73a.bin.gz,,,
bluesky,840b60707a22eddf2ed1a654,content,saved,200,11,2026-10-09T03:09:51.559933+00:00,2026-10-09T03:09:52.807835+00:00,ff620ad62f8de5fbc1a439d6cfe08cd5bd3583d045bd998ffd8458857a70248a,work_packages/M1_source_access/27_newspaper_context_recovery_20261008/social_public_api/continuations/20261009_public_native_expansion/worker/raw/840b60707a22eddf2ed1a654.bin.gz,,,
bluesky,840ed26a343da1300c2567a9,content,saved,200,465719,2026-10-09T04:24:43.621243+00:00,2026-10-09T04:24:45.939097+00:00,7307c16c584eb7d90ebeb0724a92d58a6389feeb30d67aebb71c4acf99e996f7,work_packages/M1_source_access/27_newspaper_context_recovery_20261008/social_public_api/continuations/20261009_public_native_expansion/worker/raw/840ed26a343da1300c2567a9.bin.gz,,,
mastodon_ie,8460beca349c006d634fd235,content,saved,200,174043,2026-10-09T03:55:21.095461+00:00,2026-10-09T03:55:24.828654+00:00,b4eb82902fa772407d936d08df30dc08d76df10b7df9772ef3b2ad69ff1ed414,work_packages/M1_source_access/27_newspaper_context_recovery_20261008/social_public_api/continuations/20261009_public_native_expansion/worker/raw/8460beca349c006d634fd235.bin.gz,,,
bluesky,848f5e0007ebdcef988247ff,content,saved,200,418752,2026-10-09T04:02:13.625043+00:00,2026-10-09T04:02:15.746196+00:00,b3b97adadcac32e2601ac7e1115525a6974bcba6017ab3fd4c306b046c760fd3,work_packages/M1_source_access/27_newspaper_context_recovery_20261008/social_public_api/continuations/20261009_public_native_expansion/worker/raw/848f5e0007ebdcef988247ff.bin.gz,,,
feddit_org,84ffefb9ec3629de0faa97df,content,transport_stop,,,2026-10-09T03:50:16.167491+00:00,,,,,,TimeoutError: The read operation timed out
osm_discourse,856c2d0992759588d0492b89,content,saved,200,46067,2026-10-09T03:14:04.197122+00:00,2026-10-09T03:14:06.780666+00:00,883cb3c35990e2031c6e77ab228440e907ace27ce163d0357c900702a0005932,work_packages/M1_source_access/27_newspaper_context_recovery_20261008/social_public_api/continuations/20261009_public_native_expansion/worker/raw/856c2d0992759588d0492b89.bin.gz,,,
bluesky,8573158f31964df48319bf84,content,saved,200,429904,2026-10-09T04:04:07.941217+00:00,2026-10-09T04:04:09.766177+00:00,c3af0defbcf52fef4cbca6786f3bbc11de73588d66a75dfcf031ccb937fadfec,work_packages/M1_source_access/27_newspaper_context_recovery_20261008/social_public_api/continuations/20261009_public_native_expansion/worker/raw/8573158f31964df48319bf84.bin.gz,,,
bluesky,85887b1bc248a37209b19475,content,saved,200,646722,2026-10-09T03:15:18.591390+00:00,2026-10-09T03:15:20.061417+00:00,1c99efccd5e774a01c43fa8c1644d5ec2a18c8b76cf9092e4181ae44059aeefd,work_packages/M1_source_access/27_newspaper_context_recovery_20261008/social_public_api/continuations/20261009_public_native_expansion/worker/raw/85887b1bc248a37209b19475.bin.gz,,,
se_earthscience,861f853a4f57d34d991f8d9c,content,saved,200,9778,2026-10-09T04:10:26.324615+00:00,2026-10-09T04:10:27.699075+00:00,dd914b420b6d46018c54b991031cfae1750fafa2cd66b128561e8a9b88f38f7b,work_packages/M1_source_access/27_newspaper_context_recovery_20261008/social_public_api/continuations/20261009_public_native_expansion/worker/raw/861f853a4f57d34d991f8d9c.bin.gz,207,,
bluesky,86a6467a92c80786af3d7d72,content,saved,200,11,2026-10-09T03:02:40.273444+00:00,2026-10-09T03:02:41.566215+00:00,ff620ad62f8de5fbc1a439d6cfe08cd5bd3583d045bd998ffd8458857a70248a,work_packages/M1_source_access/27_newspaper_context_recovery_20261008/social_public_api/continuations/20261009_public_native_expansion/worker/raw/86a6467a92c80786af3d7d72.bin.gz,,,
osm_discourse,877eb145ff715f211c87c04c,content,saved,200,42277,2026-10-09T03:27:34.585115+00:00,2026-10-09T03:27:37.211742+00:00,3420a8547805cea2136422a7b2e4dd634c3ff9fa0add1137e9aafb8d6e6a9ded,work_packages/M1_source_access/27_newspaper_context_recovery_20261008/social_public_api/continuations/20261009_public_native_expansion/worker/raw/877eb145ff715f211c87c04c.bin.gz,,,
bluesky,87a09ebcc685094e95517016,content,saved,200,536401,2026-10-09T03:58:11.171755+00:00,2026-10-09T03:58:13.128230+00:00,45ae0b7e2c9cdfc23c3f1a9b87d71fb2ac49f857f6b7dd8262ad420341dbe04b,work_packages/M1_source_access/27_newspaper_context_recovery_20261008/social_public_api/continuations/20261009_public_native_expansion/worker/raw/87a09ebcc685094e95517016.bin.gz,,,
bluesky,87b54a571983abef75bc40a3,content,saved,200,350400,2026-10-09T03:34:21.818264+00:00,2026-10-09T03:34:23.975093+00:00,8ccac713d9230f426ea6d679f2fd955836171d70e0d9326ba02dca22c668b87e,work_packages/M1_source_access/27_newspaper_context_recovery_20261008/social_public_api/continuations/20261009_public_native_expansion/worker/raw/87b54a571983abef75bc40a3.bin.gz,,,
bluesky,87bb2cca55cf5c8e46c0c5b7,content,saved,200,510951,2026-10-09T04:09:31.091077+00:00,2026-10-09T04:09:33.587521+00:00,daf493df7caf7a789ed9dcf27d02526bde97cd8d616c65ac2d625fe13c657067,work_packages/M1_source_access/27_newspaper_context_recovery_20261008/social_public_api/continuations/20261009_public_native_expansion/worker/raw/87bb2cca55cf5c8e46c0c5b7.bin.gz,,,
bluesky,8808e16dd54115fca20b72e1,content,saved,200,11,2026-10-09T03:04:22.871561+00:00,2026-10-09T03:04:25.860031+00:00,ff620ad62f8de5fbc1a439d6cfe08cd5bd3583d045bd998ffd8458857a70248a,work_packages/M1_source_access/27_newspaper_context_recovery_20261008/social_public_api/continuations/20261009_public_native_expansion/worker/raw/8808e16dd54115fca20b72e1.bin.gz,,,
bluesky,887c4d59717ad3dc8b255208,content,saved,200,576683,2026-10-09T03:32:02.131116+00:00,2026-10-09T03:32:03.974139+00:00,928e2a257fe196fdaa64141711b8463365113047be295cf32438e5515452c8a5,work_packages/M1_source_access/27_newspaper_context_recovery_20261008/social_public_api/continuations/20261009_public_native_expansion/worker/raw/887c4d59717ad3dc8b255208.bin.gz,,,
se_earthscience,88e315fa61a7009008825d8a,content,saved,200,219238,2026-10-09T02:59:46.160257+00:00,2026-10-09T02:59:47.587988+00:00,63624c5ddd0fc3ee658d57cafc69229732ea69a15939d72e4f7543249b363b84,work_packages/M1_source_access/27_newspaper_context_recovery_20261008/social_public_api/continuations/20261009_public_native_expansion/worker/raw/88e315fa61a7009008825d8a.bin.gz,245,,
lemmy_nz,89a5cf2978c7be9a82a1c376,content,saved,200,140652,2026-10-09T03:52:28.681002+00:00,2026-10-09T03:52:30.823019+00:00,5d17af9e7b526007fdac27c81412d99b044294d6e7219e3ea124960bc34f69ef,work_packages/M1_source_access/27_newspaper_context_recovery_20261008/social_public_api/continuations/20261009_public_native_expansion/worker/raw/89a5cf2978c7be9a82a1c376.bin.gz,,,
python_discourse,89af899c4367d37683d0cb81,content,saved,200,13360,2026-10-09T02:56:33.972870+00:00,2026-10-09T02:56:35.779766+00:00,dda7befa86d699f121953a97e00e8c89eef1e6e7d03532306e62f578d4be28d0,work_packages/M1_source_access/27_newspaper_context_recovery_20261008/social_public_api/continuations/20261009_public_native_expansion/worker/raw/89af899c4367d37683d0cb81.bin.gz,,,
lemmy_nz,89c9729169c2c59f3a58595c,content,saved,200,147711,2026-10-09T04:00:33.798555+00:00,2026-10-09T04:00:35.509471+00:00,3ae6dd5f778b795d4b38e4efba33d6f78f5877bc0bba88e0b3b30aa01cee89f3,work_packages/M1_source_access/27_newspaper_context_recovery_20261008/social_public_api/continuations/20261009_public_native_expansion/worker/raw/89c9729169c2c59f3a58595c.bin.gz,,,
mastodon_ie,89eb5b8d7f8407dce10c1666,content,saved,200,178037,2026-10-09T03:57:23.334814+00:00,2026-10-09T03:57:26.904844+00:00,7960337743ac11d29cc0fb6a1aa4821349b80a69087b44e53f6e38e2747f8022,work_packages/M1_source_access/27_newspaper_context_recovery_20261008/social_public_api/continuations/20261009_public_native_expansion/worker/raw/89eb5b8d7f8407dce10c1666.bin.gz,,,
se_earthscience,89fe05e16a1aa2553dbb64f0,content,saved,200,219313,2026-10-09T02:59:01.352344+00:00,2026-10-09T02:59:02.469560+00:00,b126dafbb2bda31389206450f0a785e680cccd98eea70ee3e641ea61cc4ea5de,work_packages/M1_source_access/27_newspaper_context_recovery_20261008/social_public_api/continuations/20261009_public_native_expansion/worker/raw/89fe05e16a1aa2553dbb64f0.bin.gz,247,,
bluesky,8a10ab291c00613bab4fd1e5,content,saved,200,11,2026-10-09T03:03:20.885866+00:00,2026-10-09T03:03:21.775472+00:00,ff620ad62f8de5fbc1a439d6cfe08cd5bd3583d045bd998ffd8458857a70248a,work_packages/M1_source_access/27_newspaper_context_recovery_20261008/social_public_api/continuations/20261009_public_native_expansion/worker/raw/8a10ab291c00613bab4fd1e5.bin.gz,,,
mastodon_uk,8a11a0e9e51751cad377dc00,content,saved,200,135903,2026-10-09T03:01:50.985998+00:00,2026-10-09T03:01:54.552919+00:00,fa0897936af6350160d003553c77f9c9d58102eade31f6a7a53c1b7fd4410ba1,work_packages/M1_source_access/27_newspaper_context_recovery_20261008/social_public_api/continuations/20261009_public_native_expansion/worker/raw/8a11a0e9e51751cad377dc00.bin.gz,,,
bluesky,8a47960d85ed961ee80a07f2,content,saved,200,11,2026-10-09T03:04:57.157689+00:00,2026-10-09T03:04:58.045841+00:00,ff620ad62f8de5fbc1a439d6cfe08cd5bd3583d045bd998ffd8458857a70248a,work_packages/M1_source_access/27_newspaper_context_recovery_20261008/social_public_api/continuations/20261009_public_native_expansion/worker/raw/8a47960d85ed961ee80a07f2.bin.gz,,,
bluesky,8aedb8b597b5a56df7a139ff,content,saved,200,404584,2026-10-09T03:56:12.947546+00:00,2026-10-09T03:56:15.112317+00:00,3417d29ee63c72e10e6e7fbbc250b5b6dd0d1162489c22c98aca442c639ec19d,work_packages/M1_source_access/27_newspaper_context_recovery_20261008/social_public_api/continuations/20261009_public_native_expansion/worker/raw/8aedb8b597b5a56df7a139ff.bin.gz,,,
python_discourse,8afa1bf7444ce8cbce9d902b,content,saved,200,8105,2026-10-09T03:21:27.916284+00:00,2026-10-09T03:21:30.063942+00:00,03049390d558602b88bd5bfe5dc7026e0275d09d986f0e2aa0fcb80c40e7a08d,work_packages/M1_source_access/27_newspaper_context_recovery_20261008/social_public_api/continuations/20261009_public_native_expansion/worker/raw/8afa1bf7444ce8cbce9d902b.bin.gz,,,
bluesky,8b1061bac07fe4b0b233ccc2,content,saved,200,656215,2026-10-09T03:49:29.329921+00:00,2026-10-09T03:49:31.378242+00:00,0f1fcbeb3957dbf73b8415ca3d3deb6afcd9062b2d3261dcfe016fb5c353a22b,work_packages/M1_source_access/27_newspaper_context_recovery_20261008/social_public_api/continuations/20261009_public_native_expansion/worker/raw/8b1061bac07fe4b0b233ccc2.bin.gz,,,
bluesky,8b925f13537ef60a6904aceb,content,saved,200,408076,2026-10-09T03:28:04.947870+00:00,2026-10-09T03:28:06.637301+00:00,a6cf6eb9a4d044251aff1c9d33a05e2fc1f04a0b1f770a7b73e8598e2200cc1d,work_packages/M1_source_access/27_newspaper_context_recovery_20261008/social_public_api/continuations/20261009_public_native_expansion/worker/raw/8b925f13537ef60a6904aceb.bin.gz,,,
bluesky,8c1aa43238d1e547d4ae9f31,content,saved,200,467017,2026-10-09T03:22:32.985397+00:00,2026-10-09T03:22:34.810523+00:00,4686e1088eaf004630ab14c8d07cae42ebede7ecb5cbb7e3f1d69e6c92b4c299,work_packages/M1_source_access/27_newspaper_context_recovery_20261008/social_public_api/continuations/20261009_public_native_expansion/worker/raw/8c1aa43238d1e547d4ae9f31.bin.gz,,,
bluesky,8c8824fe4d8c662952da5c1d,content,saved,200,11,2026-10-09T03:16:14.706024+00:00,2026-10-09T03:16:15.599154+00:00,ff620ad62f8de5fbc1a439d6cfe08cd5bd3583d045bd998ffd8458857a70248a,work_packages/M1_source_access/27_newspaper_context_recovery_20261008/social_public_api/continuations/20261009_public_native_expansion/worker/raw/8c8824fe4d8c662952da5c1d.bin.gz,,,
bluesky,8cecf49341f5b5a6a87f9bc8,content,saved,200,477176,2026-10-09T03:58:26.208646+00:00,2026-10-09T03:58:28.565167+00:00,dbd1778c457091a03e87295afc69e8fdb287a1e66d68319f189fce4dac904446,work_packages/M1_source_access/27_newspaper_context_recovery_20261008/social_public_api/continuations/20261009_public_native_expansion/worker/raw/8cecf49341f5b5a6a87f9bc8.bin.gz,,,
python_discourse,8cf6d33d4e03e658d068a616,content,saved,200,22903,2026-10-09T04:18:08.816086+00:00,2026-10-09T04:18:10.874515+00:00,efd264140689a74aa3bb2ec0c42af59584c0726aa14f2f1a1b3f71ce6c294721,work_packages/M1_source_access/27_newspaper_context_recovery_20261008/social_public_api/continuations/20261009_public_native_expansion/worker/raw/8cf6d33d4e03e658d068a616.bin.gz,,,
bluesky,8d58d07434a4c79b65d13eba,content,saved,200,11,2026-10-09T03:14:43.573283+00:00,2026-10-09T03:14:44.435783+00:00,ff620ad62f8de5fbc1a439d6cfe08cd5bd3583d045bd998ffd8458857a70248a,work_packages/M1_source_access/27_newspaper_context_recovery_20261008/social_public_api/continuations/20261009_public_native_expansion/worker/raw/8d58d07434a4c79b65d13eba.bin.gz,,,
bluesky,8ddfaba298dc6685723e324a,content,saved,200,505676,2026-10-09T04:00:23.750049+00:00,2026-10-09T04:00:26.101186+00:00,8ab42fb7c45d2015cdaa583b15a56f3205fa2df55ed5cd522448bbd8dd4f88f6,work_packages/M1_source_access/27_newspaper_context_recovery_20261008/social_public_api/continuations/20261009_public_native_expansion/worker/raw/8ddfaba298dc6685723e324a.bin.gz,,,
aussie_zone,8e12e4f18b3e31d01d1cf927,content,saved,200,178610,2026-10-09T04:02:30.902715+00:00,2026-10-09T04:02:32.636107+00:00,a5f85491a377518397395d8e6a23d2034bacacbb34b77487070ea880e5b201fc,work_packages/M1_source_access/27_newspaper_context_recovery_20261008/social_public_api/continuations/20261009_public_native_expansion/worker/raw/8e12e4f18b3e31d01d1cf927.bin.gz,,,
bluesky,8eb5a695c1fdebb7a91283cd,content,saved,200,11,2026-10-09T03:52:25.497150+00:00,2026-10-09T03:52:26.815614+00:00,ff620ad62f8de5fbc1a439d6cfe08cd5bd3583d045bd998ffd8458857a70248a,work_packages/M1_source_access/27_newspaper_context_recovery_20261008/social_public_api/continuations/20261009_public_native_expansion/worker/raw/8eb5a695c1fdebb7a91283cd.bin.gz,,,
bluesky,8ec1e2459dd05593194e36ef,content,saved,200,11,2026-10-09T03:02:19.500241+00:00,2026-10-09T03:02:20.418025+00:00,ff620ad62f8de5fbc1a439d6cfe08cd5bd3583d045bd998ffd8458857a70248a,work_packages/M1_source_access/27_newspaper_context_recovery_20261008/social_public_api/continuations/20261009_public_native_expansion/worker/raw/8ec1e2459dd05593194e36ef.bin.gz,,,
bluesky,8edeb90c95e7005054e6c583,content,saved,200,13138,2026-10-09T03:14:18.684609+00:00,2026-10-09T03:14:20.603940+00:00,cc5adfb140959d7cd9cb9ba24878ae136577f42ed8c40c2c83b49dfddb40585e,work_packages/M1_source_access/27_newspaper_context_recovery_20261008/social_public_api/continuations/20261009_public_native_expansion/worker/raw/8edeb90c95e7005054e6c583.bin.gz,,,
midwest_social,8f13d50855ab1d861d0e10f1,content,saved,200,114524,2026-10-09T03:54:51.283732+00:00,2026-10-09T03:55:06.193695+00:00,af0d6643b1053ff1667006936ce5e04e4de55021b69c6c633b1a58788a230ac5,work_packages/M1_source_access/27_newspaper_context_recovery_20261008/social_public_api/continuations/20261009_public_native_expansion/worker/raw/8f13d50855ab1d861d0e10f1.bin.gz,,,
se_sustainability,8fb8d02424ef89aa24f7ef7b,content,saved,200,137416,2026-10-09T02:57:11.511873+00:00,2026-10-09T02:57:12.625641+00:00,b19c812198949d57a5fa903849ff651ed5d93734c92cbb4b03c49f13971ea1a7,work_packages/M1_source_access/27_newspaper_context_recovery_20261008/social_public_api/continuations/20261009_public_native_expansion/worker/raw/8fb8d02424ef89aa24f7ef7b.bin.gz,254,,
bluesky,90027cf1717860af667faa4c,content,saved,200,384260,2026-10-09T03:31:53.561314+00:00,2026-10-09T03:31:55.641875+00:00,eb5845aa25f5b6b96abf72a094e709589e3d13e7cd170d99ac42c52a87f22773,work_packages/M1_source_access/27_newspaper_context_recovery_20261008/social_public_api/continuations/20261009_public_native_expansion/worker/raw/90027cf1717860af667faa4c.bin.gz,,,
bluesky,901cea0307b9041a91f90643,content,saved,200,600737,2026-10-09T03:24:01.172226+00:00,2026-10-09T03:24:03.014393+00:00,09b6c88dd8c186df6b98fc3a567264fefbe156b040cfa4b77c3fe81191f7496c,work_packages/M1_source_access/27_newspaper_context_recovery_20261008/social_public_api/continuations/20261009_public_native_expansion/worker/raw/901cea0307b9041a91f90643.bin.gz,,,
osm_discourse,908aa55b669ce178afef4885,content,saved,200,116272,2026-10-09T03:36:33.241657+00:00,2026-10-09T03:36:36.994601+00:00,16c4bda7a3b6c27c6fc509ee555ebca056bd8a43d7223eb6880263412e95655e,work_packages/M1_source_access/27_newspaper_context_recovery_20261008/social_public_api/continuations/20261009_public_native_expansion/worker/raw/908aa55b669ce178afef4885.bin.gz,,,
bluesky,90a46d48314f15d725345985,content,saved,200,11,2026-10-09T03:03:29.998133+00:00,2026-10-09T03:03:30.848884+00:00,ff620ad62f8de5fbc1a439d6cfe08cd5bd3583d045bd998ffd8458857a70248a,work_packages/M1_source_access/27_newspaper_context_recovery_20261008/social_public_api/continuations/20261009_public_native_expansion/worker/raw/90a46d48314f15d725345985.bin.gz,,,
mastodon_ie,90b6d6f79a7c1319d1499d39,content,saved,200,164873,2026-10-09T04:23:28.567200+00:00,2026-10-09T04:23:32.355907+00:00,9c2312216e4cd79feed43d162afd576820d01ad76e62efc2487e39fd62630d54,work_packages/M1_source_access/27_newspaper_context_recovery_20261008/social_public_api/continuations/20261009_public_native_expansion/worker/raw/90b6d6f79a7c1319d1499d39.bin.gz,,,
bluesky,90c30a3f0c6ed98ce4c26809,content,saved,200,343334,2026-10-09T03:46:40.636468+00:00,2026-10-09T03:46:42.289475+00:00,430f6a7e7cfec25552842bad4033070d04da0499488896765d64b0b63fc277fa,work_packages/M1_source_access/27_newspaper_context_recovery_20261008/social_public_api/continuations/20261009_public_native_expansion/worker/raw/90c30a3f0c6ed98ce4c26809.bin.gz,,,
feddit_org,90c42c5c4de42ac4205fb7c1,content,saved,200,208374,2026-10-09T04:25:10.003690+00:00,2026-10-09T04:25:13.374713+00:00,7731be0b4259769b0ac32da90157fc04c3ada96d6d7c7a536c8eef01b42961a7,work_packages/M1_source_access/27_newspaper_context_recovery_20261008/social_public_api/continuations/20261009_public_native_expansion/worker/raw/90c42c5c4de42ac4205fb7c1.bin.gz,,,
bluesky,90e708f643080dca2811b74e,content,saved,200,526129,2026-10-09T04:14:28.419201+00:00,2026-10-09T04:14:30.793993+00:00,17f7f13912ee7fee39d5bc8ad978e6c09f31048e9c87de35b8974bdd3753cdc0,work_packages/M1_source_access/27_newspaper_context_recovery_20261008/social_public_api/continuations/20261009_public_native_expansion/worker/raw/90e708f643080dca2811b74e.bin.gz,,,
bluesky,914005566cf8c4e35e079200,content,saved,200,650081,2026-10-09T04:18:24.081691+00:00,2026-10-09T04:18:26.663858+00:00,490661bbf612ee7142991f9dc91e11c01a552cc75aa1936c687e3db46e865161,work_packages/M1_source_access/27_newspaper_context_recovery_20261008/social_public_api/continuations/20261009_public_native_expansion/worker/raw/914005566cf8c4e35e079200.bin.gz,,,
feddit_org,9153f014d858b1a2af42fd1d,content,saved,200,198620,2026-10-09T03:56:50.675648+00:00,2026-10-09T03:56:54.425941+00:00,9c9d3cb91a8bce5252681b5eff10e40b646c1125fcbc0bee01c255145e11eb21,work_packages/M1_source_access/27_newspaper_context_recovery_20261008/social_public_api/continuations/20261009_public_native_expansion/worker/raw/9153f014d858b1a2af42fd1d.bin.gz,,,
python_discourse,91fa04c59541a48b2edada2f,content,saved,200,44004,2026-10-09T04:08:37.822076+00:00,2026-10-09T04:08:39.536644+00:00,eb74e5624f4e768ba898a3c9ea05f3076a5151d46adc753e11d42b5ad521f8dc,work_packages/M1_source_access/27_newspaper_context_recovery_20261008/social_public_api/continuations/20261009_public_native_expansion/worker/raw/91fa04c59541a48b2edada2f.bin.gz,,,
feddit_org,9226aca70a8c3907e9b35f03,content,saved,200,212582,2026-10-09T04:13:15.797272+00:00,2026-10-09T04:13:19.349904+00:00,3d56be2808818ff378818061bf7994cfc677017f5bb99682ed6b7e1cf5b18193,work_packages/M1_source_access/27_newspaper_context_recovery_20261008/social_public_api/continuations/20261009_public_native_expansion/worker/raw/9226aca70a8c3907e9b35f03.bin.gz,,,
python_discourse,925925192fa0d0304c5e6374,content,saved,200,11095,2026-10-09T03:51:47.203506+00:00,2026-10-09T03:51:49.141009+00:00,a5844fd2aa0e4b7637b05731848b10e76e128a0e402bddaace7b9b7cda4f0279,work_packages/M1_source_access/27_newspaper_context_recovery_20261008/social_public_api/continuations/20261009_public_native_expansion/worker/raw/925925192fa0d0304c5e6374.bin.gz,,,
straight_dope,925d2899ab12ce7a8ee435f2,content,saved,200,28268,2026-10-09T03:09:37.231016+00:00,2026-10-09T03:09:39.205955+00:00,d0b3e2018a7c86992e0486c7a7fa4ae2a63eefb5e837ee631243f6b58c7581a4,work_packages/M1_source_access/27_newspaper_context_recovery_20261008/social_public_api/continuations/20261009_public_native_expansion/worker/raw/925d2899ab12ce7a8ee435f2.bin.gz,,,
bluesky,926b5ec4faccdabc1513232e,content,saved,200,171185,2026-10-09T03:29:38.009330+00:00,2026-10-09T03:29:39.889460+00:00,76f6f597cba9e941b7afb662624ca79d445789004054ff8caff1fa1f7c3a7781,work_packages/M1_source_access/27_newspaper_context_recovery_20261008/social_public_api/continuations/20261009_public_native_expansion/worker/raw/926b5ec4faccdabc1513232e.bin.gz,,,
se_sustainability,927ce1e620bf351081144b44,content,saved,200,149162,2026-10-09T04:25:16.442718+00:00,2026-10-09T04:25:18.071311+00:00,4770ca0b823bdece25b42a5eac7cb7ee82a58d6160a7257abd8c53ec3fce8298,work_packages/M1_source_access/27_newspaper_context_recovery_20261008/social_public_api/continuations/20261009_public_native_expansion/worker/raw/927ce1e620bf351081144b44.bin.gz,192,,
straight_dope,92aada1e2d85cab92ea2c4f0,content,saved,200,150075,2026-10-09T02:56:58.525937+00:00,2026-10-09T02:57:01.315860+00:00,580a7aaf9d448872aaca12dd6d2adf9846fa34817dd1466f1137ae937eca44df,work_packages/M1_source_access/27_newspaper_context_recovery_20261008/social_public_api/continuations/20261009_public_native_expansion/worker/raw/92aada1e2d85cab92ea2c4f0.bin.gz,,,
bluesky,92ca49835557a267036a8dd6,content,saved,200,11,2026-10-09T03:17:47.118910+00:00,2026-10-09T03:17:48.370042+00:00,ff620ad62f8de5fbc1a439d6cfe08cd5bd3583d045bd998ffd8458857a70248a,work_packages/M1_source_access/27_newspaper_context_recovery_20261008/social_public_api/continuations/20261009_public_native_expansion/worker/raw/92ca49835557a267036a8dd6.bin.gz,,,
bluesky,93884f3c4bbd7bf55f15a9ff,content,saved,200,11,2026-10-09T03:10:59.612521+00:00,2026-10-09T03:11:00.483989+00:00,ff620ad62f8de5fbc1a439d6cfe08cd5bd3583d045bd998ffd8458857a70248a,work_packages/M1_source_access/27_newspaper_context_recovery_20261008/social_public_api/continuations/20261009_public_native_expansion/worker/raw/93884f3c4bbd7bf55f15a9ff.bin.gz,,,
bluesky,93ae3c2a1d8b024dd5df5a72,content,saved,200,11,2026-10-09T03:10:45.284533+00:00,2026-10-09T03:10:46.534303+00:00,ff620ad62f8de5fbc1a439d6cfe08cd5bd3583d045bd998ffd8458857a70248a,work_packages/M1_source_access/27_newspaper_context_recovery_20261008/social_public_api/continuations/20261009_public_native_expansion/worker/raw/93ae3c2a1d8b024dd5df5a72.bin.gz,,,
bluesky,93af8cee0f5d2d1834395b64,content,saved,200,440695,2026-10-09T03:31:26.979666+00:00,2026-10-09T03:31:29.312854+00:00,0f752b8e707400b6556325499fdf09fac5d0423da377030af304682cc63af25f,work_packages/M1_source_access/27_newspaper_context_recovery_20261008/social_public_api/continuations/20261009_public_native_expansion/worker/raw/93af8cee0f5d2d1834395b64.bin.gz,,,
bluesky,93ddc9a6b8f9bde0ff4cab45,content,saved,200,11,2026-10-09T03:03:35.659423+00:00,2026-10-09T03:03:36.538611+00:00,ff620ad62f8de5fbc1a439d6cfe08cd5bd3583d045bd998ffd8458857a70248a,work_packages/M1_source_access/27_newspaper_context_recovery_20261008/social_public_api/continuations/20261009_public_native_expansion/worker/raw/93ddc9a6b8f9bde0ff4cab45.bin.gz,,,
bluesky,940f2007683d58495a8a81ea,content,saved,200,623141,2026-10-09T03:35:48.407653+00:00,2026-10-09T03:35:51.105691+00:00,eba4418e3743375dfe1f00aed93abea0f874dabc2d62bc74bea98f56bb56b749,work_packages/M1_source_access/27_newspaper_context_recovery_20261008/social_public_api/continuations/20261009_public_native_expansion/worker/raw/940f2007683d58495a8a81ea.bin.gz,,,
bluesky,942460ec763734f9a4c10ea6,content,saved,200,554510,2026-10-09T03:49:38.231256+00:00,2026-10-09T03:49:40.437694+00:00,384ee9528ff9a735cd5bed07762c52c1edefe202e45f15e51cb39322848fcd9c,work_packages/M1_source_access/27_newspaper_context_recovery_20261008/social_public_api/continuations/20261009_public_native_expansion/worker/raw/942460ec763734f9a4c10ea6.bin.gz,,,
bluesky,94536d62a1ae03da77905b0f,source_metadata,saved,200,19101,2026-10-09T02:58:53.275885+00:00,2026-10-09T02:58:56.747166+00:00,1b3acff50fb639a277af3ef4144db59b0daa0d0ed0ef27cb5ae56e679862ba9c,work_packages/M1_source_access/27_newspaper_context_recovery_20261008/social_public_api/continuations/20261009_public_native_expansion/worker/raw/94536d62a1ae03da77905b0f.bin.gz,,,
python_discourse,945ed1be8c4467c27a0f14a2,content,saved,200,3263,2026-10-09T04:27:50.605250+00:00,2026-10-09T04:27:54.664511+00:00,c9d6516566fc58f7728e56a56f64fa0bc2d7b7fb0f412472d4025625f7a089f3,work_packages/M1_source_access/27_newspaper_context_recovery_20261008/social_public_api/continuations/20261009_public_native_expansion/worker/raw/945ed1be8c4467c27a0f14a2.bin.gz,,,
mastodon_au,9505e53c9ee7119291dc6041,content,saved,200,165002,2026-10-09T04:03:17.434982+00:00,2026-10-09T04:03:19.370797+00:00,66db810c36508b1eca4040a6922d5def6ecf5bb05ef8567157b5725caf4a4b6c,work_packages/M1_source_access/27_newspaper_context_recovery_20261008/social_public_api/continuations/20261009_public_native_expansion/worker/raw/9505e53c9ee7119291dc6041.bin.gz,,,
bluesky,953d4fac07672bac2f4008a7,content,saved,200,11,2026-10-09T03:25:27.537603+00:00,2026-10-09T03:25:28.900858+00:00,ff620ad62f8de5fbc1a439d6cfe08cd5bd3583d045bd998ffd8458857a70248a,work_packages/M1_source_access/27_newspaper_context_recovery_20261008/social_public_api/continuations/20261009_public_native_expansion/worker/raw/953d4fac07672bac2f4008a7.bin.gz,,,
bluesky,95432ca8fc941d45d3a9f5ac,source_metadata,saved,200,42084,2026-10-09T03:15:04.482265+00:00,2026-10-09T03:15:06.143237+00:00,ff37dccb982282156b627ade2e3883353cb721245ee7c55cd260fc4e4ab6bc29,work_packages/M1_source_access/27_newspaper_context_recovery_20261008/social_public_api/continuations/20261009_public_native_expansion/worker/raw/95432ca8fc941d45d3a9f5ac.bin.gz,,,
bluesky,957a8c3577e192beea0e3080,content,saved,200,598304,2026-10-09T03:23:57.005826+00:00,2026-10-09T03:23:59.221015+00:00,87857ecc51e7ac6d6397030e1aa76f8a5285acaababaa8dd681c618df9582738,work_packages/M1_source_access/27_newspaper_context_recovery_20261008/social_public_api/continuations/20261009_public_native_expansion/worker/raw/957a8c3577e192beea0e3080.bin.gz,,,
python_discourse,960cdbd0cb6e91a9e4621890,content,saved,200,72591,2026-10-09T04:11:39.872534+00:00,2026-10-09T04:11:41.938433+00:00,d1b698582a7f6f9761475c67ee97b925df5b838eb3e94743f12fda91e8935018,work_packages/M1_source_access/27_newspaper_context_recovery_20261008/social_public_api/continuations/20261009_public_native_expansion/worker/raw/960cdbd0cb6e91a9e4621890.bin.gz,,,
aussie_zone,9634fb49bae288226f1d0faa,content,saved,200,139633,2026-10-09T04:15:08.450480+00:00,2026-10-09T04:15:12.170756+00:00,f740b15c901a6904cf0b44b1aa172fb275a7a1c205effcd3e8cde36b9fa00d60,work_packages/M1_source_access/27_newspaper_context_recovery_20261008/social_public_api/continuations/20261009_public_native_expansion/worker/raw/9634fb49bae288226f1d0faa.bin.gz,,,
bluesky,96a3c9d59157251137057bfc,content,saved,200,371204,2026-10-09T03:31:09.440050+00:00,2026-10-09T03:31:11.486359+00:00,17b1242e289889bb88ae910de5ebb3e733282b7488a8653af89f7d2fb4422a6c,work_packages/M1_source_access/27_newspaper_context_recovery_20261008/social_public_api/continuations/20261009_public_native_expansion/worker/raw/96a3c9d59157251137057bfc.bin.gz,,,
mastodon_ie,96b66d74e64c94b50b187745,content,saved,200,183513,2026-10-09T03:01:45.911112+00:00,2026-10-09T03:01:49.691480+00:00,8283eeee00b8ab44027f27d031d1653cd8098f5522dda57bdd8397dc8960821a,work_packages/M1_source_access/27_newspaper_context_recovery_20261008/social_public_api/continuations/20261009_public_native_expansion/worker/raw/96b66d74e64c94b50b187745.bin.gz,,,
bluesky,96d1bce054ffdfe89e00287b,content,saved,200,2834,2026-10-09T03:03:10.248779+00:00,2026-10-09T03:03:11.115457+00:00,8d39083a149010060a61c70c0c13caf5f7242c8bc59e3b50205a991d3c70acc3,work_packages/M1_source_access/27_newspaper_context_recovery_20261008/social_public_api/continuations/20261009_public_native_expansion/worker/raw/96d1bce054ffdfe89e00287b.bin.gz,,,
bluesky,96ed4278f28e44a854d1eab2,content,saved,200,500593,2026-10-09T03:25:49.531270+00:00,2026-10-09T03:25:51.820307+00:00,12fec22b480b86e5aabfeaac6caf2454686770c02c14aeeb4354aa9e45a1bb75,work_packages/M1_source_access/27_newspaper_context_recovery_20261008/social_public_api/continuations/20261009_public_native_expansion/worker/raw/96ed4278f28e44a854d1eab2.bin.gz,,,
mastodon_ie,97214bccc0268c2c2d85b366,content,saved,200,156157,2026-10-09T02:56:38.051794+00:00,2026-10-09T02:56:41.383671+00:00,1f676a4cdf7d95ac2401b14a8ed92eb799202f64186d8a63c53150ec5612d80b,work_packages/M1_source_access/27_newspaper_context_recovery_20261008/social_public_api/continuations/20261009_public_native_expansion/worker/raw/97214bccc0268c2c2d85b366.bin.gz,,,
osm_discourse,9750412b30a383814c1f478c,content,saved,200,51789,2026-10-09T03:57:49.425016+00:00,2026-10-09T03:57:54.126552+00:00,a47cf828b4149e27dcd484ce7602e88b0b3139fb1d5efddc5f0e322250e5c354,work_packages/M1_source_access/27_newspaper_context_recovery_20261008/social_public_api/continuations/20261009_public_native_expansion/worker/raw/9750412b30a383814c1f478c.bin.gz,,,
bluesky,985a0b4dde429b867a31b19f,content,saved,200,460110,2026-10-09T03:23:52.895507+00:00,2026-10-09T03:23:55.134289+00:00,57e8e14b0b54e27913dffe28981c25e13be47d83d9e02471202ecb3a7d46245e,work_packages/M1_source_access/27_newspaper_context_recovery_20261008/social_public_api/continuations/20261009_public_native_expansion/worker/raw/985a0b4dde429b867a31b19f.bin.gz,,,
se_sustainability,9890a3764cfb7e98b4102de0,content,saved,200,44109,2026-10-09T02:58:58.014249+00:00,2026-10-09T02:58:59.312958+00:00,7503755208d4fbe65746498a25483d7d640d381af5dc98cf6f7988a356d9744e,work_packages/M1_source_access/27_newspaper_context_recovery_20261008/social_public_api/continuations/20261009_public_native_expansion/worker/raw/9890a3764cfb7e98b4102de0.bin.gz,248,,
bluesky,98ebd8b9268d4bc66a5880a4,content,saved,200,447105,2026-10-09T04:14:45.038759+00:00,2026-10-09T04:14:47.572641+00:00,a32eba38cbd25c00cce0a39ab7d8935a7579f8ae90e20c4000acb40c980e7a59,work_packages/M1_source_access/27_newspaper_context_recovery_20261008/social_public_api/continuations/20261009_public_native_expansion/worker/raw/98ebd8b9268d4bc66a5880a4.bin.gz,,,
se_earthscience,98efc611bcc511678eafd954,content,saved,200,230109,2026-10-09T03:51:05.329464+00:00,2026-10-09T03:51:07.027390+00:00,11e16b82a94c1c821d62e39c4ea71685cd618c9304e08ae9ed20be850b1b9e1c,work_packages/M1_source_access/27_newspaper_context_recovery_20261008/social_public_api/continuations/20261009_public_native_expansion/worker/raw/98efc611bcc511678eafd954.bin.gz,224,,
lemmy_nz,98f5570ea22be405f6ec89f7,source_metadata,saved,200,46602,2026-10-09T03:23:25.102045+00:00,2026-10-09T03:23:26.224022+00:00,046a8f1ef378b93eb9c196f4a25e5456f96aacfe6e46af482a343d4063fe976c,work_packages/M1_source_access/27_newspaper_context_recovery_20261008/social_public_api/continuations/20261009_public_native_expansion/worker/raw/98f5570ea22be405f6ec89f7.bin.gz,,,
bluesky,991c88bf89af68857fed9453,content,saved,200,589706,2026-10-09T03:26:06.472096+00:00,2026-10-09T03:26:08.699183+00:00,ce874b30eb094978bf82a69e695788c775e10128327ecaf6da7b687f4842e103,work_packages/M1_source_access/27_newspaper_context_recovery_20261008/social_public_api/continuations/20261009_public_native_expansion/worker/raw/991c88bf89af68857fed9453.bin.gz,,,
bluesky,993a12eab152803aa9cdf48c,content,saved,200,11,2026-10-09T03:10:42.364249+00:00,2026-10-09T03:10:43.235315+00:00,ff620ad62f8de5fbc1a439d6cfe08cd5bd3583d045bd998ffd8458857a70248a,work_packages/M1_source_access/27_newspaper_context_recovery_20261008/social_public_api/continuations/20261009_public_native_expansion/worker/raw/993a12eab152803aa9cdf48c.bin.gz,,,
bluesky,994332a09d2b18188d0af58a,content,saved,200,396533,2026-10-09T03:26:10.958715+00:00,2026-10-09T03:26:13.581771+00:00,f06431edb35354ecca479c8508604ec0f56f7b5cc467b28e4445ba1c81dd31a7,work_packages/M1_source_access/27_newspaper_context_recovery_20261008/social_public_api/continuations/20261009_public_native_expansion/worker/raw/994332a09d2b18188d0af58a.bin.gz,,,
bluesky,9a0e94884f7f74a75f39b169,content,saved,200,496164,2026-10-09T04:07:34.952739+00:00,2026-10-09T04:07:36.818831+00:00,d5e68d0ee28b2987d9a9a03a5a3154cf76f483afc1cbbc341e15e3ced5a45d5c,work_packages/M1_source_access/27_newspaper_context_recovery_20261008/social_public_api/continuations/20261009_public_native_expansion/worker/raw/9a0e94884f7f74a75f39b169.bin.gz,,,
bluesky,9a862f17c2b9ea6655b2975c,content,saved,200,573219,2026-10-09T03:54:22.377970+00:00,2026-10-09T03:54:24.266884+00:00,78f6c2a353fbed08edb662ecfdebeed489761635d692894fc63c396273cb037c,work_packages/M1_source_access/27_newspaper_context_recovery_20261008/social_public_api/continuations/20261009_public_native_expansion/worker/raw/9a862f17c2b9ea6655b2975c.bin.gz,,,
mastodon_uk,9af8c0c566d7cdec0052fb94,content,saved,200,159589,2026-10-09T03:19:01.147556+00:00,2026-10-09T03:19:04.774157+00:00,d3f03b3b285682adae3ef818b8ce711083a39362c5827c01f193be48af7ee0f7,work_packages/M1_source_access/27_newspaper_context_recovery_20261008/social_public_api/continuations/20261009_public_native_expansion/worker/raw/9af8c0c566d7cdec0052fb94.bin.gz,,,
bluesky,9c07c46cc4ebf1eed4500c93,content,saved,200,11,2026-10-09T03:04:08.826581+00:00,2026-10-09T03:04:10.092338+00:00,ff620ad62f8de5fbc1a439d6cfe08cd5bd3583d045bd998ffd8458857a70248a,work_packages/M1_source_access/27_newspaper_context_recovery_20261008/social_public_api/continuations/20261009_public_native_expansion/worker/raw/9c07c46cc4ebf1eed4500c93.bin.gz,,,
freetrade_uk,9ca7f346ac2153fcf129a84a,policy,http_stop,301,,2026-10-09T03:03:58.654854+00:00,,,,,,
bluesky,9de510fab884003dee39ab2c,source_metadata,saved,200,15360,2026-10-09T02:58:49.971959+00:00,2026-10-09T02:58:51.737610+00:00,d8b854c222a35326cea54b31bc578fa1cc958b182a2c12f2ff3085e85bd97b5c,work_packages/M1_source_access/27_newspaper_context_recovery_20261008/social_public_api/continuations/20261009_public_native_expansion/worker/raw/9de510fab884003dee39ab2c.bin.gz,,,
bluesky,9e30d32ee5b70d67d7f899a3,content,saved,200,11,2026-10-09T03:03:26.548772+00:00,2026-10-09T03:03:27.696175+00:00,ff620ad62f8de5fbc1a439d6cfe08cd5bd3583d045bd998ffd8458857a70248a,work_packages/M1_source_access/27_newspaper_context_recovery_20261008/social_public_api/continuations/20261009_public_native_expansion/worker/raw/9e30d32ee5b70d67d7f899a3.bin.gz,,,
mastodon_uk,9e45976ebf0be45598750d20,content,saved,200,133167,2026-10-09T04:06:58.738695+00:00,2026-10-09T04:07:02.780535+00:00,98022aaddeb7efe585cc791e0e22cc4303a8761487a6ab39140a4e49ecabd267,work_packages/M1_source_access/27_newspaper_context_recovery_20261008/social_public_api/continuations/20261009_public_native_expansion/worker/raw/9e45976ebf0be45598750d20.bin.gz,,,
bluesky,9eb1e5ede3396e0c70e7faef,content,saved,200,317019,2026-10-09T04:24:08.166252+00:00,2026-10-09T04:24:10.452309+00:00,fc5a305f0c01c0aef96341e3a3c212b0ea766bed3d501461a2e426b8d3d62fef,work_packages/M1_source_access/27_newspaper_context_recovery_20261008/social_public_api/continuations/20261009_public_native_expansion/worker/raw/9eb1e5ede3396e0c70e7faef.bin.gz,,,
se_earthscience,9f10e6760591b052336c3b53,content,saved,200,88022,2026-10-09T03:01:38.941994+00:00,2026-10-09T03:01:39.968378+00:00,15c56ba09e1c6237b4d971ba7b47b91663cae9b65656fa72523f7b5f754c617d,work_packages/M1_source_access/27_newspaper_context_recovery_20261008/social_public_api/continuations/20261009_public_native_expansion/worker/raw/9f10e6760591b052336c3b53.bin.gz,243,,
mastodon_us,9fd4c309639326439a574c56,content,saved,200,176801,2026-10-09T03:57:40.201667+00:00,2026-10-09T03:57:42.819417+00:00,e9d7d67aa32666612434c5e330ca7938032cda0b89766580a9104791b3dfefdc,work_packages/M1_source_access/27_newspaper_context_recovery_20261008/social_public_api/continuations/20261009_public_native_expansion/worker/raw/9fd4c309639326439a574c56.bin.gz,,,
bluesky,a00fbaf4b629747ce7a208c1,content,saved,200,11,2026-10-09T03:22:38.827491+00:00,2026-10-09T03:22:39.740635+00:00,ff620ad62f8de5fbc1a439d6cfe08cd5bd3583d045bd998ffd8458857a70248a,work_packages/M1_source_access/27_newspaper_context_recovery_20261008/social_public_api/continuations/20261009_public_native_expansion/worker/raw/a00fbaf4b629747ce7a208c1.bin.gz,,,
bluesky,a04eb888a4fa8a85e7c978b8,content,saved,200,548810,2026-10-09T04:16:24.012960+00:00,2026-10-09T04:16:26.677553+00:00,b944e0f5fccdf9e92d69e73c10632f968edf08f0fc0ff85d618cfbc52b2d24e6,work_packages/M1_source_access/27_newspaper_context_recovery_20261008/social_public_api/continuations/20261009_public_native_expansion/worker/raw/a04eb888a4fa8a85e7c978b8.bin.gz,,,
mastodon_au,a0636053dea7cf0b46cc2363,content,saved,200,173112,2026-10-09T03:30:46.925586+00:00,2026-10-09T03:30:48.693027+00:00,676a7e2b3d5ee6028a6b796a98ea83193afbb76488c3279eb84be0e7b698e221,work_packages/M1_source_access/27_newspaper_context_recovery_20261008/social_public_api/continuations/20261009_public_native_expansion/worker/raw/a0636053dea7cf0b46cc2363.bin.gz,,,
mastodon_ie,a0894f801fbd06bf8655368c,content,saved,200,159513,2026-10-09T02:57:22.733684+00:00,2026-10-09T02:57:25.760674+00:00,7ffa1ec9a2b71143c21808108ecd1f82b24425e5a8fdd0ad4baec5a07954a022,work_packages/M1_source_access/27_newspaper_context_recovery_20261008/social_public_api/continuations/20261009_public_native_expansion/worker/raw/a0894f801fbd06bf8655368c.bin.gz,,,
se_sustainability,a09709ad6d201fa9193c8a20,content,saved,200,159302,2026-10-09T04:06:37.455563+00:00,2026-10-09T04:06:38.957924+00:00,1944469d530c087eb6c8de50236d9e650c38e0a68ca4f47d9172aad4e4cfa3d6,work_packages/M1_source_access/27_newspaper_context_recovery_20261008/social_public_api/continuations/20261009_public_native_expansion/worker/raw/a09709ad6d201fa9193c8a20.bin.gz,212,,
bluesky,a0c8b176c118b6e98473afec,content,saved,200,11,2026-10-09T03:10:27.462191+00:00,2026-10-09T03:10:28.404134+00:00,ff620ad62f8de5fbc1a439d6cfe08cd5bd3583d045bd998ffd8458857a70248a,work_packages/M1_source_access/27_newspaper_context_recovery_20261008/social_public_api/continuations/20261009_public_native_expansion/worker/raw/a0c8b176c118b6e98473afec.bin.gz,,,
bluesky,a12b0271e3d3c593b422515c,content,saved,200,11,2026-10-09T03:21:06.042526+00:00,2026-10-09T03:21:07.306063+00:00,ff620ad62f8de5fbc1a439d6cfe08cd5bd3583d045bd998ffd8458857a70248a,work_packages/M1_source_access/27_newspaper_context_recovery_20261008/social_public_api/continuations/20261009_public_native_expansion/worker/raw/a12b0271e3d3c593b422515c.bin.gz,,,
mastodon_us,a18d8adec270954243dbdb16,content,saved,200,156814,2026-10-09T02:55:52.827065+00:00,2026-10-09T02:55:54.759902+00:00,7c91b68ed5f9fc7162a40eb6afc9556a7020b995bda310b2863878b753e997c0,work_packages/M1_source_access/27_newspaper_context_recovery_20261008/social_public_api/continuations/20261009_public_native_expansion/worker/raw/a18d8adec270954243dbdb16.bin.gz,,,
bluesky,a1e2a7010b2a5afa1f2a342e,content,saved,200,347255,2026-10-09T03:49:12.260155+00:00,2026-10-09T03:49:14.345093+00:00,3270543512c11a27fcca27e2aae73820824096d59ec9f2c53ccbd8631ff1d6c6,work_packages/M1_source_access/27_newspaper_context_recovery_20261008/social_public_api/continuations/20261009_public_native_expansion/worker/raw/a1e2a7010b2a5afa1f2a342e.bin.gz,,,
bluesky,a2b064d982efa76e57b70036,content,saved,200,11,2026-10-09T03:14:28.802359+00:00,2026-10-09T03:14:29.992870+00:00,ff620ad62f8de5fbc1a439d6cfe08cd5bd3583d045bd998ffd8458857a70248a,work_packages/M1_source_access/27_newspaper_context_recovery_20261008/social_public_api/continuations/20261009_public_native_expansion/worker/raw/a2b064d982efa76e57b70036.bin.gz,,,
se_earthscience,a2dd5ee6f667f797a74e8458,content,saved,200,233459,2026-10-09T04:13:26.391143+00:00,2026-10-09T04:13:28.362917+00:00,cb7e0c8fd72a4e46ab4fc62c01e5b462cfba105272abb83eed1812a808e0dd0a,work_packages/M1_source_access/27_newspaper_context_recovery_20261008/social_public_api/continuations/20261009_public_native_expansion/worker/raw/a2dd5ee6f667f797a74e8458.bin.gz,203,,
se_sustainability,a32e4800ae4bf7bb0dbd5cc8,content,saved,200,37804,2026-10-09T03:24:42.184760+00:00,2026-10-09T03:24:43.588459+00:00,98e716238aa6249e239e8f7438821c5a0e1c1f853089ad8fcd2770a594187bcb,work_packages/M1_source_access/27_newspaper_context_recovery_20261008/social_public_api/continuations/20261009_public_native_expansion/worker/raw/a32e4800ae4bf7bb0dbd5cc8.bin.gz,232,,
bluesky,a33983aff3bedc51d0922701,content,saved,200,11,2026-10-09T03:16:11.449247+00:00,2026-10-09T03:16:12.961282+00:00,ff620ad62f8de5fbc1a439d6cfe08cd5bd3583d045bd998ffd8458857a70248a,work_packages/M1_source_access/27_newspaper_context_recovery_20261008/social_public_api/continuations/20261009_public_native_expansion/worker/raw/a33983aff3bedc51d0922701.bin.gz,,,
bluesky,a35138b5048a2cbc53f98a20,content,saved,200,643639,2026-10-09T03:19:48.666160+00:00,2026-10-09T03:19:50.474568+00:00,57006daf28f8768ddc2e95dbf6d011f60b011bd044ddaad2021944b1d5a5d1da,work_packages/M1_source_access/27_newspaper_context_recovery_20261008/social_public_api/continuations/20261009_public_native_expansion/worker/raw/a35138b5048a2cbc53f98a20.bin.gz,,,
bluesky,a37fbe5214e0b2ac85b56f53,content,saved,200,5071,2026-10-09T03:17:50.310070+00:00,2026-10-09T03:17:51.600240+00:00,f9be8a30e2d2ea877f7a42bc44522246f97d1f82bc2e7e869d1d3af1dc91d477,work_packages/M1_source_access/27_newspaper_context_recovery_20261008/social_public_api/continuations/20261009_public_native_expansion/worker/raw/a37fbe5214e0b2ac85b56f53.bin.gz,,,
se_earthscience,a3d9a9d054bd549e783a1163,content,saved,200,132594,2026-10-09T03:59:15.418359+00:00,2026-10-09T03:59:16.997945+00:00,577d9074990eedef6eb043d1f7473fb9d7ac0934de8737760f404ce14ce88e91,work_packages/M1_source_access/27_newspaper_context_recovery_20261008/social_public_api/continuations/20261009_public_native_expansion/worker/raw/a3d9a9d054bd549e783a1163.bin.gz,217,,
straight_dope,a3fd8716ce3d8bf6415b908f,content,saved,200,28077,2026-10-09T04:15:58.292745+00:00,2026-10-09T04:16:00.729047+00:00,df30bae47f93e1aff99b3eb11e09d573d377642418d7f433ff656dd2c3d69703,work_packages/M1_source_access/27_newspaper_context_recovery_20261008/social_public_api/continuations/20261009_public_native_expansion/worker/raw/a3fd8716ce3d8bf6415b908f.bin.gz,,,
bluesky,a41993d6a02a476472fbeb00,content,saved,200,493793,2026-10-09T03:34:36.594445+00:00,2026-10-09T03:34:38.866203+00:00,de5c37291bddb54764ee71bf08a8c5de14c10ca1be53ea8d0c8ac514d44eb12b,work_packages/M1_source_access/27_newspaper_context_recovery_20261008/social_public_api/continuations/20261009_public_native_expansion/worker/raw/a41993d6a02a476472fbeb00.bin.gz,,,
bluesky,a439d9c434260652807d55be,content,saved,200,11,2026-10-09T03:16:20.485224+00:00,2026-10-09T03:16:21.709087+00:00,ff620ad62f8de5fbc1a439d6cfe08cd5bd3583d045bd998ffd8458857a70248a,work_packages/M1_source_access/27_newspaper_context_recovery_20261008/social_public_api/continuations/20261009_public_native_expansion/worker/raw/a439d9c434260652807d55be.bin.gz,,,
bluesky,a469f8ab4812f3c8a8a0878c,content,saved,200,416393,2026-10-09T03:36:02.427825+00:00,2026-10-09T03:36:04.813899+00:00,03f0b0f1b59c0fb229d9d7f61246d799944e626f5251265ab350e9fa752f2e23,work_packages/M1_source_access/27_newspaper_context_recovery_20261008/social_public_api/continuations/20261009_public_native_expansion/worker/raw/a469f8ab4812f3c8a8a0878c.bin.gz,,,
bluesky,a4bc6183431018f5d9d04146,content,saved,200,422629,2026-10-09T04:09:46.190961+00:00,2026-10-09T04:09:48.250112+00:00,7683dc2da9064be1f3b48ae91b7b40676d1619cd309870287e54139d5821f6d5,work_packages/M1_source_access/27_newspaper_context_recovery_20261008/social_public_api/continuations/20261009_public_native_expansion/worker/raw/a4bc6183431018f5d9d04146.bin.gz,,,
bluesky,a4f76d5bebf57a64ff5b69b4,content,saved,200,289054,2026-10-09T03:14:49.325569+00:00,2026-10-09T03:14:51.289152+00:00,7683837475f9c8f260b9e4336b0d7fcca0a5b8fdff47c26059d4d95c9ba2c55e,work_packages/M1_source_access/27_newspaper_context_recovery_20261008/social_public_api/continuations/20261009_public_native_expansion/worker/raw/a4f76d5bebf57a64ff5b69b4.bin.gz,,,
bluesky,a532c3694fd8db5b4afb5feb,content,saved,200,426604,2026-10-09T04:09:20.361704+00:00,2026-10-09T04:09:22.279315+00:00,df12cb6e58d73f334f69bb5dacafb82597030c51542448c8f9d1d3308422e450,work_packages/M1_source_access/27_newspaper_context_recovery_20261008/social_public_api/continuations/20261009_public_native_expansion/worker/raw/a532c3694fd8db5b4afb5feb.bin.gz,,,
python_discourse,a5732e18bab4310067e4e954,content,saved,200,58539,2026-10-09T03:09:18.386057+00:00,2026-10-09T03:09:20.542486+00:00,7f698cc681264320e3bdff2e76abb0c6477a2b9ec6e82468c755fe449ea276fb,work_packages/M1_source_access/27_newspaper_context_recovery_20261008/social_public_api/continuations/20261009_public_native_expansion/worker/raw/a5732e18bab4310067e4e954.bin.gz,,,
mastodon_au,a5a5672f26b8ce535c116a45,content,saved,200,151743,2026-10-09T03:00:03.682475+00:00,2026-10-09T03:00:05.233468+00:00,adfba29b441e02b407b1cf47b79cfe453369f5e39808f2c0526ac5f47453720f,work_packages/M1_source_access/27_newspaper_context_recovery_20261008/social_public_api/continuations/20261009_public_native_expansion/worker/raw/a5a5672f26b8ce535c116a45.bin.gz,,,
python_discourse,a6255cf7ab00539693e4b64f,content,saved,200,22265,2026-10-09T02:59:04.510839+00:00,2026-10-09T02:59:06.422603+00:00,b184647ff3f1c84836524fe82883598cbfcb3e91f177c0767dfcc75789c09b4a,work_packages/M1_source_access/27_newspaper_context_recovery_20261008/social_public_api/continuations/20261009_public_native_expansion/worker/raw/a6255cf7ab00539693e4b64f.bin.gz,,,
bluesky,a6f9ca598699c600bfa3505f,content,saved,200,444497,2026-10-09T03:30:04.415127+00:00,2026-10-09T03:30:07.611800+00:00,ec4ed77e252a4e7d0a4851abdb2b7841dabc507c823c24f43133dbbd9d3ea867,work_packages/M1_source_access/27_newspaper_context_recovery_20261008/social_public_api/continuations/20261009_public_native_expansion/worker/raw/a6f9ca598699c600bfa3505f.bin.gz,,,
aussie_zone,a7b8b72e8e8ec3de5176dbfb,content,saved,200,142869,2026-10-09T04:25:01.741019+00:00,2026-10-09T04:25:05.746269+00:00,c2eb7a65937719c32912fa8380d7f06e95f55a7d9a45c2e51277b456dba4ffa2,work_packages/M1_source_access/27_newspaper_context_recovery_20261008/social_public_api/continuations/20261009_public_native_expansion/worker/raw/a7b8b72e8e8ec3de5176dbfb.bin.gz,,,
bluesky,a81feaff70376d3a01d23043,content,saved,200,475759,2026-10-09T03:52:05.896305+00:00,2026-10-09T03:52:08.212210+00:00,0132164d404aeefe4d49baa218409c858e2da1d4c109c6ac377fb0c44db5a978,work_packages/M1_source_access/27_newspaper_context_recovery_20261008/social_public_api/continuations/20261009_public_native_expansion/worker/raw/a81feaff70376d3a01d23043.bin.gz,,,
osm_discourse,a83ad2d1d4597096cc1461ea,content,saved,200,48911,2026-10-09T04:23:57.776078+00:00,2026-10-09T04:24:00.566887+00:00,a694632a923d8a3b22190df537ec172826b8a47e09b78a3c1c287a85c75c5fe1,work_packages/M1_source_access/27_newspaper_context_recovery_20261008/social_public_api/continuations/20261009_public_native_expansion/worker/raw/a83ad2d1d4597096cc1461ea.bin.gz,,,
bluesky,a8525322bcf9adceffec7dad,content,saved,200,592795,2026-10-09T04:07:49.310507+00:00,2026-10-09T04:07:51.612043+00:00,a57fd4b9ee1f68b1eb75338963ea1009fe52c60b1f0827ff436ecc9aa3a8a545,work_packages/M1_source_access/27_newspaper_context_recovery_20261008/social_public_api/continuations/20261009_public_native_expansion/worker/raw/a8525322bcf9adceffec7dad.bin.gz,,,
straight_dope,a865ebaa15e17ecfbe44ca55,content,saved,200,27645,2026-10-09T03:21:47.912551+00:00,2026-10-09T03:21:49.764508+00:00,cace618b2859cc7510229e57e542ea9f98a56fb102716fd3085911f8e55ee7f0,work_packages/M1_source_access/27_newspaper_context_recovery_20261008/social_public_api/continuations/20261009_public_native_expansion/worker/raw/a865ebaa15e17ecfbe44ca55.bin.gz,,,
bluesky,a88cd3d3846ab555e01caf63,content,saved,200,11,2026-10-09T03:20:29.563736+00:00,2026-10-09T03:20:30.788130+00:00,ff620ad62f8de5fbc1a439d6cfe08cd5bd3583d045bd998ffd8458857a70248a,work_packages/M1_source_access/27_newspaper_context_recovery_20261008/social_public_api/continuations/20261009_public_native_expansion/worker/raw/a88cd3d3846ab555e01caf63.bin.gz,,,
bluesky,a8a9336a8dc81050fca42e83,content,saved,200,134340,2026-10-09T03:23:40.237849+00:00,2026-10-09T03:23:41.658000+00:00,b2e8d6a8989e719c72ff3fb6c8f04454b8c9d3a414436969b168596916fe43f5,work_packages/M1_source_access/27_newspaper_context_recovery_20261008/social_public_api/continuations/20261009_public_native_expansion/worker/raw/a8a9336a8dc81050fca42e83.bin.gz,,,
bluesky,a9012ce4518638b614468490,content,saved,200,1693,2026-10-09T03:02:16.363417+00:00,2026-10-09T03:02:17.758647+00:00,10010bb8e23a25d1ac4aa61b2b39d84e1ec77707693e0ee6b15ec4c981b5e31e,work_packages/M1_source_access/27_newspaper_context_recovery_20261008/social_public_api/continuations/20261009_public_native_expansion/worker/raw/a9012ce4518638b614468490.bin.gz,,,
se_earthscience,a9039256c6fa724d24f70303,content,saved,200,42181,2026-10-09T03:46:10.304755+00:00,2026-10-09T03:46:11.260466+00:00,9804948e7a66c3066a47dbdf67c44209edceba404944d76cd765a03ac5f19749,work_packages/M1_source_access/27_newspaper_context_recovery_20261008/social_public_api/continuations/20261009_public_native_expansion/worker/raw/a9039256c6fa724d24f70303.bin.gz,228,,
straight_dope,a95698da41d0d1521f47365f,content,saved,200,27618,2026-10-09T03:48:56.990677+00:00,2026-10-09T03:48:59.191396+00:00,5b384aa1a55bbadd49e418e58a1b7721e91be3d20c6405a8648ea1cc9d45542b,work_packages/M1_source_access/27_newspaper_context_recovery_20261008/social_public_api/continuations/20261009_public_native_expansion/worker/raw/a95698da41d0d1521f47365f.bin.gz,,,
bluesky,a9649098f73d9ff7bb41d5b3,content,saved,200,485293,2026-10-09T03:56:02.931459+00:00,2026-10-09T03:56:05.218310+00:00,71d599b6c149870db6421182e81b1348209baa94e70d3ef2d376c3e31399c10e,work_packages/M1_source_access/27_newspaper_context_recovery_20261008/social_public_api/continuations/20261009_public_native_expansion/worker/raw/a9649098f73d9ff7bb41d5b3.bin.gz,,,
python_discourse,a999c3d085826050048e47a3,content,saved,200,3721,2026-10-09T04:27:37.864434+00:00,2026-10-09T04:27:39.705066+00:00,ac144613480f7632ce037dd09a33620e798c0b7c288b14491e10a7efbc113206,work_packages/M1_source_access/27_newspaper_context_recovery_20261008/social_public_api/continuations/20261009_public_native_expansion/worker/raw/a999c3d085826050048e47a3.bin.gz,,,
mastodon_uk,a9a9901cee21e2c8e887bcb6,content,saved,200,135924,2026-10-09T03:23:06.541709+00:00,2026-10-09T03:23:09.728740+00:00,33491fccee66635d537420ea59238bdd7157b528226260b0073aee532d8c56d6,work_packages/M1_source_access/27_newspaper_context_recovery_20261008/social_public_api/continuations/20261009_public_native_expansion/worker/raw/a9a9901cee21e2c8e887bcb6.bin.gz,,,
mastodon_us,a9c861bee1185ebf09ecd901,content,saved,200,167473,2026-10-09T04:25:49.137784+00:00,2026-10-09T04:25:51.697321+00:00,751238418cc5f020d0828a5bc1a69cd2543108461dbee7b10817f026ac4c803c,work_packages/M1_source_access/27_newspaper_context_recovery_20261008/social_public_api/continuations/20261009_public_native_expansion/worker/raw/a9c861bee1185ebf09ecd901.bin.gz,,,
python_discourse,a9e8648bef406c14e673d515,content,saved,200,63015,2026-10-09T04:21:23.968302+00:00,2026-10-09T04:21:26.162024+00:00,5eff6bf3781514ad628f53b5571ea791af44a6ca9467b1ede626de2025cb7db0,work_packages/M1_source_access/27_newspaper_context_recovery_20261008/social_public_api/continuations/20261009_public_native_expansion/worker/raw/a9e8648bef406c14e673d515.bin.gz,,,
straight_dope,a9ec66dbb358ae7f6260bebd,content,saved,200,28313,2026-10-09T04:26:38.405972+00:00,2026-10-09T04:26:40.445429+00:00,00760d6607ddba84277426c2c0a82fbbbf84f818ab7847e129f24da3eae6e160,work_packages/M1_source_access/27_newspaper_context_recovery_20261008/social_public_api/continuations/20261009_public_native_expansion/worker/raw/a9ec66dbb358ae7f6260bebd.bin.gz,,,
bluesky,aa4787a91795bb590d6f45aa,content,saved,200,11,2026-10-09T03:02:55.907856+00:00,2026-10-09T03:02:57.239439+00:00,ff620ad62f8de5fbc1a439d6cfe08cd5bd3583d045bd998ffd8458857a70248a,work_packages/M1_source_access/27_newspaper_context_recovery_20261008/social_public_api/continuations/20261009_public_native_expansion/worker/raw/aa4787a91795bb590d6f45aa.bin.gz,,,
python_discourse,aaea537499ab4cc4110df1ac,content,saved,200,24320,2026-10-09T04:01:44.132398+00:00,2026-10-09T04:01:46.231175+00:00,9aec51e5e6c6f396eca67f8342b5be853275e7eacc7595891edbb8358b29e7b9,work_packages/M1_source_access/27_newspaper_context_recovery_20261008/social_public_api/continuations/20261009_public_native_expansion/worker/raw/aaea537499ab4cc4110df1ac.bin.gz,,,
bluesky,ab4acf6140d86b7ffb568d85,content,saved,200,11,2026-10-09T03:22:36.193709+00:00,2026-10-09T03:22:37.078319+00:00,ff620ad62f8de5fbc1a439d6cfe08cd5bd3583d045bd998ffd8458857a70248a,work_packages/M1_source_access/27_newspaper_context_recovery_20261008/social_public_api/continuations/20261009_public_native_expansion/worker/raw/ab4acf6140d86b7ffb568d85.bin.gz,,,
bluesky,ab5417886aa857630e20f231,content,saved,200,11,2026-10-09T03:14:25.707270+00:00,2026-10-09T03:14:27.055026+00:00,ff620ad62f8de5fbc1a439d6cfe08cd5bd3583d045bd998ffd8458857a70248a,work_packages/M1_source_access/27_newspaper_context_recovery_20261008/social_public_api/continuations/20261009_public_native_expansion/worker/raw/ab5417886aa857630e20f231.bin.gz,,,
bluesky,ab76a0a006701b9a65f008ab,content,saved,200,11,2026-10-09T03:04:39.566158+00:00,2026-10-09T03:04:40.812731+00:00,ff620ad62f8de5fbc1a439d6cfe08cd5bd3583d045bd998ffd8458857a70248a,work_packages/M1_source_access/27_newspaper_context_recovery_20261008/social_public_api/continuations/20261009_public_native_expansion/worker/raw/ab76a0a006701b9a65f008ab.bin.gz,,,
mastodon_au,ab7b1babb6ea860fdc32b0ba,content,saved,200,149302,2026-10-09T03:36:17.885434+00:00,2026-10-09T03:36:21.883867+00:00,20e055db85b0afc1769c1748b4089e46a26cccb762efd9f4f1002ac21d48a902,work_packages/M1_source_access/27_newspaper_context_recovery_20261008/social_public_api/continuations/20261009_public_native_expansion/worker/raw/ab7b1babb6ea860fdc32b0ba.bin.gz,,,
mastodon_au,ab8a63c219d3fd55d2f1c99a,content,saved,200,142380,2026-10-09T04:05:09.727559+00:00,2026-10-09T04:05:11.396968+00:00,64bb230dacaf7204db48a18e1945d04417d19a04e1616a617666f5ce52571746,work_packages/M1_source_access/27_newspaper_context_recovery_20261008/social_public_api/continuations/20261009_public_native_expansion/worker/raw/ab8a63c219d3fd55d2f1c99a.bin.gz,,,
se_earthscience,abcde2a0ecaf849b222124e4,content,saved,200,64834,2026-10-09T03:09:15.512371+00:00,2026-10-09T03:09:17.083096+00:00,612de0456d72e81aca9be49522b22d23241774eeefff689adb50c896ee052721,work_packages/M1_source_access/27_newspaper_context_recovery_20261008/social_public_api/continuations/20261009_public_native_expansion/worker/raw/abcde2a0ecaf849b222124e4.bin.gz,239,,
aussie_zone,abf632f090956abb7af70467,content,saved,200,155007,2026-10-09T04:02:35.388178+00:00,2026-10-09T04:02:39.189867+00:00,1f4ea1441ee9a4e474ce3cbedeaf82902edd7418acac7397d989abc12dae6aed,work_packages/M1_source_access/27_newspaper_context_recovery_20261008/social_public_api/continuations/20261009_public_native_expansion/worker/raw/abf632f090956abb7af70467.bin.gz,,,
bluesky,ac274cc3fa5effa0b5ef6348,content,saved,200,511527,2026-10-09T04:03:56.636172+00:00,2026-10-09T04:03:58.542447+00:00,bbc8b5ed0f574ebf9d8429829c7439e0d9f286291183e24586a492bd49cc41a5,work_packages/M1_source_access/27_newspaper_context_recovery_20261008/social_public_api/continuations/20261009_public_native_expansion/worker/raw/ac274cc3fa5effa0b5ef6348.bin.gz,,,
se_earthscience,ac53b4411449ec302fb9ad6c,content,saved,200,168647,2026-10-09T04:11:35.595833+00:00,2026-10-09T04:11:37.140260+00:00,3f048d5eb99e1740e503abdb979bc86b7b2824b865e50fa767e828753c30dc86,work_packages/M1_source_access/27_newspaper_context_recovery_20261008/social_public_api/continuations/20261009_public_native_expansion/worker/raw/ac53b4411449ec302fb9ad6c.bin.gz,205,,
bluesky,aca9892ea6c7ec8f4d5522a1,content,saved,200,473261,2026-10-09T03:20:05.225330+00:00,2026-10-09T03:20:07.507937+00:00,2776e8225af495134a1b195d18f33fd8bd4073878d748e10979e97c5063330ee,work_packages/M1_source_access/27_newspaper_context_recovery_20261008/social_public_api/continuations/20261009_public_native_expansion/worker/raw/aca9892ea6c7ec8f4d5522a1.bin.gz,,,
mastodon_ie,acb54601ad13562f3b67d818,content,saved,200,171428,2026-10-09T02:59:53.109115+00:00,2026-10-09T02:59:56.756501+00:00,1f7034fe3f9c6e8f832d1107ab7bb409b34a9432c878a36ce622880287ab271c,work_packages/M1_source_access/27_newspaper_context_recovery_20261008/social_public_api/continuations/20261009_public_native_expansion/worker/raw/acb54601ad13562f3b67d818.bin.gz,,,
bluesky,ad8118612b38bd59841b029c,content,saved,200,555561,2026-10-09T03:22:24.194359+00:00,2026-10-09T03:22:26.016552+00:00,50006eba898b2481aadde6a47a7441b3bbb47b8682338a972b4616c8a38889d6,work_packages/M1_source_access/27_newspaper_context_recovery_20261008/social_public_api/continuations/20261009_public_native_expansion/worker/raw/ad8118612b38bd59841b029c.bin.gz,,,
mastodon_us,ad9ca9c6d17bb10a51b69e08,content,saved,200,167274,2026-10-09T04:12:03.699592+00:00,2026-10-09T04:12:06.137747+00:00,475eefec4af6792367ef14482bcc7673027e6c2e12930767df3631691932f15c,work_packages/M1_source_access/27_newspaper_context_recovery_20261008/social_public_api/continuations/20261009_public_native_expansion/worker/raw/ad9ca9c6d17bb10a51b69e08.bin.gz,,,
bluesky,ad9f53b9e2ec9c2942c87853,content,saved,200,509028,2026-10-09T04:06:04.325911+00:00,2026-10-09T04:06:07.743057+00:00,d1f740894b56f4b2dafa167dcbb5421560fc4fe963a98d366dc34101ce6bc654,work_packages/M1_source_access/27_newspaper_context_recovery_20261008/social_public_api/continuations/20261009_public_native_expansion/worker/raw/ad9f53b9e2ec9c2942c87853.bin.gz,,,
lemmy_nz,ae5bebdf7be0779ce0e57dc9,content,saved,200,156464,2026-10-09T03:58:40.263797+00:00,2026-10-09T03:58:42.242154+00:00,27684d064a6ae3f8781561bfda3dcf318183772dbdf77eea2b552b17242aa2c2,work_packages/M1_source_access/27_newspaper_context_recovery_20261008/social_public_api/continuations/20261009_public_native_expansion/worker/raw/ae5bebdf7be0779ce0e57dc9.bin.gz,,,
bluesky,ae747e577e5994c3852b3252,content,saved,200,11,2026-10-09T03:10:20.990514+00:00,2026-10-09T03:10:22.243122+00:00,ff620ad62f8de5fbc1a439d6cfe08cd5bd3583d045bd998ffd8458857a70248a,work_packages/M1_source_access/27_newspaper_context_recovery_20261008/social_public_api/continuations/20261009_public_native_expansion/worker/raw/ae747e577e5994c3852b3252.bin.gz,,,
mastodon_au,ae791d4b7faf0f4b2f87ed47,content,saved,200,128678,2026-10-09T03:55:33.225787+00:00,2026-10-09T03:55:34.824047+00:00,5c70706f7ec5046815e8b7c313b560f146a52e4c9374980cf9789851e7f4a70a,work_packages/M1_source_access/27_newspaper_context_recovery_20261008/social_public_api/continuations/20261009_public_native_expansion/worker/raw/ae791d4b7faf0f4b2f87ed47.bin.gz,,,
bluesky,aeac57f4e8b292e47393557c,content,saved,200,492587,2026-10-09T03:35:34.204763+00:00,2026-10-09T03:35:36.465176+00:00,3e23a1a75dbd90be0c29285abb3c376ef12adc92ae8009184fad8d9bc284447d,work_packages/M1_source_access/27_newspaper_context_recovery_20261008/social_public_api/continuations/20261009_public_native_expansion/worker/raw/aeac57f4e8b292e47393557c.bin.gz,,,
bluesky,aed310b5600bc926605aa7d6,content,saved,200,11,2026-10-09T03:16:39.114986+00:00,2026-10-09T03:16:40.467214+00:00,ff620ad62f8de5fbc1a439d6cfe08cd5bd3583d045bd998ffd8458857a70248a,work_packages/M1_source_access/27_newspaper_context_recovery_20261008/social_public_api/continuations/20261009_public_native_expansion/worker/raw/aed310b5600bc926605aa7d6.bin.gz,,,
se_earthscience,af8471858fcaeab2e5a587e2,content,saved,200,87023,2026-10-09T04:06:41.648255+00:00,2026-10-09T04:06:43.143672+00:00,6f1a1d8ebf6a115febbc3a4dd4b3d308592dfa0c02478de1464e07f39f2a16ed,work_packages/M1_source_access/27_newspaper_context_recovery_20261008/social_public_api/continuations/20261009_public_native_expansion/worker/raw/af8471858fcaeab2e5a587e2.bin.gz,211,,
bluesky,afe4ad6150c73288513f09e3,content,saved,200,449787,2026-10-09T04:12:20.296211+00:00,2026-10-09T04:12:22.495634+00:00,401a283c9d11b1bd6eb70989f6a3a795c5c83f8c7683eb8cabd4b5d7a6ee4710,work_packages/M1_source_access/27_newspaper_context_recovery_20261008/social_public_api/continuations/20261009_public_native_expansion/worker/raw/afe4ad6150c73288513f09e3.bin.gz,,,
osm_discourse,b01ea8f8e3759825162b386b,content,saved,200,48270,2026-10-09T03:55:47.122432+00:00,2026-10-09T03:55:49.840579+00:00,f25ec4623137187d0052897a776c9fca468ba45ac9a73b226905d6f014491d23,work_packages/M1_source_access/27_newspaper_context_recovery_20261008/social_public_api/continuations/20261009_public_native_expansion/worker/raw/b01ea8f8e3759825162b386b.bin.gz,,,
bluesky,b0496d9c7ed28782c1534cc0,content,saved,200,477669,2026-10-09T04:22:22.863290+00:00,2026-10-09T04:22:25.153382+00:00,4047b34a172ec0e8c530be52eebc7fa2432c7ebfb279ddb2105ad212e9ca6270,work_packages/M1_source_access/27_newspaper_context_recovery_20261008/social_public_api/continuations/20261009_public_native_expansion/worker/raw/b0496d9c7ed28782c1534cc0.bin.gz,,,
mastodon_ie,b06c667afa715aea5484f489,content,saved,200,160182,2026-10-09T04:03:04.284032+00:00,2026-10-09T04:03:08.406109+00:00,1026646a0f4e2a765bd4f98b6f2a664231d2cec78eb214d68ce8f07b9dfef1de,work_packages/M1_source_access/27_newspaper_context_recovery_20261008/social_public_api/continuations/20261009_public_native_expansion/worker/raw/b06c667afa715aea5484f489.bin.gz,,,
bluesky,b07d41cdf4c8f9ede6c5c908,content,saved,200,495090,2026-10-09T03:33:20.729047+00:00,2026-10-09T03:33:22.539292+00:00,e95f3d8b48fbe79536aea6e76fa37161aa5010bae04995414bdf292595484466,work_packages/M1_source_access/27_newspaper_context_recovery_20261008/social_public_api/continuations/20261009_public_native_expansion/worker/raw/b07d41cdf4c8f9ede6c5c908.bin.gz,,,
fairphone_eu,b0952c2fd2e3306db9d815bb,policy,saved,200,33536,2026-10-09T03:03:54.356328+00:00,2026-10-09T03:03:56.403786+00:00,94b82abc89c57480d3accb7df786b42bde1ad983ffadb1636e81e1427ccfdfdd,work_packages/M1_source_access/27_newspaper_context_recovery_20261008/social_public_api/continuations/20261009_public_native_expansion/worker/raw/b0952c2fd2e3306db9d815bb.bin.gz,,,
midwest_social,b0d212f1f74495af37ccae92,content,saved,200,116007,2026-10-09T03:59:00.026019+00:00,2026-10-09T03:59:08.686959+00:00,15a8c0a5f27bb28af1a87365aacd2d1cdeacb6188aedeef483b4febea64e28e8,work_packages/M1_source_access/27_newspaper_context_recovery_20261008/social_public_api/continuations/20261009_public_native_expansion/worker/raw/b0d212f1f74495af37ccae92.bin.gz,,,
bluesky,b13e02ab108db4ed82322217,content,saved,200,532356,2026-10-09T03:22:14.386377+00:00,2026-10-09T03:22:16.108995+00:00,5f7b3da4759a10602d972019d7cf7c9d7f2e7e61be296c53ae92b0d587d57dca,work_packages/M1_source_access/27_newspaper_context_recovery_20261008/social_public_api/continuations/20261009_public_native_expansion/worker/raw/b13e02ab108db4ed82322217.bin.gz,,,
lemmy_nz,b14a2cb0bcb3a83c38385e58,content,saved,200,152399,2026-10-09T04:04:22.968663+00:00,2026-10-09T04:04:24.948920+00:00,a21279a1a118fbfd498791b9128121e0ff65fde54f7fc693e4bb7431c41583fb,work_packages/M1_source_access/27_newspaper_context_recovery_20261008/social_public_api/continuations/20261009_public_native_expansion/worker/raw/b14a2cb0bcb3a83c38385e58.bin.gz,,,
se_sustainability,b19cd30e9cb6efd08feff6a9,content,saved,200,111931,2026-10-09T03:09:11.369761+00:00,2026-10-09T03:09:12.402928+00:00,6027a2b46cdc399395c7ed716566b879f176ccd0172282df17acb21c46afe357,work_packages/M1_source_access/27_newspaper_context_recovery_20261008/social_public_api/continuations/20261009_public_native_expansion/worker/raw/b19cd30e9cb6efd08feff6a9.bin.gz,240,,
osm_discourse,b2e3ef205b1b16d2b84454d2,content,saved,200,48314,2026-10-09T04:05:24.533488+00:00,2026-10-09T04:05:27.569380+00:00,8a0f85066acdc61f6fb58d9f4af5517f910eacc9c064151d04fb666c3b2f2cc0,work_packages/M1_source_access/27_newspaper_context_recovery_20261008/social_public_api/continuations/20261009_public_native_expansion/worker/raw/b2e3ef205b1b16d2b84454d2.bin.gz,,,
bluesky,b2f58c514f196900154c5962,content,saved,200,468809,2026-10-09T04:02:18.342724+00:00,2026-10-09T04:02:20.815252+00:00,5e57f72ac1dc482000a65dd50aea11c5a3663c7a43ed9074b40583295e83cac8,work_packages/M1_source_access/27_newspaper_context_recovery_20261008/social_public_api/continuations/20261009_public_native_expansion/worker/raw/b2f58c514f196900154c5962.bin.gz,,,
aussie_zone,b3458e86b14f48f74a218365,content,saved,200,127659,2026-10-09T03:54:40.474931+00:00,2026-10-09T03:54:42.680042+00:00,b0e8af91080c2ba49e1d0d350f4becc622746ec3625545a9aa1cb8e5fc938863,work_packages/M1_source_access/27_newspaper_context_recovery_20261008/social_public_api/continuations/20261009_public_native_expansion/worker/raw/b3458e86b14f48f74a218365.bin.gz,,,
monzo_uk,b35e79e870bf7d95118a79db,policy,http_stop,302,,2026-10-09T03:03:48.105097+00:00,,,,,,
bluesky,b3a4fc49aa8b528439a252c3,content,saved,200,11,2026-10-09T03:22:41.494412+00:00,2026-10-09T03:22:42.399094+00:00,ff620ad62f8de5fbc1a439d6cfe08cd5bd3583d045bd998ffd8458857a70248a,work_packages/M1_source_access/27_newspaper_context_recovery_20261008/social_public_api/continuations/20261009_public_native_expansion/worker/raw/b3a4fc49aa8b528439a252c3.bin.gz,,,
bluesky,b4129c925badebd34f547cc5,content,saved,200,11,2026-10-09T03:18:36.810874+00:00,2026-10-09T03:18:38.097714+00:00,ff620ad62f8de5fbc1a439d6cfe08cd5bd3583d045bd998ffd8458857a70248a,work_packages/M1_source_access/27_newspaper_context_recovery_20261008/social_public_api/continuations/20261009_public_native_expansion/worker/raw/b4129c925badebd34f547cc5.bin.gz,,,
bluesky,b44070bb2d7182c4cae138fa,content,saved,200,11,2026-10-09T03:04:36.852074+00:00,2026-10-09T03:04:37.713856+00:00,ff620ad62f8de5fbc1a439d6cfe08cd5bd3583d045bd998ffd8458857a70248a,work_packages/M1_source_access/27_newspaper_context_recovery_20261008/social_public_api/continuations/20261009_public_native_expansion/worker/raw/b44070bb2d7182c4cae138fa.bin.gz,,,
bluesky,b46bfcbb16d5380a7b4f202e,content,saved,200,11,2026-10-09T03:04:18.814811+00:00,2026-10-09T03:04:20.785926+00:00,ff620ad62f8de5fbc1a439d6cfe08cd5bd3583d045bd998ffd8458857a70248a,work_packages/M1_source_access/27_newspaper_context_recovery_20261008/social_public_api/continuations/20261009_public_native_expansion/worker/raw/b46bfcbb16d5380a7b4f202e.bin.gz,,,
bluesky,b53601fd57be9af847ae2c43,content,saved,200,546343,2026-10-09T04:20:30.350772+00:00,2026-10-09T04:20:32.718831+00:00,01f3c88c0f00579cfe96097740fe8c57e66b908a42c9eebe93eb40d21ed988e3,work_packages/M1_source_access/27_newspaper_context_recovery_20261008/social_public_api/continuations/20261009_public_native_expansion/worker/raw/b53601fd57be9af847ae2c43.bin.gz,,,
bluesky,b5405924b6029ea0c249ce53,content,saved,200,161291,2026-10-09T03:19:40.293164+00:00,2026-10-09T03:19:42.115931+00:00,2f87df8d398f4e212f7503ffa505b51ac9eba65f7381317a20b758ddd1cc5a4b,work_packages/M1_source_access/27_newspaper_context_recovery_20261008/social_public_api/continuations/20261009_public_native_expansion/worker/raw/b5405924b6029ea0c249ce53.bin.gz,,,
osm_discourse,b57a45a1fc28b76e9b5c1475,content,saved,200,45906,2026-10-09T04:18:02.860863+00:00,2026-10-09T04:18:05.568562+00:00,632502f19abdc41a77e6f448dd7bbbc81360733886596a515f09c4d8606a1373,work_packages/M1_source_access/27_newspaper_context_recovery_20261008/social_public_api/continuations/20261009_public_native_expansion/worker/raw/b57a45a1fc28b76e9b5c1475.bin.gz,,,
mastodon_us,b57aa29780f40e5a829f0ad6,content,saved,200,133455,2026-10-09T03:46:28.511699+00:00,2026-10-09T03:46:30.573785+00:00,31565379347670f8ec06ce888eabf2ab09f2aea2db987b7604fdac3f2f2fe029,work_packages/M1_source_access/27_newspaper_context_recovery_20261008/social_public_api/continuations/20261009_public_native_expansion/worker/raw/b57aa29780f40e5a829f0ad6.bin.gz,,,
mastodon_uk,b583d3033ba15f4447bcea22,content,saved,200,138484,2026-10-09T04:13:42.651363+00:00,2026-10-09T04:13:46.452364+00:00,aef5891282fe7ebaafe6e307e3c4f8d60595ec8c7872fb26a65224dc2b6eb45a,work_packages/M1_source_access/27_newspaper_context_recovery_20261008/social_public_api/continuations/20261009_public_native_expansion/worker/raw/b583d3033ba15f4447bcea22.bin.gz,,,
mastodon_au,b5fd1da2531901a1ddd92a5e,content,saved,200,147482,2026-10-09T03:19:07.426140+00:00,2026-10-09T03:19:09.272104+00:00,910210a267be2c8ef08942e2c59e0a8ed7ab20a6b310c507d2686e2060151f68,work_packages/M1_source_access/27_newspaper_context_recovery_20261008/social_public_api/continuations/20261009_public_native_expansion/worker/raw/b5fd1da2531901a1ddd92a5e.bin.gz,,,
bluesky,b60aa984c3c9c39e01858631,content,saved,200,448835,2026-10-09T03:31:31.748972+00:00,2026-10-09T03:31:33.753682+00:00,dcf3334dc36d08b8ae50ee7239ee4e3d10e85996c76404183b5047e3bb64d5ce,work_packages/M1_source_access/27_newspaper_context_recovery_20261008/social_public_api/continuations/20261009_public_native_expansion/worker/raw/b60aa984c3c9c39e01858631.bin.gz,,,
bluesky,b62d70bb9a0a3fdc48677ad0,content,saved,200,11,2026-10-09T03:10:00.944356+00:00,2026-10-09T03:10:02.185316+00:00,ff620ad62f8de5fbc1a439d6cfe08cd5bd3583d045bd998ffd8458857a70248a,work_packages/M1_source_access/27_newspaper_context_recovery_20261008/social_public_api/continuations/20261009_public_native_expansion/worker/raw/b62d70bb9a0a3fdc48677ad0.bin.gz,,,
bluesky,b630b768573fe53f5ae585d2,content,saved,200,466646,2026-10-09T04:22:33.214269+00:00,2026-10-09T04:22:35.655480+00:00,848f9e73f69e0e1cf77b18e5ae4f87da43783442531842fd3f2036789c4f7e84,work_packages/M1_source_access/27_newspaper_context_recovery_20261008/social_public_api/continuations/20261009_public_native_expansion/worker/raw/b630b768573fe53f5ae585d2.bin.gz,,,
bluesky,b6656c71fa90776018561588,documentation,saved,200,1288,2026-10-09T02:56:43.065864+00:00,2026-10-09T02:56:44.626178+00:00,c4f49bf21d7c567c38bb46035a548093fd20ea3235d8ac939ae023596b441b62,work_packages/M1_source_access/27_newspaper_context_recovery_20261008/social_public_api/continuations/20261009_public_native_expansion/worker/raw/b6656c71fa90776018561588.bin.gz,,,
se_sustainability,b68699f41a6833acd86504a3,content,saved,200,239503,2026-10-09T04:08:29.482983+00:00,2026-10-09T04:08:31.119833+00:00,f7d34a42079188a6486e50256645c5f9f7d524cc0ce8c1b74c5cbb5834ae6718,work_packages/M1_source_access/27_newspaper_context_recovery_20261008/social_public_api/continuations/20261009_public_native_expansion/worker/raw/b68699f41a6833acd86504a3.bin.gz,210,,
python_discourse,b6a7491d3a397bb154da1c81,content,saved,200,27893,2026-10-09T02:55:32.541867+00:00,2026-10-09T02:55:34.609376+00:00,f8ab7e43030e81c189a3bb896e3d00dc60c3bbb319aea016561b13642d93ab02,work_packages/M1_source_access/27_newspaper_context_recovery_20261008/social_public_api/continuations/20261009_public_native_expansion/worker/raw/b6a7491d3a397bb154da1c81.bin.gz,,,
feddit_org,b6d26ba450636c237910be48,content,saved,200,226734,2026-10-09T04:08:24.064670+00:00,2026-10-09T04:08:27.477871+00:00,bed47f1a8769dd0cee81aa859d7051ead7bd3eebd92b486c5037de3d1bb31cff,work_packages/M1_source_access/27_newspaper_context_recovery_20261008/social_public_api/continuations/20261009_public_native_expansion/worker/raw/b6d26ba450636c237910be48.bin.gz,,,
straight_dope,b6e28edaa544c30669f2be5f,content,saved,200,28389,2026-10-09T03:36:28.604385+00:00,2026-10-09T03:36:30.725422+00:00,7790027a1f921a0344ff3b61782293dbd7d7ede023dc04b1a972a5eaaa59fa90,work_packages/M1_source_access/27_newspaper_context_recovery_20261008/social_public_api/continuations/20261009_public_native_expansion/worker/raw/b6e28edaa544c30669f2be5f.bin.gz,,,
bluesky,b6f8463ef4410b6c07ab0264,content,saved,200,11,2026-10-09T03:16:27.117584+00:00,2026-10-09T03:16:28.663582+00:00,ff620ad62f8de5fbc1a439d6cfe08cd5bd3583d045bd998ffd8458857a70248a,work_packages/M1_source_access/27_newspaper_context_recovery_20261008/social_public_api/continuations/20261009_public_native_expansion/worker/raw/b6f8463ef4410b6c07ab0264.bin.gz,,,
se_sustainability,b8ec206f0adc9900845bd582,content,saved,200,224963,2026-10-09T03:51:01.312947+00:00,2026-10-09T03:51:02.952638+00:00,b6c285683b6050ce65e5a49e896e44abc7a23fcb2bc2bc4557acba2907c66798,work_packages/M1_source_access/27_newspaper_context_recovery_20261008/social_public_api/continuations/20261009_public_native_expansion/worker/raw/b8ec206f0adc9900845bd582.bin.gz,225,,
se_earthscience,b9042af99caa958010c02696,content,saved,200,152957,2026-10-09T04:23:15.966170+00:00,2026-10-09T04:23:18.647378+00:00,47fd2ba42b283d3b7a2a0d22bc71a87d541ced741d9ae1e889fba7de6043cdeb,work_packages/M1_source_access/27_newspaper_context_recovery_20261008/social_public_api/continuations/20261009_public_native_expansion/worker/raw/b9042af99caa958010c02696.bin.gz,193,,
python_discourse,b9702a4d46bcfcf4375c16c8,content,saved,200,3689,2026-10-09T04:27:23.686656+00:00,2026-10-09T04:27:25.689791+00:00,c967f0323402f5d65176c6e42194381ce0656ace354dfa97a74c901a38854330,work_packages/M1_source_access/27_newspaper_context_recovery_20261008/social_public_api/continuations/20261009_public_native_expansion/worker/raw/b9702a4d46bcfcf4375c16c8.bin.gz,,,
bluesky,b9cf3853a48a3888dbd382d0,content,saved,200,11,2026-10-09T03:24:30.899101+00:00,2026-10-09T03:24:32.281219+00:00,ff620ad62f8de5fbc1a439d6cfe08cd5bd3583d045bd998ffd8458857a70248a,work_packages/M1_source_access/27_newspaper_context_recovery_20261008/social_public_api/continuations/20261009_public_native_expansion/worker/raw/b9cf3853a48a3888dbd382d0.bin.gz,,,
bluesky,b9fef207a5d8bdc2f14a47f9,content,saved,200,504052,2026-10-09T04:14:34.076186+00:00,2026-10-09T04:14:36.782251+00:00,1d95c9108e88ed42fa4b2485e7269241b5371178b2bd50792d9bfc6ca0440042,work_packages/M1_source_access/27_newspaper_context_recovery_20261008/social_public_api/continuations/20261009_public_native_expansion/worker/raw/b9fef207a5d8bdc2f14a47f9.bin.gz,,,
bluesky,ba756905ba64eb9a73eaa34b,content,saved,200,84977,2026-10-09T03:02:22.435898+00:00,2026-10-09T03:02:24.067667+00:00,09de4796b3dc788bb8bef2df0bababb78103cde9e323b2c03cd9d6b97b24e0ce,work_packages/M1_source_access/27_newspaper_context_recovery_20261008/social_public_api/continuations/20261009_public_native_expansion/worker/raw/ba756905ba64eb9a73eaa34b.bin.gz,,,
lemmy_nz,ba7eca3e6b9dcc9d290c17a5,content,saved,200,168417,2026-10-09T04:04:17.564256+00:00,2026-10-09T04:04:19.348355+00:00,8707be5b4a6984e7c22bb384d4a09c8c81cf7d9384707976c77deae7472112a0,work_packages/M1_source_access/27_newspaper_context_recovery_20261008/social_public_api/continuations/20261009_public_native_expansion/worker/raw/ba7eca3e6b9dcc9d290c17a5.bin.gz,,,
bluesky,ba82d903af7cb39a59c546a7,content,saved,200,592706,2026-10-09T04:12:30.467563+00:00,2026-10-09T04:12:32.342326+00:00,77bafeb1483520d2e8b5ebfc1f4bf5cca0d49675c12eae1c4d6d947d5d24e9be,work_packages/M1_source_access/27_newspaper_context_recovery_20261008/social_public_api/continuations/20261009_public_native_expansion/worker/raw/ba82d903af7cb39a59c546a7.bin.gz,,,
bluesky,baa6eeaec73575bfce9e8f3e,content,saved,200,2894,2026-10-09T03:18:19.918781+00:00,2026-10-09T03:18:22.450477+00:00,1dbce380beee26e35cf2b49b3afa9274cdcc5e7c2d8cd817e57c82a30cd4de9e,work_packages/M1_source_access/27_newspaper_context_recovery_20261008/social_public_api/continuations/20261009_public_native_expansion/worker/raw/baa6eeaec73575bfce9e8f3e.bin.gz,,,
python_discourse,baa6f1b12c8d2e7407fc80be,content,saved,200,63093,2026-10-09T03:09:47.419513+00:00,2026-10-09T03:09:49.737042+00:00,fdb98891545a5a764b2e35255790c78cf60e82c1a2183d7b938a7e4b41bcf3c9,work_packages/M1_source_access/27_newspaper_context_recovery_20261008/social_public_api/continuations/20261009_public_native_expansion/worker/raw/baa6f1b12c8d2e7407fc80be.bin.gz,,,
bluesky,bab42797f7343f10a8a840b2,content,saved,200,448645,2026-10-09T03:34:51.196903+00:00,2026-10-09T03:34:52.944554+00:00,e57a567709631eb32e05d902bf951b1e4623e57a49071a02e72982ce2ab1437e,work_packages/M1_source_access/27_newspaper_context_recovery_20261008/social_public_api/continuations/20261009_public_native_expansion/worker/raw/bab42797f7343f10a8a840b2.bin.gz,,,
lemmy_nz,bb4dd10451abfd0ed4b3b831,content,saved,200,160679,2026-10-09T03:49:54.157503+00:00,2026-10-09T03:49:56.175411+00:00,081338294e254633d9ab2f11abb8621f5dd71272f3afd9159a0ac439a8232e9e,work_packages/M1_source_access/27_newspaper_context_recovery_20261008/social_public_api/continuations/20261009_public_native_expansion/worker/raw/bb4dd10451abfd0ed4b3b831.bin.gz,,,
bluesky,bb98a586b0da3efa53d2acdc,content,saved,200,11,2026-10-09T03:27:41.327836+00:00,2026-10-09T03:27:42.628019+00:00,ff620ad62f8de5fbc1a439d6cfe08cd5bd3583d045bd998ffd8458857a70248a,work_packages/M1_source_access/27_newspaper_context_recovery_20261008/social_public_api/continuations/20261009_public_native_expansion/worker/raw/bb98a586b0da3efa53d2acdc.bin.gz,,,
bluesky,bbf0505b2f224bbbd1ae500c,content,saved,200,530674,2026-10-09T04:18:29.991195+00:00,2026-10-09T04:18:32.243234+00:00,ecf1516746ed225f278e34623499c27c145db1a227acc275a00329409b336be1,work_packages/M1_source_access/27_newspaper_context_recovery_20261008/social_public_api/continuations/20261009_public_native_expansion/worker/raw/bbf0505b2f224bbbd1ae500c.bin.gz,,,
bluesky,bc47d05cf66a102013617287,source_metadata,saved,200,1008,2026-10-09T02:56:26.228509+00:00,2026-10-09T02:56:27.106401+00:00,3890fff990121053ddb89699eaf8611e37cfcf479e909989b9e74dfd30873a70,work_packages/M1_source_access/27_newspaper_context_recovery_20261008/social_public_api/continuations/20261009_public_native_expansion/worker/raw/bc47d05cf66a102013617287.bin.gz,,,
bluesky,bc5635e63660b27decd7919a,documentation,saved,200,968,2026-10-09T02:56:23.524405+00:00,2026-10-09T02:56:26.218767+00:00,00ba4c464d2fd78aa31a5d2d899f7cca597b258a850cdef980bdb5e6fa1a4c15,work_packages/M1_source_access/27_newspaper_context_recovery_20261008/social_public_api/continuations/20261009_public_native_expansion/worker/raw/bc5635e63660b27decd7919a.bin.gz,,,
bluesky,bcadf3ad7cea5356571d0161,content,saved,200,525270,2026-10-09T03:27:53.673257+00:00,2026-10-09T03:27:57.388229+00:00,08428b5a386d58a8f0c7b6f22773ed6cc134e613d0962eda5e54e20b122d926c,work_packages/M1_source_access/27_newspaper_context_recovery_20261008/social_public_api/continuations/20261009_public_native_expansion/worker/raw/bcadf3ad7cea5356571d0161.bin.gz,,,
bluesky,bdfcbcb77a11f33392430ba3,content,saved,200,11,2026-10-09T03:23:34.625529+00:00,2026-10-09T03:23:35.503912+00:00,ff620ad62f8de5fbc1a439d6cfe08cd5bd3583d045bd998ffd8458857a70248a,work_packages/M1_source_access/27_newspaper_context_recovery_20261008/social_public_api/continuations/20261009_public_native_expansion/worker/raw/bdfcbcb77a11f33392430ba3.bin.gz,,,
python_discourse,be19965e321d5a064d641e38,content,saved,200,1725,2026-10-09T04:27:15.170243+00:00,2026-10-09T04:27:17.176265+00:00,f8db892b2023d9f98d46c2a7e05e31bd9c7f22201460c279beaaed98bb11448e,work_packages/M1_source_access/27_newspaper_context_recovery_20261008/social_public_api/continuations/20261009_public_native_expansion/worker/raw/be19965e321d5a064d641e38.bin.gz,,,
bluesky,be1ef56d5fbdea7ff2ed0941,content,saved,200,11,2026-10-09T03:19:29.282321+00:00,2026-10-09T03:19:30.463214+00:00,ff620ad62f8de5fbc1a439d6cfe08cd5bd3583d045bd998ffd8458857a70248a,work_packages/M1_source_access/27_newspaper_context_recovery_20261008/social_public_api/continuations/20261009_public_native_expansion/worker/raw/be1ef56d5fbdea7ff2ed0941.bin.gz,,,
mastodon_uk,be3dc449e9a36ab7cae9946d,content,saved,200,155568,2026-10-09T02:57:27.693621+00:00,2026-10-09T02:57:32.126027+00:00,59c7da7b5641392b0d96904c0223f601fb2533ad6205caa7f549046f6ab03f11,work_packages/M1_source_access/27_newspaper_context_recovery_20261008/social_public_api/continuations/20261009_public_native_expansion/worker/raw/be3dc449e9a36ab7cae9946d.bin.gz,,,
bluesky,be4554bf29157823a984a92f,content,saved,200,441059,2026-10-09T03:22:05.339029+00:00,2026-10-09T03:22:07.147378+00:00,cd01c91d91f33a493c63fc5e876f77f8a5ef20d3d4af458e4d74a0722f44a020,work_packages/M1_source_access/27_newspaper_context_recovery_20261008/social_public_api/continuations/20261009_public_native_expansion/worker/raw/be4554bf29157823a984a92f.bin.gz,,,
python_discourse,be70bc44617228d0112d6393,content,saved,200,74354,2026-10-09T04:24:02.993283+00:00,2026-10-09T04:24:05.418408+00:00,9406ae3ce35776aaa0bc7f156d4fa76aa6a458933f55b44d01578409b5058999,work_packages/M1_source_access/27_newspaper_context_recovery_20261008/social_public_api/continuations/20261009_public_native_expansion/worker/raw/be70bc44617228d0112d6393.bin.gz,,,
bluesky,bf390867a7868cbe7e66da86,content,saved,200,11,2026-10-09T03:26:58.633812+00:00,2026-10-09T03:26:59.950983+00:00,ff620ad62f8de5fbc1a439d6cfe08cd5bd3583d045bd998ffd8458857a70248a,work_packages/M1_source_access/27_newspaper_context_recovery_20261008/social_public_api/continuations/20261009_public_native_expansion/worker/raw/bf390867a7868cbe7e66da86.bin.gz,,,
bluesky,bf7efc86c8791f2729040242,content,saved,200,552507,2026-10-09T03:29:05.342557+00:00,2026-10-09T03:29:07.554100+00:00,273ac05d862662772ca2be919ce29537ed678d1c35f9c66656d86db2e478a8a8,work_packages/M1_source_access/27_newspaper_context_recovery_20261008/social_public_api/continuations/20261009_public_native_expansion/worker/raw/bf7efc86c8791f2729040242.bin.gz,,,
se_sustainability,bf7f5e9f1f52dee3c37813ee,content,saved,200,167293,2026-10-09T02:55:26.170958+00:00,2026-10-09T02:55:27.612742+00:00,332760356625b100135aa807cfa17ec590f6868d9fe5d9362f0d234b8270cdb8,work_packages/M1_source_access/27_newspaper_context_recovery_20261008/social_public_api/continuations/20261009_public_native_expansion/worker/raw/bf7f5e9f1f52dee3c37813ee.bin.gz,259,,
bluesky,bfeb96b90bf4968782816121,content,saved,200,11,2026-10-09T03:22:44.152127+00:00,2026-10-09T03:22:45.067009+00:00,ff620ad62f8de5fbc1a439d6cfe08cd5bd3583d045bd998ffd8458857a70248a,work_packages/M1_source_access/27_newspaper_context_recovery_20261008/social_public_api/continuations/20261009_public_native_expansion/worker/raw/bfeb96b90bf4968782816121.bin.gz,,,
bluesky,c001bf40387931e958c7e508,content,saved,200,452463,2026-10-09T03:54:01.062438+00:00,2026-10-09T03:54:04.475659+00:00,ae01e50f754f94c18798b318f0ff1f1ce58518726e0071953ae591f8756a036e,work_packages/M1_source_access/27_newspaper_context_recovery_20261008/social_public_api/continuations/20261009_public_native_expansion/worker/raw/c001bf40387931e958c7e508.bin.gz,,,
mastodon_uk,c03b23e2baabb0d76b109161,content,saved,200,136876,2026-10-09T04:03:11.037749+00:00,2026-10-09T04:03:15.061458+00:00,52e2279b366ed7fc59f55ad4e7b74ccb93bc029a63848659e4d0460f28d75eec,work_packages/M1_source_access/27_newspaper_context_recovery_20261008/social_public_api/continuations/20261009_public_native_expansion/worker/raw/c03b23e2baabb0d76b109161.bin.gz,,,
bluesky,c0887bc2aa118a40321ed9b3,content,saved,200,558693,2026-10-09T03:58:06.096271+00:00,2026-10-09T03:58:08.706361+00:00,3739a67c26951470881cd8438d46abb6ff68fbc8405a589e03ae4dbd1b1991e7,work_packages/M1_source_access/27_newspaper_context_recovery_20261008/social_public_api/continuations/20261009_public_native_expansion/worker/raw/c0887bc2aa118a40321ed9b3.bin.gz,,,
feddit_org,c0fe368481bfffefda1aef3c,content,saved,200,219139,2026-10-09T04:23:05.895521+00:00,2026-10-09T04:23:09.672504+00:00,4438258e6bb83d0aadf178713e49f23f8cf14a5a8fdf2bf2087ce6f335166b27,work_packages/M1_source_access/27_newspaper_context_recovery_20261008/social_public_api/continuations/20261009_public_native_expansion/worker/raw/c0fe368481bfffefda1aef3c.bin.gz,,,
bluesky,c10b0b3c923b94c2575c75cc,content,saved,200,3097,2026-10-09T03:24:24.284926+00:00,2026-10-09T03:24:25.171410+00:00,6b7ba4ae58461d5e5afd9996e16bed0964a27732205a5ada9519799a7a7eae57,work_packages/M1_source_access/27_newspaper_context_recovery_20261008/social_public_api/continuations/20261009_public_native_expansion/worker/raw/c10b0b3c923b94c2575c75cc.bin.gz,,,
se_sustainability,c12e3d6a78e7f15982985f35,content,saved,200,28674,2026-10-09T04:04:44.946139+00:00,2026-10-09T04:04:46.347455+00:00,fd4cb5c15be6b22aed70d1af402fafddd9d88788e5d19e16eb2cc99ab25d09b9,work_packages/M1_source_access/27_newspaper_context_recovery_20261008/social_public_api/continuations/20261009_public_native_expansion/worker/raw/c12e3d6a78e7f15982985f35.bin.gz,214,,
lemmy_nz,c1f302e1160380bf61276d8b,content,saved,200,146987,2026-10-09T04:24:48.479597+00:00,2026-10-09T04:24:50.279250+00:00,aa3fbd082824b3f179d969e860de33113c11a0e655f97a4de5098450de3a1421,work_packages/M1_source_access/27_newspaper_context_recovery_20261008/social_public_api/continuations/20261009_public_native_expansion/worker/raw/c1f302e1160380bf61276d8b.bin.gz,,,
bluesky,c26cf8357fed1812343527a6,content,saved,200,431958,2026-10-09T04:20:35.258929+00:00,2026-10-09T04:20:37.625202+00:00,3b166530549f3a8c98c36cdc763ae49e955eb5e5f5fb1c21424b69d62ac7e376,work_packages/M1_source_access/27_newspaper_context_recovery_20261008/social_public_api/continuations/20261009_public_native_expansion/worker/raw/c26cf8357fed1812343527a6.bin.gz,,,
mastodon_au,c274ae952356a3f62d6d1583,content,saved,200,152399,2026-10-09T04:08:56.090783+00:00,2026-10-09T04:08:57.799738+00:00,845c47770573a639c231aa305b82fa304becbe0f0c6d9e156fb12202de3e12e2,work_packages/M1_source_access/27_newspaper_context_recovery_20261008/social_public_api/continuations/20261009_public_native_expansion/worker/raw/c274ae952356a3f62d6d1583.bin.gz,,,
bluesky,c2aeac006a0d0525dbe140ed,content,saved,200,469433,2026-10-09T03:25:44.989104+00:00,2026-10-09T03:25:47.255102+00:00,fbaf2750ddda0324b41bcf7926dfdd2f70eb2103ae6d08eb7185cfed3e719fa8,work_packages/M1_source_access/27_newspaper_context_recovery_20261008/social_public_api/continuations/20261009_public_native_expansion/worker/raw/c2aeac006a0d0525dbe140ed.bin.gz,,,
osm_discourse,c3bea9781497aa4b04985a7f,content,saved,200,207913,2026-10-09T02:57:03.318459+00:00,2026-10-09T02:57:07.690337+00:00,6cee1c1725118a47fcd6882d17d92c692fe64fa7cb2f84a0d859abb03ef132a2,work_packages/M1_source_access/27_newspaper_context_recovery_20261008/social_public_api/continuations/20261009_public_native_expansion/worker/raw/c3bea9781497aa4b04985a7f.bin.gz,,,
straight_dope,c3c532696f36a8b61b0f2fd5,content,saved,200,27870,2026-10-09T03:57:45.175093+00:00,2026-10-09T03:57:47.177349+00:00,f701f83dcdf8ddc196417dae987817931a96488b2c8a4f1341ba9871dec213ae,work_packages/M1_source_access/27_newspaper_context_recovery_20261008/social_public_api/continuations/20261009_public_native_expansion/worker/raw/c3c532696f36a8b61b0f2fd5.bin.gz,,,
mastodon_au,c3d675b151357fd4dfe7d915,content,saved,200,147896,2026-10-09T02:55:47.547974+00:00,2026-10-09T02:55:49.093452+00:00,b747eca55d4fb7509f6c4960ddf979c9d40c30b1f830665fa998beddf0a9dd35,work_packages/M1_source_access/27_newspaper_context_recovery_20261008/social_public_api/continuations/20261009_public_native_expansion/worker/raw/c3d675b151357fd4dfe7d915.bin.gz,,,
bluesky,c402388638082abad37fdcb3,content,saved,200,11,2026-10-09T03:04:46.209953+00:00,2026-10-09T03:04:47.064012+00:00,ff620ad62f8de5fbc1a439d6cfe08cd5bd3583d045bd998ffd8458857a70248a,work_packages/M1_source_access/27_newspaper_context_recovery_20261008/social_public_api/continuations/20261009_public_native_expansion/worker/raw/c402388638082abad37fdcb3.bin.gz,,,
mastodon_uk,c4bd402b515f1593ba205bc6,content,saved,200,138201,2026-10-09T04:21:35.591457+00:00,2026-10-09T04:21:39.617770+00:00,bbcb59db8d588ed5a36be0fff43e8555ff0c3e6514be490a6ff346e295553f9f,work_packages/M1_source_access/27_newspaper_context_recovery_20261008/social_public_api/continuations/20261009_public_native_expansion/worker/raw/c4bd402b515f1593ba205bc6.bin.gz,,,
aussie_zone,c4ebc33fa9caa434f82bb642,content,saved,200,140667,2026-10-09T03:56:46.346612+00:00,2026-10-09T03:56:47.933345+00:00,61ea1a14ad966bc0c39434d84a33be7d8434271ebb14896a912297fd14575d04,work_packages/M1_source_access/27_newspaper_context_recovery_20261008/social_public_api/continuations/20261009_public_native_expansion/worker/raw/c4ebc33fa9caa434f82bb642.bin.gz,,,
bluesky,c4f4b63da473f985efa42ead,content,saved,200,11,2026-10-09T03:22:49.483390+00:00,2026-10-09T03:22:50.385890+00:00,ff620ad62f8de5fbc1a439d6cfe08cd5bd3583d045bd998ffd8458857a70248a,work_packages/M1_source_access/27_newspaper_context_recovery_20261008/social_public_api/continuations/20261009_public_native_expansion/worker/raw/c4f4b63da473f985efa42ead.bin.gz,,,
bluesky,c4feade76841529d6574a1f0,content,saved,200,11,2026-10-09T03:10:18.387694+00:00,2026-10-09T03:10:19.238401+00:00,ff620ad62f8de5fbc1a439d6cfe08cd5bd3583d045bd998ffd8458857a70248a,work_packages/M1_source_access/27_newspaper_context_recovery_20261008/social_public_api/continuations/20261009_public_native_expansion/worker/raw/c4feade76841529d6574a1f0.bin.gz,,,
lemmy_nz,c50811d49482d16e2a2619ce,content,saved,200,143092,2026-10-09T04:12:55.130797+00:00,2026-10-09T04:12:56.540726+00:00,a644a7736f560b968d818020fe7e99a82f4df38ef4b5391ee428280a643f6c40,work_packages/M1_source_access/27_newspaper_context_recovery_20261008/social_public_api/continuations/20261009_public_native_expansion/worker/raw/c50811d49482d16e2a2619ce.bin.gz,,,
se_sustainability,c531136b7830d7ede6d97e86,content,saved,200,208080,2026-10-09T03:08:13.903337+00:00,2026-10-09T03:08:15.165399+00:00,d385b6a5068a1fb29f37e5605d1f6f8dcf494648b0771f83ef783e693ce9add5,work_packages/M1_source_access/27_newspaper_context_recovery_20261008/social_public_api/continuations/20261009_public_native_expansion/worker/raw/c531136b7830d7ede6d97e86.bin.gz,242,,
python_discourse,c54361d6d3d68e47c4325654,content,saved,200,186350,2026-10-09T02:55:01.014478+00:00,2026-10-09T02:55:04.089614+00:00,5ffa4c594c212b1695c86f24a1547b40761ae7cc5fd0814ec3a84817b24e75ca,work_packages/M1_source_access/27_newspaper_context_recovery_20261008/social_public_api/continuations/20261009_public_native_expansion/worker/raw/c54361d6d3d68e47c4325654.bin.gz,,,
se_earthscience,c59044b74607edc2087924b5,content,saved,200,132829,2026-10-09T02:58:36.379870+00:00,2026-10-09T02:58:37.412063+00:00,743fb9a4a89ca71804293389629058f46d34a1bbb44f793679e1c39c3b60a51f,work_packages/M1_source_access/27_newspaper_context_recovery_20261008/social_public_api/continuations/20261009_public_native_expansion/worker/raw/c59044b74607edc2087924b5.bin.gz,249,,
bluesky,c5c3ce1cd90c6b7791f1805b,content,saved,200,11,2026-10-09T03:17:00.987053+00:00,2026-10-09T03:17:01.892833+00:00,ff620ad62f8de5fbc1a439d6cfe08cd5bd3583d045bd998ffd8458857a70248a,work_packages/M1_source_access/27_newspaper_context_recovery_20261008/social_public_api/continuations/20261009_public_native_expansion/worker/raw/c5c3ce1cd90c6b7791f1805b.bin.gz,,,
mastodon_us,c5f93024fe0b26f68e909581,content,saved,200,149083,2026-10-09T04:10:51.767754+00:00,2026-10-09T04:10:53.816783+00:00,a4164b91f5486e499b5da26d813f020978ac4acb1525999d02a4b5b9a92107cc,work_packages/M1_source_access/27_newspaper_context_recovery_20261008/social_public_api/continuations/20261009_public_native_expansion/worker/raw/c5f93024fe0b26f68e909581.bin.gz,,,
bluesky,c5fe66862adda5cb51fd8de3,content,saved,200,569330,2026-10-09T03:22:27.438583+00:00,2026-10-09T03:22:28.727089+00:00,a811ed9df8085140c0eb101c2c40b4401f5a3f48f4e2bdf6e8cf11fcbdb14102,work_packages/M1_source_access/27_newspaper_context_recovery_20261008/social_public_api/continuations/20261009_public_native_expansion/worker/raw/c5fe66862adda5cb51fd8de3.bin.gz,,,
mastodon_uk,c62c078d80f3cbc7d2274242,content,saved,200,137457,2026-10-09T03:26:30.301819+00:00,2026-10-09T03:26:34.134953+00:00,1400629a637b667ee251bede3c0f0771382d55b122b093d0af3564dd62e7a62a,work_packages/M1_source_access/27_newspaper_context_recovery_20261008/social_public_api/continuations/20261009_public_native_expansion/worker/raw/c62c078d80f3cbc7d2274242.bin.gz,,,
midwest_social,c6a9183700fe96642e253bd1,content,transport_stop,,,2026-10-09T03:52:49.118743+00:00,,,,,,TimeoutError: The read operation timed out
mastodon_au,c6b5ea170770a8ab5232e08c,content,saved,200,138700,2026-10-09T02:58:14.135309+00:00,2026-10-09T02:58:18.473921+00:00,911f750fab762e524c06a56e0308d3cf645f17a1b8c5b3f8707ea29942821daf,work_packages/M1_source_access/27_newspaper_context_recovery_20261008/social_public_api/continuations/20261009_public_native_expansion/worker/raw/c6b5ea170770a8ab5232e08c.bin.gz,,,
bluesky,c70210a5e211e7c88a9a6a89,content,saved,200,11,2026-10-09T03:04:51.776368+00:00,2026-10-09T03:04:53.011709+00:00,ff620ad62f8de5fbc1a439d6cfe08cd5bd3583d045bd998ffd8458857a70248a,work_packages/M1_source_access/27_newspaper_context_recovery_20261008/social_public_api/continuations/20261009_public_native_expansion/worker/raw/c70210a5e211e7c88a9a6a89.bin.gz,,,
bluesky,c7371de42f649ca8827b03c8,content,saved,200,11,2026-10-09T03:10:07.561058+00:00,2026-10-09T03:10:08.413170+00:00,ff620ad62f8de5fbc1a439d6cfe08cd5bd3583d045bd998ffd8458857a70248a,work_packages/M1_source_access/27_newspaper_context_recovery_20261008/social_public_api/continuations/20261009_public_native_expansion/worker/raw/c7371de42f649ca8827b03c8.bin.gz,,,
se_sustainability,c770d354a17b2a5941937015,content,saved,200,77175,2026-10-09T04:17:20.263404+00:00,2026-10-09T04:17:22.251417+00:00,a9ca12c144c1f087761b38ff9488a2962f36338a01a389c4a874aa85fcbe7fc0,work_packages/M1_source_access/27_newspaper_context_recovery_20261008/social_public_api/continuations/20261009_public_native_expansion/worker/raw/c770d354a17b2a5941937015.bin.gz,200,,
mastodon_au,c8086db664bba9df642367fb,content,saved,200,155016,2026-10-09T02:55:18.625223+00:00,2026-10-09T02:55:20.283269+00:00,fa308ac50d79f9739bd7b6699aec59d306f58b551b55de8d9b4d0a25bbdfd212,work_packages/M1_source_access/27_newspaper_context_recovery_20261008/social_public_api/continuations/20261009_public_native_expansion/worker/raw/c8086db664bba9df642367fb.bin.gz,,,
aussie_zone,c95ce15e7b8a9412b3d56d58,content,saved,200,163025,2026-10-09T04:00:46.772343+00:00,2026-10-09T04:00:51.067516+00:00,b336999c9d7512fa377613eafe1adee0251dc2b6adc1a1397abc6780db29b3f0,work_packages/M1_source_access/27_newspaper_context_recovery_20261008/social_public_api/continuations/20261009_public_native_expansion/worker/raw/c95ce15e7b8a9412b3d56d58.bin.gz,,,
python_discourse,c9da0c817e644502d89b6ce2,content,saved,200,46394,2026-10-09T03:25:22.915221+00:00,2026-10-09T03:25:25.240961+00:00,220a09bbfde58a02174f2853bd66b8f4c30de5ae6f65e8c54cb58ab6be85e788,work_packages/M1_source_access/27_newspaper_context_recovery_20261008/social_public_api/continuations/20261009_public_native_expansion/worker/raw/c9da0c817e644502d89b6ce2.bin.gz,,,
straight_dope,c9ebbb45cb6dc958f2209a04,content,saved,200,28551,2026-10-09T03:34:09.216118+00:00,2026-10-09T03:34:11.375802+00:00,575e88de055f5c4af463269bdd00ea990b648f180f28c5cdb2f279cfe82cbf60,work_packages/M1_source_access/27_newspaper_context_recovery_20261008/social_public_api/continuations/20261009_public_native_expansion/worker/raw/c9ebbb45cb6dc958f2209a04.bin.gz,,,
bluesky,c9f43d2e5afa8ef27102e9f5,content,saved,200,542296,2026-10-09T04:09:25.382517+00:00,2026-10-09T04:09:27.800481+00:00,4bf95934baf2bd376979f584d997c8e357cc97aab7db14073bc1a7c8dfb65254,work_packages/M1_source_access/27_newspaper_context_recovery_20261008/social_public_api/continuations/20261009_public_native_expansion/worker/raw/c9f43d2e5afa8ef27102e9f5.bin.gz,,,
python_discourse,ca0a03380494ffa1be42698b,content,saved,200,102010,2026-10-09T02:57:58.548274+00:00,2026-10-09T02:58:00.930943+00:00,180a1cfe2161c5b9676691402d41f8e6d29bbe49e249f61efc1c333d40c4c7c5,work_packages/M1_source_access/27_newspaper_context_recovery_20261008/social_public_api/continuations/20261009_public_native_expansion/worker/raw/ca0a03380494ffa1be42698b.bin.gz,,,
aussie_zone,ca3fbfa745e929e35c0f3b6f,content,saved,200,123057,2026-10-09T04:17:03.498798+00:00,2026-10-09T04:17:05.187549+00:00,449c7be542861b2704f954f1c2a08c9aaa5ff42ef689150dac82297f3ccdee11,work_packages/M1_source_access/27_newspaper_context_recovery_20261008/social_public_api/continuations/20261009_public_native_expansion/worker/raw/ca3fbfa745e929e35c0f3b6f.bin.gz,,,
mastodon_au,ca601389ad2ef0ce78262f42,content,saved,200,147680,2026-10-09T03:01:56.299339+00:00,2026-10-09T03:01:57.818101+00:00,f8e38323ed354daf28191891c81a9ebc97e3b2228ef6a605650924db5f075b43,work_packages/M1_source_access/27_newspaper_context_recovery_20261008/social_public_api/continuations/20261009_public_native_expansion/worker/raw/ca601389ad2ef0ce78262f42.bin.gz,,,
bluesky,cad1d828a5e97ca2d3d56031,content,saved,200,434208,2026-10-09T04:22:06.692769+00:00,2026-10-09T04:22:09.236436+00:00,dd0ff0f0f20854b967e9274e09d0bb4f4c346d909a5f398456d0f31ad3a94a60,work_packages/M1_source_access/27_newspaper_context_recovery_20261008/social_public_api/continuations/20261009_public_native_expansion/worker/raw/cad1d828a5e97ca2d3d56031.bin.gz,,,
mastodon_ie,cb4d4f6e2d5ae6920d443e85,content,saved,200,180184,2026-10-09T03:51:13.520289+00:00,2026-10-09T03:51:17.444107+00:00,8a372b63a03a8feb9eb298a2fe22e1129194049da8cf4c3c45a6ef12a54b11f2,work_packages/M1_source_access/27_newspaper_context_recovery_20261008/social_public_api/continuations/20261009_public_native_expansion/worker/raw/cb4d4f6e2d5ae6920d443e85.bin.gz,,,
lemmy_nz,cb557316bb0f789ac5c67314,content,saved,200,148384,2026-10-09T04:06:10.251864+00:00,2026-10-09T04:06:12.171622+00:00,167283206af9c87686fd8e2bde15c109c9e17a51525749ae5cb0213ea775eabf,work_packages/M1_source_access/27_newspaper_context_recovery_20261008/social_public_api/continuations/20261009_public_native_expansion/worker/raw/cb557316bb0f789ac5c67314.bin.gz,,,
bluesky,cb5badabb96099aefe766bba,content,saved,200,11,2026-10-09T03:17:28.233579+00:00,2026-10-09T03:17:29.097442+00:00,ff620ad62f8de5fbc1a439d6cfe08cd5bd3583d045bd998ffd8458857a70248a,work_packages/M1_source_access/27_newspaper_context_recovery_20261008/social_public_api/continuations/20261009_public_native_expansion/worker/raw/cb5badabb96099aefe766bba.bin.gz,,,
se_earthscience,ccb3d5d6da9d2e0f6a7cb005,content,saved,200,85702,2026-10-09T03:55:13.021348+00:00,2026-10-09T03:55:14.611019+00:00,37c5ed3718b35ab5fadaa0539c5dd1928c019e4325db5f6beb6971f1e1e7ad96,work_packages/M1_source_access/27_newspaper_context_recovery_20261008/social_public_api/continuations/20261009_public_native_expansion/worker/raw/ccb3d5d6da9d2e0f6a7cb005.bin.gz,221,,
osm_discourse,ccb81e4e687ba69c8b440f1e,content,saved,200,32896,2026-10-09T03:25:18.200313+00:00,2026-10-09T03:25:20.701523+00:00,f93124385acc640a34f2ec8a8bdb34bc07c57f6ecb047da146cc549e77c191a9,work_packages/M1_source_access/27_newspaper_context_recovery_20261008/social_public_api/continuations/20261009_public_native_expansion/worker/raw/ccb81e4e687ba69c8b440f1e.bin.gz,,,
bluesky,cced5d6685a483454d34bbc8,content,saved,200,11,2026-10-09T03:10:30.077491+00:00,2026-10-09T03:10:31.380615+00:00,ff620ad62f8de5fbc1a439d6cfe08cd5bd3583d045bd998ffd8458857a70248a,work_packages/M1_source_access/27_newspaper_context_recovery_20261008/social_public_api/continuations/20261009_public_native_expansion/worker/raw/cced5d6685a483454d34bbc8.bin.gz,,,
bluesky,ccfdd2f50b8ca3ff8fe3aae8,content,saved,200,466772,2026-10-09T03:55:57.758183+00:00,2026-10-09T03:56:00.085072+00:00,116a40c9552ff2fbb816b9eab774bb221e20b484a3be6c4b24bbd1d815ec6a2b,work_packages/M1_source_access/27_newspaper_context_recovery_20261008/social_public_api/continuations/20261009_public_native_expansion/worker/raw/ccfdd2f50b8ca3ff8fe3aae8.bin.gz,,,
lemmy_nz,cd48794d36f54d6e5c941f80,content,saved,200,147891,2026-10-09T04:08:04.008822+00:00,2026-10-09T04:08:05.896474+00:00,2209f4872f4ab46455e4f1318a3f5b1cc782bdc9d9622b5f108ac37761e23053,work_packages/M1_source_access/27_newspaper_context_recovery_20261008/social_public_api/continuations/20261009_public_native_expansion/worker/raw/cd48794d36f54d6e5c941f80.bin.gz,,,
mastodon_au,ce4b50233b407bc292f14a70,content,saved,200,173761,2026-10-09T04:15:48.946700+00:00,2026-10-09T04:15:51.075187+00:00,19377e1bb42368fc667f34db79a8539085649031bbfb4d8d2bf50dbfb593181d,work_packages/M1_source_access/27_newspaper_context_recovery_20261008/social_public_api/continuations/20261009_public_native_expansion/worker/raw/ce4b50233b407bc292f14a70.bin.gz,,,
bluesky,ceb27aac78292be618e34480,content,saved,200,11,2026-10-09T03:34:00.697427+00:00,2026-10-09T03:34:02.207311+00:00,ff620ad62f8de5fbc1a439d6cfe08cd5bd3583d045bd998ffd8458857a70248a,work_packages/M1_source_access/27_newspaper_context_recovery_20261008/social_public_api/continuations/20261009_public_native_expansion/worker/raw/ceb27aac78292be618e34480.bin.gz,,,
bluesky,cf5533975ef0f6d9226a6aaa,content,saved,200,540609,2026-10-09T03:30:09.040772+00:00,2026-10-09T03:30:11.270744+00:00,ea0678db2db2d853ddc24f2fe298b150c5928197adfaa6cb027a01d68c14ca58,work_packages/M1_source_access/27_newspaper_context_recovery_20261008/social_public_api/continuations/20261009_public_native_expansion/worker/raw/cf5533975ef0f6d9226a6aaa.bin.gz,,,
mastodon_uk,cf59c23bdf5ee9bf1e09e495,content,saved,200,130173,2026-10-09T02:55:42.201286+00:00,2026-10-09T02:55:45.929141+00:00,7ef0f5e20766078a7c0bcc929e33f8a49a2b2db855a860e07966405fce370489,work_packages/M1_source_access/27_newspaper_context_recovery_20261008/social_public_api/continuations/20261009_public_native_expansion/worker/raw/cf59c23bdf5ee9bf1e09e495.bin.gz,,,
midwest_social,cf84e07a32fd83bc27071216,content,saved,200,117175,2026-10-09T03:56:56.856105+00:00,2026-10-09T03:57:08.243698+00:00,0d44c23ce6919c96ec736a358a239a6325e667ff4b2eb2dbe991bbcaf0b23d80,work_packages/M1_source_access/27_newspaper_context_recovery_20261008/social_public_api/continuations/20261009_public_native_expansion/worker/raw/cf84e07a32fd83bc27071216.bin.gz,,,
aussie_zone,cf8cc9203cfcd26d7026fb79,content,saved,200,154635,2026-10-09T04:08:17.653119+00:00,2026-10-09T04:08:21.663352+00:00,31bf836db10b612dbadcb8067c22f78659e6fef854367187379bca6e9d1773c1,work_packages/M1_source_access/27_newspaper_context_recovery_20261008/social_public_api/continuations/20261009_public_native_expansion/worker/raw/cf8cc9203cfcd26d7026fb79.bin.gz,,,
bluesky,cff654d84d70041a02b70f73,content,saved,200,731073,2026-10-09T03:22:20.887876+00:00,2026-10-09T03:22:22.716951+00:00,cddf54b183d82497dfdc084ceac8f5f93fac0dd7fd9b5a4acd7aa4e45a64f336,work_packages/M1_source_access/27_newspaper_context_recovery_20261008/social_public_api/continuations/20261009_public_native_expansion/worker/raw/cff654d84d70041a02b70f73.bin.gz,,,
lemmy_nz,d00ac9ad787a78e4ffd4bfd1,content,saved,200,143244,2026-10-09T04:14:54.626967+00:00,2026-10-09T04:14:56.573769+00:00,2bdd94fd64e726ac5f26e3f356a425f4b2bb06056330400864ea3640b021a69f,work_packages/M1_source_access/27_newspaper_context_recovery_20261008/social_public_api/continuations/20261009_public_native_expansion/worker/raw/d00ac9ad787a78e4ffd4bfd1.bin.gz,,,
mastodon_au,d07afdfb6eb68a36ef04ac36,content,saved,200,143934,2026-10-09T03:46:25.772507+00:00,2026-10-09T03:46:27.038375+00:00,b9c2133247b4d6ab7980c6d1d9ed596375b9fa0a4d7509ee746c66ec707e718b,work_packages/M1_source_access/27_newspaper_context_recovery_20261008/social_public_api/continuations/20261009_public_native_expansion/worker/raw/d07afdfb6eb68a36ef04ac36.bin.gz,,,
bluesky,d0c377ccc3be877ea6a28a69,content,saved,200,11,2026-10-09T03:16:42.223483+00:00,2026-10-09T03:16:43.458580+00:00,ff620ad62f8de5fbc1a439d6cfe08cd5bd3583d045bd998ffd8458857a70248a,work_packages/M1_source_access/27_newspaper_context_recovery_20261008/social_public_api/continuations/20261009_public_native_expansion/worker/raw/d0c377ccc3be877ea6a28a69.bin.gz,,,
se_earthscience,d157ff47009d8982857762e5,content,saved,200,54256,2026-10-09T03:57:14.781251+00:00,2026-10-09T03:57:16.357619+00:00,e9fec70364825bbceb67e0a7b6a1d7b19d6ef6b38fba226a173452586e3cf626,work_packages/M1_source_access/27_newspaper_context_recovery_20261008/social_public_api/continuations/20261009_public_native_expansion/worker/raw/d157ff47009d8982857762e5.bin.gz,219,,
bluesky,d18b664a2bb422bc0b5cd3e2,content,saved,200,596703,2026-10-09T03:52:20.468616+00:00,2026-10-09T03:52:22.770149+00:00,e59297e4548f93fc6ae155e89fd8881be7e565c6b71c6d180a2a0298178688e0,work_packages/M1_source_access/27_newspaper_context_recovery_20261008/social_public_api/continuations/20261009_public_native_expansion/worker/raw/d18b664a2bb422bc0b5cd3e2.bin.gz,,,
bluesky,d19025bdbf0bd8ddb707937b,content,saved,200,11,2026-10-09T03:16:57.866098+00:00,2026-10-09T03:16:58.730091+00:00,ff620ad62f8de5fbc1a439d6cfe08cd5bd3583d045bd998ffd8458857a70248a,work_packages/M1_source_access/27_newspaper_context_recovery_20261008/social_public_api/continuations/20261009_public_native_expansion/worker/raw/d19025bdbf0bd8ddb707937b.bin.gz,,,
bluesky,d1a37629897b4b6cb7ac58d7,content,saved,200,488269,2026-10-09T03:29:00.668224+00:00,2026-10-09T03:29:02.932270+00:00,25fd6953bf75880603794bcd44111127f6f13456cdc08ace0ed4e01f451b72a9,work_packages/M1_source_access/27_newspaper_context_recovery_20261008/social_public_api/continuations/20261009_public_native_expansion/worker/raw/d1a37629897b4b6cb7ac58d7.bin.gz,,,
bluesky,d1a5fe67163823b6488e001c,content,saved,200,11,2026-10-09T03:28:56.617967+00:00,2026-10-09T03:28:58.256305+00:00,ff620ad62f8de5fbc1a439d6cfe08cd5bd3583d045bd998ffd8458857a70248a,work_packages/M1_source_access/27_newspaper_context_recovery_20261008/social_public_api/continuations/20261009_public_native_expansion/worker/raw/d1a5fe67163823b6488e001c.bin.gz,,,
bluesky,d1c9776afb15e26cacfdd6f3,content,saved,200,11,2026-10-09T03:22:52.141658+00:00,2026-10-09T03:22:53.066651+00:00,ff620ad62f8de5fbc1a439d6cfe08cd5bd3583d045bd998ffd8458857a70248a,work_packages/M1_source_access/27_newspaper_context_recovery_20261008/social_public_api/continuations/20261009_public_native_expansion/worker/raw/d1c9776afb15e26cacfdd6f3.bin.gz,,,
bluesky,d2071123694ae2920899518f,content,saved,200,421026,2026-10-09T04:14:16.912138+00:00,2026-10-09T04:14:19.323211+00:00,026ba1e33fa3534ea01b4d16d964c1c60235b84fb9414a1112dbdd7dddc85a35,work_packages/M1_source_access/27_newspaper_context_recovery_20261008/social_public_api/continuations/20261009_public_native_expansion/worker/raw/d2071123694ae2920899518f.bin.gz,,,
python_discourse,d25dd2fe10c5cf4abd4b7c97,content,saved,200,169493,2026-10-09T04:03:37.843361+00:00,2026-10-09T04:03:40.482862+00:00,813d7140910052e2326c98279636f602b0d7ff7d0e6082b727e8d68f2798f1a4,work_packages/M1_source_access/27_newspaper_context_recovery_20261008/social_public_api/continuations/20261009_public_native_expansion/worker/raw/d25dd2fe10c5cf4abd4b7c97.bin.gz,,,
bluesky,d26cdb31e69900b7734770bf,content,saved,200,11,2026-10-09T03:22:46.823178+00:00,2026-10-09T03:22:47.743475+00:00,ff620ad62f8de5fbc1a439d6cfe08cd5bd3583d045bd998ffd8458857a70248a,work_packages/M1_source_access/27_newspaper_context_recovery_20261008/social_public_api/continuations/20261009_public_native_expansion/worker/raw/d26cdb31e69900b7734770bf.bin.gz,,,
bluesky,d2c4c073c360bfb98a391f74,content,saved,200,618323,2026-10-09T04:14:23.081336+00:00,2026-10-09T04:14:25.585521+00:00,cb0710e5e2fdb360254db97d25da127623b788e760ec34ef8669dbb0d048b165,work_packages/M1_source_access/27_newspaper_context_recovery_20261008/social_public_api/continuations/20261009_public_native_expansion/worker/raw/d2c4c073c360bfb98a391f74.bin.gz,,,
bluesky,d3277446d3ca7b4dbefa6a7c,content,saved,200,565757,2026-10-09T04:09:50.559396+00:00,2026-10-09T04:09:52.417130+00:00,39ad0e914be72f554f69af8cb75fccaf9edcb821bab33c8dac2e7e52811cc6e1,work_packages/M1_source_access/27_newspaper_context_recovery_20261008/social_public_api/continuations/20261009_public_native_expansion/worker/raw/d3277446d3ca7b4dbefa6a7c.bin.gz,,,
mastodon_au,d358adef3b48e05c3c45b73d,content,saved,200,131138,2026-10-09T03:28:36.472882+00:00,2026-10-09T03:28:38.159433+00:00,68040e32405ecc90c2559163aed494c1f303cd73d1ba0c69e2c836cd1589b912,work_packages/M1_source_access/27_newspaper_context_recovery_20261008/social_public_api/continuations/20261009_public_native_expansion/worker/raw/d358adef3b48e05c3c45b73d.bin.gz,,,
bluesky,d3b63dcc44d9506b59f0fa22,content,saved,200,11,2026-10-09T03:04:33.575988+00:00,2026-10-09T03:04:35.100510+00:00,ff620ad62f8de5fbc1a439d6cfe08cd5bd3583d045bd998ffd8458857a70248a,work_packages/M1_source_access/27_newspaper_context_recovery_20261008/social_public_api/continuations/20261009_public_native_expansion/worker/raw/d3b63dcc44d9506b59f0fa22.bin.gz,,,
bluesky,d40a8a7562a04285c01ec4c8,content,saved,200,11,2026-10-09T03:20:41.948212+00:00,2026-10-09T03:20:43.219496+00:00,ff620ad62f8de5fbc1a439d6cfe08cd5bd3583d045bd998ffd8458857a70248a,work_packages/M1_source_access/27_newspaper_context_recovery_20261008/social_public_api/continuations/20261009_public_native_expansion/worker/raw/d40a8a7562a04285c01ec4c8.bin.gz,,,
bluesky,d45818ee946f5340ff20b841,content,saved,200,11,2026-10-09T03:14:36.502889+00:00,2026-10-09T03:14:37.870861+00:00,ff620ad62f8de5fbc1a439d6cfe08cd5bd3583d045bd998ffd8458857a70248a,work_packages/M1_source_access/27_newspaper_context_recovery_20261008/social_public_api/continuations/20261009_public_native_expansion/worker/raw/d45818ee946f5340ff20b841.bin.gz,,,
bluesky,d4613b3deb9d4b7159444873,content,saved,200,11,2026-10-09T03:15:53.989337+00:00,2026-10-09T03:15:55.267411+00:00,ff620ad62f8de5fbc1a439d6cfe08cd5bd3583d045bd998ffd8458857a70248a,work_packages/M1_source_access/27_newspaper_context_recovery_20261008/social_public_api/continuations/20261009_public_native_expansion/worker/raw/d4613b3deb9d4b7159444873.bin.gz,,,
monzo_uk,d521a501c7550f00033753ca,policy,saved,200,66760,2026-10-09T03:09:08.556800+00:00,2026-10-09T03:09:11.355524+00:00,e7c1402fcd02c7f0cf39a0abaf44044367023df7e905b6e4e77bc69c55a8465c,work_packages/M1_source_access/27_newspaper_context_recovery_20261008/social_public_api/continuations/20261009_public_native_expansion/worker/raw/d521a501c7550f00033753ca.bin.gz,,,
bluesky,d54f58baaace1ba127883612,content,saved,200,11,2026-10-09T03:03:42.136452+00:00,2026-10-09T03:03:42.980321+00:00,ff620ad62f8de5fbc1a439d6cfe08cd5bd3583d045bd998ffd8458857a70248a,work_packages/M1_source_access/27_newspaper_context_recovery_20261008/social_public_api/continuations/20261009_public_native_expansion/worker/raw/d54f58baaace1ba127883612.bin.gz,,,
bluesky,d56c5ce3fb3cba21094f87de,content,saved,200,11,2026-10-09T03:17:18.713299+00:00,2026-10-09T03:17:19.633132+00:00,ff620ad62f8de5fbc1a439d6cfe08cd5bd3583d045bd998ffd8458857a70248a,work_packages/M1_source_access/27_newspaper_context_recovery_20261008/social_public_api/continuations/20261009_public_native_expansion/worker/raw/d56c5ce3fb3cba21094f87de.bin.gz,,,
mastodon_us,d57e51f1c24e3b3346899b86,content,saved,200,146449,2026-10-09T04:05:14.276655+00:00,2026-10-09T04:05:16.923500+00:00,21d03561b030482dc561ff392a91cab57bcb37dae92c2ea811b56b5d5b0b5e83,work_packages/M1_source_access/27_newspaper_context_recovery_20261008/social_public_api/continuations/20261009_public_native_expansion/worker/raw/d57e51f1c24e3b3346899b86.bin.gz,,,
lemmy_nz,d58ab71d5dc9e16ad878b866,content,saved,200,192939,2026-10-09T04:22:48.532487+00:00,2026-10-09T04:22:50.812281+00:00,c9ab12c365b0e184eb0760f5c9de1a2e86fee71f5f4e199b659b6cc96ec02882,work_packages/M1_source_access/27_newspaper_context_recovery_20261008/social_public_api/continuations/20261009_public_native_expansion/worker/raw/d58ab71d5dc9e16ad878b866.bin.gz,,,
bluesky,d5bb1fcc13064dee23c7dc66,content,saved,200,560397,2026-10-09T03:51:56.216703+00:00,2026-10-09T03:51:58.530441+00:00,6fb1918aee8df865ea2bc7debc8fbcc2801f36d34bd9761955f11c20dba70b01,work_packages/M1_source_access/27_newspaper_context_recovery_20261008/social_public_api/continuations/20261009_public_native_expansion/worker/raw/d5bb1fcc13064dee23c7dc66.bin.gz,,,
bluesky,d5e6f2ae044e79beebc7d0b4,content,saved,200,488151,2026-10-09T03:23:49.476659+00:00,2026-10-09T03:23:50.949849+00:00,8c9eceb10097c7f92ad6f8f74a513097f57cab660c8a4e56b95e89d18d5ba048,work_packages/M1_source_access/27_newspaper_context_recovery_20261008/social_public_api/continuations/20261009_public_native_expansion/worker/raw/d5e6f2ae044e79beebc7d0b4.bin.gz,,,
lemmy_nz,d64aaa6f31cbca084dbf1844,content,saved,200,147345,2026-10-09T04:16:53.247902+00:00,2026-10-09T04:16:55.225040+00:00,0e59968a767b4b2146a71f2eb0a0986b332effd807b4c27e152551d7218cb1cd,work_packages/M1_source_access/27_newspaper_context_recovery_20261008/social_public_api/continuations/20261009_public_native_expansion/worker/raw/d64aaa6f31cbca084dbf1844.bin.gz,,,
bluesky,d728bfb80a808bf14ba5de16,content,saved,200,439000,2026-10-09T04:02:03.704205+00:00,2026-10-09T04:02:05.998267+00:00,83db6aaacc390e7789f02a1235a484da5bf8de5c257b45f2f4c5e78fb1693b73,work_packages/M1_source_access/27_newspaper_context_recovery_20261008/social_public_api/continuations/20261009_public_native_expansion/worker/raw/d728bfb80a808bf14ba5de16.bin.gz,,,
bluesky,d7409263912fe8a1340245bc,content,saved,200,10729,2026-10-09T03:03:38.582156+00:00,2026-10-09T03:03:39.879211+00:00,72fb02333424c75a15d9f879d3cc4e36d5eb96eb24a9d958f09f683b7ec5540d,work_packages/M1_source_access/27_newspaper_context_recovery_20261008/social_public_api/continuations/20261009_public_native_expansion/worker/raw/d7409263912fe8a1340245bc.bin.gz,,,
bluesky,d7a517af0876437a17579214,content,saved,200,558625,2026-10-09T04:22:27.747576+00:00,2026-10-09T04:22:30.119575+00:00,431a415995ebf418deb68493ab21ebb319f8cee01ac1242e52607d47ce508f05,work_packages/M1_source_access/27_newspaper_context_recovery_20261008/social_public_api/continuations/20261009_public_native_expansion/worker/raw/d7a517af0876437a17579214.bin.gz,,,
osm_discourse,d896641a0b33a4d327e1693b,content,saved,200,63068,2026-10-09T03:26:49.509028+00:00,2026-10-09T03:26:52.262052+00:00,9fe836044212a73de9be9ffc4d96459ea115d15242b497880ab9ce8ad748521a,work_packages/M1_source_access/27_newspaper_context_recovery_20261008/social_public_api/continuations/20261009_public_native_expansion/worker/raw/d896641a0b33a4d327e1693b.bin.gz,,,
bluesky,d92e027be3a08ca116a6f8fe,content,saved,200,584667,2026-10-09T03:56:22.245396+00:00,2026-10-09T03:56:24.112924+00:00,fed193b8f9851a3c20b272ef05297c4514106f55ed1a7894d5848ac2d7edf8bd,work_packages/M1_source_access/27_newspaper_context_recovery_20261008/social_public_api/continuations/20261009_public_native_expansion/worker/raw/d92e027be3a08ca116a6f8fe.bin.gz,,,
aussie_zone,d949d25d480cc94d3fa8c6c0,content,saved,200,102029,2026-10-09T03:50:02.696679+00:00,2026-10-09T03:50:06.967121+00:00,75352e4f6804e03a4e47a2af1cd60e37cce230cbeb89d50f1e6bcb9ff27d3bb7,work_packages/M1_source_access/27_newspaper_context_recovery_20261008/social_public_api/continuations/20261009_public_native_expansion/worker/raw/d949d25d480cc94d3fa8c6c0.bin.gz,,,
straight_dope,d9db7605787ecae201ffe6ef,content,saved,200,29508,2026-10-09T04:03:26.251667+00:00,2026-10-09T04:03:28.074559+00:00,19dff98ef7420a49f027855ec61df4c7feceb0a506ecc508a6681da03da984a6,work_packages/M1_source_access/27_newspaper_context_recovery_20261008/social_public_api/continuations/20261009_public_native_expansion/worker/raw/d9db7605787ecae201ffe6ef.bin.gz,,,
python_discourse,d9f6669dda0aaa6e1b4897f7,content,saved,200,46273,2026-10-09T03:46:12.676238+00:00,2026-10-09T03:46:14.624695+00:00,b027d26a599a07042503c36b2c2e4b14ed84f9790ce142a130d1b598818eba6f,work_packages/M1_source_access/27_newspaper_context_recovery_20261008/social_public_api/continuations/20261009_public_native_expansion/worker/raw/d9f6669dda0aaa6e1b4897f7.bin.gz,,,
straight_dope,da6a8ad325b57c307d99cae7,content,saved,200,28082,2026-10-09T04:10:56.676431+00:00,2026-10-09T04:10:58.411503+00:00,2cdbedfd33a862767bf549d7e2248bf8f0e550ffd66b0351a3ab96095eab8b4a,work_packages/M1_source_access/27_newspaper_context_recovery_20261008/social_public_api/continuations/20261009_public_native_expansion/worker/raw/da6a8ad325b57c307d99cae7.bin.gz,,,
bluesky,db58b071548e7b092e45a3f4,content,saved,200,550401,2026-10-09T03:46:43.778553+00:00,2026-10-09T03:46:45.612480+00:00,59bcd12b62b7190e586a4e8a6ed783df4bf2d235770e06aca2c0001c582e8576,work_packages/M1_source_access/27_newspaper_context_recovery_20261008/social_public_api/continuations/20261009_public_native_expansion/worker/raw/db58b071548e7b092e45a3f4.bin.gz,,,
mastodon_uk,db7012971b6724bd6e7d9d5e,content,saved,200,143515,2026-10-09T03:21:36.756198+00:00,2026-10-09T03:21:40.390021+00:00,c8537c2936a19ba47a0530d0b441c829f5c606973673cb3dd95e0642fddab35d,work_packages/M1_source_access/27_newspaper_context_recovery_20261008/social_public_api/continuations/20261009_public_native_expansion/worker/raw/db7012971b6724bd6e7d9d5e.bin.gz,,,
bluesky,db72436fd8a6af532701713b,source_metadata,saved,200,39352,2026-10-09T02:59:09.243601+00:00,2026-10-09T02:59:10.789543+00:00,97013d4f80c2139d1519e9004cc7183a716ec657aa400d2363c0e8dffe8ca976,work_packages/M1_source_access/27_newspaper_context_recovery_20261008/social_public_api/continuations/20261009_public_native_expansion/worker/raw/db72436fd8a6af532701713b.bin.gz,,,
mastodon_ie,dc1266edd8f7f7f6159a6a37,content,saved,200,180793,2026-10-09T03:23:02.128169+00:00,2026-10-09T03:23:05.196108+00:00,6ea6222910128e367eb28ddd6f38cd4f73e6c717c27d25ff45b4996027395920,work_packages/M1_source_access/27_newspaper_context_recovery_20261008/social_public_api/continuations/20261009_public_native_expansion/worker/raw/dc1266edd8f7f7f6159a6a37.bin.gz,,,
bluesky,dc1893403b3397bbee217719,content,saved,200,11,2026-10-09T03:16:05.364536+00:00,2026-10-09T03:16:06.252292+00:00,ff620ad62f8de5fbc1a439d6cfe08cd5bd3583d045bd998ffd8458857a70248a,work_packages/M1_source_access/27_newspaper_context_recovery_20261008/social_public_api/continuations/20261009_public_native_expansion/worker/raw/dc1893403b3397bbee217719.bin.gz,,,
python_discourse,dc46efc78e904c3ca9eba6f5,content,saved,200,2895,2026-10-09T04:27:06.648139+00:00,2026-10-09T04:27:08.573771+00:00,65f8d1c0449f795f4b278851a4c0b89e9c8a74c35c782515bc2d3b7dd55434bf,work_packages/M1_source_access/27_newspaper_context_recovery_20261008/social_public_api/continuations/20261009_public_native_expansion/worker/raw/dc46efc78e904c3ca9eba6f5.bin.gz,,,
bluesky,dc79239768690dd1953f4532,content,saved,200,11,2026-10-09T03:17:08.934404+00:00,2026-10-09T03:17:10.244037+00:00,ff620ad62f8de5fbc1a439d6cfe08cd5bd3583d045bd998ffd8458857a70248a,work_packages/M1_source_access/27_newspaper_context_recovery_20261008/social_public_api/continuations/20261009_public_native_expansion/worker/raw/dc79239768690dd1953f4532.bin.gz,,,
straight_dope,dcf56011318e9a167ac410ed,content,saved,200,28229,2026-10-09T03:29:21.406544+00:00,2026-10-09T03:29:23.430783+00:00,3de0f1d417fa5165c4b89bc4abaece162fe5e1f6e1e7ddaa21739667c44ce574,work_packages/M1_source_access/27_newspaper_context_recovery_20261008/social_public_api/continuations/20261009_public_native_expansion/worker/raw/dcf56011318e9a167ac410ed.bin.gz,,,
se_earthscience,dd9a3af8bb3b6b542a898a74,content,saved,200,87913,2026-10-09T03:30:26.319217+00:00,2026-10-09T03:30:27.823744+00:00,488d83b0431bc97905475e49ce9ca61aab868e57f869495d39e6053e4007d758,work_packages/M1_source_access/27_newspaper_context_recovery_20261008/social_public_api/continuations/20261009_public_native_expansion/worker/raw/dd9a3af8bb3b6b542a898a74.bin.gz,230,,
mastodon_ie,ddc84896fe0d8670b9d2840a,content,saved,200,174450,2026-10-09T04:19:30.558799+00:00,2026-10-09T04:19:34.140548+00:00,6253ec7da1e1ee984b8625f49f95a30b7fd05886812dc9fe156f2320075ea846,work_packages/M1_source_access/27_newspaper_context_recovery_20261008/social_public_api/continuations/20261009_public_native_expansion/worker/raw/ddc84896fe0d8670b9d2840a.bin.gz,,,
mastodon_ie,ddd37118ffb36cc27e65a115,content,saved,200,170042,2026-10-09T04:10:34.971724+00:00,2026-10-09T04:10:38.654915+00:00,c7d8efb74a6660a88f32567673692358970d561b325544a020983e429193185a,work_packages/M1_source_access/27_newspaper_context_recovery_20261008/social_public_api/continuations/20261009_public_native_expansion/worker/raw/ddd37118ffb36cc27e65a115.bin.gz,,,
bluesky,ddfbcfcef822076166c05c53,content,saved,200,11,2026-10-09T03:09:54.852336+00:00,2026-10-09T03:09:56.364994+00:00,ff620ad62f8de5fbc1a439d6cfe08cd5bd3583d045bd998ffd8458857a70248a,work_packages/M1_source_access/27_newspaper_context_recovery_20261008/social_public_api/continuations/20261009_public_native_expansion/worker/raw/ddfbcfcef822076166c05c53.bin.gz,,,
bluesky,de7551edc1948b2fc25f299f,content,saved,200,657347,2026-10-09T03:27:44.925892+00:00,2026-10-09T03:27:47.256467+00:00,871c14684ee92c5d62e02fcf35d1292c4d1d2113c26f32eb0ccea4e05d804e28,work_packages/M1_source_access/27_newspaper_context_recovery_20261008/social_public_api/continuations/20261009_public_native_expansion/worker/raw/de7551edc1948b2fc25f299f.bin.gz,,,
mastodon_au,dee4190f383d5681c6bac660,content,saved,200,145327,2026-10-09T04:10:46.631910+00:00,2026-10-09T04:10:48.255494+00:00,83ce39d730831263170332af7d9030d05df56478bff8ef6f8b10ef4ff1f80463,work_packages/M1_source_access/27_newspaper_context_recovery_20261008/social_public_api/continuations/20261009_public_native_expansion/worker/raw/dee4190f383d5681c6bac660.bin.gz,,,
bluesky,dee45809e101c4c0b9d31056,content,saved,200,605281,2026-10-09T04:20:20.558220+00:00,2026-10-09T04:20:22.399105+00:00,2e9f26ca1e825cb09ec3edda861ab03a162d1a06d7b2d844146c47c7f0d377f3,work_packages/M1_source_access/27_newspaper_context_recovery_20261008/social_public_api/continuations/20261009_public_native_expansion/worker/raw/dee45809e101c4c0b9d31056.bin.gz,,,
mastodon_ie,df12f8e365e313d90a9ca414,content,saved,200,156970,2026-10-09T03:18:55.854998+00:00,2026-10-09T03:18:59.277581+00:00,3c0763764560a9ddea8ef8b9246c5254e8add8257a7f02e42a82df86c4cb791d,work_packages/M1_source_access/27_newspaper_context_recovery_20261008/social_public_api/continuations/20261009_public_native_expansion/worker/raw/df12f8e365e313d90a9ca414.bin.gz,,,
bluesky,df3f0e72fcae55763bff8b01,content,saved,200,11,2026-10-09T03:16:30.342439+00:00,2026-10-09T03:16:32.626797+00:00,ff620ad62f8de5fbc1a439d6cfe08cd5bd3583d045bd998ffd8458857a70248a,work_packages/M1_source_access/27_newspaper_context_recovery_20261008/social_public_api/continuations/20261009_public_native_expansion/worker/raw/df3f0e72fcae55763bff8b01.bin.gz,,,
se_earthscience,df45963ad274b4a77a94dbb1,content,saved,200,89246,2026-10-09T03:08:17.870276+00:00,2026-10-09T03:08:18.821315+00:00,2242e9a8e5ff1d133e5dbfe5bfe473660a27bf73819095d2fb063a929d90d774,work_packages/M1_source_access/27_newspaper_context_recovery_20261008/social_public_api/continuations/20261009_public_native_expansion/worker/raw/df45963ad274b4a77a94dbb1.bin.gz,241,,
python_discourse,df8ade55b5bd6ddf21d67dc8,content,saved,200,33132,2026-10-09T04:10:29.992916+00:00,2026-10-09T04:10:32.672991+00:00,8b85c4dcbe3638148bbc73cfe64b7cd99892f2707abd5465034ba5ba3f0f0f45,work_packages/M1_source_access/27_newspaper_context_recovery_20261008/social_public_api/continuations/20261009_public_native_expansion/worker/raw/df8ade55b5bd6ddf21d67dc8.bin.gz,,,
bluesky,dfa594dbbbaa08a990cfdf67,content,saved,200,11,2026-10-09T03:04:48.822138+00:00,2026-10-09T03:04:50.094458+00:00,ff620ad62f8de5fbc1a439d6cfe08cd5bd3583d045bd998ffd8458857a70248a,work_packages/M1_source_access/27_newspaper_context_recovery_20261008/social_public_api/continuations/20261009_public_native_expansion/worker/raw/dfa594dbbbaa08a990cfdf67.bin.gz,,,
bluesky,e05206cca12bd0436bdb7538,content,saved,200,687550,2026-10-09T03:33:50.364001+00:00,2026-10-09T03:33:52.869315+00:00,544e4b85c9d294ffe68bc39a27647603a532c41ba3e31c2bc302382df58dab13,work_packages/M1_source_access/27_newspaper_context_recovery_20261008/social_public_api/continuations/20261009_public_native_expansion/worker/raw/e05206cca12bd0436bdb7538.bin.gz,,,
bluesky,e065be2fdf5e6537bb5ebf9b,content,saved,200,615605,2026-10-09T04:22:17.602595+00:00,2026-10-09T04:22:19.740759+00:00,377bdf9f10156a74695ef2416a4dcd71e4a21cac3dc4957e0c343a7025ed8384,work_packages/M1_source_access/27_newspaper_context_recovery_20261008/social_public_api/continuations/20261009_public_native_expansion/worker/raw/e065be2fdf5e6537bb5ebf9b.bin.gz,,,
bluesky,e0ae752cf777921db7aa2d3a,content,saved,200,11,2026-10-09T03:20:47.730997+00:00,2026-10-09T03:20:48.596909+00:00,ff620ad62f8de5fbc1a439d6cfe08cd5bd3583d045bd998ffd8458857a70248a,work_packages/M1_source_access/27_newspaper_context_recovery_20261008/social_public_api/continuations/20261009_public_native_expansion/worker/raw/e0ae752cf777921db7aa2d3a.bin.gz,,,
python_discourse,e0dedd0fcb7d58a0e0ce69b4,content,saved,200,2430,2026-10-09T04:27:28.708219+00:00,2026-10-09T04:27:30.556202+00:00,d3f30a9cb44b1a7f2aa4fc88a3b6234e979a30e78c22226039f70d4aa91dc099,work_packages/M1_source_access/27_newspaper_context_recovery_20261008/social_public_api/continuations/20261009_public_native_expansion/worker/raw/e0dedd0fcb7d58a0e0ce69b4.bin.gz,,,
osm_discourse,e1b7b86971aa1f95693523df,content,saved,200,61464,2026-10-09T03:31:00.487675+00:00,2026-10-09T03:31:03.147582+00:00,ac2fe27254d5839cd0d209908659b2fc70022921a2246b150108c8738b274a97,work_packages/M1_source_access/27_newspaper_context_recovery_20261008/social_public_api/continuations/20261009_public_native_expansion/worker/raw/e1b7b86971aa1f95693523df.bin.gz,,,
straight_dope,e1cbaba1870bfca741e5c452,content,saved,200,27489,2026-10-09T03:25:13.831546+00:00,2026-10-09T03:25:15.784951+00:00,0d1e39801c6b0c5496260b41e4668e34ff8d4b21684b19ef1a9c1c3854d5527a,work_packages/M1_source_access/27_newspaper_context_recovery_20261008/social_public_api/continuations/20261009_public_native_expansion/worker/raw/e1cbaba1870bfca741e5c452.bin.gz,,,
bluesky,e1dbf21bb3bcaec2f5af4128,content,saved,200,600780,2026-10-09T03:35:19.759378+00:00,2026-10-09T03:35:22.078911+00:00,16ead370fc2537fe7ca1061950046b7b980c9eec958c4f794f6f55c7546cc59d,work_packages/M1_source_access/27_newspaper_context_recovery_20261008/social_public_api/continuations/20261009_public_native_expansion/worker/raw/e1dbf21bb3bcaec2f5af4128.bin.gz,,,
bluesky,e1f56d0a16039e18c5ae767a,content,saved,200,511979,2026-10-09T03:31:22.400512+00:00,2026-10-09T03:31:24.634938+00:00,ae2241a2ec77bf3e733de60d3579ab6e545ad9c5006368c5f0963a0ba4227620,work_packages/M1_source_access/27_newspaper_context_recovery_20261008/social_public_api/continuations/20261009_public_native_expansion/worker/raw/e1f56d0a16039e18c5ae767a.bin.gz,,,
mastodon_uk,e1f9afc00d993bea768bb782,content,saved,200,145490,2026-10-09T02:56:11.520992+00:00,2026-10-09T02:56:15.516824+00:00,8265c91919bd8d8666e53c60dc886990ed1b486aec29ceeddf06e3c127187c4f,work_packages/M1_source_access/27_newspaper_context_recovery_20261008/social_public_api/continuations/20261009_public_native_expansion/worker/raw/e1f9afc00d993bea768bb782.bin.gz,,,
fairphone_eu,e221a3c152eebc7f8ae7a0e5,source_metadata,saved,200,2496,2026-10-09T03:03:56.995588+00:00,2026-10-09T03:03:58.643255+00:00,efc59dd06bb80dc1adcd84c76931d110aa9d21b03454a6fe63514425ca495d4b,work_packages/M1_source_access/27_newspaper_context_recovery_20261008/social_public_api/continuations/20261009_public_native_expansion/worker/raw/e221a3c152eebc7f8ae7a0e5.bin.gz,,,
bluesky,e262e2bf985f5664cc51b88b,content,saved,200,11,2026-10-09T03:20:23.752462+00:00,2026-10-09T03:20:24.629718+00:00,ff620ad62f8de5fbc1a439d6cfe08cd5bd3583d045bd998ffd8458857a70248a,work_packages/M1_source_access/27_newspaper_context_recovery_20261008/social_public_api/continuations/20261009_public_native_expansion/worker/raw/e262e2bf985f5664cc51b88b.bin.gz,,,
bluesky,e26e04b6b09c57de3640394f,content,saved,200,344550,2026-10-09T03:36:07.331560+00:00,2026-10-09T03:36:09.824781+00:00,4620a7b02bb9d90e8eecc302708992f183a89ed0de588fb66123790a1d93e37a,work_packages/M1_source_access/27_newspaper_context_recovery_20261008/social_public_api/continuations/20261009_public_native_expansion/worker/raw/e26e04b6b09c57de3640394f.bin.gz,,,
mastodon_ie,e29853791fea17566fcb72fa,content,saved,200,186542,2026-10-09T04:11:44.643180+00:00,2026-10-09T04:11:48.390538+00:00,955771dfd4eff14d5dc228f5cb5cbb4ba3520dd0d133cf6c5e285d2fe1cf2d8a,work_packages/M1_source_access/27_newspaper_context_recovery_20261008/social_public_api/continuations/20261009_public_native_expansion/worker/raw/e29853791fea17566fcb72fa.bin.gz,,,
se_earthscience,e2b50d411802f8f2b09cc60b,content,saved,200,212342,2026-10-09T03:18:47.102991+00:00,2026-10-09T03:18:48.224695+00:00,cce6dc2e431c8d7c41eea1f077fccf4d572a51146f94088103c3f65a0667c114,work_packages/M1_source_access/27_newspaper_context_recovery_20261008/social_public_api/continuations/20261009_public_native_expansion/worker/raw/e2b50d411802f8f2b09cc60b.bin.gz,235,,
osm_discourse,e2decdae27351b1f91e5338f,content,saved,200,48788,2026-10-09T04:20:00.358330+00:00,2026-10-09T04:20:02.981862+00:00,dfb4d4d1d0604f9031aa45b82e764ad2733bb5660b046e2958e58aec4b053d89,work_packages/M1_source_access/27_newspaper_context_recovery_20261008/social_public_api/continuations/20261009_public_native_expansion/worker/raw/e2decdae27351b1f91e5338f.bin.gz,,,
feddit_org,e343a86910891a3dba168bc7,content,saved,200,190657,2026-10-09T04:02:41.651663+00:00,2026-10-09T04:02:44.859042+00:00,1702dab3683a79b6092a5bb1e2ca34a62b58b81b0494259e463533f5c4a2ed9e,work_packages/M1_source_access/27_newspaper_context_recovery_20261008/social_public_api/continuations/20261009_public_native_expansion/worker/raw/e343a86910891a3dba168bc7.bin.gz,,,
straight_dope,e3522728e0ff82327b3622f0,content,saved,200,27900,2026-10-09T03:32:49.874293+00:00,2026-10-09T03:32:51.898037+00:00,0784d23cc50ae25708f9d5ba43cad0b2c3e365f4c96ca72508a2eeb82ec7aa09,work_packages/M1_source_access/27_newspaper_context_recovery_20261008/social_public_api/continuations/20261009_public_native_expansion/worker/raw/e3522728e0ff82327b3622f0.bin.gz,,,
bluesky,e3968bc762fdf7c05bce3068,content,saved,200,11,2026-10-09T03:16:51.505303+00:00,2026-10-09T03:16:52.381753+00:00,ff620ad62f8de5fbc1a439d6cfe08cd5bd3583d045bd998ffd8458857a70248a,work_packages/M1_source_access/27_newspaper_context_recovery_20261008/social_public_api/continuations/20261009_public_native_expansion/worker/raw/e3968bc762fdf7c05bce3068.bin.gz,,,
python_discourse,e3bcf5c18d01b1b679602016,content,saved,200,14401,2026-10-09T03:53:20.678901+00:00,2026-10-09T03:53:22.601758+00:00,7f7be4f822acc75e920e44f2d23093a71c2fd8f70202a22bb1177dac5f7b1f83,work_packages/M1_source_access/27_newspaper_context_recovery_20261008/social_public_api/continuations/20261009_public_native_expansion/worker/raw/e3bcf5c18d01b1b679602016.bin.gz,,,
bluesky,e41053b7d5a51d17c45390bc,content,saved,200,575665,2026-10-09T03:33:24.944493+00:00,2026-10-09T03:33:27.509570+00:00,c618929cb51b5e31ad91c5af4c229804011fb3d75cafccd7af01bddb167cb078,work_packages/M1_source_access/27_newspaper_context_recovery_20261008/social_public_api/continuations/20261009_public_native_expansion/worker/raw/e41053b7d5a51d17c45390bc.bin.gz,,,
mastodon_uk,e44a311228f0819a48ca05f4,content,saved,200,134310,2026-10-09T03:46:20.721201+00:00,2026-10-09T03:46:24.253116+00:00,52f63309f430bffefc1ef37b604df557dd08031f71924ac7abc1c0448605872e,work_packages/M1_source_access/27_newspaper_context_recovery_20261008/social_public_api/continuations/20261009_public_native_expansion/worker/raw/e44a311228f0819a48ca05f4.bin.gz,,,
python_discourse,e4992c820bf039cdf8760534,content,saved,200,4589,2026-10-09T04:27:46.579896+00:00,2026-10-09T04:27:48.346589+00:00,7381d94f7af17e7462cbae4a813f57308b38dd6dd2e5cf07a484cc0f5ac7dbb3,work_packages/M1_source_access/27_newspaper_context_recovery_20261008/social_public_api/continuations/20261009_public_native_expansion/worker/raw/e4992c820bf039cdf8760534.bin.gz,,,
aussie_zone,e4b6ece6978fe1d5119cc6dd,content,saved,200,144559,2026-10-09T04:04:32.223624+00:00,2026-10-09T04:04:35.907585+00:00,5001dfa534ca1c5dfd1078492fed66efedef505c7882a80a7bdd4831bb9aa2f0,work_packages/M1_source_access/27_newspaper_context_recovery_20261008/social_public_api/continuations/20261009_public_native_expansion/worker/raw/e4b6ece6978fe1d5119cc6dd.bin.gz,,,
bluesky,e4b82eaf72d63cce9d02a4ae,documentation,saved,200,1202,2026-10-09T02:56:20.910272+00:00,2026-10-09T02:56:21.824890+00:00,7f364e7eb5d61f355cb1891396b8d1a894d4003395df69b1ce95ec1fdea65f7d,work_packages/M1_source_access/27_newspaper_context_recovery_20261008/social_public_api/continuations/20261009_public_native_expansion/worker/raw/e4b82eaf72d63cce9d02a4ae.bin.gz,,,
bluesky,e4f436b3ef337cf6a2580cc7,content,saved,200,11,2026-10-09T03:29:14.274187+00:00,2026-10-09T03:29:15.157633+00:00,ff620ad62f8de5fbc1a439d6cfe08cd5bd3583d045bd998ffd8458857a70248a,work_packages/M1_source_access/27_newspaper_context_recovery_20261008/social_public_api/continuations/20261009_public_native_expansion/worker/raw/e4f436b3ef337cf6a2580cc7.bin.gz,,,
bluesky,e5c51f84f04353de13f36163,content,saved,200,334686,2026-10-09T03:31:49.539291+00:00,2026-10-09T03:31:51.243216+00:00,3689ea4a86723a7db060fc4f49abed2105bd9842d21e176768eb4a342c918483,work_packages/M1_source_access/27_newspaper_context_recovery_20261008/social_public_api/continuations/20261009_public_native_expansion/worker/raw/e5c51f84f04353de13f36163.bin.gz,,,
bluesky,e5dc2e6718c4f2ab147194b9,source_metadata,saved,200,42998,2026-10-09T03:03:12.923838+00:00,2026-10-09T03:03:14.360302+00:00,f743f09005dfffecde46ec9c6163ffaad661ad6b17b29c376869a034dd055ef2,work_packages/M1_source_access/27_newspaper_context_recovery_20261008/social_public_api/continuations/20261009_public_native_expansion/worker/raw/e5dc2e6718c4f2ab147194b9.bin.gz,,,
bluesky,e622a17ed6d7da105a33406b,content,saved,200,17419,2026-10-09T03:02:13.523535+00:00,2026-10-09T03:02:14.684105+00:00,813bf1c1b553f01023b3925a651f394086aa90a53d7240d240e4a3ee7ed9108f,work_packages/M1_source_access/27_newspaper_context_recovery_20261008/social_public_api/continuations/20261009_public_native_expansion/worker/raw/e622a17ed6d7da105a33406b.bin.gz,,,
osm_discourse,e708412e30acd02ea0c02559,content,saved,200,68534,2026-10-09T03:32:54.119934+00:00,2026-10-09T03:32:56.809244+00:00,b015c55993567e25ec666cf83a1bc52430164516b8ad00a4e03ee869827cc854,work_packages/M1_source_access/27_newspaper_context_recovery_20261008/social_public_api/continuations/20261009_public_native_expansion/worker/raw/e708412e30acd02ea0c02559.bin.gz,,,
mastodon_au,e7131f96d2c6e4849768e21e,content,saved,200,154799,2026-10-09T04:07:05.757921+00:00,2026-10-09T04:07:07.502586+00:00,a7c0a11f0877cc9f4f3842468350b777d0532e69504d828f1ca08a1d526af7bd,work_packages/M1_source_access/27_newspaper_context_recovery_20261008/social_public_api/continuations/20261009_public_native_expansion/worker/raw/e7131f96d2c6e4849768e21e.bin.gz,,,
bluesky,e78c9a2059628834294daac3,content,saved,200,5775,2026-10-09T03:21:02.974836+00:00,2026-10-09T03:21:04.252063+00:00,3231a77c12d61dd054372c7ddfc9cac0dfafcc3379fa43025aee7402a7625cfc,work_packages/M1_source_access/27_newspaper_context_recovery_20261008/social_public_api/continuations/20261009_public_native_expansion/worker/raw/e78c9a2059628834294daac3.bin.gz,,,
osm_discourse,e7a027b68d0f6e6a60844448,content,saved,200,48331,2026-10-09T03:51:42.425908+00:00,2026-10-09T03:51:44.665600+00:00,f824f8855f2e0b08212697eef8e1ab12bde37e33f29b542d90e401c48d2abf0f,work_packages/M1_source_access/27_newspaper_context_recovery_20261008/social_public_api/continuations/20261009_public_native_expansion/worker/raw/e7a027b68d0f6e6a60844448.bin.gz,,,
aussie_zone,e7e8a3d8a71d71443b88cf67,content,saved,200,138905,2026-10-09T04:21:00.165384+00:00,2026-10-09T04:21:04.376266+00:00,6e20c38cb0e6e16936608cd399ee072df2536aa64ad7a9c22aefc514d5ccda13,work_packages/M1_source_access/27_newspaper_context_recovery_20261008/social_public_api/continuations/20261009_public_native_expansion/worker/raw/e7e8a3d8a71d71443b88cf67.bin.gz,,,
midwest_social,e85d9906a4d19ae71c67d644,content,transport_stop,,,2026-10-09T04:01:00.439824+00:00,,,,,,TimeoutError: The read operation timed out
python_discourse,e8f1f61c2e40796b89a3912d,content,saved,200,86430,2026-10-09T03:46:36.636129+00:00,2026-10-09T03:46:38.568071+00:00,2f6c520c0b05e9a62f70b9f4595d66d9b079fcf2ca2064442dc80911d9bde4c6,work_packages/M1_source_access/27_newspaper_context_recovery_20261008/social_public_api/continuations/20261009_public_native_expansion/worker/raw/e8f1f61c2e40796b89a3912d.bin.gz,,,
aussie_zone,e99a0a050481f79c52118f64,content,saved,200,175767,2026-10-09T04:08:13.203487+00:00,2026-10-09T04:08:15.290203+00:00,4cd0ef382e11fc585a6266623fa906dfe131551b7018bf49fe219e035bd02afd,work_packages/M1_source_access/27_newspaper_context_recovery_20261008/social_public_api/continuations/20261009_public_native_expansion/worker/raw/e99a0a050481f79c52118f64.bin.gz,,,
aussie_zone,e9e378a2f3721d507386b366,content,saved,200,156107,2026-10-09T04:20:55.872957+00:00,2026-10-09T04:20:57.724675+00:00,ca0c756ae8a1477f28354633331a6165294c81e2bb578623484b92a8a76f9be2,work_packages/M1_source_access/27_newspaper_context_recovery_20261008/social_public_api/continuations/20261009_public_native_expansion/worker/raw/e9e378a2f3721d507386b366.bin.gz,,,
bluesky,eae29780e3998ba5378e0a9c,content,saved,200,498643,2026-10-09T03:31:57.966421+00:00,2026-10-09T03:32:00.222891+00:00,f256916c6336da113570cf1964aa8a6924791d478e924c3719941d484325ecb5,work_packages/M1_source_access/27_newspaper_context_recovery_20261008/social_public_api/continuations/20261009_public_native_expansion/worker/raw/eae29780e3998ba5378e0a9c.bin.gz,,,
bluesky,eb540a68885bc8bf9125d385,content,saved,200,429293,2026-10-09T04:22:12.405135+00:00,2026-10-09T04:22:14.658377+00:00,36c37e2d98caf46c72a36a08206be52f1bc33af415a46308b6938247156e079c,work_packages/M1_source_access/27_newspaper_context_recovery_20261008/social_public_api/continuations/20261009_public_native_expansion/worker/raw/eb540a68885bc8bf9125d385.bin.gz,,,
bluesky,eba737b9204e10458b0ca273,content,saved,200,11,2026-10-09T03:31:36.127573+00:00,2026-10-09T03:31:37.438009+00:00,ff620ad62f8de5fbc1a439d6cfe08cd5bd3583d045bd998ffd8458857a70248a,work_packages/M1_source_access/27_newspaper_context_recovery_20261008/social_public_api/continuations/20261009_public_native_expansion/worker/raw/eba737b9204e10458b0ca273.bin.gz,,,
se_earthscience,ec025b882c26a5a44b8e3a79,content,saved,200,141887,2026-10-09T03:13:30.937060+00:00,2026-10-09T03:13:32.838763+00:00,276b058abdf5bf82b272a0def07d1d684ea6549fdf25de996ba596df53f7400e,work_packages/M1_source_access/27_newspaper_context_recovery_20261008/social_public_api/continuations/20261009_public_native_expansion/worker/raw/ec025b882c26a5a44b8e3a79.bin.gz,237,,
bluesky,ecdae18377baa6bb26306770,content,saved,200,496273,2026-10-09T04:12:25.396861+00:00,2026-10-09T04:12:27.819402+00:00,f173364f42170896cf4eafc4df9dd5b6740906d85841cf473459fb3dd4d202e9,work_packages/M1_source_access/27_newspaper_context_recovery_20261008/social_public_api/continuations/20261009_public_native_expansion/worker/raw/ecdae18377baa6bb26306770.bin.gz,,,
bluesky,eded9d819119143f67963039,content,saved,200,1801,2026-10-09T03:20:50.348334+00:00,2026-10-09T03:20:51.614333+00:00,8491d5c0ab88cd4d175f0cce2c1d520627b2629de81ff38053a71d0a1fe6723e,work_packages/M1_source_access/27_newspaper_context_recovery_20261008/social_public_api/continuations/20261009_public_native_expansion/worker/raw/eded9d819119143f67963039.bin.gz,,,
python_discourse,edf26eb4b0b8106bbc6ae4a0,content,saved,200,17235,2026-10-09T04:15:29.994750+00:00,2026-10-09T04:15:31.961165+00:00,6ce18975e193b6e92fe27640928214bea3e64d66aa3b147e112614afba591e50,work_packages/M1_source_access/27_newspaper_context_recovery_20261008/social_public_api/continuations/20261009_public_native_expansion/worker/raw/edf26eb4b0b8106bbc6ae4a0.bin.gz,,,
python_discourse,ef1c106cd0a6603652e7e550,content,saved,200,21198,2026-10-09T03:57:18.665468+00:00,2026-10-09T03:57:20.637585+00:00,12013b36c8eedb212aea43a8a25bdea0f5085f8b778288907b51cb2c13b920b9,work_packages/M1_source_access/27_newspaper_context_recovery_20261008/social_public_api/continuations/20261009_public_native_expansion/worker/raw/ef1c106cd0a6603652e7e550.bin.gz,,,
mastodon_uk,ef24156ea4422ded70aaa60d,content,saved,200,150429,2026-10-09T04:08:47.458198+00:00,2026-10-09T04:08:53.785655+00:00,18203c6c59714fe44f1479bcadc94fb5dfdfd6b976ca29b7e0166b271d3562ce,work_packages/M1_source_access/27_newspaper_context_recovery_20261008/social_public_api/continuations/20261009_public_native_expansion/worker/raw/ef24156ea4422ded70aaa60d.bin.gz,,,
bluesky,ef2934f557409cd6ea226287,content,saved,200,455598,2026-10-09T04:24:13.799919+00:00,2026-10-09T04:24:16.113367+00:00,bb8a968079698cb61e2bb359764b2dc1e0dd881cdec33cace5e9146b833e591f,work_packages/M1_source_access/27_newspaper_context_recovery_20261008/social_public_api/continuations/20261009_public_native_expansion/worker/raw/ef2934f557409cd6ea226287.bin.gz,,,
mastodon_ie,eff7555290803c94e3559125,content,saved,200,168653,2026-10-09T03:24:54.067699+00:00,2026-10-09T03:24:57.695056+00:00,0ff7b924436358d2049997a4fb5c3fd5424c9eef70e8da0ffc4fbe3584466ace,work_packages/M1_source_access/27_newspaper_context_recovery_20261008/social_public_api/continuations/20261009_public_native_expansion/worker/raw/eff7555290803c94e3559125.bin.gz,,,
bluesky,f0aa596c91c846832649fe52,content,saved,200,469753,2026-10-09T03:58:00.644017+00:00,2026-10-09T03:58:03.011264+00:00,3a09cccf409d360d50cec6552a2036e996c73306013c076e9b656eb243501bbb,work_packages/M1_source_access/27_newspaper_context_recovery_20261008/social_public_api/continuations/20261009_public_native_expansion/worker/raw/f0aa596c91c846832649fe52.bin.gz,,,
mastodon_us,f0d21d2c02a24b20aae3e290,content,saved,200,152136,2026-10-09T02:57:37.819367+00:00,2026-10-09T02:57:40.192140+00:00,dada073bbdca5fe50159276415b85184476d158d1785d7fd9b74ef13697adf0b,work_packages/M1_source_access/27_newspaper_context_recovery_20261008/social_public_api/continuations/20261009_public_native_expansion/worker/raw/f0d21d2c02a24b20aae3e290.bin.gz,,,
mastodon_au,f129b40793f37de47d90c296,content,saved,200,160535,2026-10-09T02:57:34.352978+00:00,2026-10-09T02:57:35.758288+00:00,460053047bc86af73a6d46da099d9b9d3e65079ea081b56f4634046ff90eb8a4,work_packages/M1_source_access/27_newspaper_context_recovery_20261008/social_public_api/continuations/20261009_public_native_expansion/worker/raw/f129b40793f37de47d90c296.bin.gz,,,
bluesky,f12bf39410b9029d2f49097a,content,saved,200,599997,2026-10-09T04:00:04.034845+00:00,2026-10-09T04:00:06.276184+00:00,022971e18e1971febe9cd20aa8cf1c27ebc12b9c9d0386261496a89083153cd9,work_packages/M1_source_access/27_newspaper_context_recovery_20261008/social_public_api/continuations/20261009_public_native_expansion/worker/raw/f12bf39410b9029d2f49097a.bin.gz,,,
bluesky,f143b43c098c98ad6c0b2758,content,saved,200,426262,2026-10-09T03:35:43.832437+00:00,2026-10-09T03:35:46.011819+00:00,4a7acc2265f56a9eaab5c76fb12d04a33a77a3d97e92de5779b6de5a797d949b,work_packages/M1_source_access/27_newspaper_context_recovery_20261008/social_public_api/continuations/20261009_public_native_expansion/worker/raw/f143b43c098c98ad6c0b2758.bin.gz,,,
bluesky,f1749d75879b4a189016aa0f,content,saved,200,410849,2026-10-09T04:03:43.171947+00:00,2026-10-09T04:03:44.857626+00:00,23c92de3c3803d826f567d05eb61ed01eb52d83068202d4e1c8b40e88b2aa7eb,work_packages/M1_source_access/27_newspaper_context_recovery_20261008/social_public_api/continuations/20261009_public_native_expansion/worker/raw/f1749d75879b4a189016aa0f.bin.gz,,,
bluesky,f195952080b66a4ba77bdb8b,content,saved,200,527717,2026-10-09T03:29:56.173507+00:00,2026-10-09T03:29:57.987980+00:00,f388c4dbbb393d70ac289ae2888884bf53efea9accd1e0dff495ed518300c212,work_packages/M1_source_access/27_newspaper_context_recovery_20261008/social_public_api/continuations/20261009_public_native_expansion/worker/raw/f195952080b66a4ba77bdb8b.bin.gz,,,
bluesky,f19a0d7a4c625b8c7044898e,content,saved,200,465048,2026-10-09T03:34:41.503943+00:00,2026-10-09T03:34:43.835411+00:00,76311feaa765ff33ad3a35ff541b07b636fac7a9608af92399d36fe1e870c15c,work_packages/M1_source_access/27_newspaper_context_recovery_20261008/social_public_api/continuations/20261009_public_native_expansion/worker/raw/f19a0d7a4c625b8c7044898e.bin.gz,,,
python_discourse,f1aac2496505964c6244606c,content,saved,200,3216,2026-10-09T04:26:48.981735+00:00,2026-10-09T04:26:50.771308+00:00,086176d9f2824b9c929fd3246b7f2db81a09c000f29fa803476988c6c92e7794,work_packages/M1_source_access/27_newspaper_context_recovery_20261008/social_public_api/continuations/20261009_public_native_expansion/worker/raw/f1aac2496505964c6244606c.bin.gz,,,
bluesky,f1c4be7e16bd33a98188320c,content,saved,200,11,2026-10-09T03:20:26.940444+00:00,2026-10-09T03:20:27.810663+00:00,ff620ad62f8de5fbc1a439d6cfe08cd5bd3583d045bd998ffd8458857a70248a,work_packages/M1_source_access/27_newspaper_context_recovery_20261008/social_public_api/continuations/20261009_public_native_expansion/worker/raw/f1c4be7e16bd33a98188320c.bin.gz,,,
bluesky,f1c9af796e9a9a0bfae1d917,content,saved,200,11,2026-10-09T03:18:14.290753+00:00,2026-10-09T03:18:15.538382+00:00,ff620ad62f8de5fbc1a439d6cfe08cd5bd3583d045bd998ffd8458857a70248a,work_packages/M1_source_access/27_newspaper_context_recovery_20261008/social_public_api/continuations/20261009_public_native_expansion/worker/raw/f1c9af796e9a9a0bfae1d917.bin.gz,,,
straight_dope,f1f54f8e4c87d2bb334cb1cd,content,saved,200,28066,2026-10-09T04:21:52.060463+00:00,2026-10-09T04:21:54.251340+00:00,fdcf64de051ca6464766969b619b743c74cb1da503c32d5f45ce206e4c07edd4,work_packages/M1_source_access/27_newspaper_context_recovery_20261008/social_public_api/continuations/20261009_public_native_expansion/worker/raw/f1f54f8e4c87d2bb334cb1cd.bin.gz,,,
mastodon_us,f22c5255f01538968dfb9b6d,content,saved,200,141937,2026-10-09T04:17:52.621733+00:00,2026-10-09T04:17:55.118330+00:00,a6b2b6190cffb25e28778b8b2c38e2ab343e86a328a59c40862ceffa536bea4e,work_packages/M1_source_access/27_newspaper_context_recovery_20261008/social_public_api/continuations/20261009_public_native_expansion/worker/raw/f22c5255f01538968dfb9b6d.bin.gz,,,
bluesky,f26e38f00d1629a5ccc57786,content,saved,200,11,2026-10-09T03:49:42.779371+00:00,2026-10-09T03:49:44.666362+00:00,ff620ad62f8de5fbc1a439d6cfe08cd5bd3583d045bd998ffd8458857a70248a,work_packages/M1_source_access/27_newspaper_context_recovery_20261008/social_public_api/continuations/20261009_public_native_expansion/worker/raw/f26e38f00d1629a5ccc57786.bin.gz,,,
straight_dope,f2b89027fcde8652f615656d,content,saved,200,27946,2026-10-09T03:02:05.401492+00:00,2026-10-09T03:02:07.466986+00:00,3b67b45a02610982d65ee849465ab52f1e305b898c01f456720cd7e5e3e046d6,work_packages/M1_source_access/27_newspaper_context_recovery_20261008/social_public_api/continuations/20261009_public_native_expansion/worker/raw/f2b89027fcde8652f615656d.bin.gz,,,
mastodon_uk,f2f8ac382060614138fdd2ed,content,saved,200,144845,2026-10-09T03:48:40.241864+00:00,2026-10-09T03:48:44.047298+00:00,8c27ee72d27d3f73eeee6fba66627e9a1ba6d40a656893152ef1bb6dcf7f7f05,work_packages/M1_source_access/27_newspaper_context_recovery_20261008/social_public_api/continuations/20261009_public_native_expansion/worker/raw/f2f8ac382060614138fdd2ed.bin.gz,,,
bluesky,f3cc7118fb0d52f755b97755,content,saved,200,11,2026-10-09T03:27:17.906941+00:00,2026-10-09T03:27:19.203366+00:00,ff620ad62f8de5fbc1a439d6cfe08cd5bd3583d045bd998ffd8458857a70248a,work_packages/M1_source_access/27_newspaper_context_recovery_20261008/social_public_api/continuations/20261009_public_native_expansion/worker/raw/f3cc7118fb0d52f755b97755.bin.gz,,,
bluesky,f456313bfccb9524e2601115,content,saved,200,645552,2026-10-09T03:34:55.434277+00:00,2026-10-09T03:34:57.524879+00:00,f33207750bbf0c8aceadacdefe6d2f132962e2cbdc70ee2800ba5633f7738d6a,work_packages/M1_source_access/27_newspaper_context_recovery_20261008/social_public_api/continuations/20261009_public_native_expansion/worker/raw/f456313bfccb9524e2601115.bin.gz,,,
bluesky,f47cc1b53fc148d63000c21f,content,saved,200,347826,2026-10-09T04:26:10.240870+00:00,2026-10-09T04:26:12.335074+00:00,461622674f9cefe4b5578d820a93a4372aea513cc43b98cf52633c896ecc2c48,work_packages/M1_source_access/27_newspaper_context_recovery_20261008/social_public_api/continuations/20261009_public_native_expansion/worker/raw/f47cc1b53fc148d63000c21f.bin.gz,,,
python_discourse,f49c6b08704775c31aa9df3d,content,saved,200,193551,2026-10-09T04:06:45.888875+00:00,2026-10-09T04:06:48.979110+00:00,8cb57c3bbd5586e7352e9278cb969cdca50d44738e2d494923846f9ffbaa531f,work_packages/M1_source_access/27_newspaper_context_recovery_20261008/social_public_api/continuations/20261009_public_native_expansion/worker/raw/f49c6b08704775c31aa9df3d.bin.gz,,,
bluesky,f4b165c11d4ca9b8986778e4,content,saved,200,411145,2026-10-09T03:35:15.742424+00:00,2026-10-09T03:35:17.434012+00:00,aca765a91856e42b61bd898f1280fae61ea6457dafdd5b4509e79d60e003da9d,work_packages/M1_source_access/27_newspaper_context_recovery_20261008/social_public_api/continuations/20261009_public_native_expansion/worker/raw/f4b165c11d4ca9b8986778e4.bin.gz,,,
osm_discourse,f4b38d33f07a50ea00b31dc3,content,saved,200,46833,2026-10-09T03:49:01.669560+00:00,2026-10-09T03:49:04.573742+00:00,57af1ab8fc698dedb2404a4b52b0bcbb811f441e80c8004564117a9ee9ddd701,work_packages/M1_source_access/27_newspaper_context_recovery_20261008/social_public_api/continuations/20261009_public_native_expansion/worker/raw/f4b38d33f07a50ea00b31dc3.bin.gz,,,
se_sustainability,f4e7e07ad3123d0f0f840ef8,content,saved,200,106363,2026-10-09T04:11:30.082193+00:00,2026-10-09T04:11:31.604877+00:00,4be2fb32f65484f6b394bbeced42f8ae782ac15aad8a229e31ebf7deb5bc5809,work_packages/M1_source_access/27_newspaper_context_recovery_20261008/social_public_api/continuations/20261009_public_native_expansion/worker/raw/f4e7e07ad3123d0f0f840ef8.bin.gz,206,,
mastodon_ie,f5029ca6c4638d8652ee040a,content,saved,200,153884,2026-10-09T03:59:24.320014+00:00,2026-10-09T03:59:27.835283+00:00,8cb086c9ff35b6099a4b357ba8ee1552ce6776c0cac644cd48cf82afb251ed39,work_packages/M1_source_access/27_newspaper_context_recovery_20261008/social_public_api/continuations/20261009_public_native_expansion/worker/raw/f5029ca6c4638d8652ee040a.bin.gz,,,
aussie_zone,f5443d0034eae6695f88546e,content,saved,200,160336,2026-10-09T04:10:08.964441+00:00,2026-10-09T04:10:13.407164+00:00,6e052a7a942f5475b26bccd2b7219d88239db18362083c215ebfdbb261916cc1,work_packages/M1_source_access/27_newspaper_context_recovery_20261008/social_public_api/continuations/20261009_public_native_expansion/worker/raw/f5443d0034eae6695f88546e.bin.gz,,,
lemmy_nz,f5730fbc35975c7f2dfab87c,content,saved,200,157781,2026-10-09T04:14:59.861869+00:00,2026-10-09T04:15:01.263154+00:00,2b9d4e59637a8f31ba6dbce84b28025af1903bc557614bb05a4dccae01d97b43,work_packages/M1_source_access/27_newspaper_context_recovery_20261008/social_public_api/continuations/20261009_public_native_expansion/worker/raw/f5730fbc35975c7f2dfab87c.bin.gz,,,
bluesky,f59deb194dc6ff9e4b1a3c16,content,saved,200,41266,2026-10-09T03:29:17.439071+00:00,2026-10-09T03:29:19.180460+00:00,9cc6e8c93d277aceff1e117a89c25b90dd8a752404035c431f6eb38e6cf8ba4c,work_packages/M1_source_access/27_newspaper_context_recovery_20261008/social_public_api/continuations/20261009_public_native_expansion/worker/raw/f59deb194dc6ff9e4b1a3c16.bin.gz,,,
bluesky,f5a64a2b636a0ab2b9f32129,content,saved,200,498429,2026-10-09T04:20:24.833501+00:00,2026-10-09T04:20:27.183941+00:00,6b9efed93eccc1e3bf9c2289a005c4be913d4bb07dc7d0e40f056329a327bb14,work_packages/M1_source_access/27_newspaper_context_recovery_20261008/social_public_api/continuations/20261009_public_native_expansion/worker/raw/f5a64a2b636a0ab2b9f32129.bin.gz,,,
bluesky,f5afaf53ee6341aeb428ff38,content,saved,200,1790,2026-10-09T03:21:14.914802+00:00,2026-10-09T03:21:16.143492+00:00,af762575c590129b5c4e3ce798b863b67f1bad6d6a45c9e7edb5b20b0a4d8b30,work_packages/M1_source_access/27_newspaper_context_recovery_20261008/social_public_api/continuations/20261009_public_native_expansion/worker/raw/f5afaf53ee6341aeb428ff38.bin.gz,,,
straight_dope,f5f35a0dc33ca84b94ffed4b,content,saved,200,27988,2026-10-09T03:27:30.315831+00:00,2026-10-09T03:27:32.332249+00:00,3ea7e9ae966a45ddc87d48c272597fa74a1f97e1368fcd25fa7019da2a081b04,work_packages/M1_source_access/27_newspaper_context_recovery_20261008/social_public_api/continuations/20261009_public_native_expansion/worker/raw/f5f35a0dc33ca84b94ffed4b.bin.gz,,,
se_earthscience,f657e4379b46ea090f1a9ebb,content,saved,200,88019,2026-10-09T03:24:45.837368+00:00,2026-10-09T03:24:47.208591+00:00,be402e32a1254c7687517cb4df5b47ff11c59230b8eceedff8d524de2a58163a,work_packages/M1_source_access/27_newspaper_context_recovery_20261008/social_public_api/continuations/20261009_public_native_expansion/worker/raw/f657e4379b46ea090f1a9ebb.bin.gz,231,,
lemmy_nz,f66ee652252cca43c1643185,documentation,saved,200,186,2026-10-09T03:33:45.997401+00:00,2026-10-09T03:33:46.983476+00:00,97d4db2a6dcbc407d2236f0b7b246f3961b66aa95a7528546c37937510cdbb8c,work_packages/M1_source_access/27_newspaper_context_recovery_20261008/social_public_api/continuations/20261009_public_native_expansion/worker/raw/f66ee652252cca43c1643185.bin.gz,,,
aussie_zone,f679a410a0f773ae3e211442,content,saved,200,137796,2026-10-09T04:24:57.331862+00:00,2026-10-09T04:24:59.345029+00:00,38dad8c1d6b006969238dc4aa2ddcde40e6bb993e09127d96a923224d0ee44c6,work_packages/M1_source_access/27_newspaper_context_recovery_20261008/social_public_api/continuations/20261009_public_native_expansion/worker/raw/f679a410a0f773ae3e211442.bin.gz,,,
bluesky,f6e5b7f5a4cbee9c8994b0b9,content,saved,200,11,2026-10-09T03:17:15.452849+00:00,2026-10-09T03:17:16.957889+00:00,ff620ad62f8de5fbc1a439d6cfe08cd5bd3583d045bd998ffd8458857a70248a,work_packages/M1_source_access/27_newspaper_context_recovery_20261008/social_public_api/continuations/20261009_public_native_expansion/worker/raw/f6e5b7f5a4cbee9c8994b0b9.bin.gz,,,
bluesky,f747ccb258eef99af0703be2,content,saved,200,520526,2026-10-09T03:15:07.510466+00:00,2026-10-09T03:15:09.469158+00:00,e2aec1d82a741cda2845590a31f92cb308fc30ec2e610f64bd9d6a7a800fd908,work_packages/M1_source_access/27_newspaper_context_recovery_20261008/social_public_api/continuations/20261009_public_native_expansion/worker/raw/f747ccb258eef99af0703be2.bin.gz,,,
python_discourse,f7544559110f0a0f1c0bd3ed,content,saved,200,23658,2026-10-09T03:18:50.391777+00:00,2026-10-09T03:18:52.396757+00:00,89ba95a7e1e65b57f521f3b8231ddf1853c447ac309da11b272021b0cff49afa,work_packages/M1_source_access/27_newspaper_context_recovery_20261008/social_public_api/continuations/20261009_public_native_expansion/worker/raw/f7544559110f0a0f1c0bd3ed.bin.gz,,,
mastodon_uk,f76e08f3bd29d9f405a435c5,content,saved,200,130212,2026-10-09T04:11:50.772507+00:00,2026-10-09T04:11:54.474304+00:00,f0e9ae6f1565db01615ddaeec629499db753eab1d02bcc1659fbeb99b8e4c96d,work_packages/M1_source_access/27_newspaper_context_recovery_20261008/social_public_api/continuations/20261009_public_native_expansion/worker/raw/f76e08f3bd29d9f405a435c5.bin.gz,,,
osm_discourse,f78cce4cafdf3051c1a989d5,content,saved,200,45856,2026-10-09T04:03:31.291128+00:00,2026-10-09T04:03:34.145473+00:00,97b26e4eb9e63f3270e84a439735a6f3a39c5292728b2c52579a08b9a5a411a6,work_packages/M1_source_access/27_newspaper_context_recovery_20261008/social_public_api/continuations/20261009_public_native_expansion/worker/raw/f78cce4cafdf3051c1a989d5.bin.gz,,,
lemmy_nz,f7e2884be35908980df82692,content,saved,200,147929,2026-10-09T03:56:37.236792+00:00,2026-10-09T03:56:38.924939+00:00,af80a9e6afd9a00d840035dd815032d8125b91fc298bc65c88edf968fa4758e7,work_packages/M1_source_access/27_newspaper_context_recovery_20261008/social_public_api/continuations/20261009_public_native_expansion/worker/raw/f7e2884be35908980df82692.bin.gz,,,
bluesky,f80550494f59c23711fec71a,content,saved,200,604625,2026-10-09T03:30:13.092347+00:00,2026-10-09T03:30:15.369820+00:00,835c0ca2b524069d0e4dd06849c82f44bb2f56c8f13484c0ad1dfd676362c8aa,work_packages/M1_source_access/27_newspaper_context_recovery_20261008/social_public_api/continuations/20261009_public_native_expansion/worker/raw/f80550494f59c23711fec71a.bin.gz,,,
bluesky,f8423a8c58b1b72c7f6c606c,content,saved,200,72763,2026-10-09T03:35:00.224755+00:00,2026-10-09T03:35:01.497402+00:00,cb711e00a4a60832993e6abff96b151b5992752018622826b80f96a3afa2224d,work_packages/M1_source_access/27_newspaper_context_recovery_20261008/social_public_api/continuations/20261009_public_native_expansion/worker/raw/f8423a8c58b1b72c7f6c606c.bin.gz,,,
bluesky,f89f231edc9794b01b3dba58,content,saved,200,501274,2026-10-09T03:15:14.977063+00:00,2026-10-09T03:15:16.836894+00:00,442c64c9dfe3577a5ea74e1eb88e45d5dbbbde7db76202c5eef95f8407ac1c1b,work_packages/M1_source_access/27_newspaper_context_recovery_20261008/social_public_api/continuations/20261009_public_native_expansion/worker/raw/f89f231edc9794b01b3dba58.bin.gz,,,
bluesky,f8c7a69e86a255a6c692aa94,content,saved,200,11,2026-10-09T03:03:03.707449+00:00,2026-10-09T03:03:04.945265+00:00,ff620ad62f8de5fbc1a439d6cfe08cd5bd3583d045bd998ffd8458857a70248a,work_packages/M1_source_access/27_newspaper_context_recovery_20261008/social_public_api/continuations/20261009_public_native_expansion/worker/raw/f8c7a69e86a255a6c692aa94.bin.gz,,,
mastodon_us,f8d2470bdb839b91b172482b,content,saved,200,134380,2026-10-09T03:26:40.514613+00:00,2026-10-09T03:26:42.873062+00:00,b1833cc214757cdba6aee1a1a698a74e2363972dc0f9ce5af0ef2515e517ed14,work_packages/M1_source_access/27_newspaper_context_recovery_20261008/social_public_api/continuations/20261009_public_native_expansion/worker/raw/f8d2470bdb839b91b172482b.bin.gz,,,
se_earthscience,f8e29444b1702990561e79c0,content,saved,200,108255,2026-10-09T03:53:15.999839+00:00,2026-10-09T03:53:17.891542+00:00,e4a2bf48bceadc54f18dd069ead6dc960e1f920a73295914bfc404f1167ebc05,work_packages/M1_source_access/27_newspaper_context_recovery_20261008/social_public_api/continuations/20261009_public_native_expansion/worker/raw/f8e29444b1702990561e79c0.bin.gz,223,,
python_discourse,f8e55b01a7136b39db1d8f09,content,saved,200,4297,2026-10-09T03:21:54.505880+00:00,2026-10-09T03:21:55.852005+00:00,e2e5ae13375b9802fe34fcc69926d5751c9c6b4f3816794592b4fbd9d0f64ae1,work_packages/M1_source_access/27_newspaper_context_recovery_20261008/social_public_api/continuations/20261009_public_native_expansion/worker/raw/f8e55b01a7136b39db1d8f09.bin.gz,,,
bluesky,f8f2ad87bf60bb7975e307c5,content,saved,200,652210,2026-10-09T03:29:59.829776+00:00,2026-10-09T03:30:02.080322+00:00,de2b605943591703adfac7284531ec9d0e375a6936189b0ddc83d6a28a73f030,work_packages/M1_source_access/27_newspaper_context_recovery_20261008/social_public_api/continuations/20261009_public_native_expansion/worker/raw/f8f2ad87bf60bb7975e307c5.bin.gz,,,
mastodon_ie,f9090b5325a39a2cace678a6,content,saved,200,159967,2026-10-09T02:55:37.289099+00:00,2026-10-09T02:55:40.553421+00:00,b4da1b81d46940605022300d02962fa2af207dc27e1a17a547f0f321a7a52862,work_packages/M1_source_access/27_newspaper_context_recovery_20261008/social_public_api/continuations/20261009_public_native_expansion/worker/raw/f9090b5325a39a2cace678a6.bin.gz,,,
straight_dope,f931bc391e23bfa7b3fa69da,content,saved,200,28542,2026-10-09T03:46:31.958681+00:00,2026-10-09T03:46:33.602383+00:00,c5708884d142911c14638c905c12c9cb646ac6f087ae83605d785f891b614820,work_packages/M1_source_access/27_newspaper_context_recovery_20261008/social_public_api/continuations/20261009_public_native_expansion/worker/raw/f931bc391e23bfa7b3fa69da.bin.gz,,,
bluesky,f96481a70832d352616f33d2,content,saved,200,11,2026-10-09T03:17:03.967879+00:00,2026-10-09T03:17:05.258019+00:00,ff620ad62f8de5fbc1a439d6cfe08cd5bd3583d045bd998ffd8458857a70248a,work_packages/M1_source_access/27_newspaper_context_recovery_20261008/social_public_api/continuations/20261009_public_native_expansion/worker/raw/f96481a70832d352616f33d2.bin.gz,,,
bluesky,fa39459e83a2cab8b225e223,content,saved,200,462226,2026-10-09T04:16:40.960034+00:00,2026-10-09T04:16:43.379569+00:00,1227130d721a53f0592dcb25c02a2bc9999bc8105f64dbd40a3682a3de1e2547,work_packages/M1_source_access/27_newspaper_context_recovery_20261008/social_public_api/continuations/20261009_public_native_expansion/worker/raw/fa39459e83a2cab8b225e223.bin.gz,,,
bluesky,fa74d07352889788cf5b9e1c,content,saved,200,570369,2026-10-09T03:19:56.240849+00:00,2026-10-09T03:19:58.836486+00:00,ef79833badc89e0e5afe57a7c46bec1e74b096c43951c7f3d03bb767ac15f594,work_packages/M1_source_access/27_newspaper_context_recovery_20261008/social_public_api/continuations/20261009_public_native_expansion/worker/raw/fa74d07352889788cf5b9e1c.bin.gz,,,
mastodon_au,fa93974d572bdb5d66acd4dd,content,saved,200,157328,2026-10-09T04:13:48.896412+00:00,2026-10-09T04:13:51.191179+00:00,c2a438fd88562a9054a0e15469d8dc9585e4f8a23615ec2b2213e9c0556ffcaf,work_packages/M1_source_access/27_newspaper_context_recovery_20261008/social_public_api/continuations/20261009_public_native_expansion/worker/raw/fa93974d572bdb5d66acd4dd.bin.gz,,,
mastodon_au,fb0d39875751fa7cc6cb50d3,content,saved,200,147359,2026-10-09T02:59:21.633939+00:00,2026-10-09T02:59:23.163171+00:00,cdfaf99364471ff2b09efb8b69d5895c3cc5701bc1014895bc6d1612e1b7938c,work_packages/M1_source_access/27_newspaper_context_recovery_20261008/social_public_api/continuations/20261009_public_native_expansion/worker/raw/fb0d39875751fa7cc6cb50d3.bin.gz,,,
lemmy_nz,fb2e379bf86dda4c35d98045,content,saved,200,140160,2026-10-09T04:18:53.731537+00:00,2026-10-09T04:18:55.334408+00:00,80fd0ccd2b6cf4ba5b6ecf1c19c0e873c22c5e650882a7c9ce00e038b4e4a554,work_packages/M1_source_access/27_newspaper_context_recovery_20261008/social_public_api/continuations/20261009_public_native_expansion/worker/raw/fb2e379bf86dda4c35d98045.bin.gz,,,
straight_dope,fb4179a0e7704e7697d98851,content,saved,200,28571,2026-10-09T04:12:08.757793+00:00,2026-10-09T04:12:11.013332+00:00,07be2537c858450dd38588680b2d30c9fa1cca6c0bb950da175c6bedf695bcea,work_packages/M1_source_access/27_newspaper_context_recovery_20261008/social_public_api/continuations/20261009_public_native_expansion/worker/raw/fb4179a0e7704e7697d98851.bin.gz,,,
aussie_zone,fb4b77dd69685afcfd3dda00,content,saved,200,130988,2026-10-09T04:15:03.658676+00:00,2026-10-09T04:15:05.506099+00:00,7b04ac39deff0869636b5053636b44159c3be6e55c610f68a71e9187bd935c0a,work_packages/M1_source_access/27_newspaper_context_recovery_20261008/social_public_api/continuations/20261009_public_native_expansion/worker/raw/fb4b77dd69685afcfd3dda00.bin.gz,,,
bluesky,fb93a5a7a3a87cce9bb6755e,content,saved,200,462508,2026-10-09T03:15:45.577026+00:00,2026-10-09T03:15:47.370293+00:00,5276f1141fe3b6d5005c1a83adbc4ccb71b34fcc7c737c6571c9e8d1a2fc5285,work_packages/M1_source_access/27_newspaper_context_recovery_20261008/social_public_api/continuations/20261009_public_native_expansion/worker/raw/fb93a5a7a3a87cce9bb6755e.bin.gz,,,
se_earthscience,fbe5791c18f800d679d7cfe4,content,saved,200,237735,2026-10-09T04:25:21.114292+00:00,2026-10-09T04:25:22.433766+00:00,37cb61410e5793e5aa95368093648a23dda006dd400bd4a37fd4c2507ec6bc46,work_packages/M1_source_access/27_newspaper_context_recovery_20261008/social_public_api/continuations/20261009_public_native_expansion/worker/raw/fbe5791c18f800d679d7cfe4.bin.gz,191,,
bluesky,fc0bd71f42c20640ba6d9217,content,saved,200,11,2026-10-09T03:17:56.570622+00:00,2026-10-09T03:17:57.440750+00:00,ff620ad62f8de5fbc1a439d6cfe08cd5bd3583d045bd998ffd8458857a70248a,work_packages/M1_source_access/27_newspaper_context_recovery_20261008/social_public_api/continuations/20261009_public_native_expansion/worker/raw/fc0bd71f42c20640ba6d9217.bin.gz,,,
mastodon_us,fc1ba8fdb3f3b0169fd4f57b,content,saved,200,169643,2026-10-09T03:00:07.376114+00:00,2026-10-09T03:00:09.451473+00:00,8aadffa5fd67c28f6fbeb6fa6ff32fac8983279e99ee5b02245872445a9a0eba,work_packages/M1_source_access/27_newspaper_context_recovery_20261008/social_public_api/continuations/20261009_public_native_expansion/worker/raw/fc1ba8fdb3f3b0169fd4f57b.bin.gz,,,
bluesky,fc73230493ec1477dd6e164f,content,saved,200,11,2026-10-09T03:03:00.676021+00:00,2026-10-09T03:03:01.931562+00:00,ff620ad62f8de5fbc1a439d6cfe08cd5bd3583d045bd998ffd8458857a70248a,work_packages/M1_source_access/27_newspaper_context_recovery_20261008/social_public_api/continuations/20261009_public_native_expansion/worker/raw/fc73230493ec1477dd6e164f.bin.gz,,,
lemmy_nz,fc89a8838b6be7b112cc0e21,documentation,saved,200,615,2026-10-09T03:33:34.573627+00:00,2026-10-09T03:33:35.995520+00:00,e41b312fa1b71fc5a3fbe9494107f97a673cb1e0e9e01abc439582e09aeaea26,work_packages/M1_source_access/27_newspaper_context_recovery_20261008/social_public_api/continuations/20261009_public_native_expansion/worker/raw/fc89a8838b6be7b112cc0e21.bin.gz,,,
osm_discourse,fc9b0903dd40f79bf87e0846,content,saved,200,43576,2026-10-09T04:07:20.432335+00:00,2026-10-09T04:07:22.991994+00:00,5297e4688b66558cfcbd47f2ee215968ea2eaea14561f0ff1cccffa56faf6099,work_packages/M1_source_access/27_newspaper_context_recovery_20261008/social_public_api/continuations/20261009_public_native_expansion/worker/raw/fc9b0903dd40f79bf87e0846.bin.gz,,,
python_discourse,fcf5e9bf886d4cd69afa0d00,content,saved,200,14289,2026-10-09T03:55:17.346147+00:00,2026-10-09T03:55:19.231389+00:00,86c7ffdad9782b1073a2e48684d5120d58fa81ac5137b0be3097c4157312095b,work_packages/M1_source_access/27_newspaper_context_recovery_20261008/social_public_api/continuations/20261009_public_native_expansion/worker/raw/fcf5e9bf886d4cd69afa0d00.bin.gz,,,
bluesky,fd3f0ae32dab6f2779c3f31d,content,saved,200,354729,2026-10-09T04:16:14.231597+00:00,2026-10-09T04:16:16.328701+00:00,1d314738918623fc41c479ca96cdc1b25ae0fb511b661e275d30ff07a478022d,work_packages/M1_source_access/27_newspaper_context_recovery_20261008/social_public_api/continuations/20261009_public_native_expansion/worker/raw/fd3f0ae32dab6f2779c3f31d.bin.gz,,,
bluesky,fd50f50053dced0bc289e5ed,content,saved,200,526003,2026-10-09T03:29:42.402743+00:00,2026-10-09T03:29:44.661586+00:00,becf269a73ba1c01c6233f300ac620b9cd3b17d065b0d205a170b2fcff8b18ea,work_packages/M1_source_access/27_newspaper_context_recovery_20261008/social_public_api/continuations/20261009_public_native_expansion/worker/raw/fd50f50053dced0bc289e5ed.bin.gz,,,
bluesky,fdcdc6c575add18ad21d8006,content,saved,200,11,2026-10-09T03:54:36.692997+00:00,2026-10-09T03:54:38.015474+00:00,ff620ad62f8de5fbc1a439d6cfe08cd5bd3583d045bd998ffd8458857a70248a,work_packages/M1_source_access/27_newspaper_context_recovery_20261008/social_public_api/continuations/20261009_public_native_expansion/worker/raw/fdcdc6c575add18ad21d8006.bin.gz,,,
se_sustainability,fdee86902e8455d0004a0b52,content,saved,200,52836,2026-10-09T04:19:14.822737+00:00,2026-10-09T04:19:16.222069+00:00,79d6f37649151bf4fd0fca6b6481df22515b9119bf84761cd4127a4bd61b63cf,work_packages/M1_source_access/27_newspaper_context_recovery_20261008/social_public_api/continuations/20261009_public_native_expansion/worker/raw/fdee86902e8455d0004a0b52.bin.gz,198,,
bluesky,fdf0f096a8ca42da15f9c64c,content,saved,200,11,2026-10-09T03:17:34.016637+00:00,2026-10-09T03:17:35.294771+00:00,ff620ad62f8de5fbc1a439d6cfe08cd5bd3583d045bd998ffd8458857a70248a,work_packages/M1_source_access/27_newspaper_context_recovery_20261008/social_public_api/continuations/20261009_public_native_expansion/worker/raw/fdf0f096a8ca42da15f9c64c.bin.gz,,,
bluesky,fe0fd94fe52ccda6029d6bbb,content,saved,200,529956,2026-10-09T03:54:15.483215+00:00,2026-10-09T03:54:17.711914+00:00,80ccb2ed1c20f2f692c3d27dc98904423420ce4a64402ecec4ab25659c6f4952,work_packages/M1_source_access/27_newspaper_context_recovery_20261008/social_public_api/continuations/20261009_public_native_expansion/worker/raw/fe0fd94fe52ccda6029d6bbb.bin.gz,,,
bluesky,fe313829b72289248e717416,content,saved,200,11,2026-10-09T03:20:32.905919+00:00,2026-10-09T03:20:36.997678+00:00,ff620ad62f8de5fbc1a439d6cfe08cd5bd3583d045bd998ffd8458857a70248a,work_packages/M1_source_access/27_newspaper_context_recovery_20261008/social_public_api/continuations/20261009_public_native_expansion/worker/raw/fe313829b72289248e717416.bin.gz,,,
se_earthscience,fe3760e03437db4226be92ee,content,saved,200,87346,2026-10-09T04:08:34.550056+00:00,2026-10-09T04:08:35.520022+00:00,62ee81e1ca04e10ec29c7c4c31e0b2d636624461de803ef32dd75d9f6cd12f4e,work_packages/M1_source_access/27_newspaper_context_recovery_20261008/social_public_api/continuations/20261009_public_native_expansion/worker/raw/fe3760e03437db4226be92ee.bin.gz,209,,
osm_discourse,feaebbc05c07ab4dbe49dccd,content,saved,200,48050,2026-10-09T04:01:38.471786+00:00,2026-10-09T04:01:41.363311+00:00,9ec491f731f373bdab941f3f7447aa927d10a8d4693d933e2567986e167a5324,work_packages/M1_source_access/27_newspaper_context_recovery_20261008/social_public_api/continuations/20261009_public_native_expansion/worker/raw/feaebbc05c07ab4dbe49dccd.bin.gz,,,
bluesky,feca3713c088f8531b2f3e12,content,saved,200,559207,2026-10-09T03:33:10.520630+00:00,2026-10-09T03:33:12.360287+00:00,7ef2dbf0aad300344c17def03a5d99bc5a47ce1e7e13a358de20234d70435e64,work_packages/M1_source_access/27_newspaper_context_recovery_20261008/social_public_api/continuations/20261009_public_native_expansion/worker/raw/feca3713c088f8531b2f3e12.bin.gz,,,
bluesky,ff74694923661c64fe4b1ae4,content,saved,200,500034,2026-10-09T03:31:17.569937+00:00,2026-10-09T03:31:19.846434+00:00,0b22a9b68182883530826848ec85d15d8f7cd8432b890635accf58e546654a7b,work_packages/M1_source_access/27_newspaper_context_recovery_20261008/social_public_api/continuations/20261009_public_native_expansion/worker/raw/ff74694923661c64fe4b1ae4.bin.gz,,,
mastodon_ie,ffaca26bf427673ffea15da6,content,saved,200,157869,2026-10-09T02:55:06.091919+00:00,2026-10-09T02:55:11.894652+00:00,6c108f02d394d7791bc077020bbefd9c09cffe0c12132476704002ea20c4f495,work_packages/M1_source_access/27_newspaper_context_recovery_20261008/social_public_api/continuations/20261009_public_native_expansion/worker/raw/ffaca26bf427673ffea15da6.bin.gz,,,
bluesky,ffd36eddc22a949c84013ed0,content,saved,200,11,2026-10-09T03:21:09.397481+00:00,2026-10-09T03:21:13.163543+00:00,ff620ad62f8de5fbc1a439d6cfe08cd5bd3583d045bd998ffd8458857a70248a,work_packages/M1_source_access/27_newspaper_context_recovery_20261008/social_public_api/continuations/20261009_public_native_expansion/worker/raw/ffd36eddc22a949c84013ed0.bin.gz,,,
