month,analysis_frame,stratum,native_article_IDs,known_work_families,source_titles,two_work_floor_met,additional_required,partial_month
1988-01,newspaper,pooled,0,0,0,False,2,False
1988-02,newspaper,pooled,0,0,0,False,2,False
1988-03,newspaper,pooled,0,0,0,False,2,False
1988-04,newspaper,pooled,0,0,0,False,2,False
1988-05,newspaper,pooled,0,0,0,False,2,False
1988-06,newspaper,pooled,0,0,0,False,2,False
1988-07,newspaper,pooled,0,0,0,False,2,False
1988-08,newspaper,pooled,0,0,0,False,2,False
1988-09,newspaper,pooled,0,0,0,False,2,False
1988-10,newspaper,pooled,0,0,0,False,2,False
1988-11,newspaper,pooled,0,0,0,False,2,False
1988-12,newspaper,pooled,0,0,0,False,2,False
1989-01,newspaper,pooled,0,0,0,False,2,False
1989-02,newspaper,pooled,0,0,0,False,2,False
1989-03,newspaper,pooled,0,0,0,False,2,False
1989-04,newspaper,pooled,0,0,0,False,2,False
1989-05,newspaper,pooled,0,0,0,False,2,False
1989-06,newspaper,pooled,0,0,0,False,2,False
1989-07,newspaper,pooled,0,0,0,False,2,False
1989-08,newspaper,pooled,0,0,0,False,2,False
1989-09,newspaper,pooled,0,0,0,False,2,False
1989-10,newspaper,pooled,0,0,0,False,2,False
1989-11,newspaper,pooled,0,0,0,False,2,False
1989-12,newspaper,pooled,0,0,0,False,2,False
1990-01,newspaper,pooled,0,0,0,False,2,False
1990-02,newspaper,pooled,0,0,0,False,2,False
1990-03,newspaper,pooled,0,0,0,False,2,False
1990-04,newspaper,pooled,0,0,0,False,2,False
1990-05,newspaper,pooled,0,0,0,False,2,False
1990-06,newspaper,pooled,0,0,0,False,2,False
1990-07,newspaper,pooled,0,0,0,False,2,False
1990-08,newspaper,pooled,0,0,0,False,2,False
1990-09,newspaper,pooled,0,0,0,False,2,False
1990-10,newspaper,pooled,0,0,0,False,2,False
1990-11,newspaper,pooled,0,0,0,False,2,False
1990-12,newspaper,pooled,0,0,0,False,2,False
1991-01,newspaper,pooled,0,0,0,False,2,False
1991-02,newspaper,pooled,40,40,1,True,0,False
1991-03,newspaper,pooled,53,53,1,True,0,False
1991-04,newspaper,pooled,48,48,1,True,0,False
1991-05,newspaper,pooled,50,50,1,True,0,False
1991-06,newspaper,pooled,46,46,1,True,0,False
1991-07,newspaper,pooled,50,50,1,True,0,False
1991-08,newspaper,pooled,43,43,1,True,0,False
1991-09,newspaper,pooled,49,49,1,True,0,False
1991-10,newspaper,pooled,54,54,1,True,0,False
1991-11,newspaper,pooled,49,49,1,True,0,False
1991-12,newspaper,pooled,44,44,1,True,0,False
1992-01,newspaper,pooled,42,42,1,True,0,False
1992-02,newspaper,pooled,48,48,1,True,0,False
1992-03,newspaper,pooled,57,57,1,True,0,False
1992-04,newspaper,pooled,48,48,1,True,0,False
1992-05,newspaper,pooled,55,55,1,True,0,False
1992-06,newspaper,pooled,57,57,1,True,0,False
1992-07,newspaper,pooled,28,28,1,True,0,False
1992-08,newspaper,pooled,2,2,1,True,0,False
1992-09,newspaper,pooled,2,2,1,True,0,False
1992-10,newspaper,pooled,2,2,1,True,0,False
1992-11,newspaper,pooled,2,2,1,True,0,False
1992-12,newspaper,pooled,2,2,1,True,0,False
1993-01,newspaper,pooled,2,2,1,True,0,False
1993-02,newspaper,pooled,2,2,1,True,0,False
1993-03,newspaper,pooled,2,2,1,True,0,False
1993-04,newspaper,pooled,2,2,1,True,0,False
1993-05,newspaper,pooled,2,2,1,True,0,False
1993-06,newspaper,pooled,2,2,1,True,0,False
1993-07,newspaper,pooled,2,2,1,True,0,False
1993-08,newspaper,pooled,2,2,1,True,0,False
1993-09,newspaper,pooled,2,2,1,True,0,False
1993-10,newspaper,pooled,2,2,1,True,0,False
1993-11,newspaper,pooled,72,72,1,True,0,False
1993-12,newspaper,pooled,2,2,1,True,0,False
1994-01,newspaper,pooled,2,2,1,True,0,False
1994-02,newspaper,pooled,2,2,1,True,0,False
1994-03,newspaper,pooled,2,2,1,True,0,False
1994-04,newspaper,pooled,2,2,1,True,0,False
1994-05,newspaper,pooled,2,2,1,True,0,False
1994-06,newspaper,pooled,2,2,1,True,0,False
1994-07,newspaper,pooled,2,2,1,True,0,False
1994-08,newspaper,pooled,2,2,1,True,0,False
1994-09,newspaper,pooled,2,2,1,True,0,False
1994-10,newspaper,pooled,2,2,1,True,0,False
1994-11,newspaper,pooled,2,2,1,True,0,False
1994-12,newspaper,pooled,2,2,1,True,0,False
1995-01,newspaper,pooled,2,2,1,True,0,False
1995-02,newspaper,pooled,2,2,1,True,0,False
1995-03,newspaper,pooled,2,2,1,True,0,False
1995-04,newspaper,pooled,2,2,1,True,0,False
1995-05,newspaper,pooled,2,2,1,True,0,False
1995-06,newspaper,pooled,2,2,1,True,0,False
1995-07,newspaper,pooled,2,2,1,True,0,False
1995-08,newspaper,pooled,2,2,1,True,0,False
1995-09,newspaper,pooled,2,2,1,True,0,False
1995-10,newspaper,pooled,2,2,1,True,0,False
1995-11,newspaper,pooled,2,2,1,True,0,False
1995-12,newspaper,pooled,2,2,1,True,0,False
1996-01,newspaper,pooled,2,2,1,True,0,False
1996-02,newspaper,pooled,2,2,1,True,0,False
1996-03,newspaper,pooled,2,2,1,True,0,False
1996-04,newspaper,pooled,2,2,1,True,0,False
1996-05,newspaper,pooled,2,2,1,True,0,False
1996-06,newspaper,pooled,2,2,1,True,0,False
1996-07,newspaper,pooled,2,2,1,True,0,False
1996-08,newspaper,pooled,2,2,1,True,0,False
1996-09,newspaper,pooled,2,2,1,True,0,False
1996-10,newspaper,pooled,2,2,1,True,0,False
1996-11,newspaper,pooled,2,2,1,True,0,False
1996-12,newspaper,pooled,2,2,1,True,0,False
1997-01,newspaper,pooled,2,2,1,True,0,False
1997-02,newspaper,pooled,2,2,1,True,0,False
1997-03,newspaper,pooled,2,2,1,True,0,False
1997-04,newspaper,pooled,2,2,1,True,0,False
1997-05,newspaper,pooled,2,2,1,True,0,False
1997-06,newspaper,pooled,2,2,1,True,0,False
1997-07,newspaper,pooled,2,2,1,True,0,False
1997-08,newspaper,pooled,2,2,1,True,0,False
1997-09,newspaper,pooled,2,2,1,True,0,False
1997-10,newspaper,pooled,2,2,1,True,0,False
1997-11,newspaper,pooled,2,2,1,True,0,False
1997-12,newspaper,pooled,2,2,1,True,0,False
1998-01,newspaper,pooled,2,2,1,True,0,False
1998-02,newspaper,pooled,2,2,1,True,0,False
1998-03,newspaper,pooled,2,2,1,True,0,False
1998-04,newspaper,pooled,2,2,1,True,0,False
1998-05,newspaper,pooled,2,2,1,True,0,False
1998-06,newspaper,pooled,2,2,1,True,0,False
1998-07,newspaper,pooled,2,2,1,True,0,False
1998-08,newspaper,pooled,2,2,1,True,0,False
1998-09,newspaper,pooled,2,2,1,True,0,False
1998-10,newspaper,pooled,2,2,1,True,0,False
1998-11,newspaper,pooled,2,2,1,True,0,False
1998-12,newspaper,pooled,2,2,1,True,0,False
1999-01,newspaper,pooled,2,2,1,True,0,False
1999-02,newspaper,pooled,2,2,1,True,0,False
1999-03,newspaper,pooled,2,2,1,True,0,False
1999-04,newspaper,pooled,2,2,1,True,0,False
1999-05,newspaper,pooled,2,2,1,True,0,False
1999-06,newspaper,pooled,2,2,1,True,0,False
1999-07,newspaper,pooled,2,2,1,True,0,False
1999-08,newspaper,pooled,2,2,1,True,0,False
1999-09,newspaper,pooled,0,0,0,False,2,False
1999-10,newspaper,pooled,0,0,0,False,2,False
1999-11,newspaper,pooled,13,13,2,True,0,False
1999-12,newspaper,pooled,2,2,1,True,0,False
2000-01,newspaper,pooled,2,2,1,True,0,False
2000-02,newspaper,pooled,2,2,1,True,0,False
2000-03,newspaper,pooled,2,2,1,True,0,False
2000-04,newspaper,pooled,2,2,1,True,0,False
2000-05,newspaper,pooled,2,2,1,True,0,False
2000-06,newspaper,pooled,2,2,1,True,0,False
2000-07,newspaper,pooled,2,2,1,True,0,False
2000-08,newspaper,pooled,2,2,1,True,0,False
2000-09,newspaper,pooled,2,2,1,True,0,False
2000-10,newspaper,pooled,2,2,1,True,0,False
2000-11,newspaper,pooled,2,2,1,True,0,False
2000-12,newspaper,pooled,2,2,1,True,0,False
2001-01,newspaper,pooled,2,2,1,True,0,False
2001-02,newspaper,pooled,2,2,1,True,0,False
2001-03,newspaper,pooled,2,2,1,True,0,False
2001-04,newspaper,pooled,2,2,1,True,0,False
2001-05,newspaper,pooled,2,2,1,True,0,False
2001-06,newspaper,pooled,2,2,1,True,0,False
2001-07,newspaper,pooled,2,2,1,True,0,False
2001-08,newspaper,pooled,2,2,1,True,0,False
2001-09,newspaper,pooled,2,2,1,True,0,False
2001-10,newspaper,pooled,2,2,1,True,0,False
2001-11,newspaper,pooled,2,2,1,True,0,False
2001-12,newspaper,pooled,2,2,1,True,0,False
2002-01,newspaper,pooled,2,2,1,True,0,False
2002-02,newspaper,pooled,2,2,1,True,0,False
2002-03,newspaper,pooled,2,2,1,True,0,False
2002-04,newspaper,pooled,2,2,1,True,0,False
2002-05,newspaper,pooled,2,2,1,True,0,False
2002-06,newspaper,pooled,2,2,1,True,0,False
2002-07,newspaper,pooled,2,2,1,True,0,False
2002-08,newspaper,pooled,2,2,1,True,0,False
2002-09,newspaper,pooled,2,2,1,True,0,False
2002-10,newspaper,pooled,2,2,1,True,0,False
2002-11,newspaper,pooled,2,2,1,True,0,False
2002-12,newspaper,pooled,2,2,1,True,0,False
2003-01,newspaper,pooled,2,2,1,True,0,False
2003-02,newspaper,pooled,2,2,1,True,0,False
2003-03,newspaper,pooled,2,2,1,True,0,False
2003-04,newspaper,pooled,2,2,1,True,0,False
2003-05,newspaper,pooled,2,2,1,True,0,False
2003-06,newspaper,pooled,2,2,1,True,0,False
2003-07,newspaper,pooled,2,2,1,True,0,False
2003-08,newspaper,pooled,2,2,1,True,0,False
2003-09,newspaper,pooled,2,2,1,True,0,False
2003-10,newspaper,pooled,2,2,1,True,0,False
2003-11,newspaper,pooled,2,2,1,True,0,False
2003-12,newspaper,pooled,2,2,1,True,0,False
2004-01,newspaper,pooled,2,2,1,True,0,False
2004-02,newspaper,pooled,2,2,1,True,0,False
2004-03,newspaper,pooled,0,0,0,False,2,False
2004-04,newspaper,pooled,0,0,0,False,2,False
2004-05,newspaper,pooled,0,0,0,False,2,False
2004-06,newspaper,pooled,0,0,0,False,2,False
2004-07,newspaper,pooled,1,1,1,False,1,False
2004-08,newspaper,pooled,4,4,1,True,0,False
2004-09,newspaper,pooled,7,7,1,True,0,False
2004-10,newspaper,pooled,9,9,1,True,0,False
2004-11,newspaper,pooled,0,0,0,False,2,False
2004-12,newspaper,pooled,1,1,1,False,1,False
2005-01,newspaper,pooled,5,5,1,True,0,False
2005-02,newspaper,pooled,82,81,1,True,0,False
2005-03,newspaper,pooled,35,35,1,True,0,False
2005-04,newspaper,pooled,2,2,1,True,0,False
2005-05,newspaper,pooled,2,2,1,True,0,False
2005-06,newspaper,pooled,2,2,1,True,0,False
2005-07,newspaper,pooled,2,2,1,True,0,False
2005-08,newspaper,pooled,2,2,1,True,0,False
2005-09,newspaper,pooled,0,0,0,False,2,False
2005-10,newspaper,pooled,0,0,0,False,2,False
2005-11,newspaper,pooled,0,0,0,False,2,False
2005-12,newspaper,pooled,0,0,0,False,2,False
2006-01,newspaper,pooled,0,0,0,False,2,False
2006-02,newspaper,pooled,0,0,0,False,2,False
2006-03,newspaper,pooled,0,0,0,False,2,False
2006-04,newspaper,pooled,0,0,0,False,2,False
2006-05,newspaper,pooled,0,0,0,False,2,False
2006-06,newspaper,pooled,0,0,0,False,2,False
2006-07,newspaper,pooled,0,0,0,False,2,False
2006-08,newspaper,pooled,0,0,0,False,2,False
2006-09,newspaper,pooled,0,0,0,False,2,False
2006-10,newspaper,pooled,0,0,0,False,2,False
2006-11,newspaper,pooled,0,0,0,False,2,False
2006-12,newspaper,pooled,0,0,0,False,2,False
2007-01,newspaper,pooled,0,0,0,False,2,False
2007-02,newspaper,pooled,0,0,0,False,2,False
2007-03,newspaper,pooled,0,0,0,False,2,False
2007-04,newspaper,pooled,0,0,0,False,2,False
2007-05,newspaper,pooled,0,0,0,False,2,False
2007-06,newspaper,pooled,0,0,0,False,2,False
2007-07,newspaper,pooled,0,0,0,False,2,False
2007-08,newspaper,pooled,0,0,0,False,2,False
2007-09,newspaper,pooled,0,0,0,False,2,False
2007-10,newspaper,pooled,0,0,0,False,2,False
2007-11,newspaper,pooled,0,0,0,False,2,False
2007-12,newspaper,pooled,0,0,0,False,2,False
2008-01,newspaper,pooled,0,0,0,False,2,False
2008-02,newspaper,pooled,6,6,1,True,0,False
2008-03,newspaper,pooled,2,2,1,True,0,False
2008-04,newspaper,pooled,1,1,1,False,1,False
2008-05,newspaper,pooled,2,2,1,True,0,False
2008-06,newspaper,pooled,2,2,1,True,0,False
2008-07,newspaper,pooled,2,2,1,True,0,False
2008-08,newspaper,pooled,2,2,1,True,0,False
2008-09,newspaper,pooled,5,5,1,True,0,False
2008-10,newspaper,pooled,2,2,1,True,0,False
2008-11,newspaper,pooled,5,5,1,True,0,False
2008-12,newspaper,pooled,0,0,0,False,2,False
2009-01,newspaper,pooled,9,9,1,True,0,False
2009-02,newspaper,pooled,0,0,0,False,2,False
2009-03,newspaper,pooled,0,0,0,False,2,False
2009-04,newspaper,pooled,0,0,0,False,2,False
2009-05,newspaper,pooled,0,0,0,False,2,False
2009-06,newspaper,pooled,1,1,1,False,1,False
2009-07,newspaper,pooled,0,0,0,False,2,False
2009-08,newspaper,pooled,0,0,0,False,2,False
2009-09,newspaper,pooled,1,1,1,False,1,False
2009-10,newspaper,pooled,0,0,0,False,2,False
2009-11,newspaper,pooled,0,0,0,False,2,False
2009-12,newspaper,pooled,0,0,0,False,2,False
2010-01,newspaper,pooled,1,1,1,False,1,False
2010-02,newspaper,pooled,3,3,1,True,0,False
2010-03,newspaper,pooled,1,1,1,False,1,False
2010-04,newspaper,pooled,0,0,0,False,2,False
2010-05,newspaper,pooled,0,0,0,False,2,False
2010-06,newspaper,pooled,2,2,1,True,0,False
2010-07,newspaper,pooled,0,0,0,False,2,False
2010-08,newspaper,pooled,0,0,0,False,2,False
2010-09,newspaper,pooled,0,0,0,False,2,False
2010-10,newspaper,pooled,0,0,0,False,2,False
2010-11,newspaper,pooled,0,0,0,False,2,False
2010-12,newspaper,pooled,0,0,0,False,2,False
2011-01,newspaper,pooled,0,0,0,False,2,False
2011-02,newspaper,pooled,0,0,0,False,2,False
2011-03,newspaper,pooled,0,0,0,False,2,False
2011-04,newspaper,pooled,9,9,1,True,0,False
2011-05,newspaper,pooled,0,0,0,False,2,False
2011-06,newspaper,pooled,0,0,0,False,2,False
2011-07,newspaper,pooled,0,0,0,False,2,False
2011-08,newspaper,pooled,0,0,0,False,2,False
2011-09,newspaper,pooled,0,0,0,False,2,False
2011-10,newspaper,pooled,0,0,0,False,2,False
2011-11,newspaper,pooled,0,0,0,False,2,False
2011-12,newspaper,pooled,0,0,0,False,2,False
2012-01,newspaper,pooled,0,0,0,False,2,False
2012-02,newspaper,pooled,2,2,1,True,0,False
2012-03,newspaper,pooled,1,1,1,False,1,False
2012-04,newspaper,pooled,2,2,1,True,0,False
2012-05,newspaper,pooled,2,2,1,True,0,False
2012-06,newspaper,pooled,2,2,1,True,0,False
2012-07,newspaper,pooled,1,1,1,False,1,False
2012-08,newspaper,pooled,3,3,1,True,0,False
2012-09,newspaper,pooled,2,2,1,True,0,False
2012-10,newspaper,pooled,2,2,1,True,0,False
2012-11,newspaper,pooled,3,3,1,True,0,False
2012-12,newspaper,pooled,1,1,1,False,1,False
2013-01,newspaper,pooled,2,2,1,True,0,False
2013-02,newspaper,pooled,2,2,1,True,0,False
2013-03,newspaper,pooled,2,2,1,True,0,False
2013-04,newspaper,pooled,2,2,1,True,0,False
2013-05,newspaper,pooled,2,2,1,True,0,False
2013-06,newspaper,pooled,3,3,1,True,0,False
2013-07,newspaper,pooled,101,100,2,True,0,False
2013-08,newspaper,pooled,1,1,1,False,1,False
2013-09,newspaper,pooled,2,2,1,True,0,False
2013-10,newspaper,pooled,1,1,1,False,1,False
2013-11,newspaper,pooled,0,0,0,False,2,False
2013-12,newspaper,pooled,1,1,1,False,1,False
2014-01,newspaper,pooled,5,5,2,True,0,False
2014-02,newspaper,pooled,2,2,1,True,0,False
2014-03,newspaper,pooled,2,2,1,True,0,False
2014-04,newspaper,pooled,31,31,1,True,0,False
2014-05,newspaper,pooled,44,44,1,True,0,False
2014-06,newspaper,pooled,36,36,1,True,0,False
2014-07,newspaper,pooled,23,23,1,True,0,False
2014-08,newspaper,pooled,52,52,1,True,0,False
2014-09,newspaper,pooled,48,48,1,True,0,False
2014-10,newspaper,pooled,28,27,1,True,0,False
2014-11,newspaper,pooled,100,100,1,True,0,False
2014-12,newspaper,pooled,0,0,0,False,2,False
2015-01,newspaper,pooled,0,0,0,False,2,False
2015-02,newspaper,pooled,0,0,0,False,2,False
2015-03,newspaper,pooled,1,1,1,False,1,False
2015-04,newspaper,pooled,3,3,1,True,0,False
2015-05,newspaper,pooled,0,0,0,False,2,False
2015-06,newspaper,pooled,0,0,0,False,2,False
2015-07,newspaper,pooled,0,0,0,False,2,False
2015-08,newspaper,pooled,0,0,0,False,2,False
2015-09,newspaper,pooled,0,0,0,False,2,False
2015-10,newspaper,pooled,0,0,0,False,2,False
2015-11,newspaper,pooled,0,0,0,False,2,False
2015-12,newspaper,pooled,0,0,0,False,2,False
2016-01,newspaper,pooled,0,0,0,False,2,False
2016-02,newspaper,pooled,0,0,0,False,2,False
2016-03,newspaper,pooled,0,0,0,False,2,False
2016-04,newspaper,pooled,100,100,1,True,0,False
2016-05,newspaper,pooled,0,0,0,False,2,False
2016-06,newspaper,pooled,0,0,0,False,2,False
2016-07,newspaper,pooled,0,0,0,False,2,False
2016-08,newspaper,pooled,0,0,0,False,2,False
2016-09,newspaper,pooled,0,0,0,False,2,False
2016-10,newspaper,pooled,0,0,0,False,2,False
2016-11,newspaper,pooled,0,0,0,False,2,False
2016-12,newspaper,pooled,0,0,0,False,2,False
2017-01,newspaper,pooled,0,0,0,False,2,False
2017-02,newspaper,pooled,0,0,0,False,2,False
2017-03,newspaper,pooled,0,0,0,False,2,False
2017-04,newspaper,pooled,0,0,0,False,2,False
2017-05,newspaper,pooled,68,68,1,True,0,False
2017-06,newspaper,pooled,33,33,2,True,0,False
2017-07,newspaper,pooled,0,0,0,False,2,False
2017-08,newspaper,pooled,0,0,0,False,2,False
2017-09,newspaper,pooled,0,0,0,False,2,False
2017-10,newspaper,pooled,0,0,0,False,2,False
2017-11,newspaper,pooled,0,0,0,False,2,False
2017-12,newspaper,pooled,11,11,1,True,0,False
2018-01,newspaper,pooled,2,2,1,True,0,False
2018-02,newspaper,pooled,94,94,1,True,0,False
2018-03,newspaper,pooled,8,8,2,True,0,False
2018-04,newspaper,pooled,9,9,1,True,0,False
2018-05,newspaper,pooled,11,11,1,True,0,False
2018-06,newspaper,pooled,7,7,1,True,0,False
2018-07,newspaper,pooled,5,5,1,True,0,False
2018-08,newspaper,pooled,2,2,1,True,0,False
2018-09,newspaper,pooled,7,7,1,True,0,False
2018-10,newspaper,pooled,6,6,1,True,0,False
2018-11,newspaper,pooled,0,0,0,False,2,False
2018-12,newspaper,pooled,9,9,1,True,0,False
2019-01,newspaper,pooled,4,4,1,True,0,False
2019-02,newspaper,pooled,7,7,1,True,0,False
2019-03,newspaper,pooled,11,11,1,True,0,False
2019-04,newspaper,pooled,13,13,2,True,0,False
2019-05,newspaper,pooled,15,15,1,True,0,False
2019-06,newspaper,pooled,7,7,1,True,0,False
2019-07,newspaper,pooled,8,8,1,True,0,False
2019-08,newspaper,pooled,14,14,1,True,0,False
2019-09,newspaper,pooled,9,9,1,True,0,False
2019-10,newspaper,pooled,7,7,1,True,0,False
2019-11,newspaper,pooled,13,13,1,True,0,False
2019-12,newspaper,pooled,5,5,1,True,0,False
2020-01,newspaper,pooled,5,5,1,True,0,False
2020-02,newspaper,pooled,8,8,1,True,0,False
2020-03,newspaper,pooled,9,9,1,True,0,False
2020-04,newspaper,pooled,11,11,1,True,0,False
2020-05,newspaper,pooled,9,9,1,True,0,False
2020-06,newspaper,pooled,10,10,1,True,0,False
2020-07,newspaper,pooled,119,119,3,True,0,False
2020-08,newspaper,pooled,10,10,1,True,0,False
2020-09,newspaper,pooled,8,8,1,True,0,False
2020-10,newspaper,pooled,11,11,1,True,0,False
2020-11,newspaper,pooled,10,10,1,True,0,False
2020-12,newspaper,pooled,11,11,1,True,0,False
2021-01,newspaper,pooled,7,7,1,True,0,False
2021-02,newspaper,pooled,12,12,1,True,0,False
2021-03,newspaper,pooled,11,11,1,True,0,False
2021-04,newspaper,pooled,6,6,1,True,0,False
2021-05,newspaper,pooled,0,0,0,False,2,False
2021-06,newspaper,pooled,0,0,0,False,2,False
2021-07,newspaper,pooled,0,0,0,False,2,False
2021-08,newspaper,pooled,0,0,0,False,2,False
2021-09,newspaper,pooled,0,0,0,False,2,False
2021-10,newspaper,pooled,5,5,1,True,0,False
2021-11,newspaper,pooled,0,0,0,False,2,False
2021-12,newspaper,pooled,0,0,0,False,2,False
2022-01,newspaper,pooled,2,2,1,True,0,False
2022-02,newspaper,pooled,0,0,0,False,2,False
2022-03,newspaper,pooled,0,0,0,False,2,False
2022-04,newspaper,pooled,0,0,0,False,2,False
2022-05,newspaper,pooled,0,0,0,False,2,False
2022-06,newspaper,pooled,96,96,1,True,0,False
2022-07,newspaper,pooled,1,1,1,False,1,False
2022-08,newspaper,pooled,0,0,0,False,2,False
2022-09,newspaper,pooled,0,0,0,False,2,False
2022-10,newspaper,pooled,0,0,0,False,2,False
2022-11,newspaper,pooled,0,0,0,False,2,False
2022-12,newspaper,pooled,0,0,0,False,2,False
2023-01,newspaper,pooled,0,0,0,False,2,False
2023-02,newspaper,pooled,0,0,0,False,2,False
2023-03,newspaper,pooled,0,0,0,False,2,False
2023-04,newspaper,pooled,1,1,1,False,1,False
2023-05,newspaper,pooled,0,0,0,False,2,False
2023-06,newspaper,pooled,0,0,0,False,2,False
2023-07,newspaper,pooled,0,0,0,False,2,False
2023-08,newspaper,pooled,0,0,0,False,2,False
2023-09,newspaper,pooled,0,0,0,False,2,False
2023-10,newspaper,pooled,0,0,0,False,2,False
2023-11,newspaper,pooled,0,0,0,False,2,False
2023-12,newspaper,pooled,0,0,0,False,2,False
2024-01,newspaper,pooled,0,0,0,False,2,False
2024-02,newspaper,pooled,100,97,1,True,0,False
2024-03,newspaper,pooled,0,0,0,False,2,False
2024-04,newspaper,pooled,0,0,0,False,2,False
2024-05,newspaper,pooled,0,0,0,False,2,False
2024-06,newspaper,pooled,1,1,1,False,1,False
2024-07,newspaper,pooled,78,78,1,True,0,False
2024-08,newspaper,pooled,105,105,1,True,0,False
2024-09,newspaper,pooled,2,2,1,True,0,False
2024-10,newspaper,pooled,2,2,1,True,0,False
2024-11,newspaper,pooled,2,2,1,True,0,False
2024-12,newspaper,pooled,2,2,1,True,0,False
2025-01,newspaper,pooled,2,2,1,True,0,False
2025-02,newspaper,pooled,2,2,1,True,0,False
2025-03,newspaper,pooled,0,0,0,False,2,False
2025-04,newspaper,pooled,0,0,0,False,2,False
2025-05,newspaper,pooled,0,0,0,False,2,False
2025-06,newspaper,pooled,0,0,0,False,2,False
2025-07,newspaper,pooled,0,0,0,False,2,False
2025-08,newspaper,pooled,0,0,0,False,2,False
2025-09,newspaper,pooled,0,0,0,False,2,False
2025-10,newspaper,pooled,1,1,1,False,1,False
2025-11,newspaper,pooled,0,0,0,False,2,False
2025-12,newspaper,pooled,0,0,0,False,2,False
2026-01,newspaper,pooled,0,0,0,False,2,False
2026-02,newspaper,pooled,0,0,0,False,2,False
2026-03,newspaper,pooled,0,0,0,False,2,False
2026-04,newspaper,pooled,0,0,0,False,2,False
2026-05,newspaper,pooled,0,0,0,False,2,False
2026-06,newspaper,pooled,0,0,0,False,2,False
2026-07,newspaper,pooled,0,0,0,False,2,False
2026-08,newspaper,pooled,0,0,0,False,2,False
2026-09,newspaper,pooled,0,0,0,False,2,True
1988-01,newspaper,EU/Europe excluding UK,0,0,0,False,2,False
1988-02,newspaper,EU/Europe excluding UK,0,0,0,False,2,False
1988-03,newspaper,EU/Europe excluding UK,0,0,0,False,2,False
1988-04,newspaper,EU/Europe excluding UK,0,0,0,False,2,False
1988-05,newspaper,EU/Europe excluding UK,0,0,0,False,2,False
1988-06,newspaper,EU/Europe excluding UK,0,0,0,False,2,False
1988-07,newspaper,EU/Europe excluding UK,0,0,0,False,2,False
1988-08,newspaper,EU/Europe excluding UK,0,0,0,False,2,False
1988-09,newspaper,EU/Europe excluding UK,0,0,0,False,2,False
1988-10,newspaper,EU/Europe excluding UK,0,0,0,False,2,False
1988-11,newspaper,EU/Europe excluding UK,0,0,0,False,2,False
1988-12,newspaper,EU/Europe excluding UK,0,0,0,False,2,False
1989-01,newspaper,EU/Europe excluding UK,0,0,0,False,2,False
1989-02,newspaper,EU/Europe excluding UK,0,0,0,False,2,False
1989-03,newspaper,EU/Europe excluding UK,0,0,0,False,2,False
1989-04,newspaper,EU/Europe excluding UK,0,0,0,False,2,False
1989-05,newspaper,EU/Europe excluding UK,0,0,0,False,2,False
1989-06,newspaper,EU/Europe excluding UK,0,0,0,False,2,False
1989-07,newspaper,EU/Europe excluding UK,0,0,0,False,2,False
1989-08,newspaper,EU/Europe excluding UK,0,0,0,False,2,False
1989-09,newspaper,EU/Europe excluding UK,0,0,0,False,2,False
1989-10,newspaper,EU/Europe excluding UK,0,0,0,False,2,False
1989-11,newspaper,EU/Europe excluding UK,0,0,0,False,2,False
1989-12,newspaper,EU/Europe excluding UK,0,0,0,False,2,False
1990-01,newspaper,EU/Europe excluding UK,0,0,0,False,2,False
1990-02,newspaper,EU/Europe excluding UK,0,0,0,False,2,False
1990-03,newspaper,EU/Europe excluding UK,0,0,0,False,2,False
1990-04,newspaper,EU/Europe excluding UK,0,0,0,False,2,False
1990-05,newspaper,EU/Europe excluding UK,0,0,0,False,2,False
1990-06,newspaper,EU/Europe excluding UK,0,0,0,False,2,False
1990-07,newspaper,EU/Europe excluding UK,0,0,0,False,2,False
1990-08,newspaper,EU/Europe excluding UK,0,0,0,False,2,False
1990-09,newspaper,EU/Europe excluding UK,0,0,0,False,2,False
1990-10,newspaper,EU/Europe excluding UK,0,0,0,False,2,False
1990-11,newspaper,EU/Europe excluding UK,0,0,0,False,2,False
1990-12,newspaper,EU/Europe excluding UK,0,0,0,False,2,False
1991-01,newspaper,EU/Europe excluding UK,0,0,0,False,2,False
1991-02,newspaper,EU/Europe excluding UK,0,0,0,False,2,False
1991-03,newspaper,EU/Europe excluding UK,0,0,0,False,2,False
1991-04,newspaper,EU/Europe excluding UK,0,0,0,False,2,False
1991-05,newspaper,EU/Europe excluding UK,0,0,0,False,2,False
1991-06,newspaper,EU/Europe excluding UK,0,0,0,False,2,False
1991-07,newspaper,EU/Europe excluding UK,0,0,0,False,2,False
1991-08,newspaper,EU/Europe excluding UK,0,0,0,False,2,False
1991-09,newspaper,EU/Europe excluding UK,0,0,0,False,2,False
1991-10,newspaper,EU/Europe excluding UK,0,0,0,False,2,False
1991-11,newspaper,EU/Europe excluding UK,0,0,0,False,2,False
1991-12,newspaper,EU/Europe excluding UK,0,0,0,False,2,False
1992-01,newspaper,EU/Europe excluding UK,0,0,0,False,2,False
1992-02,newspaper,EU/Europe excluding UK,0,0,0,False,2,False
1992-03,newspaper,EU/Europe excluding UK,0,0,0,False,2,False
1992-04,newspaper,EU/Europe excluding UK,0,0,0,False,2,False
1992-05,newspaper,EU/Europe excluding UK,0,0,0,False,2,False
1992-06,newspaper,EU/Europe excluding UK,0,0,0,False,2,False
1992-07,newspaper,EU/Europe excluding UK,0,0,0,False,2,False
1992-08,newspaper,EU/Europe excluding UK,0,0,0,False,2,False
1992-09,newspaper,EU/Europe excluding UK,0,0,0,False,2,False
1992-10,newspaper,EU/Europe excluding UK,0,0,0,False,2,False
1992-11,newspaper,EU/Europe excluding UK,0,0,0,False,2,False
1992-12,newspaper,EU/Europe excluding UK,0,0,0,False,2,False
1993-01,newspaper,EU/Europe excluding UK,0,0,0,False,2,False
1993-02,newspaper,EU/Europe excluding UK,0,0,0,False,2,False
1993-03,newspaper,EU/Europe excluding UK,0,0,0,False,2,False
1993-04,newspaper,EU/Europe excluding UK,0,0,0,False,2,False
1993-05,newspaper,EU/Europe excluding UK,0,0,0,False,2,False
1993-06,newspaper,EU/Europe excluding UK,0,0,0,False,2,False
1993-07,newspaper,EU/Europe excluding UK,0,0,0,False,2,False
1993-08,newspaper,EU/Europe excluding UK,0,0,0,False,2,False
1993-09,newspaper,EU/Europe excluding UK,0,0,0,False,2,False
1993-10,newspaper,EU/Europe excluding UK,0,0,0,False,2,False
1993-11,newspaper,EU/Europe excluding UK,0,0,0,False,2,False
1993-12,newspaper,EU/Europe excluding UK,0,0,0,False,2,False
1994-01,newspaper,EU/Europe excluding UK,0,0,0,False,2,False
1994-02,newspaper,EU/Europe excluding UK,0,0,0,False,2,False
1994-03,newspaper,EU/Europe excluding UK,0,0,0,False,2,False
1994-04,newspaper,EU/Europe excluding UK,0,0,0,False,2,False
1994-05,newspaper,EU/Europe excluding UK,0,0,0,False,2,False
1994-06,newspaper,EU/Europe excluding UK,0,0,0,False,2,False
1994-07,newspaper,EU/Europe excluding UK,0,0,0,False,2,False
1994-08,newspaper,EU/Europe excluding UK,0,0,0,False,2,False
1994-09,newspaper,EU/Europe excluding UK,0,0,0,False,2,False
1994-10,newspaper,EU/Europe excluding UK,0,0,0,False,2,False
1994-11,newspaper,EU/Europe excluding UK,0,0,0,False,2,False
1994-12,newspaper,EU/Europe excluding UK,0,0,0,False,2,False
1995-01,newspaper,EU/Europe excluding UK,0,0,0,False,2,False
1995-02,newspaper,EU/Europe excluding UK,0,0,0,False,2,False
1995-03,newspaper,EU/Europe excluding UK,0,0,0,False,2,False
1995-04,newspaper,EU/Europe excluding UK,0,0,0,False,2,False
1995-05,newspaper,EU/Europe excluding UK,0,0,0,False,2,False
1995-06,newspaper,EU/Europe excluding UK,0,0,0,False,2,False
1995-07,newspaper,EU/Europe excluding UK,0,0,0,False,2,False
1995-08,newspaper,EU/Europe excluding UK,0,0,0,False,2,False
1995-09,newspaper,EU/Europe excluding UK,0,0,0,False,2,False
1995-10,newspaper,EU/Europe excluding UK,0,0,0,False,2,False
1995-11,newspaper,EU/Europe excluding UK,0,0,0,False,2,False
1995-12,newspaper,EU/Europe excluding UK,0,0,0,False,2,False
1996-01,newspaper,EU/Europe excluding UK,0,0,0,False,2,False
1996-02,newspaper,EU/Europe excluding UK,0,0,0,False,2,False
1996-03,newspaper,EU/Europe excluding UK,0,0,0,False,2,False
1996-04,newspaper,EU/Europe excluding UK,0,0,0,False,2,False
1996-05,newspaper,EU/Europe excluding UK,0,0,0,False,2,False
1996-06,newspaper,EU/Europe excluding UK,0,0,0,False,2,False
1996-07,newspaper,EU/Europe excluding UK,0,0,0,False,2,False
1996-08,newspaper,EU/Europe excluding UK,0,0,0,False,2,False
1996-09,newspaper,EU/Europe excluding UK,0,0,0,False,2,False
1996-10,newspaper,EU/Europe excluding UK,0,0,0,False,2,False
1996-11,newspaper,EU/Europe excluding UK,0,0,0,False,2,False
1996-12,newspaper,EU/Europe excluding UK,0,0,0,False,2,False
1997-01,newspaper,EU/Europe excluding UK,0,0,0,False,2,False
1997-02,newspaper,EU/Europe excluding UK,0,0,0,False,2,False
1997-03,newspaper,EU/Europe excluding UK,0,0,0,False,2,False
1997-04,newspaper,EU/Europe excluding UK,0,0,0,False,2,False
1997-05,newspaper,EU/Europe excluding UK,0,0,0,False,2,False
1997-06,newspaper,EU/Europe excluding UK,0,0,0,False,2,False
1997-07,newspaper,EU/Europe excluding UK,0,0,0,False,2,False
1997-08,newspaper,EU/Europe excluding UK,0,0,0,False,2,False
1997-09,newspaper,EU/Europe excluding UK,0,0,0,False,2,False
1997-10,newspaper,EU/Europe excluding UK,0,0,0,False,2,False
1997-11,newspaper,EU/Europe excluding UK,0,0,0,False,2,False
1997-12,newspaper,EU/Europe excluding UK,0,0,0,False,2,False
1998-01,newspaper,EU/Europe excluding UK,0,0,0,False,2,False
1998-02,newspaper,EU/Europe excluding UK,0,0,0,False,2,False
1998-03,newspaper,EU/Europe excluding UK,0,0,0,False,2,False
1998-04,newspaper,EU/Europe excluding UK,0,0,0,False,2,False
1998-05,newspaper,EU/Europe excluding UK,0,0,0,False,2,False
1998-06,newspaper,EU/Europe excluding UK,0,0,0,False,2,False
1998-07,newspaper,EU/Europe excluding UK,0,0,0,False,2,False
1998-08,newspaper,EU/Europe excluding UK,0,0,0,False,2,False
1998-09,newspaper,EU/Europe excluding UK,0,0,0,False,2,False
1998-10,newspaper,EU/Europe excluding UK,0,0,0,False,2,False
1998-11,newspaper,EU/Europe excluding UK,0,0,0,False,2,False
1998-12,newspaper,EU/Europe excluding UK,0,0,0,False,2,False
1999-01,newspaper,EU/Europe excluding UK,0,0,0,False,2,False
1999-02,newspaper,EU/Europe excluding UK,0,0,0,False,2,False
1999-03,newspaper,EU/Europe excluding UK,0,0,0,False,2,False
1999-04,newspaper,EU/Europe excluding UK,0,0,0,False,2,False
1999-05,newspaper,EU/Europe excluding UK,0,0,0,False,2,False
1999-06,newspaper,EU/Europe excluding UK,0,0,0,False,2,False
1999-07,newspaper,EU/Europe excluding UK,0,0,0,False,2,False
1999-08,newspaper,EU/Europe excluding UK,0,0,0,False,2,False
1999-09,newspaper,EU/Europe excluding UK,0,0,0,False,2,False
1999-10,newspaper,EU/Europe excluding UK,0,0,0,False,2,False
1999-11,newspaper,EU/Europe excluding UK,11,11,1,True,0,False
1999-12,newspaper,EU/Europe excluding UK,0,0,0,False,2,False
2000-01,newspaper,EU/Europe excluding UK,0,0,0,False,2,False
2000-02,newspaper,EU/Europe excluding UK,0,0,0,False,2,False
2000-03,newspaper,EU/Europe excluding UK,0,0,0,False,2,False
2000-04,newspaper,EU/Europe excluding UK,0,0,0,False,2,False
2000-05,newspaper,EU/Europe excluding UK,0,0,0,False,2,False
2000-06,newspaper,EU/Europe excluding UK,0,0,0,False,2,False
2000-07,newspaper,EU/Europe excluding UK,0,0,0,False,2,False
2000-08,newspaper,EU/Europe excluding UK,0,0,0,False,2,False
2000-09,newspaper,EU/Europe excluding UK,0,0,0,False,2,False
2000-10,newspaper,EU/Europe excluding UK,0,0,0,False,2,False
2000-11,newspaper,EU/Europe excluding UK,0,0,0,False,2,False
2000-12,newspaper,EU/Europe excluding UK,0,0,0,False,2,False
2001-01,newspaper,EU/Europe excluding UK,0,0,0,False,2,False
2001-02,newspaper,EU/Europe excluding UK,0,0,0,False,2,False
2001-03,newspaper,EU/Europe excluding UK,0,0,0,False,2,False
2001-04,newspaper,EU/Europe excluding UK,0,0,0,False,2,False
2001-05,newspaper,EU/Europe excluding UK,0,0,0,False,2,False
2001-06,newspaper,EU/Europe excluding UK,0,0,0,False,2,False
2001-07,newspaper,EU/Europe excluding UK,0,0,0,False,2,False
2001-08,newspaper,EU/Europe excluding UK,0,0,0,False,2,False
2001-09,newspaper,EU/Europe excluding UK,0,0,0,False,2,False
2001-10,newspaper,EU/Europe excluding UK,0,0,0,False,2,False
2001-11,newspaper,EU/Europe excluding UK,0,0,0,False,2,False
2001-12,newspaper,EU/Europe excluding UK,0,0,0,False,2,False
2002-01,newspaper,EU/Europe excluding UK,0,0,0,False,2,False
2002-02,newspaper,EU/Europe excluding UK,0,0,0,False,2,False
2002-03,newspaper,EU/Europe excluding UK,0,0,0,False,2,False
2002-04,newspaper,EU/Europe excluding UK,0,0,0,False,2,False
2002-05,newspaper,EU/Europe excluding UK,0,0,0,False,2,False
2002-06,newspaper,EU/Europe excluding UK,0,0,0,False,2,False
2002-07,newspaper,EU/Europe excluding UK,0,0,0,False,2,False
2002-08,newspaper,EU/Europe excluding UK,0,0,0,False,2,False
2002-09,newspaper,EU/Europe excluding UK,0,0,0,False,2,False
2002-10,newspaper,EU/Europe excluding UK,0,0,0,False,2,False
2002-11,newspaper,EU/Europe excluding UK,0,0,0,False,2,False
2002-12,newspaper,EU/Europe excluding UK,0,0,0,False,2,False
2003-01,newspaper,EU/Europe excluding UK,0,0,0,False,2,False
2003-02,newspaper,EU/Europe excluding UK,0,0,0,False,2,False
2003-03,newspaper,EU/Europe excluding UK,0,0,0,False,2,False
2003-04,newspaper,EU/Europe excluding UK,0,0,0,False,2,False
2003-05,newspaper,EU/Europe excluding UK,0,0,0,False,2,False
2003-06,newspaper,EU/Europe excluding UK,0,0,0,False,2,False
2003-07,newspaper,EU/Europe excluding UK,0,0,0,False,2,False
2003-08,newspaper,EU/Europe excluding UK,0,0,0,False,2,False
2003-09,newspaper,EU/Europe excluding UK,0,0,0,False,2,False
2003-10,newspaper,EU/Europe excluding UK,0,0,0,False,2,False
2003-11,newspaper,EU/Europe excluding UK,0,0,0,False,2,False
2003-12,newspaper,EU/Europe excluding UK,0,0,0,False,2,False
2004-01,newspaper,EU/Europe excluding UK,0,0,0,False,2,False
2004-02,newspaper,EU/Europe excluding UK,0,0,0,False,2,False
2004-03,newspaper,EU/Europe excluding UK,0,0,0,False,2,False
2004-04,newspaper,EU/Europe excluding UK,0,0,0,False,2,False
2004-05,newspaper,EU/Europe excluding UK,0,0,0,False,2,False
2004-06,newspaper,EU/Europe excluding UK,0,0,0,False,2,False
2004-07,newspaper,EU/Europe excluding UK,1,1,1,False,1,False
2004-08,newspaper,EU/Europe excluding UK,4,4,1,True,0,False
2004-09,newspaper,EU/Europe excluding UK,7,7,1,True,0,False
2004-10,newspaper,EU/Europe excluding UK,9,9,1,True,0,False
2004-11,newspaper,EU/Europe excluding UK,0,0,0,False,2,False
2004-12,newspaper,EU/Europe excluding UK,1,1,1,False,1,False
2005-01,newspaper,EU/Europe excluding UK,5,5,1,True,0,False
2005-02,newspaper,EU/Europe excluding UK,82,81,1,True,0,False
2005-03,newspaper,EU/Europe excluding UK,35,35,1,True,0,False
2005-04,newspaper,EU/Europe excluding UK,2,2,1,True,0,False
2005-05,newspaper,EU/Europe excluding UK,2,2,1,True,0,False
2005-06,newspaper,EU/Europe excluding UK,2,2,1,True,0,False
2005-07,newspaper,EU/Europe excluding UK,2,2,1,True,0,False
2005-08,newspaper,EU/Europe excluding UK,2,2,1,True,0,False
2005-09,newspaper,EU/Europe excluding UK,0,0,0,False,2,False
2005-10,newspaper,EU/Europe excluding UK,0,0,0,False,2,False
2005-11,newspaper,EU/Europe excluding UK,0,0,0,False,2,False
2005-12,newspaper,EU/Europe excluding UK,0,0,0,False,2,False
2006-01,newspaper,EU/Europe excluding UK,0,0,0,False,2,False
2006-02,newspaper,EU/Europe excluding UK,0,0,0,False,2,False
2006-03,newspaper,EU/Europe excluding UK,0,0,0,False,2,False
2006-04,newspaper,EU/Europe excluding UK,0,0,0,False,2,False
2006-05,newspaper,EU/Europe excluding UK,0,0,0,False,2,False
2006-06,newspaper,EU/Europe excluding UK,0,0,0,False,2,False
2006-07,newspaper,EU/Europe excluding UK,0,0,0,False,2,False
2006-08,newspaper,EU/Europe excluding UK,0,0,0,False,2,False
2006-09,newspaper,EU/Europe excluding UK,0,0,0,False,2,False
2006-10,newspaper,EU/Europe excluding UK,0,0,0,False,2,False
2006-11,newspaper,EU/Europe excluding UK,0,0,0,False,2,False
2006-12,newspaper,EU/Europe excluding UK,0,0,0,False,2,False
2007-01,newspaper,EU/Europe excluding UK,0,0,0,False,2,False
2007-02,newspaper,EU/Europe excluding UK,0,0,0,False,2,False
2007-03,newspaper,EU/Europe excluding UK,0,0,0,False,2,False
2007-04,newspaper,EU/Europe excluding UK,0,0,0,False,2,False
2007-05,newspaper,EU/Europe excluding UK,0,0,0,False,2,False
2007-06,newspaper,EU/Europe excluding UK,0,0,0,False,2,False
2007-07,newspaper,EU/Europe excluding UK,0,0,0,False,2,False
2007-08,newspaper,EU/Europe excluding UK,0,0,0,False,2,False
2007-09,newspaper,EU/Europe excluding UK,0,0,0,False,2,False
2007-10,newspaper,EU/Europe excluding UK,0,0,0,False,2,False
2007-11,newspaper,EU/Europe excluding UK,0,0,0,False,2,False
2007-12,newspaper,EU/Europe excluding UK,0,0,0,False,2,False
2008-01,newspaper,EU/Europe excluding UK,0,0,0,False,2,False
2008-02,newspaper,EU/Europe excluding UK,0,0,0,False,2,False
2008-03,newspaper,EU/Europe excluding UK,0,0,0,False,2,False
2008-04,newspaper,EU/Europe excluding UK,0,0,0,False,2,False
2008-05,newspaper,EU/Europe excluding UK,0,0,0,False,2,False
2008-06,newspaper,EU/Europe excluding UK,0,0,0,False,2,False
2008-07,newspaper,EU/Europe excluding UK,0,0,0,False,2,False
2008-08,newspaper,EU/Europe excluding UK,0,0,0,False,2,False
2008-09,newspaper,EU/Europe excluding UK,0,0,0,False,2,False
2008-10,newspaper,EU/Europe excluding UK,0,0,0,False,2,False
2008-11,newspaper,EU/Europe excluding UK,0,0,0,False,2,False
2008-12,newspaper,EU/Europe excluding UK,0,0,0,False,2,False
2009-01,newspaper,EU/Europe excluding UK,0,0,0,False,2,False
2009-02,newspaper,EU/Europe excluding UK,0,0,0,False,2,False
2009-03,newspaper,EU/Europe excluding UK,0,0,0,False,2,False
2009-04,newspaper,EU/Europe excluding UK,0,0,0,False,2,False
2009-05,newspaper,EU/Europe excluding UK,0,0,0,False,2,False
2009-06,newspaper,EU/Europe excluding UK,0,0,0,False,2,False
2009-07,newspaper,EU/Europe excluding UK,0,0,0,False,2,False
2009-08,newspaper,EU/Europe excluding UK,0,0,0,False,2,False
2009-09,newspaper,EU/Europe excluding UK,0,0,0,False,2,False
2009-10,newspaper,EU/Europe excluding UK,0,0,0,False,2,False
2009-11,newspaper,EU/Europe excluding UK,0,0,0,False,2,False
2009-12,newspaper,EU/Europe excluding UK,0,0,0,False,2,False
2010-01,newspaper,EU/Europe excluding UK,0,0,0,False,2,False
2010-02,newspaper,EU/Europe excluding UK,0,0,0,False,2,False
2010-03,newspaper,EU/Europe excluding UK,0,0,0,False,2,False
2010-04,newspaper,EU/Europe excluding UK,0,0,0,False,2,False
2010-05,newspaper,EU/Europe excluding UK,0,0,0,False,2,False
2010-06,newspaper,EU/Europe excluding UK,0,0,0,False,2,False
2010-07,newspaper,EU/Europe excluding UK,0,0,0,False,2,False
2010-08,newspaper,EU/Europe excluding UK,0,0,0,False,2,False
2010-09,newspaper,EU/Europe excluding UK,0,0,0,False,2,False
2010-10,newspaper,EU/Europe excluding UK,0,0,0,False,2,False
2010-11,newspaper,EU/Europe excluding UK,0,0,0,False,2,False
2010-12,newspaper,EU/Europe excluding UK,0,0,0,False,2,False
2011-01,newspaper,EU/Europe excluding UK,0,0,0,False,2,False
2011-02,newspaper,EU/Europe excluding UK,0,0,0,False,2,False
2011-03,newspaper,EU/Europe excluding UK,0,0,0,False,2,False
2011-04,newspaper,EU/Europe excluding UK,0,0,0,False,2,False
2011-05,newspaper,EU/Europe excluding UK,0,0,0,False,2,False
2011-06,newspaper,EU/Europe excluding UK,0,0,0,False,2,False
2011-07,newspaper,EU/Europe excluding UK,0,0,0,False,2,False
2011-08,newspaper,EU/Europe excluding UK,0,0,0,False,2,False
2011-09,newspaper,EU/Europe excluding UK,0,0,0,False,2,False
2011-10,newspaper,EU/Europe excluding UK,0,0,0,False,2,False
2011-11,newspaper,EU/Europe excluding UK,0,0,0,False,2,False
2011-12,newspaper,EU/Europe excluding UK,0,0,0,False,2,False
2012-01,newspaper,EU/Europe excluding UK,0,0,0,False,2,False
2012-02,newspaper,EU/Europe excluding UK,0,0,0,False,2,False
2012-03,newspaper,EU/Europe excluding UK,0,0,0,False,2,False
2012-04,newspaper,EU/Europe excluding UK,0,0,0,False,2,False
2012-05,newspaper,EU/Europe excluding UK,0,0,0,False,2,False
2012-06,newspaper,EU/Europe excluding UK,0,0,0,False,2,False
2012-07,newspaper,EU/Europe excluding UK,0,0,0,False,2,False
2012-08,newspaper,EU/Europe excluding UK,0,0,0,False,2,False
2012-09,newspaper,EU/Europe excluding UK,0,0,0,False,2,False
2012-10,newspaper,EU/Europe excluding UK,0,0,0,False,2,False
2012-11,newspaper,EU/Europe excluding UK,0,0,0,False,2,False
2012-12,newspaper,EU/Europe excluding UK,0,0,0,False,2,False
2013-01,newspaper,EU/Europe excluding UK,0,0,0,False,2,False
2013-02,newspaper,EU/Europe excluding UK,0,0,0,False,2,False
2013-03,newspaper,EU/Europe excluding UK,0,0,0,False,2,False
2013-04,newspaper,EU/Europe excluding UK,0,0,0,False,2,False
2013-05,newspaper,EU/Europe excluding UK,0,0,0,False,2,False
2013-06,newspaper,EU/Europe excluding UK,0,0,0,False,2,False
2013-07,newspaper,EU/Europe excluding UK,0,0,0,False,2,False
2013-08,newspaper,EU/Europe excluding UK,0,0,0,False,2,False
2013-09,newspaper,EU/Europe excluding UK,0,0,0,False,2,False
2013-10,newspaper,EU/Europe excluding UK,0,0,0,False,2,False
2013-11,newspaper,EU/Europe excluding UK,0,0,0,False,2,False
2013-12,newspaper,EU/Europe excluding UK,0,0,0,False,2,False
2014-01,newspaper,EU/Europe excluding UK,0,0,0,False,2,False
2014-02,newspaper,EU/Europe excluding UK,0,0,0,False,2,False
2014-03,newspaper,EU/Europe excluding UK,0,0,0,False,2,False
2014-04,newspaper,EU/Europe excluding UK,0,0,0,False,2,False
2014-05,newspaper,EU/Europe excluding UK,0,0,0,False,2,False
2014-06,newspaper,EU/Europe excluding UK,0,0,0,False,2,False
2014-07,newspaper,EU/Europe excluding UK,0,0,0,False,2,False
2014-08,newspaper,EU/Europe excluding UK,0,0,0,False,2,False
2014-09,newspaper,EU/Europe excluding UK,0,0,0,False,2,False
2014-10,newspaper,EU/Europe excluding UK,0,0,0,False,2,False
2014-11,newspaper,EU/Europe excluding UK,0,0,0,False,2,False
2014-12,newspaper,EU/Europe excluding UK,0,0,0,False,2,False
2015-01,newspaper,EU/Europe excluding UK,0,0,0,False,2,False
2015-02,newspaper,EU/Europe excluding UK,0,0,0,False,2,False
2015-03,newspaper,EU/Europe excluding UK,0,0,0,False,2,False
2015-04,newspaper,EU/Europe excluding UK,0,0,0,False,2,False
2015-05,newspaper,EU/Europe excluding UK,0,0,0,False,2,False
2015-06,newspaper,EU/Europe excluding UK,0,0,0,False,2,False
2015-07,newspaper,EU/Europe excluding UK,0,0,0,False,2,False
2015-08,newspaper,EU/Europe excluding UK,0,0,0,False,2,False
2015-09,newspaper,EU/Europe excluding UK,0,0,0,False,2,False
2015-10,newspaper,EU/Europe excluding UK,0,0,0,False,2,False
2015-11,newspaper,EU/Europe excluding UK,0,0,0,False,2,False
2015-12,newspaper,EU/Europe excluding UK,0,0,0,False,2,False
2016-01,newspaper,EU/Europe excluding UK,0,0,0,False,2,False
2016-02,newspaper,EU/Europe excluding UK,0,0,0,False,2,False
2016-03,newspaper,EU/Europe excluding UK,0,0,0,False,2,False
2016-04,newspaper,EU/Europe excluding UK,0,0,0,False,2,False
2016-05,newspaper,EU/Europe excluding UK,0,0,0,False,2,False
2016-06,newspaper,EU/Europe excluding UK,0,0,0,False,2,False
2016-07,newspaper,EU/Europe excluding UK,0,0,0,False,2,False
2016-08,newspaper,EU/Europe excluding UK,0,0,0,False,2,False
2016-09,newspaper,EU/Europe excluding UK,0,0,0,False,2,False
2016-10,newspaper,EU/Europe excluding UK,0,0,0,False,2,False
2016-11,newspaper,EU/Europe excluding UK,0,0,0,False,2,False
2016-12,newspaper,EU/Europe excluding UK,0,0,0,False,2,False
2017-01,newspaper,EU/Europe excluding UK,0,0,0,False,2,False
2017-02,newspaper,EU/Europe excluding UK,0,0,0,False,2,False
2017-03,newspaper,EU/Europe excluding UK,0,0,0,False,2,False
2017-04,newspaper,EU/Europe excluding UK,0,0,0,False,2,False
2017-05,newspaper,EU/Europe excluding UK,0,0,0,False,2,False
2017-06,newspaper,EU/Europe excluding UK,0,0,0,False,2,False
2017-07,newspaper,EU/Europe excluding UK,0,0,0,False,2,False
2017-08,newspaper,EU/Europe excluding UK,0,0,0,False,2,False
2017-09,newspaper,EU/Europe excluding UK,0,0,0,False,2,False
2017-10,newspaper,EU/Europe excluding UK,0,0,0,False,2,False
2017-11,newspaper,EU/Europe excluding UK,0,0,0,False,2,False
2017-12,newspaper,EU/Europe excluding UK,0,0,0,False,2,False
2018-01,newspaper,EU/Europe excluding UK,0,0,0,False,2,False
2018-02,newspaper,EU/Europe excluding UK,0,0,0,False,2,False
2018-03,newspaper,EU/Europe excluding UK,0,0,0,False,2,False
2018-04,newspaper,EU/Europe excluding UK,0,0,0,False,2,False
2018-05,newspaper,EU/Europe excluding UK,0,0,0,False,2,False
2018-06,newspaper,EU/Europe excluding UK,0,0,0,False,2,False
2018-07,newspaper,EU/Europe excluding UK,0,0,0,False,2,False
2018-08,newspaper,EU/Europe excluding UK,0,0,0,False,2,False
2018-09,newspaper,EU/Europe excluding UK,0,0,0,False,2,False
2018-10,newspaper,EU/Europe excluding UK,0,0,0,False,2,False
2018-11,newspaper,EU/Europe excluding UK,0,0,0,False,2,False
2018-12,newspaper,EU/Europe excluding UK,0,0,0,False,2,False
2019-01,newspaper,EU/Europe excluding UK,0,0,0,False,2,False
2019-02,newspaper,EU/Europe excluding UK,0,0,0,False,2,False
2019-03,newspaper,EU/Europe excluding UK,0,0,0,False,2,False
2019-04,newspaper,EU/Europe excluding UK,0,0,0,False,2,False
2019-05,newspaper,EU/Europe excluding UK,0,0,0,False,2,False
2019-06,newspaper,EU/Europe excluding UK,0,0,0,False,2,False
2019-07,newspaper,EU/Europe excluding UK,0,0,0,False,2,False
2019-08,newspaper,EU/Europe excluding UK,0,0,0,False,2,False
2019-09,newspaper,EU/Europe excluding UK,0,0,0,False,2,False
2019-10,newspaper,EU/Europe excluding UK,0,0,0,False,2,False
2019-11,newspaper,EU/Europe excluding UK,0,0,0,False,2,False
2019-12,newspaper,EU/Europe excluding UK,0,0,0,False,2,False
2020-01,newspaper,EU/Europe excluding UK,0,0,0,False,2,False
2020-02,newspaper,EU/Europe excluding UK,0,0,0,False,2,False
2020-03,newspaper,EU/Europe excluding UK,0,0,0,False,2,False
2020-04,newspaper,EU/Europe excluding UK,0,0,0,False,2,False
2020-05,newspaper,EU/Europe excluding UK,0,0,0,False,2,False
2020-06,newspaper,EU/Europe excluding UK,0,0,0,False,2,False
2020-07,newspaper,EU/Europe excluding UK,0,0,0,False,2,False
2020-08,newspaper,EU/Europe excluding UK,0,0,0,False,2,False
2020-09,newspaper,EU/Europe excluding UK,0,0,0,False,2,False
2020-10,newspaper,EU/Europe excluding UK,0,0,0,False,2,False
2020-11,newspaper,EU/Europe excluding UK,0,0,0,False,2,False
2020-12,newspaper,EU/Europe excluding UK,0,0,0,False,2,False
2021-01,newspaper,EU/Europe excluding UK,0,0,0,False,2,False
2021-02,newspaper,EU/Europe excluding UK,0,0,0,False,2,False
2021-03,newspaper,EU/Europe excluding UK,0,0,0,False,2,False
2021-04,newspaper,EU/Europe excluding UK,0,0,0,False,2,False
2021-05,newspaper,EU/Europe excluding UK,0,0,0,False,2,False
2021-06,newspaper,EU/Europe excluding UK,0,0,0,False,2,False
2021-07,newspaper,EU/Europe excluding UK,0,0,0,False,2,False
2021-08,newspaper,EU/Europe excluding UK,0,0,0,False,2,False
2021-09,newspaper,EU/Europe excluding UK,0,0,0,False,2,False
2021-10,newspaper,EU/Europe excluding UK,0,0,0,False,2,False
2021-11,newspaper,EU/Europe excluding UK,0,0,0,False,2,False
2021-12,newspaper,EU/Europe excluding UK,0,0,0,False,2,False
2022-01,newspaper,EU/Europe excluding UK,0,0,0,False,2,False
2022-02,newspaper,EU/Europe excluding UK,0,0,0,False,2,False
2022-03,newspaper,EU/Europe excluding UK,0,0,0,False,2,False
2022-04,newspaper,EU/Europe excluding UK,0,0,0,False,2,False
2022-05,newspaper,EU/Europe excluding UK,0,0,0,False,2,False
2022-06,newspaper,EU/Europe excluding UK,0,0,0,False,2,False
2022-07,newspaper,EU/Europe excluding UK,0,0,0,False,2,False
2022-08,newspaper,EU/Europe excluding UK,0,0,0,False,2,False
2022-09,newspaper,EU/Europe excluding UK,0,0,0,False,2,False
2022-10,newspaper,EU/Europe excluding UK,0,0,0,False,2,False
2022-11,newspaper,EU/Europe excluding UK,0,0,0,False,2,False
2022-12,newspaper,EU/Europe excluding UK,0,0,0,False,2,False
2023-01,newspaper,EU/Europe excluding UK,0,0,0,False,2,False
2023-02,newspaper,EU/Europe excluding UK,0,0,0,False,2,False
2023-03,newspaper,EU/Europe excluding UK,0,0,0,False,2,False
2023-04,newspaper,EU/Europe excluding UK,0,0,0,False,2,False
2023-05,newspaper,EU/Europe excluding UK,0,0,0,False,2,False
2023-06,newspaper,EU/Europe excluding UK,0,0,0,False,2,False
2023-07,newspaper,EU/Europe excluding UK,0,0,0,False,2,False
2023-08,newspaper,EU/Europe excluding UK,0,0,0,False,2,False
2023-09,newspaper,EU/Europe excluding UK,0,0,0,False,2,False
2023-10,newspaper,EU/Europe excluding UK,0,0,0,False,2,False
2023-11,newspaper,EU/Europe excluding UK,0,0,0,False,2,False
2023-12,newspaper,EU/Europe excluding UK,0,0,0,False,2,False
2024-01,newspaper,EU/Europe excluding UK,0,0,0,False,2,False
2024-02,newspaper,EU/Europe excluding UK,0,0,0,False,2,False
2024-03,newspaper,EU/Europe excluding UK,0,0,0,False,2,False
2024-04,newspaper,EU/Europe excluding UK,0,0,0,False,2,False
2024-05,newspaper,EU/Europe excluding UK,0,0,0,False,2,False
2024-06,newspaper,EU/Europe excluding UK,0,0,0,False,2,False
2024-07,newspaper,EU/Europe excluding UK,0,0,0,False,2,False
2024-08,newspaper,EU/Europe excluding UK,0,0,0,False,2,False
2024-09,newspaper,EU/Europe excluding UK,0,0,0,False,2,False
2024-10,newspaper,EU/Europe excluding UK,0,0,0,False,2,False
2024-11,newspaper,EU/Europe excluding UK,0,0,0,False,2,False
2024-12,newspaper,EU/Europe excluding UK,0,0,0,False,2,False
2025-01,newspaper,EU/Europe excluding UK,0,0,0,False,2,False
2025-02,newspaper,EU/Europe excluding UK,0,0,0,False,2,False
2025-03,newspaper,EU/Europe excluding UK,0,0,0,False,2,False
2025-04,newspaper,EU/Europe excluding UK,0,0,0,False,2,False
2025-05,newspaper,EU/Europe excluding UK,0,0,0,False,2,False
2025-06,newspaper,EU/Europe excluding UK,0,0,0,False,2,False
2025-07,newspaper,EU/Europe excluding UK,0,0,0,False,2,False
2025-08,newspaper,EU/Europe excluding UK,0,0,0,False,2,False
2025-09,newspaper,EU/Europe excluding UK,0,0,0,False,2,False
2025-10,newspaper,EU/Europe excluding UK,0,0,0,False,2,False
2025-11,newspaper,EU/Europe excluding UK,0,0,0,False,2,False
2025-12,newspaper,EU/Europe excluding UK,0,0,0,False,2,False
2026-01,newspaper,EU/Europe excluding UK,0,0,0,False,2,False
2026-02,newspaper,EU/Europe excluding UK,0,0,0,False,2,False
2026-03,newspaper,EU/Europe excluding UK,0,0,0,False,2,False
2026-04,newspaper,EU/Europe excluding UK,0,0,0,False,2,False
2026-05,newspaper,EU/Europe excluding UK,0,0,0,False,2,False
2026-06,newspaper,EU/Europe excluding UK,0,0,0,False,2,False
2026-07,newspaper,EU/Europe excluding UK,0,0,0,False,2,False
2026-08,newspaper,EU/Europe excluding UK,0,0,0,False,2,False
2026-09,newspaper,EU/Europe excluding UK,0,0,0,False,2,True
1988-01,newspaper,UK,0,0,0,False,2,False
1988-02,newspaper,UK,0,0,0,False,2,False
1988-03,newspaper,UK,0,0,0,False,2,False
1988-04,newspaper,UK,0,0,0,False,2,False
1988-05,newspaper,UK,0,0,0,False,2,False
1988-06,newspaper,UK,0,0,0,False,2,False
1988-07,newspaper,UK,0,0,0,False,2,False
1988-08,newspaper,UK,0,0,0,False,2,False
1988-09,newspaper,UK,0,0,0,False,2,False
1988-10,newspaper,UK,0,0,0,False,2,False
1988-11,newspaper,UK,0,0,0,False,2,False
1988-12,newspaper,UK,0,0,0,False,2,False
1989-01,newspaper,UK,0,0,0,False,2,False
1989-02,newspaper,UK,0,0,0,False,2,False
1989-03,newspaper,UK,0,0,0,False,2,False
1989-04,newspaper,UK,0,0,0,False,2,False
1989-05,newspaper,UK,0,0,0,False,2,False
1989-06,newspaper,UK,0,0,0,False,2,False
1989-07,newspaper,UK,0,0,0,False,2,False
1989-08,newspaper,UK,0,0,0,False,2,False
1989-09,newspaper,UK,0,0,0,False,2,False
1989-10,newspaper,UK,0,0,0,False,2,False
1989-11,newspaper,UK,0,0,0,False,2,False
1989-12,newspaper,UK,0,0,0,False,2,False
1990-01,newspaper,UK,0,0,0,False,2,False
1990-02,newspaper,UK,0,0,0,False,2,False
1990-03,newspaper,UK,0,0,0,False,2,False
1990-04,newspaper,UK,0,0,0,False,2,False
1990-05,newspaper,UK,0,0,0,False,2,False
1990-06,newspaper,UK,0,0,0,False,2,False
1990-07,newspaper,UK,0,0,0,False,2,False
1990-08,newspaper,UK,0,0,0,False,2,False
1990-09,newspaper,UK,0,0,0,False,2,False
1990-10,newspaper,UK,0,0,0,False,2,False
1990-11,newspaper,UK,0,0,0,False,2,False
1990-12,newspaper,UK,0,0,0,False,2,False
1991-01,newspaper,UK,0,0,0,False,2,False
1991-02,newspaper,UK,0,0,0,False,2,False
1991-03,newspaper,UK,0,0,0,False,2,False
1991-04,newspaper,UK,0,0,0,False,2,False
1991-05,newspaper,UK,0,0,0,False,2,False
1991-06,newspaper,UK,0,0,0,False,2,False
1991-07,newspaper,UK,0,0,0,False,2,False
1991-08,newspaper,UK,0,0,0,False,2,False
1991-09,newspaper,UK,0,0,0,False,2,False
1991-10,newspaper,UK,0,0,0,False,2,False
1991-11,newspaper,UK,0,0,0,False,2,False
1991-12,newspaper,UK,0,0,0,False,2,False
1992-01,newspaper,UK,0,0,0,False,2,False
1992-02,newspaper,UK,0,0,0,False,2,False
1992-03,newspaper,UK,0,0,0,False,2,False
1992-04,newspaper,UK,0,0,0,False,2,False
1992-05,newspaper,UK,0,0,0,False,2,False
1992-06,newspaper,UK,0,0,0,False,2,False
1992-07,newspaper,UK,0,0,0,False,2,False
1992-08,newspaper,UK,0,0,0,False,2,False
1992-09,newspaper,UK,0,0,0,False,2,False
1992-10,newspaper,UK,0,0,0,False,2,False
1992-11,newspaper,UK,0,0,0,False,2,False
1992-12,newspaper,UK,0,0,0,False,2,False
1993-01,newspaper,UK,0,0,0,False,2,False
1993-02,newspaper,UK,0,0,0,False,2,False
1993-03,newspaper,UK,0,0,0,False,2,False
1993-04,newspaper,UK,0,0,0,False,2,False
1993-05,newspaper,UK,0,0,0,False,2,False
1993-06,newspaper,UK,0,0,0,False,2,False
1993-07,newspaper,UK,0,0,0,False,2,False
1993-08,newspaper,UK,0,0,0,False,2,False
1993-09,newspaper,UK,0,0,0,False,2,False
1993-10,newspaper,UK,0,0,0,False,2,False
1993-11,newspaper,UK,0,0,0,False,2,False
1993-12,newspaper,UK,0,0,0,False,2,False
1994-01,newspaper,UK,0,0,0,False,2,False
1994-02,newspaper,UK,0,0,0,False,2,False
1994-03,newspaper,UK,0,0,0,False,2,False
1994-04,newspaper,UK,0,0,0,False,2,False
1994-05,newspaper,UK,0,0,0,False,2,False
1994-06,newspaper,UK,0,0,0,False,2,False
1994-07,newspaper,UK,0,0,0,False,2,False
1994-08,newspaper,UK,0,0,0,False,2,False
1994-09,newspaper,UK,0,0,0,False,2,False
1994-10,newspaper,UK,0,0,0,False,2,False
1994-11,newspaper,UK,0,0,0,False,2,False
1994-12,newspaper,UK,0,0,0,False,2,False
1995-01,newspaper,UK,0,0,0,False,2,False
1995-02,newspaper,UK,0,0,0,False,2,False
1995-03,newspaper,UK,0,0,0,False,2,False
1995-04,newspaper,UK,0,0,0,False,2,False
1995-05,newspaper,UK,0,0,0,False,2,False
1995-06,newspaper,UK,0,0,0,False,2,False
1995-07,newspaper,UK,0,0,0,False,2,False
1995-08,newspaper,UK,0,0,0,False,2,False
1995-09,newspaper,UK,0,0,0,False,2,False
1995-10,newspaper,UK,0,0,0,False,2,False
1995-11,newspaper,UK,0,0,0,False,2,False
1995-12,newspaper,UK,0,0,0,False,2,False
1996-01,newspaper,UK,0,0,0,False,2,False
1996-02,newspaper,UK,0,0,0,False,2,False
1996-03,newspaper,UK,0,0,0,False,2,False
1996-04,newspaper,UK,0,0,0,False,2,False
1996-05,newspaper,UK,0,0,0,False,2,False
1996-06,newspaper,UK,0,0,0,False,2,False
1996-07,newspaper,UK,0,0,0,False,2,False
1996-08,newspaper,UK,0,0,0,False,2,False
1996-09,newspaper,UK,0,0,0,False,2,False
1996-10,newspaper,UK,0,0,0,False,2,False
1996-11,newspaper,UK,0,0,0,False,2,False
1996-12,newspaper,UK,0,0,0,False,2,False
1997-01,newspaper,UK,0,0,0,False,2,False
1997-02,newspaper,UK,0,0,0,False,2,False
1997-03,newspaper,UK,0,0,0,False,2,False
1997-04,newspaper,UK,0,0,0,False,2,False
1997-05,newspaper,UK,0,0,0,False,2,False
1997-06,newspaper,UK,0,0,0,False,2,False
1997-07,newspaper,UK,0,0,0,False,2,False
1997-08,newspaper,UK,0,0,0,False,2,False
1997-09,newspaper,UK,0,0,0,False,2,False
1997-10,newspaper,UK,0,0,0,False,2,False
1997-11,newspaper,UK,0,0,0,False,2,False
1997-12,newspaper,UK,0,0,0,False,2,False
1998-01,newspaper,UK,0,0,0,False,2,False
1998-02,newspaper,UK,0,0,0,False,2,False
1998-03,newspaper,UK,0,0,0,False,2,False
1998-04,newspaper,UK,0,0,0,False,2,False
1998-05,newspaper,UK,0,0,0,False,2,False
1998-06,newspaper,UK,0,0,0,False,2,False
1998-07,newspaper,UK,0,0,0,False,2,False
1998-08,newspaper,UK,0,0,0,False,2,False
1998-09,newspaper,UK,0,0,0,False,2,False
1998-10,newspaper,UK,0,0,0,False,2,False
1998-11,newspaper,UK,0,0,0,False,2,False
1998-12,newspaper,UK,0,0,0,False,2,False
1999-01,newspaper,UK,0,0,0,False,2,False
1999-02,newspaper,UK,0,0,0,False,2,False
1999-03,newspaper,UK,0,0,0,False,2,False
1999-04,newspaper,UK,0,0,0,False,2,False
1999-05,newspaper,UK,0,0,0,False,2,False
1999-06,newspaper,UK,0,0,0,False,2,False
1999-07,newspaper,UK,0,0,0,False,2,False
1999-08,newspaper,UK,0,0,0,False,2,False
1999-09,newspaper,UK,0,0,0,False,2,False
1999-10,newspaper,UK,0,0,0,False,2,False
1999-11,newspaper,UK,0,0,0,False,2,False
1999-12,newspaper,UK,0,0,0,False,2,False
2000-01,newspaper,UK,0,0,0,False,2,False
2000-02,newspaper,UK,0,0,0,False,2,False
2000-03,newspaper,UK,0,0,0,False,2,False
2000-04,newspaper,UK,0,0,0,False,2,False
2000-05,newspaper,UK,0,0,0,False,2,False
2000-06,newspaper,UK,0,0,0,False,2,False
2000-07,newspaper,UK,0,0,0,False,2,False
2000-08,newspaper,UK,0,0,0,False,2,False
2000-09,newspaper,UK,0,0,0,False,2,False
2000-10,newspaper,UK,0,0,0,False,2,False
2000-11,newspaper,UK,0,0,0,False,2,False
2000-12,newspaper,UK,0,0,0,False,2,False
2001-01,newspaper,UK,0,0,0,False,2,False
2001-02,newspaper,UK,0,0,0,False,2,False
2001-03,newspaper,UK,0,0,0,False,2,False
2001-04,newspaper,UK,0,0,0,False,2,False
2001-05,newspaper,UK,0,0,0,False,2,False
2001-06,newspaper,UK,0,0,0,False,2,False
2001-07,newspaper,UK,0,0,0,False,2,False
2001-08,newspaper,UK,0,0,0,False,2,False
2001-09,newspaper,UK,0,0,0,False,2,False
2001-10,newspaper,UK,0,0,0,False,2,False
2001-11,newspaper,UK,0,0,0,False,2,False
2001-12,newspaper,UK,0,0,0,False,2,False
2002-01,newspaper,UK,0,0,0,False,2,False
2002-02,newspaper,UK,0,0,0,False,2,False
2002-03,newspaper,UK,0,0,0,False,2,False
2002-04,newspaper,UK,0,0,0,False,2,False
2002-05,newspaper,UK,0,0,0,False,2,False
2002-06,newspaper,UK,0,0,0,False,2,False
2002-07,newspaper,UK,0,0,0,False,2,False
2002-08,newspaper,UK,0,0,0,False,2,False
2002-09,newspaper,UK,0,0,0,False,2,False
2002-10,newspaper,UK,0,0,0,False,2,False
2002-11,newspaper,UK,0,0,0,False,2,False
2002-12,newspaper,UK,0,0,0,False,2,False
2003-01,newspaper,UK,0,0,0,False,2,False
2003-02,newspaper,UK,0,0,0,False,2,False
2003-03,newspaper,UK,0,0,0,False,2,False
2003-04,newspaper,UK,0,0,0,False,2,False
2003-05,newspaper,UK,0,0,0,False,2,False
2003-06,newspaper,UK,0,0,0,False,2,False
2003-07,newspaper,UK,0,0,0,False,2,False
2003-08,newspaper,UK,0,0,0,False,2,False
2003-09,newspaper,UK,0,0,0,False,2,False
2003-10,newspaper,UK,0,0,0,False,2,False
2003-11,newspaper,UK,0,0,0,False,2,False
2003-12,newspaper,UK,0,0,0,False,2,False
2004-01,newspaper,UK,0,0,0,False,2,False
2004-02,newspaper,UK,0,0,0,False,2,False
2004-03,newspaper,UK,0,0,0,False,2,False
2004-04,newspaper,UK,0,0,0,False,2,False
2004-05,newspaper,UK,0,0,0,False,2,False
2004-06,newspaper,UK,0,0,0,False,2,False
2004-07,newspaper,UK,0,0,0,False,2,False
2004-08,newspaper,UK,0,0,0,False,2,False
2004-09,newspaper,UK,0,0,0,False,2,False
2004-10,newspaper,UK,0,0,0,False,2,False
2004-11,newspaper,UK,0,0,0,False,2,False
2004-12,newspaper,UK,0,0,0,False,2,False
2005-01,newspaper,UK,0,0,0,False,2,False
2005-02,newspaper,UK,0,0,0,False,2,False
2005-03,newspaper,UK,0,0,0,False,2,False
2005-04,newspaper,UK,0,0,0,False,2,False
2005-05,newspaper,UK,0,0,0,False,2,False
2005-06,newspaper,UK,0,0,0,False,2,False
2005-07,newspaper,UK,0,0,0,False,2,False
2005-08,newspaper,UK,0,0,0,False,2,False
2005-09,newspaper,UK,0,0,0,False,2,False
2005-10,newspaper,UK,0,0,0,False,2,False
2005-11,newspaper,UK,0,0,0,False,2,False
2005-12,newspaper,UK,0,0,0,False,2,False
2006-01,newspaper,UK,0,0,0,False,2,False
2006-02,newspaper,UK,0,0,0,False,2,False
2006-03,newspaper,UK,0,0,0,False,2,False
2006-04,newspaper,UK,0,0,0,False,2,False
2006-05,newspaper,UK,0,0,0,False,2,False
2006-06,newspaper,UK,0,0,0,False,2,False
2006-07,newspaper,UK,0,0,0,False,2,False
2006-08,newspaper,UK,0,0,0,False,2,False
2006-09,newspaper,UK,0,0,0,False,2,False
2006-10,newspaper,UK,0,0,0,False,2,False
2006-11,newspaper,UK,0,0,0,False,2,False
2006-12,newspaper,UK,0,0,0,False,2,False
2007-01,newspaper,UK,0,0,0,False,2,False
2007-02,newspaper,UK,0,0,0,False,2,False
2007-03,newspaper,UK,0,0,0,False,2,False
2007-04,newspaper,UK,0,0,0,False,2,False
2007-05,newspaper,UK,0,0,0,False,2,False
2007-06,newspaper,UK,0,0,0,False,2,False
2007-07,newspaper,UK,0,0,0,False,2,False
2007-08,newspaper,UK,0,0,0,False,2,False
2007-09,newspaper,UK,0,0,0,False,2,False
2007-10,newspaper,UK,0,0,0,False,2,False
2007-11,newspaper,UK,0,0,0,False,2,False
2007-12,newspaper,UK,0,0,0,False,2,False
2008-01,newspaper,UK,0,0,0,False,2,False
2008-02,newspaper,UK,0,0,0,False,2,False
2008-03,newspaper,UK,0,0,0,False,2,False
2008-04,newspaper,UK,0,0,0,False,2,False
2008-05,newspaper,UK,0,0,0,False,2,False
2008-06,newspaper,UK,0,0,0,False,2,False
2008-07,newspaper,UK,0,0,0,False,2,False
2008-08,newspaper,UK,0,0,0,False,2,False
2008-09,newspaper,UK,0,0,0,False,2,False
2008-10,newspaper,UK,0,0,0,False,2,False
2008-11,newspaper,UK,0,0,0,False,2,False
2008-12,newspaper,UK,0,0,0,False,2,False
2009-01,newspaper,UK,0,0,0,False,2,False
2009-02,newspaper,UK,0,0,0,False,2,False
2009-03,newspaper,UK,0,0,0,False,2,False
2009-04,newspaper,UK,0,0,0,False,2,False
2009-05,newspaper,UK,0,0,0,False,2,False
2009-06,newspaper,UK,0,0,0,False,2,False
2009-07,newspaper,UK,0,0,0,False,2,False
2009-08,newspaper,UK,0,0,0,False,2,False
2009-09,newspaper,UK,0,0,0,False,2,False
2009-10,newspaper,UK,0,0,0,False,2,False
2009-11,newspaper,UK,0,0,0,False,2,False
2009-12,newspaper,UK,0,0,0,False,2,False
2010-01,newspaper,UK,0,0,0,False,2,False
2010-02,newspaper,UK,0,0,0,False,2,False
2010-03,newspaper,UK,0,0,0,False,2,False
2010-04,newspaper,UK,0,0,0,False,2,False
2010-05,newspaper,UK,0,0,0,False,2,False
2010-06,newspaper,UK,0,0,0,False,2,False
2010-07,newspaper,UK,0,0,0,False,2,False
2010-08,newspaper,UK,0,0,0,False,2,False
2010-09,newspaper,UK,0,0,0,False,2,False
2010-10,newspaper,UK,0,0,0,False,2,False
2010-11,newspaper,UK,0,0,0,False,2,False
2010-12,newspaper,UK,0,0,0,False,2,False
2011-01,newspaper,UK,0,0,0,False,2,False
2011-02,newspaper,UK,0,0,0,False,2,False
2011-03,newspaper,UK,0,0,0,False,2,False
2011-04,newspaper,UK,0,0,0,False,2,False
2011-05,newspaper,UK,0,0,0,False,2,False
2011-06,newspaper,UK,0,0,0,False,2,False
2011-07,newspaper,UK,0,0,0,False,2,False
2011-08,newspaper,UK,0,0,0,False,2,False
2011-09,newspaper,UK,0,0,0,False,2,False
2011-10,newspaper,UK,0,0,0,False,2,False
2011-11,newspaper,UK,0,0,0,False,2,False
2011-12,newspaper,UK,0,0,0,False,2,False
2012-01,newspaper,UK,0,0,0,False,2,False
2012-02,newspaper,UK,0,0,0,False,2,False
2012-03,newspaper,UK,0,0,0,False,2,False
2012-04,newspaper,UK,0,0,0,False,2,False
2012-05,newspaper,UK,0,0,0,False,2,False
2012-06,newspaper,UK,0,0,0,False,2,False
2012-07,newspaper,UK,0,0,0,False,2,False
2012-08,newspaper,UK,0,0,0,False,2,False
2012-09,newspaper,UK,0,0,0,False,2,False
2012-10,newspaper,UK,0,0,0,False,2,False
2012-11,newspaper,UK,0,0,0,False,2,False
2012-12,newspaper,UK,0,0,0,False,2,False
2013-01,newspaper,UK,0,0,0,False,2,False
2013-02,newspaper,UK,0,0,0,False,2,False
2013-03,newspaper,UK,0,0,0,False,2,False
2013-04,newspaper,UK,0,0,0,False,2,False
2013-05,newspaper,UK,0,0,0,False,2,False
2013-06,newspaper,UK,0,0,0,False,2,False
2013-07,newspaper,UK,0,0,0,False,2,False
2013-08,newspaper,UK,0,0,0,False,2,False
2013-09,newspaper,UK,0,0,0,False,2,False
2013-10,newspaper,UK,0,0,0,False,2,False
2013-11,newspaper,UK,0,0,0,False,2,False
2013-12,newspaper,UK,0,0,0,False,2,False
2014-01,newspaper,UK,0,0,0,False,2,False
2014-02,newspaper,UK,0,0,0,False,2,False
2014-03,newspaper,UK,0,0,0,False,2,False
2014-04,newspaper,UK,0,0,0,False,2,False
2014-05,newspaper,UK,0,0,0,False,2,False
2014-06,newspaper,UK,0,0,0,False,2,False
2014-07,newspaper,UK,0,0,0,False,2,False
2014-08,newspaper,UK,0,0,0,False,2,False
2014-09,newspaper,UK,0,0,0,False,2,False
2014-10,newspaper,UK,0,0,0,False,2,False
2014-11,newspaper,UK,0,0,0,False,2,False
2014-12,newspaper,UK,0,0,0,False,2,False
2015-01,newspaper,UK,0,0,0,False,2,False
2015-02,newspaper,UK,0,0,0,False,2,False
2015-03,newspaper,UK,0,0,0,False,2,False
2015-04,newspaper,UK,0,0,0,False,2,False
2015-05,newspaper,UK,0,0,0,False,2,False
2015-06,newspaper,UK,0,0,0,False,2,False
2015-07,newspaper,UK,0,0,0,False,2,False
2015-08,newspaper,UK,0,0,0,False,2,False
2015-09,newspaper,UK,0,0,0,False,2,False
2015-10,newspaper,UK,0,0,0,False,2,False
2015-11,newspaper,UK,0,0,0,False,2,False
2015-12,newspaper,UK,0,0,0,False,2,False
2016-01,newspaper,UK,0,0,0,False,2,False
2016-02,newspaper,UK,0,0,0,False,2,False
2016-03,newspaper,UK,0,0,0,False,2,False
2016-04,newspaper,UK,0,0,0,False,2,False
2016-05,newspaper,UK,0,0,0,False,2,False
2016-06,newspaper,UK,0,0,0,False,2,False
2016-07,newspaper,UK,0,0,0,False,2,False
2016-08,newspaper,UK,0,0,0,False,2,False
2016-09,newspaper,UK,0,0,0,False,2,False
2016-10,newspaper,UK,0,0,0,False,2,False
2016-11,newspaper,UK,0,0,0,False,2,False
2016-12,newspaper,UK,0,0,0,False,2,False
2017-01,newspaper,UK,0,0,0,False,2,False
2017-02,newspaper,UK,0,0,0,False,2,False
2017-03,newspaper,UK,0,0,0,False,2,False
2017-04,newspaper,UK,0,0,0,False,2,False
2017-05,newspaper,UK,0,0,0,False,2,False
2017-06,newspaper,UK,0,0,0,False,2,False
2017-07,newspaper,UK,0,0,0,False,2,False
2017-08,newspaper,UK,0,0,0,False,2,False
2017-09,newspaper,UK,0,0,0,False,2,False
2017-10,newspaper,UK,0,0,0,False,2,False
2017-11,newspaper,UK,0,0,0,False,2,False
2017-12,newspaper,UK,0,0,0,False,2,False
2018-01,newspaper,UK,0,0,0,False,2,False
2018-02,newspaper,UK,0,0,0,False,2,False
2018-03,newspaper,UK,0,0,0,False,2,False
2018-04,newspaper,UK,0,0,0,False,2,False
2018-05,newspaper,UK,0,0,0,False,2,False
2018-06,newspaper,UK,0,0,0,False,2,False
2018-07,newspaper,UK,0,0,0,False,2,False
2018-08,newspaper,UK,0,0,0,False,2,False
2018-09,newspaper,UK,0,0,0,False,2,False
2018-10,newspaper,UK,0,0,0,False,2,False
2018-11,newspaper,UK,0,0,0,False,2,False
2018-12,newspaper,UK,0,0,0,False,2,False
2019-01,newspaper,UK,0,0,0,False,2,False
2019-02,newspaper,UK,0,0,0,False,2,False
2019-03,newspaper,UK,0,0,0,False,2,False
2019-04,newspaper,UK,0,0,0,False,2,False
2019-05,newspaper,UK,0,0,0,False,2,False
2019-06,newspaper,UK,0,0,0,False,2,False
2019-07,newspaper,UK,0,0,0,False,2,False
2019-08,newspaper,UK,0,0,0,False,2,False
2019-09,newspaper,UK,0,0,0,False,2,False
2019-10,newspaper,UK,0,0,0,False,2,False
2019-11,newspaper,UK,0,0,0,False,2,False
2019-12,newspaper,UK,0,0,0,False,2,False
2020-01,newspaper,UK,0,0,0,False,2,False
2020-02,newspaper,UK,0,0,0,False,2,False
2020-03,newspaper,UK,0,0,0,False,2,False
2020-04,newspaper,UK,0,0,0,False,2,False
2020-05,newspaper,UK,0,0,0,False,2,False
2020-06,newspaper,UK,0,0,0,False,2,False
2020-07,newspaper,UK,0,0,0,False,2,False
2020-08,newspaper,UK,0,0,0,False,2,False
2020-09,newspaper,UK,0,0,0,False,2,False
2020-10,newspaper,UK,0,0,0,False,2,False
2020-11,newspaper,UK,0,0,0,False,2,False
2020-12,newspaper,UK,0,0,0,False,2,False
2021-01,newspaper,UK,0,0,0,False,2,False
2021-02,newspaper,UK,0,0,0,False,2,False
2021-03,newspaper,UK,0,0,0,False,2,False
2021-04,newspaper,UK,0,0,0,False,2,False
2021-05,newspaper,UK,0,0,0,False,2,False
2021-06,newspaper,UK,0,0,0,False,2,False
2021-07,newspaper,UK,0,0,0,False,2,False
2021-08,newspaper,UK,0,0,0,False,2,False
2021-09,newspaper,UK,0,0,0,False,2,False
2021-10,newspaper,UK,0,0,0,False,2,False
2021-11,newspaper,UK,0,0,0,False,2,False
2021-12,newspaper,UK,0,0,0,False,2,False
2022-01,newspaper,UK,0,0,0,False,2,False
2022-02,newspaper,UK,0,0,0,False,2,False
2022-03,newspaper,UK,0,0,0,False,2,False
2022-04,newspaper,UK,0,0,0,False,2,False
2022-05,newspaper,UK,0,0,0,False,2,False
2022-06,newspaper,UK,0,0,0,False,2,False
2022-07,newspaper,UK,0,0,0,False,2,False
2022-08,newspaper,UK,0,0,0,False,2,False
2022-09,newspaper,UK,0,0,0,False,2,False
2022-10,newspaper,UK,0,0,0,False,2,False
2022-11,newspaper,UK,0,0,0,False,2,False
2022-12,newspaper,UK,0,0,0,False,2,False
2023-01,newspaper,UK,0,0,0,False,2,False
2023-02,newspaper,UK,0,0,0,False,2,False
2023-03,newspaper,UK,0,0,0,False,2,False
2023-04,newspaper,UK,0,0,0,False,2,False
2023-05,newspaper,UK,0,0,0,False,2,False
2023-06,newspaper,UK,0,0,0,False,2,False
2023-07,newspaper,UK,0,0,0,False,2,False
2023-08,newspaper,UK,0,0,0,False,2,False
2023-09,newspaper,UK,0,0,0,False,2,False
2023-10,newspaper,UK,0,0,0,False,2,False
2023-11,newspaper,UK,0,0,0,False,2,False
2023-12,newspaper,UK,0,0,0,False,2,False
2024-01,newspaper,UK,0,0,0,False,2,False
2024-02,newspaper,UK,0,0,0,False,2,False
2024-03,newspaper,UK,0,0,0,False,2,False
2024-04,newspaper,UK,0,0,0,False,2,False
2024-05,newspaper,UK,0,0,0,False,2,False
2024-06,newspaper,UK,0,0,0,False,2,False
2024-07,newspaper,UK,0,0,0,False,2,False
2024-08,newspaper,UK,0,0,0,False,2,False
2024-09,newspaper,UK,0,0,0,False,2,False
2024-10,newspaper,UK,0,0,0,False,2,False
2024-11,newspaper,UK,0,0,0,False,2,False
2024-12,newspaper,UK,0,0,0,False,2,False
2025-01,newspaper,UK,0,0,0,False,2,False
2025-02,newspaper,UK,0,0,0,False,2,False
2025-03,newspaper,UK,0,0,0,False,2,False
2025-04,newspaper,UK,0,0,0,False,2,False
2025-05,newspaper,UK,0,0,0,False,2,False
2025-06,newspaper,UK,0,0,0,False,2,False
2025-07,newspaper,UK,0,0,0,False,2,False
2025-08,newspaper,UK,0,0,0,False,2,False
2025-09,newspaper,UK,0,0,0,False,2,False
2025-10,newspaper,UK,0,0,0,False,2,False
2025-11,newspaper,UK,0,0,0,False,2,False
2025-12,newspaper,UK,0,0,0,False,2,False
2026-01,newspaper,UK,0,0,0,False,2,False
2026-02,newspaper,UK,0,0,0,False,2,False
2026-03,newspaper,UK,0,0,0,False,2,False
2026-04,newspaper,UK,0,0,0,False,2,False
2026-05,newspaper,UK,0,0,0,False,2,False
2026-06,newspaper,UK,0,0,0,False,2,False
2026-07,newspaper,UK,0,0,0,False,2,False
2026-08,newspaper,UK,0,0,0,False,2,False
2026-09,newspaper,UK,0,0,0,False,2,True
1988-01,newspaper,AU,0,0,0,False,2,False
1988-02,newspaper,AU,0,0,0,False,2,False
1988-03,newspaper,AU,0,0,0,False,2,False
1988-04,newspaper,AU,0,0,0,False,2,False
1988-05,newspaper,AU,0,0,0,False,2,False
1988-06,newspaper,AU,0,0,0,False,2,False
1988-07,newspaper,AU,0,0,0,False,2,False
1988-08,newspaper,AU,0,0,0,False,2,False
1988-09,newspaper,AU,0,0,0,False,2,False
1988-10,newspaper,AU,0,0,0,False,2,False
1988-11,newspaper,AU,0,0,0,False,2,False
1988-12,newspaper,AU,0,0,0,False,2,False
1989-01,newspaper,AU,0,0,0,False,2,False
1989-02,newspaper,AU,0,0,0,False,2,False
1989-03,newspaper,AU,0,0,0,False,2,False
1989-04,newspaper,AU,0,0,0,False,2,False
1989-05,newspaper,AU,0,0,0,False,2,False
1989-06,newspaper,AU,0,0,0,False,2,False
1989-07,newspaper,AU,0,0,0,False,2,False
1989-08,newspaper,AU,0,0,0,False,2,False
1989-09,newspaper,AU,0,0,0,False,2,False
1989-10,newspaper,AU,0,0,0,False,2,False
1989-11,newspaper,AU,0,0,0,False,2,False
1989-12,newspaper,AU,0,0,0,False,2,False
1990-01,newspaper,AU,0,0,0,False,2,False
1990-02,newspaper,AU,0,0,0,False,2,False
1990-03,newspaper,AU,0,0,0,False,2,False
1990-04,newspaper,AU,0,0,0,False,2,False
1990-05,newspaper,AU,0,0,0,False,2,False
1990-06,newspaper,AU,0,0,0,False,2,False
1990-07,newspaper,AU,0,0,0,False,2,False
1990-08,newspaper,AU,0,0,0,False,2,False
1990-09,newspaper,AU,0,0,0,False,2,False
1990-10,newspaper,AU,0,0,0,False,2,False
1990-11,newspaper,AU,0,0,0,False,2,False
1990-12,newspaper,AU,0,0,0,False,2,False
1991-01,newspaper,AU,0,0,0,False,2,False
1991-02,newspaper,AU,40,40,1,True,0,False
1991-03,newspaper,AU,53,53,1,True,0,False
1991-04,newspaper,AU,48,48,1,True,0,False
1991-05,newspaper,AU,50,50,1,True,0,False
1991-06,newspaper,AU,46,46,1,True,0,False
1991-07,newspaper,AU,50,50,1,True,0,False
1991-08,newspaper,AU,43,43,1,True,0,False
1991-09,newspaper,AU,49,49,1,True,0,False
1991-10,newspaper,AU,54,54,1,True,0,False
1991-11,newspaper,AU,49,49,1,True,0,False
1991-12,newspaper,AU,44,44,1,True,0,False
1992-01,newspaper,AU,42,42,1,True,0,False
1992-02,newspaper,AU,48,48,1,True,0,False
1992-03,newspaper,AU,57,57,1,True,0,False
1992-04,newspaper,AU,48,48,1,True,0,False
1992-05,newspaper,AU,55,55,1,True,0,False
1992-06,newspaper,AU,57,57,1,True,0,False
1992-07,newspaper,AU,28,28,1,True,0,False
1992-08,newspaper,AU,2,2,1,True,0,False
1992-09,newspaper,AU,2,2,1,True,0,False
1992-10,newspaper,AU,2,2,1,True,0,False
1992-11,newspaper,AU,2,2,1,True,0,False
1992-12,newspaper,AU,2,2,1,True,0,False
1993-01,newspaper,AU,2,2,1,True,0,False
1993-02,newspaper,AU,2,2,1,True,0,False
1993-03,newspaper,AU,2,2,1,True,0,False
1993-04,newspaper,AU,2,2,1,True,0,False
1993-05,newspaper,AU,2,2,1,True,0,False
1993-06,newspaper,AU,2,2,1,True,0,False
1993-07,newspaper,AU,2,2,1,True,0,False
1993-08,newspaper,AU,2,2,1,True,0,False
1993-09,newspaper,AU,2,2,1,True,0,False
1993-10,newspaper,AU,2,2,1,True,0,False
1993-11,newspaper,AU,72,72,1,True,0,False
1993-12,newspaper,AU,2,2,1,True,0,False
1994-01,newspaper,AU,2,2,1,True,0,False
1994-02,newspaper,AU,2,2,1,True,0,False
1994-03,newspaper,AU,2,2,1,True,0,False
1994-04,newspaper,AU,2,2,1,True,0,False
1994-05,newspaper,AU,2,2,1,True,0,False
1994-06,newspaper,AU,2,2,1,True,0,False
1994-07,newspaper,AU,2,2,1,True,0,False
1994-08,newspaper,AU,2,2,1,True,0,False
1994-09,newspaper,AU,2,2,1,True,0,False
1994-10,newspaper,AU,2,2,1,True,0,False
1994-11,newspaper,AU,2,2,1,True,0,False
1994-12,newspaper,AU,2,2,1,True,0,False
1995-01,newspaper,AU,2,2,1,True,0,False
1995-02,newspaper,AU,2,2,1,True,0,False
1995-03,newspaper,AU,2,2,1,True,0,False
1995-04,newspaper,AU,2,2,1,True,0,False
1995-05,newspaper,AU,2,2,1,True,0,False
1995-06,newspaper,AU,2,2,1,True,0,False
1995-07,newspaper,AU,2,2,1,True,0,False
1995-08,newspaper,AU,2,2,1,True,0,False
1995-09,newspaper,AU,2,2,1,True,0,False
1995-10,newspaper,AU,2,2,1,True,0,False
1995-11,newspaper,AU,2,2,1,True,0,False
1995-12,newspaper,AU,2,2,1,True,0,False
1996-01,newspaper,AU,2,2,1,True,0,False
1996-02,newspaper,AU,2,2,1,True,0,False
1996-03,newspaper,AU,2,2,1,True,0,False
1996-04,newspaper,AU,2,2,1,True,0,False
1996-05,newspaper,AU,2,2,1,True,0,False
1996-06,newspaper,AU,2,2,1,True,0,False
1996-07,newspaper,AU,2,2,1,True,0,False
1996-08,newspaper,AU,2,2,1,True,0,False
1996-09,newspaper,AU,2,2,1,True,0,False
1996-10,newspaper,AU,2,2,1,True,0,False
1996-11,newspaper,AU,2,2,1,True,0,False
1996-12,newspaper,AU,2,2,1,True,0,False
1997-01,newspaper,AU,2,2,1,True,0,False
1997-02,newspaper,AU,2,2,1,True,0,False
1997-03,newspaper,AU,2,2,1,True,0,False
1997-04,newspaper,AU,2,2,1,True,0,False
1997-05,newspaper,AU,2,2,1,True,0,False
1997-06,newspaper,AU,2,2,1,True,0,False
1997-07,newspaper,AU,2,2,1,True,0,False
1997-08,newspaper,AU,2,2,1,True,0,False
1997-09,newspaper,AU,2,2,1,True,0,False
1997-10,newspaper,AU,2,2,1,True,0,False
1997-11,newspaper,AU,2,2,1,True,0,False
1997-12,newspaper,AU,2,2,1,True,0,False
1998-01,newspaper,AU,2,2,1,True,0,False
1998-02,newspaper,AU,2,2,1,True,0,False
1998-03,newspaper,AU,2,2,1,True,0,False
1998-04,newspaper,AU,2,2,1,True,0,False
1998-05,newspaper,AU,2,2,1,True,0,False
1998-06,newspaper,AU,2,2,1,True,0,False
1998-07,newspaper,AU,2,2,1,True,0,False
1998-08,newspaper,AU,2,2,1,True,0,False
1998-09,newspaper,AU,2,2,1,True,0,False
1998-10,newspaper,AU,2,2,1,True,0,False
1998-11,newspaper,AU,2,2,1,True,0,False
1998-12,newspaper,AU,2,2,1,True,0,False
1999-01,newspaper,AU,2,2,1,True,0,False
1999-02,newspaper,AU,2,2,1,True,0,False
1999-03,newspaper,AU,2,2,1,True,0,False
1999-04,newspaper,AU,2,2,1,True,0,False
1999-05,newspaper,AU,2,2,1,True,0,False
1999-06,newspaper,AU,2,2,1,True,0,False
1999-07,newspaper,AU,2,2,1,True,0,False
1999-08,newspaper,AU,2,2,1,True,0,False
1999-09,newspaper,AU,0,0,0,False,2,False
1999-10,newspaper,AU,0,0,0,False,2,False
1999-11,newspaper,AU,2,2,1,True,0,False
1999-12,newspaper,AU,2,2,1,True,0,False
2000-01,newspaper,AU,2,2,1,True,0,False
2000-02,newspaper,AU,2,2,1,True,0,False
2000-03,newspaper,AU,2,2,1,True,0,False
2000-04,newspaper,AU,2,2,1,True,0,False
2000-05,newspaper,AU,2,2,1,True,0,False
2000-06,newspaper,AU,2,2,1,True,0,False
2000-07,newspaper,AU,2,2,1,True,0,False
2000-08,newspaper,AU,2,2,1,True,0,False
2000-09,newspaper,AU,2,2,1,True,0,False
2000-10,newspaper,AU,2,2,1,True,0,False
2000-11,newspaper,AU,2,2,1,True,0,False
2000-12,newspaper,AU,2,2,1,True,0,False
2001-01,newspaper,AU,2,2,1,True,0,False
2001-02,newspaper,AU,2,2,1,True,0,False
2001-03,newspaper,AU,2,2,1,True,0,False
2001-04,newspaper,AU,2,2,1,True,0,False
2001-05,newspaper,AU,2,2,1,True,0,False
2001-06,newspaper,AU,2,2,1,True,0,False
2001-07,newspaper,AU,2,2,1,True,0,False
2001-08,newspaper,AU,2,2,1,True,0,False
2001-09,newspaper,AU,2,2,1,True,0,False
2001-10,newspaper,AU,2,2,1,True,0,False
2001-11,newspaper,AU,2,2,1,True,0,False
2001-12,newspaper,AU,2,2,1,True,0,False
2002-01,newspaper,AU,2,2,1,True,0,False
2002-02,newspaper,AU,2,2,1,True,0,False
2002-03,newspaper,AU,2,2,1,True,0,False
2002-04,newspaper,AU,2,2,1,True,0,False
2002-05,newspaper,AU,2,2,1,True,0,False
2002-06,newspaper,AU,2,2,1,True,0,False
2002-07,newspaper,AU,2,2,1,True,0,False
2002-08,newspaper,AU,2,2,1,True,0,False
2002-09,newspaper,AU,2,2,1,True,0,False
2002-10,newspaper,AU,2,2,1,True,0,False
2002-11,newspaper,AU,2,2,1,True,0,False
2002-12,newspaper,AU,2,2,1,True,0,False
2003-01,newspaper,AU,2,2,1,True,0,False
2003-02,newspaper,AU,2,2,1,True,0,False
2003-03,newspaper,AU,2,2,1,True,0,False
2003-04,newspaper,AU,2,2,1,True,0,False
2003-05,newspaper,AU,2,2,1,True,0,False
2003-06,newspaper,AU,2,2,1,True,0,False
2003-07,newspaper,AU,2,2,1,True,0,False
2003-08,newspaper,AU,2,2,1,True,0,False
2003-09,newspaper,AU,2,2,1,True,0,False
2003-10,newspaper,AU,2,2,1,True,0,False
2003-11,newspaper,AU,2,2,1,True,0,False
2003-12,newspaper,AU,2,2,1,True,0,False
2004-01,newspaper,AU,2,2,1,True,0,False
2004-02,newspaper,AU,2,2,1,True,0,False
2004-03,newspaper,AU,0,0,0,False,2,False
2004-04,newspaper,AU,0,0,0,False,2,False
2004-05,newspaper,AU,0,0,0,False,2,False
2004-06,newspaper,AU,0,0,0,False,2,False
2004-07,newspaper,AU,0,0,0,False,2,False
2004-08,newspaper,AU,0,0,0,False,2,False
2004-09,newspaper,AU,0,0,0,False,2,False
2004-10,newspaper,AU,0,0,0,False,2,False
2004-11,newspaper,AU,0,0,0,False,2,False
2004-12,newspaper,AU,0,0,0,False,2,False
2005-01,newspaper,AU,0,0,0,False,2,False
2005-02,newspaper,AU,0,0,0,False,2,False
2005-03,newspaper,AU,0,0,0,False,2,False
2005-04,newspaper,AU,0,0,0,False,2,False
2005-05,newspaper,AU,0,0,0,False,2,False
2005-06,newspaper,AU,0,0,0,False,2,False
2005-07,newspaper,AU,0,0,0,False,2,False
2005-08,newspaper,AU,0,0,0,False,2,False
2005-09,newspaper,AU,0,0,0,False,2,False
2005-10,newspaper,AU,0,0,0,False,2,False
2005-11,newspaper,AU,0,0,0,False,2,False
2005-12,newspaper,AU,0,0,0,False,2,False
2006-01,newspaper,AU,0,0,0,False,2,False
2006-02,newspaper,AU,0,0,0,False,2,False
2006-03,newspaper,AU,0,0,0,False,2,False
2006-04,newspaper,AU,0,0,0,False,2,False
2006-05,newspaper,AU,0,0,0,False,2,False
2006-06,newspaper,AU,0,0,0,False,2,False
2006-07,newspaper,AU,0,0,0,False,2,False
2006-08,newspaper,AU,0,0,0,False,2,False
2006-09,newspaper,AU,0,0,0,False,2,False
2006-10,newspaper,AU,0,0,0,False,2,False
2006-11,newspaper,AU,0,0,0,False,2,False
2006-12,newspaper,AU,0,0,0,False,2,False
2007-01,newspaper,AU,0,0,0,False,2,False
2007-02,newspaper,AU,0,0,0,False,2,False
2007-03,newspaper,AU,0,0,0,False,2,False
2007-04,newspaper,AU,0,0,0,False,2,False
2007-05,newspaper,AU,0,0,0,False,2,False
2007-06,newspaper,AU,0,0,0,False,2,False
2007-07,newspaper,AU,0,0,0,False,2,False
2007-08,newspaper,AU,0,0,0,False,2,False
2007-09,newspaper,AU,0,0,0,False,2,False
2007-10,newspaper,AU,0,0,0,False,2,False
2007-11,newspaper,AU,0,0,0,False,2,False
2007-12,newspaper,AU,0,0,0,False,2,False
2008-01,newspaper,AU,0,0,0,False,2,False
2008-02,newspaper,AU,0,0,0,False,2,False
2008-03,newspaper,AU,0,0,0,False,2,False
2008-04,newspaper,AU,0,0,0,False,2,False
2008-05,newspaper,AU,0,0,0,False,2,False
2008-06,newspaper,AU,0,0,0,False,2,False
2008-07,newspaper,AU,0,0,0,False,2,False
2008-08,newspaper,AU,0,0,0,False,2,False
2008-09,newspaper,AU,0,0,0,False,2,False
2008-10,newspaper,AU,0,0,0,False,2,False
2008-11,newspaper,AU,0,0,0,False,2,False
2008-12,newspaper,AU,0,0,0,False,2,False
2009-01,newspaper,AU,0,0,0,False,2,False
2009-02,newspaper,AU,0,0,0,False,2,False
2009-03,newspaper,AU,0,0,0,False,2,False
2009-04,newspaper,AU,0,0,0,False,2,False
2009-05,newspaper,AU,0,0,0,False,2,False
2009-06,newspaper,AU,0,0,0,False,2,False
2009-07,newspaper,AU,0,0,0,False,2,False
2009-08,newspaper,AU,0,0,0,False,2,False
2009-09,newspaper,AU,0,0,0,False,2,False
2009-10,newspaper,AU,0,0,0,False,2,False
2009-11,newspaper,AU,0,0,0,False,2,False
2009-12,newspaper,AU,0,0,0,False,2,False
2010-01,newspaper,AU,0,0,0,False,2,False
2010-02,newspaper,AU,0,0,0,False,2,False
2010-03,newspaper,AU,0,0,0,False,2,False
2010-04,newspaper,AU,0,0,0,False,2,False
2010-05,newspaper,AU,0,0,0,False,2,False
2010-06,newspaper,AU,0,0,0,False,2,False
2010-07,newspaper,AU,0,0,0,False,2,False
2010-08,newspaper,AU,0,0,0,False,2,False
2010-09,newspaper,AU,0,0,0,False,2,False
2010-10,newspaper,AU,0,0,0,False,2,False
2010-11,newspaper,AU,0,0,0,False,2,False
2010-12,newspaper,AU,0,0,0,False,2,False
2011-01,newspaper,AU,0,0,0,False,2,False
2011-02,newspaper,AU,0,0,0,False,2,False
2011-03,newspaper,AU,0,0,0,False,2,False
2011-04,newspaper,AU,0,0,0,False,2,False
2011-05,newspaper,AU,0,0,0,False,2,False
2011-06,newspaper,AU,0,0,0,False,2,False
2011-07,newspaper,AU,0,0,0,False,2,False
2011-08,newspaper,AU,0,0,0,False,2,False
2011-09,newspaper,AU,0,0,0,False,2,False
2011-10,newspaper,AU,0,0,0,False,2,False
2011-11,newspaper,AU,0,0,0,False,2,False
2011-12,newspaper,AU,0,0,0,False,2,False
2012-01,newspaper,AU,0,0,0,False,2,False
2012-02,newspaper,AU,0,0,0,False,2,False
2012-03,newspaper,AU,0,0,0,False,2,False
2012-04,newspaper,AU,0,0,0,False,2,False
2012-05,newspaper,AU,0,0,0,False,2,False
2012-06,newspaper,AU,0,0,0,False,2,False
2012-07,newspaper,AU,0,0,0,False,2,False
2012-08,newspaper,AU,0,0,0,False,2,False
2012-09,newspaper,AU,0,0,0,False,2,False
2012-10,newspaper,AU,0,0,0,False,2,False
2012-11,newspaper,AU,0,0,0,False,2,False
2012-12,newspaper,AU,0,0,0,False,2,False
2013-01,newspaper,AU,0,0,0,False,2,False
2013-02,newspaper,AU,0,0,0,False,2,False
2013-03,newspaper,AU,0,0,0,False,2,False
2013-04,newspaper,AU,0,0,0,False,2,False
2013-05,newspaper,AU,0,0,0,False,2,False
2013-06,newspaper,AU,0,0,0,False,2,False
2013-07,newspaper,AU,100,99,1,True,0,False
2013-08,newspaper,AU,0,0,0,False,2,False
2013-09,newspaper,AU,0,0,0,False,2,False
2013-10,newspaper,AU,0,0,0,False,2,False
2013-11,newspaper,AU,0,0,0,False,2,False
2013-12,newspaper,AU,0,0,0,False,2,False
2014-01,newspaper,AU,0,0,0,False,2,False
2014-02,newspaper,AU,0,0,0,False,2,False
2014-03,newspaper,AU,0,0,0,False,2,False
2014-04,newspaper,AU,0,0,0,False,2,False
2014-05,newspaper,AU,0,0,0,False,2,False
2014-06,newspaper,AU,0,0,0,False,2,False
2014-07,newspaper,AU,0,0,0,False,2,False
2014-08,newspaper,AU,0,0,0,False,2,False
2014-09,newspaper,AU,0,0,0,False,2,False
2014-10,newspaper,AU,0,0,0,False,2,False
2014-11,newspaper,AU,100,100,1,True,0,False
2014-12,newspaper,AU,0,0,0,False,2,False
2015-01,newspaper,AU,0,0,0,False,2,False
2015-02,newspaper,AU,0,0,0,False,2,False
2015-03,newspaper,AU,0,0,0,False,2,False
2015-04,newspaper,AU,0,0,0,False,2,False
2015-05,newspaper,AU,0,0,0,False,2,False
2015-06,newspaper,AU,0,0,0,False,2,False
2015-07,newspaper,AU,0,0,0,False,2,False
2015-08,newspaper,AU,0,0,0,False,2,False
2015-09,newspaper,AU,0,0,0,False,2,False
2015-10,newspaper,AU,0,0,0,False,2,False
2015-11,newspaper,AU,0,0,0,False,2,False
2015-12,newspaper,AU,0,0,0,False,2,False
2016-01,newspaper,AU,0,0,0,False,2,False
2016-02,newspaper,AU,0,0,0,False,2,False
2016-03,newspaper,AU,0,0,0,False,2,False
2016-04,newspaper,AU,100,100,1,True,0,False
2016-05,newspaper,AU,0,0,0,False,2,False
2016-06,newspaper,AU,0,0,0,False,2,False
2016-07,newspaper,AU,0,0,0,False,2,False
2016-08,newspaper,AU,0,0,0,False,2,False
2016-09,newspaper,AU,0,0,0,False,2,False
2016-10,newspaper,AU,0,0,0,False,2,False
2016-11,newspaper,AU,0,0,0,False,2,False
2016-12,newspaper,AU,0,0,0,False,2,False
2017-01,newspaper,AU,0,0,0,False,2,False
2017-02,newspaper,AU,0,0,0,False,2,False
2017-03,newspaper,AU,0,0,0,False,2,False
2017-04,newspaper,AU,0,0,0,False,2,False
2017-05,newspaper,AU,68,68,1,True,0,False
2017-06,newspaper,AU,32,32,1,True,0,False
2017-07,newspaper,AU,0,0,0,False,2,False
2017-08,newspaper,AU,0,0,0,False,2,False
2017-09,newspaper,AU,0,0,0,False,2,False
2017-10,newspaper,AU,0,0,0,False,2,False
2017-11,newspaper,AU,0,0,0,False,2,False
2017-12,newspaper,AU,0,0,0,False,2,False
2018-01,newspaper,AU,0,0,0,False,2,False
2018-02,newspaper,AU,94,94,1,True,0,False
2018-03,newspaper,AU,6,6,1,True,0,False
2018-04,newspaper,AU,0,0,0,False,2,False
2018-05,newspaper,AU,0,0,0,False,2,False
2018-06,newspaper,AU,0,0,0,False,2,False
2018-07,newspaper,AU,0,0,0,False,2,False
2018-08,newspaper,AU,0,0,0,False,2,False
2018-09,newspaper,AU,0,0,0,False,2,False
2018-10,newspaper,AU,0,0,0,False,2,False
2018-11,newspaper,AU,0,0,0,False,2,False
2018-12,newspaper,AU,0,0,0,False,2,False
2019-01,newspaper,AU,0,0,0,False,2,False
2019-02,newspaper,AU,0,0,0,False,2,False
2019-03,newspaper,AU,0,0,0,False,2,False
2019-04,newspaper,AU,0,0,0,False,2,False
2019-05,newspaper,AU,0,0,0,False,2,False
2019-06,newspaper,AU,0,0,0,False,2,False
2019-07,newspaper,AU,0,0,0,False,2,False
2019-08,newspaper,AU,0,0,0,False,2,False
2019-09,newspaper,AU,0,0,0,False,2,False
2019-10,newspaper,AU,0,0,0,False,2,False
2019-11,newspaper,AU,0,0,0,False,2,False
2019-12,newspaper,AU,0,0,0,False,2,False
2020-01,newspaper,AU,0,0,0,False,2,False
2020-02,newspaper,AU,0,0,0,False,2,False
2020-03,newspaper,AU,0,0,0,False,2,False
2020-04,newspaper,AU,0,0,0,False,2,False
2020-05,newspaper,AU,0,0,0,False,2,False
2020-06,newspaper,AU,0,0,0,False,2,False
2020-07,newspaper,AU,100,100,1,True,0,False
2020-08,newspaper,AU,0,0,0,False,2,False
2020-09,newspaper,AU,0,0,0,False,2,False
2020-10,newspaper,AU,0,0,0,False,2,False
2020-11,newspaper,AU,0,0,0,False,2,False
2020-12,newspaper,AU,0,0,0,False,2,False
2021-01,newspaper,AU,0,0,0,False,2,False
2021-02,newspaper,AU,0,0,0,False,2,False
2021-03,newspaper,AU,0,0,0,False,2,False
2021-04,newspaper,AU,0,0,0,False,2,False
2021-05,newspaper,AU,0,0,0,False,2,False
2021-06,newspaper,AU,0,0,0,False,2,False
2021-07,newspaper,AU,0,0,0,False,2,False
2021-08,newspaper,AU,0,0,0,False,2,False
2021-09,newspaper,AU,0,0,0,False,2,False
2021-10,newspaper,AU,0,0,0,False,2,False
2021-11,newspaper,AU,0,0,0,False,2,False
2021-12,newspaper,AU,0,0,0,False,2,False
2022-01,newspaper,AU,0,0,0,False,2,False
2022-02,newspaper,AU,0,0,0,False,2,False
2022-03,newspaper,AU,0,0,0,False,2,False
2022-04,newspaper,AU,0,0,0,False,2,False
2022-05,newspaper,AU,0,0,0,False,2,False
2022-06,newspaper,AU,96,96,1,True,0,False
2022-07,newspaper,AU,0,0,0,False,2,False
2022-08,newspaper,AU,0,0,0,False,2,False
2022-09,newspaper,AU,0,0,0,False,2,False
2022-10,newspaper,AU,0,0,0,False,2,False
2022-11,newspaper,AU,0,0,0,False,2,False
2022-12,newspaper,AU,0,0,0,False,2,False
2023-01,newspaper,AU,0,0,0,False,2,False
2023-02,newspaper,AU,0,0,0,False,2,False
2023-03,newspaper,AU,0,0,0,False,2,False
2023-04,newspaper,AU,0,0,0,False,2,False
2023-05,newspaper,AU,0,0,0,False,2,False
2023-06,newspaper,AU,0,0,0,False,2,False
2023-07,newspaper,AU,0,0,0,False,2,False
2023-08,newspaper,AU,0,0,0,False,2,False
2023-09,newspaper,AU,0,0,0,False,2,False
2023-10,newspaper,AU,0,0,0,False,2,False
2023-11,newspaper,AU,0,0,0,False,2,False
2023-12,newspaper,AU,0,0,0,False,2,False
2024-01,newspaper,AU,0,0,0,False,2,False
2024-02,newspaper,AU,100,97,1,True,0,False
2024-03,newspaper,AU,0,0,0,False,2,False
2024-04,newspaper,AU,0,0,0,False,2,False
2024-05,newspaper,AU,0,0,0,False,2,False
2024-06,newspaper,AU,1,1,1,False,1,False
2024-07,newspaper,AU,78,78,1,True,0,False
2024-08,newspaper,AU,105,105,1,True,0,False
2024-09,newspaper,AU,2,2,1,True,0,False
2024-10,newspaper,AU,2,2,1,True,0,False
2024-11,newspaper,AU,2,2,1,True,0,False
2024-12,newspaper,AU,2,2,1,True,0,False
2025-01,newspaper,AU,2,2,1,True,0,False
2025-02,newspaper,AU,2,2,1,True,0,False
2025-03,newspaper,AU,0,0,0,False,2,False
2025-04,newspaper,AU,0,0,0,False,2,False
2025-05,newspaper,AU,0,0,0,False,2,False
2025-06,newspaper,AU,0,0,0,False,2,False
2025-07,newspaper,AU,0,0,0,False,2,False
2025-08,newspaper,AU,0,0,0,False,2,False
2025-09,newspaper,AU,0,0,0,False,2,False
2025-10,newspaper,AU,0,0,0,False,2,False
2025-11,newspaper,AU,0,0,0,False,2,False
2025-12,newspaper,AU,0,0,0,False,2,False
2026-01,newspaper,AU,0,0,0,False,2,False
2026-02,newspaper,AU,0,0,0,False,2,False
2026-03,newspaper,AU,0,0,0,False,2,False
2026-04,newspaper,AU,0,0,0,False,2,False
2026-05,newspaper,AU,0,0,0,False,2,False
2026-06,newspaper,AU,0,0,0,False,2,False
2026-07,newspaper,AU,0,0,0,False,2,False
2026-08,newspaper,AU,0,0,0,False,2,False
2026-09,newspaper,AU,0,0,0,False,2,True
1988-01,newspaper,US,0,0,0,False,2,False
1988-02,newspaper,US,0,0,0,False,2,False
1988-03,newspaper,US,0,0,0,False,2,False
1988-04,newspaper,US,0,0,0,False,2,False
1988-05,newspaper,US,0,0,0,False,2,False
1988-06,newspaper,US,0,0,0,False,2,False
1988-07,newspaper,US,0,0,0,False,2,False
1988-08,newspaper,US,0,0,0,False,2,False
1988-09,newspaper,US,0,0,0,False,2,False
1988-10,newspaper,US,0,0,0,False,2,False
1988-11,newspaper,US,0,0,0,False,2,False
1988-12,newspaper,US,0,0,0,False,2,False
1989-01,newspaper,US,0,0,0,False,2,False
1989-02,newspaper,US,0,0,0,False,2,False
1989-03,newspaper,US,0,0,0,False,2,False
1989-04,newspaper,US,0,0,0,False,2,False
1989-05,newspaper,US,0,0,0,False,2,False
1989-06,newspaper,US,0,0,0,False,2,False
1989-07,newspaper,US,0,0,0,False,2,False
1989-08,newspaper,US,0,0,0,False,2,False
1989-09,newspaper,US,0,0,0,False,2,False
1989-10,newspaper,US,0,0,0,False,2,False
1989-11,newspaper,US,0,0,0,False,2,False
1989-12,newspaper,US,0,0,0,False,2,False
1990-01,newspaper,US,0,0,0,False,2,False
1990-02,newspaper,US,0,0,0,False,2,False
1990-03,newspaper,US,0,0,0,False,2,False
1990-04,newspaper,US,0,0,0,False,2,False
1990-05,newspaper,US,0,0,0,False,2,False
1990-06,newspaper,US,0,0,0,False,2,False
1990-07,newspaper,US,0,0,0,False,2,False
1990-08,newspaper,US,0,0,0,False,2,False
1990-09,newspaper,US,0,0,0,False,2,False
1990-10,newspaper,US,0,0,0,False,2,False
1990-11,newspaper,US,0,0,0,False,2,False
1990-12,newspaper,US,0,0,0,False,2,False
1991-01,newspaper,US,0,0,0,False,2,False
1991-02,newspaper,US,0,0,0,False,2,False
1991-03,newspaper,US,0,0,0,False,2,False
1991-04,newspaper,US,0,0,0,False,2,False
1991-05,newspaper,US,0,0,0,False,2,False
1991-06,newspaper,US,0,0,0,False,2,False
1991-07,newspaper,US,0,0,0,False,2,False
1991-08,newspaper,US,0,0,0,False,2,False
1991-09,newspaper,US,0,0,0,False,2,False
1991-10,newspaper,US,0,0,0,False,2,False
1991-11,newspaper,US,0,0,0,False,2,False
1991-12,newspaper,US,0,0,0,False,2,False
1992-01,newspaper,US,0,0,0,False,2,False
1992-02,newspaper,US,0,0,0,False,2,False
1992-03,newspaper,US,0,0,0,False,2,False
1992-04,newspaper,US,0,0,0,False,2,False
1992-05,newspaper,US,0,0,0,False,2,False
1992-06,newspaper,US,0,0,0,False,2,False
1992-07,newspaper,US,0,0,0,False,2,False
1992-08,newspaper,US,0,0,0,False,2,False
1992-09,newspaper,US,0,0,0,False,2,False
1992-10,newspaper,US,0,0,0,False,2,False
1992-11,newspaper,US,0,0,0,False,2,False
1992-12,newspaper,US,0,0,0,False,2,False
1993-01,newspaper,US,0,0,0,False,2,False
1993-02,newspaper,US,0,0,0,False,2,False
1993-03,newspaper,US,0,0,0,False,2,False
1993-04,newspaper,US,0,0,0,False,2,False
1993-05,newspaper,US,0,0,0,False,2,False
1993-06,newspaper,US,0,0,0,False,2,False
1993-07,newspaper,US,0,0,0,False,2,False
1993-08,newspaper,US,0,0,0,False,2,False
1993-09,newspaper,US,0,0,0,False,2,False
1993-10,newspaper,US,0,0,0,False,2,False
1993-11,newspaper,US,0,0,0,False,2,False
1993-12,newspaper,US,0,0,0,False,2,False
1994-01,newspaper,US,0,0,0,False,2,False
1994-02,newspaper,US,0,0,0,False,2,False
1994-03,newspaper,US,0,0,0,False,2,False
1994-04,newspaper,US,0,0,0,False,2,False
1994-05,newspaper,US,0,0,0,False,2,False
1994-06,newspaper,US,0,0,0,False,2,False
1994-07,newspaper,US,0,0,0,False,2,False
1994-08,newspaper,US,0,0,0,False,2,False
1994-09,newspaper,US,0,0,0,False,2,False
1994-10,newspaper,US,0,0,0,False,2,False
1994-11,newspaper,US,0,0,0,False,2,False
1994-12,newspaper,US,0,0,0,False,2,False
1995-01,newspaper,US,0,0,0,False,2,False
1995-02,newspaper,US,0,0,0,False,2,False
1995-03,newspaper,US,0,0,0,False,2,False
1995-04,newspaper,US,0,0,0,False,2,False
1995-05,newspaper,US,0,0,0,False,2,False
1995-06,newspaper,US,0,0,0,False,2,False
1995-07,newspaper,US,0,0,0,False,2,False
1995-08,newspaper,US,0,0,0,False,2,False
1995-09,newspaper,US,0,0,0,False,2,False
1995-10,newspaper,US,0,0,0,False,2,False
1995-11,newspaper,US,0,0,0,False,2,False
1995-12,newspaper,US,0,0,0,False,2,False
1996-01,newspaper,US,0,0,0,False,2,False
1996-02,newspaper,US,0,0,0,False,2,False
1996-03,newspaper,US,0,0,0,False,2,False
1996-04,newspaper,US,0,0,0,False,2,False
1996-05,newspaper,US,0,0,0,False,2,False
1996-06,newspaper,US,0,0,0,False,2,False
1996-07,newspaper,US,0,0,0,False,2,False
1996-08,newspaper,US,0,0,0,False,2,False
1996-09,newspaper,US,0,0,0,False,2,False
1996-10,newspaper,US,0,0,0,False,2,False
1996-11,newspaper,US,0,0,0,False,2,False
1996-12,newspaper,US,0,0,0,False,2,False
1997-01,newspaper,US,0,0,0,False,2,False
1997-02,newspaper,US,0,0,0,False,2,False
1997-03,newspaper,US,0,0,0,False,2,False
1997-04,newspaper,US,0,0,0,False,2,False
1997-05,newspaper,US,0,0,0,False,2,False
1997-06,newspaper,US,0,0,0,False,2,False
1997-07,newspaper,US,0,0,0,False,2,False
1997-08,newspaper,US,0,0,0,False,2,False
1997-09,newspaper,US,0,0,0,False,2,False
1997-10,newspaper,US,0,0,0,False,2,False
1997-11,newspaper,US,0,0,0,False,2,False
1997-12,newspaper,US,0,0,0,False,2,False
1998-01,newspaper,US,0,0,0,False,2,False
1998-02,newspaper,US,0,0,0,False,2,False
1998-03,newspaper,US,0,0,0,False,2,False
1998-04,newspaper,US,0,0,0,False,2,False
1998-05,newspaper,US,0,0,0,False,2,False
1998-06,newspaper,US,0,0,0,False,2,False
1998-07,newspaper,US,0,0,0,False,2,False
1998-08,newspaper,US,0,0,0,False,2,False
1998-09,newspaper,US,0,0,0,False,2,False
1998-10,newspaper,US,0,0,0,False,2,False
1998-11,newspaper,US,0,0,0,False,2,False
1998-12,newspaper,US,0,0,0,False,2,False
1999-01,newspaper,US,0,0,0,False,2,False
1999-02,newspaper,US,0,0,0,False,2,False
1999-03,newspaper,US,0,0,0,False,2,False
1999-04,newspaper,US,0,0,0,False,2,False
1999-05,newspaper,US,0,0,0,False,2,False
1999-06,newspaper,US,0,0,0,False,2,False
1999-07,newspaper,US,0,0,0,False,2,False
1999-08,newspaper,US,0,0,0,False,2,False
1999-09,newspaper,US,0,0,0,False,2,False
1999-10,newspaper,US,0,0,0,False,2,False
1999-11,newspaper,US,0,0,0,False,2,False
1999-12,newspaper,US,0,0,0,False,2,False
2000-01,newspaper,US,0,0,0,False,2,False
2000-02,newspaper,US,0,0,0,False,2,False
2000-03,newspaper,US,0,0,0,False,2,False
2000-04,newspaper,US,0,0,0,False,2,False
2000-05,newspaper,US,0,0,0,False,2,False
2000-06,newspaper,US,0,0,0,False,2,False
2000-07,newspaper,US,0,0,0,False,2,False
2000-08,newspaper,US,0,0,0,False,2,False
2000-09,newspaper,US,0,0,0,False,2,False
2000-10,newspaper,US,0,0,0,False,2,False
2000-11,newspaper,US,0,0,0,False,2,False
2000-12,newspaper,US,0,0,0,False,2,False
2001-01,newspaper,US,0,0,0,False,2,False
2001-02,newspaper,US,0,0,0,False,2,False
2001-03,newspaper,US,0,0,0,False,2,False
2001-04,newspaper,US,0,0,0,False,2,False
2001-05,newspaper,US,0,0,0,False,2,False
2001-06,newspaper,US,0,0,0,False,2,False
2001-07,newspaper,US,0,0,0,False,2,False
2001-08,newspaper,US,0,0,0,False,2,False
2001-09,newspaper,US,0,0,0,False,2,False
2001-10,newspaper,US,0,0,0,False,2,False
2001-11,newspaper,US,0,0,0,False,2,False
2001-12,newspaper,US,0,0,0,False,2,False
2002-01,newspaper,US,0,0,0,False,2,False
2002-02,newspaper,US,0,0,0,False,2,False
2002-03,newspaper,US,0,0,0,False,2,False
2002-04,newspaper,US,0,0,0,False,2,False
2002-05,newspaper,US,0,0,0,False,2,False
2002-06,newspaper,US,0,0,0,False,2,False
2002-07,newspaper,US,0,0,0,False,2,False
2002-08,newspaper,US,0,0,0,False,2,False
2002-09,newspaper,US,0,0,0,False,2,False
2002-10,newspaper,US,0,0,0,False,2,False
2002-11,newspaper,US,0,0,0,False,2,False
2002-12,newspaper,US,0,0,0,False,2,False
2003-01,newspaper,US,0,0,0,False,2,False
2003-02,newspaper,US,0,0,0,False,2,False
2003-03,newspaper,US,0,0,0,False,2,False
2003-04,newspaper,US,0,0,0,False,2,False
2003-05,newspaper,US,0,0,0,False,2,False
2003-06,newspaper,US,0,0,0,False,2,False
2003-07,newspaper,US,0,0,0,False,2,False
2003-08,newspaper,US,0,0,0,False,2,False
2003-09,newspaper,US,0,0,0,False,2,False
2003-10,newspaper,US,0,0,0,False,2,False
2003-11,newspaper,US,0,0,0,False,2,False
2003-12,newspaper,US,0,0,0,False,2,False
2004-01,newspaper,US,0,0,0,False,2,False
2004-02,newspaper,US,0,0,0,False,2,False
2004-03,newspaper,US,0,0,0,False,2,False
2004-04,newspaper,US,0,0,0,False,2,False
2004-05,newspaper,US,0,0,0,False,2,False
2004-06,newspaper,US,0,0,0,False,2,False
2004-07,newspaper,US,0,0,0,False,2,False
2004-08,newspaper,US,0,0,0,False,2,False
2004-09,newspaper,US,0,0,0,False,2,False
2004-10,newspaper,US,0,0,0,False,2,False
2004-11,newspaper,US,0,0,0,False,2,False
2004-12,newspaper,US,0,0,0,False,2,False
2005-01,newspaper,US,0,0,0,False,2,False
2005-02,newspaper,US,0,0,0,False,2,False
2005-03,newspaper,US,0,0,0,False,2,False
2005-04,newspaper,US,0,0,0,False,2,False
2005-05,newspaper,US,0,0,0,False,2,False
2005-06,newspaper,US,0,0,0,False,2,False
2005-07,newspaper,US,0,0,0,False,2,False
2005-08,newspaper,US,0,0,0,False,2,False
2005-09,newspaper,US,0,0,0,False,2,False
2005-10,newspaper,US,0,0,0,False,2,False
2005-11,newspaper,US,0,0,0,False,2,False
2005-12,newspaper,US,0,0,0,False,2,False
2006-01,newspaper,US,0,0,0,False,2,False
2006-02,newspaper,US,0,0,0,False,2,False
2006-03,newspaper,US,0,0,0,False,2,False
2006-04,newspaper,US,0,0,0,False,2,False
2006-05,newspaper,US,0,0,0,False,2,False
2006-06,newspaper,US,0,0,0,False,2,False
2006-07,newspaper,US,0,0,0,False,2,False
2006-08,newspaper,US,0,0,0,False,2,False
2006-09,newspaper,US,0,0,0,False,2,False
2006-10,newspaper,US,0,0,0,False,2,False
2006-11,newspaper,US,0,0,0,False,2,False
2006-12,newspaper,US,0,0,0,False,2,False
2007-01,newspaper,US,0,0,0,False,2,False
2007-02,newspaper,US,0,0,0,False,2,False
2007-03,newspaper,US,0,0,0,False,2,False
2007-04,newspaper,US,0,0,0,False,2,False
2007-05,newspaper,US,0,0,0,False,2,False
2007-06,newspaper,US,0,0,0,False,2,False
2007-07,newspaper,US,0,0,0,False,2,False
2007-08,newspaper,US,0,0,0,False,2,False
2007-09,newspaper,US,0,0,0,False,2,False
2007-10,newspaper,US,0,0,0,False,2,False
2007-11,newspaper,US,0,0,0,False,2,False
2007-12,newspaper,US,0,0,0,False,2,False
2008-01,newspaper,US,0,0,0,False,2,False
2008-02,newspaper,US,0,0,0,False,2,False
2008-03,newspaper,US,0,0,0,False,2,False
2008-04,newspaper,US,0,0,0,False,2,False
2008-05,newspaper,US,0,0,0,False,2,False
2008-06,newspaper,US,0,0,0,False,2,False
2008-07,newspaper,US,0,0,0,False,2,False
2008-08,newspaper,US,0,0,0,False,2,False
2008-09,newspaper,US,0,0,0,False,2,False
2008-10,newspaper,US,0,0,0,False,2,False
2008-11,newspaper,US,0,0,0,False,2,False
2008-12,newspaper,US,0,0,0,False,2,False
2009-01,newspaper,US,0,0,0,False,2,False
2009-02,newspaper,US,0,0,0,False,2,False
2009-03,newspaper,US,0,0,0,False,2,False
2009-04,newspaper,US,0,0,0,False,2,False
2009-05,newspaper,US,0,0,0,False,2,False
2009-06,newspaper,US,0,0,0,False,2,False
2009-07,newspaper,US,0,0,0,False,2,False
2009-08,newspaper,US,0,0,0,False,2,False
2009-09,newspaper,US,0,0,0,False,2,False
2009-10,newspaper,US,0,0,0,False,2,False
2009-11,newspaper,US,0,0,0,False,2,False
2009-12,newspaper,US,0,0,0,False,2,False
2010-01,newspaper,US,0,0,0,False,2,False
2010-02,newspaper,US,0,0,0,False,2,False
2010-03,newspaper,US,0,0,0,False,2,False
2010-04,newspaper,US,0,0,0,False,2,False
2010-05,newspaper,US,0,0,0,False,2,False
2010-06,newspaper,US,0,0,0,False,2,False
2010-07,newspaper,US,0,0,0,False,2,False
2010-08,newspaper,US,0,0,0,False,2,False
2010-09,newspaper,US,0,0,0,False,2,False
2010-10,newspaper,US,0,0,0,False,2,False
2010-11,newspaper,US,0,0,0,False,2,False
2010-12,newspaper,US,0,0,0,False,2,False
2011-01,newspaper,US,0,0,0,False,2,False
2011-02,newspaper,US,0,0,0,False,2,False
2011-03,newspaper,US,0,0,0,False,2,False
2011-04,newspaper,US,0,0,0,False,2,False
2011-05,newspaper,US,0,0,0,False,2,False
2011-06,newspaper,US,0,0,0,False,2,False
2011-07,newspaper,US,0,0,0,False,2,False
2011-08,newspaper,US,0,0,0,False,2,False
2011-09,newspaper,US,0,0,0,False,2,False
2011-10,newspaper,US,0,0,0,False,2,False
2011-11,newspaper,US,0,0,0,False,2,False
2011-12,newspaper,US,0,0,0,False,2,False
2012-01,newspaper,US,0,0,0,False,2,False
2012-02,newspaper,US,2,2,1,True,0,False
2012-03,newspaper,US,1,1,1,False,1,False
2012-04,newspaper,US,2,2,1,True,0,False
2012-05,newspaper,US,2,2,1,True,0,False
2012-06,newspaper,US,2,2,1,True,0,False
2012-07,newspaper,US,1,1,1,False,1,False
2012-08,newspaper,US,3,3,1,True,0,False
2012-09,newspaper,US,2,2,1,True,0,False
2012-10,newspaper,US,2,2,1,True,0,False
2012-11,newspaper,US,3,3,1,True,0,False
2012-12,newspaper,US,1,1,1,False,1,False
2013-01,newspaper,US,2,2,1,True,0,False
2013-02,newspaper,US,2,2,1,True,0,False
2013-03,newspaper,US,2,2,1,True,0,False
2013-04,newspaper,US,2,2,1,True,0,False
2013-05,newspaper,US,2,2,1,True,0,False
2013-06,newspaper,US,3,3,1,True,0,False
2013-07,newspaper,US,1,1,1,False,1,False
2013-08,newspaper,US,1,1,1,False,1,False
2013-09,newspaper,US,2,2,1,True,0,False
2013-10,newspaper,US,1,1,1,False,1,False
2013-11,newspaper,US,0,0,0,False,2,False
2013-12,newspaper,US,1,1,1,False,1,False
2014-01,newspaper,US,2,2,1,True,0,False
2014-02,newspaper,US,2,2,1,True,0,False
2014-03,newspaper,US,2,2,1,True,0,False
2014-04,newspaper,US,31,31,1,True,0,False
2014-05,newspaper,US,44,44,1,True,0,False
2014-06,newspaper,US,36,36,1,True,0,False
2014-07,newspaper,US,23,23,1,True,0,False
2014-08,newspaper,US,52,52,1,True,0,False
2014-09,newspaper,US,48,48,1,True,0,False
2014-10,newspaper,US,28,27,1,True,0,False
2014-11,newspaper,US,0,0,0,False,2,False
2014-12,newspaper,US,0,0,0,False,2,False
2015-01,newspaper,US,0,0,0,False,2,False
2015-02,newspaper,US,0,0,0,False,2,False
2015-03,newspaper,US,0,0,0,False,2,False
2015-04,newspaper,US,0,0,0,False,2,False
2015-05,newspaper,US,0,0,0,False,2,False
2015-06,newspaper,US,0,0,0,False,2,False
2015-07,newspaper,US,0,0,0,False,2,False
2015-08,newspaper,US,0,0,0,False,2,False
2015-09,newspaper,US,0,0,0,False,2,False
2015-10,newspaper,US,0,0,0,False,2,False
2015-11,newspaper,US,0,0,0,False,2,False
2015-12,newspaper,US,0,0,0,False,2,False
2016-01,newspaper,US,0,0,0,False,2,False
2016-02,newspaper,US,0,0,0,False,2,False
2016-03,newspaper,US,0,0,0,False,2,False
2016-04,newspaper,US,0,0,0,False,2,False
2016-05,newspaper,US,0,0,0,False,2,False
2016-06,newspaper,US,0,0,0,False,2,False
2016-07,newspaper,US,0,0,0,False,2,False
2016-08,newspaper,US,0,0,0,False,2,False
2016-09,newspaper,US,0,0,0,False,2,False
2016-10,newspaper,US,0,0,0,False,2,False
2016-11,newspaper,US,0,0,0,False,2,False
2016-12,newspaper,US,0,0,0,False,2,False
2017-01,newspaper,US,0,0,0,False,2,False
2017-02,newspaper,US,0,0,0,False,2,False
2017-03,newspaper,US,0,0,0,False,2,False
2017-04,newspaper,US,0,0,0,False,2,False
2017-05,newspaper,US,0,0,0,False,2,False
2017-06,newspaper,US,0,0,0,False,2,False
2017-07,newspaper,US,0,0,0,False,2,False
2017-08,newspaper,US,0,0,0,False,2,False
2017-09,newspaper,US,0,0,0,False,2,False
2017-10,newspaper,US,0,0,0,False,2,False
2017-11,newspaper,US,0,0,0,False,2,False
2017-12,newspaper,US,0,0,0,False,2,False
2018-01,newspaper,US,0,0,0,False,2,False
2018-02,newspaper,US,0,0,0,False,2,False
2018-03,newspaper,US,0,0,0,False,2,False
2018-04,newspaper,US,0,0,0,False,2,False
2018-05,newspaper,US,0,0,0,False,2,False
2018-06,newspaper,US,0,0,0,False,2,False
2018-07,newspaper,US,0,0,0,False,2,False
2018-08,newspaper,US,0,0,0,False,2,False
2018-09,newspaper,US,0,0,0,False,2,False
2018-10,newspaper,US,0,0,0,False,2,False
2018-11,newspaper,US,0,0,0,False,2,False
2018-12,newspaper,US,0,0,0,False,2,False
2019-01,newspaper,US,0,0,0,False,2,False
2019-02,newspaper,US,0,0,0,False,2,False
2019-03,newspaper,US,0,0,0,False,2,False
2019-04,newspaper,US,0,0,0,False,2,False
2019-05,newspaper,US,0,0,0,False,2,False
2019-06,newspaper,US,0,0,0,False,2,False
2019-07,newspaper,US,0,0,0,False,2,False
2019-08,newspaper,US,0,0,0,False,2,False
2019-09,newspaper,US,0,0,0,False,2,False
2019-10,newspaper,US,0,0,0,False,2,False
2019-11,newspaper,US,0,0,0,False,2,False
2019-12,newspaper,US,0,0,0,False,2,False
2020-01,newspaper,US,0,0,0,False,2,False
2020-02,newspaper,US,0,0,0,False,2,False
2020-03,newspaper,US,0,0,0,False,2,False
2020-04,newspaper,US,0,0,0,False,2,False
2020-05,newspaper,US,0,0,0,False,2,False
2020-06,newspaper,US,0,0,0,False,2,False
2020-07,newspaper,US,0,0,0,False,2,False
2020-08,newspaper,US,0,0,0,False,2,False
2020-09,newspaper,US,0,0,0,False,2,False
2020-10,newspaper,US,0,0,0,False,2,False
2020-11,newspaper,US,0,0,0,False,2,False
2020-12,newspaper,US,0,0,0,False,2,False
2021-01,newspaper,US,0,0,0,False,2,False
2021-02,newspaper,US,0,0,0,False,2,False
2021-03,newspaper,US,0,0,0,False,2,False
2021-04,newspaper,US,0,0,0,False,2,False
2021-05,newspaper,US,0,0,0,False,2,False
2021-06,newspaper,US,0,0,0,False,2,False
2021-07,newspaper,US,0,0,0,False,2,False
2021-08,newspaper,US,0,0,0,False,2,False
2021-09,newspaper,US,0,0,0,False,2,False
2021-10,newspaper,US,0,0,0,False,2,False
2021-11,newspaper,US,0,0,0,False,2,False
2021-12,newspaper,US,0,0,0,False,2,False
2022-01,newspaper,US,0,0,0,False,2,False
2022-02,newspaper,US,0,0,0,False,2,False
2022-03,newspaper,US,0,0,0,False,2,False
2022-04,newspaper,US,0,0,0,False,2,False
2022-05,newspaper,US,0,0,0,False,2,False
2022-06,newspaper,US,0,0,0,False,2,False
2022-07,newspaper,US,0,0,0,False,2,False
2022-08,newspaper,US,0,0,0,False,2,False
2022-09,newspaper,US,0,0,0,False,2,False
2022-10,newspaper,US,0,0,0,False,2,False
2022-11,newspaper,US,0,0,0,False,2,False
2022-12,newspaper,US,0,0,0,False,2,False
2023-01,newspaper,US,0,0,0,False,2,False
2023-02,newspaper,US,0,0,0,False,2,False
2023-03,newspaper,US,0,0,0,False,2,False
2023-04,newspaper,US,0,0,0,False,2,False
2023-05,newspaper,US,0,0,0,False,2,False
2023-06,newspaper,US,0,0,0,False,2,False
2023-07,newspaper,US,0,0,0,False,2,False
2023-08,newspaper,US,0,0,0,False,2,False
2023-09,newspaper,US,0,0,0,False,2,False
2023-10,newspaper,US,0,0,0,False,2,False
2023-11,newspaper,US,0,0,0,False,2,False
2023-12,newspaper,US,0,0,0,False,2,False
2024-01,newspaper,US,0,0,0,False,2,False
2024-02,newspaper,US,0,0,0,False,2,False
2024-03,newspaper,US,0,0,0,False,2,False
2024-04,newspaper,US,0,0,0,False,2,False
2024-05,newspaper,US,0,0,0,False,2,False
2024-06,newspaper,US,0,0,0,False,2,False
2024-07,newspaper,US,0,0,0,False,2,False
2024-08,newspaper,US,0,0,0,False,2,False
2024-09,newspaper,US,0,0,0,False,2,False
2024-10,newspaper,US,0,0,0,False,2,False
2024-11,newspaper,US,0,0,0,False,2,False
2024-12,newspaper,US,0,0,0,False,2,False
2025-01,newspaper,US,0,0,0,False,2,False
2025-02,newspaper,US,0,0,0,False,2,False
2025-03,newspaper,US,0,0,0,False,2,False
2025-04,newspaper,US,0,0,0,False,2,False
2025-05,newspaper,US,0,0,0,False,2,False
2025-06,newspaper,US,0,0,0,False,2,False
2025-07,newspaper,US,0,0,0,False,2,False
2025-08,newspaper,US,0,0,0,False,2,False
2025-09,newspaper,US,0,0,0,False,2,False
2025-10,newspaper,US,0,0,0,False,2,False
2025-11,newspaper,US,0,0,0,False,2,False
2025-12,newspaper,US,0,0,0,False,2,False
2026-01,newspaper,US,0,0,0,False,2,False
2026-02,newspaper,US,0,0,0,False,2,False
2026-03,newspaper,US,0,0,0,False,2,False
2026-04,newspaper,US,0,0,0,False,2,False
2026-05,newspaper,US,0,0,0,False,2,False
2026-06,newspaper,US,0,0,0,False,2,False
2026-07,newspaper,US,0,0,0,False,2,False
2026-08,newspaper,US,0,0,0,False,2,False
2026-09,newspaper,US,0,0,0,False,2,True
1988-01,newspaper,NZ,0,0,0,False,2,False
1988-02,newspaper,NZ,0,0,0,False,2,False
1988-03,newspaper,NZ,0,0,0,False,2,False
1988-04,newspaper,NZ,0,0,0,False,2,False
1988-05,newspaper,NZ,0,0,0,False,2,False
1988-06,newspaper,NZ,0,0,0,False,2,False
1988-07,newspaper,NZ,0,0,0,False,2,False
1988-08,newspaper,NZ,0,0,0,False,2,False
1988-09,newspaper,NZ,0,0,0,False,2,False
1988-10,newspaper,NZ,0,0,0,False,2,False
1988-11,newspaper,NZ,0,0,0,False,2,False
1988-12,newspaper,NZ,0,0,0,False,2,False
1989-01,newspaper,NZ,0,0,0,False,2,False
1989-02,newspaper,NZ,0,0,0,False,2,False
1989-03,newspaper,NZ,0,0,0,False,2,False
1989-04,newspaper,NZ,0,0,0,False,2,False
1989-05,newspaper,NZ,0,0,0,False,2,False
1989-06,newspaper,NZ,0,0,0,False,2,False
1989-07,newspaper,NZ,0,0,0,False,2,False
1989-08,newspaper,NZ,0,0,0,False,2,False
1989-09,newspaper,NZ,0,0,0,False,2,False
1989-10,newspaper,NZ,0,0,0,False,2,False
1989-11,newspaper,NZ,0,0,0,False,2,False
1989-12,newspaper,NZ,0,0,0,False,2,False
1990-01,newspaper,NZ,0,0,0,False,2,False
1990-02,newspaper,NZ,0,0,0,False,2,False
1990-03,newspaper,NZ,0,0,0,False,2,False
1990-04,newspaper,NZ,0,0,0,False,2,False
1990-05,newspaper,NZ,0,0,0,False,2,False
1990-06,newspaper,NZ,0,0,0,False,2,False
1990-07,newspaper,NZ,0,0,0,False,2,False
1990-08,newspaper,NZ,0,0,0,False,2,False
1990-09,newspaper,NZ,0,0,0,False,2,False
1990-10,newspaper,NZ,0,0,0,False,2,False
1990-11,newspaper,NZ,0,0,0,False,2,False
1990-12,newspaper,NZ,0,0,0,False,2,False
1991-01,newspaper,NZ,0,0,0,False,2,False
1991-02,newspaper,NZ,0,0,0,False,2,False
1991-03,newspaper,NZ,0,0,0,False,2,False
1991-04,newspaper,NZ,0,0,0,False,2,False
1991-05,newspaper,NZ,0,0,0,False,2,False
1991-06,newspaper,NZ,0,0,0,False,2,False
1991-07,newspaper,NZ,0,0,0,False,2,False
1991-08,newspaper,NZ,0,0,0,False,2,False
1991-09,newspaper,NZ,0,0,0,False,2,False
1991-10,newspaper,NZ,0,0,0,False,2,False
1991-11,newspaper,NZ,0,0,0,False,2,False
1991-12,newspaper,NZ,0,0,0,False,2,False
1992-01,newspaper,NZ,0,0,0,False,2,False
1992-02,newspaper,NZ,0,0,0,False,2,False
1992-03,newspaper,NZ,0,0,0,False,2,False
1992-04,newspaper,NZ,0,0,0,False,2,False
1992-05,newspaper,NZ,0,0,0,False,2,False
1992-06,newspaper,NZ,0,0,0,False,2,False
1992-07,newspaper,NZ,0,0,0,False,2,False
1992-08,newspaper,NZ,0,0,0,False,2,False
1992-09,newspaper,NZ,0,0,0,False,2,False
1992-10,newspaper,NZ,0,0,0,False,2,False
1992-11,newspaper,NZ,0,0,0,False,2,False
1992-12,newspaper,NZ,0,0,0,False,2,False
1993-01,newspaper,NZ,0,0,0,False,2,False
1993-02,newspaper,NZ,0,0,0,False,2,False
1993-03,newspaper,NZ,0,0,0,False,2,False
1993-04,newspaper,NZ,0,0,0,False,2,False
1993-05,newspaper,NZ,0,0,0,False,2,False
1993-06,newspaper,NZ,0,0,0,False,2,False
1993-07,newspaper,NZ,0,0,0,False,2,False
1993-08,newspaper,NZ,0,0,0,False,2,False
1993-09,newspaper,NZ,0,0,0,False,2,False
1993-10,newspaper,NZ,0,0,0,False,2,False
1993-11,newspaper,NZ,0,0,0,False,2,False
1993-12,newspaper,NZ,0,0,0,False,2,False
1994-01,newspaper,NZ,0,0,0,False,2,False
1994-02,newspaper,NZ,0,0,0,False,2,False
1994-03,newspaper,NZ,0,0,0,False,2,False
1994-04,newspaper,NZ,0,0,0,False,2,False
1994-05,newspaper,NZ,0,0,0,False,2,False
1994-06,newspaper,NZ,0,0,0,False,2,False
1994-07,newspaper,NZ,0,0,0,False,2,False
1994-08,newspaper,NZ,0,0,0,False,2,False
1994-09,newspaper,NZ,0,0,0,False,2,False
1994-10,newspaper,NZ,0,0,0,False,2,False
1994-11,newspaper,NZ,0,0,0,False,2,False
1994-12,newspaper,NZ,0,0,0,False,2,False
1995-01,newspaper,NZ,0,0,0,False,2,False
1995-02,newspaper,NZ,0,0,0,False,2,False
1995-03,newspaper,NZ,0,0,0,False,2,False
1995-04,newspaper,NZ,0,0,0,False,2,False
1995-05,newspaper,NZ,0,0,0,False,2,False
1995-06,newspaper,NZ,0,0,0,False,2,False
1995-07,newspaper,NZ,0,0,0,False,2,False
1995-08,newspaper,NZ,0,0,0,False,2,False
1995-09,newspaper,NZ,0,0,0,False,2,False
1995-10,newspaper,NZ,0,0,0,False,2,False
1995-11,newspaper,NZ,0,0,0,False,2,False
1995-12,newspaper,NZ,0,0,0,False,2,False
1996-01,newspaper,NZ,0,0,0,False,2,False
1996-02,newspaper,NZ,0,0,0,False,2,False
1996-03,newspaper,NZ,0,0,0,False,2,False
1996-04,newspaper,NZ,0,0,0,False,2,False
1996-05,newspaper,NZ,0,0,0,False,2,False
1996-06,newspaper,NZ,0,0,0,False,2,False
1996-07,newspaper,NZ,0,0,0,False,2,False
1996-08,newspaper,NZ,0,0,0,False,2,False
1996-09,newspaper,NZ,0,0,0,False,2,False
1996-10,newspaper,NZ,0,0,0,False,2,False
1996-11,newspaper,NZ,0,0,0,False,2,False
1996-12,newspaper,NZ,0,0,0,False,2,False
1997-01,newspaper,NZ,0,0,0,False,2,False
1997-02,newspaper,NZ,0,0,0,False,2,False
1997-03,newspaper,NZ,0,0,0,False,2,False
1997-04,newspaper,NZ,0,0,0,False,2,False
1997-05,newspaper,NZ,0,0,0,False,2,False
1997-06,newspaper,NZ,0,0,0,False,2,False
1997-07,newspaper,NZ,0,0,0,False,2,False
1997-08,newspaper,NZ,0,0,0,False,2,False
1997-09,newspaper,NZ,0,0,0,False,2,False
1997-10,newspaper,NZ,0,0,0,False,2,False
1997-11,newspaper,NZ,0,0,0,False,2,False
1997-12,newspaper,NZ,0,0,0,False,2,False
1998-01,newspaper,NZ,0,0,0,False,2,False
1998-02,newspaper,NZ,0,0,0,False,2,False
1998-03,newspaper,NZ,0,0,0,False,2,False
1998-04,newspaper,NZ,0,0,0,False,2,False
1998-05,newspaper,NZ,0,0,0,False,2,False
1998-06,newspaper,NZ,0,0,0,False,2,False
1998-07,newspaper,NZ,0,0,0,False,2,False
1998-08,newspaper,NZ,0,0,0,False,2,False
1998-09,newspaper,NZ,0,0,0,False,2,False
1998-10,newspaper,NZ,0,0,0,False,2,False
1998-11,newspaper,NZ,0,0,0,False,2,False
1998-12,newspaper,NZ,0,0,0,False,2,False
1999-01,newspaper,NZ,0,0,0,False,2,False
1999-02,newspaper,NZ,0,0,0,False,2,False
1999-03,newspaper,NZ,0,0,0,False,2,False
1999-04,newspaper,NZ,0,0,0,False,2,False
1999-05,newspaper,NZ,0,0,0,False,2,False
1999-06,newspaper,NZ,0,0,0,False,2,False
1999-07,newspaper,NZ,0,0,0,False,2,False
1999-08,newspaper,NZ,0,0,0,False,2,False
1999-09,newspaper,NZ,0,0,0,False,2,False
1999-10,newspaper,NZ,0,0,0,False,2,False
1999-11,newspaper,NZ,0,0,0,False,2,False
1999-12,newspaper,NZ,0,0,0,False,2,False
2000-01,newspaper,NZ,0,0,0,False,2,False
2000-02,newspaper,NZ,0,0,0,False,2,False
2000-03,newspaper,NZ,0,0,0,False,2,False
2000-04,newspaper,NZ,0,0,0,False,2,False
2000-05,newspaper,NZ,0,0,0,False,2,False
2000-06,newspaper,NZ,0,0,0,False,2,False
2000-07,newspaper,NZ,0,0,0,False,2,False
2000-08,newspaper,NZ,0,0,0,False,2,False
2000-09,newspaper,NZ,0,0,0,False,2,False
2000-10,newspaper,NZ,0,0,0,False,2,False
2000-11,newspaper,NZ,0,0,0,False,2,False
2000-12,newspaper,NZ,0,0,0,False,2,False
2001-01,newspaper,NZ,0,0,0,False,2,False
2001-02,newspaper,NZ,0,0,0,False,2,False
2001-03,newspaper,NZ,0,0,0,False,2,False
2001-04,newspaper,NZ,0,0,0,False,2,False
2001-05,newspaper,NZ,0,0,0,False,2,False
2001-06,newspaper,NZ,0,0,0,False,2,False
2001-07,newspaper,NZ,0,0,0,False,2,False
2001-08,newspaper,NZ,0,0,0,False,2,False
2001-09,newspaper,NZ,0,0,0,False,2,False
2001-10,newspaper,NZ,0,0,0,False,2,False
2001-11,newspaper,NZ,0,0,0,False,2,False
2001-12,newspaper,NZ,0,0,0,False,2,False
2002-01,newspaper,NZ,0,0,0,False,2,False
2002-02,newspaper,NZ,0,0,0,False,2,False
2002-03,newspaper,NZ,0,0,0,False,2,False
2002-04,newspaper,NZ,0,0,0,False,2,False
2002-05,newspaper,NZ,0,0,0,False,2,False
2002-06,newspaper,NZ,0,0,0,False,2,False
2002-07,newspaper,NZ,0,0,0,False,2,False
2002-08,newspaper,NZ,0,0,0,False,2,False
2002-09,newspaper,NZ,0,0,0,False,2,False
2002-10,newspaper,NZ,0,0,0,False,2,False
2002-11,newspaper,NZ,0,0,0,False,2,False
2002-12,newspaper,NZ,0,0,0,False,2,False
2003-01,newspaper,NZ,0,0,0,False,2,False
2003-02,newspaper,NZ,0,0,0,False,2,False
2003-03,newspaper,NZ,0,0,0,False,2,False
2003-04,newspaper,NZ,0,0,0,False,2,False
2003-05,newspaper,NZ,0,0,0,False,2,False
2003-06,newspaper,NZ,0,0,0,False,2,False
2003-07,newspaper,NZ,0,0,0,False,2,False
2003-08,newspaper,NZ,0,0,0,False,2,False
2003-09,newspaper,NZ,0,0,0,False,2,False
2003-10,newspaper,NZ,0,0,0,False,2,False
2003-11,newspaper,NZ,0,0,0,False,2,False
2003-12,newspaper,NZ,0,0,0,False,2,False
2004-01,newspaper,NZ,0,0,0,False,2,False
2004-02,newspaper,NZ,0,0,0,False,2,False
2004-03,newspaper,NZ,0,0,0,False,2,False
2004-04,newspaper,NZ,0,0,0,False,2,False
2004-05,newspaper,NZ,0,0,0,False,2,False
2004-06,newspaper,NZ,0,0,0,False,2,False
2004-07,newspaper,NZ,0,0,0,False,2,False
2004-08,newspaper,NZ,0,0,0,False,2,False
2004-09,newspaper,NZ,0,0,0,False,2,False
2004-10,newspaper,NZ,0,0,0,False,2,False
2004-11,newspaper,NZ,0,0,0,False,2,False
2004-12,newspaper,NZ,0,0,0,False,2,False
2005-01,newspaper,NZ,0,0,0,False,2,False
2005-02,newspaper,NZ,0,0,0,False,2,False
2005-03,newspaper,NZ,0,0,0,False,2,False
2005-04,newspaper,NZ,0,0,0,False,2,False
2005-05,newspaper,NZ,0,0,0,False,2,False
2005-06,newspaper,NZ,0,0,0,False,2,False
2005-07,newspaper,NZ,0,0,0,False,2,False
2005-08,newspaper,NZ,0,0,0,False,2,False
2005-09,newspaper,NZ,0,0,0,False,2,False
2005-10,newspaper,NZ,0,0,0,False,2,False
2005-11,newspaper,NZ,0,0,0,False,2,False
2005-12,newspaper,NZ,0,0,0,False,2,False
2006-01,newspaper,NZ,0,0,0,False,2,False
2006-02,newspaper,NZ,0,0,0,False,2,False
2006-03,newspaper,NZ,0,0,0,False,2,False
2006-04,newspaper,NZ,0,0,0,False,2,False
2006-05,newspaper,NZ,0,0,0,False,2,False
2006-06,newspaper,NZ,0,0,0,False,2,False
2006-07,newspaper,NZ,0,0,0,False,2,False
2006-08,newspaper,NZ,0,0,0,False,2,False
2006-09,newspaper,NZ,0,0,0,False,2,False
2006-10,newspaper,NZ,0,0,0,False,2,False
2006-11,newspaper,NZ,0,0,0,False,2,False
2006-12,newspaper,NZ,0,0,0,False,2,False
2007-01,newspaper,NZ,0,0,0,False,2,False
2007-02,newspaper,NZ,0,0,0,False,2,False
2007-03,newspaper,NZ,0,0,0,False,2,False
2007-04,newspaper,NZ,0,0,0,False,2,False
2007-05,newspaper,NZ,0,0,0,False,2,False
2007-06,newspaper,NZ,0,0,0,False,2,False
2007-07,newspaper,NZ,0,0,0,False,2,False
2007-08,newspaper,NZ,0,0,0,False,2,False
2007-09,newspaper,NZ,0,0,0,False,2,False
2007-10,newspaper,NZ,0,0,0,False,2,False
2007-11,newspaper,NZ,0,0,0,False,2,False
2007-12,newspaper,NZ,0,0,0,False,2,False
2008-01,newspaper,NZ,0,0,0,False,2,False
2008-02,newspaper,NZ,6,6,1,True,0,False
2008-03,newspaper,NZ,2,2,1,True,0,False
2008-04,newspaper,NZ,1,1,1,False,1,False
2008-05,newspaper,NZ,2,2,1,True,0,False
2008-06,newspaper,NZ,2,2,1,True,0,False
2008-07,newspaper,NZ,2,2,1,True,0,False
2008-08,newspaper,NZ,2,2,1,True,0,False
2008-09,newspaper,NZ,5,5,1,True,0,False
2008-10,newspaper,NZ,2,2,1,True,0,False
2008-11,newspaper,NZ,5,5,1,True,0,False
2008-12,newspaper,NZ,0,0,0,False,2,False
2009-01,newspaper,NZ,9,9,1,True,0,False
2009-02,newspaper,NZ,0,0,0,False,2,False
2009-03,newspaper,NZ,0,0,0,False,2,False
2009-04,newspaper,NZ,0,0,0,False,2,False
2009-05,newspaper,NZ,0,0,0,False,2,False
2009-06,newspaper,NZ,1,1,1,False,1,False
2009-07,newspaper,NZ,0,0,0,False,2,False
2009-08,newspaper,NZ,0,0,0,False,2,False
2009-09,newspaper,NZ,1,1,1,False,1,False
2009-10,newspaper,NZ,0,0,0,False,2,False
2009-11,newspaper,NZ,0,0,0,False,2,False
2009-12,newspaper,NZ,0,0,0,False,2,False
2010-01,newspaper,NZ,1,1,1,False,1,False
2010-02,newspaper,NZ,3,3,1,True,0,False
2010-03,newspaper,NZ,1,1,1,False,1,False
2010-04,newspaper,NZ,0,0,0,False,2,False
2010-05,newspaper,NZ,0,0,0,False,2,False
2010-06,newspaper,NZ,2,2,1,True,0,False
2010-07,newspaper,NZ,0,0,0,False,2,False
2010-08,newspaper,NZ,0,0,0,False,2,False
2010-09,newspaper,NZ,0,0,0,False,2,False
2010-10,newspaper,NZ,0,0,0,False,2,False
2010-11,newspaper,NZ,0,0,0,False,2,False
2010-12,newspaper,NZ,0,0,0,False,2,False
2011-01,newspaper,NZ,0,0,0,False,2,False
2011-02,newspaper,NZ,0,0,0,False,2,False
2011-03,newspaper,NZ,0,0,0,False,2,False
2011-04,newspaper,NZ,9,9,1,True,0,False
2011-05,newspaper,NZ,0,0,0,False,2,False
2011-06,newspaper,NZ,0,0,0,False,2,False
2011-07,newspaper,NZ,0,0,0,False,2,False
2011-08,newspaper,NZ,0,0,0,False,2,False
2011-09,newspaper,NZ,0,0,0,False,2,False
2011-10,newspaper,NZ,0,0,0,False,2,False
2011-11,newspaper,NZ,0,0,0,False,2,False
2011-12,newspaper,NZ,0,0,0,False,2,False
2012-01,newspaper,NZ,0,0,0,False,2,False
2012-02,newspaper,NZ,0,0,0,False,2,False
2012-03,newspaper,NZ,0,0,0,False,2,False
2012-04,newspaper,NZ,0,0,0,False,2,False
2012-05,newspaper,NZ,0,0,0,False,2,False
2012-06,newspaper,NZ,0,0,0,False,2,False
2012-07,newspaper,NZ,0,0,0,False,2,False
2012-08,newspaper,NZ,0,0,0,False,2,False
2012-09,newspaper,NZ,0,0,0,False,2,False
2012-10,newspaper,NZ,0,0,0,False,2,False
2012-11,newspaper,NZ,0,0,0,False,2,False
2012-12,newspaper,NZ,0,0,0,False,2,False
2013-01,newspaper,NZ,0,0,0,False,2,False
2013-02,newspaper,NZ,0,0,0,False,2,False
2013-03,newspaper,NZ,0,0,0,False,2,False
2013-04,newspaper,NZ,0,0,0,False,2,False
2013-05,newspaper,NZ,0,0,0,False,2,False
2013-06,newspaper,NZ,0,0,0,False,2,False
2013-07,newspaper,NZ,0,0,0,False,2,False
2013-08,newspaper,NZ,0,0,0,False,2,False
2013-09,newspaper,NZ,0,0,0,False,2,False
2013-10,newspaper,NZ,0,0,0,False,2,False
2013-11,newspaper,NZ,0,0,0,False,2,False
2013-12,newspaper,NZ,0,0,0,False,2,False
2014-01,newspaper,NZ,3,3,1,True,0,False
2014-02,newspaper,NZ,0,0,0,False,2,False
2014-03,newspaper,NZ,0,0,0,False,2,False
2014-04,newspaper,NZ,0,0,0,False,2,False
2014-05,newspaper,NZ,0,0,0,False,2,False
2014-06,newspaper,NZ,0,0,0,False,2,False
2014-07,newspaper,NZ,0,0,0,False,2,False
2014-08,newspaper,NZ,0,0,0,False,2,False
2014-09,newspaper,NZ,0,0,0,False,2,False
2014-10,newspaper,NZ,0,0,0,False,2,False
2014-11,newspaper,NZ,0,0,0,False,2,False
2014-12,newspaper,NZ,0,0,0,False,2,False
2015-01,newspaper,NZ,0,0,0,False,2,False
2015-02,newspaper,NZ,0,0,0,False,2,False
2015-03,newspaper,NZ,1,1,1,False,1,False
2015-04,newspaper,NZ,3,3,1,True,0,False
2015-05,newspaper,NZ,0,0,0,False,2,False
2015-06,newspaper,NZ,0,0,0,False,2,False
2015-07,newspaper,NZ,0,0,0,False,2,False
2015-08,newspaper,NZ,0,0,0,False,2,False
2015-09,newspaper,NZ,0,0,0,False,2,False
2015-10,newspaper,NZ,0,0,0,False,2,False
2015-11,newspaper,NZ,0,0,0,False,2,False
2015-12,newspaper,NZ,0,0,0,False,2,False
2016-01,newspaper,NZ,0,0,0,False,2,False
2016-02,newspaper,NZ,0,0,0,False,2,False
2016-03,newspaper,NZ,0,0,0,False,2,False
2016-04,newspaper,NZ,0,0,0,False,2,False
2016-05,newspaper,NZ,0,0,0,False,2,False
2016-06,newspaper,NZ,0,0,0,False,2,False
2016-07,newspaper,NZ,0,0,0,False,2,False
2016-08,newspaper,NZ,0,0,0,False,2,False
2016-09,newspaper,NZ,0,0,0,False,2,False
2016-10,newspaper,NZ,0,0,0,False,2,False
2016-11,newspaper,NZ,0,0,0,False,2,False
2016-12,newspaper,NZ,0,0,0,False,2,False
2017-01,newspaper,NZ,0,0,0,False,2,False
2017-02,newspaper,NZ,0,0,0,False,2,False
2017-03,newspaper,NZ,0,0,0,False,2,False
2017-04,newspaper,NZ,0,0,0,False,2,False
2017-05,newspaper,NZ,0,0,0,False,2,False
2017-06,newspaper,NZ,1,1,1,False,1,False
2017-07,newspaper,NZ,0,0,0,False,2,False
2017-08,newspaper,NZ,0,0,0,False,2,False
2017-09,newspaper,NZ,0,0,0,False,2,False
2017-10,newspaper,NZ,0,0,0,False,2,False
2017-11,newspaper,NZ,0,0,0,False,2,False
2017-12,newspaper,NZ,11,11,1,True,0,False
2018-01,newspaper,NZ,2,2,1,True,0,False
2018-02,newspaper,NZ,0,0,0,False,2,False
2018-03,newspaper,NZ,2,2,1,True,0,False
2018-04,newspaper,NZ,9,9,1,True,0,False
2018-05,newspaper,NZ,11,11,1,True,0,False
2018-06,newspaper,NZ,7,7,1,True,0,False
2018-07,newspaper,NZ,5,5,1,True,0,False
2018-08,newspaper,NZ,2,2,1,True,0,False
2018-09,newspaper,NZ,7,7,1,True,0,False
2018-10,newspaper,NZ,6,6,1,True,0,False
2018-11,newspaper,NZ,0,0,0,False,2,False
2018-12,newspaper,NZ,9,9,1,True,0,False
2019-01,newspaper,NZ,4,4,1,True,0,False
2019-02,newspaper,NZ,7,7,1,True,0,False
2019-03,newspaper,NZ,11,11,1,True,0,False
2019-04,newspaper,NZ,13,13,2,True,0,False
2019-05,newspaper,NZ,15,15,1,True,0,False
2019-06,newspaper,NZ,7,7,1,True,0,False
2019-07,newspaper,NZ,8,8,1,True,0,False
2019-08,newspaper,NZ,14,14,1,True,0,False
2019-09,newspaper,NZ,9,9,1,True,0,False
2019-10,newspaper,NZ,7,7,1,True,0,False
2019-11,newspaper,NZ,13,13,1,True,0,False
2019-12,newspaper,NZ,5,5,1,True,0,False
2020-01,newspaper,NZ,5,5,1,True,0,False
2020-02,newspaper,NZ,8,8,1,True,0,False
2020-03,newspaper,NZ,9,9,1,True,0,False
2020-04,newspaper,NZ,11,11,1,True,0,False
2020-05,newspaper,NZ,9,9,1,True,0,False
2020-06,newspaper,NZ,10,10,1,True,0,False
2020-07,newspaper,NZ,19,19,2,True,0,False
2020-08,newspaper,NZ,10,10,1,True,0,False
2020-09,newspaper,NZ,8,8,1,True,0,False
2020-10,newspaper,NZ,11,11,1,True,0,False
2020-11,newspaper,NZ,10,10,1,True,0,False
2020-12,newspaper,NZ,11,11,1,True,0,False
2021-01,newspaper,NZ,7,7,1,True,0,False
2021-02,newspaper,NZ,12,12,1,True,0,False
2021-03,newspaper,NZ,11,11,1,True,0,False
2021-04,newspaper,NZ,6,6,1,True,0,False
2021-05,newspaper,NZ,0,0,0,False,2,False
2021-06,newspaper,NZ,0,0,0,False,2,False
2021-07,newspaper,NZ,0,0,0,False,2,False
2021-08,newspaper,NZ,0,0,0,False,2,False
2021-09,newspaper,NZ,0,0,0,False,2,False
2021-10,newspaper,NZ,5,5,1,True,0,False
2021-11,newspaper,NZ,0,0,0,False,2,False
2021-12,newspaper,NZ,0,0,0,False,2,False
2022-01,newspaper,NZ,2,2,1,True,0,False
2022-02,newspaper,NZ,0,0,0,False,2,False
2022-03,newspaper,NZ,0,0,0,False,2,False
2022-04,newspaper,NZ,0,0,0,False,2,False
2022-05,newspaper,NZ,0,0,0,False,2,False
2022-06,newspaper,NZ,0,0,0,False,2,False
2022-07,newspaper,NZ,1,1,1,False,1,False
2022-08,newspaper,NZ,0,0,0,False,2,False
2022-09,newspaper,NZ,0,0,0,False,2,False
2022-10,newspaper,NZ,0,0,0,False,2,False
2022-11,newspaper,NZ,0,0,0,False,2,False
2022-12,newspaper,NZ,0,0,0,False,2,False
2023-01,newspaper,NZ,0,0,0,False,2,False
2023-02,newspaper,NZ,0,0,0,False,2,False
2023-03,newspaper,NZ,0,0,0,False,2,False
2023-04,newspaper,NZ,1,1,1,False,1,False
2023-05,newspaper,NZ,0,0,0,False,2,False
2023-06,newspaper,NZ,0,0,0,False,2,False
2023-07,newspaper,NZ,0,0,0,False,2,False
2023-08,newspaper,NZ,0,0,0,False,2,False
2023-09,newspaper,NZ,0,0,0,False,2,False
2023-10,newspaper,NZ,0,0,0,False,2,False
2023-11,newspaper,NZ,0,0,0,False,2,False
2023-12,newspaper,NZ,0,0,0,False,2,False
2024-01,newspaper,NZ,0,0,0,False,2,False
2024-02,newspaper,NZ,0,0,0,False,2,False
2024-03,newspaper,NZ,0,0,0,False,2,False
2024-04,newspaper,NZ,0,0,0,False,2,False
2024-05,newspaper,NZ,0,0,0,False,2,False
2024-06,newspaper,NZ,0,0,0,False,2,False
2024-07,newspaper,NZ,0,0,0,False,2,False
2024-08,newspaper,NZ,0,0,0,False,2,False
2024-09,newspaper,NZ,0,0,0,False,2,False
2024-10,newspaper,NZ,0,0,0,False,2,False
2024-11,newspaper,NZ,0,0,0,False,2,False
2024-12,newspaper,NZ,0,0,0,False,2,False
2025-01,newspaper,NZ,0,0,0,False,2,False
2025-02,newspaper,NZ,0,0,0,False,2,False
2025-03,newspaper,NZ,0,0,0,False,2,False
2025-04,newspaper,NZ,0,0,0,False,2,False
2025-05,newspaper,NZ,0,0,0,False,2,False
2025-06,newspaper,NZ,0,0,0,False,2,False
2025-07,newspaper,NZ,0,0,0,False,2,False
2025-08,newspaper,NZ,0,0,0,False,2,False
2025-09,newspaper,NZ,0,0,0,False,2,False
2025-10,newspaper,NZ,1,1,1,False,1,False
2025-11,newspaper,NZ,0,0,0,False,2,False
2025-12,newspaper,NZ,0,0,0,False,2,False
2026-01,newspaper,NZ,0,0,0,False,2,False
2026-02,newspaper,NZ,0,0,0,False,2,False
2026-03,newspaper,NZ,0,0,0,False,2,False
2026-04,newspaper,NZ,0,0,0,False,2,False
2026-05,newspaper,NZ,0,0,0,False,2,False
2026-06,newspaper,NZ,0,0,0,False,2,False
2026-07,newspaper,NZ,0,0,0,False,2,False
2026-08,newspaper,NZ,0,0,0,False,2,False
2026-09,newspaper,NZ,0,0,0,False,2,True
1988-01,campus_publication,pooled,2,2,1,True,0,False
1988-02,campus_publication,pooled,2,2,1,True,0,False
1988-03,campus_publication,pooled,2,2,1,True,0,False
1988-04,campus_publication,pooled,2,2,1,True,0,False
1988-05,campus_publication,pooled,2,2,1,True,0,False
1988-06,campus_publication,pooled,2,2,1,True,0,False
1988-07,campus_publication,pooled,2,2,1,True,0,False
1988-08,campus_publication,pooled,0,0,0,False,2,False
1988-09,campus_publication,pooled,2,2,1,True,0,False
1988-10,campus_publication,pooled,2,2,1,True,0,False
1988-11,campus_publication,pooled,2,2,1,True,0,False
1988-12,campus_publication,pooled,0,0,0,False,2,False
1989-01,campus_publication,pooled,0,0,0,False,2,False
1989-02,campus_publication,pooled,2,2,1,True,0,False
1989-03,campus_publication,pooled,2,2,1,True,0,False
1989-04,campus_publication,pooled,2,2,1,True,0,False
1989-05,campus_publication,pooled,2,2,1,True,0,False
1989-06,campus_publication,pooled,2,2,1,True,0,False
1989-07,campus_publication,pooled,2,2,1,True,0,False
1989-08,campus_publication,pooled,0,0,0,False,2,False
1989-09,campus_publication,pooled,2,2,1,True,0,False
1989-10,campus_publication,pooled,0,0,0,False,2,False
1989-11,campus_publication,pooled,2,2,1,True,0,False
1989-12,campus_publication,pooled,2,2,1,True,0,False
1990-01,campus_publication,pooled,0,0,0,False,2,False
1990-02,campus_publication,pooled,2,2,1,True,0,False
1990-03,campus_publication,pooled,2,2,1,True,0,False
1990-04,campus_publication,pooled,2,2,1,True,0,False
1990-05,campus_publication,pooled,2,2,1,True,0,False
1990-06,campus_publication,pooled,0,0,0,False,2,False
1990-07,campus_publication,pooled,0,0,0,False,2,False
1990-08,campus_publication,pooled,2,2,1,True,0,False
1990-09,campus_publication,pooled,0,0,0,False,2,False
1990-10,campus_publication,pooled,2,2,1,True,0,False
1990-11,campus_publication,pooled,2,2,1,True,0,False
1990-12,campus_publication,pooled,2,2,1,True,0,False
1991-01,campus_publication,pooled,0,0,0,False,2,False
1991-02,campus_publication,pooled,0,0,0,False,2,False
1991-03,campus_publication,pooled,0,0,0,False,2,False
1991-04,campus_publication,pooled,0,0,0,False,2,False
1991-05,campus_publication,pooled,0,0,0,False,2,False
1991-06,campus_publication,pooled,0,0,0,False,2,False
1991-07,campus_publication,pooled,0,0,0,False,2,False
1991-08,campus_publication,pooled,0,0,0,False,2,False
1991-09,campus_publication,pooled,0,0,0,False,2,False
1991-10,campus_publication,pooled,0,0,0,False,2,False
1991-11,campus_publication,pooled,0,0,0,False,2,False
1991-12,campus_publication,pooled,0,0,0,False,2,False
1992-01,campus_publication,pooled,0,0,0,False,2,False
1992-02,campus_publication,pooled,0,0,0,False,2,False
1992-03,campus_publication,pooled,0,0,0,False,2,False
1992-04,campus_publication,pooled,0,0,0,False,2,False
1992-05,campus_publication,pooled,0,0,0,False,2,False
1992-06,campus_publication,pooled,0,0,0,False,2,False
1992-07,campus_publication,pooled,0,0,0,False,2,False
1992-08,campus_publication,pooled,0,0,0,False,2,False
1992-09,campus_publication,pooled,0,0,0,False,2,False
1992-10,campus_publication,pooled,0,0,0,False,2,False
1992-11,campus_publication,pooled,0,0,0,False,2,False
1992-12,campus_publication,pooled,0,0,0,False,2,False
1993-01,campus_publication,pooled,0,0,0,False,2,False
1993-02,campus_publication,pooled,0,0,0,False,2,False
1993-03,campus_publication,pooled,0,0,0,False,2,False
1993-04,campus_publication,pooled,0,0,0,False,2,False
1993-05,campus_publication,pooled,0,0,0,False,2,False
1993-06,campus_publication,pooled,0,0,0,False,2,False
1993-07,campus_publication,pooled,0,0,0,False,2,False
1993-08,campus_publication,pooled,0,0,0,False,2,False
1993-09,campus_publication,pooled,0,0,0,False,2,False
1993-10,campus_publication,pooled,0,0,0,False,2,False
1993-11,campus_publication,pooled,0,0,0,False,2,False
1993-12,campus_publication,pooled,0,0,0,False,2,False
1994-01,campus_publication,pooled,0,0,0,False,2,False
1994-02,campus_publication,pooled,0,0,0,False,2,False
1994-03,campus_publication,pooled,0,0,0,False,2,False
1994-04,campus_publication,pooled,0,0,0,False,2,False
1994-05,campus_publication,pooled,0,0,0,False,2,False
1994-06,campus_publication,pooled,0,0,0,False,2,False
1994-07,campus_publication,pooled,0,0,0,False,2,False
1994-08,campus_publication,pooled,0,0,0,False,2,False
1994-09,campus_publication,pooled,0,0,0,False,2,False
1994-10,campus_publication,pooled,0,0,0,False,2,False
1994-11,campus_publication,pooled,0,0,0,False,2,False
1994-12,campus_publication,pooled,0,0,0,False,2,False
1995-01,campus_publication,pooled,0,0,0,False,2,False
1995-02,campus_publication,pooled,0,0,0,False,2,False
1995-03,campus_publication,pooled,0,0,0,False,2,False
1995-04,campus_publication,pooled,0,0,0,False,2,False
1995-05,campus_publication,pooled,0,0,0,False,2,False
1995-06,campus_publication,pooled,0,0,0,False,2,False
1995-07,campus_publication,pooled,0,0,0,False,2,False
1995-08,campus_publication,pooled,0,0,0,False,2,False
1995-09,campus_publication,pooled,0,0,0,False,2,False
1995-10,campus_publication,pooled,0,0,0,False,2,False
1995-11,campus_publication,pooled,0,0,0,False,2,False
1995-12,campus_publication,pooled,0,0,0,False,2,False
1996-01,campus_publication,pooled,0,0,0,False,2,False
1996-02,campus_publication,pooled,0,0,0,False,2,False
1996-03,campus_publication,pooled,0,0,0,False,2,False
1996-04,campus_publication,pooled,0,0,0,False,2,False
1996-05,campus_publication,pooled,0,0,0,False,2,False
1996-06,campus_publication,pooled,0,0,0,False,2,False
1996-07,campus_publication,pooled,0,0,0,False,2,False
1996-08,campus_publication,pooled,0,0,0,False,2,False
1996-09,campus_publication,pooled,0,0,0,False,2,False
1996-10,campus_publication,pooled,0,0,0,False,2,False
1996-11,campus_publication,pooled,0,0,0,False,2,False
1996-12,campus_publication,pooled,0,0,0,False,2,False
1997-01,campus_publication,pooled,0,0,0,False,2,False
1997-02,campus_publication,pooled,0,0,0,False,2,False
1997-03,campus_publication,pooled,0,0,0,False,2,False
1997-04,campus_publication,pooled,0,0,0,False,2,False
1997-05,campus_publication,pooled,0,0,0,False,2,False
1997-06,campus_publication,pooled,0,0,0,False,2,False
1997-07,campus_publication,pooled,0,0,0,False,2,False
1997-08,campus_publication,pooled,0,0,0,False,2,False
1997-09,campus_publication,pooled,0,0,0,False,2,False
1997-10,campus_publication,pooled,0,0,0,False,2,False
1997-11,campus_publication,pooled,0,0,0,False,2,False
1997-12,campus_publication,pooled,0,0,0,False,2,False
1998-01,campus_publication,pooled,0,0,0,False,2,False
1998-02,campus_publication,pooled,0,0,0,False,2,False
1998-03,campus_publication,pooled,0,0,0,False,2,False
1998-04,campus_publication,pooled,0,0,0,False,2,False
1998-05,campus_publication,pooled,0,0,0,False,2,False
1998-06,campus_publication,pooled,0,0,0,False,2,False
1998-07,campus_publication,pooled,0,0,0,False,2,False
1998-08,campus_publication,pooled,0,0,0,False,2,False
1998-09,campus_publication,pooled,0,0,0,False,2,False
1998-10,campus_publication,pooled,0,0,0,False,2,False
1998-11,campus_publication,pooled,0,0,0,False,2,False
1998-12,campus_publication,pooled,0,0,0,False,2,False
1999-01,campus_publication,pooled,0,0,0,False,2,False
1999-02,campus_publication,pooled,0,0,0,False,2,False
1999-03,campus_publication,pooled,0,0,0,False,2,False
1999-04,campus_publication,pooled,0,0,0,False,2,False
1999-05,campus_publication,pooled,0,0,0,False,2,False
1999-06,campus_publication,pooled,0,0,0,False,2,False
1999-07,campus_publication,pooled,0,0,0,False,2,False
1999-08,campus_publication,pooled,0,0,0,False,2,False
1999-09,campus_publication,pooled,0,0,0,False,2,False
1999-10,campus_publication,pooled,0,0,0,False,2,False
1999-11,campus_publication,pooled,0,0,0,False,2,False
1999-12,campus_publication,pooled,0,0,0,False,2,False
2000-01,campus_publication,pooled,0,0,0,False,2,False
2000-02,campus_publication,pooled,0,0,0,False,2,False
2000-03,campus_publication,pooled,0,0,0,False,2,False
2000-04,campus_publication,pooled,0,0,0,False,2,False
2000-05,campus_publication,pooled,0,0,0,False,2,False
2000-06,campus_publication,pooled,0,0,0,False,2,False
2000-07,campus_publication,pooled,0,0,0,False,2,False
2000-08,campus_publication,pooled,0,0,0,False,2,False
2000-09,campus_publication,pooled,0,0,0,False,2,False
2000-10,campus_publication,pooled,0,0,0,False,2,False
2000-11,campus_publication,pooled,0,0,0,False,2,False
2000-12,campus_publication,pooled,0,0,0,False,2,False
2001-01,campus_publication,pooled,0,0,0,False,2,False
2001-02,campus_publication,pooled,0,0,0,False,2,False
2001-03,campus_publication,pooled,0,0,0,False,2,False
2001-04,campus_publication,pooled,0,0,0,False,2,False
2001-05,campus_publication,pooled,0,0,0,False,2,False
2001-06,campus_publication,pooled,0,0,0,False,2,False
2001-07,campus_publication,pooled,0,0,0,False,2,False
2001-08,campus_publication,pooled,0,0,0,False,2,False
2001-09,campus_publication,pooled,0,0,0,False,2,False
2001-10,campus_publication,pooled,0,0,0,False,2,False
2001-11,campus_publication,pooled,0,0,0,False,2,False
2001-12,campus_publication,pooled,0,0,0,False,2,False
2002-01,campus_publication,pooled,0,0,0,False,2,False
2002-02,campus_publication,pooled,0,0,0,False,2,False
2002-03,campus_publication,pooled,0,0,0,False,2,False
2002-04,campus_publication,pooled,0,0,0,False,2,False
2002-05,campus_publication,pooled,0,0,0,False,2,False
2002-06,campus_publication,pooled,0,0,0,False,2,False
2002-07,campus_publication,pooled,0,0,0,False,2,False
2002-08,campus_publication,pooled,0,0,0,False,2,False
2002-09,campus_publication,pooled,0,0,0,False,2,False
2002-10,campus_publication,pooled,0,0,0,False,2,False
2002-11,campus_publication,pooled,0,0,0,False,2,False
2002-12,campus_publication,pooled,0,0,0,False,2,False
2003-01,campus_publication,pooled,0,0,0,False,2,False
2003-02,campus_publication,pooled,0,0,0,False,2,False
2003-03,campus_publication,pooled,0,0,0,False,2,False
2003-04,campus_publication,pooled,0,0,0,False,2,False
2003-05,campus_publication,pooled,0,0,0,False,2,False
2003-06,campus_publication,pooled,0,0,0,False,2,False
2003-07,campus_publication,pooled,0,0,0,False,2,False
2003-08,campus_publication,pooled,0,0,0,False,2,False
2003-09,campus_publication,pooled,0,0,0,False,2,False
2003-10,campus_publication,pooled,0,0,0,False,2,False
2003-11,campus_publication,pooled,0,0,0,False,2,False
2003-12,campus_publication,pooled,0,0,0,False,2,False
2004-01,campus_publication,pooled,0,0,0,False,2,False
2004-02,campus_publication,pooled,0,0,0,False,2,False
2004-03,campus_publication,pooled,0,0,0,False,2,False
2004-04,campus_publication,pooled,0,0,0,False,2,False
2004-05,campus_publication,pooled,0,0,0,False,2,False
2004-06,campus_publication,pooled,0,0,0,False,2,False
2004-07,campus_publication,pooled,0,0,0,False,2,False
2004-08,campus_publication,pooled,0,0,0,False,2,False
2004-09,campus_publication,pooled,0,0,0,False,2,False
2004-10,campus_publication,pooled,0,0,0,False,2,False
2004-11,campus_publication,pooled,0,0,0,False,2,False
2004-12,campus_publication,pooled,0,0,0,False,2,False
2005-01,campus_publication,pooled,0,0,0,False,2,False
2005-02,campus_publication,pooled,0,0,0,False,2,False
2005-03,campus_publication,pooled,0,0,0,False,2,False
2005-04,campus_publication,pooled,0,0,0,False,2,False
2005-05,campus_publication,pooled,0,0,0,False,2,False
2005-06,campus_publication,pooled,0,0,0,False,2,False
2005-07,campus_publication,pooled,0,0,0,False,2,False
2005-08,campus_publication,pooled,0,0,0,False,2,False
2005-09,campus_publication,pooled,0,0,0,False,2,False
2005-10,campus_publication,pooled,0,0,0,False,2,False
2005-11,campus_publication,pooled,0,0,0,False,2,False
2005-12,campus_publication,pooled,0,0,0,False,2,False
2006-01,campus_publication,pooled,0,0,0,False,2,False
2006-02,campus_publication,pooled,0,0,0,False,2,False
2006-03,campus_publication,pooled,0,0,0,False,2,False
2006-04,campus_publication,pooled,0,0,0,False,2,False
2006-05,campus_publication,pooled,0,0,0,False,2,False
2006-06,campus_publication,pooled,0,0,0,False,2,False
2006-07,campus_publication,pooled,0,0,0,False,2,False
2006-08,campus_publication,pooled,0,0,0,False,2,False
2006-09,campus_publication,pooled,0,0,0,False,2,False
2006-10,campus_publication,pooled,0,0,0,False,2,False
2006-11,campus_publication,pooled,0,0,0,False,2,False
2006-12,campus_publication,pooled,0,0,0,False,2,False
2007-01,campus_publication,pooled,0,0,0,False,2,False
2007-02,campus_publication,pooled,164,164,1,True,0,False
2007-03,campus_publication,pooled,170,170,1,True,0,False
2007-04,campus_publication,pooled,172,172,1,True,0,False
2007-05,campus_publication,pooled,110,110,1,True,0,False
2007-06,campus_publication,pooled,46,46,1,True,0,False
2007-07,campus_publication,pooled,19,19,1,True,0,False
2007-08,campus_publication,pooled,28,28,1,True,0,False
2007-09,campus_publication,pooled,2,2,1,True,0,False
2007-10,campus_publication,pooled,2,2,1,True,0,False
2007-11,campus_publication,pooled,2,2,1,True,0,False
2007-12,campus_publication,pooled,2,2,1,True,0,False
2008-01,campus_publication,pooled,2,2,1,True,0,False
2008-02,campus_publication,pooled,45,45,1,True,0,False
2008-03,campus_publication,pooled,25,25,1,True,0,False
2008-04,campus_publication,pooled,23,23,1,True,0,False
2008-05,campus_publication,pooled,25,25,1,True,0,False
2008-06,campus_publication,pooled,2,2,1,True,0,False
2008-07,campus_publication,pooled,2,2,1,True,0,False
2008-08,campus_publication,pooled,2,2,1,True,0,False
2008-09,campus_publication,pooled,75,75,2,True,0,False
2008-10,campus_publication,pooled,141,141,2,True,0,False
2008-11,campus_publication,pooled,119,119,2,True,0,False
2008-12,campus_publication,pooled,8,7,2,True,0,False
2009-01,campus_publication,pooled,10,10,2,True,0,False
2009-02,campus_publication,pooled,77,77,2,True,0,False
2009-03,campus_publication,pooled,23,23,1,True,0,False
2009-04,campus_publication,pooled,47,47,2,True,0,False
2009-05,campus_publication,pooled,2,2,1,True,0,False
2009-06,campus_publication,pooled,2,2,1,True,0,False
2009-07,campus_publication,pooled,2,2,1,True,0,False
2009-08,campus_publication,pooled,2,2,1,True,0,False
2009-09,campus_publication,pooled,57,55,2,True,0,False
2009-10,campus_publication,pooled,16,16,2,True,0,False
2009-11,campus_publication,pooled,41,41,2,True,0,False
2009-12,campus_publication,pooled,18,18,2,True,0,False
2010-01,campus_publication,pooled,32,32,2,True,0,False
2010-02,campus_publication,pooled,94,94,2,True,0,False
2010-03,campus_publication,pooled,32,32,2,True,0,False
2010-04,campus_publication,pooled,44,44,2,True,0,False
2010-05,campus_publication,pooled,2,2,1,True,0,False
2010-06,campus_publication,pooled,2,2,1,True,0,False
2010-07,campus_publication,pooled,2,2,1,True,0,False
2010-08,campus_publication,pooled,2,2,1,True,0,False
2010-09,campus_publication,pooled,73,73,2,True,0,False
2010-10,campus_publication,pooled,114,114,3,True,0,False
2010-11,campus_publication,pooled,116,116,3,True,0,False
2010-12,campus_publication,pooled,40,40,3,True,0,False
2011-01,campus_publication,pooled,55,55,3,True,0,False
2011-02,campus_publication,pooled,77,77,3,True,0,False
2011-03,campus_publication,pooled,57,57,3,True,0,False
2011-04,campus_publication,pooled,87,87,3,True,0,False
2011-05,campus_publication,pooled,2,2,1,True,0,False
2011-06,campus_publication,pooled,3,3,2,True,0,False
2011-07,campus_publication,pooled,9,9,2,True,0,False
2011-08,campus_publication,pooled,3,3,2,True,0,False
2011-09,campus_publication,pooled,119,119,3,True,0,False
2011-10,campus_publication,pooled,171,171,3,True,0,False
2011-11,campus_publication,pooled,235,234,3,True,0,False
2011-12,campus_publication,pooled,8,8,2,True,0,False
2012-01,campus_publication,pooled,20,20,3,True,0,False
2012-02,campus_publication,pooled,178,178,3,True,0,False
2012-03,campus_publication,pooled,144,144,3,True,0,False
2012-04,campus_publication,pooled,24,24,1,True,0,False
2012-05,campus_publication,pooled,13,13,2,True,0,False
2012-06,campus_publication,pooled,5,5,2,True,0,False
2012-07,campus_publication,pooled,5,5,2,True,0,False
2012-08,campus_publication,pooled,2,2,1,True,0,False
2012-09,campus_publication,pooled,195,195,3,True,0,False
2012-10,campus_publication,pooled,282,282,3,True,0,False
2012-11,campus_publication,pooled,222,222,3,True,0,False
2012-12,campus_publication,pooled,34,34,3,True,0,False
2013-01,campus_publication,pooled,6,6,3,True,0,False
2013-02,campus_publication,pooled,47,47,3,True,0,False
2013-03,campus_publication,pooled,28,28,3,True,0,False
2013-04,campus_publication,pooled,20,20,3,True,0,False
2013-05,campus_publication,pooled,4,4,2,True,0,False
2013-06,campus_publication,pooled,3,3,2,True,0,False
2013-07,campus_publication,pooled,2,2,1,True,0,False
2013-08,campus_publication,pooled,5,5,1,True,0,False
2013-09,campus_publication,pooled,22,22,3,True,0,False
2013-10,campus_publication,pooled,27,27,3,True,0,False
2013-11,campus_publication,pooled,39,39,3,True,0,False
2013-12,campus_publication,pooled,18,18,3,True,0,False
2014-01,campus_publication,pooled,62,62,3,True,0,False
2014-02,campus_publication,pooled,100,98,3,True,0,False
2014-03,campus_publication,pooled,64,64,3,True,0,False
2014-04,campus_publication,pooled,45,45,3,True,0,False
2014-05,campus_publication,pooled,11,11,3,True,0,False
2014-06,campus_publication,pooled,22,22,3,True,0,False
2014-07,campus_publication,pooled,17,17,3,True,0,False
2014-08,campus_publication,pooled,16,16,3,True,0,False
2014-09,campus_publication,pooled,54,54,3,True,0,False
2014-10,campus_publication,pooled,93,93,4,True,0,False
2014-11,campus_publication,pooled,68,68,3,True,0,False
2014-12,campus_publication,pooled,60,60,4,True,0,False
2015-01,campus_publication,pooled,59,59,3,True,0,False
2015-02,campus_publication,pooled,102,102,3,True,0,False
2015-03,campus_publication,pooled,97,97,3,True,0,False
2015-04,campus_publication,pooled,36,36,3,True,0,False
2015-05,campus_publication,pooled,8,8,3,True,0,False
2015-06,campus_publication,pooled,5,5,4,True,0,False
2015-07,campus_publication,pooled,8,8,3,True,0,False
2015-08,campus_publication,pooled,8,8,3,True,0,False
2015-09,campus_publication,pooled,47,47,3,True,0,False
2015-10,campus_publication,pooled,69,69,3,True,0,False
2015-11,campus_publication,pooled,55,55,4,True,0,False
2015-12,campus_publication,pooled,64,64,3,True,0,False
2016-01,campus_publication,pooled,57,57,4,True,0,False
2016-02,campus_publication,pooled,146,146,3,True,0,False
2016-03,campus_publication,pooled,70,70,3,True,0,False
2016-04,campus_publication,pooled,38,38,3,True,0,False
2016-05,campus_publication,pooled,11,11,4,True,0,False
2016-06,campus_publication,pooled,7,7,3,True,0,False
2016-07,campus_publication,pooled,10,10,3,True,0,False
2016-08,campus_publication,pooled,10,10,3,True,0,False
2016-09,campus_publication,pooled,64,64,4,True,0,False
2016-10,campus_publication,pooled,102,102,4,True,0,False
2016-11,campus_publication,pooled,96,96,4,True,0,False
2016-12,campus_publication,pooled,79,79,3,True,0,False
2017-01,campus_publication,pooled,75,75,4,True,0,False
2017-02,campus_publication,pooled,145,145,3,True,0,False
2017-03,campus_publication,pooled,190,190,4,True,0,False
2017-04,campus_publication,pooled,56,56,4,True,0,False
2017-05,campus_publication,pooled,6,6,4,True,0,False
2017-06,campus_publication,pooled,6,6,4,True,0,False
2017-07,campus_publication,pooled,6,6,4,True,0,False
2017-08,campus_publication,pooled,6,6,3,True,0,False
2017-09,campus_publication,pooled,31,31,3,True,0,False
2017-10,campus_publication,pooled,103,103,3,True,0,False
2017-11,campus_publication,pooled,113,113,3,True,0,False
2017-12,campus_publication,pooled,26,26,3,True,0,False
2018-01,campus_publication,pooled,75,75,3,True,0,False
2018-02,campus_publication,pooled,104,104,3,True,0,False
2018-03,campus_publication,pooled,97,97,3,True,0,False
2018-04,campus_publication,pooled,18,18,3,True,0,False
2018-05,campus_publication,pooled,6,6,4,True,0,False
2018-06,campus_publication,pooled,6,6,4,True,0,False
2018-07,campus_publication,pooled,15,15,3,True,0,False
2018-08,campus_publication,pooled,26,26,3,True,0,False
2018-09,campus_publication,pooled,21,21,3,True,0,False
2018-10,campus_publication,pooled,52,52,3,True,0,False
2018-11,campus_publication,pooled,77,77,3,True,0,False
2018-12,campus_publication,pooled,33,33,3,True,0,False
2019-01,campus_publication,pooled,46,46,3,True,0,False
2019-02,campus_publication,pooled,101,100,3,True,0,False
2019-03,campus_publication,pooled,121,121,3,True,0,False
2019-04,campus_publication,pooled,24,24,3,True,0,False
2019-05,campus_publication,pooled,16,16,3,True,0,False
2019-06,campus_publication,pooled,8,8,3,True,0,False
2019-07,campus_publication,pooled,9,9,3,True,0,False
2019-08,campus_publication,pooled,6,6,4,True,0,False
2019-09,campus_publication,pooled,27,27,3,True,0,False
2019-10,campus_publication,pooled,88,88,3,True,0,False
2019-11,campus_publication,pooled,86,86,3,True,0,False
2019-12,campus_publication,pooled,87,87,3,True,0,False
2020-01,campus_publication,pooled,49,49,3,True,0,False
2020-02,campus_publication,pooled,96,96,3,True,0,False
2020-03,campus_publication,pooled,93,93,3,True,0,False
2020-04,campus_publication,pooled,71,71,3,True,0,False
2020-05,campus_publication,pooled,19,19,3,True,0,False
2020-06,campus_publication,pooled,11,11,3,True,0,False
2020-07,campus_publication,pooled,11,11,3,True,0,False
2020-08,campus_publication,pooled,7,7,3,True,0,False
2020-09,campus_publication,pooled,20,20,3,True,0,False
2020-10,campus_publication,pooled,16,16,3,True,0,False
2020-11,campus_publication,pooled,35,35,3,True,0,False
2020-12,campus_publication,pooled,28,28,3,True,0,False
2021-01,campus_publication,pooled,29,29,3,True,0,False
2021-02,campus_publication,pooled,42,42,3,True,0,False
2021-03,campus_publication,pooled,37,37,3,True,0,False
2021-04,campus_publication,pooled,12,12,3,True,0,False
2021-05,campus_publication,pooled,6,6,4,True,0,False
2021-06,campus_publication,pooled,6,6,3,True,0,False
2021-07,campus_publication,pooled,4,4,2,True,0,False
2021-08,campus_publication,pooled,6,6,4,True,0,False
2021-09,campus_publication,pooled,7,7,4,True,0,False
2021-10,campus_publication,pooled,6,6,3,True,0,False
2021-11,campus_publication,pooled,6,6,3,True,0,False
2021-12,campus_publication,pooled,6,6,3,True,0,False
2022-01,campus_publication,pooled,6,6,3,True,0,False
2022-02,campus_publication,pooled,15,15,3,True,0,False
2022-03,campus_publication,pooled,32,32,3,True,0,False
2022-04,campus_publication,pooled,9,9,3,True,0,False
2022-05,campus_publication,pooled,6,6,4,True,0,False
2022-06,campus_publication,pooled,6,6,4,True,0,False
2022-07,campus_publication,pooled,6,6,3,True,0,False
2022-08,campus_publication,pooled,6,6,3,True,0,False
2022-09,campus_publication,pooled,6,6,3,True,0,False
2022-10,campus_publication,pooled,6,6,3,True,0,False
2022-11,campus_publication,pooled,6,6,3,True,0,False
2022-12,campus_publication,pooled,6,6,3,True,0,False
2023-01,campus_publication,pooled,6,6,3,True,0,False
2023-02,campus_publication,pooled,17,17,3,True,0,False
2023-03,campus_publication,pooled,16,16,3,True,0,False
2023-04,campus_publication,pooled,11,11,3,True,0,False
2023-05,campus_publication,pooled,6,6,3,True,0,False
2023-06,campus_publication,pooled,6,6,3,True,0,False
2023-07,campus_publication,pooled,6,6,3,True,0,False
2023-08,campus_publication,pooled,6,6,3,True,0,False
2023-09,campus_publication,pooled,6,6,3,True,0,False
2023-10,campus_publication,pooled,6,6,3,True,0,False
2023-11,campus_publication,pooled,6,6,3,True,0,False
2023-12,campus_publication,pooled,6,6,3,True,0,False
2024-01,campus_publication,pooled,6,6,3,True,0,False
2024-02,campus_publication,pooled,34,34,3,True,0,False
2024-03,campus_publication,pooled,23,23,3,True,0,False
2024-04,campus_publication,pooled,20,20,3,True,0,False
2024-05,campus_publication,pooled,6,6,4,True,0,False
2024-06,campus_publication,pooled,6,6,3,True,0,False
2024-07,campus_publication,pooled,4,4,2,True,0,False
2024-08,campus_publication,pooled,4,4,2,True,0,False
2024-09,campus_publication,pooled,6,6,3,True,0,False
2024-10,campus_publication,pooled,6,6,3,True,0,False
2024-11,campus_publication,pooled,6,6,3,True,0,False
2024-12,campus_publication,pooled,6,6,3,True,0,False
2025-01,campus_publication,pooled,6,6,3,True,0,False
2025-02,campus_publication,pooled,33,33,3,True,0,False
2025-03,campus_publication,pooled,26,26,3,True,0,False
2025-04,campus_publication,pooled,26,26,3,True,0,False
2025-05,campus_publication,pooled,6,6,4,True,0,False
2025-06,campus_publication,pooled,6,6,3,True,0,False
2025-07,campus_publication,pooled,6,6,3,True,0,False
2025-08,campus_publication,pooled,6,6,4,True,0,False
2025-09,campus_publication,pooled,6,6,3,True,0,False
2025-10,campus_publication,pooled,6,6,3,True,0,False
2025-11,campus_publication,pooled,6,6,3,True,0,False
2025-12,campus_publication,pooled,6,6,3,True,0,False
2026-01,campus_publication,pooled,6,6,3,True,0,False
2026-02,campus_publication,pooled,44,44,3,True,0,False
2026-03,campus_publication,pooled,33,33,3,True,0,False
2026-04,campus_publication,pooled,6,6,3,True,0,False
2026-05,campus_publication,pooled,6,6,3,True,0,False
2026-06,campus_publication,pooled,6,6,3,True,0,False
2026-07,campus_publication,pooled,6,6,3,True,0,False
2026-08,campus_publication,pooled,6,6,3,True,0,False
2026-09,campus_publication,pooled,6,6,3,True,0,True
1988-01,campus_publication,EU/Europe excluding UK,0,0,0,False,2,False
1988-02,campus_publication,EU/Europe excluding UK,0,0,0,False,2,False
1988-03,campus_publication,EU/Europe excluding UK,0,0,0,False,2,False
1988-04,campus_publication,EU/Europe excluding UK,0,0,0,False,2,False
1988-05,campus_publication,EU/Europe excluding UK,0,0,0,False,2,False
1988-06,campus_publication,EU/Europe excluding UK,0,0,0,False,2,False
1988-07,campus_publication,EU/Europe excluding UK,0,0,0,False,2,False
1988-08,campus_publication,EU/Europe excluding UK,0,0,0,False,2,False
1988-09,campus_publication,EU/Europe excluding UK,0,0,0,False,2,False
1988-10,campus_publication,EU/Europe excluding UK,0,0,0,False,2,False
1988-11,campus_publication,EU/Europe excluding UK,0,0,0,False,2,False
1988-12,campus_publication,EU/Europe excluding UK,0,0,0,False,2,False
1989-01,campus_publication,EU/Europe excluding UK,0,0,0,False,2,False
1989-02,campus_publication,EU/Europe excluding UK,0,0,0,False,2,False
1989-03,campus_publication,EU/Europe excluding UK,0,0,0,False,2,False
1989-04,campus_publication,EU/Europe excluding UK,0,0,0,False,2,False
1989-05,campus_publication,EU/Europe excluding UK,0,0,0,False,2,False
1989-06,campus_publication,EU/Europe excluding UK,0,0,0,False,2,False
1989-07,campus_publication,EU/Europe excluding UK,0,0,0,False,2,False
1989-08,campus_publication,EU/Europe excluding UK,0,0,0,False,2,False
1989-09,campus_publication,EU/Europe excluding UK,0,0,0,False,2,False
1989-10,campus_publication,EU/Europe excluding UK,0,0,0,False,2,False
1989-11,campus_publication,EU/Europe excluding UK,0,0,0,False,2,False
1989-12,campus_publication,EU/Europe excluding UK,0,0,0,False,2,False
1990-01,campus_publication,EU/Europe excluding UK,0,0,0,False,2,False
1990-02,campus_publication,EU/Europe excluding UK,0,0,0,False,2,False
1990-03,campus_publication,EU/Europe excluding UK,0,0,0,False,2,False
1990-04,campus_publication,EU/Europe excluding UK,0,0,0,False,2,False
1990-05,campus_publication,EU/Europe excluding UK,0,0,0,False,2,False
1990-06,campus_publication,EU/Europe excluding UK,0,0,0,False,2,False
1990-07,campus_publication,EU/Europe excluding UK,0,0,0,False,2,False
1990-08,campus_publication,EU/Europe excluding UK,0,0,0,False,2,False
1990-09,campus_publication,EU/Europe excluding UK,0,0,0,False,2,False
1990-10,campus_publication,EU/Europe excluding UK,0,0,0,False,2,False
1990-11,campus_publication,EU/Europe excluding UK,0,0,0,False,2,False
1990-12,campus_publication,EU/Europe excluding UK,0,0,0,False,2,False
1991-01,campus_publication,EU/Europe excluding UK,0,0,0,False,2,False
1991-02,campus_publication,EU/Europe excluding UK,0,0,0,False,2,False
1991-03,campus_publication,EU/Europe excluding UK,0,0,0,False,2,False
1991-04,campus_publication,EU/Europe excluding UK,0,0,0,False,2,False
1991-05,campus_publication,EU/Europe excluding UK,0,0,0,False,2,False
1991-06,campus_publication,EU/Europe excluding UK,0,0,0,False,2,False
1991-07,campus_publication,EU/Europe excluding UK,0,0,0,False,2,False
1991-08,campus_publication,EU/Europe excluding UK,0,0,0,False,2,False
1991-09,campus_publication,EU/Europe excluding UK,0,0,0,False,2,False
1991-10,campus_publication,EU/Europe excluding UK,0,0,0,False,2,False
1991-11,campus_publication,EU/Europe excluding UK,0,0,0,False,2,False
1991-12,campus_publication,EU/Europe excluding UK,0,0,0,False,2,False
1992-01,campus_publication,EU/Europe excluding UK,0,0,0,False,2,False
1992-02,campus_publication,EU/Europe excluding UK,0,0,0,False,2,False
1992-03,campus_publication,EU/Europe excluding UK,0,0,0,False,2,False
1992-04,campus_publication,EU/Europe excluding UK,0,0,0,False,2,False
1992-05,campus_publication,EU/Europe excluding UK,0,0,0,False,2,False
1992-06,campus_publication,EU/Europe excluding UK,0,0,0,False,2,False
1992-07,campus_publication,EU/Europe excluding UK,0,0,0,False,2,False
1992-08,campus_publication,EU/Europe excluding UK,0,0,0,False,2,False
1992-09,campus_publication,EU/Europe excluding UK,0,0,0,False,2,False
1992-10,campus_publication,EU/Europe excluding UK,0,0,0,False,2,False
1992-11,campus_publication,EU/Europe excluding UK,0,0,0,False,2,False
1992-12,campus_publication,EU/Europe excluding UK,0,0,0,False,2,False
1993-01,campus_publication,EU/Europe excluding UK,0,0,0,False,2,False
1993-02,campus_publication,EU/Europe excluding UK,0,0,0,False,2,False
1993-03,campus_publication,EU/Europe excluding UK,0,0,0,False,2,False
1993-04,campus_publication,EU/Europe excluding UK,0,0,0,False,2,False
1993-05,campus_publication,EU/Europe excluding UK,0,0,0,False,2,False
1993-06,campus_publication,EU/Europe excluding UK,0,0,0,False,2,False
1993-07,campus_publication,EU/Europe excluding UK,0,0,0,False,2,False
1993-08,campus_publication,EU/Europe excluding UK,0,0,0,False,2,False
1993-09,campus_publication,EU/Europe excluding UK,0,0,0,False,2,False
1993-10,campus_publication,EU/Europe excluding UK,0,0,0,False,2,False
1993-11,campus_publication,EU/Europe excluding UK,0,0,0,False,2,False
1993-12,campus_publication,EU/Europe excluding UK,0,0,0,False,2,False
1994-01,campus_publication,EU/Europe excluding UK,0,0,0,False,2,False
1994-02,campus_publication,EU/Europe excluding UK,0,0,0,False,2,False
1994-03,campus_publication,EU/Europe excluding UK,0,0,0,False,2,False
1994-04,campus_publication,EU/Europe excluding UK,0,0,0,False,2,False
1994-05,campus_publication,EU/Europe excluding UK,0,0,0,False,2,False
1994-06,campus_publication,EU/Europe excluding UK,0,0,0,False,2,False
1994-07,campus_publication,EU/Europe excluding UK,0,0,0,False,2,False
1994-08,campus_publication,EU/Europe excluding UK,0,0,0,False,2,False
1994-09,campus_publication,EU/Europe excluding UK,0,0,0,False,2,False
1994-10,campus_publication,EU/Europe excluding UK,0,0,0,False,2,False
1994-11,campus_publication,EU/Europe excluding UK,0,0,0,False,2,False
1994-12,campus_publication,EU/Europe excluding UK,0,0,0,False,2,False
1995-01,campus_publication,EU/Europe excluding UK,0,0,0,False,2,False
1995-02,campus_publication,EU/Europe excluding UK,0,0,0,False,2,False
1995-03,campus_publication,EU/Europe excluding UK,0,0,0,False,2,False
1995-04,campus_publication,EU/Europe excluding UK,0,0,0,False,2,False
1995-05,campus_publication,EU/Europe excluding UK,0,0,0,False,2,False
1995-06,campus_publication,EU/Europe excluding UK,0,0,0,False,2,False
1995-07,campus_publication,EU/Europe excluding UK,0,0,0,False,2,False
1995-08,campus_publication,EU/Europe excluding UK,0,0,0,False,2,False
1995-09,campus_publication,EU/Europe excluding UK,0,0,0,False,2,False
1995-10,campus_publication,EU/Europe excluding UK,0,0,0,False,2,False
1995-11,campus_publication,EU/Europe excluding UK,0,0,0,False,2,False
1995-12,campus_publication,EU/Europe excluding UK,0,0,0,False,2,False
1996-01,campus_publication,EU/Europe excluding UK,0,0,0,False,2,False
1996-02,campus_publication,EU/Europe excluding UK,0,0,0,False,2,False
1996-03,campus_publication,EU/Europe excluding UK,0,0,0,False,2,False
1996-04,campus_publication,EU/Europe excluding UK,0,0,0,False,2,False
1996-05,campus_publication,EU/Europe excluding UK,0,0,0,False,2,False
1996-06,campus_publication,EU/Europe excluding UK,0,0,0,False,2,False
1996-07,campus_publication,EU/Europe excluding UK,0,0,0,False,2,False
1996-08,campus_publication,EU/Europe excluding UK,0,0,0,False,2,False
1996-09,campus_publication,EU/Europe excluding UK,0,0,0,False,2,False
1996-10,campus_publication,EU/Europe excluding UK,0,0,0,False,2,False
1996-11,campus_publication,EU/Europe excluding UK,0,0,0,False,2,False
1996-12,campus_publication,EU/Europe excluding UK,0,0,0,False,2,False
1997-01,campus_publication,EU/Europe excluding UK,0,0,0,False,2,False
1997-02,campus_publication,EU/Europe excluding UK,0,0,0,False,2,False
1997-03,campus_publication,EU/Europe excluding UK,0,0,0,False,2,False
1997-04,campus_publication,EU/Europe excluding UK,0,0,0,False,2,False
1997-05,campus_publication,EU/Europe excluding UK,0,0,0,False,2,False
1997-06,campus_publication,EU/Europe excluding UK,0,0,0,False,2,False
1997-07,campus_publication,EU/Europe excluding UK,0,0,0,False,2,False
1997-08,campus_publication,EU/Europe excluding UK,0,0,0,False,2,False
1997-09,campus_publication,EU/Europe excluding UK,0,0,0,False,2,False
1997-10,campus_publication,EU/Europe excluding UK,0,0,0,False,2,False
1997-11,campus_publication,EU/Europe excluding UK,0,0,0,False,2,False
1997-12,campus_publication,EU/Europe excluding UK,0,0,0,False,2,False
1998-01,campus_publication,EU/Europe excluding UK,0,0,0,False,2,False
1998-02,campus_publication,EU/Europe excluding UK,0,0,0,False,2,False
1998-03,campus_publication,EU/Europe excluding UK,0,0,0,False,2,False
1998-04,campus_publication,EU/Europe excluding UK,0,0,0,False,2,False
1998-05,campus_publication,EU/Europe excluding UK,0,0,0,False,2,False
1998-06,campus_publication,EU/Europe excluding UK,0,0,0,False,2,False
1998-07,campus_publication,EU/Europe excluding UK,0,0,0,False,2,False
1998-08,campus_publication,EU/Europe excluding UK,0,0,0,False,2,False
1998-09,campus_publication,EU/Europe excluding UK,0,0,0,False,2,False
1998-10,campus_publication,EU/Europe excluding UK,0,0,0,False,2,False
1998-11,campus_publication,EU/Europe excluding UK,0,0,0,False,2,False
1998-12,campus_publication,EU/Europe excluding UK,0,0,0,False,2,False
1999-01,campus_publication,EU/Europe excluding UK,0,0,0,False,2,False
1999-02,campus_publication,EU/Europe excluding UK,0,0,0,False,2,False
1999-03,campus_publication,EU/Europe excluding UK,0,0,0,False,2,False
1999-04,campus_publication,EU/Europe excluding UK,0,0,0,False,2,False
1999-05,campus_publication,EU/Europe excluding UK,0,0,0,False,2,False
1999-06,campus_publication,EU/Europe excluding UK,0,0,0,False,2,False
1999-07,campus_publication,EU/Europe excluding UK,0,0,0,False,2,False
1999-08,campus_publication,EU/Europe excluding UK,0,0,0,False,2,False
1999-09,campus_publication,EU/Europe excluding UK,0,0,0,False,2,False
1999-10,campus_publication,EU/Europe excluding UK,0,0,0,False,2,False
1999-11,campus_publication,EU/Europe excluding UK,0,0,0,False,2,False
1999-12,campus_publication,EU/Europe excluding UK,0,0,0,False,2,False
2000-01,campus_publication,EU/Europe excluding UK,0,0,0,False,2,False
2000-02,campus_publication,EU/Europe excluding UK,0,0,0,False,2,False
2000-03,campus_publication,EU/Europe excluding UK,0,0,0,False,2,False
2000-04,campus_publication,EU/Europe excluding UK,0,0,0,False,2,False
2000-05,campus_publication,EU/Europe excluding UK,0,0,0,False,2,False
2000-06,campus_publication,EU/Europe excluding UK,0,0,0,False,2,False
2000-07,campus_publication,EU/Europe excluding UK,0,0,0,False,2,False
2000-08,campus_publication,EU/Europe excluding UK,0,0,0,False,2,False
2000-09,campus_publication,EU/Europe excluding UK,0,0,0,False,2,False
2000-10,campus_publication,EU/Europe excluding UK,0,0,0,False,2,False
2000-11,campus_publication,EU/Europe excluding UK,0,0,0,False,2,False
2000-12,campus_publication,EU/Europe excluding UK,0,0,0,False,2,False
2001-01,campus_publication,EU/Europe excluding UK,0,0,0,False,2,False
2001-02,campus_publication,EU/Europe excluding UK,0,0,0,False,2,False
2001-03,campus_publication,EU/Europe excluding UK,0,0,0,False,2,False
2001-04,campus_publication,EU/Europe excluding UK,0,0,0,False,2,False
2001-05,campus_publication,EU/Europe excluding UK,0,0,0,False,2,False
2001-06,campus_publication,EU/Europe excluding UK,0,0,0,False,2,False
2001-07,campus_publication,EU/Europe excluding UK,0,0,0,False,2,False
2001-08,campus_publication,EU/Europe excluding UK,0,0,0,False,2,False
2001-09,campus_publication,EU/Europe excluding UK,0,0,0,False,2,False
2001-10,campus_publication,EU/Europe excluding UK,0,0,0,False,2,False
2001-11,campus_publication,EU/Europe excluding UK,0,0,0,False,2,False
2001-12,campus_publication,EU/Europe excluding UK,0,0,0,False,2,False
2002-01,campus_publication,EU/Europe excluding UK,0,0,0,False,2,False
2002-02,campus_publication,EU/Europe excluding UK,0,0,0,False,2,False
2002-03,campus_publication,EU/Europe excluding UK,0,0,0,False,2,False
2002-04,campus_publication,EU/Europe excluding UK,0,0,0,False,2,False
2002-05,campus_publication,EU/Europe excluding UK,0,0,0,False,2,False
2002-06,campus_publication,EU/Europe excluding UK,0,0,0,False,2,False
2002-07,campus_publication,EU/Europe excluding UK,0,0,0,False,2,False
2002-08,campus_publication,EU/Europe excluding UK,0,0,0,False,2,False
2002-09,campus_publication,EU/Europe excluding UK,0,0,0,False,2,False
2002-10,campus_publication,EU/Europe excluding UK,0,0,0,False,2,False
2002-11,campus_publication,EU/Europe excluding UK,0,0,0,False,2,False
2002-12,campus_publication,EU/Europe excluding UK,0,0,0,False,2,False
2003-01,campus_publication,EU/Europe excluding UK,0,0,0,False,2,False
2003-02,campus_publication,EU/Europe excluding UK,0,0,0,False,2,False
2003-03,campus_publication,EU/Europe excluding UK,0,0,0,False,2,False
2003-04,campus_publication,EU/Europe excluding UK,0,0,0,False,2,False
2003-05,campus_publication,EU/Europe excluding UK,0,0,0,False,2,False
2003-06,campus_publication,EU/Europe excluding UK,0,0,0,False,2,False
2003-07,campus_publication,EU/Europe excluding UK,0,0,0,False,2,False
2003-08,campus_publication,EU/Europe excluding UK,0,0,0,False,2,False
2003-09,campus_publication,EU/Europe excluding UK,0,0,0,False,2,False
2003-10,campus_publication,EU/Europe excluding UK,0,0,0,False,2,False
2003-11,campus_publication,EU/Europe excluding UK,0,0,0,False,2,False
2003-12,campus_publication,EU/Europe excluding UK,0,0,0,False,2,False
2004-01,campus_publication,EU/Europe excluding UK,0,0,0,False,2,False
2004-02,campus_publication,EU/Europe excluding UK,0,0,0,False,2,False
2004-03,campus_publication,EU/Europe excluding UK,0,0,0,False,2,False
2004-04,campus_publication,EU/Europe excluding UK,0,0,0,False,2,False
2004-05,campus_publication,EU/Europe excluding UK,0,0,0,False,2,False
2004-06,campus_publication,EU/Europe excluding UK,0,0,0,False,2,False
2004-07,campus_publication,EU/Europe excluding UK,0,0,0,False,2,False
2004-08,campus_publication,EU/Europe excluding UK,0,0,0,False,2,False
2004-09,campus_publication,EU/Europe excluding UK,0,0,0,False,2,False
2004-10,campus_publication,EU/Europe excluding UK,0,0,0,False,2,False
2004-11,campus_publication,EU/Europe excluding UK,0,0,0,False,2,False
2004-12,campus_publication,EU/Europe excluding UK,0,0,0,False,2,False
2005-01,campus_publication,EU/Europe excluding UK,0,0,0,False,2,False
2005-02,campus_publication,EU/Europe excluding UK,0,0,0,False,2,False
2005-03,campus_publication,EU/Europe excluding UK,0,0,0,False,2,False
2005-04,campus_publication,EU/Europe excluding UK,0,0,0,False,2,False
2005-05,campus_publication,EU/Europe excluding UK,0,0,0,False,2,False
2005-06,campus_publication,EU/Europe excluding UK,0,0,0,False,2,False
2005-07,campus_publication,EU/Europe excluding UK,0,0,0,False,2,False
2005-08,campus_publication,EU/Europe excluding UK,0,0,0,False,2,False
2005-09,campus_publication,EU/Europe excluding UK,0,0,0,False,2,False
2005-10,campus_publication,EU/Europe excluding UK,0,0,0,False,2,False
2005-11,campus_publication,EU/Europe excluding UK,0,0,0,False,2,False
2005-12,campus_publication,EU/Europe excluding UK,0,0,0,False,2,False
2006-01,campus_publication,EU/Europe excluding UK,0,0,0,False,2,False
2006-02,campus_publication,EU/Europe excluding UK,0,0,0,False,2,False
2006-03,campus_publication,EU/Europe excluding UK,0,0,0,False,2,False
2006-04,campus_publication,EU/Europe excluding UK,0,0,0,False,2,False
2006-05,campus_publication,EU/Europe excluding UK,0,0,0,False,2,False
2006-06,campus_publication,EU/Europe excluding UK,0,0,0,False,2,False
2006-07,campus_publication,EU/Europe excluding UK,0,0,0,False,2,False
2006-08,campus_publication,EU/Europe excluding UK,0,0,0,False,2,False
2006-09,campus_publication,EU/Europe excluding UK,0,0,0,False,2,False
2006-10,campus_publication,EU/Europe excluding UK,0,0,0,False,2,False
2006-11,campus_publication,EU/Europe excluding UK,0,0,0,False,2,False
2006-12,campus_publication,EU/Europe excluding UK,0,0,0,False,2,False
2007-01,campus_publication,EU/Europe excluding UK,0,0,0,False,2,False
2007-02,campus_publication,EU/Europe excluding UK,0,0,0,False,2,False
2007-03,campus_publication,EU/Europe excluding UK,0,0,0,False,2,False
2007-04,campus_publication,EU/Europe excluding UK,0,0,0,False,2,False
2007-05,campus_publication,EU/Europe excluding UK,0,0,0,False,2,False
2007-06,campus_publication,EU/Europe excluding UK,0,0,0,False,2,False
2007-07,campus_publication,EU/Europe excluding UK,0,0,0,False,2,False
2007-08,campus_publication,EU/Europe excluding UK,0,0,0,False,2,False
2007-09,campus_publication,EU/Europe excluding UK,0,0,0,False,2,False
2007-10,campus_publication,EU/Europe excluding UK,0,0,0,False,2,False
2007-11,campus_publication,EU/Europe excluding UK,0,0,0,False,2,False
2007-12,campus_publication,EU/Europe excluding UK,0,0,0,False,2,False
2008-01,campus_publication,EU/Europe excluding UK,0,0,0,False,2,False
2008-02,campus_publication,EU/Europe excluding UK,0,0,0,False,2,False
2008-03,campus_publication,EU/Europe excluding UK,0,0,0,False,2,False
2008-04,campus_publication,EU/Europe excluding UK,0,0,0,False,2,False
2008-05,campus_publication,EU/Europe excluding UK,0,0,0,False,2,False
2008-06,campus_publication,EU/Europe excluding UK,0,0,0,False,2,False
2008-07,campus_publication,EU/Europe excluding UK,0,0,0,False,2,False
2008-08,campus_publication,EU/Europe excluding UK,0,0,0,False,2,False
2008-09,campus_publication,EU/Europe excluding UK,73,73,1,True,0,False
2008-10,campus_publication,EU/Europe excluding UK,139,139,1,True,0,False
2008-11,campus_publication,EU/Europe excluding UK,117,117,1,True,0,False
2008-12,campus_publication,EU/Europe excluding UK,6,5,1,True,0,False
2009-01,campus_publication,EU/Europe excluding UK,8,8,1,True,0,False
2009-02,campus_publication,EU/Europe excluding UK,28,28,1,True,0,False
2009-03,campus_publication,EU/Europe excluding UK,0,0,0,False,2,False
2009-04,campus_publication,EU/Europe excluding UK,5,5,1,True,0,False
2009-05,campus_publication,EU/Europe excluding UK,0,0,0,False,2,False
2009-06,campus_publication,EU/Europe excluding UK,0,0,0,False,2,False
2009-07,campus_publication,EU/Europe excluding UK,0,0,0,False,2,False
2009-08,campus_publication,EU/Europe excluding UK,0,0,0,False,2,False
2009-09,campus_publication,EU/Europe excluding UK,54,52,1,True,0,False
2009-10,campus_publication,EU/Europe excluding UK,14,14,1,True,0,False
2009-11,campus_publication,EU/Europe excluding UK,39,39,1,True,0,False
2009-12,campus_publication,EU/Europe excluding UK,16,16,1,True,0,False
2010-01,campus_publication,EU/Europe excluding UK,30,30,1,True,0,False
2010-02,campus_publication,EU/Europe excluding UK,51,51,1,True,0,False
2010-03,campus_publication,EU/Europe excluding UK,12,12,1,True,0,False
2010-04,campus_publication,EU/Europe excluding UK,3,3,1,True,0,False
2010-05,campus_publication,EU/Europe excluding UK,0,0,0,False,2,False
2010-06,campus_publication,EU/Europe excluding UK,0,0,0,False,2,False
2010-07,campus_publication,EU/Europe excluding UK,0,0,0,False,2,False
2010-08,campus_publication,EU/Europe excluding UK,0,0,0,False,2,False
2010-09,campus_publication,EU/Europe excluding UK,71,71,1,True,0,False
2010-10,campus_publication,EU/Europe excluding UK,64,64,1,True,0,False
2010-11,campus_publication,EU/Europe excluding UK,112,112,1,True,0,False
2010-12,campus_publication,EU/Europe excluding UK,5,5,1,True,0,False
2011-01,campus_publication,EU/Europe excluding UK,38,38,1,True,0,False
2011-02,campus_publication,EU/Europe excluding UK,10,10,1,True,0,False
2011-03,campus_publication,EU/Europe excluding UK,11,11,1,True,0,False
2011-04,campus_publication,EU/Europe excluding UK,1,1,1,False,1,False
2011-05,campus_publication,EU/Europe excluding UK,0,0,0,False,2,False
2011-06,campus_publication,EU/Europe excluding UK,1,1,1,False,1,False
2011-07,campus_publication,EU/Europe excluding UK,7,7,1,True,0,False
2011-08,campus_publication,EU/Europe excluding UK,0,0,0,False,2,False
2011-09,campus_publication,EU/Europe excluding UK,4,4,1,True,0,False
2011-10,campus_publication,EU/Europe excluding UK,10,10,1,True,0,False
2011-11,campus_publication,EU/Europe excluding UK,6,6,1,True,0,False
2011-12,campus_publication,EU/Europe excluding UK,0,0,0,False,2,False
2012-01,campus_publication,EU/Europe excluding UK,17,17,1,True,0,False
2012-02,campus_publication,EU/Europe excluding UK,32,32,1,True,0,False
2012-03,campus_publication,EU/Europe excluding UK,13,13,1,True,0,False
2012-04,campus_publication,EU/Europe excluding UK,0,0,0,False,2,False
2012-05,campus_publication,EU/Europe excluding UK,11,11,1,True,0,False
2012-06,campus_publication,EU/Europe excluding UK,3,3,1,True,0,False
2012-07,campus_publication,EU/Europe excluding UK,3,3,1,True,0,False
2012-08,campus_publication,EU/Europe excluding UK,0,0,0,False,2,False
2012-09,campus_publication,EU/Europe excluding UK,6,6,1,True,0,False
2012-10,campus_publication,EU/Europe excluding UK,2,2,1,True,0,False
2012-11,campus_publication,EU/Europe excluding UK,33,33,1,True,0,False
2012-12,campus_publication,EU/Europe excluding UK,3,3,1,True,0,False
2013-01,campus_publication,EU/Europe excluding UK,2,2,1,True,0,False
2013-02,campus_publication,EU/Europe excluding UK,5,5,1,True,0,False
2013-03,campus_publication,EU/Europe excluding UK,4,4,1,True,0,False
2013-04,campus_publication,EU/Europe excluding UK,1,1,1,False,1,False
2013-05,campus_publication,EU/Europe excluding UK,0,0,0,False,2,False
2013-06,campus_publication,EU/Europe excluding UK,0,0,0,False,2,False
2013-07,campus_publication,EU/Europe excluding UK,0,0,0,False,2,False
2013-08,campus_publication,EU/Europe excluding UK,0,0,0,False,2,False
2013-09,campus_publication,EU/Europe excluding UK,18,18,1,True,0,False
2013-10,campus_publication,EU/Europe excluding UK,23,23,1,True,0,False
2013-11,campus_publication,EU/Europe excluding UK,35,35,1,True,0,False
2013-12,campus_publication,EU/Europe excluding UK,14,14,1,True,0,False
2014-01,campus_publication,EU/Europe excluding UK,58,58,1,True,0,False
2014-02,campus_publication,EU/Europe excluding UK,54,52,1,True,0,False
2014-03,campus_publication,EU/Europe excluding UK,41,41,1,True,0,False
2014-04,campus_publication,EU/Europe excluding UK,23,23,1,True,0,False
2014-05,campus_publication,EU/Europe excluding UK,7,7,1,True,0,False
2014-06,campus_publication,EU/Europe excluding UK,18,18,1,True,0,False
2014-07,campus_publication,EU/Europe excluding UK,13,13,1,True,0,False
2014-08,campus_publication,EU/Europe excluding UK,9,9,1,True,0,False
2014-09,campus_publication,EU/Europe excluding UK,50,50,1,True,0,False
2014-10,campus_publication,EU/Europe excluding UK,89,89,1,True,0,False
2014-11,campus_publication,EU/Europe excluding UK,62,62,1,True,0,False
2014-12,campus_publication,EU/Europe excluding UK,56,56,1,True,0,False
2015-01,campus_publication,EU/Europe excluding UK,55,55,1,True,0,False
2015-02,campus_publication,EU/Europe excluding UK,79,79,1,True,0,False
2015-03,campus_publication,EU/Europe excluding UK,74,74,1,True,0,False
2015-04,campus_publication,EU/Europe excluding UK,19,19,1,True,0,False
2015-05,campus_publication,EU/Europe excluding UK,4,4,1,True,0,False
2015-06,campus_publication,EU/Europe excluding UK,1,1,1,False,1,False
2015-07,campus_publication,EU/Europe excluding UK,4,4,1,True,0,False
2015-08,campus_publication,EU/Europe excluding UK,4,4,1,True,0,False
2015-09,campus_publication,EU/Europe excluding UK,42,42,1,True,0,False
2015-10,campus_publication,EU/Europe excluding UK,65,65,1,True,0,False
2015-11,campus_publication,EU/Europe excluding UK,51,51,1,True,0,False
2015-12,campus_publication,EU/Europe excluding UK,60,60,1,True,0,False
2016-01,campus_publication,EU/Europe excluding UK,53,53,1,True,0,False
2016-02,campus_publication,EU/Europe excluding UK,118,118,1,True,0,False
2016-03,campus_publication,EU/Europe excluding UK,54,54,1,True,0,False
2016-04,campus_publication,EU/Europe excluding UK,24,24,1,True,0,False
2016-05,campus_publication,EU/Europe excluding UK,7,7,1,True,0,False
2016-06,campus_publication,EU/Europe excluding UK,3,3,1,True,0,False
2016-07,campus_publication,EU/Europe excluding UK,6,6,1,True,0,False
2016-08,campus_publication,EU/Europe excluding UK,6,6,1,True,0,False
2016-09,campus_publication,EU/Europe excluding UK,59,59,1,True,0,False
2016-10,campus_publication,EU/Europe excluding UK,91,91,1,True,0,False
2016-11,campus_publication,EU/Europe excluding UK,92,92,1,True,0,False
2016-12,campus_publication,EU/Europe excluding UK,75,75,1,True,0,False
2017-01,campus_publication,EU/Europe excluding UK,70,70,1,True,0,False
2017-02,campus_publication,EU/Europe excluding UK,127,127,1,True,0,False
2017-03,campus_publication,EU/Europe excluding UK,129,129,1,True,0,False
2017-04,campus_publication,EU/Europe excluding UK,43,43,1,True,0,False
2017-05,campus_publication,EU/Europe excluding UK,2,2,1,True,0,False
2017-06,campus_publication,EU/Europe excluding UK,2,2,1,True,0,False
2017-07,campus_publication,EU/Europe excluding UK,2,2,1,True,0,False
2017-08,campus_publication,EU/Europe excluding UK,2,2,1,True,0,False
2017-09,campus_publication,EU/Europe excluding UK,2,2,1,True,0,False
2017-10,campus_publication,EU/Europe excluding UK,2,2,1,True,0,False
2017-11,campus_publication,EU/Europe excluding UK,2,2,1,True,0,False
2017-12,campus_publication,EU/Europe excluding UK,2,2,1,True,0,False
2018-01,campus_publication,EU/Europe excluding UK,2,2,1,True,0,False
2018-02,campus_publication,EU/Europe excluding UK,2,2,1,True,0,False
2018-03,campus_publication,EU/Europe excluding UK,2,2,1,True,0,False
2018-04,campus_publication,EU/Europe excluding UK,2,2,1,True,0,False
2018-05,campus_publication,EU/Europe excluding UK,2,2,1,True,0,False
2018-06,campus_publication,EU/Europe excluding UK,2,2,1,True,0,False
2018-07,campus_publication,EU/Europe excluding UK,2,2,1,True,0,False
2018-08,campus_publication,EU/Europe excluding UK,2,2,1,True,0,False
2018-09,campus_publication,EU/Europe excluding UK,2,2,1,True,0,False
2018-10,campus_publication,EU/Europe excluding UK,2,2,1,True,0,False
2018-11,campus_publication,EU/Europe excluding UK,2,2,1,True,0,False
2018-12,campus_publication,EU/Europe excluding UK,2,2,1,True,0,False
2019-01,campus_publication,EU/Europe excluding UK,2,2,1,True,0,False
2019-02,campus_publication,EU/Europe excluding UK,4,4,1,True,0,False
2019-03,campus_publication,EU/Europe excluding UK,2,2,1,True,0,False
2019-04,campus_publication,EU/Europe excluding UK,2,2,1,True,0,False
2019-05,campus_publication,EU/Europe excluding UK,2,2,1,True,0,False
2019-06,campus_publication,EU/Europe excluding UK,2,2,1,True,0,False
2019-07,campus_publication,EU/Europe excluding UK,2,2,1,True,0,False
2019-08,campus_publication,EU/Europe excluding UK,2,2,1,True,0,False
2019-09,campus_publication,EU/Europe excluding UK,2,2,1,True,0,False
2019-10,campus_publication,EU/Europe excluding UK,2,2,1,True,0,False
2019-11,campus_publication,EU/Europe excluding UK,2,2,1,True,0,False
2019-12,campus_publication,EU/Europe excluding UK,2,2,1,True,0,False
2020-01,campus_publication,EU/Europe excluding UK,5,5,1,True,0,False
2020-02,campus_publication,EU/Europe excluding UK,2,2,1,True,0,False
2020-03,campus_publication,EU/Europe excluding UK,2,2,1,True,0,False
2020-04,campus_publication,EU/Europe excluding UK,2,2,1,True,0,False
2020-05,campus_publication,EU/Europe excluding UK,2,2,1,True,0,False
2020-06,campus_publication,EU/Europe excluding UK,2,2,1,True,0,False
2020-07,campus_publication,EU/Europe excluding UK,2,2,1,True,0,False
2020-08,campus_publication,EU/Europe excluding UK,2,2,1,True,0,False
2020-09,campus_publication,EU/Europe excluding UK,2,2,1,True,0,False
2020-10,campus_publication,EU/Europe excluding UK,2,2,1,True,0,False
2020-11,campus_publication,EU/Europe excluding UK,2,2,1,True,0,False
2020-12,campus_publication,EU/Europe excluding UK,2,2,1,True,0,False
2021-01,campus_publication,EU/Europe excluding UK,2,2,1,True,0,False
2021-02,campus_publication,EU/Europe excluding UK,2,2,1,True,0,False
2021-03,campus_publication,EU/Europe excluding UK,2,2,1,True,0,False
2021-04,campus_publication,EU/Europe excluding UK,2,2,1,True,0,False
2021-05,campus_publication,EU/Europe excluding UK,2,2,1,True,0,False
2021-06,campus_publication,EU/Europe excluding UK,2,2,1,True,0,False
2021-07,campus_publication,EU/Europe excluding UK,2,2,1,True,0,False
2021-08,campus_publication,EU/Europe excluding UK,2,2,1,True,0,False
2021-09,campus_publication,EU/Europe excluding UK,2,2,1,True,0,False
2021-10,campus_publication,EU/Europe excluding UK,2,2,1,True,0,False
2021-11,campus_publication,EU/Europe excluding UK,2,2,1,True,0,False
2021-12,campus_publication,EU/Europe excluding UK,2,2,1,True,0,False
2022-01,campus_publication,EU/Europe excluding UK,2,2,1,True,0,False
2022-02,campus_publication,EU/Europe excluding UK,2,2,1,True,0,False
2022-03,campus_publication,EU/Europe excluding UK,2,2,1,True,0,False
2022-04,campus_publication,EU/Europe excluding UK,2,2,1,True,0,False
2022-05,campus_publication,EU/Europe excluding UK,2,2,1,True,0,False
2022-06,campus_publication,EU/Europe excluding UK,2,2,1,True,0,False
2022-07,campus_publication,EU/Europe excluding UK,2,2,1,True,0,False
2022-08,campus_publication,EU/Europe excluding UK,2,2,1,True,0,False
2022-09,campus_publication,EU/Europe excluding UK,2,2,1,True,0,False
2022-10,campus_publication,EU/Europe excluding UK,2,2,1,True,0,False
2022-11,campus_publication,EU/Europe excluding UK,2,2,1,True,0,False
2022-12,campus_publication,EU/Europe excluding UK,2,2,1,True,0,False
2023-01,campus_publication,EU/Europe excluding UK,2,2,1,True,0,False
2023-02,campus_publication,EU/Europe excluding UK,2,2,1,True,0,False
2023-03,campus_publication,EU/Europe excluding UK,2,2,1,True,0,False
2023-04,campus_publication,EU/Europe excluding UK,2,2,1,True,0,False
2023-05,campus_publication,EU/Europe excluding UK,2,2,1,True,0,False
2023-06,campus_publication,EU/Europe excluding UK,2,2,1,True,0,False
2023-07,campus_publication,EU/Europe excluding UK,2,2,1,True,0,False
2023-08,campus_publication,EU/Europe excluding UK,2,2,1,True,0,False
2023-09,campus_publication,EU/Europe excluding UK,2,2,1,True,0,False
2023-10,campus_publication,EU/Europe excluding UK,2,2,1,True,0,False
2023-11,campus_publication,EU/Europe excluding UK,2,2,1,True,0,False
2023-12,campus_publication,EU/Europe excluding UK,2,2,1,True,0,False
2024-01,campus_publication,EU/Europe excluding UK,2,2,1,True,0,False
2024-02,campus_publication,EU/Europe excluding UK,2,2,1,True,0,False
2024-03,campus_publication,EU/Europe excluding UK,2,2,1,True,0,False
2024-04,campus_publication,EU/Europe excluding UK,2,2,1,True,0,False
2024-05,campus_publication,EU/Europe excluding UK,2,2,1,True,0,False
2024-06,campus_publication,EU/Europe excluding UK,2,2,1,True,0,False
2024-07,campus_publication,EU/Europe excluding UK,2,2,1,True,0,False
2024-08,campus_publication,EU/Europe excluding UK,2,2,1,True,0,False
2024-09,campus_publication,EU/Europe excluding UK,2,2,1,True,0,False
2024-10,campus_publication,EU/Europe excluding UK,2,2,1,True,0,False
2024-11,campus_publication,EU/Europe excluding UK,2,2,1,True,0,False
2024-12,campus_publication,EU/Europe excluding UK,2,2,1,True,0,False
2025-01,campus_publication,EU/Europe excluding UK,2,2,1,True,0,False
2025-02,campus_publication,EU/Europe excluding UK,2,2,1,True,0,False
2025-03,campus_publication,EU/Europe excluding UK,2,2,1,True,0,False
2025-04,campus_publication,EU/Europe excluding UK,2,2,1,True,0,False
2025-05,campus_publication,EU/Europe excluding UK,2,2,1,True,0,False
2025-06,campus_publication,EU/Europe excluding UK,2,2,1,True,0,False
2025-07,campus_publication,EU/Europe excluding UK,2,2,1,True,0,False
2025-08,campus_publication,EU/Europe excluding UK,2,2,1,True,0,False
2025-09,campus_publication,EU/Europe excluding UK,2,2,1,True,0,False
2025-10,campus_publication,EU/Europe excluding UK,2,2,1,True,0,False
2025-11,campus_publication,EU/Europe excluding UK,2,2,1,True,0,False
2025-12,campus_publication,EU/Europe excluding UK,2,2,1,True,0,False
2026-01,campus_publication,EU/Europe excluding UK,2,2,1,True,0,False
2026-02,campus_publication,EU/Europe excluding UK,2,2,1,True,0,False
2026-03,campus_publication,EU/Europe excluding UK,2,2,1,True,0,False
2026-04,campus_publication,EU/Europe excluding UK,2,2,1,True,0,False
2026-05,campus_publication,EU/Europe excluding UK,2,2,1,True,0,False
2026-06,campus_publication,EU/Europe excluding UK,2,2,1,True,0,False
2026-07,campus_publication,EU/Europe excluding UK,2,2,1,True,0,False
2026-08,campus_publication,EU/Europe excluding UK,2,2,1,True,0,False
2026-09,campus_publication,EU/Europe excluding UK,2,2,1,True,0,True
1988-01,campus_publication,UK,0,0,0,False,2,False
1988-02,campus_publication,UK,0,0,0,False,2,False
1988-03,campus_publication,UK,0,0,0,False,2,False
1988-04,campus_publication,UK,0,0,0,False,2,False
1988-05,campus_publication,UK,0,0,0,False,2,False
1988-06,campus_publication,UK,0,0,0,False,2,False
1988-07,campus_publication,UK,0,0,0,False,2,False
1988-08,campus_publication,UK,0,0,0,False,2,False
1988-09,campus_publication,UK,0,0,0,False,2,False
1988-10,campus_publication,UK,0,0,0,False,2,False
1988-11,campus_publication,UK,0,0,0,False,2,False
1988-12,campus_publication,UK,0,0,0,False,2,False
1989-01,campus_publication,UK,0,0,0,False,2,False
1989-02,campus_publication,UK,0,0,0,False,2,False
1989-03,campus_publication,UK,0,0,0,False,2,False
1989-04,campus_publication,UK,0,0,0,False,2,False
1989-05,campus_publication,UK,0,0,0,False,2,False
1989-06,campus_publication,UK,0,0,0,False,2,False
1989-07,campus_publication,UK,0,0,0,False,2,False
1989-08,campus_publication,UK,0,0,0,False,2,False
1989-09,campus_publication,UK,0,0,0,False,2,False
1989-10,campus_publication,UK,0,0,0,False,2,False
1989-11,campus_publication,UK,0,0,0,False,2,False
1989-12,campus_publication,UK,0,0,0,False,2,False
1990-01,campus_publication,UK,0,0,0,False,2,False
1990-02,campus_publication,UK,0,0,0,False,2,False
1990-03,campus_publication,UK,0,0,0,False,2,False
1990-04,campus_publication,UK,0,0,0,False,2,False
1990-05,campus_publication,UK,0,0,0,False,2,False
1990-06,campus_publication,UK,0,0,0,False,2,False
1990-07,campus_publication,UK,0,0,0,False,2,False
1990-08,campus_publication,UK,0,0,0,False,2,False
1990-09,campus_publication,UK,0,0,0,False,2,False
1990-10,campus_publication,UK,0,0,0,False,2,False
1990-11,campus_publication,UK,0,0,0,False,2,False
1990-12,campus_publication,UK,0,0,0,False,2,False
1991-01,campus_publication,UK,0,0,0,False,2,False
1991-02,campus_publication,UK,0,0,0,False,2,False
1991-03,campus_publication,UK,0,0,0,False,2,False
1991-04,campus_publication,UK,0,0,0,False,2,False
1991-05,campus_publication,UK,0,0,0,False,2,False
1991-06,campus_publication,UK,0,0,0,False,2,False
1991-07,campus_publication,UK,0,0,0,False,2,False
1991-08,campus_publication,UK,0,0,0,False,2,False
1991-09,campus_publication,UK,0,0,0,False,2,False
1991-10,campus_publication,UK,0,0,0,False,2,False
1991-11,campus_publication,UK,0,0,0,False,2,False
1991-12,campus_publication,UK,0,0,0,False,2,False
1992-01,campus_publication,UK,0,0,0,False,2,False
1992-02,campus_publication,UK,0,0,0,False,2,False
1992-03,campus_publication,UK,0,0,0,False,2,False
1992-04,campus_publication,UK,0,0,0,False,2,False
1992-05,campus_publication,UK,0,0,0,False,2,False
1992-06,campus_publication,UK,0,0,0,False,2,False
1992-07,campus_publication,UK,0,0,0,False,2,False
1992-08,campus_publication,UK,0,0,0,False,2,False
1992-09,campus_publication,UK,0,0,0,False,2,False
1992-10,campus_publication,UK,0,0,0,False,2,False
1992-11,campus_publication,UK,0,0,0,False,2,False
1992-12,campus_publication,UK,0,0,0,False,2,False
1993-01,campus_publication,UK,0,0,0,False,2,False
1993-02,campus_publication,UK,0,0,0,False,2,False
1993-03,campus_publication,UK,0,0,0,False,2,False
1993-04,campus_publication,UK,0,0,0,False,2,False
1993-05,campus_publication,UK,0,0,0,False,2,False
1993-06,campus_publication,UK,0,0,0,False,2,False
1993-07,campus_publication,UK,0,0,0,False,2,False
1993-08,campus_publication,UK,0,0,0,False,2,False
1993-09,campus_publication,UK,0,0,0,False,2,False
1993-10,campus_publication,UK,0,0,0,False,2,False
1993-11,campus_publication,UK,0,0,0,False,2,False
1993-12,campus_publication,UK,0,0,0,False,2,False
1994-01,campus_publication,UK,0,0,0,False,2,False
1994-02,campus_publication,UK,0,0,0,False,2,False
1994-03,campus_publication,UK,0,0,0,False,2,False
1994-04,campus_publication,UK,0,0,0,False,2,False
1994-05,campus_publication,UK,0,0,0,False,2,False
1994-06,campus_publication,UK,0,0,0,False,2,False
1994-07,campus_publication,UK,0,0,0,False,2,False
1994-08,campus_publication,UK,0,0,0,False,2,False
1994-09,campus_publication,UK,0,0,0,False,2,False
1994-10,campus_publication,UK,0,0,0,False,2,False
1994-11,campus_publication,UK,0,0,0,False,2,False
1994-12,campus_publication,UK,0,0,0,False,2,False
1995-01,campus_publication,UK,0,0,0,False,2,False
1995-02,campus_publication,UK,0,0,0,False,2,False
1995-03,campus_publication,UK,0,0,0,False,2,False
1995-04,campus_publication,UK,0,0,0,False,2,False
1995-05,campus_publication,UK,0,0,0,False,2,False
1995-06,campus_publication,UK,0,0,0,False,2,False
1995-07,campus_publication,UK,0,0,0,False,2,False
1995-08,campus_publication,UK,0,0,0,False,2,False
1995-09,campus_publication,UK,0,0,0,False,2,False
1995-10,campus_publication,UK,0,0,0,False,2,False
1995-11,campus_publication,UK,0,0,0,False,2,False
1995-12,campus_publication,UK,0,0,0,False,2,False
1996-01,campus_publication,UK,0,0,0,False,2,False
1996-02,campus_publication,UK,0,0,0,False,2,False
1996-03,campus_publication,UK,0,0,0,False,2,False
1996-04,campus_publication,UK,0,0,0,False,2,False
1996-05,campus_publication,UK,0,0,0,False,2,False
1996-06,campus_publication,UK,0,0,0,False,2,False
1996-07,campus_publication,UK,0,0,0,False,2,False
1996-08,campus_publication,UK,0,0,0,False,2,False
1996-09,campus_publication,UK,0,0,0,False,2,False
1996-10,campus_publication,UK,0,0,0,False,2,False
1996-11,campus_publication,UK,0,0,0,False,2,False
1996-12,campus_publication,UK,0,0,0,False,2,False
1997-01,campus_publication,UK,0,0,0,False,2,False
1997-02,campus_publication,UK,0,0,0,False,2,False
1997-03,campus_publication,UK,0,0,0,False,2,False
1997-04,campus_publication,UK,0,0,0,False,2,False
1997-05,campus_publication,UK,0,0,0,False,2,False
1997-06,campus_publication,UK,0,0,0,False,2,False
1997-07,campus_publication,UK,0,0,0,False,2,False
1997-08,campus_publication,UK,0,0,0,False,2,False
1997-09,campus_publication,UK,0,0,0,False,2,False
1997-10,campus_publication,UK,0,0,0,False,2,False
1997-11,campus_publication,UK,0,0,0,False,2,False
1997-12,campus_publication,UK,0,0,0,False,2,False
1998-01,campus_publication,UK,0,0,0,False,2,False
1998-02,campus_publication,UK,0,0,0,False,2,False
1998-03,campus_publication,UK,0,0,0,False,2,False
1998-04,campus_publication,UK,0,0,0,False,2,False
1998-05,campus_publication,UK,0,0,0,False,2,False
1998-06,campus_publication,UK,0,0,0,False,2,False
1998-07,campus_publication,UK,0,0,0,False,2,False
1998-08,campus_publication,UK,0,0,0,False,2,False
1998-09,campus_publication,UK,0,0,0,False,2,False
1998-10,campus_publication,UK,0,0,0,False,2,False
1998-11,campus_publication,UK,0,0,0,False,2,False
1998-12,campus_publication,UK,0,0,0,False,2,False
1999-01,campus_publication,UK,0,0,0,False,2,False
1999-02,campus_publication,UK,0,0,0,False,2,False
1999-03,campus_publication,UK,0,0,0,False,2,False
1999-04,campus_publication,UK,0,0,0,False,2,False
1999-05,campus_publication,UK,0,0,0,False,2,False
1999-06,campus_publication,UK,0,0,0,False,2,False
1999-07,campus_publication,UK,0,0,0,False,2,False
1999-08,campus_publication,UK,0,0,0,False,2,False
1999-09,campus_publication,UK,0,0,0,False,2,False
1999-10,campus_publication,UK,0,0,0,False,2,False
1999-11,campus_publication,UK,0,0,0,False,2,False
1999-12,campus_publication,UK,0,0,0,False,2,False
2000-01,campus_publication,UK,0,0,0,False,2,False
2000-02,campus_publication,UK,0,0,0,False,2,False
2000-03,campus_publication,UK,0,0,0,False,2,False
2000-04,campus_publication,UK,0,0,0,False,2,False
2000-05,campus_publication,UK,0,0,0,False,2,False
2000-06,campus_publication,UK,0,0,0,False,2,False
2000-07,campus_publication,UK,0,0,0,False,2,False
2000-08,campus_publication,UK,0,0,0,False,2,False
2000-09,campus_publication,UK,0,0,0,False,2,False
2000-10,campus_publication,UK,0,0,0,False,2,False
2000-11,campus_publication,UK,0,0,0,False,2,False
2000-12,campus_publication,UK,0,0,0,False,2,False
2001-01,campus_publication,UK,0,0,0,False,2,False
2001-02,campus_publication,UK,0,0,0,False,2,False
2001-03,campus_publication,UK,0,0,0,False,2,False
2001-04,campus_publication,UK,0,0,0,False,2,False
2001-05,campus_publication,UK,0,0,0,False,2,False
2001-06,campus_publication,UK,0,0,0,False,2,False
2001-07,campus_publication,UK,0,0,0,False,2,False
2001-08,campus_publication,UK,0,0,0,False,2,False
2001-09,campus_publication,UK,0,0,0,False,2,False
2001-10,campus_publication,UK,0,0,0,False,2,False
2001-11,campus_publication,UK,0,0,0,False,2,False
2001-12,campus_publication,UK,0,0,0,False,2,False
2002-01,campus_publication,UK,0,0,0,False,2,False
2002-02,campus_publication,UK,0,0,0,False,2,False
2002-03,campus_publication,UK,0,0,0,False,2,False
2002-04,campus_publication,UK,0,0,0,False,2,False
2002-05,campus_publication,UK,0,0,0,False,2,False
2002-06,campus_publication,UK,0,0,0,False,2,False
2002-07,campus_publication,UK,0,0,0,False,2,False
2002-08,campus_publication,UK,0,0,0,False,2,False
2002-09,campus_publication,UK,0,0,0,False,2,False
2002-10,campus_publication,UK,0,0,0,False,2,False
2002-11,campus_publication,UK,0,0,0,False,2,False
2002-12,campus_publication,UK,0,0,0,False,2,False
2003-01,campus_publication,UK,0,0,0,False,2,False
2003-02,campus_publication,UK,0,0,0,False,2,False
2003-03,campus_publication,UK,0,0,0,False,2,False
2003-04,campus_publication,UK,0,0,0,False,2,False
2003-05,campus_publication,UK,0,0,0,False,2,False
2003-06,campus_publication,UK,0,0,0,False,2,False
2003-07,campus_publication,UK,0,0,0,False,2,False
2003-08,campus_publication,UK,0,0,0,False,2,False
2003-09,campus_publication,UK,0,0,0,False,2,False
2003-10,campus_publication,UK,0,0,0,False,2,False
2003-11,campus_publication,UK,0,0,0,False,2,False
2003-12,campus_publication,UK,0,0,0,False,2,False
2004-01,campus_publication,UK,0,0,0,False,2,False
2004-02,campus_publication,UK,0,0,0,False,2,False
2004-03,campus_publication,UK,0,0,0,False,2,False
2004-04,campus_publication,UK,0,0,0,False,2,False
2004-05,campus_publication,UK,0,0,0,False,2,False
2004-06,campus_publication,UK,0,0,0,False,2,False
2004-07,campus_publication,UK,0,0,0,False,2,False
2004-08,campus_publication,UK,0,0,0,False,2,False
2004-09,campus_publication,UK,0,0,0,False,2,False
2004-10,campus_publication,UK,0,0,0,False,2,False
2004-11,campus_publication,UK,0,0,0,False,2,False
2004-12,campus_publication,UK,0,0,0,False,2,False
2005-01,campus_publication,UK,0,0,0,False,2,False
2005-02,campus_publication,UK,0,0,0,False,2,False
2005-03,campus_publication,UK,0,0,0,False,2,False
2005-04,campus_publication,UK,0,0,0,False,2,False
2005-05,campus_publication,UK,0,0,0,False,2,False
2005-06,campus_publication,UK,0,0,0,False,2,False
2005-07,campus_publication,UK,0,0,0,False,2,False
2005-08,campus_publication,UK,0,0,0,False,2,False
2005-09,campus_publication,UK,0,0,0,False,2,False
2005-10,campus_publication,UK,0,0,0,False,2,False
2005-11,campus_publication,UK,0,0,0,False,2,False
2005-12,campus_publication,UK,0,0,0,False,2,False
2006-01,campus_publication,UK,0,0,0,False,2,False
2006-02,campus_publication,UK,0,0,0,False,2,False
2006-03,campus_publication,UK,0,0,0,False,2,False
2006-04,campus_publication,UK,0,0,0,False,2,False
2006-05,campus_publication,UK,0,0,0,False,2,False
2006-06,campus_publication,UK,0,0,0,False,2,False
2006-07,campus_publication,UK,0,0,0,False,2,False
2006-08,campus_publication,UK,0,0,0,False,2,False
2006-09,campus_publication,UK,0,0,0,False,2,False
2006-10,campus_publication,UK,0,0,0,False,2,False
2006-11,campus_publication,UK,0,0,0,False,2,False
2006-12,campus_publication,UK,0,0,0,False,2,False
2007-01,campus_publication,UK,0,0,0,False,2,False
2007-02,campus_publication,UK,0,0,0,False,2,False
2007-03,campus_publication,UK,0,0,0,False,2,False
2007-04,campus_publication,UK,0,0,0,False,2,False
2007-05,campus_publication,UK,0,0,0,False,2,False
2007-06,campus_publication,UK,0,0,0,False,2,False
2007-07,campus_publication,UK,0,0,0,False,2,False
2007-08,campus_publication,UK,0,0,0,False,2,False
2007-09,campus_publication,UK,0,0,0,False,2,False
2007-10,campus_publication,UK,0,0,0,False,2,False
2007-11,campus_publication,UK,0,0,0,False,2,False
2007-12,campus_publication,UK,0,0,0,False,2,False
2008-01,campus_publication,UK,0,0,0,False,2,False
2008-02,campus_publication,UK,0,0,0,False,2,False
2008-03,campus_publication,UK,0,0,0,False,2,False
2008-04,campus_publication,UK,0,0,0,False,2,False
2008-05,campus_publication,UK,0,0,0,False,2,False
2008-06,campus_publication,UK,0,0,0,False,2,False
2008-07,campus_publication,UK,0,0,0,False,2,False
2008-08,campus_publication,UK,0,0,0,False,2,False
2008-09,campus_publication,UK,0,0,0,False,2,False
2008-10,campus_publication,UK,0,0,0,False,2,False
2008-11,campus_publication,UK,0,0,0,False,2,False
2008-12,campus_publication,UK,0,0,0,False,2,False
2009-01,campus_publication,UK,0,0,0,False,2,False
2009-02,campus_publication,UK,0,0,0,False,2,False
2009-03,campus_publication,UK,0,0,0,False,2,False
2009-04,campus_publication,UK,0,0,0,False,2,False
2009-05,campus_publication,UK,0,0,0,False,2,False
2009-06,campus_publication,UK,0,0,0,False,2,False
2009-07,campus_publication,UK,0,0,0,False,2,False
2009-08,campus_publication,UK,0,0,0,False,2,False
2009-09,campus_publication,UK,0,0,0,False,2,False
2009-10,campus_publication,UK,0,0,0,False,2,False
2009-11,campus_publication,UK,0,0,0,False,2,False
2009-12,campus_publication,UK,0,0,0,False,2,False
2010-01,campus_publication,UK,0,0,0,False,2,False
2010-02,campus_publication,UK,0,0,0,False,2,False
2010-03,campus_publication,UK,0,0,0,False,2,False
2010-04,campus_publication,UK,0,0,0,False,2,False
2010-05,campus_publication,UK,0,0,0,False,2,False
2010-06,campus_publication,UK,0,0,0,False,2,False
2010-07,campus_publication,UK,0,0,0,False,2,False
2010-08,campus_publication,UK,0,0,0,False,2,False
2010-09,campus_publication,UK,0,0,0,False,2,False
2010-10,campus_publication,UK,48,48,1,True,0,False
2010-11,campus_publication,UK,2,2,1,True,0,False
2010-12,campus_publication,UK,33,33,1,True,0,False
2011-01,campus_publication,UK,15,15,1,True,0,False
2011-02,campus_publication,UK,17,17,1,True,0,False
2011-03,campus_publication,UK,19,19,1,True,0,False
2011-04,campus_publication,UK,50,50,1,True,0,False
2011-05,campus_publication,UK,0,0,0,False,2,False
2011-06,campus_publication,UK,0,0,0,False,2,False
2011-07,campus_publication,UK,0,0,0,False,2,False
2011-08,campus_publication,UK,1,1,1,False,1,False
2011-09,campus_publication,UK,113,113,1,True,0,False
2011-10,campus_publication,UK,159,159,1,True,0,False
2011-11,campus_publication,UK,227,226,1,True,0,False
2011-12,campus_publication,UK,6,6,1,True,0,False
2012-01,campus_publication,UK,1,1,1,False,1,False
2012-02,campus_publication,UK,103,103,1,True,0,False
2012-03,campus_publication,UK,111,111,1,True,0,False
2012-04,campus_publication,UK,0,0,0,False,2,False
2012-05,campus_publication,UK,0,0,0,False,2,False
2012-06,campus_publication,UK,0,0,0,False,2,False
2012-07,campus_publication,UK,0,0,0,False,2,False
2012-08,campus_publication,UK,0,0,0,False,2,False
2012-09,campus_publication,UK,187,187,1,True,0,False
2012-10,campus_publication,UK,278,278,1,True,0,False
2012-11,campus_publication,UK,187,187,1,True,0,False
2012-12,campus_publication,UK,29,29,1,True,0,False
2013-01,campus_publication,UK,2,2,1,True,0,False
2013-02,campus_publication,UK,2,2,1,True,0,False
2013-03,campus_publication,UK,2,2,1,True,0,False
2013-04,campus_publication,UK,2,2,1,True,0,False
2013-05,campus_publication,UK,2,2,1,True,0,False
2013-06,campus_publication,UK,1,1,1,False,1,False
2013-07,campus_publication,UK,0,0,0,False,2,False
2013-08,campus_publication,UK,0,0,0,False,2,False
2013-09,campus_publication,UK,2,2,1,True,0,False
2013-10,campus_publication,UK,2,2,1,True,0,False
2013-11,campus_publication,UK,2,2,1,True,0,False
2013-12,campus_publication,UK,2,2,1,True,0,False
2014-01,campus_publication,UK,2,2,1,True,0,False
2014-02,campus_publication,UK,2,2,1,True,0,False
2014-03,campus_publication,UK,2,2,1,True,0,False
2014-04,campus_publication,UK,2,2,1,True,0,False
2014-05,campus_publication,UK,2,2,1,True,0,False
2014-06,campus_publication,UK,2,2,1,True,0,False
2014-07,campus_publication,UK,2,2,1,True,0,False
2014-08,campus_publication,UK,2,2,1,True,0,False
2014-09,campus_publication,UK,2,2,1,True,0,False
2014-10,campus_publication,UK,2,2,2,True,0,False
2014-11,campus_publication,UK,4,4,1,True,0,False
2014-12,campus_publication,UK,2,2,2,True,0,False
2015-01,campus_publication,UK,2,2,1,True,0,False
2015-02,campus_publication,UK,3,3,1,True,0,False
2015-03,campus_publication,UK,2,2,1,True,0,False
2015-04,campus_publication,UK,2,2,1,True,0,False
2015-05,campus_publication,UK,2,2,1,True,0,False
2015-06,campus_publication,UK,2,2,2,True,0,False
2015-07,campus_publication,UK,2,2,1,True,0,False
2015-08,campus_publication,UK,2,2,1,True,0,False
2015-09,campus_publication,UK,2,2,1,True,0,False
2015-10,campus_publication,UK,2,2,1,True,0,False
2015-11,campus_publication,UK,2,2,2,True,0,False
2015-12,campus_publication,UK,2,2,1,True,0,False
2016-01,campus_publication,UK,2,2,2,True,0,False
2016-02,campus_publication,UK,5,5,1,True,0,False
2016-03,campus_publication,UK,2,2,1,True,0,False
2016-04,campus_publication,UK,2,2,1,True,0,False
2016-05,campus_publication,UK,2,2,2,True,0,False
2016-06,campus_publication,UK,2,2,1,True,0,False
2016-07,campus_publication,UK,2,2,1,True,0,False
2016-08,campus_publication,UK,2,2,1,True,0,False
2016-09,campus_publication,UK,2,2,2,True,0,False
2016-10,campus_publication,UK,9,9,2,True,0,False
2016-11,campus_publication,UK,2,2,2,True,0,False
2016-12,campus_publication,UK,2,2,1,True,0,False
2017-01,campus_publication,UK,3,3,2,True,0,False
2017-02,campus_publication,UK,7,7,1,True,0,False
2017-03,campus_publication,UK,39,39,2,True,0,False
2017-04,campus_publication,UK,2,2,2,True,0,False
2017-05,campus_publication,UK,2,2,2,True,0,False
2017-06,campus_publication,UK,2,2,2,True,0,False
2017-07,campus_publication,UK,2,2,2,True,0,False
2017-08,campus_publication,UK,2,2,1,True,0,False
2017-09,campus_publication,UK,27,27,1,True,0,False
2017-10,campus_publication,UK,99,99,1,True,0,False
2017-11,campus_publication,UK,109,109,1,True,0,False
2017-12,campus_publication,UK,22,22,1,True,0,False
2018-01,campus_publication,UK,71,71,1,True,0,False
2018-02,campus_publication,UK,81,81,1,True,0,False
2018-03,campus_publication,UK,56,56,1,True,0,False
2018-04,campus_publication,UK,2,2,1,True,0,False
2018-05,campus_publication,UK,2,2,2,True,0,False
2018-06,campus_publication,UK,2,2,2,True,0,False
2018-07,campus_publication,UK,11,11,1,True,0,False
2018-08,campus_publication,UK,22,22,1,True,0,False
2018-09,campus_publication,UK,17,17,1,True,0,False
2018-10,campus_publication,UK,48,48,1,True,0,False
2018-11,campus_publication,UK,73,73,1,True,0,False
2018-12,campus_publication,UK,29,29,1,True,0,False
2019-01,campus_publication,UK,42,42,1,True,0,False
2019-02,campus_publication,UK,81,80,1,True,0,False
2019-03,campus_publication,UK,112,112,1,True,0,False
2019-04,campus_publication,UK,11,11,1,True,0,False
2019-05,campus_publication,UK,12,12,1,True,0,False
2019-06,campus_publication,UK,4,4,1,True,0,False
2019-07,campus_publication,UK,5,5,1,True,0,False
2019-08,campus_publication,UK,2,2,2,True,0,False
2019-09,campus_publication,UK,23,23,1,True,0,False
2019-10,campus_publication,UK,84,84,1,True,0,False
2019-11,campus_publication,UK,82,82,1,True,0,False
2019-12,campus_publication,UK,83,83,1,True,0,False
2020-01,campus_publication,UK,42,42,1,True,0,False
2020-02,campus_publication,UK,86,86,1,True,0,False
2020-03,campus_publication,UK,76,76,1,True,0,False
2020-04,campus_publication,UK,40,40,1,True,0,False
2020-05,campus_publication,UK,15,15,1,True,0,False
2020-06,campus_publication,UK,7,7,1,True,0,False
2020-07,campus_publication,UK,7,7,1,True,0,False
2020-08,campus_publication,UK,2,2,1,True,0,False
2020-09,campus_publication,UK,16,16,1,True,0,False
2020-10,campus_publication,UK,12,12,1,True,0,False
2020-11,campus_publication,UK,31,31,1,True,0,False
2020-12,campus_publication,UK,24,24,1,True,0,False
2021-01,campus_publication,UK,25,25,1,True,0,False
2021-02,campus_publication,UK,29,29,1,True,0,False
2021-03,campus_publication,UK,22,22,1,True,0,False
2021-04,campus_publication,UK,2,2,1,True,0,False
2021-05,campus_publication,UK,2,2,2,True,0,False
2021-06,campus_publication,UK,2,2,1,True,0,False
2021-07,campus_publication,UK,2,2,1,True,0,False
2021-08,campus_publication,UK,2,2,2,True,0,False
2021-09,campus_publication,UK,2,2,2,True,0,False
2021-10,campus_publication,UK,2,2,1,True,0,False
2021-11,campus_publication,UK,2,2,1,True,0,False
2021-12,campus_publication,UK,2,2,1,True,0,False
2022-01,campus_publication,UK,2,2,1,True,0,False
2022-02,campus_publication,UK,2,2,1,True,0,False
2022-03,campus_publication,UK,2,2,1,True,0,False
2022-04,campus_publication,UK,2,2,1,True,0,False
2022-05,campus_publication,UK,2,2,2,True,0,False
2022-06,campus_publication,UK,2,2,2,True,0,False
2022-07,campus_publication,UK,2,2,1,True,0,False
2022-08,campus_publication,UK,2,2,1,True,0,False
2022-09,campus_publication,UK,2,2,1,True,0,False
2022-10,campus_publication,UK,2,2,1,True,0,False
2022-11,campus_publication,UK,2,2,1,True,0,False
2022-12,campus_publication,UK,2,2,1,True,0,False
2023-01,campus_publication,UK,2,2,1,True,0,False
2023-02,campus_publication,UK,2,2,1,True,0,False
2023-03,campus_publication,UK,2,2,1,True,0,False
2023-04,campus_publication,UK,2,2,1,True,0,False
2023-05,campus_publication,UK,2,2,1,True,0,False
2023-06,campus_publication,UK,2,2,1,True,0,False
2023-07,campus_publication,UK,2,2,1,True,0,False
2023-08,campus_publication,UK,2,2,1,True,0,False
2023-09,campus_publication,UK,2,2,1,True,0,False
2023-10,campus_publication,UK,2,2,1,True,0,False
2023-11,campus_publication,UK,2,2,1,True,0,False
2023-12,campus_publication,UK,2,2,1,True,0,False
2024-01,campus_publication,UK,2,2,1,True,0,False
2024-02,campus_publication,UK,2,2,1,True,0,False
2024-03,campus_publication,UK,2,2,1,True,0,False
2024-04,campus_publication,UK,2,2,1,True,0,False
2024-05,campus_publication,UK,2,2,2,True,0,False
2024-06,campus_publication,UK,2,2,1,True,0,False
2024-07,campus_publication,UK,0,0,0,False,2,False
2024-08,campus_publication,UK,0,0,0,False,2,False
2024-09,campus_publication,UK,2,2,1,True,0,False
2024-10,campus_publication,UK,2,2,1,True,0,False
2024-11,campus_publication,UK,2,2,1,True,0,False
2024-12,campus_publication,UK,2,2,1,True,0,False
2025-01,campus_publication,UK,2,2,1,True,0,False
2025-02,campus_publication,UK,2,2,1,True,0,False
2025-03,campus_publication,UK,2,2,1,True,0,False
2025-04,campus_publication,UK,2,2,1,True,0,False
2025-05,campus_publication,UK,2,2,2,True,0,False
2025-06,campus_publication,UK,2,2,1,True,0,False
2025-07,campus_publication,UK,2,2,1,True,0,False
2025-08,campus_publication,UK,2,2,2,True,0,False
2025-09,campus_publication,UK,2,2,1,True,0,False
2025-10,campus_publication,UK,2,2,1,True,0,False
2025-11,campus_publication,UK,2,2,1,True,0,False
2025-12,campus_publication,UK,2,2,1,True,0,False
2026-01,campus_publication,UK,2,2,1,True,0,False
2026-02,campus_publication,UK,2,2,1,True,0,False
2026-03,campus_publication,UK,2,2,1,True,0,False
2026-04,campus_publication,UK,2,2,1,True,0,False
2026-05,campus_publication,UK,2,2,1,True,0,False
2026-06,campus_publication,UK,2,2,1,True,0,False
2026-07,campus_publication,UK,2,2,1,True,0,False
2026-08,campus_publication,UK,2,2,1,True,0,False
2026-09,campus_publication,UK,2,2,1,True,0,True
1988-01,campus_publication,AU,0,0,0,False,2,False
1988-02,campus_publication,AU,0,0,0,False,2,False
1988-03,campus_publication,AU,0,0,0,False,2,False
1988-04,campus_publication,AU,0,0,0,False,2,False
1988-05,campus_publication,AU,0,0,0,False,2,False
1988-06,campus_publication,AU,0,0,0,False,2,False
1988-07,campus_publication,AU,0,0,0,False,2,False
1988-08,campus_publication,AU,0,0,0,False,2,False
1988-09,campus_publication,AU,0,0,0,False,2,False
1988-10,campus_publication,AU,0,0,0,False,2,False
1988-11,campus_publication,AU,0,0,0,False,2,False
1988-12,campus_publication,AU,0,0,0,False,2,False
1989-01,campus_publication,AU,0,0,0,False,2,False
1989-02,campus_publication,AU,0,0,0,False,2,False
1989-03,campus_publication,AU,0,0,0,False,2,False
1989-04,campus_publication,AU,0,0,0,False,2,False
1989-05,campus_publication,AU,0,0,0,False,2,False
1989-06,campus_publication,AU,0,0,0,False,2,False
1989-07,campus_publication,AU,0,0,0,False,2,False
1989-08,campus_publication,AU,0,0,0,False,2,False
1989-09,campus_publication,AU,0,0,0,False,2,False
1989-10,campus_publication,AU,0,0,0,False,2,False
1989-11,campus_publication,AU,0,0,0,False,2,False
1989-12,campus_publication,AU,0,0,0,False,2,False
1990-01,campus_publication,AU,0,0,0,False,2,False
1990-02,campus_publication,AU,0,0,0,False,2,False
1990-03,campus_publication,AU,0,0,0,False,2,False
1990-04,campus_publication,AU,0,0,0,False,2,False
1990-05,campus_publication,AU,0,0,0,False,2,False
1990-06,campus_publication,AU,0,0,0,False,2,False
1990-07,campus_publication,AU,0,0,0,False,2,False
1990-08,campus_publication,AU,0,0,0,False,2,False
1990-09,campus_publication,AU,0,0,0,False,2,False
1990-10,campus_publication,AU,0,0,0,False,2,False
1990-11,campus_publication,AU,0,0,0,False,2,False
1990-12,campus_publication,AU,0,0,0,False,2,False
1991-01,campus_publication,AU,0,0,0,False,2,False
1991-02,campus_publication,AU,0,0,0,False,2,False
1991-03,campus_publication,AU,0,0,0,False,2,False
1991-04,campus_publication,AU,0,0,0,False,2,False
1991-05,campus_publication,AU,0,0,0,False,2,False
1991-06,campus_publication,AU,0,0,0,False,2,False
1991-07,campus_publication,AU,0,0,0,False,2,False
1991-08,campus_publication,AU,0,0,0,False,2,False
1991-09,campus_publication,AU,0,0,0,False,2,False
1991-10,campus_publication,AU,0,0,0,False,2,False
1991-11,campus_publication,AU,0,0,0,False,2,False
1991-12,campus_publication,AU,0,0,0,False,2,False
1992-01,campus_publication,AU,0,0,0,False,2,False
1992-02,campus_publication,AU,0,0,0,False,2,False
1992-03,campus_publication,AU,0,0,0,False,2,False
1992-04,campus_publication,AU,0,0,0,False,2,False
1992-05,campus_publication,AU,0,0,0,False,2,False
1992-06,campus_publication,AU,0,0,0,False,2,False
1992-07,campus_publication,AU,0,0,0,False,2,False
1992-08,campus_publication,AU,0,0,0,False,2,False
1992-09,campus_publication,AU,0,0,0,False,2,False
1992-10,campus_publication,AU,0,0,0,False,2,False
1992-11,campus_publication,AU,0,0,0,False,2,False
1992-12,campus_publication,AU,0,0,0,False,2,False
1993-01,campus_publication,AU,0,0,0,False,2,False
1993-02,campus_publication,AU,0,0,0,False,2,False
1993-03,campus_publication,AU,0,0,0,False,2,False
1993-04,campus_publication,AU,0,0,0,False,2,False
1993-05,campus_publication,AU,0,0,0,False,2,False
1993-06,campus_publication,AU,0,0,0,False,2,False
1993-07,campus_publication,AU,0,0,0,False,2,False
1993-08,campus_publication,AU,0,0,0,False,2,False
1993-09,campus_publication,AU,0,0,0,False,2,False
1993-10,campus_publication,AU,0,0,0,False,2,False
1993-11,campus_publication,AU,0,0,0,False,2,False
1993-12,campus_publication,AU,0,0,0,False,2,False
1994-01,campus_publication,AU,0,0,0,False,2,False
1994-02,campus_publication,AU,0,0,0,False,2,False
1994-03,campus_publication,AU,0,0,0,False,2,False
1994-04,campus_publication,AU,0,0,0,False,2,False
1994-05,campus_publication,AU,0,0,0,False,2,False
1994-06,campus_publication,AU,0,0,0,False,2,False
1994-07,campus_publication,AU,0,0,0,False,2,False
1994-08,campus_publication,AU,0,0,0,False,2,False
1994-09,campus_publication,AU,0,0,0,False,2,False
1994-10,campus_publication,AU,0,0,0,False,2,False
1994-11,campus_publication,AU,0,0,0,False,2,False
1994-12,campus_publication,AU,0,0,0,False,2,False
1995-01,campus_publication,AU,0,0,0,False,2,False
1995-02,campus_publication,AU,0,0,0,False,2,False
1995-03,campus_publication,AU,0,0,0,False,2,False
1995-04,campus_publication,AU,0,0,0,False,2,False
1995-05,campus_publication,AU,0,0,0,False,2,False
1995-06,campus_publication,AU,0,0,0,False,2,False
1995-07,campus_publication,AU,0,0,0,False,2,False
1995-08,campus_publication,AU,0,0,0,False,2,False
1995-09,campus_publication,AU,0,0,0,False,2,False
1995-10,campus_publication,AU,0,0,0,False,2,False
1995-11,campus_publication,AU,0,0,0,False,2,False
1995-12,campus_publication,AU,0,0,0,False,2,False
1996-01,campus_publication,AU,0,0,0,False,2,False
1996-02,campus_publication,AU,0,0,0,False,2,False
1996-03,campus_publication,AU,0,0,0,False,2,False
1996-04,campus_publication,AU,0,0,0,False,2,False
1996-05,campus_publication,AU,0,0,0,False,2,False
1996-06,campus_publication,AU,0,0,0,False,2,False
1996-07,campus_publication,AU,0,0,0,False,2,False
1996-08,campus_publication,AU,0,0,0,False,2,False
1996-09,campus_publication,AU,0,0,0,False,2,False
1996-10,campus_publication,AU,0,0,0,False,2,False
1996-11,campus_publication,AU,0,0,0,False,2,False
1996-12,campus_publication,AU,0,0,0,False,2,False
1997-01,campus_publication,AU,0,0,0,False,2,False
1997-02,campus_publication,AU,0,0,0,False,2,False
1997-03,campus_publication,AU,0,0,0,False,2,False
1997-04,campus_publication,AU,0,0,0,False,2,False
1997-05,campus_publication,AU,0,0,0,False,2,False
1997-06,campus_publication,AU,0,0,0,False,2,False
1997-07,campus_publication,AU,0,0,0,False,2,False
1997-08,campus_publication,AU,0,0,0,False,2,False
1997-09,campus_publication,AU,0,0,0,False,2,False
1997-10,campus_publication,AU,0,0,0,False,2,False
1997-11,campus_publication,AU,0,0,0,False,2,False
1997-12,campus_publication,AU,0,0,0,False,2,False
1998-01,campus_publication,AU,0,0,0,False,2,False
1998-02,campus_publication,AU,0,0,0,False,2,False
1998-03,campus_publication,AU,0,0,0,False,2,False
1998-04,campus_publication,AU,0,0,0,False,2,False
1998-05,campus_publication,AU,0,0,0,False,2,False
1998-06,campus_publication,AU,0,0,0,False,2,False
1998-07,campus_publication,AU,0,0,0,False,2,False
1998-08,campus_publication,AU,0,0,0,False,2,False
1998-09,campus_publication,AU,0,0,0,False,2,False
1998-10,campus_publication,AU,0,0,0,False,2,False
1998-11,campus_publication,AU,0,0,0,False,2,False
1998-12,campus_publication,AU,0,0,0,False,2,False
1999-01,campus_publication,AU,0,0,0,False,2,False
1999-02,campus_publication,AU,0,0,0,False,2,False
1999-03,campus_publication,AU,0,0,0,False,2,False
1999-04,campus_publication,AU,0,0,0,False,2,False
1999-05,campus_publication,AU,0,0,0,False,2,False
1999-06,campus_publication,AU,0,0,0,False,2,False
1999-07,campus_publication,AU,0,0,0,False,2,False
1999-08,campus_publication,AU,0,0,0,False,2,False
1999-09,campus_publication,AU,0,0,0,False,2,False
1999-10,campus_publication,AU,0,0,0,False,2,False
1999-11,campus_publication,AU,0,0,0,False,2,False
1999-12,campus_publication,AU,0,0,0,False,2,False
2000-01,campus_publication,AU,0,0,0,False,2,False
2000-02,campus_publication,AU,0,0,0,False,2,False
2000-03,campus_publication,AU,0,0,0,False,2,False
2000-04,campus_publication,AU,0,0,0,False,2,False
2000-05,campus_publication,AU,0,0,0,False,2,False
2000-06,campus_publication,AU,0,0,0,False,2,False
2000-07,campus_publication,AU,0,0,0,False,2,False
2000-08,campus_publication,AU,0,0,0,False,2,False
2000-09,campus_publication,AU,0,0,0,False,2,False
2000-10,campus_publication,AU,0,0,0,False,2,False
2000-11,campus_publication,AU,0,0,0,False,2,False
2000-12,campus_publication,AU,0,0,0,False,2,False
2001-01,campus_publication,AU,0,0,0,False,2,False
2001-02,campus_publication,AU,0,0,0,False,2,False
2001-03,campus_publication,AU,0,0,0,False,2,False
2001-04,campus_publication,AU,0,0,0,False,2,False
2001-05,campus_publication,AU,0,0,0,False,2,False
2001-06,campus_publication,AU,0,0,0,False,2,False
2001-07,campus_publication,AU,0,0,0,False,2,False
2001-08,campus_publication,AU,0,0,0,False,2,False
2001-09,campus_publication,AU,0,0,0,False,2,False
2001-10,campus_publication,AU,0,0,0,False,2,False
2001-11,campus_publication,AU,0,0,0,False,2,False
2001-12,campus_publication,AU,0,0,0,False,2,False
2002-01,campus_publication,AU,0,0,0,False,2,False
2002-02,campus_publication,AU,0,0,0,False,2,False
2002-03,campus_publication,AU,0,0,0,False,2,False
2002-04,campus_publication,AU,0,0,0,False,2,False
2002-05,campus_publication,AU,0,0,0,False,2,False
2002-06,campus_publication,AU,0,0,0,False,2,False
2002-07,campus_publication,AU,0,0,0,False,2,False
2002-08,campus_publication,AU,0,0,0,False,2,False
2002-09,campus_publication,AU,0,0,0,False,2,False
2002-10,campus_publication,AU,0,0,0,False,2,False
2002-11,campus_publication,AU,0,0,0,False,2,False
2002-12,campus_publication,AU,0,0,0,False,2,False
2003-01,campus_publication,AU,0,0,0,False,2,False
2003-02,campus_publication,AU,0,0,0,False,2,False
2003-03,campus_publication,AU,0,0,0,False,2,False
2003-04,campus_publication,AU,0,0,0,False,2,False
2003-05,campus_publication,AU,0,0,0,False,2,False
2003-06,campus_publication,AU,0,0,0,False,2,False
2003-07,campus_publication,AU,0,0,0,False,2,False
2003-08,campus_publication,AU,0,0,0,False,2,False
2003-09,campus_publication,AU,0,0,0,False,2,False
2003-10,campus_publication,AU,0,0,0,False,2,False
2003-11,campus_publication,AU,0,0,0,False,2,False
2003-12,campus_publication,AU,0,0,0,False,2,False
2004-01,campus_publication,AU,0,0,0,False,2,False
2004-02,campus_publication,AU,0,0,0,False,2,False
2004-03,campus_publication,AU,0,0,0,False,2,False
2004-04,campus_publication,AU,0,0,0,False,2,False
2004-05,campus_publication,AU,0,0,0,False,2,False
2004-06,campus_publication,AU,0,0,0,False,2,False
2004-07,campus_publication,AU,0,0,0,False,2,False
2004-08,campus_publication,AU,0,0,0,False,2,False
2004-09,campus_publication,AU,0,0,0,False,2,False
2004-10,campus_publication,AU,0,0,0,False,2,False
2004-11,campus_publication,AU,0,0,0,False,2,False
2004-12,campus_publication,AU,0,0,0,False,2,False
2005-01,campus_publication,AU,0,0,0,False,2,False
2005-02,campus_publication,AU,0,0,0,False,2,False
2005-03,campus_publication,AU,0,0,0,False,2,False
2005-04,campus_publication,AU,0,0,0,False,2,False
2005-05,campus_publication,AU,0,0,0,False,2,False
2005-06,campus_publication,AU,0,0,0,False,2,False
2005-07,campus_publication,AU,0,0,0,False,2,False
2005-08,campus_publication,AU,0,0,0,False,2,False
2005-09,campus_publication,AU,0,0,0,False,2,False
2005-10,campus_publication,AU,0,0,0,False,2,False
2005-11,campus_publication,AU,0,0,0,False,2,False
2005-12,campus_publication,AU,0,0,0,False,2,False
2006-01,campus_publication,AU,0,0,0,False,2,False
2006-02,campus_publication,AU,0,0,0,False,2,False
2006-03,campus_publication,AU,0,0,0,False,2,False
2006-04,campus_publication,AU,0,0,0,False,2,False
2006-05,campus_publication,AU,0,0,0,False,2,False
2006-06,campus_publication,AU,0,0,0,False,2,False
2006-07,campus_publication,AU,0,0,0,False,2,False
2006-08,campus_publication,AU,0,0,0,False,2,False
2006-09,campus_publication,AU,0,0,0,False,2,False
2006-10,campus_publication,AU,0,0,0,False,2,False
2006-11,campus_publication,AU,0,0,0,False,2,False
2006-12,campus_publication,AU,0,0,0,False,2,False
2007-01,campus_publication,AU,0,0,0,False,2,False
2007-02,campus_publication,AU,0,0,0,False,2,False
2007-03,campus_publication,AU,0,0,0,False,2,False
2007-04,campus_publication,AU,0,0,0,False,2,False
2007-05,campus_publication,AU,0,0,0,False,2,False
2007-06,campus_publication,AU,0,0,0,False,2,False
2007-07,campus_publication,AU,0,0,0,False,2,False
2007-08,campus_publication,AU,0,0,0,False,2,False
2007-09,campus_publication,AU,0,0,0,False,2,False
2007-10,campus_publication,AU,0,0,0,False,2,False
2007-11,campus_publication,AU,0,0,0,False,2,False
2007-12,campus_publication,AU,0,0,0,False,2,False
2008-01,campus_publication,AU,0,0,0,False,2,False
2008-02,campus_publication,AU,0,0,0,False,2,False
2008-03,campus_publication,AU,0,0,0,False,2,False
2008-04,campus_publication,AU,0,0,0,False,2,False
2008-05,campus_publication,AU,0,0,0,False,2,False
2008-06,campus_publication,AU,0,0,0,False,2,False
2008-07,campus_publication,AU,0,0,0,False,2,False
2008-08,campus_publication,AU,0,0,0,False,2,False
2008-09,campus_publication,AU,0,0,0,False,2,False
2008-10,campus_publication,AU,0,0,0,False,2,False
2008-11,campus_publication,AU,0,0,0,False,2,False
2008-12,campus_publication,AU,0,0,0,False,2,False
2009-01,campus_publication,AU,0,0,0,False,2,False
2009-02,campus_publication,AU,0,0,0,False,2,False
2009-03,campus_publication,AU,0,0,0,False,2,False
2009-04,campus_publication,AU,0,0,0,False,2,False
2009-05,campus_publication,AU,0,0,0,False,2,False
2009-06,campus_publication,AU,0,0,0,False,2,False
2009-07,campus_publication,AU,0,0,0,False,2,False
2009-08,campus_publication,AU,0,0,0,False,2,False
2009-09,campus_publication,AU,0,0,0,False,2,False
2009-10,campus_publication,AU,0,0,0,False,2,False
2009-11,campus_publication,AU,0,0,0,False,2,False
2009-12,campus_publication,AU,0,0,0,False,2,False
2010-01,campus_publication,AU,0,0,0,False,2,False
2010-02,campus_publication,AU,0,0,0,False,2,False
2010-03,campus_publication,AU,0,0,0,False,2,False
2010-04,campus_publication,AU,0,0,0,False,2,False
2010-05,campus_publication,AU,0,0,0,False,2,False
2010-06,campus_publication,AU,0,0,0,False,2,False
2010-07,campus_publication,AU,0,0,0,False,2,False
2010-08,campus_publication,AU,0,0,0,False,2,False
2010-09,campus_publication,AU,0,0,0,False,2,False
2010-10,campus_publication,AU,0,0,0,False,2,False
2010-11,campus_publication,AU,0,0,0,False,2,False
2010-12,campus_publication,AU,0,0,0,False,2,False
2011-01,campus_publication,AU,0,0,0,False,2,False
2011-02,campus_publication,AU,0,0,0,False,2,False
2011-03,campus_publication,AU,0,0,0,False,2,False
2011-04,campus_publication,AU,0,0,0,False,2,False
2011-05,campus_publication,AU,0,0,0,False,2,False
2011-06,campus_publication,AU,0,0,0,False,2,False
2011-07,campus_publication,AU,0,0,0,False,2,False
2011-08,campus_publication,AU,0,0,0,False,2,False
2011-09,campus_publication,AU,0,0,0,False,2,False
2011-10,campus_publication,AU,0,0,0,False,2,False
2011-11,campus_publication,AU,0,0,0,False,2,False
2011-12,campus_publication,AU,0,0,0,False,2,False
2012-01,campus_publication,AU,0,0,0,False,2,False
2012-02,campus_publication,AU,0,0,0,False,2,False
2012-03,campus_publication,AU,0,0,0,False,2,False
2012-04,campus_publication,AU,0,0,0,False,2,False
2012-05,campus_publication,AU,0,0,0,False,2,False
2012-06,campus_publication,AU,0,0,0,False,2,False
2012-07,campus_publication,AU,0,0,0,False,2,False
2012-08,campus_publication,AU,0,0,0,False,2,False
2012-09,campus_publication,AU,0,0,0,False,2,False
2012-10,campus_publication,AU,0,0,0,False,2,False
2012-11,campus_publication,AU,0,0,0,False,2,False
2012-12,campus_publication,AU,0,0,0,False,2,False
2013-01,campus_publication,AU,0,0,0,False,2,False
2013-02,campus_publication,AU,0,0,0,False,2,False
2013-03,campus_publication,AU,0,0,0,False,2,False
2013-04,campus_publication,AU,0,0,0,False,2,False
2013-05,campus_publication,AU,0,0,0,False,2,False
2013-06,campus_publication,AU,0,0,0,False,2,False
2013-07,campus_publication,AU,0,0,0,False,2,False
2013-08,campus_publication,AU,0,0,0,False,2,False
2013-09,campus_publication,AU,0,0,0,False,2,False
2013-10,campus_publication,AU,0,0,0,False,2,False
2013-11,campus_publication,AU,0,0,0,False,2,False
2013-12,campus_publication,AU,0,0,0,False,2,False
2014-01,campus_publication,AU,0,0,0,False,2,False
2014-02,campus_publication,AU,0,0,0,False,2,False
2014-03,campus_publication,AU,0,0,0,False,2,False
2014-04,campus_publication,AU,0,0,0,False,2,False
2014-05,campus_publication,AU,0,0,0,False,2,False
2014-06,campus_publication,AU,0,0,0,False,2,False
2014-07,campus_publication,AU,0,0,0,False,2,False
2014-08,campus_publication,AU,0,0,0,False,2,False
2014-09,campus_publication,AU,0,0,0,False,2,False
2014-10,campus_publication,AU,0,0,0,False,2,False
2014-11,campus_publication,AU,0,0,0,False,2,False
2014-12,campus_publication,AU,0,0,0,False,2,False
2015-01,campus_publication,AU,0,0,0,False,2,False
2015-02,campus_publication,AU,0,0,0,False,2,False
2015-03,campus_publication,AU,0,0,0,False,2,False
2015-04,campus_publication,AU,0,0,0,False,2,False
2015-05,campus_publication,AU,0,0,0,False,2,False
2015-06,campus_publication,AU,0,0,0,False,2,False
2015-07,campus_publication,AU,0,0,0,False,2,False
2015-08,campus_publication,AU,0,0,0,False,2,False
2015-09,campus_publication,AU,0,0,0,False,2,False
2015-10,campus_publication,AU,0,0,0,False,2,False
2015-11,campus_publication,AU,0,0,0,False,2,False
2015-12,campus_publication,AU,0,0,0,False,2,False
2016-01,campus_publication,AU,0,0,0,False,2,False
2016-02,campus_publication,AU,0,0,0,False,2,False
2016-03,campus_publication,AU,0,0,0,False,2,False
2016-04,campus_publication,AU,0,0,0,False,2,False
2016-05,campus_publication,AU,0,0,0,False,2,False
2016-06,campus_publication,AU,0,0,0,False,2,False
2016-07,campus_publication,AU,0,0,0,False,2,False
2016-08,campus_publication,AU,0,0,0,False,2,False
2016-09,campus_publication,AU,0,0,0,False,2,False
2016-10,campus_publication,AU,0,0,0,False,2,False
2016-11,campus_publication,AU,0,0,0,False,2,False
2016-12,campus_publication,AU,0,0,0,False,2,False
2017-01,campus_publication,AU,0,0,0,False,2,False
2017-02,campus_publication,AU,0,0,0,False,2,False
2017-03,campus_publication,AU,0,0,0,False,2,False
2017-04,campus_publication,AU,0,0,0,False,2,False
2017-05,campus_publication,AU,0,0,0,False,2,False
2017-06,campus_publication,AU,0,0,0,False,2,False
2017-07,campus_publication,AU,0,0,0,False,2,False
2017-08,campus_publication,AU,0,0,0,False,2,False
2017-09,campus_publication,AU,0,0,0,False,2,False
2017-10,campus_publication,AU,0,0,0,False,2,False
2017-11,campus_publication,AU,0,0,0,False,2,False
2017-12,campus_publication,AU,0,0,0,False,2,False
2018-01,campus_publication,AU,0,0,0,False,2,False
2018-02,campus_publication,AU,0,0,0,False,2,False
2018-03,campus_publication,AU,0,0,0,False,2,False
2018-04,campus_publication,AU,0,0,0,False,2,False
2018-05,campus_publication,AU,0,0,0,False,2,False
2018-06,campus_publication,AU,0,0,0,False,2,False
2018-07,campus_publication,AU,0,0,0,False,2,False
2018-08,campus_publication,AU,0,0,0,False,2,False
2018-09,campus_publication,AU,0,0,0,False,2,False
2018-10,campus_publication,AU,0,0,0,False,2,False
2018-11,campus_publication,AU,0,0,0,False,2,False
2018-12,campus_publication,AU,0,0,0,False,2,False
2019-01,campus_publication,AU,0,0,0,False,2,False
2019-02,campus_publication,AU,0,0,0,False,2,False
2019-03,campus_publication,AU,0,0,0,False,2,False
2019-04,campus_publication,AU,0,0,0,False,2,False
2019-05,campus_publication,AU,0,0,0,False,2,False
2019-06,campus_publication,AU,0,0,0,False,2,False
2019-07,campus_publication,AU,0,0,0,False,2,False
2019-08,campus_publication,AU,0,0,0,False,2,False
2019-09,campus_publication,AU,0,0,0,False,2,False
2019-10,campus_publication,AU,0,0,0,False,2,False
2019-11,campus_publication,AU,0,0,0,False,2,False
2019-12,campus_publication,AU,0,0,0,False,2,False
2020-01,campus_publication,AU,0,0,0,False,2,False
2020-02,campus_publication,AU,0,0,0,False,2,False
2020-03,campus_publication,AU,0,0,0,False,2,False
2020-04,campus_publication,AU,0,0,0,False,2,False
2020-05,campus_publication,AU,0,0,0,False,2,False
2020-06,campus_publication,AU,0,0,0,False,2,False
2020-07,campus_publication,AU,0,0,0,False,2,False
2020-08,campus_publication,AU,0,0,0,False,2,False
2020-09,campus_publication,AU,0,0,0,False,2,False
2020-10,campus_publication,AU,0,0,0,False,2,False
2020-11,campus_publication,AU,0,0,0,False,2,False
2020-12,campus_publication,AU,0,0,0,False,2,False
2021-01,campus_publication,AU,0,0,0,False,2,False
2021-02,campus_publication,AU,0,0,0,False,2,False
2021-03,campus_publication,AU,0,0,0,False,2,False
2021-04,campus_publication,AU,0,0,0,False,2,False
2021-05,campus_publication,AU,0,0,0,False,2,False
2021-06,campus_publication,AU,0,0,0,False,2,False
2021-07,campus_publication,AU,0,0,0,False,2,False
2021-08,campus_publication,AU,0,0,0,False,2,False
2021-09,campus_publication,AU,0,0,0,False,2,False
2021-10,campus_publication,AU,0,0,0,False,2,False
2021-11,campus_publication,AU,0,0,0,False,2,False
2021-12,campus_publication,AU,0,0,0,False,2,False
2022-01,campus_publication,AU,0,0,0,False,2,False
2022-02,campus_publication,AU,0,0,0,False,2,False
2022-03,campus_publication,AU,0,0,0,False,2,False
2022-04,campus_publication,AU,0,0,0,False,2,False
2022-05,campus_publication,AU,0,0,0,False,2,False
2022-06,campus_publication,AU,0,0,0,False,2,False
2022-07,campus_publication,AU,0,0,0,False,2,False
2022-08,campus_publication,AU,0,0,0,False,2,False
2022-09,campus_publication,AU,0,0,0,False,2,False
2022-10,campus_publication,AU,0,0,0,False,2,False
2022-11,campus_publication,AU,0,0,0,False,2,False
2022-12,campus_publication,AU,0,0,0,False,2,False
2023-01,campus_publication,AU,0,0,0,False,2,False
2023-02,campus_publication,AU,0,0,0,False,2,False
2023-03,campus_publication,AU,0,0,0,False,2,False
2023-04,campus_publication,AU,0,0,0,False,2,False
2023-05,campus_publication,AU,0,0,0,False,2,False
2023-06,campus_publication,AU,0,0,0,False,2,False
2023-07,campus_publication,AU,0,0,0,False,2,False
2023-08,campus_publication,AU,0,0,0,False,2,False
2023-09,campus_publication,AU,0,0,0,False,2,False
2023-10,campus_publication,AU,0,0,0,False,2,False
2023-11,campus_publication,AU,0,0,0,False,2,False
2023-12,campus_publication,AU,0,0,0,False,2,False
2024-01,campus_publication,AU,0,0,0,False,2,False
2024-02,campus_publication,AU,0,0,0,False,2,False
2024-03,campus_publication,AU,0,0,0,False,2,False
2024-04,campus_publication,AU,0,0,0,False,2,False
2024-05,campus_publication,AU,0,0,0,False,2,False
2024-06,campus_publication,AU,0,0,0,False,2,False
2024-07,campus_publication,AU,0,0,0,False,2,False
2024-08,campus_publication,AU,0,0,0,False,2,False
2024-09,campus_publication,AU,0,0,0,False,2,False
2024-10,campus_publication,AU,0,0,0,False,2,False
2024-11,campus_publication,AU,0,0,0,False,2,False
2024-12,campus_publication,AU,0,0,0,False,2,False
2025-01,campus_publication,AU,0,0,0,False,2,False
2025-02,campus_publication,AU,0,0,0,False,2,False
2025-03,campus_publication,AU,0,0,0,False,2,False
2025-04,campus_publication,AU,0,0,0,False,2,False
2025-05,campus_publication,AU,0,0,0,False,2,False
2025-06,campus_publication,AU,0,0,0,False,2,False
2025-07,campus_publication,AU,0,0,0,False,2,False
2025-08,campus_publication,AU,0,0,0,False,2,False
2025-09,campus_publication,AU,0,0,0,False,2,False
2025-10,campus_publication,AU,0,0,0,False,2,False
2025-11,campus_publication,AU,0,0,0,False,2,False
2025-12,campus_publication,AU,0,0,0,False,2,False
2026-01,campus_publication,AU,0,0,0,False,2,False
2026-02,campus_publication,AU,0,0,0,False,2,False
2026-03,campus_publication,AU,0,0,0,False,2,False
2026-04,campus_publication,AU,0,0,0,False,2,False
2026-05,campus_publication,AU,0,0,0,False,2,False
2026-06,campus_publication,AU,0,0,0,False,2,False
2026-07,campus_publication,AU,0,0,0,False,2,False
2026-08,campus_publication,AU,0,0,0,False,2,False
2026-09,campus_publication,AU,0,0,0,False,2,True
1988-01,campus_publication,US,2,2,1,True,0,False
1988-02,campus_publication,US,2,2,1,True,0,False
1988-03,campus_publication,US,2,2,1,True,0,False
1988-04,campus_publication,US,2,2,1,True,0,False
1988-05,campus_publication,US,2,2,1,True,0,False
1988-06,campus_publication,US,2,2,1,True,0,False
1988-07,campus_publication,US,2,2,1,True,0,False
1988-08,campus_publication,US,0,0,0,False,2,False
1988-09,campus_publication,US,2,2,1,True,0,False
1988-10,campus_publication,US,2,2,1,True,0,False
1988-11,campus_publication,US,2,2,1,True,0,False
1988-12,campus_publication,US,0,0,0,False,2,False
1989-01,campus_publication,US,0,0,0,False,2,False
1989-02,campus_publication,US,2,2,1,True,0,False
1989-03,campus_publication,US,2,2,1,True,0,False
1989-04,campus_publication,US,2,2,1,True,0,False
1989-05,campus_publication,US,2,2,1,True,0,False
1989-06,campus_publication,US,2,2,1,True,0,False
1989-07,campus_publication,US,2,2,1,True,0,False
1989-08,campus_publication,US,0,0,0,False,2,False
1989-09,campus_publication,US,2,2,1,True,0,False
1989-10,campus_publication,US,0,0,0,False,2,False
1989-11,campus_publication,US,2,2,1,True,0,False
1989-12,campus_publication,US,2,2,1,True,0,False
1990-01,campus_publication,US,0,0,0,False,2,False
1990-02,campus_publication,US,2,2,1,True,0,False
1990-03,campus_publication,US,2,2,1,True,0,False
1990-04,campus_publication,US,2,2,1,True,0,False
1990-05,campus_publication,US,2,2,1,True,0,False
1990-06,campus_publication,US,0,0,0,False,2,False
1990-07,campus_publication,US,0,0,0,False,2,False
1990-08,campus_publication,US,2,2,1,True,0,False
1990-09,campus_publication,US,0,0,0,False,2,False
1990-10,campus_publication,US,2,2,1,True,0,False
1990-11,campus_publication,US,2,2,1,True,0,False
1990-12,campus_publication,US,2,2,1,True,0,False
1991-01,campus_publication,US,0,0,0,False,2,False
1991-02,campus_publication,US,0,0,0,False,2,False
1991-03,campus_publication,US,0,0,0,False,2,False
1991-04,campus_publication,US,0,0,0,False,2,False
1991-05,campus_publication,US,0,0,0,False,2,False
1991-06,campus_publication,US,0,0,0,False,2,False
1991-07,campus_publication,US,0,0,0,False,2,False
1991-08,campus_publication,US,0,0,0,False,2,False
1991-09,campus_publication,US,0,0,0,False,2,False
1991-10,campus_publication,US,0,0,0,False,2,False
1991-11,campus_publication,US,0,0,0,False,2,False
1991-12,campus_publication,US,0,0,0,False,2,False
1992-01,campus_publication,US,0,0,0,False,2,False
1992-02,campus_publication,US,0,0,0,False,2,False
1992-03,campus_publication,US,0,0,0,False,2,False
1992-04,campus_publication,US,0,0,0,False,2,False
1992-05,campus_publication,US,0,0,0,False,2,False
1992-06,campus_publication,US,0,0,0,False,2,False
1992-07,campus_publication,US,0,0,0,False,2,False
1992-08,campus_publication,US,0,0,0,False,2,False
1992-09,campus_publication,US,0,0,0,False,2,False
1992-10,campus_publication,US,0,0,0,False,2,False
1992-11,campus_publication,US,0,0,0,False,2,False
1992-12,campus_publication,US,0,0,0,False,2,False
1993-01,campus_publication,US,0,0,0,False,2,False
1993-02,campus_publication,US,0,0,0,False,2,False
1993-03,campus_publication,US,0,0,0,False,2,False
1993-04,campus_publication,US,0,0,0,False,2,False
1993-05,campus_publication,US,0,0,0,False,2,False
1993-06,campus_publication,US,0,0,0,False,2,False
1993-07,campus_publication,US,0,0,0,False,2,False
1993-08,campus_publication,US,0,0,0,False,2,False
1993-09,campus_publication,US,0,0,0,False,2,False
1993-10,campus_publication,US,0,0,0,False,2,False
1993-11,campus_publication,US,0,0,0,False,2,False
1993-12,campus_publication,US,0,0,0,False,2,False
1994-01,campus_publication,US,0,0,0,False,2,False
1994-02,campus_publication,US,0,0,0,False,2,False
1994-03,campus_publication,US,0,0,0,False,2,False
1994-04,campus_publication,US,0,0,0,False,2,False
1994-05,campus_publication,US,0,0,0,False,2,False
1994-06,campus_publication,US,0,0,0,False,2,False
1994-07,campus_publication,US,0,0,0,False,2,False
1994-08,campus_publication,US,0,0,0,False,2,False
1994-09,campus_publication,US,0,0,0,False,2,False
1994-10,campus_publication,US,0,0,0,False,2,False
1994-11,campus_publication,US,0,0,0,False,2,False
1994-12,campus_publication,US,0,0,0,False,2,False
1995-01,campus_publication,US,0,0,0,False,2,False
1995-02,campus_publication,US,0,0,0,False,2,False
1995-03,campus_publication,US,0,0,0,False,2,False
1995-04,campus_publication,US,0,0,0,False,2,False
1995-05,campus_publication,US,0,0,0,False,2,False
1995-06,campus_publication,US,0,0,0,False,2,False
1995-07,campus_publication,US,0,0,0,False,2,False
1995-08,campus_publication,US,0,0,0,False,2,False
1995-09,campus_publication,US,0,0,0,False,2,False
1995-10,campus_publication,US,0,0,0,False,2,False
1995-11,campus_publication,US,0,0,0,False,2,False
1995-12,campus_publication,US,0,0,0,False,2,False
1996-01,campus_publication,US,0,0,0,False,2,False
1996-02,campus_publication,US,0,0,0,False,2,False
1996-03,campus_publication,US,0,0,0,False,2,False
1996-04,campus_publication,US,0,0,0,False,2,False
1996-05,campus_publication,US,0,0,0,False,2,False
1996-06,campus_publication,US,0,0,0,False,2,False
1996-07,campus_publication,US,0,0,0,False,2,False
1996-08,campus_publication,US,0,0,0,False,2,False
1996-09,campus_publication,US,0,0,0,False,2,False
1996-10,campus_publication,US,0,0,0,False,2,False
1996-11,campus_publication,US,0,0,0,False,2,False
1996-12,campus_publication,US,0,0,0,False,2,False
1997-01,campus_publication,US,0,0,0,False,2,False
1997-02,campus_publication,US,0,0,0,False,2,False
1997-03,campus_publication,US,0,0,0,False,2,False
1997-04,campus_publication,US,0,0,0,False,2,False
1997-05,campus_publication,US,0,0,0,False,2,False
1997-06,campus_publication,US,0,0,0,False,2,False
1997-07,campus_publication,US,0,0,0,False,2,False
1997-08,campus_publication,US,0,0,0,False,2,False
1997-09,campus_publication,US,0,0,0,False,2,False
1997-10,campus_publication,US,0,0,0,False,2,False
1997-11,campus_publication,US,0,0,0,False,2,False
1997-12,campus_publication,US,0,0,0,False,2,False
1998-01,campus_publication,US,0,0,0,False,2,False
1998-02,campus_publication,US,0,0,0,False,2,False
1998-03,campus_publication,US,0,0,0,False,2,False
1998-04,campus_publication,US,0,0,0,False,2,False
1998-05,campus_publication,US,0,0,0,False,2,False
1998-06,campus_publication,US,0,0,0,False,2,False
1998-07,campus_publication,US,0,0,0,False,2,False
1998-08,campus_publication,US,0,0,0,False,2,False
1998-09,campus_publication,US,0,0,0,False,2,False
1998-10,campus_publication,US,0,0,0,False,2,False
1998-11,campus_publication,US,0,0,0,False,2,False
1998-12,campus_publication,US,0,0,0,False,2,False
1999-01,campus_publication,US,0,0,0,False,2,False
1999-02,campus_publication,US,0,0,0,False,2,False
1999-03,campus_publication,US,0,0,0,False,2,False
1999-04,campus_publication,US,0,0,0,False,2,False
1999-05,campus_publication,US,0,0,0,False,2,False
1999-06,campus_publication,US,0,0,0,False,2,False
1999-07,campus_publication,US,0,0,0,False,2,False
1999-08,campus_publication,US,0,0,0,False,2,False
1999-09,campus_publication,US,0,0,0,False,2,False
1999-10,campus_publication,US,0,0,0,False,2,False
1999-11,campus_publication,US,0,0,0,False,2,False
1999-12,campus_publication,US,0,0,0,False,2,False
2000-01,campus_publication,US,0,0,0,False,2,False
2000-02,campus_publication,US,0,0,0,False,2,False
2000-03,campus_publication,US,0,0,0,False,2,False
2000-04,campus_publication,US,0,0,0,False,2,False
2000-05,campus_publication,US,0,0,0,False,2,False
2000-06,campus_publication,US,0,0,0,False,2,False
2000-07,campus_publication,US,0,0,0,False,2,False
2000-08,campus_publication,US,0,0,0,False,2,False
2000-09,campus_publication,US,0,0,0,False,2,False
2000-10,campus_publication,US,0,0,0,False,2,False
2000-11,campus_publication,US,0,0,0,False,2,False
2000-12,campus_publication,US,0,0,0,False,2,False
2001-01,campus_publication,US,0,0,0,False,2,False
2001-02,campus_publication,US,0,0,0,False,2,False
2001-03,campus_publication,US,0,0,0,False,2,False
2001-04,campus_publication,US,0,0,0,False,2,False
2001-05,campus_publication,US,0,0,0,False,2,False
2001-06,campus_publication,US,0,0,0,False,2,False
2001-07,campus_publication,US,0,0,0,False,2,False
2001-08,campus_publication,US,0,0,0,False,2,False
2001-09,campus_publication,US,0,0,0,False,2,False
2001-10,campus_publication,US,0,0,0,False,2,False
2001-11,campus_publication,US,0,0,0,False,2,False
2001-12,campus_publication,US,0,0,0,False,2,False
2002-01,campus_publication,US,0,0,0,False,2,False
2002-02,campus_publication,US,0,0,0,False,2,False
2002-03,campus_publication,US,0,0,0,False,2,False
2002-04,campus_publication,US,0,0,0,False,2,False
2002-05,campus_publication,US,0,0,0,False,2,False
2002-06,campus_publication,US,0,0,0,False,2,False
2002-07,campus_publication,US,0,0,0,False,2,False
2002-08,campus_publication,US,0,0,0,False,2,False
2002-09,campus_publication,US,0,0,0,False,2,False
2002-10,campus_publication,US,0,0,0,False,2,False
2002-11,campus_publication,US,0,0,0,False,2,False
2002-12,campus_publication,US,0,0,0,False,2,False
2003-01,campus_publication,US,0,0,0,False,2,False
2003-02,campus_publication,US,0,0,0,False,2,False
2003-03,campus_publication,US,0,0,0,False,2,False
2003-04,campus_publication,US,0,0,0,False,2,False
2003-05,campus_publication,US,0,0,0,False,2,False
2003-06,campus_publication,US,0,0,0,False,2,False
2003-07,campus_publication,US,0,0,0,False,2,False
2003-08,campus_publication,US,0,0,0,False,2,False
2003-09,campus_publication,US,0,0,0,False,2,False
2003-10,campus_publication,US,0,0,0,False,2,False
2003-11,campus_publication,US,0,0,0,False,2,False
2003-12,campus_publication,US,0,0,0,False,2,False
2004-01,campus_publication,US,0,0,0,False,2,False
2004-02,campus_publication,US,0,0,0,False,2,False
2004-03,campus_publication,US,0,0,0,False,2,False
2004-04,campus_publication,US,0,0,0,False,2,False
2004-05,campus_publication,US,0,0,0,False,2,False
2004-06,campus_publication,US,0,0,0,False,2,False
2004-07,campus_publication,US,0,0,0,False,2,False
2004-08,campus_publication,US,0,0,0,False,2,False
2004-09,campus_publication,US,0,0,0,False,2,False
2004-10,campus_publication,US,0,0,0,False,2,False
2004-11,campus_publication,US,0,0,0,False,2,False
2004-12,campus_publication,US,0,0,0,False,2,False
2005-01,campus_publication,US,0,0,0,False,2,False
2005-02,campus_publication,US,0,0,0,False,2,False
2005-03,campus_publication,US,0,0,0,False,2,False
2005-04,campus_publication,US,0,0,0,False,2,False
2005-05,campus_publication,US,0,0,0,False,2,False
2005-06,campus_publication,US,0,0,0,False,2,False
2005-07,campus_publication,US,0,0,0,False,2,False
2005-08,campus_publication,US,0,0,0,False,2,False
2005-09,campus_publication,US,0,0,0,False,2,False
2005-10,campus_publication,US,0,0,0,False,2,False
2005-11,campus_publication,US,0,0,0,False,2,False
2005-12,campus_publication,US,0,0,0,False,2,False
2006-01,campus_publication,US,0,0,0,False,2,False
2006-02,campus_publication,US,0,0,0,False,2,False
2006-03,campus_publication,US,0,0,0,False,2,False
2006-04,campus_publication,US,0,0,0,False,2,False
2006-05,campus_publication,US,0,0,0,False,2,False
2006-06,campus_publication,US,0,0,0,False,2,False
2006-07,campus_publication,US,0,0,0,False,2,False
2006-08,campus_publication,US,0,0,0,False,2,False
2006-09,campus_publication,US,0,0,0,False,2,False
2006-10,campus_publication,US,0,0,0,False,2,False
2006-11,campus_publication,US,0,0,0,False,2,False
2006-12,campus_publication,US,0,0,0,False,2,False
2007-01,campus_publication,US,0,0,0,False,2,False
2007-02,campus_publication,US,164,164,1,True,0,False
2007-03,campus_publication,US,170,170,1,True,0,False
2007-04,campus_publication,US,172,172,1,True,0,False
2007-05,campus_publication,US,110,110,1,True,0,False
2007-06,campus_publication,US,46,46,1,True,0,False
2007-07,campus_publication,US,19,19,1,True,0,False
2007-08,campus_publication,US,28,28,1,True,0,False
2007-09,campus_publication,US,2,2,1,True,0,False
2007-10,campus_publication,US,2,2,1,True,0,False
2007-11,campus_publication,US,2,2,1,True,0,False
2007-12,campus_publication,US,2,2,1,True,0,False
2008-01,campus_publication,US,2,2,1,True,0,False
2008-02,campus_publication,US,45,45,1,True,0,False
2008-03,campus_publication,US,25,25,1,True,0,False
2008-04,campus_publication,US,23,23,1,True,0,False
2008-05,campus_publication,US,25,25,1,True,0,False
2008-06,campus_publication,US,2,2,1,True,0,False
2008-07,campus_publication,US,2,2,1,True,0,False
2008-08,campus_publication,US,2,2,1,True,0,False
2008-09,campus_publication,US,2,2,1,True,0,False
2008-10,campus_publication,US,2,2,1,True,0,False
2008-11,campus_publication,US,2,2,1,True,0,False
2008-12,campus_publication,US,2,2,1,True,0,False
2009-01,campus_publication,US,2,2,1,True,0,False
2009-02,campus_publication,US,49,49,1,True,0,False
2009-03,campus_publication,US,23,23,1,True,0,False
2009-04,campus_publication,US,42,42,1,True,0,False
2009-05,campus_publication,US,2,2,1,True,0,False
2009-06,campus_publication,US,2,2,1,True,0,False
2009-07,campus_publication,US,2,2,1,True,0,False
2009-08,campus_publication,US,2,2,1,True,0,False
2009-09,campus_publication,US,3,3,1,True,0,False
2009-10,campus_publication,US,2,2,1,True,0,False
2009-11,campus_publication,US,2,2,1,True,0,False
2009-12,campus_publication,US,2,2,1,True,0,False
2010-01,campus_publication,US,2,2,1,True,0,False
2010-02,campus_publication,US,43,43,1,True,0,False
2010-03,campus_publication,US,20,20,1,True,0,False
2010-04,campus_publication,US,41,41,1,True,0,False
2010-05,campus_publication,US,2,2,1,True,0,False
2010-06,campus_publication,US,2,2,1,True,0,False
2010-07,campus_publication,US,2,2,1,True,0,False
2010-08,campus_publication,US,2,2,1,True,0,False
2010-09,campus_publication,US,2,2,1,True,0,False
2010-10,campus_publication,US,2,2,1,True,0,False
2010-11,campus_publication,US,2,2,1,True,0,False
2010-12,campus_publication,US,2,2,1,True,0,False
2011-01,campus_publication,US,2,2,1,True,0,False
2011-02,campus_publication,US,50,50,1,True,0,False
2011-03,campus_publication,US,27,27,1,True,0,False
2011-04,campus_publication,US,36,36,1,True,0,False
2011-05,campus_publication,US,2,2,1,True,0,False
2011-06,campus_publication,US,2,2,1,True,0,False
2011-07,campus_publication,US,2,2,1,True,0,False
2011-08,campus_publication,US,2,2,1,True,0,False
2011-09,campus_publication,US,2,2,1,True,0,False
2011-10,campus_publication,US,2,2,1,True,0,False
2011-11,campus_publication,US,2,2,1,True,0,False
2011-12,campus_publication,US,2,2,1,True,0,False
2012-01,campus_publication,US,2,2,1,True,0,False
2012-02,campus_publication,US,43,43,1,True,0,False
2012-03,campus_publication,US,20,20,1,True,0,False
2012-04,campus_publication,US,24,24,1,True,0,False
2012-05,campus_publication,US,2,2,1,True,0,False
2012-06,campus_publication,US,2,2,1,True,0,False
2012-07,campus_publication,US,2,2,1,True,0,False
2012-08,campus_publication,US,2,2,1,True,0,False
2012-09,campus_publication,US,2,2,1,True,0,False
2012-10,campus_publication,US,2,2,1,True,0,False
2012-11,campus_publication,US,2,2,1,True,0,False
2012-12,campus_publication,US,2,2,1,True,0,False
2013-01,campus_publication,US,2,2,1,True,0,False
2013-02,campus_publication,US,40,40,1,True,0,False
2013-03,campus_publication,US,22,22,1,True,0,False
2013-04,campus_publication,US,17,17,1,True,0,False
2013-05,campus_publication,US,2,2,1,True,0,False
2013-06,campus_publication,US,2,2,1,True,0,False
2013-07,campus_publication,US,2,2,1,True,0,False
2013-08,campus_publication,US,5,5,1,True,0,False
2013-09,campus_publication,US,2,2,1,True,0,False
2013-10,campus_publication,US,2,2,1,True,0,False
2013-11,campus_publication,US,2,2,1,True,0,False
2013-12,campus_publication,US,2,2,1,True,0,False
2014-01,campus_publication,US,2,2,1,True,0,False
2014-02,campus_publication,US,44,44,1,True,0,False
2014-03,campus_publication,US,21,21,1,True,0,False
2014-04,campus_publication,US,20,20,1,True,0,False
2014-05,campus_publication,US,2,2,1,True,0,False
2014-06,campus_publication,US,2,2,1,True,0,False
2014-07,campus_publication,US,2,2,1,True,0,False
2014-08,campus_publication,US,5,5,1,True,0,False
2014-09,campus_publication,US,2,2,1,True,0,False
2014-10,campus_publication,US,2,2,1,True,0,False
2014-11,campus_publication,US,2,2,1,True,0,False
2014-12,campus_publication,US,2,2,1,True,0,False
2015-01,campus_publication,US,2,2,1,True,0,False
2015-02,campus_publication,US,20,20,1,True,0,False
2015-03,campus_publication,US,21,21,1,True,0,False
2015-04,campus_publication,US,15,15,1,True,0,False
2015-05,campus_publication,US,2,2,1,True,0,False
2015-06,campus_publication,US,2,2,1,True,0,False
2015-07,campus_publication,US,2,2,1,True,0,False
2015-08,campus_publication,US,2,2,1,True,0,False
2015-09,campus_publication,US,3,3,1,True,0,False
2015-10,campus_publication,US,2,2,1,True,0,False
2015-11,campus_publication,US,2,2,1,True,0,False
2015-12,campus_publication,US,2,2,1,True,0,False
2016-01,campus_publication,US,2,2,1,True,0,False
2016-02,campus_publication,US,23,23,1,True,0,False
2016-03,campus_publication,US,14,14,1,True,0,False
2016-04,campus_publication,US,12,12,1,True,0,False
2016-05,campus_publication,US,2,2,1,True,0,False
2016-06,campus_publication,US,2,2,1,True,0,False
2016-07,campus_publication,US,2,2,1,True,0,False
2016-08,campus_publication,US,2,2,1,True,0,False
2016-09,campus_publication,US,3,3,1,True,0,False
2016-10,campus_publication,US,2,2,1,True,0,False
2016-11,campus_publication,US,2,2,1,True,0,False
2016-12,campus_publication,US,2,2,1,True,0,False
2017-01,campus_publication,US,2,2,1,True,0,False
2017-02,campus_publication,US,11,11,1,True,0,False
2017-03,campus_publication,US,22,22,1,True,0,False
2017-04,campus_publication,US,11,11,1,True,0,False
2017-05,campus_publication,US,2,2,1,True,0,False
2017-06,campus_publication,US,2,2,1,True,0,False
2017-07,campus_publication,US,2,2,1,True,0,False
2017-08,campus_publication,US,2,2,1,True,0,False
2017-09,campus_publication,US,2,2,1,True,0,False
2017-10,campus_publication,US,2,2,1,True,0,False
2017-11,campus_publication,US,2,2,1,True,0,False
2017-12,campus_publication,US,2,2,1,True,0,False
2018-01,campus_publication,US,2,2,1,True,0,False
2018-02,campus_publication,US,21,21,1,True,0,False
2018-03,campus_publication,US,39,39,1,True,0,False
2018-04,campus_publication,US,14,14,1,True,0,False
2018-05,campus_publication,US,2,2,1,True,0,False
2018-06,campus_publication,US,2,2,1,True,0,False
2018-07,campus_publication,US,2,2,1,True,0,False
2018-08,campus_publication,US,2,2,1,True,0,False
2018-09,campus_publication,US,2,2,1,True,0,False
2018-10,campus_publication,US,2,2,1,True,0,False
2018-11,campus_publication,US,2,2,1,True,0,False
2018-12,campus_publication,US,2,2,1,True,0,False
2019-01,campus_publication,US,2,2,1,True,0,False
2019-02,campus_publication,US,16,16,1,True,0,False
2019-03,campus_publication,US,7,7,1,True,0,False
2019-04,campus_publication,US,11,11,1,True,0,False
2019-05,campus_publication,US,2,2,1,True,0,False
2019-06,campus_publication,US,2,2,1,True,0,False
2019-07,campus_publication,US,2,2,1,True,0,False
2019-08,campus_publication,US,2,2,1,True,0,False
2019-09,campus_publication,US,2,2,1,True,0,False
2019-10,campus_publication,US,2,2,1,True,0,False
2019-11,campus_publication,US,2,2,1,True,0,False
2019-12,campus_publication,US,2,2,1,True,0,False
2020-01,campus_publication,US,2,2,1,True,0,False
2020-02,campus_publication,US,8,8,1,True,0,False
2020-03,campus_publication,US,15,15,1,True,0,False
2020-04,campus_publication,US,29,29,1,True,0,False
2020-05,campus_publication,US,2,2,1,True,0,False
2020-06,campus_publication,US,2,2,1,True,0,False
2020-07,campus_publication,US,2,2,1,True,0,False
2020-08,campus_publication,US,3,3,1,True,0,False
2020-09,campus_publication,US,2,2,1,True,0,False
2020-10,campus_publication,US,2,2,1,True,0,False
2020-11,campus_publication,US,2,2,1,True,0,False
2020-12,campus_publication,US,2,2,1,True,0,False
2021-01,campus_publication,US,2,2,1,True,0,False
2021-02,campus_publication,US,11,11,1,True,0,False
2021-03,campus_publication,US,13,13,1,True,0,False
2021-04,campus_publication,US,8,8,1,True,0,False
2021-05,campus_publication,US,2,2,1,True,0,False
2021-06,campus_publication,US,2,2,1,True,0,False
2021-07,campus_publication,US,0,0,0,False,2,False
2021-08,campus_publication,US,2,2,1,True,0,False
2021-09,campus_publication,US,3,3,1,True,0,False
2021-10,campus_publication,US,2,2,1,True,0,False
2021-11,campus_publication,US,2,2,1,True,0,False
2021-12,campus_publication,US,2,2,1,True,0,False
2022-01,campus_publication,US,2,2,1,True,0,False
2022-02,campus_publication,US,11,11,1,True,0,False
2022-03,campus_publication,US,28,28,1,True,0,False
2022-04,campus_publication,US,5,5,1,True,0,False
2022-05,campus_publication,US,2,2,1,True,0,False
2022-06,campus_publication,US,2,2,1,True,0,False
2022-07,campus_publication,US,2,2,1,True,0,False
2022-08,campus_publication,US,2,2,1,True,0,False
2022-09,campus_publication,US,2,2,1,True,0,False
2022-10,campus_publication,US,2,2,1,True,0,False
2022-11,campus_publication,US,2,2,1,True,0,False
2022-12,campus_publication,US,2,2,1,True,0,False
2023-01,campus_publication,US,2,2,1,True,0,False
2023-02,campus_publication,US,13,13,1,True,0,False
2023-03,campus_publication,US,12,12,1,True,0,False
2023-04,campus_publication,US,7,7,1,True,0,False
2023-05,campus_publication,US,2,2,1,True,0,False
2023-06,campus_publication,US,2,2,1,True,0,False
2023-07,campus_publication,US,2,2,1,True,0,False
2023-08,campus_publication,US,2,2,1,True,0,False
2023-09,campus_publication,US,2,2,1,True,0,False
2023-10,campus_publication,US,2,2,1,True,0,False
2023-11,campus_publication,US,2,2,1,True,0,False
2023-12,campus_publication,US,2,2,1,True,0,False
2024-01,campus_publication,US,2,2,1,True,0,False
2024-02,campus_publication,US,30,30,1,True,0,False
2024-03,campus_publication,US,19,19,1,True,0,False
2024-04,campus_publication,US,16,16,1,True,0,False
2024-05,campus_publication,US,2,2,1,True,0,False
2024-06,campus_publication,US,2,2,1,True,0,False
2024-07,campus_publication,US,2,2,1,True,0,False
2024-08,campus_publication,US,2,2,1,True,0,False
2024-09,campus_publication,US,2,2,1,True,0,False
2024-10,campus_publication,US,2,2,1,True,0,False
2024-11,campus_publication,US,2,2,1,True,0,False
2024-12,campus_publication,US,2,2,1,True,0,False
2025-01,campus_publication,US,2,2,1,True,0,False
2025-02,campus_publication,US,29,29,1,True,0,False
2025-03,campus_publication,US,22,22,1,True,0,False
2025-04,campus_publication,US,22,22,1,True,0,False
2025-05,campus_publication,US,2,2,1,True,0,False
2025-06,campus_publication,US,2,2,1,True,0,False
2025-07,campus_publication,US,2,2,1,True,0,False
2025-08,campus_publication,US,2,2,1,True,0,False
2025-09,campus_publication,US,2,2,1,True,0,False
2025-10,campus_publication,US,2,2,1,True,0,False
2025-11,campus_publication,US,2,2,1,True,0,False
2025-12,campus_publication,US,2,2,1,True,0,False
2026-01,campus_publication,US,2,2,1,True,0,False
2026-02,campus_publication,US,40,40,1,True,0,False
2026-03,campus_publication,US,29,29,1,True,0,False
2026-04,campus_publication,US,2,2,1,True,0,False
2026-05,campus_publication,US,2,2,1,True,0,False
2026-06,campus_publication,US,2,2,1,True,0,False
2026-07,campus_publication,US,2,2,1,True,0,False
2026-08,campus_publication,US,2,2,1,True,0,False
2026-09,campus_publication,US,2,2,1,True,0,True
1988-01,campus_publication,NZ,0,0,0,False,2,False
1988-02,campus_publication,NZ,0,0,0,False,2,False
1988-03,campus_publication,NZ,0,0,0,False,2,False
1988-04,campus_publication,NZ,0,0,0,False,2,False
1988-05,campus_publication,NZ,0,0,0,False,2,False
1988-06,campus_publication,NZ,0,0,0,False,2,False
1988-07,campus_publication,NZ,0,0,0,False,2,False
1988-08,campus_publication,NZ,0,0,0,False,2,False
1988-09,campus_publication,NZ,0,0,0,False,2,False
1988-10,campus_publication,NZ,0,0,0,False,2,False
1988-11,campus_publication,NZ,0,0,0,False,2,False
1988-12,campus_publication,NZ,0,0,0,False,2,False
1989-01,campus_publication,NZ,0,0,0,False,2,False
1989-02,campus_publication,NZ,0,0,0,False,2,False
1989-03,campus_publication,NZ,0,0,0,False,2,False
1989-04,campus_publication,NZ,0,0,0,False,2,False
1989-05,campus_publication,NZ,0,0,0,False,2,False
1989-06,campus_publication,NZ,0,0,0,False,2,False
1989-07,campus_publication,NZ,0,0,0,False,2,False
1989-08,campus_publication,NZ,0,0,0,False,2,False
1989-09,campus_publication,NZ,0,0,0,False,2,False
1989-10,campus_publication,NZ,0,0,0,False,2,False
1989-11,campus_publication,NZ,0,0,0,False,2,False
1989-12,campus_publication,NZ,0,0,0,False,2,False
1990-01,campus_publication,NZ,0,0,0,False,2,False
1990-02,campus_publication,NZ,0,0,0,False,2,False
1990-03,campus_publication,NZ,0,0,0,False,2,False
1990-04,campus_publication,NZ,0,0,0,False,2,False
1990-05,campus_publication,NZ,0,0,0,False,2,False
1990-06,campus_publication,NZ,0,0,0,False,2,False
1990-07,campus_publication,NZ,0,0,0,False,2,False
1990-08,campus_publication,NZ,0,0,0,False,2,False
1990-09,campus_publication,NZ,0,0,0,False,2,False
1990-10,campus_publication,NZ,0,0,0,False,2,False
1990-11,campus_publication,NZ,0,0,0,False,2,False
1990-12,campus_publication,NZ,0,0,0,False,2,False
1991-01,campus_publication,NZ,0,0,0,False,2,False
1991-02,campus_publication,NZ,0,0,0,False,2,False
1991-03,campus_publication,NZ,0,0,0,False,2,False
1991-04,campus_publication,NZ,0,0,0,False,2,False
1991-05,campus_publication,NZ,0,0,0,False,2,False
1991-06,campus_publication,NZ,0,0,0,False,2,False
1991-07,campus_publication,NZ,0,0,0,False,2,False
1991-08,campus_publication,NZ,0,0,0,False,2,False
1991-09,campus_publication,NZ,0,0,0,False,2,False
1991-10,campus_publication,NZ,0,0,0,False,2,False
1991-11,campus_publication,NZ,0,0,0,False,2,False
1991-12,campus_publication,NZ,0,0,0,False,2,False
1992-01,campus_publication,NZ,0,0,0,False,2,False
1992-02,campus_publication,NZ,0,0,0,False,2,False
1992-03,campus_publication,NZ,0,0,0,False,2,False
1992-04,campus_publication,NZ,0,0,0,False,2,False
1992-05,campus_publication,NZ,0,0,0,False,2,False
1992-06,campus_publication,NZ,0,0,0,False,2,False
1992-07,campus_publication,NZ,0,0,0,False,2,False
1992-08,campus_publication,NZ,0,0,0,False,2,False
1992-09,campus_publication,NZ,0,0,0,False,2,False
1992-10,campus_publication,NZ,0,0,0,False,2,False
1992-11,campus_publication,NZ,0,0,0,False,2,False
1992-12,campus_publication,NZ,0,0,0,False,2,False
1993-01,campus_publication,NZ,0,0,0,False,2,False
1993-02,campus_publication,NZ,0,0,0,False,2,False
1993-03,campus_publication,NZ,0,0,0,False,2,False
1993-04,campus_publication,NZ,0,0,0,False,2,False
1993-05,campus_publication,NZ,0,0,0,False,2,False
1993-06,campus_publication,NZ,0,0,0,False,2,False
1993-07,campus_publication,NZ,0,0,0,False,2,False
1993-08,campus_publication,NZ,0,0,0,False,2,False
1993-09,campus_publication,NZ,0,0,0,False,2,False
1993-10,campus_publication,NZ,0,0,0,False,2,False
1993-11,campus_publication,NZ,0,0,0,False,2,False
1993-12,campus_publication,NZ,0,0,0,False,2,False
1994-01,campus_publication,NZ,0,0,0,False,2,False
1994-02,campus_publication,NZ,0,0,0,False,2,False
1994-03,campus_publication,NZ,0,0,0,False,2,False
1994-04,campus_publication,NZ,0,0,0,False,2,False
1994-05,campus_publication,NZ,0,0,0,False,2,False
1994-06,campus_publication,NZ,0,0,0,False,2,False
1994-07,campus_publication,NZ,0,0,0,False,2,False
1994-08,campus_publication,NZ,0,0,0,False,2,False
1994-09,campus_publication,NZ,0,0,0,False,2,False
1994-10,campus_publication,NZ,0,0,0,False,2,False
1994-11,campus_publication,NZ,0,0,0,False,2,False
1994-12,campus_publication,NZ,0,0,0,False,2,False
1995-01,campus_publication,NZ,0,0,0,False,2,False
1995-02,campus_publication,NZ,0,0,0,False,2,False
1995-03,campus_publication,NZ,0,0,0,False,2,False
1995-04,campus_publication,NZ,0,0,0,False,2,False
1995-05,campus_publication,NZ,0,0,0,False,2,False
1995-06,campus_publication,NZ,0,0,0,False,2,False
1995-07,campus_publication,NZ,0,0,0,False,2,False
1995-08,campus_publication,NZ,0,0,0,False,2,False
1995-09,campus_publication,NZ,0,0,0,False,2,False
1995-10,campus_publication,NZ,0,0,0,False,2,False
1995-11,campus_publication,NZ,0,0,0,False,2,False
1995-12,campus_publication,NZ,0,0,0,False,2,False
1996-01,campus_publication,NZ,0,0,0,False,2,False
1996-02,campus_publication,NZ,0,0,0,False,2,False
1996-03,campus_publication,NZ,0,0,0,False,2,False
1996-04,campus_publication,NZ,0,0,0,False,2,False
1996-05,campus_publication,NZ,0,0,0,False,2,False
1996-06,campus_publication,NZ,0,0,0,False,2,False
1996-07,campus_publication,NZ,0,0,0,False,2,False
1996-08,campus_publication,NZ,0,0,0,False,2,False
1996-09,campus_publication,NZ,0,0,0,False,2,False
1996-10,campus_publication,NZ,0,0,0,False,2,False
1996-11,campus_publication,NZ,0,0,0,False,2,False
1996-12,campus_publication,NZ,0,0,0,False,2,False
1997-01,campus_publication,NZ,0,0,0,False,2,False
1997-02,campus_publication,NZ,0,0,0,False,2,False
1997-03,campus_publication,NZ,0,0,0,False,2,False
1997-04,campus_publication,NZ,0,0,0,False,2,False
1997-05,campus_publication,NZ,0,0,0,False,2,False
1997-06,campus_publication,NZ,0,0,0,False,2,False
1997-07,campus_publication,NZ,0,0,0,False,2,False
1997-08,campus_publication,NZ,0,0,0,False,2,False
1997-09,campus_publication,NZ,0,0,0,False,2,False
1997-10,campus_publication,NZ,0,0,0,False,2,False
1997-11,campus_publication,NZ,0,0,0,False,2,False
1997-12,campus_publication,NZ,0,0,0,False,2,False
1998-01,campus_publication,NZ,0,0,0,False,2,False
1998-02,campus_publication,NZ,0,0,0,False,2,False
1998-03,campus_publication,NZ,0,0,0,False,2,False
1998-04,campus_publication,NZ,0,0,0,False,2,False
1998-05,campus_publication,NZ,0,0,0,False,2,False
1998-06,campus_publication,NZ,0,0,0,False,2,False
1998-07,campus_publication,NZ,0,0,0,False,2,False
1998-08,campus_publication,NZ,0,0,0,False,2,False
1998-09,campus_publication,NZ,0,0,0,False,2,False
1998-10,campus_publication,NZ,0,0,0,False,2,False
1998-11,campus_publication,NZ,0,0,0,False,2,False
1998-12,campus_publication,NZ,0,0,0,False,2,False
1999-01,campus_publication,NZ,0,0,0,False,2,False
1999-02,campus_publication,NZ,0,0,0,False,2,False
1999-03,campus_publication,NZ,0,0,0,False,2,False
1999-04,campus_publication,NZ,0,0,0,False,2,False
1999-05,campus_publication,NZ,0,0,0,False,2,False
1999-06,campus_publication,NZ,0,0,0,False,2,False
1999-07,campus_publication,NZ,0,0,0,False,2,False
1999-08,campus_publication,NZ,0,0,0,False,2,False
1999-09,campus_publication,NZ,0,0,0,False,2,False
1999-10,campus_publication,NZ,0,0,0,False,2,False
1999-11,campus_publication,NZ,0,0,0,False,2,False
1999-12,campus_publication,NZ,0,0,0,False,2,False
2000-01,campus_publication,NZ,0,0,0,False,2,False
2000-02,campus_publication,NZ,0,0,0,False,2,False
2000-03,campus_publication,NZ,0,0,0,False,2,False
2000-04,campus_publication,NZ,0,0,0,False,2,False
2000-05,campus_publication,NZ,0,0,0,False,2,False
2000-06,campus_publication,NZ,0,0,0,False,2,False
2000-07,campus_publication,NZ,0,0,0,False,2,False
2000-08,campus_publication,NZ,0,0,0,False,2,False
2000-09,campus_publication,NZ,0,0,0,False,2,False
2000-10,campus_publication,NZ,0,0,0,False,2,False
2000-11,campus_publication,NZ,0,0,0,False,2,False
2000-12,campus_publication,NZ,0,0,0,False,2,False
2001-01,campus_publication,NZ,0,0,0,False,2,False
2001-02,campus_publication,NZ,0,0,0,False,2,False
2001-03,campus_publication,NZ,0,0,0,False,2,False
2001-04,campus_publication,NZ,0,0,0,False,2,False
2001-05,campus_publication,NZ,0,0,0,False,2,False
2001-06,campus_publication,NZ,0,0,0,False,2,False
2001-07,campus_publication,NZ,0,0,0,False,2,False
2001-08,campus_publication,NZ,0,0,0,False,2,False
2001-09,campus_publication,NZ,0,0,0,False,2,False
2001-10,campus_publication,NZ,0,0,0,False,2,False
2001-11,campus_publication,NZ,0,0,0,False,2,False
2001-12,campus_publication,NZ,0,0,0,False,2,False
2002-01,campus_publication,NZ,0,0,0,False,2,False
2002-02,campus_publication,NZ,0,0,0,False,2,False
2002-03,campus_publication,NZ,0,0,0,False,2,False
2002-04,campus_publication,NZ,0,0,0,False,2,False
2002-05,campus_publication,NZ,0,0,0,False,2,False
2002-06,campus_publication,NZ,0,0,0,False,2,False
2002-07,campus_publication,NZ,0,0,0,False,2,False
2002-08,campus_publication,NZ,0,0,0,False,2,False
2002-09,campus_publication,NZ,0,0,0,False,2,False
2002-10,campus_publication,NZ,0,0,0,False,2,False
2002-11,campus_publication,NZ,0,0,0,False,2,False
2002-12,campus_publication,NZ,0,0,0,False,2,False
2003-01,campus_publication,NZ,0,0,0,False,2,False
2003-02,campus_publication,NZ,0,0,0,False,2,False
2003-03,campus_publication,NZ,0,0,0,False,2,False
2003-04,campus_publication,NZ,0,0,0,False,2,False
2003-05,campus_publication,NZ,0,0,0,False,2,False
2003-06,campus_publication,NZ,0,0,0,False,2,False
2003-07,campus_publication,NZ,0,0,0,False,2,False
2003-08,campus_publication,NZ,0,0,0,False,2,False
2003-09,campus_publication,NZ,0,0,0,False,2,False
2003-10,campus_publication,NZ,0,0,0,False,2,False
2003-11,campus_publication,NZ,0,0,0,False,2,False
2003-12,campus_publication,NZ,0,0,0,False,2,False
2004-01,campus_publication,NZ,0,0,0,False,2,False
2004-02,campus_publication,NZ,0,0,0,False,2,False
2004-03,campus_publication,NZ,0,0,0,False,2,False
2004-04,campus_publication,NZ,0,0,0,False,2,False
2004-05,campus_publication,NZ,0,0,0,False,2,False
2004-06,campus_publication,NZ,0,0,0,False,2,False
2004-07,campus_publication,NZ,0,0,0,False,2,False
2004-08,campus_publication,NZ,0,0,0,False,2,False
2004-09,campus_publication,NZ,0,0,0,False,2,False
2004-10,campus_publication,NZ,0,0,0,False,2,False
2004-11,campus_publication,NZ,0,0,0,False,2,False
2004-12,campus_publication,NZ,0,0,0,False,2,False
2005-01,campus_publication,NZ,0,0,0,False,2,False
2005-02,campus_publication,NZ,0,0,0,False,2,False
2005-03,campus_publication,NZ,0,0,0,False,2,False
2005-04,campus_publication,NZ,0,0,0,False,2,False
2005-05,campus_publication,NZ,0,0,0,False,2,False
2005-06,campus_publication,NZ,0,0,0,False,2,False
2005-07,campus_publication,NZ,0,0,0,False,2,False
2005-08,campus_publication,NZ,0,0,0,False,2,False
2005-09,campus_publication,NZ,0,0,0,False,2,False
2005-10,campus_publication,NZ,0,0,0,False,2,False
2005-11,campus_publication,NZ,0,0,0,False,2,False
2005-12,campus_publication,NZ,0,0,0,False,2,False
2006-01,campus_publication,NZ,0,0,0,False,2,False
2006-02,campus_publication,NZ,0,0,0,False,2,False
2006-03,campus_publication,NZ,0,0,0,False,2,False
2006-04,campus_publication,NZ,0,0,0,False,2,False
2006-05,campus_publication,NZ,0,0,0,False,2,False
2006-06,campus_publication,NZ,0,0,0,False,2,False
2006-07,campus_publication,NZ,0,0,0,False,2,False
2006-08,campus_publication,NZ,0,0,0,False,2,False
2006-09,campus_publication,NZ,0,0,0,False,2,False
2006-10,campus_publication,NZ,0,0,0,False,2,False
2006-11,campus_publication,NZ,0,0,0,False,2,False
2006-12,campus_publication,NZ,0,0,0,False,2,False
2007-01,campus_publication,NZ,0,0,0,False,2,False
2007-02,campus_publication,NZ,0,0,0,False,2,False
2007-03,campus_publication,NZ,0,0,0,False,2,False
2007-04,campus_publication,NZ,0,0,0,False,2,False
2007-05,campus_publication,NZ,0,0,0,False,2,False
2007-06,campus_publication,NZ,0,0,0,False,2,False
2007-07,campus_publication,NZ,0,0,0,False,2,False
2007-08,campus_publication,NZ,0,0,0,False,2,False
2007-09,campus_publication,NZ,0,0,0,False,2,False
2007-10,campus_publication,NZ,0,0,0,False,2,False
2007-11,campus_publication,NZ,0,0,0,False,2,False
2007-12,campus_publication,NZ,0,0,0,False,2,False
2008-01,campus_publication,NZ,0,0,0,False,2,False
2008-02,campus_publication,NZ,0,0,0,False,2,False
2008-03,campus_publication,NZ,0,0,0,False,2,False
2008-04,campus_publication,NZ,0,0,0,False,2,False
2008-05,campus_publication,NZ,0,0,0,False,2,False
2008-06,campus_publication,NZ,0,0,0,False,2,False
2008-07,campus_publication,NZ,0,0,0,False,2,False
2008-08,campus_publication,NZ,0,0,0,False,2,False
2008-09,campus_publication,NZ,0,0,0,False,2,False
2008-10,campus_publication,NZ,0,0,0,False,2,False
2008-11,campus_publication,NZ,0,0,0,False,2,False
2008-12,campus_publication,NZ,0,0,0,False,2,False
2009-01,campus_publication,NZ,0,0,0,False,2,False
2009-02,campus_publication,NZ,0,0,0,False,2,False
2009-03,campus_publication,NZ,0,0,0,False,2,False
2009-04,campus_publication,NZ,0,0,0,False,2,False
2009-05,campus_publication,NZ,0,0,0,False,2,False
2009-06,campus_publication,NZ,0,0,0,False,2,False
2009-07,campus_publication,NZ,0,0,0,False,2,False
2009-08,campus_publication,NZ,0,0,0,False,2,False
2009-09,campus_publication,NZ,0,0,0,False,2,False
2009-10,campus_publication,NZ,0,0,0,False,2,False
2009-11,campus_publication,NZ,0,0,0,False,2,False
2009-12,campus_publication,NZ,0,0,0,False,2,False
2010-01,campus_publication,NZ,0,0,0,False,2,False
2010-02,campus_publication,NZ,0,0,0,False,2,False
2010-03,campus_publication,NZ,0,0,0,False,2,False
2010-04,campus_publication,NZ,0,0,0,False,2,False
2010-05,campus_publication,NZ,0,0,0,False,2,False
2010-06,campus_publication,NZ,0,0,0,False,2,False
2010-07,campus_publication,NZ,0,0,0,False,2,False
2010-08,campus_publication,NZ,0,0,0,False,2,False
2010-09,campus_publication,NZ,0,0,0,False,2,False
2010-10,campus_publication,NZ,0,0,0,False,2,False
2010-11,campus_publication,NZ,0,0,0,False,2,False
2010-12,campus_publication,NZ,0,0,0,False,2,False
2011-01,campus_publication,NZ,0,0,0,False,2,False
2011-02,campus_publication,NZ,0,0,0,False,2,False
2011-03,campus_publication,NZ,0,0,0,False,2,False
2011-04,campus_publication,NZ,0,0,0,False,2,False
2011-05,campus_publication,NZ,0,0,0,False,2,False
2011-06,campus_publication,NZ,0,0,0,False,2,False
2011-07,campus_publication,NZ,0,0,0,False,2,False
2011-08,campus_publication,NZ,0,0,0,False,2,False
2011-09,campus_publication,NZ,0,0,0,False,2,False
2011-10,campus_publication,NZ,0,0,0,False,2,False
2011-11,campus_publication,NZ,0,0,0,False,2,False
2011-12,campus_publication,NZ,0,0,0,False,2,False
2012-01,campus_publication,NZ,0,0,0,False,2,False
2012-02,campus_publication,NZ,0,0,0,False,2,False
2012-03,campus_publication,NZ,0,0,0,False,2,False
2012-04,campus_publication,NZ,0,0,0,False,2,False
2012-05,campus_publication,NZ,0,0,0,False,2,False
2012-06,campus_publication,NZ,0,0,0,False,2,False
2012-07,campus_publication,NZ,0,0,0,False,2,False
2012-08,campus_publication,NZ,0,0,0,False,2,False
2012-09,campus_publication,NZ,0,0,0,False,2,False
2012-10,campus_publication,NZ,0,0,0,False,2,False
2012-11,campus_publication,NZ,0,0,0,False,2,False
2012-12,campus_publication,NZ,0,0,0,False,2,False
2013-01,campus_publication,NZ,0,0,0,False,2,False
2013-02,campus_publication,NZ,0,0,0,False,2,False
2013-03,campus_publication,NZ,0,0,0,False,2,False
2013-04,campus_publication,NZ,0,0,0,False,2,False
2013-05,campus_publication,NZ,0,0,0,False,2,False
2013-06,campus_publication,NZ,0,0,0,False,2,False
2013-07,campus_publication,NZ,0,0,0,False,2,False
2013-08,campus_publication,NZ,0,0,0,False,2,False
2013-09,campus_publication,NZ,0,0,0,False,2,False
2013-10,campus_publication,NZ,0,0,0,False,2,False
2013-11,campus_publication,NZ,0,0,0,False,2,False
2013-12,campus_publication,NZ,0,0,0,False,2,False
2014-01,campus_publication,NZ,0,0,0,False,2,False
2014-02,campus_publication,NZ,0,0,0,False,2,False
2014-03,campus_publication,NZ,0,0,0,False,2,False
2014-04,campus_publication,NZ,0,0,0,False,2,False
2014-05,campus_publication,NZ,0,0,0,False,2,False
2014-06,campus_publication,NZ,0,0,0,False,2,False
2014-07,campus_publication,NZ,0,0,0,False,2,False
2014-08,campus_publication,NZ,0,0,0,False,2,False
2014-09,campus_publication,NZ,0,0,0,False,2,False
2014-10,campus_publication,NZ,0,0,0,False,2,False
2014-11,campus_publication,NZ,0,0,0,False,2,False
2014-12,campus_publication,NZ,0,0,0,False,2,False
2015-01,campus_publication,NZ,0,0,0,False,2,False
2015-02,campus_publication,NZ,0,0,0,False,2,False
2015-03,campus_publication,NZ,0,0,0,False,2,False
2015-04,campus_publication,NZ,0,0,0,False,2,False
2015-05,campus_publication,NZ,0,0,0,False,2,False
2015-06,campus_publication,NZ,0,0,0,False,2,False
2015-07,campus_publication,NZ,0,0,0,False,2,False
2015-08,campus_publication,NZ,0,0,0,False,2,False
2015-09,campus_publication,NZ,0,0,0,False,2,False
2015-10,campus_publication,NZ,0,0,0,False,2,False
2015-11,campus_publication,NZ,0,0,0,False,2,False
2015-12,campus_publication,NZ,0,0,0,False,2,False
2016-01,campus_publication,NZ,0,0,0,False,2,False
2016-02,campus_publication,NZ,0,0,0,False,2,False
2016-03,campus_publication,NZ,0,0,0,False,2,False
2016-04,campus_publication,NZ,0,0,0,False,2,False
2016-05,campus_publication,NZ,0,0,0,False,2,False
2016-06,campus_publication,NZ,0,0,0,False,2,False
2016-07,campus_publication,NZ,0,0,0,False,2,False
2016-08,campus_publication,NZ,0,0,0,False,2,False
2016-09,campus_publication,NZ,0,0,0,False,2,False
2016-10,campus_publication,NZ,0,0,0,False,2,False
2016-11,campus_publication,NZ,0,0,0,False,2,False
2016-12,campus_publication,NZ,0,0,0,False,2,False
2017-01,campus_publication,NZ,0,0,0,False,2,False
2017-02,campus_publication,NZ,0,0,0,False,2,False
2017-03,campus_publication,NZ,0,0,0,False,2,False
2017-04,campus_publication,NZ,0,0,0,False,2,False
2017-05,campus_publication,NZ,0,0,0,False,2,False
2017-06,campus_publication,NZ,0,0,0,False,2,False
2017-07,campus_publication,NZ,0,0,0,False,2,False
2017-08,campus_publication,NZ,0,0,0,False,2,False
2017-09,campus_publication,NZ,0,0,0,False,2,False
2017-10,campus_publication,NZ,0,0,0,False,2,False
2017-11,campus_publication,NZ,0,0,0,False,2,False
2017-12,campus_publication,NZ,0,0,0,False,2,False
2018-01,campus_publication,NZ,0,0,0,False,2,False
2018-02,campus_publication,NZ,0,0,0,False,2,False
2018-03,campus_publication,NZ,0,0,0,False,2,False
2018-04,campus_publication,NZ,0,0,0,False,2,False
2018-05,campus_publication,NZ,0,0,0,False,2,False
2018-06,campus_publication,NZ,0,0,0,False,2,False
2018-07,campus_publication,NZ,0,0,0,False,2,False
2018-08,campus_publication,NZ,0,0,0,False,2,False
2018-09,campus_publication,NZ,0,0,0,False,2,False
2018-10,campus_publication,NZ,0,0,0,False,2,False
2018-11,campus_publication,NZ,0,0,0,False,2,False
2018-12,campus_publication,NZ,0,0,0,False,2,False
2019-01,campus_publication,NZ,0,0,0,False,2,False
2019-02,campus_publication,NZ,0,0,0,False,2,False
2019-03,campus_publication,NZ,0,0,0,False,2,False
2019-04,campus_publication,NZ,0,0,0,False,2,False
2019-05,campus_publication,NZ,0,0,0,False,2,False
2019-06,campus_publication,NZ,0,0,0,False,2,False
2019-07,campus_publication,NZ,0,0,0,False,2,False
2019-08,campus_publication,NZ,0,0,0,False,2,False
2019-09,campus_publication,NZ,0,0,0,False,2,False
2019-10,campus_publication,NZ,0,0,0,False,2,False
2019-11,campus_publication,NZ,0,0,0,False,2,False
2019-12,campus_publication,NZ,0,0,0,False,2,False
2020-01,campus_publication,NZ,0,0,0,False,2,False
2020-02,campus_publication,NZ,0,0,0,False,2,False
2020-03,campus_publication,NZ,0,0,0,False,2,False
2020-04,campus_publication,NZ,0,0,0,False,2,False
2020-05,campus_publication,NZ,0,0,0,False,2,False
2020-06,campus_publication,NZ,0,0,0,False,2,False
2020-07,campus_publication,NZ,0,0,0,False,2,False
2020-08,campus_publication,NZ,0,0,0,False,2,False
2020-09,campus_publication,NZ,0,0,0,False,2,False
2020-10,campus_publication,NZ,0,0,0,False,2,False
2020-11,campus_publication,NZ,0,0,0,False,2,False
2020-12,campus_publication,NZ,0,0,0,False,2,False
2021-01,campus_publication,NZ,0,0,0,False,2,False
2021-02,campus_publication,NZ,0,0,0,False,2,False
2021-03,campus_publication,NZ,0,0,0,False,2,False
2021-04,campus_publication,NZ,0,0,0,False,2,False
2021-05,campus_publication,NZ,0,0,0,False,2,False
2021-06,campus_publication,NZ,0,0,0,False,2,False
2021-07,campus_publication,NZ,0,0,0,False,2,False
2021-08,campus_publication,NZ,0,0,0,False,2,False
2021-09,campus_publication,NZ,0,0,0,False,2,False
2021-10,campus_publication,NZ,0,0,0,False,2,False
2021-11,campus_publication,NZ,0,0,0,False,2,False
2021-12,campus_publication,NZ,0,0,0,False,2,False
2022-01,campus_publication,NZ,0,0,0,False,2,False
2022-02,campus_publication,NZ,0,0,0,False,2,False
2022-03,campus_publication,NZ,0,0,0,False,2,False
2022-04,campus_publication,NZ,0,0,0,False,2,False
2022-05,campus_publication,NZ,0,0,0,False,2,False
2022-06,campus_publication,NZ,0,0,0,False,2,False
2022-07,campus_publication,NZ,0,0,0,False,2,False
2022-08,campus_publication,NZ,0,0,0,False,2,False
2022-09,campus_publication,NZ,0,0,0,False,2,False
2022-10,campus_publication,NZ,0,0,0,False,2,False
2022-11,campus_publication,NZ,0,0,0,False,2,False
2022-12,campus_publication,NZ,0,0,0,False,2,False
2023-01,campus_publication,NZ,0,0,0,False,2,False
2023-02,campus_publication,NZ,0,0,0,False,2,False
2023-03,campus_publication,NZ,0,0,0,False,2,False
2023-04,campus_publication,NZ,0,0,0,False,2,False
2023-05,campus_publication,NZ,0,0,0,False,2,False
2023-06,campus_publication,NZ,0,0,0,False,2,False
2023-07,campus_publication,NZ,0,0,0,False,2,False
2023-08,campus_publication,NZ,0,0,0,False,2,False
2023-09,campus_publication,NZ,0,0,0,False,2,False
2023-10,campus_publication,NZ,0,0,0,False,2,False
2023-11,campus_publication,NZ,0,0,0,False,2,False
2023-12,campus_publication,NZ,0,0,0,False,2,False
2024-01,campus_publication,NZ,0,0,0,False,2,False
2024-02,campus_publication,NZ,0,0,0,False,2,False
2024-03,campus_publication,NZ,0,0,0,False,2,False
2024-04,campus_publication,NZ,0,0,0,False,2,False
2024-05,campus_publication,NZ,0,0,0,False,2,False
2024-06,campus_publication,NZ,0,0,0,False,2,False
2024-07,campus_publication,NZ,0,0,0,False,2,False
2024-08,campus_publication,NZ,0,0,0,False,2,False
2024-09,campus_publication,NZ,0,0,0,False,2,False
2024-10,campus_publication,NZ,0,0,0,False,2,False
2024-11,campus_publication,NZ,0,0,0,False,2,False
2024-12,campus_publication,NZ,0,0,0,False,2,False
2025-01,campus_publication,NZ,0,0,0,False,2,False
2025-02,campus_publication,NZ,0,0,0,False,2,False
2025-03,campus_publication,NZ,0,0,0,False,2,False
2025-04,campus_publication,NZ,0,0,0,False,2,False
2025-05,campus_publication,NZ,0,0,0,False,2,False
2025-06,campus_publication,NZ,0,0,0,False,2,False
2025-07,campus_publication,NZ,0,0,0,False,2,False
2025-08,campus_publication,NZ,0,0,0,False,2,False
2025-09,campus_publication,NZ,0,0,0,False,2,False
2025-10,campus_publication,NZ,0,0,0,False,2,False
2025-11,campus_publication,NZ,0,0,0,False,2,False
2025-12,campus_publication,NZ,0,0,0,False,2,False
2026-01,campus_publication,NZ,0,0,0,False,2,False
2026-02,campus_publication,NZ,0,0,0,False,2,False
2026-03,campus_publication,NZ,0,0,0,False,2,False
2026-04,campus_publication,NZ,0,0,0,False,2,False
2026-05,campus_publication,NZ,0,0,0,False,2,False
2026-06,campus_publication,NZ,0,0,0,False,2,False
2026-07,campus_publication,NZ,0,0,0,False,2,False
2026-08,campus_publication,NZ,0,0,0,False,2,False
2026-09,campus_publication,NZ,0,0,0,False,2,True
