request_id,source_id,purpose,source_url,retrieved_at,http_status,transport_state,raw_reference,raw_sha256,stored_sha256,raw_bytes,stored_bytes,content_encoding,mapping_state,mapped_native_return_observations,unresolved_native_return_observations,HTTP_content_type,HTTP_content_length,HTTP_last_modified_literal,HTTP_last_modified_time_basis
001028611d6f7a66e4a5608e,bluesky,content,https://public.api.bsky.app/xrpc/app.bsky.feed.getAuthorFeed?actor=did%3Aplc%3At5pur7eruxfgxy7ynpfrmg2w&limit=100&filter=posts_with_replies&includePins=false&cursor=2025-07-30T21%3A36%3A25.33Z,2026-10-10T07:00:37.605190+00:00,200,saved,work_packages/M1_source_access/27_newspaper_context_recovery_20261008/social_public_api/continuations/20261010_broader_history_four_hour/worker/raw/001028611d6f7a66e4a5608e.bin.gz,2c5b790dc8e8f0b6cce28aaba10e508ee20cbbf1df68ee4656f610a96134494e,38636fe52d2cb9cf4f5ba1b1ff090ed2406e23e15312145ff1f8f0e7ee1ff8de,580293,59726,,loaded_native_returns,101,0,application/json; charset=utf-8,580293,,server_representation_metadata; not native message publication or verified edit time
0017a76ce24c53c1d375e815,lemmy_nz,content,https://lemmy.nz/api/v3/comment/list?type_=Local&sort=Old&limit=50&page=1&post_id=199229,2026-10-10T08:06:21.028572+00:00,200,saved,work_packages/M1_source_access/27_newspaper_context_recovery_20261008/social_public_api/continuations/20261010_broader_history_four_hour/worker/raw/0017a76ce24c53c1d375e815.bin.gz,65d0f18669e9acb56a6762ea1db51a1567e5d8663a7520e07242f7e7edc90135,9c11827fa8b74797e96fb41acf0d43ae7d0edf7c9384b3ca13e6d543b4084859,165464,12955,,loaded_native_returns,100,0,application/json,165464,,server_representation_metadata; not native message publication or verified edit time
00441f929859e3ea762712ce,osm_discourse,content,https://community.openstreetmap.org/t/32430.json,2026-10-10T08:07:17.353669+00:00,200,saved,work_packages/M1_source_access/27_newspaper_context_recovery_20261008/social_public_api/continuations/20261010_broader_history_four_hour/worker/raw/00441f929859e3ea762712ce.bin.gz,560f9518f50d1486ec31d10ae8f6098a591a48044e7c0b4bc23bbb8fcdadb57d,d9e8a855c8d7c2a6db98ab777eaf1c4b46187d84218778cb9176fe0447a16ba7,23254,5228,,loaded_native_returns,6,0,application/json; charset=utf-8,23254,,server_representation_metadata; not native message publication or verified edit time
0080123706ba79154fc11c26,w3_wwwtalk,content,https://lists.w3.org/Archives/Public/www-talk/1992MayJun/0037.html,2026-10-10T06:25:19.564540+00:00,200,saved,work_packages/M1_source_access/27_newspaper_context_recovery_20261008/social_public_api/continuations/20261010_broader_history_four_hour/worker/raw/0080123706ba79154fc11c26.bin.gz,86a1f2331a4bd1b199941b4b2e5c83232e6e7c21f8716206cc3619d895595619,7f0d2730bb537d98d2cd4a0e250b52c5dea6d93a099596eb0d87021cceeaf9a0,2643,1029,,loaded_native_returns,1,0,text/html,,"Mon, 04 Aug 2003 15:50:20 GMT",server_representation_metadata; not native message publication or verified edit time
009aed383be50afbc431a7e2,hackernews,content,https://hacker-news.firebaseio.com/v0/item/143.json,2026-10-10T06:52:41.913635+00:00,200,saved,work_packages/M1_source_access/27_newspaper_context_recovery_20261008/social_public_api/continuations/20261010_broader_history_four_hour/worker/raw/009aed383be50afbc431a7e2.bin.gz,c155fc638d62420ec45cd3a434121122c320ad0ee6c49fd17fd696fa07752b08,f91d543d24e1b8066706a8d2a4939b34ac698ab29f33e2189a25b899aa56a4aa,163,153,,loaded_native_returns,1,0,application/json; charset=utf-8,163,,server_representation_metadata; not native message publication or verified edit time
00c06e8bd61d3ed0247ca7ef,python_discourse,content,https://discuss.python.org/t/705.json,2026-10-10T09:38:33.432018+00:00,200,saved,work_packages/M1_source_access/27_newspaper_context_recovery_20261008/social_public_api/continuations/20261010_broader_history_four_hour/worker/raw/00c06e8bd61d3ed0247ca7ef.bin.gz,6f81f7b9813dad077f514c10aefff38c1ae4432bb3d68d043caef0d6853c52d8,88b2ea1d35a35f6707d60dbe0d19accf11007120431cb666d21ef809af67abc5,17977,4548,,loaded_native_returns,6,0,application/json; charset=utf-8,17977,,server_representation_metadata; not native message publication or verified edit time
00ca864a44fe8f83d20d03f4,tildes,content,https://tildes.net/~games/1r7m/valve_announces_new_hardware_steam_frame_steam_controller_and_steam_machine,2026-10-10T08:37:37.636831+00:00,200,saved,work_packages/M1_source_access/27_newspaper_context_recovery_20261008/social_public_api/continuations/20261010_broader_history_four_hour/worker/raw/00ca864a44fe8f83d20d03f4.bin.gz,5dcc5b7a0c5e6ea72702d40e8b266df99d3c362b0842f84ee639ef5f221a6fc0,59035a5c40b6dbe9a46d7614a1cbf83219ad1e1c7fdf5014076d99c007bcb5b6,310985,43795,,loaded_native_returns,138,0,text/html; charset=UTF-8,310985,,server_representation_metadata; not native message publication or verified edit time
00cf2f41cfc882758d807ba7,bluesky,content,https://public.api.bsky.app/xrpc/app.bsky.feed.getAuthorFeed?actor=did%3Aplc%3Aragtjsm2j2vknwkz3zp4oxrd&limit=100&filter=posts_with_replies&includePins=false&cursor=2023-11-07T02%3A00%3A54.221Z,2026-10-10T07:02:21.758679+00:00,200,saved,work_packages/M1_source_access/27_newspaper_context_recovery_20261008/social_public_api/continuations/20261010_broader_history_four_hour/worker/raw/00cf2f41cfc882758d807ba7.bin.gz,2599575d9aa5bc3e4f351318e2a9e841403da483e4d454b925bd7df268d36a4f,418accb0b3a54891ada9e4a17ebb8f3df69fe3b18184d1386bcff2d14d0f283c,468219,44141,,loaded_native_returns,111,0,application/json; charset=utf-8,468219,,server_representation_metadata; not native message publication or verified edit time
01499be505c2b8b1b4e7f860,tildes,content,https://tildes.net/~talk/162y/not_entirely_sure_how_to_fill_the_void_reddit_has_left,2026-10-10T07:24:42.417970+00:00,200,saved,work_packages/M1_source_access/27_newspaper_context_recovery_20261008/social_public_api/continuations/20261010_broader_history_four_hour/worker/raw/01499be505c2b8b1b4e7f860.bin.gz,df943cca156befcf1db0e75fcbbb90537ac1f9421485d1ce70bc6048d17d45ff,a130a20e0835727af89e5480de1ae3f94d1555f8c5d42b450fd1725c409dfc93,503534,64275,,loaded_native_returns,243,0,text/html; charset=UTF-8,503534,,server_representation_metadata; not native message publication or verified edit time
01a878555d2b867413d878e1,mastodon_uk,content,https://mastodon.me.uk/api/v1/timelines/public?local=true&limit=40&max_id=116159565978136579,2026-10-10T08:10:35.711085+00:00,200,saved,work_packages/M1_source_access/27_newspaper_context_recovery_20261008/social_public_api/continuations/20261010_broader_history_four_hour/worker/raw/01a878555d2b867413d878e1.bin.gz,57ef0c26cef13623a7790878ea3f8325ca492d399e9916f9206f45b03eefa4c8,0b53fa311053702b102e78810fe2827f011be8c3234c065f6f03e6e879eb835b,125441,16591,,loaded_native_returns,40,0,application/json; charset=utf-8,125441,,server_representation_metadata; not native message publication or verified edit time
01d68b39d6c32c2158a42aad,python_discourse,content,https://discuss.python.org/t/590.json,2026-10-10T07:48:59.564754+00:00,200,saved,work_packages/M1_source_access/27_newspaper_context_recovery_20261008/social_public_api/continuations/20261010_broader_history_four_hour/worker/raw/01d68b39d6c32c2158a42aad.bin.gz,925b02e883e0cf869ada36175742d4d0b4b9ef24a1b43b8c1c0074ea24a69003,b98d2cc65040c17711762855ddd5bad184449396768428a6cfc040b52fa3767b,54957,7747,,loaded_native_returns,20,0,application/json; charset=utf-8,54957,,server_representation_metadata; not native message publication or verified edit time
01ef6736e229adfb4ad0aabe,mpls_issues_freedom2_archive,content,https://www.mail-archive.com/search?l=mpls-issues%40freedom2.mtn.org&q=date%3A%5B19880101+TO+20260921%5D+sort%3Aoldest,2026-10-10T06:47:52.064527+00:00,200,saved,work_packages/M1_source_access/27_newspaper_context_recovery_20261008/social_public_api/continuations/20261010_broader_history_four_hour/worker/raw/01ef6736e229adfb4ad0aabe.bin.gz,93b39b2a175f9b13df54268cce201fc40e99f934134236a9951b42149752cda4,b06990f36b3bf67d8da88fd4f391e6fca6e26d25829164767d2970658d77fc57,105805,18930,,loaded_native_returns,0,0,text/html,,,server_representation_metadata; not native message publication or verified edit time
02082b53b9cb6a1cbedf16af,python_list_archive,content,https://mail.python.org/pipermail/python-list/2007-February.txt,2026-10-10T07:10:01.893602+00:00,200,saved,work_packages/M1_source_access/27_newspaper_context_recovery_20261008/social_public_api/continuations/20261010_broader_history_four_hour/worker/raw/02082b53b9cb6a1cbedf16af.bin.gz,dbe809967e36037c846733a8c880903f50cf25eb11babbc37078e5c7ce5e3145,c18a523fbd85ed9d46a293aa7f4cc402872690eac24d86623bbacfe6941590ae,5945049,2220225,,loaded_native_returns,4075,0,text/plain,5945049,"Mon, 28 Oct 2019 01:47:23 GMT",server_representation_metadata; not native message publication or verified edit time
02323e7e5cf4d68437a939d6,mastodon_us,content,https://sfba.social/api/v1/timelines/public?local=true&limit=40&max_id=116881278302855644,2026-10-10T08:49:09.648990+00:00,200,saved,work_packages/M1_source_access/27_newspaper_context_recovery_20261008/social_public_api/continuations/20261010_broader_history_four_hour/worker/raw/02323e7e5cf4d68437a939d6.bin.gz,165ce77ba5249207f25bbac89f971444bee09d7ade0ef9957aa31927b89eb47c,defe2b9863431eeb326496065ed34e3135b3593c1912473002f25fc52e616b1b,153339,25889,,loaded_native_returns,40,0,application/json; charset=utf-8,153339,,server_representation_metadata; not native message publication or verified edit time
0241f6ee8607279f2ce8b72e,osm_discourse,content,https://community.openstreetmap.org/latest.json?ascending=true&no_definitions=true&order=created&page=4&per_page=50,2026-10-10T09:42:49.298327+00:00,200,saved,work_packages/M1_source_access/27_newspaper_context_recovery_20261008/social_public_api/continuations/20261010_broader_history_four_hour/worker/raw/0241f6ee8607279f2ce8b72e.bin.gz,2cbba0333cd48ce4e71109818a99641b94e3876efaa3e0b9bc270174cef95b16,3b98ccea43dc09620dd71561eb53ac0c16baa1041251bc8f0d5168507981eb22,64103,7168,,loaded_native_returns,0,0,application/json; charset=utf-8,64103,,server_representation_metadata; not native message publication or verified edit time
0255462166aa3fb0e83c13a3,w3_wwwtalk,content,https://lists.w3.org/Archives/Public/www-talk/1992MayJun/0067.html,2026-10-10T07:26:55.943663+00:00,200,saved,work_packages/M1_source_access/27_newspaper_context_recovery_20261008/social_public_api/continuations/20261010_broader_history_four_hour/worker/raw/0255462166aa3fb0e83c13a3.bin.gz,5797c56236b4cf5bc3e82ba2eab25846960c6e60263e44fc0cdba7ec4c104c98,b38dfd14ebdc47b5b749ad4e83b2164bf3dd1056da872ad6f279810220f83c92,3001,1256,,loaded_native_returns,1,0,text/html,,"Mon, 04 Aug 2003 15:50:20 GMT",server_representation_metadata; not native message publication or verified edit time
02a9ae90ea7ea23d164091db,dowire_newswire,content,https://www.mail-archive.com/newswire%40groups.dowire.org/mail8.html,2026-10-10T06:35:44.522438+00:00,200,saved,work_packages/M1_source_access/27_newspaper_context_recovery_20261008/social_public_api/continuations/20261010_broader_history_four_hour/worker/raw/02a9ae90ea7ea23d164091db.bin.gz,2b3f86b378a02fd0d1179bcd6dab7605deee7dc4fa67e9410cff6d704b1044f0,f15ed78384558df492775315d181f2063839fe5bb2f271dbf8dce7d149433838,49926,10491,,loaded_native_returns,0,0,text/html; charset=UTF-8,,,server_representation_metadata; not native message publication or verified edit time
02c59187d0e0c3048a062c51,dowire_lists_umn,content,https://www.mail-archive.com/do-wire%40lists.umn.edu/msg00005.html,2026-10-10T06:37:40.001585+00:00,200,saved,work_packages/M1_source_access/27_newspaper_context_recovery_20261008/social_public_api/continuations/20261010_broader_history_four_hour/worker/raw/02c59187d0e0c3048a062c51.bin.gz,a73b377646d8820aa3a17ecddd884d4ac2415e5a246e4ee57ac92ec586cfa297,0a98dfdd596705fab75f4668ab06c4fd72f8e42557a3bf6500de254565bbeb31,11035,4250,,loaded_native_returns,1,0,text/html; charset=utf-8,,,server_representation_metadata; not native message publication or verified edit time
02ce4dc2a22bd313e3e0c8a7,thesession,content,https://thesession.org/discussions/49,2026-10-10T09:38:27.120640+00:00,200,saved,work_packages/M1_source_access/27_newspaper_context_recovery_20261008/social_public_api/continuations/20261010_broader_history_four_hour/worker/raw/02ce4dc2a22bd313e3e0c8a7.bin.gz,e6e65e7ed8f8b00349d1050973536d5bcc8f349d4e80fe93e3f3cdf66acb9ba1,561668d58377531e59f6dfd06cd1d568fa37eba82fa9cb2b2a4a24428f57f31b,59535,13904,,loaded_native_returns,4,0,text/html; charset=utf-8,,,server_representation_metadata; not native message publication or verified edit time
03047b1d9d22a021871d9fdb,osm_discourse,content,https://community.openstreetmap.org/t/32404.json,2026-10-10T07:53:11.131446+00:00,200,saved,work_packages/M1_source_access/27_newspaper_context_recovery_20261008/social_public_api/continuations/20261010_broader_history_four_hour/worker/raw/03047b1d9d22a021871d9fdb.bin.gz,062a21472f2e8744d618aff41c46b8cbbebf1bdf3644568a289690bcc657a0b7,8ad55084eec0f3b1b12ea815e97780411bad5090dff5c4d0420b2ed7a697da95,16383,4244,,loaded_native_returns,3,0,application/json; charset=utf-8,16383,,server_representation_metadata; not native message publication or verified edit time
030f21d8349be977e01bb835,mastodon_us,content,https://sfba.social/api/v1/timelines/public?local=true&limit=40&max_id=116871039714358277,2026-10-10T09:38:17.293947+00:00,200,saved,work_packages/M1_source_access/27_newspaper_context_recovery_20261008/social_public_api/continuations/20261010_broader_history_four_hour/worker/raw/030f21d8349be977e01bb835.bin.gz,f1192605ce3f0a3379b3cabc8915e0fbdd9421695a3ea0e8e113386e53504020,e92cf93b9c8c6d07de9ccc9ade1bdeba6a31fe6cdc8dd8c79e5a41afcc66575b,149689,19367,,loaded_native_returns,40,0,application/json; charset=utf-8,149689,,server_representation_metadata; not native message publication or verified edit time
03906c803a848b0e254ab913,mastodon_us,content,https://sfba.social/api/v1/timelines/public?local=true&limit=40&max_id=116914773844388489,2026-10-10T07:05:49.820292+00:00,200,saved,work_packages/M1_source_access/27_newspaper_context_recovery_20261008/social_public_api/continuations/20261010_broader_history_four_hour/worker/raw/03906c803a848b0e254ab913.bin.gz,a5d3bbee005e4aa4e3c59174e1a6d0a6cb5ab5ba1f9fe28454156e5cbb3d2ea2,2222a7e25a998d61fc91c1e795066af7b28fddd9e76ac25a4c99c7b3cd58d4c1,192677,29138,,loaded_native_returns,40,0,application/json; charset=utf-8,192677,,server_representation_metadata; not native message publication or verified edit time
03cbad65d10101475ce45546,osm_discourse,content,https://community.openstreetmap.org/t/32472.json,2026-10-10T08:33:02.107237+00:00,200,saved,work_packages/M1_source_access/27_newspaper_context_recovery_20261008/social_public_api/continuations/20261010_broader_history_four_hour/worker/raw/03cbad65d10101475ce45546.bin.gz,556b5e981812dbbf608e6c9553eb4d90783e611edb0c2cf8a359089ed7d4917b,4eb8b13177ca125fcdddccbc728e0fff3ec28e043653577883ec42296f5c15c2,18656,4041,,loaded_native_returns,5,0,application/json; charset=utf-8,18656,,server_representation_metadata; not native message publication or verified edit time
03fa26f53258b5dec8bce4f9,bluesky,content,https://public.api.bsky.app/xrpc/app.bsky.feed.getAuthorFeed?actor=did%3Aplc%3At5pur7eruxfgxy7ynpfrmg2w&limit=100&filter=posts_with_replies&includePins=false&cursor=2025-08-01T22%3A43%3A51.937Z,2026-10-10T06:40:33.726675+00:00,200,saved,work_packages/M1_source_access/27_newspaper_context_recovery_20261008/social_public_api/continuations/20261010_broader_history_four_hour/worker/raw/03fa26f53258b5dec8bce4f9.bin.gz,47ae453addac6e72cd1c04e48422d25f16fdfeae0bcb657c2e8d18a0939af8c1,0cdde4d4b14ea653e8e9b47b0aaff6924af53b5f9ab440ff880812a8f0bebcc0,540685,55818,,loaded_native_returns,101,0,application/json; charset=utf-8,540685,,server_representation_metadata; not native message publication or verified edit time
0401f50ea87dbfee1cf78347,mastodon_us,content,https://sfba.social/api/v1/timelines/public?local=true&limit=40&max_id=116890919540094802,2026-10-10T08:24:40.767584+00:00,200,saved,work_packages/M1_source_access/27_newspaper_context_recovery_20261008/social_public_api/continuations/20261010_broader_history_four_hour/worker/raw/0401f50ea87dbfee1cf78347.bin.gz,04fd759e9c32dc4b98fde7705b7130fefcc187a456516090eb1c6bc538c563ac,077485ecd0c77673daabb00cc81706c7b3883c98dd53ab5538368550f6cc16a9,159918,26813,,loaded_native_returns,40,0,application/json; charset=utf-8,159918,,server_representation_metadata; not native message publication or verified edit time
043e88889af9d82cbf4db47d,lemmy_nz,content,https://lemmy.nz/api/v3/comment/list?type_=Local&sort=Old&limit=50&page=2&post_id=178535,2026-10-10T06:36:00.861916+00:00,200,saved,work_packages/M1_source_access/27_newspaper_context_recovery_20261008/social_public_api/continuations/20261010_broader_history_four_hour/worker/raw/043e88889af9d82cbf4db47d.bin.gz,9efdb10c81eaf55dc95e4320d1f02441576a405fb0551d5b8f1905bc0728f854,4fa14da49dc015f30581863a05d74d4091152f4549146526e99de651d5809edf,15,35,,loaded_native_returns,0,0,application/json,15,,server_representation_metadata; not native message publication or verified edit time
04614b8bc44809d2b2ce97fd,w3_wwwtalk,content,https://lists.w3.org/Archives/Public/www-talk/1992JulAug/0029.html,2026-10-10T08:38:26.181659+00:00,200,saved,work_packages/M1_source_access/27_newspaper_context_recovery_20261008/social_public_api/continuations/20261010_broader_history_four_hour/worker/raw/04614b8bc44809d2b2ce97fd.bin.gz,8c26b9177b71032205640133e735f780df0c6ed084c4a22fb4f680137d59ab3a,220edc409058f1ce5cd34dd0e55e94dc16949281f6ec47e81ce6334c354f4ae5,9182,2939,,loaded_native_returns,1,0,text/html,,"Mon, 04 Aug 2003 15:50:19 GMT",server_representation_metadata; not native message publication or verified edit time
0480d65b108a2c9db1af14ed,straight_dope,content,https://boards.straightdope.com/t/712149/posts.json?post_ids%5B%5D=18064993&post_ids%5B%5D=18065035&post_ids%5B%5D=18065067&post_ids%5B%5D=18065081&post_ids%5B%5D=18065884&post_ids%5B%5D=18065898&post_ids%5B%5D=18065903&post_ids%5B%5D=18065962&post_ids%5B%5D=18065966&post_ids%5B%5D=18065993&post_ids%5B%5D=18066059&post_ids%5B%5D=18066303&post_ids%5B%5D=18066373&post_ids%5B%5D=18066413&post_ids%5B%5D=18066536&post_ids%5B%5D=18066607&post_ids%5B%5D=18066738&post_ids%5B%5D=18066803&post_ids%5B%5D=18066882&post_ids%5B%5D=18067388,2026-10-10T09:23:10.622105+00:00,200,saved,work_packages/M1_source_access/27_newspaper_context_recovery_20261008/social_public_api/continuations/20261010_broader_history_four_hour/worker/raw/0480d65b108a2c9db1af14ed.bin.gz,92d3dc92fcb2a7845ecacf92a57d7d9d039ef65cd38f019457ef405b464605c4,d3ef10b49d14aad5561d97b3a89797c2dfe53c4697a7ae7e25aaa21595bc0246,31165,2774,,loaded_native_returns,21,0,application/json; charset=utf-8,31165,,server_representation_metadata; not native message publication or verified edit time
049c02f26b9bea1c2ea43a49,osm_discourse,content,https://community.openstreetmap.org/t/32325.json,2026-10-10T07:04:40.263655+00:00,200,saved,work_packages/M1_source_access/27_newspaper_context_recovery_20261008/social_public_api/continuations/20261010_broader_history_four_hour/worker/raw/049c02f26b9bea1c2ea43a49.bin.gz,21c00201cafbb86629d776411d875574a59bb0c0dc73aa7cb971699918258cc3,2e7d8c4006e01acf1d84e3c35949caa1c2eb5bb8007f7d4b26de2eaa908e7736,15893,3631,,loaded_native_returns,4,0,application/json; charset=utf-8,15893,,server_representation_metadata; not native message publication or verified edit time
050a1f16a00e4717eee32556,hackernews,content,https://hacker-news.firebaseio.com/v0/item/135.json,2026-10-10T06:32:56.222364+00:00,200,saved,work_packages/M1_source_access/27_newspaper_context_recovery_20261008/social_public_api/continuations/20261010_broader_history_four_hour/worker/raw/050a1f16a00e4717eee32556.bin.gz,6c504ecab21b93ddddaae316492a790995a678e93a3f0a025ee925a16990d909,5a8a7565b883b2126f1d0e8782b66b897978103ec6bc85015ec947724888a966,256,215,,loaded_native_returns,1,0,application/json; charset=utf-8,256,,server_representation_metadata; not native message publication or verified edit time
056b1b0cc7982b074ae84eba,w3_wwwtalk,content,https://lists.w3.org/Archives/Public/www-talk/1992JulAug/0031.html,2026-10-10T08:42:03.746072+00:00,200,saved,work_packages/M1_source_access/27_newspaper_context_recovery_20261008/social_public_api/continuations/20261010_broader_history_four_hour/worker/raw/056b1b0cc7982b074ae84eba.bin.gz,722ba417a064229a9fbc750225025339d2244dc241a5bbe5babcb846f245e21d,f01a2fff0925af85ceacd5b1047898434b77005b34f930ef6a74b508d417a79e,22412,6155,,loaded_native_returns,1,0,text/html,,"Mon, 04 Aug 2003 15:50:19 GMT",server_representation_metadata; not native message publication or verified edit time
058587f7cdac10d804328608,mastodon_us,content,https://sfba.social/api/v1/timelines/public?local=true&limit=40&max_id=116927347458021364,2026-10-10T06:22:46.358331+00:00,200,saved,work_packages/M1_source_access/27_newspaper_context_recovery_20261008/social_public_api/continuations/20261010_broader_history_four_hour/worker/raw/058587f7cdac10d804328608.bin.gz,ceae07ebc2901a8f7cd3f9152dd1c3eebdef64f142aacc418d6e106138df7180,7714c42f0c23023c52d63ba56534efaa4a0c3230aba2dc916d88e490ebf10ae5,161338,23096,,loaded_native_returns,40,0,application/json; charset=utf-8,161338,,server_representation_metadata; not native message publication or verified edit time
0590d621c7c4484ccf25b26b,bluesky,content,https://public.api.bsky.app/xrpc/app.bsky.feed.getAuthorFeed?actor=did%3Aplc%3At5pur7eruxfgxy7ynpfrmg2w&limit=100&filter=posts_with_replies&includePins=false&cursor=2025-07-31T22%3A35%3A12.285Z,2026-10-10T06:52:04.626580+00:00,200,saved,work_packages/M1_source_access/27_newspaper_context_recovery_20261008/social_public_api/continuations/20261010_broader_history_four_hour/worker/raw/0590d621c7c4484ccf25b26b.bin.gz,4a53c82ddd54b4b4d25a49c0dcc221ecc58f07d5f3fa59065955d1a1e98a5038,c9fe6c84fa819e6e7e9bc488400a578a07926ece7c48b8a0f14616d1fc48c519,531868,53816,,loaded_native_returns,100,0,application/json; charset=utf-8,531868,,server_representation_metadata; not native message publication or verified edit time
05b24b150479d71235773d64,mastodon_uk,content,https://mastodon.me.uk/api/v1/timelines/public?local=true&limit=40&max_id=116177810843338363,2026-10-10T07:50:30.239318+00:00,200,saved,work_packages/M1_source_access/27_newspaper_context_recovery_20261008/social_public_api/continuations/20261010_broader_history_four_hour/worker/raw/05b24b150479d71235773d64.bin.gz,36d23f762f5af71b8ba0857b4ca3c2d551d2d289dc406b81952ed1cae3d619e4,08382eeb48c48acfb55355f09bada9136b4e78a3865d83ea71585eb3094528f7,135975,20506,,loaded_native_returns,40,0,application/json; charset=utf-8,135975,,server_representation_metadata; not native message publication or verified edit time
060a7660178576f4444657d4,straight_dope,content,https://boards.straightdope.com/t/142/posts.json?post_ids%5B%5D=1187&post_ids%5B%5D=1188&post_ids%5B%5D=1189&post_ids%5B%5D=1190&post_ids%5B%5D=1191&post_ids%5B%5D=1192&post_ids%5B%5D=1193&post_ids%5B%5D=1194&post_ids%5B%5D=1195&post_ids%5B%5D=1196&post_ids%5B%5D=1197&post_ids%5B%5D=1198&post_ids%5B%5D=1199&post_ids%5B%5D=1200&post_ids%5B%5D=1201&post_ids%5B%5D=1202&post_ids%5B%5D=1203&post_ids%5B%5D=1204&post_ids%5B%5D=1205&post_ids%5B%5D=1206,2026-10-10T06:15:42.297507+00:00,200,saved,work_packages/M1_source_access/27_newspaper_context_recovery_20261008/social_public_api/continuations/20261010_broader_history_four_hour/worker/raw/060a7660178576f4444657d4.bin.gz,4d4463c2ecdf666f904fb7a8fc21ba72da64e86051d7820a4df8b620a6d40dff,5d650d12d81393a1aef39081d63243ccd4be1ea294cf4cdc0ff4fa5db813897b,66326,16158,,loaded_native_returns,21,0,application/json; charset=utf-8,66326,,server_representation_metadata; not native message publication or verified edit time
066f38478012d02f5ca00d24,python_list_archive,content,https://mail.python.org/pipermail/python-list/2007-April.txt,2026-10-10T07:13:25.383059+00:00,200,saved,work_packages/M1_source_access/27_newspaper_context_recovery_20261008/social_public_api/continuations/20261010_broader_history_four_hour/worker/raw/066f38478012d02f5ca00d24.bin.gz,440d68f6abc4bf5ea7c6505eb4d18a764f63a0e19da043fbe0dc2e156500931f,d5552c401cce51ffc568b92ca3814ff45f74c20b8cc694c57aa77ed42dacf182,7649252,2869029,,loaded_native_returns,4939,0,text/plain,7649252,"Mon, 28 Oct 2019 01:47:25 GMT",server_representation_metadata; not native message publication or verified edit time
06a8002080a7a97e9ff82ff5,hackernews,content,https://hacker-news.firebaseio.com/v0/item/185.json,2026-10-10T08:17:34.588180+00:00,200,saved,work_packages/M1_source_access/27_newspaper_context_recovery_20261008/social_public_api/continuations/20261010_broader_history_four_hour/worker/raw/06a8002080a7a97e9ff82ff5.bin.gz,776c8fe380ef7673a1ba1ab6f19ebfed65ef0e3fd90dca6950973bdff0475693,42429b9957e8688bd0af8676efdb61315d31f40e83a62d39843539a62fdf1c4c,201,181,,loaded_native_returns,1,0,application/json; charset=utf-8,201,,server_representation_metadata; not native message publication or verified edit time
06b86538312707ed01886672,osm_discourse,content,https://community.openstreetmap.org/t/32319.json,2026-10-10T07:01:00.212558+00:00,200,saved,work_packages/M1_source_access/27_newspaper_context_recovery_20261008/social_public_api/continuations/20261010_broader_history_four_hour/worker/raw/06b86538312707ed01886672.bin.gz,f8d81e309ac0629569f108933d853b6c6e7ba9787826a4ccaf400ee953562834,cc25a2c31e5b593fcf4b738f93c021bd3b42b3ff44a883a7d3b88ed3e270ee2d,15805,3751,,loaded_native_returns,3,0,application/json; charset=utf-8,15805,,server_representation_metadata; not native message publication or verified edit time
06e6d23b9dfdd8a5b0606eec,python_list_archive,content,https://mail.python.org/pipermail/python-list/2011-May.txt,2026-10-10T09:25:54.769481+00:00,200,saved,work_packages/M1_source_access/27_newspaper_context_recovery_20261008/social_public_api/continuations/20261010_broader_history_four_hour/worker/raw/06e6d23b9dfdd8a5b0606eec.bin.gz,56bf41593fb502138337be570659eca3692a8a5039041d4d31a2e33c888c466c,0e96af91ad76302f8fe9e3036dde10772bf75f45ab8207637b0e3005b9bbcb4c,8566811,2309322,,loaded_native_returns,5040,0,text/plain,8566811,"Mon, 28 Oct 2019 10:11:18 GMT",server_representation_metadata; not native message publication or verified edit time
06f541a37752d1ede717d156,straight_dope,content,https://boards.straightdope.com/t/1025298/posts.json?post_ids%5B%5D=25856209&post_ids%5B%5D=25856310&post_ids%5B%5D=25856315&post_ids%5B%5D=25856343&post_ids%5B%5D=25856344&post_ids%5B%5D=25856367&post_ids%5B%5D=25856496&post_ids%5B%5D=25856534&post_ids%5B%5D=25856579&post_ids%5B%5D=25856581&post_ids%5B%5D=25856832&post_ids%5B%5D=25856836&post_ids%5B%5D=25856852&post_ids%5B%5D=25856878&post_ids%5B%5D=25856903&post_ids%5B%5D=25856920&post_ids%5B%5D=25856925&post_ids%5B%5D=25856968&post_ids%5B%5D=25857011&post_ids%5B%5D=25857235,2026-10-10T07:40:25.949323+00:00,200,saved,work_packages/M1_source_access/27_newspaper_context_recovery_20261008/social_public_api/continuations/20261010_broader_history_four_hour/worker/raw/06f541a37752d1ede717d156.bin.gz,d286365606629420c8ec850b5dfeadb53b33e659cb0047185ea5a9ac64d577e2,596463c24e01ffbdcb64c513d5c1f5961dfbef6711429ea7b3d408f2adf90aa2,88070,19261,,loaded_native_returns,21,0,application/json; charset=utf-8,88070,,server_representation_metadata; not native message publication or verified edit time
0715fb56bf2d507580bed230,mastodon_us,content,https://sfba.social/api/v1/timelines/public?local=true&limit=40&max_id=116894029471319937,2026-10-10T08:12:41.981138+00:00,200,saved,work_packages/M1_source_access/27_newspaper_context_recovery_20261008/social_public_api/continuations/20261010_broader_history_four_hour/worker/raw/0715fb56bf2d507580bed230.bin.gz,29473fb704268dafc7cd68c059005f9f62472f7565658da809bb64db0bcea2fc,742ba8035f104b90479f73a7cccee0ded6d3dbadadd02ff61d4aa3da6b37d3af,144954,22630,,loaded_native_returns,40,0,application/json; charset=utf-8,144954,,server_representation_metadata; not native message publication or verified edit time
071f2444ab077387b8b84425,tildes,content,https://tildes.net/~tech/187q/youtube_is_testing_a_three_strikes_policy_for_ad_blocking,2026-10-10T08:48:42.029997+00:00,200,saved,work_packages/M1_source_access/27_newspaper_context_recovery_20261008/social_public_api/continuations/20261010_broader_history_four_hour/worker/raw/071f2444ab077387b8b84425.bin.gz,ee5b7fe9272169a4fd805eb175e42c11cbf69532e6b925522cee2fe6102b29cb,204d90866b115428bb5bbc2a001a9ecc531509d7319ac89d67f3eb0d610e6625,822812,112439,,loaded_native_returns,368,0,text/html; charset=UTF-8,822812,,server_representation_metadata; not native message publication or verified edit time
072c4a631c455271bc91f6a0,python_list_archive,content,https://mail.python.org/pipermail/python-list/2010-May.txt,2026-10-10T08:33:17.974623+00:00,200,saved,work_packages/M1_source_access/27_newspaper_context_recovery_20261008/social_public_api/continuations/20261010_broader_history_four_hour/worker/raw/072c4a631c455271bc91f6a0.bin.gz,5d763db254ec1912504816491d553dd028531b8e88b10e0e9fe2ae49461668e0,4b97f0b3296761838a32189b6a3cc6156e2b20ee887d1ed678227a165c917aca,8750869,2342381,,loaded_native_returns,4938,0,text/plain,8750869,"Mon, 28 Oct 2019 10:06:16 GMT",server_representation_metadata; not native message publication or verified edit time
07383926234857ab2811d3d6,python_list_archive,content,https://mail.python.org/pipermail/python-list/2004-July.txt,2026-10-10T06:05:09.472226+00:00,200,saved,work_packages/M1_source_access/27_newspaper_context_recovery_20261008/social_public_api/continuations/20261010_broader_history_four_hour/worker/raw/07383926234857ab2811d3d6.bin.gz,5d0ea80c44c2486215b70dde05033487b86e28c880b7d85701edffac1fa54185,aff2a0f34ccf1fc9b50e0fb7cb62cbdf52682aa8282d4a5bfccce8911238b24d,6166179,2400271,,loaded_native_returns,4237,0,text/plain,6166179,"Sun, 27 Oct 2019 22:26:16 GMT",server_representation_metadata; not native message publication or verified edit time
0740bdaa8ed6a25d08261135,mastodon_us,content,https://sfba.social/api/v1/timelines/public?local=true&limit=40&max_id=116923047219669550,2026-10-10T06:36:20.958220+00:00,200,saved,work_packages/M1_source_access/27_newspaper_context_recovery_20261008/social_public_api/continuations/20261010_broader_history_four_hour/worker/raw/0740bdaa8ed6a25d08261135.bin.gz,7acc468a58bb328c210b18d176f780ee3b124aef3258e3d05ac77970ff9873d0,2df579d7a6c8ae249f59598dac322fcef3422efeb597a383d732eb0246e03e31,164748,20064,,loaded_native_returns,40,0,application/json; charset=utf-8,164748,,server_representation_metadata; not native message publication or verified edit time
0752bd81921c9bba49ecc03f,hackernews,content,https://hacker-news.firebaseio.com/v0/item/150.json,2026-10-10T07:06:28.217238+00:00,200,saved,work_packages/M1_source_access/27_newspaper_context_recovery_20261008/social_public_api/continuations/20261010_broader_history_four_hour/worker/raw/0752bd81921c9bba49ecc03f.bin.gz,ab3ac3776bb2532500df420268a43b814d4cddafdb406ccbbc0914e76532355b,11f7085301c37f7f3a81e5dc65b80f2cbe24047d93172a498fa5ccfcb777f276,164,148,,loaded_native_returns,1,0,application/json; charset=utf-8,164,,server_representation_metadata; not native message publication or verified edit time
07d7e8f8cdca7c55e3b84ba8,lemmy_nz,content,https://lemmy.nz/api/v3/comment/list?type_=Local&sort=Old&limit=50&page=2&post_id=179974,2026-10-10T06:56:02.713438+00:00,200,saved,work_packages/M1_source_access/27_newspaper_context_recovery_20261008/social_public_api/continuations/20261010_broader_history_four_hour/worker/raw/07d7e8f8cdca7c55e3b84ba8.bin.gz,9efdb10c81eaf55dc95e4320d1f02441576a405fb0551d5b8f1905bc0728f854,4fa14da49dc015f30581863a05d74d4091152f4549146526e99de651d5809edf,15,35,,loaded_native_returns,0,0,application/json,15,,server_representation_metadata; not native message publication or verified edit time
07f3c2af7cf8217a11024e72,python_list_archive,content,https://mail.python.org/pipermail/python-list/2008-August.txt,2026-10-10T07:47:27.973989+00:00,200,saved,work_packages/M1_source_access/27_newspaper_context_recovery_20261008/social_public_api/continuations/20261010_broader_history_four_hour/worker/raw/07f3c2af7cf8217a11024e72.bin.gz,e92b293f4135b12dbd003af278f43aaccfdbb3b186a578bbf1ba41a11e72febd,3f24c09ef1bf58a553f3a00013c898f16ae1076f47d3a3cfb48baabacbd2617a,12766436,4910609,,loaded_native_returns,8186,0,text/plain,12766436,"Mon, 28 Oct 2019 09:52:27 GMT",server_representation_metadata; not native message publication or verified edit time
080efe2abfd6ebf0c0ad14c1,thesession,content,https://thesession.org/discussions/47,2026-10-10T09:35:44.453252+00:00,200,saved,work_packages/M1_source_access/27_newspaper_context_recovery_20261008/social_public_api/continuations/20261010_broader_history_four_hour/worker/raw/080efe2abfd6ebf0c0ad14c1.bin.gz,e8a80801e79b327bb4c74bc088acaffcc6877ed6dc8308b6a683289bdb78c9d5,e26d59e453086f1c290f47d138d48cd826cccb6561938b4d6848d93092f75852,55951,13164,,loaded_native_returns,2,0,text/html; charset=utf-8,,,server_representation_metadata; not native message publication or verified edit time
082ff4bde44f0e74da2857b8,python_list_archive,content,https://mail.python.org/pipermail/python-list/2009-September.txt,2026-10-10T08:17:46.168852+00:00,200,saved,work_packages/M1_source_access/27_newspaper_context_recovery_20261008/social_public_api/continuations/20261010_broader_history_four_hour/worker/raw/082ff4bde44f0e74da2857b8.bin.gz,54c51988e31f7fb87a8dd4eb583756ca4acfa6ef47957c47bc3fffcd9c418e6b,65276e98c0924797c3c5a50e892521892fe756cc7eb22757770857bf86c6e934,10126508,2829915,,loaded_native_returns,6218,0,text/plain,10126508,"Mon, 28 Oct 2019 10:00:51 GMT",server_representation_metadata; not native message publication or verified edit time
0871ccf3ba5b3f6d77b0fc68,mastodon_au,content,https://aus.social/api/v1/timelines/public?local=true&limit=40&max_id=116928560235306571,2026-10-10T07:50:35.759707+00:00,200,saved,work_packages/M1_source_access/27_newspaper_context_recovery_20261008/social_public_api/continuations/20261010_broader_history_four_hour/worker/raw/0871ccf3ba5b3f6d77b0fc68.bin.gz,200725266f2741f8de1e6b780ca9f2baea5477528c17a071b02074d65aeb2030,368a2e8c2f798547d71bc912e6d5de06c5d47f7c8106d17855178faa019efa01,145270,25001,,loaded_native_returns,40,0,application/json; charset=utf-8,145270,,server_representation_metadata; not native message publication or verified edit time
08a1c979d5c088de5540afcb,lemmy_nz,content,https://lemmy.nz/api/v3/comment/list?type_=Local&sort=Old&limit=50&page=1&post_id=210300,2026-10-10T08:48:48.176555+00:00,200,saved,work_packages/M1_source_access/27_newspaper_context_recovery_20261008/social_public_api/continuations/20261010_broader_history_four_hour/worker/raw/08a1c979d5c088de5540afcb.bin.gz,716617bba6ab8b1bcc4f3ed7d848c3025e51f38e7244bd332a839a12a0e8f9b9,cc1a4761f959a1b23f08ae88ce55f7a685d6883758348d8aab99e3e6feca18df,13348,2215,,loaded_native_returns,10,0,application/json,13348,,server_representation_metadata; not native message publication or verified edit time
08bf45c549d715ef1e8ff906,e_democracy_archival,policy,https://archive.org/about/terms.php,,302,http_stop,,,,,,,transport_stop_no_raw_payload,0,0,,,,server_representation_metadata; not native message publication or verified edit time
09075bcb6802edba7a6ddd83,dowire_lists_umn,content,https://www.mail-archive.com/do-wire%40lists.umn.edu/msg00003.html,2026-10-10T06:35:37.351255+00:00,200,saved,work_packages/M1_source_access/27_newspaper_context_recovery_20261008/social_public_api/continuations/20261010_broader_history_four_hour/worker/raw/09075bcb6802edba7a6ddd83.bin.gz,9812b9f36af61e5145326b93ea4cc8da7aee593d7e33c28a0b45caf0c2df77c3,b51ea352babd0fa68c911b0ef41df54657493677264390d97a18913085eb0fe1,11180,4358,,loaded_native_returns,1,0,text/html; charset=utf-8,,,server_representation_metadata; not native message publication or verified edit time
094ff1cfe2d289639fcf9853,hackernews,content,https://hacker-news.firebaseio.com/v0/item/189.json,2026-10-10T08:25:25.181429+00:00,200,saved,work_packages/M1_source_access/27_newspaper_context_recovery_20261008/social_public_api/continuations/20261010_broader_history_four_hour/worker/raw/094ff1cfe2d289639fcf9853.bin.gz,a43012fe560989f9f618defc7d85e7fb67688f62cd5e6bcdeea9d8e19d74b4e7,90630762050355e5d18d4332adf1e251f6d4107b79050fc9c4b39fb7057cbd4b,261,213,,loaded_native_returns,1,0,application/json; charset=utf-8,261,,server_representation_metadata; not native message publication or verified edit time
0968003f925b4b99bbbaa791,lemmy_nz,content,https://lemmy.nz/api/v3/comment/list?type_=Local&sort=Old&limit=50&page=1&post_id=178540,2026-10-10T06:38:05.986177+00:00,200,saved,work_packages/M1_source_access/27_newspaper_context_recovery_20261008/social_public_api/continuations/20261010_broader_history_four_hour/worker/raw/0968003f925b4b99bbbaa791.bin.gz,268a18b411a5862e512291594413268e5830f3eff3ebed5a5e68b3107c490c4c,d544b8a8d6b1131d4e68996eacf4b16bf1c48c75f2441bd4d40f6aba83ea51f4,8948,1836,,loaded_native_returns,6,0,application/json,8948,,server_representation_metadata; not native message publication or verified edit time
097a374b6d3cbef6b134fbaf,mastodon_us,content,https://sfba.social/api/v1/timelines/public?local=true&limit=40&max_id=116884247936539304,2026-10-10T08:40:00.810395+00:00,200,saved,work_packages/M1_source_access/27_newspaper_context_recovery_20261008/social_public_api/continuations/20261010_broader_history_four_hour/worker/raw/097a374b6d3cbef6b134fbaf.bin.gz,464d83f446d6d533c4c22d39cc32bbab6725d25efe9122600ddf35affaa153a8,8f142f414d8765d86df3cd17f949aa2ed0cd1e374abda3ea4f170a789220677f,158627,19710,,loaded_native_returns,40,0,application/json; charset=utf-8,158627,,server_representation_metadata; not native message publication or verified edit time
09ad7c40eb34eb22b73332d9,lemmy_nz,content,https://lemmy.nz/api/v3/comment/list?type_=Local&sort=Old&limit=50&page=1&post_id=178971,2026-10-10T06:42:06.998592+00:00,200,saved,work_packages/M1_source_access/27_newspaper_context_recovery_20261008/social_public_api/continuations/20261010_broader_history_four_hour/worker/raw/09ad7c40eb34eb22b73332d9.bin.gz,312d2bed65b855b4868323ddb1ae3f9f004c37398d976395b0571c4dc9fc0fb6,5c76c1f27a76c319886decb5144124e95315753f2c975585e1088810a4b14b44,7462,1804,,loaded_native_returns,6,0,application/json,7462,,server_representation_metadata; not native message publication or verified edit time
09cece817d2b9e776270e474,mastodon_us,content,https://sfba.social/api/v1/timelines/public?local=true&limit=40&max_id=116869857837138873,2026-10-10T09:42:25.144357+00:00,200,saved,work_packages/M1_source_access/27_newspaper_context_recovery_20261008/social_public_api/continuations/20261010_broader_history_four_hour/worker/raw/09cece817d2b9e776270e474.bin.gz,2683e902309a49ba2b4dd9b0ce2418cbd88f4a5d82ab359f95df7dedf01ce3c6,4d1b175a08cdd360c41df16a203efba4b8308e4ba8003d6ca12a2f4a8bcef6bc,149069,24149,,loaded_native_returns,40,0,application/json; charset=utf-8,149069,,server_representation_metadata; not native message publication or verified edit time
09ee9c6b66b9912f5716e2bf,python_discourse,content,https://discuss.python.org/t/672/posts.json?post_ids%5B%5D=4719&post_ids%5B%5D=4720&post_ids%5B%5D=4728&post_ids%5B%5D=4729&post_ids%5B%5D=4730&post_ids%5B%5D=4735&post_ids%5B%5D=4736&post_ids%5B%5D=4739&post_ids%5B%5D=4759&post_ids%5B%5D=4776&post_ids%5B%5D=4819&post_ids%5B%5D=4857&post_ids%5B%5D=5056,2026-10-10T09:29:45.360935+00:00,200,saved,work_packages/M1_source_access/27_newspaper_context_recovery_20261008/social_public_api/continuations/20261010_broader_history_four_hour/worker/raw/09ee9c6b66b9912f5716e2bf.bin.gz,d57714c7e877eb18dddbdf13e5ec63023226c544564523ba6173608d99dec88f,79659ed30d2a6a38ff95c5131ae76f537a9524ab67343ecc84d795ea45dcc84c,32315,5325,,loaded_native_returns,14,0,application/json; charset=utf-8,32315,,server_representation_metadata; not native message publication or verified edit time
09f730e21b748eb19c240fc1,e_democracy_archival,source_metadata,https://web.archive.org/web/20230921222533/http://forums.e-democracy.org/groups/mpls/messages/topics.html,2026-10-10T07:08:18.496388+00:00,200,saved,work_packages/M1_source_access/27_newspaper_context_recovery_20261008/social_public_api/continuations/20261010_broader_history_four_hour/worker/raw/09f730e21b748eb19c240fc1.bin.gz,2df4975eb689bbc46b00224939d17467a920a21c10a695c94d2447587da20638,e5252cceebd0c5b4c75a35af68cf08aa8dc6100ed293504a5a46e84f500b522e,43486,8977,,noncontent_access_policy_or_frame_metadata,0,0,text/html; charset=UTF-8,,,server_representation_metadata; not native message publication or verified edit time
09fb581961ae741e614623fc,mastodon_uk,content,https://mastodon.me.uk/api/v1/timelines/public?local=true&limit=40&max_id=116126977468270380,2026-10-10T08:47:06.361843+00:00,200,saved,work_packages/M1_source_access/27_newspaper_context_recovery_20261008/social_public_api/continuations/20261010_broader_history_four_hour/worker/raw/09fb581961ae741e614623fc.bin.gz,e875e6fda184b8b85ce92a1848a6932cd2bed9f51146621914867708cfe18802,148cadcf4d18dc05e157bf962ff6f47d91e46c92b07f7749d180d80018f5156d,133939,19664,,loaded_native_returns,40,0,application/json; charset=utf-8,133939,,server_representation_metadata; not native message publication or verified edit time
0a017c86959e316861339fe3,thesession,content,https://thesession.org/discussions/4,2026-10-10T07:48:48.596452+00:00,200,saved,work_packages/M1_source_access/27_newspaper_context_recovery_20261008/social_public_api/continuations/20261010_broader_history_four_hour/worker/raw/0a017c86959e316861339fe3.bin.gz,b5106bfd694f5d9aa26287578f8552429376bacb37ae9a0c0436dfab755fb6eb,98da0f8196492ec4de9e5e7a8a837bd5197a0c0826a0246ef4ce71e64d5dc11b,61051,14246,,loaded_native_returns,5,0,text/html; charset=utf-8,,,server_representation_metadata; not native message publication or verified edit time
0a44422c2da57c4bcd6a36af,mastodon_us,content,https://sfba.social/api/v1/timelines/public?local=true&limit=40&max_id=116877822282429599,2026-10-10T09:26:40.049664+00:00,200,saved,work_packages/M1_source_access/27_newspaper_context_recovery_20261008/social_public_api/continuations/20261010_broader_history_four_hour/worker/raw/0a44422c2da57c4bcd6a36af.bin.gz,2278513ff0bf6a1cb8799d121b95a8e5baf74c265eeba98ac2412ed5d5430189,bc0ab7ca6238002c7539b6c59336756419c69c16113a3b32e6df52a04992f93d,165551,23511,,loaded_native_returns,40,0,application/json; charset=utf-8,165551,,server_representation_metadata; not native message publication or verified edit time
0a5e0c51cb710ba9741966ec,mastodon_us,content,https://sfba.social/api/v1/timelines/public?local=true&limit=40&max_id=116930026915448407,2026-10-10T06:15:19.262989+00:00,200,saved,work_packages/M1_source_access/27_newspaper_context_recovery_20261008/social_public_api/continuations/20261010_broader_history_four_hour/worker/raw/0a5e0c51cb710ba9741966ec.bin.gz,40bc39838f42842ee1068e91f5bc78c65b98af79f84c547cac1a25b0c5588f2d,7288eb46eb218ccafb5fafdaad13fe1e37772aeca3540f98b7a87b02cf32330d,168765,23914,,loaded_native_returns,40,0,application/json; charset=utf-8,168765,,server_representation_metadata; not native message publication or verified edit time
0a7d4d3db091f7c9e5381697,python_list_archive,content,https://mail.python.org/pipermail/python-list/2011-April.txt,2026-10-10T09:24:36.205608+00:00,200,saved,work_packages/M1_source_access/27_newspaper_context_recovery_20261008/social_public_api/continuations/20261010_broader_history_four_hour/worker/raw/0a7d4d3db091f7c9e5381697.bin.gz,816f9a6f3b9e8c8a3c4a626d974865159fc0d824973a9af06655795ae078db85,ea8b969f41b87e600d290c2d836f8d04e5768c397da64af952045aa753dc3793,6669167,1804220,,loaded_native_returns,4226,0,text/plain,6669167,"Mon, 28 Oct 2019 10:10:58 GMT",server_representation_metadata; not native message publication or verified edit time
0a9b220d1102fcd2c474c84a,python_discourse,content,https://discuss.python.org/t/446.json,2026-10-10T06:30:40.998001+00:00,200,saved,work_packages/M1_source_access/27_newspaper_context_recovery_20261008/social_public_api/continuations/20261010_broader_history_four_hour/worker/raw/0a9b220d1102fcd2c474c84a.bin.gz,32cfa439cc28203c91f2160e31284e38acf080dc10d1c4eb0fa2f774d8585ec4,47ef6f576d4e2c148a4f5cd2f85b63f74660ca2c588b58ece387492efdd97e2c,25506,4410,,loaded_native_returns,9,0,application/json; charset=utf-8,25506,,server_representation_metadata; not native message publication or verified edit time
0ad18191483cc50d4d1c9bf1,thesession,content,https://thesession.org/discussions/48,2026-10-10T09:37:05.700158+00:00,200,saved,work_packages/M1_source_access/27_newspaper_context_recovery_20261008/social_public_api/continuations/20261010_broader_history_four_hour/worker/raw/0ad18191483cc50d4d1c9bf1.bin.gz,9d4e2bfc436313f7269aa742c8e32ada4bdbfc867caa4f1baceb2eedf477c29b,dd9a97304605c766eef01208efd48a40466122be73c0017adb82982cab03dffd,59122,13650,,loaded_native_returns,4,0,text/html; charset=utf-8,,,server_representation_metadata; not native message publication or verified edit time
0b2a6874b251b00e985ff11b,mastodon_au,content,https://aus.social/api/v1/timelines/public?local=true&limit=40&max_id=116932192543122681,2026-10-10T07:42:02.982597+00:00,200,saved,work_packages/M1_source_access/27_newspaper_context_recovery_20261008/social_public_api/continuations/20261010_broader_history_four_hour/worker/raw/0b2a6874b251b00e985ff11b.bin.gz,8e253282118d27b60aa45836ae110adeb6807439c5224b96c844fb3c6af95494,abc6cf1ff89342a5996000b53af9708ddfcdaa5e4a6bcf02917ce5f687e96681,139095,26135,,loaded_native_returns,40,0,application/json; charset=utf-8,139095,,server_representation_metadata; not native message publication or verified edit time
0bb959119400eb053dd69fb8,osm_discourse,content,https://community.openstreetmap.org/t/32266.json,2026-10-10T06:29:16.959248+00:00,200,saved,work_packages/M1_source_access/27_newspaper_context_recovery_20261008/social_public_api/continuations/20261010_broader_history_four_hour/worker/raw/0bb959119400eb053dd69fb8.bin.gz,a45843246e9f5fe010e4752c1a2d489c176d262bbe2171cc58c90465194bf946,a682a49c218de3a20efe20de4da0d7093d4750a6282785203d248a5dc1c04a60,19109,4409,,loaded_native_returns,5,0,application/json; charset=utf-8,19109,,server_representation_metadata; not native message publication or verified edit time
0be236de8e18a0927b9912bf,tildes,content,https://tildes.net/~sports.baseball/1w4n/comerica_park_will_be_renamed_to_fifth_third_park_starting_in_2027,2026-10-10T07:03:41.844554+00:00,200,saved,work_packages/M1_source_access/27_newspaper_context_recovery_20261008/social_public_api/continuations/20261010_broader_history_four_hour/worker/raw/0be236de8e18a0927b9912bf.bin.gz,936b62721189e54bf9bcb274afbf44a79f0b2d93dc82e743476156198c49479a,181eee72e83a942c93384dc674536f59a718f1fc4a32f2807cbd72280108aa93,39159,5994,,loaded_native_returns,17,0,text/html; charset=UTF-8,39159,,server_representation_metadata; not native message publication or verified edit time
0c0e2258e732cc9d0f6ccd9b,lemmy_nz,content,https://lemmy.nz/api/v3/comment/list?type_=Local&sort=Old&limit=50&page=1&post_id=195708,2026-10-10T08:04:11.657718+00:00,200,saved,work_packages/M1_source_access/27_newspaper_context_recovery_20261008/social_public_api/continuations/20261010_broader_history_four_hour/worker/raw/0c0e2258e732cc9d0f6ccd9b.bin.gz,9efdb10c81eaf55dc95e4320d1f02441576a405fb0551d5b8f1905bc0728f854,4fa14da49dc015f30581863a05d74d4091152f4549146526e99de651d5809edf,15,35,,loaded_native_returns,0,0,application/json,15,,server_representation_metadata; not native message publication or verified edit time
0c252d6fb8875aa96d767353,w3_wwwtalk,content,https://lists.w3.org/Archives/Public/www-talk/1992JulAug/0035.html,2026-10-10T08:49:28.380225+00:00,200,saved,work_packages/M1_source_access/27_newspaper_context_recovery_20261008/social_public_api/continuations/20261010_broader_history_four_hour/worker/raw/0c252d6fb8875aa96d767353.bin.gz,a912215578f5f29116fd4e925de05b29eb459a36dfd5484d152320e00b80910e,276a6c97bc8d2bddc27f6830c6944f88400a9941047a76b088c4bdf6412b329f,2146,879,,loaded_native_returns,1,0,text/html,,"Mon, 04 Aug 2003 15:50:19 GMT",server_representation_metadata; not native message publication or verified edit time
0c41fbac8343da34bacd0e09,dowire_civic_archive,source_metadata,https://www.mail-archive.com/newswire%40groups.dowire.org/msg01894.html,2026-10-10T06:18:48.181987+00:00,200,saved,work_packages/M1_source_access/27_newspaper_context_recovery_20261008/social_public_api/continuations/20261010_broader_history_four_hour/worker/raw/0c41fbac8343da34bacd0e09.bin.gz,d7aa78e012966bcc85860233a1a9f4c968ac4b53769ca657e1f22e4d9fce3da3,631f1f32393511c79cc03c209f8cddb600cc427a460f3308aa85c335f67b2ae8,23331,9272,,noncontent_access_policy_or_frame_metadata,0,0,text/html; charset=utf-8,,,server_representation_metadata; not native message publication or verified edit time
0c43977792a39df49a08ff80,python_list_archive,content,https://mail.python.org/pipermail/python-list/2008-September.txt,2026-10-10T07:49:34.299099+00:00,200,saved,work_packages/M1_source_access/27_newspaper_context_recovery_20261008/social_public_api/continuations/20261010_broader_history_four_hour/worker/raw/0c43977792a39df49a08ff80.bin.gz,0dfef509ebc00115f34c0ebbfbe4fe4eef6621af1927d8de56768417657a74a3,a6ff99e547acbc5f8f36cb947261c7ea41e26520291370d1145067853623151c,12607712,4706205,,loaded_native_returns,7650,0,text/plain,12607712,"Mon, 28 Oct 2019 09:52:28 GMT",server_representation_metadata; not native message publication or verified edit time
0c62618e075b098eee83b969,w3_wwwtalk,content,https://lists.w3.org/Archives/Public/www-talk/1992JulAug/0005.html,2026-10-10T07:51:00.375899+00:00,200,saved,work_packages/M1_source_access/27_newspaper_context_recovery_20261008/social_public_api/continuations/20261010_broader_history_four_hour/worker/raw/0c62618e075b098eee83b969.bin.gz,201f525f6b7d78acb783217aefe4b5ad31be422ddebaf941ca5331c7b9fea077,6f3def1f90c9f7498450628d469738044779ae5dea5fde014763c66fb95eb63f,4248,1705,,loaded_native_returns,1,0,text/html,,"Mon, 04 Aug 2003 15:50:19 GMT",server_representation_metadata; not native message publication or verified edit time
0c6590f2e840cdd22a98d3b9,python_discourse,content,https://discuss.python.org/t/487.json,2026-10-10T06:54:34.775739+00:00,200,saved,work_packages/M1_source_access/27_newspaper_context_recovery_20261008/social_public_api/continuations/20261010_broader_history_four_hour/worker/raw/0c6590f2e840cdd22a98d3b9.bin.gz,9366ec558cf6194dc9d7e3f095d2c3dae67d36b78e56400d28ce1ea10c48e95c,6f9d89aab041fb7958ef9a4193efd0e21eadb5f4f828158eaf0d6f10948a94d1,41361,8917,,loaded_native_returns,11,0,application/json; charset=utf-8,41361,,server_representation_metadata; not native message publication or verified edit time
0c785ef5db0f0735fbcfbe27,mpls_issues_freedom2_archive,source_metadata,https://www.mail-archive.com/mpls-issues@freedom2.mtn.org/mail5.html,2026-10-10T06:34:51.363981+00:00,200,saved,work_packages/M1_source_access/27_newspaper_context_recovery_20261008/social_public_api/continuations/20261010_broader_history_four_hour/worker/raw/0c785ef5db0f0735fbcfbe27.bin.gz,fc654399685bd3868e7f2623fe104b3d8ffd5f9fc5e16acc182400a573e34b9f,2e0e510eb35ee31c4baef67934786e8fe0df44ef88ab7ef0987d5f89d1032015,39707,5931,,noncontent_access_policy_or_frame_metadata,0,0,text/html; charset=UTF-8,,,server_representation_metadata; not native message publication or verified edit time
0cc8b6a0dc808162bceaa690,hackernews,content,https://hacker-news.firebaseio.com/v0/item/192.json,2026-10-10T08:31:20.555014+00:00,200,saved,work_packages/M1_source_access/27_newspaper_context_recovery_20261008/social_public_api/continuations/20261010_broader_history_four_hour/worker/raw/0cc8b6a0dc808162bceaa690.bin.gz,c709db7d8220c014b9fa33113483c873f6a864445d5ec0d88a023aadce01a273,c6b34741c784d00c4f65a1cc92a5b2139fc276ad88cc67a72c5e085d6332a524,178,159,,loaded_native_returns,1,0,application/json; charset=utf-8,178,,server_representation_metadata; not native message publication or verified edit time
0cdbd5fa2330e721a178b42d,python_discourse,content,https://discuss.python.org/t/669.json,2026-10-10T09:25:33.446797+00:00,200,saved,work_packages/M1_source_access/27_newspaper_context_recovery_20261008/social_public_api/continuations/20261010_broader_history_four_hour/worker/raw/0cdbd5fa2330e721a178b42d.bin.gz,0fe8bdada8b29cb8027b1f3497ef06c549c20fd83a0ece9e77fa5fd536761fb5,604fe182e8d6655b366ef6b3c054e241787bcc529432b11e79696978a1ac1b39,42500,6137,,loaded_native_returns,16,0,application/json; charset=utf-8,42500,,server_representation_metadata; not native message publication or verified edit time
0d7458945ff4ebc5a2201d44,mastodon_us,content,https://sfba.social/api/v1/timelines/public?local=true&limit=40&max_id=116898792665530996,2026-10-10T07:56:19.350787+00:00,200,saved,work_packages/M1_source_access/27_newspaper_context_recovery_20261008/social_public_api/continuations/20261010_broader_history_four_hour/worker/raw/0d7458945ff4ebc5a2201d44.bin.gz,ddde5e0fb2985a62ce1c6785080ad2582451210f4b2a11ac302c4226543b0dc2,47d83a98b5f190c3c1db0b8bd92ed752e897f26f8fe39dd33b0fd356c944f76b,183608,25608,,loaded_native_returns,40,0,application/json; charset=utf-8,183608,,server_representation_metadata; not native message publication or verified edit time
0de5fab316d9e941d332ab3e,straight_dope,content,https://boards.straightdope.com/t/712149/posts.json?post_ids%5B%5D=18093176&post_ids%5B%5D=18093187&post_ids%5B%5D=18093513&post_ids%5B%5D=18093540&post_ids%5B%5D=18094705&post_ids%5B%5D=18094708&post_ids%5B%5D=18094733&post_ids%5B%5D=18094826&post_ids%5B%5D=18094917&post_ids%5B%5D=18094928&post_ids%5B%5D=18094959&post_ids%5B%5D=18095032&post_ids%5B%5D=18095056&post_ids%5B%5D=18095062&post_ids%5B%5D=18095190&post_ids%5B%5D=18095268&post_ids%5B%5D=18095606&post_ids%5B%5D=18095641&post_ids%5B%5D=18095814&post_ids%5B%5D=18095904,2026-10-10T09:38:38.107788+00:00,200,saved,work_packages/M1_source_access/27_newspaper_context_recovery_20261008/social_public_api/continuations/20261010_broader_history_four_hour/worker/raw/0de5fab316d9e941d332ab3e.bin.gz,458d466ac6026694c38670948bb161810f706b7e95fad38af37f7c00a06175fc,75cc39a95a20f68c8522ba727e88426d88fe5b7b6831b3c1b682b7cdeed5d277,30503,2660,,loaded_native_returns,21,0,application/json; charset=utf-8,30503,,server_representation_metadata; not native message publication or verified edit time
0dea2e111665b920b9b9f300,mastodon_au,content,https://aus.social/api/v1/timelines/public?local=true&limit=40&max_id=116939614312652669,2026-10-10T07:10:45.883828+00:00,200,saved,work_packages/M1_source_access/27_newspaper_context_recovery_20261008/social_public_api/continuations/20261010_broader_history_four_hour/worker/raw/0dea2e111665b920b9b9f300.bin.gz,81da73878012fd236767ff449032c688427c59a0f6bf9c90618b11f3dc49494b,f4f5a60435ed969d24265a2bc4c0cd20eba5dfb75fa7be7ede512a8c6c95fdba,169337,31169,,loaded_native_returns,40,0,application/json; charset=utf-8,169337,,server_representation_metadata; not native message publication or verified edit time
0e1635b278fca6c05b199194,python_discourse,content,https://discuss.python.org/t/635.json,2026-10-10T08:21:16.641420+00:00,200,saved,work_packages/M1_source_access/27_newspaper_context_recovery_20261008/social_public_api/continuations/20261010_broader_history_four_hour/worker/raw/0e1635b278fca6c05b199194.bin.gz,b094be1d9bdf597b02c85f4ac5d67f1179522b3c3425a7742782eb70999c0339,0f1cc6eba10c2e8a6814f469bd76ad0e2dbc9b38b6566f7eed9bd258554220a5,73038,9931,,loaded_native_returns,21,0,application/json; charset=utf-8,73038,,server_representation_metadata; not native message publication or verified edit time
0e32c8f0594cb2f0495b66df,mastodon_uk,content,https://mastodon.me.uk/api/v1/timelines/public?local=true&limit=40&max_id=116183997204022552,2026-10-10T07:41:57.607886+00:00,200,saved,work_packages/M1_source_access/27_newspaper_context_recovery_20261008/social_public_api/continuations/20261010_broader_history_four_hour/worker/raw/0e32c8f0594cb2f0495b66df.bin.gz,b3dfd4c93e24d12e1740a345bbc159c5537a0303ccb4c6f8d907894dcb70fc86,16d7b888ae6e17f6be94f19641b2eebdbee73044fccfa167ce720580640c2ad7,147397,20175,,loaded_native_returns,40,0,application/json; charset=utf-8,147397,,server_representation_metadata; not native message publication or verified edit time
0e3fc99f8059f80e24b6cdb8,tildes,content,https://tildes.net/~comp/1w45/fighting_for_1_in_the_ultimate_tic_tac_toe_arena,2026-10-10T07:58:33.495842+00:00,200,saved,work_packages/M1_source_access/27_newspaper_context_recovery_20261008/social_public_api/continuations/20261010_broader_history_four_hour/worker/raw/0e3fc99f8059f80e24b6cdb8.bin.gz,5dbe75b545165e621f45f9363b9cbefd50a2524a5e0c37a81a524206d853fdbf,9a644ef96c6b2f1190b458f5de06fd46d26a7e896a7f896bea41e1bcd52d5742,12377,3358,,loaded_native_returns,3,0,text/html; charset=UTF-8,12377,,server_representation_metadata; not native message publication or verified edit time
0f21e73fc355b2faa17fb0e6,mastodon_us,content,https://sfba.social/api/v1/timelines/public?local=true&limit=40&max_id=116913279742881386,2026-10-10T07:10:52.018011+00:00,200,saved,work_packages/M1_source_access/27_newspaper_context_recovery_20261008/social_public_api/continuations/20261010_broader_history_four_hour/worker/raw/0f21e73fc355b2faa17fb0e6.bin.gz,fe949c6da53636d14eb4ebd92e9f44f37a1c8a70edef8df42b6b263550ae5d3d,bc8f9180c0bead7fa1d2c7ff61557a05b28e0227d243595eca0c306f58842b6f,163039,26468,,loaded_native_returns,40,0,application/json; charset=utf-8,163039,,server_representation_metadata; not native message publication or verified edit time
0f232999215470b499f1b47c,lemmy_nz,content,https://lemmy.nz/api/v3/comment/list?type_=Local&sort=Old&limit=50&page=1&post_id=180529,2026-10-10T07:00:09.295979+00:00,200,saved,work_packages/M1_source_access/27_newspaper_context_recovery_20261008/social_public_api/continuations/20261010_broader_history_four_hour/worker/raw/0f232999215470b499f1b47c.bin.gz,7b583aa1f30b04f5dd43d7c78c6b5e7d20ba297dd3b4447506776de1bbc354b2,edc1b8c40e4484ec1b68e92fad6a5b0969626781b11bef3a17228a76087ba0e6,3168,1431,,loaded_native_returns,2,0,application/json,3168,,server_representation_metadata; not native message publication or verified edit time
0f3fc97c91c70e0930d8195f,lemmy_nz,content,https://lemmy.nz/api/v3/comment/list?type_=Local&sort=Old&limit=50&page=2&post_id=211837,2026-10-10T09:34:00.899876+00:00,200,saved,work_packages/M1_source_access/27_newspaper_context_recovery_20261008/social_public_api/continuations/20261010_broader_history_four_hour/worker/raw/0f3fc97c91c70e0930d8195f.bin.gz,9efdb10c81eaf55dc95e4320d1f02441576a405fb0551d5b8f1905bc0728f854,4fa14da49dc015f30581863a05d74d4091152f4549146526e99de651d5809edf,15,35,,loaded_native_returns,0,0,application/json,15,,server_representation_metadata; not native message publication or verified edit time
0f7849040f862015a27be2c0,osm_discourse,content,https://community.openstreetmap.org/t/32567.json,2026-10-10T09:40:13.753178+00:00,200,saved,work_packages/M1_source_access/27_newspaper_context_recovery_20261008/social_public_api/continuations/20261010_broader_history_four_hour/worker/raw/0f7849040f862015a27be2c0.bin.gz,d3b1f6cf2cf2af52918a9e8800dc3484194dc4ad2d236e9e5086e858950457c6,50e3f714081033f829ae90d38c953aeab9f1e9e7dde8bbc5dcf825f6db6b096d,27657,6195,,loaded_native_returns,6,0,application/json; charset=utf-8,27657,,server_representation_metadata; not native message publication or verified edit time
0fb891e1ed2b9767826f7d9a,bluesky,content,https://public.api.bsky.app/xrpc/app.bsky.feed.getAuthorFeed?actor=did%3Aplc%3At5pur7eruxfgxy7ynpfrmg2w&limit=100&filter=posts_with_replies&includePins=false&cursor=2025-07-27T15%3A13%3A28.677Z,2026-10-10T07:19:38.747310+00:00,200,saved,work_packages/M1_source_access/27_newspaper_context_recovery_20261008/social_public_api/continuations/20261010_broader_history_four_hour/worker/raw/0fb891e1ed2b9767826f7d9a.bin.gz,2fe8237e6f67ed7911d8ca925ede06eb1b8b83a9161c9c364d9e2ca19c1b8f0e,f8c289e1238963c64c5f965f55e437607ca98442d56f3f96148fa73108252eee,601635,62737,,loaded_native_returns,100,0,application/json; charset=utf-8,601635,,server_representation_metadata; not native message publication or verified edit time
0ff24c8be6b7fc92e5a263a5,bluesky,content,https://public.api.bsky.app/xrpc/app.bsky.feed.getAuthorFeed?actor=did%3Aplc%3At5pur7eruxfgxy7ynpfrmg2w&limit=100&filter=posts_with_replies&includePins=false&cursor=2025-08-06T00%3A30%3A01.184Z,2026-10-10T06:10:45.062216+00:00,200,saved,work_packages/M1_source_access/27_newspaper_context_recovery_20261008/social_public_api/continuations/20261010_broader_history_four_hour/worker/raw/0ff24c8be6b7fc92e5a263a5.bin.gz,24ef346bd012642e2b3313a281b8d2946cef5686c92fe4e4e35baac245a4a48e,043b5e0425999bb0d891417b39e5f5378414d4cdf90e84b1698fb60d5dc37da6,479722,49996,,loaded_native_returns,101,0,application/json; charset=utf-8,479722,,server_representation_metadata; not native message publication or verified edit time
1023cf07b7335cd54876edd5,mastodon_us,content,https://sfba.social/api/v1/timelines/public?local=true&limit=40&max_id=116915505876686513,2026-10-10T07:04:06.923261+00:00,200,saved,work_packages/M1_source_access/27_newspaper_context_recovery_20261008/social_public_api/continuations/20261010_broader_history_four_hour/worker/raw/1023cf07b7335cd54876edd5.bin.gz,ebce92bbc6a120adc8fc893d7578cb25d4895ddcd82e11184ddd7951be1e1efc,b21578f4895e8228a3bb76a8eeeab04509fa60089907c1f868d902c7f32454ce,152899,24764,,loaded_native_returns,40,0,application/json; charset=utf-8,152899,,server_representation_metadata; not native message publication or verified edit time
103c6deec790673f3caa27d5,mastodon_uk,content,https://mastodon.me.uk/api/v1/timelines/public?local=true&limit=40&max_id=116183217393006483,2026-10-10T07:43:58.700869+00:00,200,saved,work_packages/M1_source_access/27_newspaper_context_recovery_20261008/social_public_api/continuations/20261010_broader_history_four_hour/worker/raw/103c6deec790673f3caa27d5.bin.gz,b3d0c2650777058006dad81d34f4564ff2cffbd5d62b011f7a2bde08aca4127d,92d1c35e77520a51e9446d36d19a417cf283c08c241a1afbe623088e517015db,140151,21170,,loaded_native_returns,40,0,application/json; charset=utf-8,140151,,server_representation_metadata; not native message publication or verified edit time
103fd07ee862aef5556e123b,mastodon_uk,content,https://mastodon.me.uk/api/v1/timelines/public?local=true&limit=40&max_id=116161040164139326,2026-10-10T08:08:36.865726+00:00,200,saved,work_packages/M1_source_access/27_newspaper_context_recovery_20261008/social_public_api/continuations/20261010_broader_history_four_hour/worker/raw/103fd07ee862aef5556e123b.bin.gz,5ea34f87689874aa074adca1868ebf1a75798a3724245f7ee19cd12fc12ef3df,34e3021d773850f78ad7b1ac112c81c3dffc94d64b781e57bc499937259d9c14,129003,19199,,loaded_native_returns,40,0,application/json; charset=utf-8,129003,,server_representation_metadata; not native message publication or verified edit time
106d15dd61bd200f45c1b6d1,w3_wwwtalk,content,https://lists.w3.org/Archives/Public/www-talk/1992MayJun/0065.html,2026-10-10T07:23:39.491123+00:00,200,saved,work_packages/M1_source_access/27_newspaper_context_recovery_20261008/social_public_api/continuations/20261010_broader_history_four_hour/worker/raw/106d15dd61bd200f45c1b6d1.bin.gz,3fbe987bdb9c5455bf84bdf8a00695a3be1ef11c27be9c92f840b9780c905bf5,ceb6807fc237e7960dfacefd5759f5ed60a98911569d234d452f636141585718,4777,1877,,loaded_native_returns,1,0,text/html,,"Mon, 04 Aug 2003 15:50:20 GMT",server_representation_metadata; not native message publication or verified edit time
1079cc1f382aceb31c242e11,bluesky,content,https://public.api.bsky.app/xrpc/app.bsky.feed.getAuthorFeed?actor=did%3Aplc%3Aragtjsm2j2vknwkz3zp4oxrd&limit=100&filter=posts_with_replies&includePins=false&cursor=2023-11-10T23%3A01%3A56.64Z,2026-10-10T06:58:36.501702+00:00,200,saved,work_packages/M1_source_access/27_newspaper_context_recovery_20261008/social_public_api/continuations/20261010_broader_history_four_hour/worker/raw/1079cc1f382aceb31c242e11.bin.gz,9069332d73ee94966785428c20098f4c2a7f8135a527c1699ebfaa9c9531bacb,ef89fc006d1cb9f0e048118f578e44b4ad88233b7196ac3e688a8b51988a375d,432635,41401,,loaded_native_returns,110,0,application/json; charset=utf-8,432635,,server_representation_metadata; not native message publication or verified edit time
10b0703bb610a216284d0827,lemmy_nz,content,https://lemmy.nz/api/v3/comment/list?type_=Local&sort=Old&limit=50&page=2&post_id=185705,2026-10-10T07:28:24.111104+00:00,200,saved,work_packages/M1_source_access/27_newspaper_context_recovery_20261008/social_public_api/continuations/20261010_broader_history_four_hour/worker/raw/10b0703bb610a216284d0827.bin.gz,9efdb10c81eaf55dc95e4320d1f02441576a405fb0551d5b8f1905bc0728f854,4fa14da49dc015f30581863a05d74d4091152f4549146526e99de651d5809edf,15,35,,loaded_native_returns,0,0,application/json,15,,server_representation_metadata; not native message publication or verified edit time
10bb820ec55c60f9967b7382,mastodon_us,content,https://sfba.social/api/v1/timelines/public?local=true&limit=40&max_id=116927031826117398,2026-10-10T06:25:08.426335+00:00,200,saved,work_packages/M1_source_access/27_newspaper_context_recovery_20261008/social_public_api/continuations/20261010_broader_history_four_hour/worker/raw/10bb820ec55c60f9967b7382.bin.gz,bfd2689a24d451513bcc4614a9062125d25b7f8c2e37734af76b519577a1f3c8,242294007d45d5da289b98f722f6f86339e55d7586e40a8498af0270d9297b7e,170416,27099,,loaded_native_returns,40,0,application/json; charset=utf-8,170416,,server_representation_metadata; not native message publication or verified edit time
1126e8167a8df59a4894537b,mastodon_au,content,https://aus.social/api/v1/timelines/public?local=true&limit=40&max_id=116906313410654462,2026-10-10T09:27:52.428946+00:00,200,saved,work_packages/M1_source_access/27_newspaper_context_recovery_20261008/social_public_api/continuations/20261010_broader_history_four_hour/worker/raw/1126e8167a8df59a4894537b.bin.gz,6e4b1af3a3234f2893b0ff015b15858b6e7d8918ffe94cf322a4c1850bc0a635,9a0f9214e0bdbc44904ccb2a30cbba9c8cb69357327d64b2e8243698ea73e3d2,162411,25904,,loaded_native_returns,40,0,application/json; charset=utf-8,162411,,server_representation_metadata; not native message publication or verified edit time
1174c8564c4661e4e8d1b4ac,osm_discourse,content,https://community.openstreetmap.org/t/32234.json,2026-10-10T06:04:55.364959+00:00,200,saved,work_packages/M1_source_access/27_newspaper_context_recovery_20261008/social_public_api/continuations/20261010_broader_history_four_hour/worker/raw/1174c8564c4661e4e8d1b4ac.bin.gz,bf937f9ccdfcecf3169b64d5ce96ebbf9f7733f4d44009b186e6c6773a534381,6cf84c858296008675aefe649f9bc4d0274258e999b06a65c0bf289d83af3571,13778,3412,,loaded_native_returns,3,0,application/json; charset=utf-8,13778,,server_representation_metadata; not native message publication or verified edit time
1179243a6189009ca1fb7e76,dowire_tc_umn,content,https://www.mail-archive.com/do-wire%40tc.umn.edu/mail3.html,2026-10-10T06:26:24.560740+00:00,200,saved,work_packages/M1_source_access/27_newspaper_context_recovery_20261008/social_public_api/continuations/20261010_broader_history_four_hour/worker/raw/1179243a6189009ca1fb7e76.bin.gz,ebbb298316a2984bfff7b2f5007503c2e1c63836ec77f128cdb47e83e5853f37,c02259c57d6d80d7323bd580b5fd0786fc50fc38cb45cb075457c79edd546ad4,46387,8701,,loaded_native_returns,0,0,text/html; charset=UTF-8,,,server_representation_metadata; not native message publication or verified edit time
117f3dbeb354d97f34a85bb3,mastodon_uk,content,https://mastodon.me.uk/api/v1/timelines/public?local=true&limit=40&max_id=116226198124713793,2026-10-10T06:56:10.600315+00:00,200,saved,work_packages/M1_source_access/27_newspaper_context_recovery_20261008/social_public_api/continuations/20261010_broader_history_four_hour/worker/raw/117f3dbeb354d97f34a85bb3.bin.gz,2a3d963096f87f793c93327b773b61bb7ca47a1775c6d25d2ea6860042cec2c8,0c050e5dd08bd30bf5fc5ecaa22b6a9ec60f62867d122f63e5a17b9d9f386fb8,130966,16415,,loaded_native_returns,40,0,application/json; charset=utf-8,130966,,server_representation_metadata; not native message publication or verified edit time
120573abf6c91fd29c4e8e40,straight_dope,content,https://boards.straightdope.com/t/2225.json,,404,http_stop,,,,,,,transport_stop_no_raw_payload,0,0,,,,server_representation_metadata; not native message publication or verified edit time
123ee6cb7d1b9302bdd565ed,w3_wwwtalk,content,https://lists.w3.org/Archives/Public/www-talk/1992JulAug/0024.html,2026-10-10T08:28:59.856821+00:00,200,saved,work_packages/M1_source_access/27_newspaper_context_recovery_20261008/social_public_api/continuations/20261010_broader_history_four_hour/worker/raw/123ee6cb7d1b9302bdd565ed.bin.gz,d9f2435e090ca8143df50842e59d5e2e43484b1c688119bcc8b844469177cc66,5c524798a0880c558d2fbf4bd0f40f8833d7081bd50017c48fe974491a53d139,3978,1689,,loaded_native_returns,1,0,text/html,,"Mon, 04 Aug 2003 15:50:19 GMT",server_representation_metadata; not native message publication or verified edit time
1242d673e92e6a9226d0802e,mastodon_au,content,https://aus.social/api/v1/timelines/public?local=true&limit=40&max_id=116910248294570816,2026-10-10T08:50:47.277044+00:00,200,saved,work_packages/M1_source_access/27_newspaper_context_recovery_20261008/social_public_api/continuations/20261010_broader_history_four_hour/worker/raw/1242d673e92e6a9226d0802e.bin.gz,9efd44e73b26847304967a40b4b83dfe9cb59ee14cfa0d84f34a3c0f2fdec2ca,4ef78b8a9bf6c061253afb3aed8f94cfb65873fc7f3d6d5e083a45ecdf6f1fff,168457,27536,,loaded_native_returns,40,0,application/json; charset=utf-8,168457,,server_representation_metadata; not native message publication or verified edit time
127d5602ff096a47d3fdaedb,mastodon_us,content,https://sfba.social/api/v1/timelines/public?local=true&limit=40&max_id=116876224085949302,2026-10-10T09:29:27.231447+00:00,200,saved,work_packages/M1_source_access/27_newspaper_context_recovery_20261008/social_public_api/continuations/20261010_broader_history_four_hour/worker/raw/127d5602ff096a47d3fdaedb.bin.gz,d284570b23991712fd917c9689de6a74faef251b40b63874025acfb90463481e,901b75f793fd79ae8df1987356f2bc5d32d0e389d9ce8024b8826182fe7c450f,153090,20053,,loaded_native_returns,40,0,application/json; charset=utf-8,153090,,server_representation_metadata; not native message publication or verified edit time
12c94d26f87a69faf5908da2,dowire_newswire,content,https://www.mail-archive.com/newswire%40groups.dowire.org/mail9.html,2026-10-10T06:37:44.822126+00:00,200,saved,work_packages/M1_source_access/27_newspaper_context_recovery_20261008/social_public_api/continuations/20261010_broader_history_four_hour/worker/raw/12c94d26f87a69faf5908da2.bin.gz,9bf0da0746fd2b39e7f7e8c8952c1b5898e2a4f2cbf183aea5a338082c5bb936,4e70d1c692ae28d947e72c75bbe5fb26b8991462535360efd1604eb34bd4f6f8,48850,10086,,loaded_native_returns,0,0,text/html; charset=UTF-8,,,server_representation_metadata; not native message publication or verified edit time
12f0b6ad25295ba01ae7ebdb,osm_discourse,content,https://community.openstreetmap.org/t/32439.json,2026-10-10T08:13:22.858963+00:00,200,saved,work_packages/M1_source_access/27_newspaper_context_recovery_20261008/social_public_api/continuations/20261010_broader_history_four_hour/worker/raw/12f0b6ad25295ba01ae7ebdb.bin.gz,ff0eb61dd391067d7b921f098c346c6433aad1123ff5310b520d0c340db1cae6,5266f425fc4b53ac50d137f960557d79f699dc602c159b8d0e8ef1607e7cda6d,24811,4985,,loaded_native_returns,8,0,application/json; charset=utf-8,24811,,server_representation_metadata; not native message publication or verified edit time
131c16fc938e5abae85c1fbd,python_list_archive,content,https://mail.python.org/pipermail/python-list/2005-December.txt,2026-10-10T06:39:16.336170+00:00,200,saved,work_packages/M1_source_access/27_newspaper_context_recovery_20261008/social_public_api/continuations/20261010_broader_history_four_hour/worker/raw/131c16fc938e5abae85c1fbd.bin.gz,f3a4c925f28b6132b8d3bd12bb031fb380fed3ee6248a417650ac552014b65b5,e294b5ae9374d7d909511d751b5d9b7b660e021a5366301dde449d61edba1b6b,7787393,2921109,,loaded_native_returns,5073,0,text/plain,7787393,"Mon, 28 Oct 2019 00:53:06 GMT",server_representation_metadata; not native message publication or verified edit time
131ff4627724dc434d0d09aa,hackernews,content,https://hacker-news.firebaseio.com/v0/item/208.json,2026-10-10T09:28:26.504321+00:00,200,saved,work_packages/M1_source_access/27_newspaper_context_recovery_20261008/social_public_api/continuations/20261010_broader_history_four_hour/worker/raw/131ff4627724dc434d0d09aa.bin.gz,8231fbf87afcb6901effa3b077aa264292ebebd87e087b4b1ec1f5c3c4206656,af8900d3a06bd512d6ec4cc2eb8dd703c630e747c7f25b91299d132b485eeb85,203,169,,loaded_native_returns,1,0,application/json; charset=utf-8,203,,server_representation_metadata; not native message publication or verified edit time
1346e41c4e96b2f98660c2a9,mastodon_us,content,https://sfba.social/api/v1/timelines/public?local=true&limit=40&max_id=116909749004149061,2026-10-10T07:19:33.717775+00:00,200,saved,work_packages/M1_source_access/27_newspaper_context_recovery_20261008/social_public_api/continuations/20261010_broader_history_four_hour/worker/raw/1346e41c4e96b2f98660c2a9.bin.gz,9d7faff35d6f647277dbbd31c57c1b9c7822657647964c5b543c223f1ec125be,bad4885cd3d40bb2c7846d5e656d2f0095d8b5bb7db90813e35e78be55267ca1,145781,21838,,loaded_native_returns,40,0,application/json; charset=utf-8,145781,,server_representation_metadata; not native message publication or verified edit time
13a6c7d1bee11263a6a9f72f,tildes,content,https://tildes.net/~sports/1w3p/jakob_ingebrigtsen_pipped_to_victory_by_dawit_seare_in_the_mens_5km_in_a_thrilling_finish_at_the,2026-10-10T09:31:41.355041+00:00,200,saved,work_packages/M1_source_access/27_newspaper_context_recovery_20261008/social_public_api/continuations/20261010_broader_history_four_hour/worker/raw/13a6c7d1bee11263a6a9f72f.bin.gz,8fbe452b2156ed8a7db9d142d2adeb01ffad14664f163781a07687f1a00828aa,a8800aa0ea87f44f6612aae3b0322967d9aebe5702725481383a8e2a1d381429,20446,4771,,loaded_native_returns,5,0,text/html; charset=UTF-8,20446,,server_representation_metadata; not native message publication or verified edit time
13b100cd7994a4c11e0081c3,dowire_civic_archive,source_metadata,https://www.mail-archive.com/do-wire%40tc.umn.edu/,2026-10-10T06:17:40.399569+00:00,200,saved,work_packages/M1_source_access/27_newspaper_context_recovery_20261008/social_public_api/continuations/20261010_broader_history_four_hour/worker/raw/13b100cd7994a4c11e0081c3.bin.gz,8622f3016d4671bd03ebb8d460185230ee1d7f7ea3506ae9999206d3953956f9,075a1b6c123976787cd8a7c254315b96da981cfe55c59c170257d1758d6e17ab,41615,9458,,noncontent_access_policy_or_frame_metadata,0,0,text/html; charset=UTF-8,,,server_representation_metadata; not native message publication or verified edit time
13bd2de7dcc508a152875e74,python_list_archive,content,https://mail.python.org/pipermail/python-list/2006-April.txt,2026-10-10T06:50:47.561725+00:00,200,saved,work_packages/M1_source_access/27_newspaper_context_recovery_20261008/social_public_api/continuations/20261010_broader_history_four_hour/worker/raw/13bd2de7dcc508a152875e74.bin.gz,36ec8a5235236b286fd32ae6ccc6487e5cd391428711ea822d21864e8d2e906d,e9c253ba9c1a4ced857e5fffdbd89773d3505f1b96f68eaf80c41eae5ac32f6d,6613546,2483171,,loaded_native_returns,4869,0,text/plain,6613546,"Mon, 28 Oct 2019 00:54:06 GMT",server_representation_metadata; not native message publication or verified edit time
13e9b82666d1932ae4324349,tildes,content,https://tildes.net/~enviro/1w4k/european_commission_will_maintain_its_ban_on_new_oil_and_gas_drilling_in_the_arctic_despite_fierce,2026-10-10T07:13:54.098220+00:00,200,saved,work_packages/M1_source_access/27_newspaper_context_recovery_20261008/social_public_api/continuations/20261010_broader_history_four_hour/worker/raw/13e9b82666d1932ae4324349.bin.gz,32d895c4542ed115ed6efa65263d468ab856f83fec31b5bc1550b19fd857bc26,35d2a175121412d134c2c9c9e474c7a01d02a798dc1b8c247ead5bf9fe11be5a,21139,4513,,loaded_native_returns,7,0,text/html; charset=UTF-8,21139,,server_representation_metadata; not native message publication or verified edit time
13f756cfeaff888e30b16e3c,tildes,content,https://tildes.net/?order=new&period=all&after=1w6v,2026-10-10T06:40:02.059890+00:00,200,saved,work_packages/M1_source_access/27_newspaper_context_recovery_20261008/social_public_api/continuations/20261010_broader_history_four_hour/worker/raw/13f756cfeaff888e30b16e3c.bin.gz,f83f560564830b70458c6b43c2a1347cb4eff6f253047e403adf0dd53ec84fff,4fd638282921f640a77b5c9274c19f13b1853e4bd2497be0409e36d789f986c2,100622,14400,,loaded_native_returns,50,0,text/html; charset=UTF-8,100622,,server_representation_metadata; not native message publication or verified edit time
141d47428c9f7f96f0612b99,bluesky,content,https://public.api.bsky.app/xrpc/app.bsky.feed.getAuthorFeed?actor=did%3Aplc%3At5pur7eruxfgxy7ynpfrmg2w&limit=100&filter=posts_with_replies&includePins=false&cursor=2025-08-08T00%3A08%3A09.802Z,2026-10-10T05:59:06.107650+00:00,200,saved,work_packages/M1_source_access/27_newspaper_context_recovery_20261008/social_public_api/continuations/20261010_broader_history_four_hour/worker/raw/141d47428c9f7f96f0612b99.bin.gz,c95e2bd1881de7fae26e06e177daf21797baf3bd82979f1168b935cd1fd5dbca,8e17df1438be505cdb214110d138230843251aed8d8ffd71d8f6003846629e79,504185,51045,,loaded_native_returns,101,0,application/json; charset=utf-8,504185,,server_representation_metadata; not native message publication or verified edit time
143ad2313fda1a9bcb21dabc,lemmy_nz,content,https://lemmy.nz/api/v3/comment/list?type_=Local&sort=Old&limit=50&page=1&post_id=205863,2026-10-10T08:39:40.825547+00:00,200,saved,work_packages/M1_source_access/27_newspaper_context_recovery_20261008/social_public_api/continuations/20261010_broader_history_four_hour/worker/raw/143ad2313fda1a9bcb21dabc.bin.gz,9efdb10c81eaf55dc95e4320d1f02441576a405fb0551d5b8f1905bc0728f854,4fa14da49dc015f30581863a05d74d4091152f4549146526e99de651d5809edf,15,35,,loaded_native_returns,0,0,application/json,15,,server_representation_metadata; not native message publication or verified edit time
14c0d803ea8e4103e6698620,w3_wwwtalk,content,https://lists.w3.org/Archives/Public/www-talk/1992MayJun/0046.html,2026-10-10T06:42:46.000875+00:00,200,saved,work_packages/M1_source_access/27_newspaper_context_recovery_20261008/social_public_api/continuations/20261010_broader_history_four_hour/worker/raw/14c0d803ea8e4103e6698620.bin.gz,b1c4c5c1b1f36b6316f84b353d42b6d85f5c7f6324835121ae257c2275e075d8,f37f3e4b41a4be3e8646ed63e7fbc500683681676f4871ded646dbdb93d1007a,9720,3857,,loaded_native_returns,1,0,text/html,,"Mon, 04 Aug 2003 15:50:20 GMT",server_representation_metadata; not native message publication or verified edit time
14e47529d18a5ad8e7d73b5a,w3_wwwtalk,content,https://lists.w3.org/Archives/Public/www-talk/1992MayJun/0056.html,2026-10-10T07:06:05.473649+00:00,200,saved,work_packages/M1_source_access/27_newspaper_context_recovery_20261008/social_public_api/continuations/20261010_broader_history_four_hour/worker/raw/14e47529d18a5ad8e7d73b5a.bin.gz,74cb5b2d537498e36d93dd80fff7f695cee383b693a236bd08370bd0f737c513,9e43b3324ea55a4aaf1f178fcfc2a3eb884658272c15128bc1e96d3bb584ada2,3446,1299,,loaded_native_returns,1,0,text/html,,"Mon, 04 Aug 2003 15:50:20 GMT",server_representation_metadata; not native message publication or verified edit time
15297ffd59dbe3a11b8a0eba,thesession,policy,https://thesession.org/robots.txt,2026-10-10T07:27:09.043840+00:00,200,saved,work_packages/M1_source_access/27_newspaper_context_recovery_20261008/social_public_api/continuations/20261010_broader_history_four_hour/worker/raw/15297ffd59dbe3a11b8a0eba.bin.gz,193c27ce8a76f9800726ceb330e48f294f7e411434ec59426eb2fa68c3650e4b,07dde7d1f1cea759d0ab5ac888d9da370fcc451211cb6e95bbc5927edc5128c0,1728,421,,noncontent_access_policy_or_frame_metadata,0,0,text/plain; charset=utf-8,1728,"Fri, 31 Oct 2025 17:52:09 GMT",server_representation_metadata; not native message publication or verified edit time
152f81c3025ae566336f3897,thesession,content,https://thesession.org/discussions/43,2026-10-10T09:30:55.139819+00:00,200,saved,work_packages/M1_source_access/27_newspaper_context_recovery_20261008/social_public_api/continuations/20261010_broader_history_four_hour/worker/raw/152f81c3025ae566336f3897.bin.gz,0bd56087d94bdfa82f467dfa1a16447942c4bd374be90ffcd95a80d0109ff717,8ff2fc0b3ed011ab2ad78cada3ca533e9a4802e10670c80884444cdfe12447f9,58609,13654,,loaded_native_returns,3,0,text/html; charset=utf-8,,,server_representation_metadata; not native message publication or verified edit time
15682c0ab73766168e07a661,mastodon_uk,content,https://mastodon.me.uk/api/v1/timelines/public?local=true&limit=40&max_id=116217800564463291,2026-10-10T07:03:55.393938+00:00,200,saved,work_packages/M1_source_access/27_newspaper_context_recovery_20261008/social_public_api/continuations/20261010_broader_history_four_hour/worker/raw/15682c0ab73766168e07a661.bin.gz,e370044fbd84cac40f0c564e25ae1872447ca3a4fba51bf063858841f5ada43e,9836d7ddaaaa6d49c318a19b679a7723670971b1bef00cfbb72e0900da253732,136799,21794,,loaded_native_returns,40,0,application/json; charset=utf-8,136799,,server_representation_metadata; not native message publication or verified edit time
156c27909d3f19210f3a3d0d,w3_wwwtalk,content,https://lists.w3.org/Archives/Public/www-talk/1992JulAug/0038.html,2026-10-10T09:24:11.482247+00:00,200,saved,work_packages/M1_source_access/27_newspaper_context_recovery_20261008/social_public_api/continuations/20261010_broader_history_four_hour/worker/raw/156c27909d3f19210f3a3d0d.bin.gz,ab86064760ddd0250ac345fe0c8ee4b4cf6465a2a7d62e9909cd579211f7bd00,5e55a63734b8622281a135c2c24124cd0c704887523d338ae511a3f42acf203b,3067,979,,loaded_native_returns,1,0,text/html,,"Mon, 04 Aug 2003 15:50:19 GMT",server_representation_metadata; not native message publication or verified edit time
15762097e77f06616e2db1d4,lemmy_nz,content,https://lemmy.nz/api/v3/comment/list?type_=Local&sort=Old&limit=50&page=2&post_id=180529,2026-10-10T07:01:53.609920+00:00,200,saved,work_packages/M1_source_access/27_newspaper_context_recovery_20261008/social_public_api/continuations/20261010_broader_history_four_hour/worker/raw/15762097e77f06616e2db1d4.bin.gz,9efdb10c81eaf55dc95e4320d1f02441576a405fb0551d5b8f1905bc0728f854,4fa14da49dc015f30581863a05d74d4091152f4549146526e99de651d5809edf,15,35,,loaded_native_returns,0,0,application/json,15,,server_representation_metadata; not native message publication or verified edit time
158ff4712defb91b02993db0,python_list_archive,content,https://mail.python.org/pipermail/python-list/2008-June.txt,2026-10-10T07:43:03.499945+00:00,200,saved,work_packages/M1_source_access/27_newspaper_context_recovery_20261008/social_public_api/continuations/20261010_broader_history_four_hour/worker/raw/158ff4712defb91b02993db0.bin.gz,d2dc692983b1fe4c55fcdbff9458f1342a8dab7d2ec9442bd2fc1c8e28f3cdea,44b399a3d31894f7d588f73867739a134563e70870b14b6b1ed61399f7e78103,12290490,4713278,,loaded_native_returns,7526,0,text/plain,12290490,"Mon, 28 Oct 2019 09:52:28 GMT",server_representation_metadata; not native message publication or verified edit time
159e23b232a0a6ac1f91098b,mastodon_us,content,https://sfba.social/api/v1/timelines/public?local=true&limit=40&max_id=116901999629578133,2026-10-10T07:48:36.309217+00:00,200,saved,work_packages/M1_source_access/27_newspaper_context_recovery_20261008/social_public_api/continuations/20261010_broader_history_four_hour/worker/raw/159e23b232a0a6ac1f91098b.bin.gz,7dd898c4084b019dadb376da4f29d4663892453f325ca775e131f99b3341b3e3,0cda28943b4e540dd48c19c378682b02e99a7c0671e52356a17f8c23738c26c9,153287,24271,,loaded_native_returns,40,0,application/json; charset=utf-8,153287,,server_representation_metadata; not native message publication or verified edit time
15c3b27f0f47d641fb494f13,python_list_archive,content,https://mail.python.org/pipermail/python-list/2012-June.txt,2026-10-10T09:43:05.284275+00:00,200,saved,work_packages/M1_source_access/27_newspaper_context_recovery_20261008/social_public_api/continuations/20261010_broader_history_four_hour/worker/raw/15c3b27f0f47d641fb494f13.bin.gz,a682b125be85d4b0ecee1c2aeeadee83fd7f1629028fe5a1baca124f490bfad7,0cea206adad0adcae41cb6400638080695605280e49b891a389f59c51bc4c140,2064428,527193,,loaded_native_returns,1212,0,text/plain,2064428,"Mon, 28 Oct 2019 10:14:35 GMT",server_representation_metadata; not native message publication or verified edit time
15e3397fdd5323c940cbf4b7,python_list_archive,content,https://mail.python.org/pipermail/python-list/2009-December.txt,2026-10-10T08:23:45.395938+00:00,200,saved,work_packages/M1_source_access/27_newspaper_context_recovery_20261008/social_public_api/continuations/20261010_broader_history_four_hour/worker/raw/15e3397fdd5323c940cbf4b7.bin.gz,34a6f422dcd75997f9374557514fa51d52a702fddd3822a3c4321cabc42f3a87,78c4ad25f6cf7e8a66add0952ccbe967a2921c1ddd8c227e7c37f494dc80a84d,10298988,2812849,,loaded_native_returns,5830,0,text/plain,10298988,"Mon, 28 Oct 2019 10:04:04 GMT",server_representation_metadata; not native message publication or verified edit time
165e663e2bcc8453c749ecd2,w3_wwwtalk,content,https://lists.w3.org/Archives/Public/www-talk/1992JulAug/0006.html,2026-10-10T07:52:55.867786+00:00,200,saved,work_packages/M1_source_access/27_newspaper_context_recovery_20261008/social_public_api/continuations/20261010_broader_history_four_hour/worker/raw/165e663e2bcc8453c749ecd2.bin.gz,518dc1915acd03ac4a2131701ba2da2e20ec73e1d00fa60cc689b8bc5de71df6,e3af37991d0555f0b1feca73491720c9dc51e9a2c23361627be20fa8dabb1e8b,2303,782,,loaded_native_returns,1,0,text/html,,"Mon, 04 Aug 2003 15:50:19 GMT",server_representation_metadata; not native message publication or verified edit time
166adc54e8c9718ffd16d304,w3_wwwtalk,content,https://lists.w3.org/Archives/Public/www-talk/1992JulAug/0040.html,2026-10-10T09:26:51.882220+00:00,200,saved,work_packages/M1_source_access/27_newspaper_context_recovery_20261008/social_public_api/continuations/20261010_broader_history_four_hour/worker/raw/166adc54e8c9718ffd16d304.bin.gz,17bb800b85b7237c9abe31904064080f4cfa427ed16fc6b8a30ea6a117ddeaae,e8c072279a4fb7318964207469d055ec1dcdadd960b35380ea61d031daf5f7dd,4852,2109,,loaded_native_returns,1,0,text/html,,"Mon, 04 Aug 2003 15:50:20 GMT",server_representation_metadata; not native message publication or verified edit time
166fe928ffaffa5397e690e0,mastodon_us,content,https://sfba.social/api/v1/timelines/public?local=true&limit=40&max_id=116913806855544309,2026-10-10T07:09:18.427872+00:00,200,saved,work_packages/M1_source_access/27_newspaper_context_recovery_20261008/social_public_api/continuations/20261010_broader_history_four_hour/worker/raw/166fe928ffaffa5397e690e0.bin.gz,67aa8dea78de4e94c9c800d9ae731d3f52a4258493d5f2b21694fe4589740cf8,59418274e093f10e8d674e27255d321dd21120e54f9d4263b846e5ba2cb348ea,161151,29185,,loaded_native_returns,40,0,application/json; charset=utf-8,161151,,server_representation_metadata; not native message publication or verified edit time
167b0b4737135a11ab9d44c7,mastodon_au,content,https://aus.social/api/v1/timelines/public?local=true&limit=40&max_id=116921776200855934,2026-10-10T08:14:44.489661+00:00,200,saved,work_packages/M1_source_access/27_newspaper_context_recovery_20261008/social_public_api/continuations/20261010_broader_history_four_hour/worker/raw/167b0b4737135a11ab9d44c7.bin.gz,28b6bdf4da2794b4bf0d0e900dea5d5efdc22691e4e857a9edf0055d24fcc161,345833ca8ad136ff08d2383e132ef7927c7103fce7437c9613f21c5878135bcc,150006,24619,,loaded_native_returns,40,0,application/json; charset=utf-8,150006,,server_representation_metadata; not native message publication or verified edit time
167bb5688790b6241803a986,lemmy_nz,content,https://lemmy.nz/api/v3/comment/list?type_=Local&sort=Old&limit=50&page=2&post_id=185947,2026-10-10T07:36:19.089891+00:00,200,saved,work_packages/M1_source_access/27_newspaper_context_recovery_20261008/social_public_api/continuations/20261010_broader_history_four_hour/worker/raw/167bb5688790b6241803a986.bin.gz,9efdb10c81eaf55dc95e4320d1f02441576a405fb0551d5b8f1905bc0728f854,4fa14da49dc015f30581863a05d74d4091152f4549146526e99de651d5809edf,15,35,,loaded_native_returns,0,0,application/json,15,,server_representation_metadata; not native message publication or verified edit time
1687db389a7353411627f33b,mastodon_uk,content,https://mastodon.me.uk/api/v1/timelines/public?local=true&limit=40&max_id=116130919465938502,2026-10-10T08:43:24.949954+00:00,200,saved,work_packages/M1_source_access/27_newspaper_context_recovery_20261008/social_public_api/continuations/20261010_broader_history_four_hour/worker/raw/1687db389a7353411627f33b.bin.gz,302e7d8559b69a3444ea150b406d46203167a1653a1b45c2f40093b1b5f22a43,141a9478e86599cbc433ab6a47306c39740903d907c2bcd015e4fae29d04924c,140267,17691,,loaded_native_returns,40,0,application/json; charset=utf-8,140267,,server_representation_metadata; not native message publication or verified edit time
16fcf1a270d62f34485889fa,bluesky,content,https://public.api.bsky.app/xrpc/app.bsky.feed.getAuthorFeed?actor=did%3Aplc%3Aragtjsm2j2vknwkz3zp4oxrd&limit=100&filter=posts_with_replies&includePins=false&cursor=2023-12-01T19%3A41%3A17.639Z,2026-10-10T06:27:03.771794+00:00,200,saved,work_packages/M1_source_access/27_newspaper_context_recovery_20261008/social_public_api/continuations/20261010_broader_history_four_hour/worker/raw/16fcf1a270d62f34485889fa.bin.gz,380413a592eb6b4fb5e0a85c76f1843860d19f2e727e6fccdd05bafd483189ab,e12023cd04de56d8d5fd5a13c98c25dca03101b4c1f5dff9b73d7c2630c1a450,487262,43655,,loaded_native_returns,106,0,application/json; charset=utf-8,487262,,server_representation_metadata; not native message publication or verified edit time
170de62bea76fc101c931aa1,python_discourse,content,https://discuss.python.org/t/489.json,2026-10-10T06:56:48.478245+00:00,200,saved,work_packages/M1_source_access/27_newspaper_context_recovery_20261008/social_public_api/continuations/20261010_broader_history_four_hour/worker/raw/170de62bea76fc101c931aa1.bin.gz,68468dfef8bfe87d158a9c98b4e6b6e5263ed265f86c916c9de457437c305a77,67fb0e6e278076086678d37f7cfd25169cbb4ef6a0537033d184f8ea95991e7b,49812,6874,,loaded_native_returns,21,0,application/json; charset=utf-8,49812,,server_representation_metadata; not native message publication or verified edit time
1741decd0fafa27b1f7874a8,hackernews,content,https://hacker-news.firebaseio.com/v0/item/172.json,2026-10-10T07:51:25.994403+00:00,200,saved,work_packages/M1_source_access/27_newspaper_context_recovery_20261008/social_public_api/continuations/20261010_broader_history_four_hour/worker/raw/1741decd0fafa27b1f7874a8.bin.gz,62627ea86e6df3e0192ac7517f770894414d5d41c49159cf675e40d66dd4a59b,4bc2fdd719a3b45a9ed628865e8daa47e202f924b1db4d2a1aff38d99217edde,173,152,,loaded_native_returns,1,0,application/json; charset=utf-8,173,,server_representation_metadata; not native message publication or verified edit time
176cced6f9ebc948322fdf21,e_democracy_archival,source_metadata,https://archive.org/help/wayback_api.php,2026-10-10T07:20:49.891065+00:00,200,saved,work_packages/M1_source_access/27_newspaper_context_recovery_20261008/social_public_api/continuations/20261010_broader_history_four_hour/worker/raw/176cced6f9ebc948322fdf21.bin.gz,b5b5657d872003a2f6b08e72e803ceb7112d6ce4dd1e8b74f7cbb5620eedcf0a,0c947f6cc13702346e56740b2a673400a9cc22b5e5991bc86dc212e853d77c83,143716,29600,,noncontent_access_policy_or_frame_metadata,0,0,text/html; charset=UTF-8,,,server_representation_metadata; not native message publication or verified edit time
1778fca3c0295787bb672f3d,python_discourse,content,https://discuss.python.org/t/629.json,2026-10-10T08:19:13.190575+00:00,200,saved,work_packages/M1_source_access/27_newspaper_context_recovery_20261008/social_public_api/continuations/20261010_broader_history_four_hour/worker/raw/1778fca3c0295787bb672f3d.bin.gz,47d5847c8d99f3f274a74fd101032e94abcf02cc8469ed56df1ce3a6507618f7,1f85b87ef4fd0c353fdbdc180f9fa1499a8ea694d7a3b03921fa4382feb954bc,26602,5330,,loaded_native_returns,8,0,application/json; charset=utf-8,26602,,server_representation_metadata; not native message publication or verified edit time
17792d5ac4efb9e366ac8183,w3_wwwtalk,content,https://lists.w3.org/Archives/Public/www-talk/1992MayJun/0064.html,2026-10-10T07:21:32.308838+00:00,200,saved,work_packages/M1_source_access/27_newspaper_context_recovery_20261008/social_public_api/continuations/20261010_broader_history_four_hour/worker/raw/17792d5ac4efb9e366ac8183.bin.gz,36eb242a41e19137b165d4b6eb84fcb867de42ead4a08957d65d7df76ed774d8,b00f2e78b28398dfc16436d7ccbf126e89ed57e1175bdaf9c0f296e1bfcf33d5,3110,1235,,loaded_native_returns,1,0,text/html,,"Mon, 04 Aug 2003 15:50:20 GMT",server_representation_metadata; not native message publication or verified edit time
177c6fc8890257c440723662,lemmy_nz,content,https://lemmy.nz/api/v3/comment/list?type_=Local&sort=Old&limit=50&page=1&post_id=179974,2026-10-10T06:53:47.852404+00:00,200,saved,work_packages/M1_source_access/27_newspaper_context_recovery_20261008/social_public_api/continuations/20261010_broader_history_four_hour/worker/raw/177c6fc8890257c440723662.bin.gz,b7735d08aaa674b9e226f5541ebac15c3cea515d00d815db87a89e4eaf17e650,38a2bd0571ce88963b8f768e21dd274ffc972595e910b9155a744901a2c5e060,3522,1630,,loaded_native_returns,2,0,application/json,3522,,server_representation_metadata; not native message publication or verified edit time
1794d18f547b6bc814a3844c,lemmy_nz,content,https://lemmy.nz/api/v3/comment/list?type_=Local&sort=Old&limit=50&page=2&post_id=170745,2026-10-10T06:07:16.964280+00:00,200,saved,work_packages/M1_source_access/27_newspaper_context_recovery_20261008/social_public_api/continuations/20261010_broader_history_four_hour/worker/raw/1794d18f547b6bc814a3844c.bin.gz,9efdb10c81eaf55dc95e4320d1f02441576a405fb0551d5b8f1905bc0728f854,4fa14da49dc015f30581863a05d74d4091152f4549146526e99de651d5809edf,15,35,,loaded_native_returns,0,0,application/json,15,,server_representation_metadata; not native message publication or verified edit time
17cd0cc7a583af6ad49415ab,python_discourse,content,https://discuss.python.org/t/545.json,2026-10-10T07:27:03.354667+00:00,200,saved,work_packages/M1_source_access/27_newspaper_context_recovery_20261008/social_public_api/continuations/20261010_broader_history_four_hour/worker/raw/17cd0cc7a583af6ad49415ab.bin.gz,e8b0cbd61b1cc39268d0aae3988affc0251c38e574ab2c28c91c7c53425a7927,1d96f8132e9ddecdbe9fa999d67bb05c1f7c5c12ca351c48775930c57d30e308,13238,2710,,loaded_native_returns,6,0,application/json; charset=utf-8,13238,,server_representation_metadata; not native message publication or verified edit time
17ec698f019658c78aeed68d,w3_wwwtalk,content,https://lists.w3.org/Archives/Public/www-talk/1992MayJun/0066.html,2026-10-10T07:25:21.482477+00:00,200,saved,work_packages/M1_source_access/27_newspaper_context_recovery_20261008/social_public_api/continuations/20261010_broader_history_four_hour/worker/raw/17ec698f019658c78aeed68d.bin.gz,0ddc15aaa0c9fbdfc0e7f9ab97b7ed8941aa5498b7b7072dd9b3d095b24481db,d462d1e5407d516e497675b0eb3a97e370368d647596ece77d03a8de460350fa,2450,911,,loaded_native_returns,1,0,text/html,,"Mon, 04 Aug 2003 15:50:20 GMT",server_representation_metadata; not native message publication or verified edit time
17f8408e798c731f06362443,straight_dope,content,https://boards.straightdope.com/t/712149/posts.json?post_ids%5B%5D=18016570&post_ids%5B%5D=18017126&post_ids%5B%5D=18017611&post_ids%5B%5D=18017841&post_ids%5B%5D=18017869&post_ids%5B%5D=18017878&post_ids%5B%5D=18017900&post_ids%5B%5D=18017926&post_ids%5B%5D=18017928&post_ids%5B%5D=18017940&post_ids%5B%5D=18017952&post_ids%5B%5D=18017956&post_ids%5B%5D=18018316&post_ids%5B%5D=18018329&post_ids%5B%5D=18018376&post_ids%5B%5D=18018380&post_ids%5B%5D=18018522&post_ids%5B%5D=18018550&post_ids%5B%5D=18019010&post_ids%5B%5D=18019151,2026-10-10T08:29:11.994710+00:00,200,saved,work_packages/M1_source_access/27_newspaper_context_recovery_20261008/social_public_api/continuations/20261010_broader_history_four_hour/worker/raw/17f8408e798c731f06362443.bin.gz,7cb14e506c581b0e6a0d3916f5cb571ef02d8020fc069ead937e160c6d54258f,033e4dfad5741957b5a9d4719672e173ce91b0b915b8accdd5be6aca9fa10e48,31676,3272,,loaded_native_returns,21,0,application/json; charset=utf-8,31676,,server_representation_metadata; not native message publication or verified edit time
180559332312ea444207cf2d,dowire_lists_umn,content,https://www.mail-archive.com/do-wire%40lists.umn.edu/msg00006.html,2026-10-10T06:39:45.940778+00:00,200,saved,work_packages/M1_source_access/27_newspaper_context_recovery_20261008/social_public_api/continuations/20261010_broader_history_four_hour/worker/raw/180559332312ea444207cf2d.bin.gz,f0846f46f294f4b7e4e730e1bd94ff531e0536a45337aab958407892133eb259,94d376f4f512f1e9d8606b4cc963c965c785090890b95c7f1e05eef4abcfe489,9764,3722,,loaded_native_returns,1,0,text/html; charset=utf-8,,,server_representation_metadata; not native message publication or verified edit time
1825404fb73c00c0adb170a4,dowire_lists_umn,content,https://www.mail-archive.com/do-wire%40lists.umn.edu/mail2.html,2026-10-10T06:24:08.993477+00:00,200,saved,work_packages/M1_source_access/27_newspaper_context_recovery_20261008/social_public_api/continuations/20261010_broader_history_four_hour/worker/raw/1825404fb73c00c0adb170a4.bin.gz,6e7ec06a14cd6a629557b2c1be641b5ad3a3197fb7cd26b7aeb2dd0e1f72fd5f,a860473ceaac3087ec16a8788ad6600ec0a167da0526c377a69ec94d36ff786a,49978,9612,,loaded_native_returns,0,0,text/html; charset=UTF-8,,,server_representation_metadata; not native message publication or verified edit time
1857fb416c7b1a54e4595f21,thesession,content,https://thesession.org/discussions/18,2026-10-10T08:17:05.568332+00:00,200,saved,work_packages/M1_source_access/27_newspaper_context_recovery_20261008/social_public_api/continuations/20261010_broader_history_four_hour/worker/raw/1857fb416c7b1a54e4595f21.bin.gz,22a3f3a80e96255a845675260bf6e7a9e0e1ba33e653a15aa1080b1a651bd9f1,2fecacc0e769e94267b2dec635b084e4e60df482a0df324cd5ca37cc17213d81,61106,13717,,loaded_native_returns,6,0,text/html; charset=utf-8,,,server_representation_metadata; not native message publication or verified edit time
189d1bbd14703770f646292e,mastodon_uk,content,https://mastodon.me.uk/api/v1/timelines/public?local=true&limit=40&max_id=116145196818457100,2026-10-10T08:26:26.953506+00:00,200,saved,work_packages/M1_source_access/27_newspaper_context_recovery_20261008/social_public_api/continuations/20261010_broader_history_four_hour/worker/raw/189d1bbd14703770f646292e.bin.gz,360a88458db0f0cea515fd01dc765ba94be23a09c813e8e3c7a11b9090a88f6e,ade136c5d4e84b1a70a3f8c8b786c5c1f8ec984ac13c03d27fac07eee52dd3a0,139697,20358,,loaded_native_returns,40,0,application/json; charset=utf-8,139697,,server_representation_metadata; not native message publication or verified edit time
189e87266a71f3bd1c778493,hackernews,content,https://hacker-news.firebaseio.com/v0/item/167.json,2026-10-10T07:40:37.528279+00:00,200,saved,work_packages/M1_source_access/27_newspaper_context_recovery_20261008/social_public_api/continuations/20261010_broader_history_four_hour/worker/raw/189e87266a71f3bd1c778493.bin.gz,c9b65ffb70b2c99123e5d27fe7336a74243d6fa5668c8fc2479442a817bd485d,db28a39f1162b144ad37da3b66f7e828a793a6e3644b769f27a2efb0ce6ef386,188,166,,loaded_native_returns,1,0,application/json; charset=utf-8,188,,server_representation_metadata; not native message publication or verified edit time
19440225e3c6b16458f0624d,mastodon_us,content,https://sfba.social/api/v1/timelines/public?local=true&limit=40&max_id=116895293046958270,2026-10-10T08:10:46.991845+00:00,200,saved,work_packages/M1_source_access/27_newspaper_context_recovery_20261008/social_public_api/continuations/20261010_broader_history_four_hour/worker/raw/19440225e3c6b16458f0624d.bin.gz,67e4ea414bfdd0ac53e78bb4ccee0863d6fb749eddea64639adc0dfea366090a,89f13830418aaf8fc677b66878029bf3bc3846e031163c5abeb2e6c91639e087,178223,25984,,loaded_native_returns,40,0,application/json; charset=utf-8,178223,,server_representation_metadata; not native message publication or verified edit time
19fb793de0f34c709aabc0ed,mastodon_au,content,https://aus.social/api/v1/timelines/public?local=true&limit=40&max_id=116945235288485113,2026-10-10T06:54:00.828466+00:00,200,saved,work_packages/M1_source_access/27_newspaper_context_recovery_20261008/social_public_api/continuations/20261010_broader_history_four_hour/worker/raw/19fb793de0f34c709aabc0ed.bin.gz,dc1bfd85a98ed166f594655a4100b65e5faf6c94f258ca855d67ac19fff10fd5,87918d08b64c4d2f984ede87c034b32f25ae874da54be3d4adf2c7f02a553fac,136725,25296,,loaded_native_returns,40,0,application/json; charset=utf-8,136725,,server_representation_metadata; not native message publication or verified edit time
1a0cc1e615c99773d3aec41f,osm_discourse,content,https://community.openstreetmap.org/t/32377.json,2026-10-10T07:33:13.414432+00:00,200,saved,work_packages/M1_source_access/27_newspaper_context_recovery_20261008/social_public_api/continuations/20261010_broader_history_four_hour/worker/raw/1a0cc1e615c99773d3aec41f.bin.gz,57b3eb22ac7fbd776cc9d5b1f9334a2571962e61ea7fccb6cb955a6b0e3a2b04,3f71f3b7d90d57c10dadb561c5e7d4d1002895bd9199bf53a0534ad789d147ae,14794,3518,,loaded_native_returns,3,0,application/json; charset=utf-8,14794,,server_representation_metadata; not native message publication or verified edit time
1a4d164429bf75728f57f534,mastodon_uk,content,https://mastodon.me.uk/api/v1/timelines/public?local=true&limit=40&max_id=116115096156337439,2026-10-10T09:27:48.659551+00:00,200,saved,work_packages/M1_source_access/27_newspaper_context_recovery_20261008/social_public_api/continuations/20261010_broader_history_four_hour/worker/raw/1a4d164429bf75728f57f534.bin.gz,3e3f8f57bcfa0a51064e0c53cf0f5eef1ec3cc2d1dc3737e6ad83d99e5d2e550,9fcfa1000719adf014dce58d3e879ad82a789f90b6ae0e57c84afed774a7314e,145257,18143,,loaded_native_returns,40,0,application/json; charset=utf-8,145257,,server_representation_metadata; not native message publication or verified edit time
1ac62e8b1c5f5efbf12bddee,osm_discourse,content,https://community.openstreetmap.org/t/32552.json,2026-10-10T09:35:59.045435+00:00,200,saved,work_packages/M1_source_access/27_newspaper_context_recovery_20261008/social_public_api/continuations/20261010_broader_history_four_hour/worker/raw/1ac62e8b1c5f5efbf12bddee.bin.gz,513834ccdc4a6591847b290bb07f7c3f42e631cb4aa59218c2f7556230f1bafd,7b4da221e1b99e9b0ee1684828b73d7ad54c5dcacfd51471870e311e2eb9289e,23289,5591,,loaded_native_returns,5,0,application/json; charset=utf-8,23289,,server_representation_metadata; not native message publication or verified edit time
1b53a5db101fb3981ab4d4b3,osm_discourse,content,https://community.openstreetmap.org/t/32257/posts.json?post_ids%5B%5D=71510&post_ids%5B%5D=71579&post_ids%5B%5D=71581&post_ids%5B%5D=265708&post_ids%5B%5D=265745&post_ids%5B%5D=265768&post_ids%5B%5D=303493&post_ids%5B%5D=303506&post_ids%5B%5D=303513&post_ids%5B%5D=303521&post_ids%5B%5D=303523&post_ids%5B%5D=303525&post_ids%5B%5D=303526&post_ids%5B%5D=303527&post_ids%5B%5D=303529&post_ids%5B%5D=303531&post_ids%5B%5D=303533&post_ids%5B%5D=303535&post_ids%5B%5D=303536&post_ids%5B%5D=303537,2026-10-10T06:19:53.055875+00:00,200,saved,work_packages/M1_source_access/27_newspaper_context_recovery_20261008/social_public_api/continuations/20261010_broader_history_four_hour/worker/raw/1b53a5db101fb3981ab4d4b3.bin.gz,e7f66127c816a6d7cc656f28721d0864c48f2c0e9f65d9f8fb8800b54af28178,cf77de817d7a1e33436e8089e1660dd31e758f4adafd652db9561966ad7f18a3,65326,12269,,loaded_native_returns,21,0,application/json; charset=utf-8,65326,,server_representation_metadata; not native message publication or verified edit time
1b5ab3bd9df2b820aba24978,mastodon_uk,content,https://mastodon.me.uk/api/v1/timelines/public?local=true&limit=40&max_id=116147823791211949,2026-10-10T08:24:26.966911+00:00,200,saved,work_packages/M1_source_access/27_newspaper_context_recovery_20261008/social_public_api/continuations/20261010_broader_history_four_hour/worker/raw/1b5ab3bd9df2b820aba24978.bin.gz,1500866e859a3139fbefc9106ecfe7fe09b45bb5b20650a39a102304936f5412,dca3d41e1c5781080ba07ced08d9058a8a90ded695328c735e3f6ccab3547b18,132370,18371,,loaded_native_returns,40,0,application/json; charset=utf-8,132370,,server_representation_metadata; not native message publication or verified edit time
1b651543910a66bb62aa06be,mastodon_uk,content,https://mastodon.me.uk/api/v1/timelines/public?local=true&limit=40&max_id=116099776687912472,2026-10-10T09:38:09.910867+00:00,200,saved,work_packages/M1_source_access/27_newspaper_context_recovery_20261008/social_public_api/continuations/20261010_broader_history_four_hour/worker/raw/1b651543910a66bb62aa06be.bin.gz,0329c1cc7bf0898e8485fc88199bc104327b5f5266b6abfa943dd4109c10b8cf,d7068c1aef17e69cbb63549055ae7db48fec3739cbab2f3acbb532d1f638c43e,139330,19331,,loaded_native_returns,40,0,application/json; charset=utf-8,139330,,server_representation_metadata; not native message publication or verified edit time
1b960b0e1266cd9c2e565a75,w3_wwwtalk,content,https://lists.w3.org/Archives/Public/www-talk/1992JulAug/0022.html,2026-10-10T08:25:01.370339+00:00,200,saved,work_packages/M1_source_access/27_newspaper_context_recovery_20261008/social_public_api/continuations/20261010_broader_history_four_hour/worker/raw/1b960b0e1266cd9c2e565a75.bin.gz,0ea87271806c66368b8e2668c692f3424a3c055500dacf7f30f1be254848bf92,cbccc4344a2212f6d581fd3386293a547c7f7c158a0f573b061edd602bd9390a,12385,4878,,loaded_native_returns,1,0,text/html,,"Mon, 04 Aug 2003 15:50:19 GMT",server_representation_metadata; not native message publication or verified edit time
1bb4a9fcdb276b21c35a7499,lemmy_nz,content,https://lemmy.nz/api/v3/comment/list?type_=Local&sort=Old&limit=50&page=1&post_id=185332,2026-10-10T07:20:58.398310+00:00,200,saved,work_packages/M1_source_access/27_newspaper_context_recovery_20261008/social_public_api/continuations/20261010_broader_history_four_hour/worker/raw/1bb4a9fcdb276b21c35a7499.bin.gz,325d0df2197c1ab5e036cab89f9b7102f116778c97593779a3fc3a8c8647eb9b,79a6200cf7a7d960008d146f1a353f3ac1368c81eb063f5ff75c6efca844cd11,29952,4208,,loaded_native_returns,6,0,application/json,29952,,server_representation_metadata; not native message publication or verified edit time
1bd8820ba682c2c67d892833,tildes,content,https://tildes.net/~lgbt/1w4o/lgbt_tolerance_slumps_in_the_netherlands_as_debate_turns_vicious,2026-10-10T07:00:04.639945+00:00,200,saved,work_packages/M1_source_access/27_newspaper_context_recovery_20261008/social_public_api/continuations/20261010_broader_history_four_hour/worker/raw/1bd8820ba682c2c67d892833.bin.gz,db44b8de88188c8fbca917b5ecea6ee56d1470e74d12d190215a09f4e1a1e0c5,bf4c319e59c578398587c523d9148e42ce53a968aae5ff1c60d1d41e32bb63d6,36680,9054,,loaded_native_returns,10,0,text/html; charset=UTF-8,36680,,server_representation_metadata; not native message publication or verified edit time
1c31c5349de8f9624f2ceeb4,mastodon_uk,content,https://mastodon.me.uk/api/v1/timelines/public?local=true&limit=40&max_id=116136044516592306,2026-10-10T08:37:51.067456+00:00,200,saved,work_packages/M1_source_access/27_newspaper_context_recovery_20261008/social_public_api/continuations/20261010_broader_history_four_hour/worker/raw/1c31c5349de8f9624f2ceeb4.bin.gz,9c948b56b653f5376c61f2545ccbbb2e242dda5aaf62121823abd53589bfeedd,ca2220c33b1c891e0e928e751b43a3f651d2d418ddcca908e398359d4697474f,122334,14132,,loaded_native_returns,40,0,application/json; charset=utf-8,122334,,server_representation_metadata; not native message publication or verified edit time
1c62e60acc6bd2c6d4ce4512,w3_wwwtalk,content,https://lists.w3.org/Archives/Public/www-talk/1992MayJun/0068.html,2026-10-10T07:28:59.085282+00:00,200,saved,work_packages/M1_source_access/27_newspaper_context_recovery_20261008/social_public_api/continuations/20261010_broader_history_four_hour/worker/raw/1c62e60acc6bd2c6d4ce4512.bin.gz,36295e88c23f6980e3ed77c16caea6bc5aef4e5e40f4cecf5a72b62033ecb464,b1b35d29d0ea5629534edf30fda69e58a6d448688e091765bfe4b5c7c73e0030,3271,1434,,loaded_native_returns,1,0,text/html,,"Mon, 04 Aug 2003 15:50:20 GMT",server_representation_metadata; not native message publication or verified edit time
1c797289b0b57295a0840721,mastodon_uk,content,https://mastodon.me.uk/api/v1/timelines/public?local=true&limit=40&max_id=116205866668533033,2026-10-10T07:15:56.292161+00:00,200,saved,work_packages/M1_source_access/27_newspaper_context_recovery_20261008/social_public_api/continuations/20261010_broader_history_four_hour/worker/raw/1c797289b0b57295a0840721.bin.gz,ffb6bc08d4c0e009038cf7ccdff794097c6e930d15e6fceff51fb6ccac58ac7d,ac8422393923c1209c87e16504a6423eaa72348b6517e8c067501f635d232e03,142289,22008,,loaded_native_returns,40,0,application/json; charset=utf-8,142289,,server_representation_metadata; not native message publication or verified edit time
1c8da2f9c13e2ed562728aae,mastodon_uk,content,https://mastodon.me.uk/api/v1/timelines/public?local=true&limit=40&max_id=116229773954208102,2026-10-10T06:51:43.731399+00:00,200,saved,work_packages/M1_source_access/27_newspaper_context_recovery_20261008/social_public_api/continuations/20261010_broader_history_four_hour/worker/raw/1c8da2f9c13e2ed562728aae.bin.gz,1d8bf103145547b8c8bcf2210921c38d4d6c4f254315b206fef248f2f95ff534,d34dabe909f8ddaff4f6344e7bbb54673f871c99b0155cc0a924b7540bad0b91,127742,18922,,loaded_native_returns,40,0,application/json; charset=utf-8,127742,,server_representation_metadata; not native message publication or verified edit time
1ca76affe949c0f2552bd9a0,python_list_archive,content,https://mail.python.org/pipermail/python-list/2011-November.txt,2026-10-10T09:33:44.594226+00:00,200,saved,work_packages/M1_source_access/27_newspaper_context_recovery_20261008/social_public_api/continuations/20261010_broader_history_four_hour/worker/raw/1ca76affe949c0f2552bd9a0.bin.gz,76c088e7cb81de5106150b05ec0eab5656ce6d3f8da3e6eab0f0b5441b921447,720cfe2632fbf6a391617950e2cbde9a7c905fed480c057c052f1c2055cf5f9a,4889957,1209558,,loaded_native_returns,2648,0,text/plain,4889957,"Mon, 28 Oct 2019 10:12:32 GMT",server_representation_metadata; not native message publication or verified edit time
1cac2d7d40548aabdf1a2fc8,dowire_lists_umn,content,https://www.mail-archive.com/do-wire%40lists.umn.edu/mail3.html,2026-10-10T06:26:15.567731+00:00,200,saved,work_packages/M1_source_access/27_newspaper_context_recovery_20261008/social_public_api/continuations/20261010_broader_history_four_hour/worker/raw/1cac2d7d40548aabdf1a2fc8.bin.gz,c7b640b1b7712dcb43ae8524f588b848aadb1dd0b520d273f9b2aa011236b5ad,2db7e31df8b1e3e581c04c50e8cec4c86196244afa993d01bc960435cf60056c,11855,3406,,loaded_native_returns,0,0,text/html; charset=UTF-8,,,server_representation_metadata; not native message publication or verified edit time
1d01d9932f29b2c973e125ae,w3_wwwtalk,content,https://lists.w3.org/Archives/Public/www-talk/1992JulAug/0016.html,2026-10-10T08:13:02.552264+00:00,200,saved,work_packages/M1_source_access/27_newspaper_context_recovery_20261008/social_public_api/continuations/20261010_broader_history_four_hour/worker/raw/1d01d9932f29b2c973e125ae.bin.gz,557150bc7f367db9b7c8d29223e1a0ececdf0a74e67da3c3c354700eba34bd4c,50ca3730e71242d95ed496a096487c42297c8ea1e35c57ff14bafa176aa61e4a,5039,1929,,loaded_native_returns,1,0,text/html,,"Mon, 04 Aug 2003 15:50:19 GMT",server_representation_metadata; not native message publication or verified edit time
1d2cc4af8f51e01418bed876,w3_wwwtalk,content,https://lists.w3.org/Archives/Public/www-talk/1992JulAug/0013.html,2026-10-10T08:06:59.678707+00:00,200,saved,work_packages/M1_source_access/27_newspaper_context_recovery_20261008/social_public_api/continuations/20261010_broader_history_four_hour/worker/raw/1d2cc4af8f51e01418bed876.bin.gz,07808a021d5a69063a84550eb1afed2e10c2ad0d04fb74d03386884929e7b7f2,4600814eae4ee301fc5ef84585b6b3e132225f6119264821b613a36a770e1aef,2575,999,,loaded_native_returns,1,0,text/html,,"Mon, 04 Aug 2003 15:50:19 GMT",server_representation_metadata; not native message publication or verified edit time
1d5c05ded8ff5e1b1b30f6a8,mpls_mnforum_archive,source_metadata,https://www.mail-archive.com/mpls@mnforum.org/msg00053.html,2026-10-10T06:42:28.784911+00:00,200,saved,work_packages/M1_source_access/27_newspaper_context_recovery_20261008/social_public_api/continuations/20261010_broader_history_four_hour/worker/raw/1d5c05ded8ff5e1b1b30f6a8.bin.gz,4aee54b2804b8af96f510d8be004ec4dc25b12876557fd99ee359227ebea4438,19af5f344d5ee920e3a71b6966e087116904a9ef0ddd1ed590d65564f79c79ab,14610,6049,,noncontent_access_policy_or_frame_metadata,0,0,text/html; charset=utf-8,,,server_representation_metadata; not native message publication or verified edit time
1d99b87ced37b0aa1a11d965,mastodon_uk,content,https://mastodon.me.uk/api/v1/timelines/public?local=true&limit=40&max_id=116222047308659498,2026-10-10T07:00:16.834100+00:00,200,saved,work_packages/M1_source_access/27_newspaper_context_recovery_20261008/social_public_api/continuations/20261010_broader_history_four_hour/worker/raw/1d99b87ced37b0aa1a11d965.bin.gz,fbcc9ded4f97bca17c83980915658e42b5fc3b82dbcabaf9537f67a685cdda79,94626a688525d49912b667e4b540168eca4e6ee072fea12ff371686d633132c4,129970,19841,,loaded_native_returns,40,0,application/json; charset=utf-8,129970,,server_representation_metadata; not native message publication or verified edit time
1dc5b0ea77b24ef3179d5566,mastodon_uk,content,https://mastodon.me.uk/api/v1/timelines/public?local=true&limit=40&max_id=116138705500953711,2026-10-10T08:33:57.577336+00:00,200,saved,work_packages/M1_source_access/27_newspaper_context_recovery_20261008/social_public_api/continuations/20261010_broader_history_four_hour/worker/raw/1dc5b0ea77b24ef3179d5566.bin.gz,725cf42b40fe76608021e3ae81f6c28de27aac4484d04b4831a02fca4414eb6d,0e7bfffae7063ac9ad3ee422f8cc504f78741638540e5d86b36de557c47f34bd,143141,22247,,loaded_native_returns,40,0,application/json; charset=utf-8,143141,,server_representation_metadata; not native message publication or verified edit time
1dce785567229a2f3aab808b,bluesky,content,https://public.api.bsky.app/xrpc/app.bsky.feed.getAuthorFeed?actor=did%3Aplc%3Aragtjsm2j2vknwkz3zp4oxrd&limit=100&filter=posts_with_replies&includePins=false&cursor=2023-09-18T15%3A51%3A28.624Z,2026-10-10T08:22:58.299754+00:00,200,saved,work_packages/M1_source_access/27_newspaper_context_recovery_20261008/social_public_api/continuations/20261010_broader_history_four_hour/worker/raw/1dce785567229a2f3aab808b.bin.gz,21b0bd0053758bcdd8a1f40ba1efe2177caa2187489fdf94c4d9eaa845bf9c61,aa5c7252b84ed627407ae0aa7c714a5cb790e5e13e50243f6640e24997163ab1,401379,35796,,loaded_native_returns,116,0,application/json; charset=utf-8,401379,,server_representation_metadata; not native message publication or verified edit time
1de003f48c699e1b22a29190,w3_wwwtalk,content,https://lists.w3.org/Archives/Public/www-talk/1992MayJun/0038.html,2026-10-10T06:27:08.900910+00:00,200,saved,work_packages/M1_source_access/27_newspaper_context_recovery_20261008/social_public_api/continuations/20261010_broader_history_four_hour/worker/raw/1de003f48c699e1b22a29190.bin.gz,6c487f3bbd561ba38665ee9addd851ee61ef54e3a3c6b22cbbf2898b7f09f571,4022addaa146237bb3f53cba41ed609a53478188736bf14e892dc0013f663eea,14167,6059,,loaded_native_returns,1,0,text/html,,"Mon, 04 Aug 2003 15:50:20 GMT",server_representation_metadata; not native message publication or verified edit time
1de12debe448a0ac2e31e8af,w3_wwwtalk,content,https://lists.w3.org/Archives/Public/www-talk/1992MayJun/0053.html,2026-10-10T07:00:42.804489+00:00,200,saved,work_packages/M1_source_access/27_newspaper_context_recovery_20261008/social_public_api/continuations/20261010_broader_history_four_hour/worker/raw/1de12debe448a0ac2e31e8af.bin.gz,d2f0eda717d88b3f4b481e77db1d9796f4ab3ee43f5b207fbbfeebc5b75f4050,3919ff0b9726afd819f283818898772de6c7ee9cfc1fb93069a93ae115ae9ecf,2978,1137,,loaded_native_returns,1,0,text/html,,"Mon, 04 Aug 2003 15:50:20 GMT",server_representation_metadata; not native message publication or verified edit time
1e4734279e40fbc3ff82337e,mastodon_au,content,https://aus.social/api/v1/timelines/public?local=true&limit=40&max_id=116901533116983252,2026-10-10T09:36:51.455072+00:00,200,saved,work_packages/M1_source_access/27_newspaper_context_recovery_20261008/social_public_api/continuations/20261010_broader_history_four_hour/worker/raw/1e4734279e40fbc3ff82337e.bin.gz,0849f544deadcd31cddfd6c1f8273e148ab1512bb263cb6a69e61f40b891daf9,5bd51143bb20aee42618e2f2741e3113931cf433eff85a0ec33a960e95a6931d,165488,29706,,loaded_native_returns,40,0,application/json; charset=utf-8,165488,,server_representation_metadata; not native message publication or verified edit time
1e48963e60d6fdcb7732f311,python_discourse,content,https://discuss.python.org/t/612.json,2026-10-10T07:56:44.399510+00:00,200,saved,work_packages/M1_source_access/27_newspaper_context_recovery_20261008/social_public_api/continuations/20261010_broader_history_four_hour/worker/raw/1e48963e60d6fdcb7732f311.bin.gz,e39c3521ebf524eb998b0971cf485315713b7caeb558194bf806b7ca35b8c761,bafa839d6dda9081e4aceb93dc53392e8f38ac0aea8def1b7cf101dc8ea0f988,77865,11342,,loaded_native_returns,21,0,application/json; charset=utf-8,77865,,server_representation_metadata; not native message publication or verified edit time
1e4ddf15f3a9dbdc15ed8be6,bluesky,content,https://public.api.bsky.app/xrpc/app.bsky.feed.getAuthorFeed?actor=did%3Aplc%3Aragtjsm2j2vknwkz3zp4oxrd&limit=100&filter=posts_with_replies&includePins=false&cursor=2023-09-19T01%3A49%3A41.828Z,2026-10-10T08:18:54.622426+00:00,200,saved,work_packages/M1_source_access/27_newspaper_context_recovery_20261008/social_public_api/continuations/20261010_broader_history_four_hour/worker/raw/1e4ddf15f3a9dbdc15ed8be6.bin.gz,e52bc26004f05f36f992b24e09aa98b2f7a35e5893995a42f59cbab143802cdd,ab378fc7398c766b4abd25f77d368f5eadf163dac07998c2738a7df67dd8b4dc,512829,44646,,loaded_native_returns,109,0,application/json; charset=utf-8,512829,,server_representation_metadata; not native message publication or verified edit time
1e517bb2d27e69b42729d004,mastodon_uk,content,https://mastodon.me.uk/api/v1/timelines/public?local=true&limit=40&max_id=116148946948348229,2026-10-10T08:22:38.122490+00:00,200,saved,work_packages/M1_source_access/27_newspaper_context_recovery_20261008/social_public_api/continuations/20261010_broader_history_four_hour/worker/raw/1e517bb2d27e69b42729d004.bin.gz,dba0fb11f58d42df91cfeeed0089bf512df936407516aaf3dbfd04d21c7462da,0aa935ea80c45ad22b0b6a8896a64e4551eb85c5b0403a020f49a3737ef4a4fe,133718,17894,,loaded_native_returns,40,0,application/json; charset=utf-8,133718,,server_representation_metadata; not native message publication or verified edit time
1e5808e71fe3af417f1197ea,mastodon_us,content,https://sfba.social/api/v1/timelines/public?local=true&limit=40&max_id=116925248396022370,2026-10-10T06:30:27.066992+00:00,200,saved,work_packages/M1_source_access/27_newspaper_context_recovery_20261008/social_public_api/continuations/20261010_broader_history_four_hour/worker/raw/1e5808e71fe3af417f1197ea.bin.gz,ca6bb8a7aad6c4a33d6e62975df3d5d3c17599c81ed8ebb894b44268d90d56c0,f5594131855987aa8ca676087678154a52f1f834ab11331d0bd704be9c4981b7,158517,25834,,loaded_native_returns,40,0,application/json; charset=utf-8,158517,,server_representation_metadata; not native message publication or verified edit time
1e58b6efb1ac845d0773178f,python_discourse,content,https://discuss.python.org/t/611.json,2026-10-10T07:54:47.424964+00:00,200,saved,work_packages/M1_source_access/27_newspaper_context_recovery_20261008/social_public_api/continuations/20261010_broader_history_four_hour/worker/raw/1e58b6efb1ac845d0773178f.bin.gz,f57eba25f7907c612f0276d33add796b3279d783f63eeae0f78549c6e7f87158,ffe4d34a2737459cd60c2923d2fb0877fe7b6418bfedaa879805c8ca831bd5a8,48138,7151,,loaded_native_returns,12,0,application/json; charset=utf-8,48138,,server_representation_metadata; not native message publication or verified edit time
1e78f6042bbe7cc2c8d385c7,straight_dope,content,https://boards.straightdope.com/t/1025298/posts.json?post_ids%5B%5D=25841070&post_ids%5B%5D=25841080&post_ids%5B%5D=25841186&post_ids%5B%5D=25841219&post_ids%5B%5D=25841350&post_ids%5B%5D=25841428&post_ids%5B%5D=25841434&post_ids%5B%5D=25841442&post_ids%5B%5D=25841470&post_ids%5B%5D=25841477&post_ids%5B%5D=25841481&post_ids%5B%5D=25841483&post_ids%5B%5D=25841484&post_ids%5B%5D=25841503&post_ids%5B%5D=25841506&post_ids%5B%5D=25841645&post_ids%5B%5D=25841711&post_ids%5B%5D=25841714&post_ids%5B%5D=25841736&post_ids%5B%5D=25841767,2026-10-10T07:11:16.173153+00:00,200,saved,work_packages/M1_source_access/27_newspaper_context_recovery_20261008/social_public_api/continuations/20261010_broader_history_four_hour/worker/raw/1e78f6042bbe7cc2c8d385c7.bin.gz,e8433827930348e8b0c7f85e26d71eed3526f1ccd30e0a0f4a9cfaa8a754ae8c,56a82b5f3e76cf57fc7c9e89ee2b8e938657051d6c3f4ed17856314fc8b28cf2,49693,7401,,loaded_native_returns,21,0,application/json; charset=utf-8,49693,,server_representation_metadata; not native message publication or verified edit time
1e7971ec1f683af69e836857,straight_dope,content,https://boards.straightdope.com/t/1025298/posts.json?post_ids%5B%5D=25837754&post_ids%5B%5D=25837761&post_ids%5B%5D=25837817&post_ids%5B%5D=25837915&post_ids%5B%5D=25837919&post_ids%5B%5D=25837920&post_ids%5B%5D=25837925&post_ids%5B%5D=25837929&post_ids%5B%5D=25838033&post_ids%5B%5D=25838042&post_ids%5B%5D=25838044&post_ids%5B%5D=25838094&post_ids%5B%5D=25838113&post_ids%5B%5D=25838130&post_ids%5B%5D=25838146&post_ids%5B%5D=25838195&post_ids%5B%5D=25838224&post_ids%5B%5D=25838238&post_ids%5B%5D=25838272&post_ids%5B%5D=25838344,2026-10-10T07:00:53.761487+00:00,200,saved,work_packages/M1_source_access/27_newspaper_context_recovery_20261008/social_public_api/continuations/20261010_broader_history_four_hour/worker/raw/1e7971ec1f683af69e836857.bin.gz,2b095fdd39d7c0322c9351f7e5097a3371e3c73e1f7f3611d414c87a86dc22d2,3ccbb52746ab56195712006eafbb1721a424bb23a566211057cdb22b5a5a5a7f,49696,7919,,loaded_native_returns,21,0,application/json; charset=utf-8,49696,,server_representation_metadata; not native message publication or verified edit time
1e8d64daa1b569831d7e2380,hackernews,content,https://hacker-news.firebaseio.com/v0/item/140.json,2026-10-10T06:43:09.021238+00:00,200,saved,work_packages/M1_source_access/27_newspaper_context_recovery_20261008/social_public_api/continuations/20261010_broader_history_four_hour/worker/raw/1e8d64daa1b569831d7e2380.bin.gz,1cfa2c32456f123be94336da1c4f8f172bf12713bc6d26e97007c4400b10e3aa,e0a53121005943de752e8c2b8bc7f8354a3bb40f5457431da4c222beec84facb,278,229,,loaded_native_returns,1,0,application/json; charset=utf-8,278,,server_representation_metadata; not native message publication or verified edit time
1eb77ed00ac4fd18b9386ace,mastodon_uk,content,https://mastodon.me.uk/api/v1/timelines/public?local=true&limit=40&max_id=116249520287318853,2026-10-10T06:26:45.942283+00:00,200,saved,work_packages/M1_source_access/27_newspaper_context_recovery_20261008/social_public_api/continuations/20261010_broader_history_four_hour/worker/raw/1eb77ed00ac4fd18b9386ace.bin.gz,0ccf87e732f2542e989163bb97dc71ecdede6709b033bd1d0bb99cb3a451f383,514073f08c5fc621dcbafce323282e5234e41abd9a00ae6b08f465ca04e55ebe,129003,17320,,loaded_native_returns,40,0,application/json; charset=utf-8,129003,,server_representation_metadata; not native message publication or verified edit time
1f056a559bcecfff09cd3b3b,osm_discourse,content,https://community.openstreetmap.org/t/32538.json,2026-10-10T09:31:11.844413+00:00,200,saved,work_packages/M1_source_access/27_newspaper_context_recovery_20261008/social_public_api/continuations/20261010_broader_history_four_hour/worker/raw/1f056a559bcecfff09cd3b3b.bin.gz,2df29ac2ad43622b68218cb62f7f2a4d785a05dcab9062e5b90b4f8103a7f004,83a56ea9a4178bb9763a2d495dad664beb8a957c6cd031e1f8a7b80b873e321a,17731,4078,,loaded_native_returns,4,0,application/json; charset=utf-8,17731,,server_representation_metadata; not native message publication or verified edit time
1f16c6d07ad06a7cd58205e6,mastodon_us,content,https://sfba.social/api/v1/timelines/public?local=true&limit=40&max_id=116896630370503611,2026-10-10T08:06:40.931290+00:00,200,saved,work_packages/M1_source_access/27_newspaper_context_recovery_20261008/social_public_api/continuations/20261010_broader_history_four_hour/worker/raw/1f16c6d07ad06a7cd58205e6.bin.gz,d642cbee74d51699c51f40fc7ea3da6e450c2bb77406397423a099e9d1524425,2c5c92e37b50b0de53f73bac422f8d0a18080ac66e88e4308127e2476708cf75,163236,25639,,loaded_native_returns,40,0,application/json; charset=utf-8,163236,,server_representation_metadata; not native message publication or verified edit time
1f23501a4da56cf0a6c51d7d,lemmy_nz,content,https://lemmy.nz/api/v3/comment/list?type_=Local&sort=Old&limit=50&page=1&post_id=170742,2026-10-10T06:00:00.010012+00:00,200,saved,work_packages/M1_source_access/27_newspaper_context_recovery_20261008/social_public_api/continuations/20261010_broader_history_four_hour/worker/raw/1f23501a4da56cf0a6c51d7d.bin.gz,dbbc14879bf7c42fac06d226362df02011ef268693c78ed8891a4d01e9bed7b5,c4d9f753a93a5880d16ca8acffd7cb06beb6a32186597fab23c028d850722edd,8170,2087,,loaded_native_returns,4,0,application/json,8170,,server_representation_metadata; not native message publication or verified edit time
1f2eaf90f18fc6a2d956ddd0,mastodon_us,content,https://sfba.social/api/v1/timelines/public?local=true&limit=40&max_id=116880469435982832,2026-10-10T08:50:53.806271+00:00,200,saved,work_packages/M1_source_access/27_newspaper_context_recovery_20261008/social_public_api/continuations/20261010_broader_history_four_hour/worker/raw/1f2eaf90f18fc6a2d956ddd0.bin.gz,35588225056ff3cef5e6f1e64af8fc051a264ba52da5538fc361e6d5c77c649c,4ae90a1f7ef3fd162346e140c565c0187c51ad242126aae28387dfe420286259,149112,24939,,loaded_native_returns,40,0,application/json; charset=utf-8,149112,,server_representation_metadata; not native message publication or verified edit time
1f69faabe42165dd4427b2ac,python_list_archive,content,https://mail.python.org/pipermail/python-list/2012-January.txt,2026-10-10T09:36:21.113780+00:00,200,saved,work_packages/M1_source_access/27_newspaper_context_recovery_20261008/social_public_api/continuations/20261010_broader_history_four_hour/worker/raw/1f69faabe42165dd4427b2ac.bin.gz,645651d8ca549ed281c70650f2233c9bc09681f2ffd7205394194e402e87d626,6c20ba164a2234f0c7cc5a8e469c7b9bbc7e0efa829c7c6ea9be014f4f282095,5178194,1371492,,loaded_native_returns,2998,0,text/plain,5178194,"Mon, 28 Oct 2019 10:13:47 GMT",server_representation_metadata; not native message publication or verified edit time
1f746bd688c10a2062dda0a4,dowire_newswire,content,https://www.mail-archive.com/newswire%40groups.dowire.org/mail5.html,2026-10-10T06:29:56.746929+00:00,200,saved,work_packages/M1_source_access/27_newspaper_context_recovery_20261008/social_public_api/continuations/20261010_broader_history_four_hour/worker/raw/1f746bd688c10a2062dda0a4.bin.gz,b39723d42287f31b4e9e126986bdf06d65bb776f0722546a164aa1362990c2ab,3d251277bd9e82218678940d01c7dc5cdffb98db15afd96d3f5c8c2337777644,49852,10233,,loaded_native_returns,0,0,text/html; charset=UTF-8,,,server_representation_metadata; not native message publication or verified edit time
1f8d212a0e67d0dfa43caf1a,bluesky,content,https://public.api.bsky.app/xrpc/app.bsky.feed.getAuthorFeed?actor=did%3Aplc%3Aragtjsm2j2vknwkz3zp4oxrd&limit=100&filter=posts_with_replies&includePins=false&cursor=2023-09-15T12%3A59%3A25.611Z,2026-10-10T08:26:46.625726+00:00,200,saved,work_packages/M1_source_access/27_newspaper_context_recovery_20261008/social_public_api/continuations/20261010_broader_history_four_hour/worker/raw/1f8d212a0e67d0dfa43caf1a.bin.gz,f6333d62f6b45a11117ba198879d885c473c3ff85efcacb76051dce74b7bb404,7257cbc262f6e4225701d64b0aec57b55d048cff7c3e5616935231d9db8f4f35,448716,40106,,loaded_native_returns,104,0,application/json; charset=utf-8,448716,,server_representation_metadata; not native message publication or verified edit time
1fd62f38aa3c598459f176b8,dowire_civic_archive,source_metadata,https://www.mail-archive.com/do-wire%40lists.umn.edu/msg00236.html,2026-10-10T06:18:45.110122+00:00,200,saved,work_packages/M1_source_access/27_newspaper_context_recovery_20261008/social_public_api/continuations/20261010_broader_history_four_hour/worker/raw/1fd62f38aa3c598459f176b8.bin.gz,6654974594981cc34a47f3f0827cc0e182d613dba24e97942583e2cfcf7a476f,fcd5e3b9b8c6ec7994b1dcc5494a7eeaeda703e2a4d6d77f3141037d7e06cd96,10879,4158,,noncontent_access_policy_or_frame_metadata,0,0,text/html; charset=utf-8,,,server_representation_metadata; not native message publication or verified edit time
20023bf54e62c4bf79ada54d,mastodon_uk,content,https://mastodon.me.uk/api/v1/timelines/public?local=true&limit=40&max_id=116265871190846413,2026-10-10T06:05:42.916204+00:00,200,saved,work_packages/M1_source_access/27_newspaper_context_recovery_20261008/social_public_api/continuations/20261010_broader_history_four_hour/worker/raw/20023bf54e62c4bf79ada54d.bin.gz,0ea8879dead96f425e8e5b6735372c7f726a6943c6e9c5a0716d1c45688613e5,9799719a8e2f292fb4f947339ae34d72a0b42491ac91f0eaf3ace71549d60751,119471,14357,,loaded_native_returns,40,0,application/json; charset=utf-8,119471,,server_representation_metadata; not native message publication or verified edit time
2004896a40d549d3fefb6eba,mastodon_au,content,https://aus.social/api/v1/timelines/public?local=true&limit=40&max_id=116946651536266745,2026-10-10T06:44:20.599532+00:00,200,saved,work_packages/M1_source_access/27_newspaper_context_recovery_20261008/social_public_api/continuations/20261010_broader_history_four_hour/worker/raw/2004896a40d549d3fefb6eba.bin.gz,dc8211580e15511a614f84732bbbf4e03206d54eae6c760a01d19a75a5e11f0d,dac53b21e815192f27c3e73da49a652ec2b5e59dac87344febad842bf316b33e,150857,25425,,loaded_native_returns,40,0,application/json; charset=utf-8,150857,,server_representation_metadata; not native message publication or verified edit time
2048c5176059dc666b6615b1,python_discourse,content,https://discuss.python.org/t/429.json,2026-10-10T06:04:45.268483+00:00,200,saved,work_packages/M1_source_access/27_newspaper_context_recovery_20261008/social_public_api/continuations/20261010_broader_history_four_hour/worker/raw/2048c5176059dc666b6615b1.bin.gz,062631653060ebe3b5445dc9054a0f093cfc4b166c27bf552ad9bf65e1745657,b9544c3dcd28638b639c9b327ca19b03b2157734fa75e8753c03033f32f33c06,75586,12835,,loaded_native_returns,21,0,application/json; charset=utf-8,75586,,server_representation_metadata; not native message publication or verified edit time
20cbee628370dd8036f8da69,hackernews,content,https://hacker-news.firebaseio.com/v0/item/182.json,2026-10-10T08:11:31.408629+00:00,200,saved,work_packages/M1_source_access/27_newspaper_context_recovery_20261008/social_public_api/continuations/20261010_broader_history_four_hour/worker/raw/20cbee628370dd8036f8da69.bin.gz,1d6af2520bb401788bc3aeb54a564cb41c978dc21b9f28acdcaf0aad14593f16,c534cacf277884366049a167e83ad686dbc2dab7c708a7b9c5cb8f2ea41ace77,214,180,,loaded_native_returns,1,0,application/json; charset=utf-8,214,,server_representation_metadata; not native message publication or verified edit time
2105e36d72fa67da976e3553,mastodon_au,content,https://aus.social/api/v1/timelines/public?local=true&limit=40&max_id=116925993696529464,2026-10-10T08:02:13.665677+00:00,200,saved,work_packages/M1_source_access/27_newspaper_context_recovery_20261008/social_public_api/continuations/20261010_broader_history_four_hour/worker/raw/2105e36d72fa67da976e3553.bin.gz,e72ba9c2345b689d3954ecf772a41e49ec9b4e1b781d5cc020f7b56aaeed82c2,37cf48f95f5804469a9fa9485914226b6b86140b197cb7c3ac482cb1fc7e4feb,135685,20820,,loaded_native_returns,40,0,application/json; charset=utf-8,135685,,server_representation_metadata; not native message publication or verified edit time
2148774fad86df6c684b6154,bluesky,content,https://public.api.bsky.app/xrpc/app.bsky.feed.getAuthorFeed?actor=did%3Aplc%3Aragtjsm2j2vknwkz3zp4oxrd&limit=100&filter=posts_with_replies&includePins=false&cursor=2023-09-19T22%3A34%3A45.287Z,2026-10-10T08:14:57.220950+00:00,200,saved,work_packages/M1_source_access/27_newspaper_context_recovery_20261008/social_public_api/continuations/20261010_broader_history_four_hour/worker/raw/2148774fad86df6c684b6154.bin.gz,d98b87f551c65d074ec82f010f365fa75987b65347d53b1ce64f43f6303bfd36,cbd896df28e2def2fe96e69d86fbff66878f412fd79fa3a89cbad18d475f75a5,447638,44364,,loaded_native_returns,109,0,application/json; charset=utf-8,447638,,server_representation_metadata; not native message publication or verified edit time
21518f1cc0a81fcb858e3a32,mastodon_au,content,https://aus.social/api/v1/timelines/public?local=true&limit=40&max_id=116946127866203004,2026-10-10T06:49:46.064635+00:00,200,saved,work_packages/M1_source_access/27_newspaper_context_recovery_20261008/social_public_api/continuations/20261010_broader_history_four_hour/worker/raw/21518f1cc0a81fcb858e3a32.bin.gz,c95cf34b63c80488cecfa70aebe70cc2db31e5b8df42b9de2021566dd8aa0ef1,cf555d534d1a402de1b233b70b3b4673693a2734704d45e99cef86d717e3eca5,150003,28522,,loaded_native_returns,40,0,application/json; charset=utf-8,150003,,server_representation_metadata; not native message publication or verified edit time
219b22752b1a841db14c602d,mastodon_uk,content,https://mastodon.me.uk/api/v1/timelines/public?local=true&limit=40&max_id=116271455103680704,2026-10-10T05:58:52.153612+00:00,200,saved,work_packages/M1_source_access/27_newspaper_context_recovery_20261008/social_public_api/continuations/20261010_broader_history_four_hour/worker/raw/219b22752b1a841db14c602d.bin.gz,f12191fe83b39883d6e13e253b5bc9e35d9415752334a8a6988d745273c44d60,4e612478266dbf51363aaf6dde4c783d55110ca93e63b2f0a02a83a13f33c55d,125485,13595,,loaded_native_returns,40,0,application/json; charset=utf-8,125485,,server_representation_metadata; not native message publication or verified edit time
21b10730e7bc0c9fa29c0072,w3_wwwtalk,content,https://lists.w3.org/Archives/Public/www-talk/1992JulAug/0018.html,2026-10-10T08:17:10.901858+00:00,200,saved,work_packages/M1_source_access/27_newspaper_context_recovery_20261008/social_public_api/continuations/20261010_broader_history_four_hour/worker/raw/21b10730e7bc0c9fa29c0072.bin.gz,131cdca0444f4eafe346a68380cf70345baa6d46bf5dff4e7c4041f6bd41423e,7a7ab359b5298cfe8724d9225af2ead4285f637b33c08410087b11b5eb2f8bdf,3506,1405,,loaded_native_returns,1,0,text/html,,"Mon, 04 Aug 2003 15:50:19 GMT",server_representation_metadata; not native message publication or verified edit time
220e080aa0c88f6aed1c0170,mastodon_au,content,https://aus.social/api/v1/timelines/public?local=true&limit=40&max_id=116943962617969082,2026-10-10T07:00:23.095753+00:00,200,saved,work_packages/M1_source_access/27_newspaper_context_recovery_20261008/social_public_api/continuations/20261010_broader_history_four_hour/worker/raw/220e080aa0c88f6aed1c0170.bin.gz,8c908688d4436e51b8c2a4e00bbb24cd05d4b6926098b7e96428243479cf820f,d1f3954bcac46722d35f39db7f436bedc4b48631f6ba7491913bbd5d5bbcd6a1,168760,30904,,loaded_native_returns,40,0,application/json; charset=utf-8,168760,,server_representation_metadata; not native message publication or verified edit time
2228497e503041fbc5269dbe,bluesky,content,https://public.api.bsky.app/xrpc/app.bsky.feed.getAuthorFeed?actor=did%3Aplc%3Aragtjsm2j2vknwkz3zp4oxrd&limit=100&filter=posts_with_replies&includePins=false&cursor=2023-11-20T16%3A59%3A00.043Z,2026-10-10T06:49:57.670425+00:00,200,saved,work_packages/M1_source_access/27_newspaper_context_recovery_20261008/social_public_api/continuations/20261010_broader_history_four_hour/worker/raw/2228497e503041fbc5269dbe.bin.gz,2f0cf41a8a2da53175387b6e57d5b6735049374304d1ece3f901488e91ced1bd,1135aa80e45482d09e103949921fe245712d2e9fd3adc5e55753bbd49e9783d5,454371,42696,,loaded_native_returns,113,0,application/json; charset=utf-8,454371,,server_representation_metadata; not native message publication or verified edit time
222f7391776dad9545d57066,mastodon_au,content,https://aus.social/api/v1/timelines/public?local=true&limit=40&max_id=116926376093372226,2026-10-10T07:58:51.796373+00:00,200,saved,work_packages/M1_source_access/27_newspaper_context_recovery_20261008/social_public_api/continuations/20261010_broader_history_four_hour/worker/raw/222f7391776dad9545d57066.bin.gz,5ab69995580489cc987b17d43ddfa78a6cca7c98f133522cfdaedb0f7d5bf0e5,767952461ea7ca64285b3480e7c0c057aa2a8e670f39a44aacdcef760727550e,134059,22146,,loaded_native_returns,40,0,application/json; charset=utf-8,134059,,server_representation_metadata; not native message publication or verified edit time
228288bfc618d58eb84f2033,hackernews,content,https://hacker-news.firebaseio.com/v0/item/209.json,2026-10-10T09:29:57.235041+00:00,200,saved,work_packages/M1_source_access/27_newspaper_context_recovery_20261008/social_public_api/continuations/20261010_broader_history_four_hour/worker/raw/228288bfc618d58eb84f2033.bin.gz,7a5aeeb096f0a8e7e1f45d00ca25b4c53bcea74cd143175be5b145136e4eee97,3301c1e4a6d632d5164bb4d1e6900d39daa624101767b411de0eb9ef3438ffd4,219,179,,loaded_native_returns,1,0,application/json; charset=utf-8,219,,server_representation_metadata; not native message publication or verified edit time
22832f84697626346d597394,lemmy_nz,content,https://lemmy.nz/api/v3/comment/list?type_=Local&sort=Old&limit=50&page=2&post_id=210940,2026-10-10T09:23:44.563192+00:00,200,saved,work_packages/M1_source_access/27_newspaper_context_recovery_20261008/social_public_api/continuations/20261010_broader_history_four_hour/worker/raw/22832f84697626346d597394.bin.gz,9efdb10c81eaf55dc95e4320d1f02441576a405fb0551d5b8f1905bc0728f854,4fa14da49dc015f30581863a05d74d4091152f4549146526e99de651d5809edf,15,35,,loaded_native_returns,0,0,application/json,15,,server_representation_metadata; not native message publication or verified edit time
2290505fd18ae543613f0b48,python_discourse,content,https://discuss.python.org/t/489/posts.json?post_ids%5B%5D=7144&post_ids%5B%5D=7173&post_ids%5B%5D=7206&post_ids%5B%5D=7568&post_ids%5B%5D=7570&post_ids%5B%5D=7595,2026-10-10T07:00:48.095695+00:00,200,saved,work_packages/M1_source_access/27_newspaper_context_recovery_20261008/social_public_api/continuations/20261010_broader_history_four_hour/worker/raw/2290505fd18ae543613f0b48.bin.gz,a6fc7e6472d107e6e86fdcc855dc13c2f4e1ea68fbdd8daceb0717771ad3712b,db5ee7a0c5674cbc1fdae6e0d33799b35912965fe68898c3fc53e7ec2da0a688,10761,2140,,loaded_native_returns,7,0,application/json; charset=utf-8,10761,,server_representation_metadata; not native message publication or verified edit time
229b9f523aaaa8389bde37ef,mastodon_uk,content,https://mastodon.me.uk/api/v1/timelines/public?local=true&limit=40&max_id=116204379508527502,2026-10-10T07:17:33.829189+00:00,200,saved,work_packages/M1_source_access/27_newspaper_context_recovery_20261008/social_public_api/continuations/20261010_broader_history_four_hour/worker/raw/229b9f523aaaa8389bde37ef.bin.gz,aef8a49311f23d96a0c33d3028806c8cdf7104e212f30d5724ec6c0bf1d4e000,3d116506fe49583a8bc03270d73d59e35db46c39e5c4743c388a7ef40c044f4b,128671,16618,,loaded_native_returns,40,0,application/json; charset=utf-8,128671,,server_representation_metadata; not native message publication or verified edit time
22a8bf5c7a0b9024a0507c59,python_list_archive,content,https://mail.python.org/pipermail/python-list/2010-January.txt,2026-10-10T08:25:37.457036+00:00,200,saved,work_packages/M1_source_access/27_newspaper_context_recovery_20261008/social_public_api/continuations/20261010_broader_history_four_hour/worker/raw/22a8bf5c7a0b9024a0507c59.bin.gz,4a9ae5c21cf06ac1030e2bd37f77e8e82fca10a164b146f346e62f7d4ffcbcf2,7f5b4659df33762fe5b460ccb82b806e92c50f921a86afef0e7ee972bcdc1d70,11861334,3107993,,loaded_native_returns,6690,0,text/plain,11861334,"Mon, 28 Oct 2019 10:04:36 GMT",server_representation_metadata; not native message publication or verified edit time
22c154fb0c33aa04cca11a14,mastodon_uk,content,https://mastodon.me.uk/api/v1/timelines/public?local=true&limit=40&max_id=116234894081339111,2026-10-10T06:42:17.572119+00:00,200,saved,work_packages/M1_source_access/27_newspaper_context_recovery_20261008/social_public_api/continuations/20261010_broader_history_four_hour/worker/raw/22c154fb0c33aa04cca11a14.bin.gz,6775fa0506cd9c5c30a6374a5ed26c4e4d1829aca1f88935b8171ea7bea35a8c,2d1afdf2a60ab479f3c68a28d706ce9aa85104f0ee97a11fb22437bf47e3963c,143945,15674,,loaded_native_returns,40,0,application/json; charset=utf-8,143945,,server_representation_metadata; not native message publication or verified edit time
22d687302e8bde1029db5c08,thesession,documentation,https://thesession.org/api,2026-10-10T07:29:23.710324+00:00,200,saved,work_packages/M1_source_access/27_newspaper_context_recovery_20261008/social_public_api/continuations/20261010_broader_history_four_hour/worker/raw/22d687302e8bde1029db5c08.bin.gz,f5e5f99b0a9a587ea394da1242175167685b1514aa5821951f2c031ddc3c5b2b,11f75422f944e24be9f4fa03b88c9b753c2aca5043c64d3af86522d9f63febfa,62796,14037,,noncontent_access_policy_or_frame_metadata,0,0,text/html; charset=utf-8,,,server_representation_metadata; not native message publication or verified edit time
230169787445a672fcc9edb3,mastodon_us,content,https://sfba.social/api/v1/timelines/public?local=true&limit=40&max_id=116879524773061652,2026-10-10T09:23:58.668918+00:00,200,saved,work_packages/M1_source_access/27_newspaper_context_recovery_20261008/social_public_api/continuations/20261010_broader_history_four_hour/worker/raw/230169787445a672fcc9edb3.bin.gz,638ad119fa1df69a6f358c0516a35eaddf162483f8c8c2c47d6729590a6236f8,047a148428008cee6612febb972ccc8dae976e8a846118caf07017ce625d69bd,169318,24994,,loaded_native_returns,40,0,application/json; charset=utf-8,169318,,server_representation_metadata; not native message publication or verified edit time
230a378fc5b2ecaf4e68df0f,thesession,content,https://thesession.org/discussions/33,2026-10-10T08:45:46.263354+00:00,200,saved,work_packages/M1_source_access/27_newspaper_context_recovery_20261008/social_public_api/continuations/20261010_broader_history_four_hour/worker/raw/230a378fc5b2ecaf4e68df0f.bin.gz,e26ee9117b7e6eb89f8ca0494a02ee820964288cead1d2a3130e3074eac33b21,b7ed4a55594d4d881f847811291ebd97a22435a53cceef1b8c62c97a62c50ed6,63238,14194,,loaded_native_returns,8,0,text/html; charset=utf-8,,,server_representation_metadata; not native message publication or verified edit time
2314a76c0be43c14bd45cb40,mpls_mnforum_archive,content,https://www.mail-archive.com/mpls@mnforum.org/msg00001.html,2026-10-10T06:52:09.775857+00:00,200,saved,work_packages/M1_source_access/27_newspaper_context_recovery_20261008/social_public_api/continuations/20261010_broader_history_four_hour/worker/raw/2314a76c0be43c14bd45cb40.bin.gz,2310c2eb9c3017005bd179d9b04ea28d602968b1e88138d65ef95238fcb83025,a8a44d7c0d8db22160674415be57a0e731f1b10a8939dfe57e434396071499f8,8354,3341,,loaded_native_returns,1,0,text/html; charset=utf-8,,,server_representation_metadata; not native message publication or verified edit time
2346b52c0e7466ca8ad969a2,straight_dope,content,https://boards.straightdope.com/t/1025298/posts.json?post_ids%5B%5D=25852413&post_ids%5B%5D=25852426&post_ids%5B%5D=25852794&post_ids%5B%5D=25852806&post_ids%5B%5D=25852810&post_ids%5B%5D=25852839&post_ids%5B%5D=25852855&post_ids%5B%5D=25853039&post_ids%5B%5D=25853181&post_ids%5B%5D=25853183&post_ids%5B%5D=25853200&post_ids%5B%5D=25853218&post_ids%5B%5D=25853230&post_ids%5B%5D=25853243&post_ids%5B%5D=25853288&post_ids%5B%5D=25853306&post_ids%5B%5D=25853356&post_ids%5B%5D=25853371&post_ids%5B%5D=25853449&post_ids%5B%5D=25853458,2026-10-10T07:33:06.916753+00:00,200,saved,work_packages/M1_source_access/27_newspaper_context_recovery_20261008/social_public_api/continuations/20261010_broader_history_four_hour/worker/raw/2346b52c0e7466ca8ad969a2.bin.gz,6eaa27d06cdfecbb19518a4a738a88d63a4f2819ab7e713c5f07035a0266618e,517ade7bb87082ad9f805977bbbc7c13bed88b220478236967dcdf611a1e7b54,71786,15438,,loaded_native_returns,21,0,application/json; charset=utf-8,71786,,server_representation_metadata; not native message publication or verified edit time
2357ac8e9273176e8bf4be96,thesession,content,https://thesession.org/discussions/45,2026-10-10T09:33:16.844022+00:00,200,saved,work_packages/M1_source_access/27_newspaper_context_recovery_20261008/social_public_api/continuations/20261010_broader_history_four_hour/worker/raw/2357ac8e9273176e8bf4be96.bin.gz,229b047cbf62421fd8ae85052c69b104ee50038c73bd93ddaf2265fb413f778d,074a1bae61959ed4196901cd1cd3c6d5f7c0b8f047822ddd4dce9898ce7d14e9,62922,13992,,loaded_native_returns,7,0,text/html; charset=utf-8,,,server_representation_metadata; not native message publication or verified edit time
23886af3cad7893e773c8e97,mastodon_us,content,https://sfba.social/api/v1/timelines/public?local=true&limit=40&max_id=116933038395482107,2026-10-10T06:00:17.462404+00:00,200,saved,work_packages/M1_source_access/27_newspaper_context_recovery_20261008/social_public_api/continuations/20261010_broader_history_four_hour/worker/raw/23886af3cad7893e773c8e97.bin.gz,9facd7fa575385127e470d229cee11fcf8a17e6e3be30f3a531892844010e227,2e2f6fe00d945f8cacb488a93985de29e735e960a84a597089d24814ff267112,141252,19943,,loaded_native_returns,40,0,application/json; charset=utf-8,141252,,server_representation_metadata; not native message publication or verified edit time
23cb936327497423457f9688,mastodon_us,content,https://sfba.social/api/v1/timelines/public?local=true&limit=40&max_id=116893443669990195,2026-10-10T08:14:50.988090+00:00,200,saved,work_packages/M1_source_access/27_newspaper_context_recovery_20261008/social_public_api/continuations/20261010_broader_history_four_hour/worker/raw/23cb936327497423457f9688.bin.gz,b51cb298f6eecf3e32726418b8a9ab86d75f8bcc99c4a45fc53f3aaa90e1022e,d8b54dd0b8cb26dae9dbb799abeee458901cc60ebb170fee7dd80c7062a34a63,151822,21292,,loaded_native_returns,40,0,application/json; charset=utf-8,151822,,server_representation_metadata; not native message publication or verified edit time
24783e35e4a73849e109aa16,bluesky,content,https://public.api.bsky.app/xrpc/app.bsky.feed.getAuthorFeed?actor=did%3Aplc%3At5pur7eruxfgxy7ynpfrmg2w&limit=100&filter=posts_with_replies&includePins=false&cursor=2025-07-15T01%3A19%3A12.825Z,2026-10-10T07:59:04.329720+00:00,200,saved,work_packages/M1_source_access/27_newspaper_context_recovery_20261008/social_public_api/continuations/20261010_broader_history_four_hour/worker/raw/24783e35e4a73849e109aa16.bin.gz,43c0e149829775732479befb2f5d023fddd0c2f2b55749abebdfa7b718eef161,9d788d074f5e982e452392b224d654ffe18c12bc222cf711c261ecd97ed9d628,534387,56655,,loaded_native_returns,100,0,application/json; charset=utf-8,534387,,server_representation_metadata; not native message publication or verified edit time
24e4d70c40aefdc1020f1f49,thesession,content,https://thesession.org/discussions/32,2026-10-10T08:43:55.376346+00:00,200,saved,work_packages/M1_source_access/27_newspaper_context_recovery_20261008/social_public_api/continuations/20261010_broader_history_four_hour/worker/raw/24e4d70c40aefdc1020f1f49.bin.gz,7ec04b483c5c9731177da0ef9711fdc8faa806df54db02be3bb56c157f43697c,43e5e9e4845d2bd662b594e94c71e692d264fcae0f525770ddfd41250ad13966,59754,14191,,loaded_native_returns,3,0,text/html; charset=utf-8,,,server_representation_metadata; not native message publication or verified edit time
24fa8bef6269b1e975831e10,python_list_archive,content,https://mail.python.org/pipermail/python-list/2009-February.txt,2026-10-10T08:03:24.871894+00:00,200,saved,work_packages/M1_source_access/27_newspaper_context_recovery_20261008/social_public_api/continuations/20261010_broader_history_four_hour/worker/raw/24fa8bef6269b1e975831e10.bin.gz,9516c42d08703dcd61bcbbe925cfea6365e321e22d2e3d5952b07dfa1a7f7b6c,a0414e52201eca3f9f36b7f2ef161ca5f678c07d9c7b927b38e3ee7736ffcae1,13353599,3646449,,loaded_native_returns,8026,0,text/plain,13353599,"Mon, 28 Oct 2019 09:56:12 GMT",server_representation_metadata; not native message publication or verified edit time
2524e9afc06d2d2b02bf6e87,python_discourse,content,https://discuss.python.org/t/434/posts.json?post_ids%5B%5D=1964&post_ids%5B%5D=1966&post_ids%5B%5D=1967&post_ids%5B%5D=1968&post_ids%5B%5D=1969&post_ids%5B%5D=1970,2026-10-10T06:03:22.495703+00:00,200,saved,work_packages/M1_source_access/27_newspaper_context_recovery_20261008/social_public_api/continuations/20261010_broader_history_four_hour/worker/raw/2524e9afc06d2d2b02bf6e87.bin.gz,5d6d467a9d232fe4863504321ca79fc6bef1509572a5b7b666c9b103b2c14150,7287fe6c34d8fc7b632bb0775736e523a8b0f955cd0bfa5f6915b77a7296dc77,13028,2352,,loaded_native_returns,7,0,application/json; charset=utf-8,13028,,server_representation_metadata; not native message publication or verified edit time
2542e329ee4929ac0c47729c,mastodon_us,content,https://sfba.social/api/v1/timelines/public?local=true&limit=40&max_id=116903337695553886,2026-10-10T07:42:11.060644+00:00,200,saved,work_packages/M1_source_access/27_newspaper_context_recovery_20261008/social_public_api/continuations/20261010_broader_history_four_hour/worker/raw/2542e329ee4929ac0c47729c.bin.gz,f88ac5cb6c5b6997a48b1232cf1c20a4d7f58d4afb02969f34e8291314ff31f4,8e10e684ba0e62b041d02f2f9e6d50ecbca837d99dbca0ff2ad92914dcc70824,129905,18561,,loaded_native_returns,40,0,application/json; charset=utf-8,129905,,server_representation_metadata; not native message publication or verified edit time
260f8d38ea817213d8bc3e68,lemmy_nz,content,https://lemmy.nz/api/v3/comment/list?type_=Local&sort=Old&limit=50&page=1&post_id=179767,2026-10-10T06:49:32.494834+00:00,200,saved,work_packages/M1_source_access/27_newspaper_context_recovery_20261008/social_public_api/continuations/20261010_broader_history_four_hour/worker/raw/260f8d38ea817213d8bc3e68.bin.gz,d9a85e921a293e1766c51cd1e302aa3104c7610ad4aa1dcdfe84a15227a08b95,e00eb1882f5908890a24c87641bbbd26a775fe740a5d4706ce04b0bbf39aeb62,9464,1838,,loaded_native_returns,6,0,application/json,9464,,server_representation_metadata; not native message publication or verified edit time
26680d1116e0b2b68e8db24b,mastodon_us,content,https://sfba.social/api/v1/timelines/public?local=true&limit=40&max_id=116919105094647835,2026-10-10T06:54:06.895967+00:00,200,saved,work_packages/M1_source_access/27_newspaper_context_recovery_20261008/social_public_api/continuations/20261010_broader_history_four_hour/worker/raw/26680d1116e0b2b68e8db24b.bin.gz,04fd25ce07011a72530de259ebad58cb163e0d8761904baa31a1e194ca789408,a179744311d2f6f16d188af9a0411edd1bf58f2169c3bed22e37ec20bd2feb78,177376,26622,,loaded_native_returns,40,0,application/json; charset=utf-8,177376,,server_representation_metadata; not native message publication or verified edit time
2675d1d80be4292cf05b6e33,dowire_lists_umn,content,https://www.mail-archive.com/do-wire%40lists.umn.edu/msg00012.html,2026-10-10T06:55:40.306674+00:00,200,saved,work_packages/M1_source_access/27_newspaper_context_recovery_20261008/social_public_api/continuations/20261010_broader_history_four_hour/worker/raw/2675d1d80be4292cf05b6e33.bin.gz,a99447087e263385c4ac4e0e2b00028978a0d4de0836b29e668d2ad54278d6b7,fbf0aa45962e0adaf4874078404ad8f865b59c2d93874ea4dae8d9952ce3f151,14787,5866,,loaded_native_returns,1,0,text/html; charset=utf-8,,,server_representation_metadata; not native message publication or verified edit time
2683ae5746acd91ac1261759,dowire_newswire,content,https://www.mail-archive.com/newswire%40groups.dowire.org/msg00001.html,2026-10-10T06:49:15.698604+00:00,200,saved,work_packages/M1_source_access/27_newspaper_context_recovery_20261008/social_public_api/continuations/20261010_broader_history_four_hour/worker/raw/2683ae5746acd91ac1261759.bin.gz,29dd359591b8a7f3d31719f2035055ca22e3aa2e0325231673f54ee301b30cfd,9a5a036c18b63a739bba36455c0bc314d5078f9ecabac5d272a319544626115a,13572,4483,,loaded_native_returns,1,0,text/html; charset=utf-8,,,server_representation_metadata; not native message publication or verified edit time
26870f4fa8ae50f1d3399f4b,mastodon_uk,content,https://mastodon.me.uk/api/v1/timelines/public?local=true&limit=40&max_id=116120538557123555,2026-10-10T09:23:50.110618+00:00,200,saved,work_packages/M1_source_access/27_newspaper_context_recovery_20261008/social_public_api/continuations/20261010_broader_history_four_hour/worker/raw/26870f4fa8ae50f1d3399f4b.bin.gz,def0f029ff8a8e155f00b408e54dbcfb8bdeae94ef9d2e79e24e8736f5c487e2,3499202a7419b14f65f6b32fd390cf82ff38c3909169848baa767bf1a8c1e54c,127355,17239,,loaded_native_returns,40,0,application/json; charset=utf-8,127355,,server_representation_metadata; not native message publication or verified edit time
268a1153d79ab17c7578b54f,e_democracy_archival,source_metadata,https://web.archive.org/web/20240301122603/http://forums.e-democracy.org/groups/oxford-hm/messages/topics.html,2026-10-10T07:08:47.710772+00:00,200,saved,work_packages/M1_source_access/27_newspaper_context_recovery_20261008/social_public_api/continuations/20261010_broader_history_four_hour/worker/raw/268a1153d79ab17c7578b54f.bin.gz,531b9356b8ae4a176d1ccd6e211ea3d085a53f5425540f9cab48839078e16969,08823e6dc0746feb82205a8f0f2025cf468c50113fe559f950bc25fc82537943,43571,8899,,noncontent_access_policy_or_frame_metadata,0,0,text/html; charset=UTF-8,,,server_representation_metadata; not native message publication or verified edit time
26a949418f420f0d7fb86a06,thesession,content,https://thesession.org/discussions/13,2026-10-10T08:06:54.351603+00:00,200,saved,work_packages/M1_source_access/27_newspaper_context_recovery_20261008/social_public_api/continuations/20261010_broader_history_four_hour/worker/raw/26a949418f420f0d7fb86a06.bin.gz,c541de8c84690372cdf52f57e7746a9947ee97d3513c509281ec9ddad50fe9f8,93fda9cfb67961e3bc7c8372ac3b098095aa5a2abf5624551cf6cfeff3a87475,60249,13793,,loaded_native_returns,4,0,text/html; charset=utf-8,,,server_representation_metadata; not native message publication or verified edit time
26d7a5ed95ea8d1e57d7e550,python_discourse,content,https://discuss.python.org/t/510.json,2026-10-10T07:07:51.900349+00:00,200,saved,work_packages/M1_source_access/27_newspaper_context_recovery_20261008/social_public_api/continuations/20261010_broader_history_four_hour/worker/raw/26d7a5ed95ea8d1e57d7e550.bin.gz,83818151043fc96133191a5d1d19bf409359cfb81163554acb420ca2e7f3438b,bd452cbe3008ad7165f018347b2645c379f4e5375c5dc2ecbbcfdad92fba78c2,16282,4037,,loaded_native_returns,4,0,application/json; charset=utf-8,16282,,server_representation_metadata; not native message publication or verified edit time
26d90316c9e8a2ac47b67b94,w3_wwwtalk,content,https://lists.w3.org/Archives/Public/www-talk/1992MayJun/0050.html,2026-10-10T06:54:29.500935+00:00,200,saved,work_packages/M1_source_access/27_newspaper_context_recovery_20261008/social_public_api/continuations/20261010_broader_history_four_hour/worker/raw/26d90316c9e8a2ac47b67b94.bin.gz,b43db7459a33f504de64a4ec44a6d575750ab82a8196b73f0a0d0c3dcff49ded,0cb2ec66574f8d92cd63ec2c3cde4739df209d9b54b820fd75141d39cbd58575,2925,1008,,loaded_native_returns,1,0,text/html,,"Mon, 04 Aug 2003 15:50:20 GMT",server_representation_metadata; not native message publication or verified edit time
2702d22947e96df8be31c10f,straight_dope,content,https://boards.straightdope.com/t/360200/posts.json?post_ids%5B%5D=25858185&post_ids%5B%5D=25858472&post_ids%5B%5D=25858517&post_ids%5B%5D=25858786&post_ids%5B%5D=25858845&post_ids%5B%5D=25862268&post_ids%5B%5D=25862272&post_ids%5B%5D=25862398,2026-10-10T08:11:19.015739+00:00,200,saved,work_packages/M1_source_access/27_newspaper_context_recovery_20261008/social_public_api/continuations/20261010_broader_history_four_hour/worker/raw/2702d22947e96df8be31c10f.bin.gz,9bb55327855cdffee5bc440c82b11c98f7ab18c3394e65dede0154c17bed2381,a94421f4269f5029fddb05c3f6c6def53e119f2e031419a61f509f546693a33e,28149,4894,,loaded_native_returns,9,0,application/json; charset=utf-8,28149,,server_representation_metadata; not native message publication or verified edit time
27a600d22fb7a46ceae597ae,straight_dope,content,https://boards.straightdope.com/t/1025298/posts.json?post_ids%5B%5D=25842497&post_ids%5B%5D=25842803&post_ids%5B%5D=25842808&post_ids%5B%5D=25842827&post_ids%5B%5D=25842855&post_ids%5B%5D=25842879&post_ids%5B%5D=25842884&post_ids%5B%5D=25842891&post_ids%5B%5D=25842942&post_ids%5B%5D=25842956&post_ids%5B%5D=25842961&post_ids%5B%5D=25842997&post_ids%5B%5D=25843011&post_ids%5B%5D=25843049&post_ids%5B%5D=25843155&post_ids%5B%5D=25843327&post_ids%5B%5D=25843434&post_ids%5B%5D=25843895&post_ids%5B%5D=25843900&post_ids%5B%5D=25843913,2026-10-10T07:14:43.659317+00:00,200,saved,work_packages/M1_source_access/27_newspaper_context_recovery_20261008/social_public_api/continuations/20261010_broader_history_four_hour/worker/raw/27a600d22fb7a46ceae597ae.bin.gz,33d45d69388b5012cafe3e3c13680a0c8f8775b6f7b3a270c0fdb549e2f0f76c,bc55ec9e43f91bdf9c828e88bad851ded14a8303330abf9777b678413ecfffaf,54446,9839,,loaded_native_returns,21,0,application/json; charset=utf-8,54446,,server_representation_metadata; not native message publication or verified edit time
27b40efae6f1dde458503e74,hackernews,content,https://hacker-news.firebaseio.com/v0/item/153.json,2026-10-10T07:11:28.024619+00:00,200,saved,work_packages/M1_source_access/27_newspaper_context_recovery_20261008/social_public_api/continuations/20261010_broader_history_four_hour/worker/raw/27b40efae6f1dde458503e74.bin.gz,7c1bd22ee3d01da4584878af5d317edeeb9bc1b93a8b1d2235073cd452d88e8c,1306a4076fca5cb364d1567fd17b456d276af2f2c3c8d1fb653264603464c3b3,268,217,,loaded_native_returns,1,0,application/json; charset=utf-8,268,,server_representation_metadata; not native message publication or verified edit time
27b5716bed6d981b4c07d739,bluesky,content,https://public.api.bsky.app/xrpc/app.bsky.feed.getAuthorFeed?actor=did%3Aplc%3Aragtjsm2j2vknwkz3zp4oxrd&limit=100&filter=posts_with_replies&includePins=false&cursor=2023-09-20T09%3A20%3A26.507Z,2026-10-10T08:10:54.298981+00:00,200,saved,work_packages/M1_source_access/27_newspaper_context_recovery_20261008/social_public_api/continuations/20261010_broader_history_four_hour/worker/raw/27b5716bed6d981b4c07d739.bin.gz,23e81f598d61a4b08598c51b19cd0dd512e7903328bb7be9bb716fe6ca26a865,0ab51fd731f60e3b0ec8dcd7699bd19513ff7d6bcba2b5628f5374fc23f6ec6e,474319,43481,,loaded_native_returns,107,0,application/json; charset=utf-8,474319,,server_representation_metadata; not native message publication or verified edit time
2827b4dab2b92e20713b91b9,mastodon_au,content,https://aus.social/api/v1/timelines/public?local=true&limit=40&max_id=116951558783411612,2026-10-10T06:30:21.911027+00:00,200,saved,work_packages/M1_source_access/27_newspaper_context_recovery_20261008/social_public_api/continuations/20261010_broader_history_four_hour/worker/raw/2827b4dab2b92e20713b91b9.bin.gz,95b4f9f7096f32f1374e8bd70b24e40954fe6c0efd4ae47c6ed9ae4ea817a100,af44cdef23df9bf5be4fcc127773718b2b5ad9621825123f7658355d1184c233,161725,30776,,loaded_native_returns,40,0,application/json; charset=utf-8,161725,,server_representation_metadata; not native message publication or verified edit time
2860bfccf5489614021e80be,hackernews,content,https://hacker-news.firebaseio.com/v0/item/217.json,2026-10-10T09:40:16.481587+00:00,200,saved,work_packages/M1_source_access/27_newspaper_context_recovery_20261008/social_public_api/continuations/20261010_broader_history_four_hour/worker/raw/2860bfccf5489614021e80be.bin.gz,ee5fa6539cd6fe72db1066a902dd6ecf4dff58aac50e084f0202d0f46f25ae2f,f78f01094fc370d592f2691149e6671ee324e0b1b466abdab05d2c719c868834,244,191,,loaded_native_returns,1,0,application/json; charset=utf-8,244,,server_representation_metadata; not native message publication or verified edit time
28698eca7cba2910764cd0f5,lemmy_nz,content,https://lemmy.nz/api/v3/comment/list?type_=Local&sort=Old&limit=50&page=1&post_id=212210,2026-10-10T09:35:21.013895+00:00,200,saved,work_packages/M1_source_access/27_newspaper_context_recovery_20261008/social_public_api/continuations/20261010_broader_history_four_hour/worker/raw/28698eca7cba2910764cd0f5.bin.gz,545e66c4e098fe77a42526feee775329f19b38fe16a02a2229347af1ad04ea36,4fe200a1c6a0c8c69a053e45e033a675214d1262aa3cc395e09333e4339c0ae7,7530,2050,,loaded_native_returns,4,0,application/json,7530,,server_representation_metadata; not native message publication or verified edit time
28927dd110c367ed49a12c1a,tildes,content,https://tildes.net/~life/1w44/there_is_no_epidemic_of_loneliness_but_there_is_an_epidemic_of_social_scurvy,2026-10-10T08:04:06.338138+00:00,200,saved,work_packages/M1_source_access/27_newspaper_context_recovery_20261008/social_public_api/continuations/20261010_broader_history_four_hour/worker/raw/28927dd110c367ed49a12c1a.bin.gz,0ff7b4da2ec70a5669deb2913ca2295558c6cabf3bccd0650e0574e2acecc70b,5cd5869569a80f7ddcc84e13ae31a3debd054be2b77d3668f88e743a04e0e1ea,147367,28523,,loaded_native_returns,52,0,text/html; charset=UTF-8,147367,,server_representation_metadata; not native message publication or verified edit time
28a4eeaba5347ce1d86af87d,mastodon_uk,content,https://mastodon.me.uk/api/v1/timelines/public?local=true&limit=40&max_id=116206576280448429,2026-10-10T07:14:07.649884+00:00,200,saved,work_packages/M1_source_access/27_newspaper_context_recovery_20261008/social_public_api/continuations/20261010_broader_history_four_hour/worker/raw/28a4eeaba5347ce1d86af87d.bin.gz,423a39de5172c797a9de2ba8a81949ef506d74c870a931d7a89ddd2bfe9d6798,7fbe77ba279b12108839efbe27580a579401fd55837cdc32fccdbcba7ccce290,144851,17531,,loaded_native_returns,40,0,application/json; charset=utf-8,144851,,server_representation_metadata; not native message publication or verified edit time
28b5c59ce750aa08745b13d0,tildes,content,https://tildes.net/~movies/1w3y/resident_evil_scores_60m_us_opening_best_ever_for_zach_cregger_and_franchise,2026-10-10T08:28:13.984496+00:00,200,saved,work_packages/M1_source_access/27_newspaper_context_recovery_20261008/social_public_api/continuations/20261010_broader_history_four_hour/worker/raw/28b5c59ce750aa08745b13d0.bin.gz,a321168ed612ed9cc514b88ef9fa6d75e458d0ea5022395789ac47914548ccaa,2d7d433ca82b212675c5c70e3463af51db4dae25a7c34474d0c1a46e4920bbae,15844,3879,,loaded_native_returns,4,0,text/html; charset=UTF-8,15844,,server_representation_metadata; not native message publication or verified edit time
28bf3960f233c6712dcb9fb0,python_list_archive,content,https://mail.python.org/pipermail/python-list/2010-April.txt,2026-10-10T08:31:31.413875+00:00,200,saved,work_packages/M1_source_access/27_newspaper_context_recovery_20261008/social_public_api/continuations/20261010_broader_history_four_hour/worker/raw/28bf3960f233c6712dcb9fb0.bin.gz,2e0547902e7bf7725ca6e8a47013f7674b93c881e402655dc1bc0a1da8721e29,748c2c86bece29e330d552cf7636ec26972ec57e44375635735705c9b519e247,7925131,2094549,,loaded_native_returns,4706,0,text/plain,7925131,"Mon, 28 Oct 2019 10:08:51 GMT",server_representation_metadata; not native message publication or verified edit time
28c2bd4c9059d090694515f6,lemmy_nz,content,https://lemmy.nz/api/v3/comment/list?type_=Local&sort=Old&limit=50&page=2&post_id=201135,2026-10-10T08:33:49.709693+00:00,200,saved,work_packages/M1_source_access/27_newspaper_context_recovery_20261008/social_public_api/continuations/20261010_broader_history_four_hour/worker/raw/28c2bd4c9059d090694515f6.bin.gz,9efdb10c81eaf55dc95e4320d1f02441576a405fb0551d5b8f1905bc0728f854,4fa14da49dc015f30581863a05d74d4091152f4549146526e99de651d5809edf,15,35,,loaded_native_returns,0,0,application/json,15,,server_representation_metadata; not native message publication or verified edit time
28e0814dc2fca87aa861a1f9,dowire_tc_umn,content,https://www.mail-archive.com/do-wire%40tc.umn.edu/msg00000.html,2026-10-10T06:30:00.659195+00:00,200,saved,work_packages/M1_source_access/27_newspaper_context_recovery_20261008/social_public_api/continuations/20261010_broader_history_four_hour/worker/raw/28e0814dc2fca87aa861a1f9.bin.gz,f677ee4efa0ae408cf536f249d44c46ca8ef481cc2f4eb979b4ee889b9386999,1485dd4ab061961674d63adf554b2cde60368f4793c7c78e85c645bb7c25c80e,9744,3904,,loaded_native_returns,1,0,text/html; charset=utf-8,,,server_representation_metadata; not native message publication or verified edit time
291e3b41a23e0e8cb945a33c,mastodon_us,content,https://sfba.social/api/v1/timelines/public?local=true&limit=40&max_id=116901620384720526,2026-10-10T07:50:42.222499+00:00,200,saved,work_packages/M1_source_access/27_newspaper_context_recovery_20261008/social_public_api/continuations/20261010_broader_history_four_hour/worker/raw/291e3b41a23e0e8cb945a33c.bin.gz,6555da6950847e977b7229e939230b0072175b15a5b09c38f9ee643e2bbe9ca2,e473955a3c57870ba27f3f1a29fdb779707de8c20a7f9aecbc103a6ba7e5baae,161676,21374,,loaded_native_returns,40,0,application/json; charset=utf-8,161676,,server_representation_metadata; not native message publication or verified edit time
2926e1390e2609869ccb2df8,hackernews,content,https://hacker-news.firebaseio.com/v0/item/201.json,2026-10-10T08:48:01.880728+00:00,200,saved,work_packages/M1_source_access/27_newspaper_context_recovery_20261008/social_public_api/continuations/20261010_broader_history_four_hour/worker/raw/2926e1390e2609869ccb2df8.bin.gz,99a7ca8a7e2d3b63374ed0b2c7abb38daa5a22c8491c173b17928187cf9698db,7eab1c552b546e48b04cbe5d20ff2791d75119b335df5e1e8ca6ce8766d80249,261,213,,loaded_native_returns,1,0,application/json; charset=utf-8,261,,server_representation_metadata; not native message publication or verified edit time
294c10bacb4391341f5b794a,mpls_mnforum_archive,source_metadata,https://www.mail-archive.com/search?l=mpls%40mnforum.org&q=date%3A%5B19880101+TO+20260921%5D+sort%3Aoldest,2026-10-10T06:38:12.800686+00:00,200,saved,work_packages/M1_source_access/27_newspaper_context_recovery_20261008/social_public_api/continuations/20261010_broader_history_four_hour/worker/raw/294c10bacb4391341f5b794a.bin.gz,b3c28dedd176c6753fcfca0ce20c55d55878c4848113b28531a4825e40fd7aaf,030b2251cb73b75d6f6a313fb8f32fad88a13ac18c7805a3a2cff67f2f6d3016,103831,18862,,noncontent_access_policy_or_frame_metadata,0,0,text/html,,,server_representation_metadata; not native message publication or verified edit time
295b49bca73f4e09647729a1,bluesky,content,https://public.api.bsky.app/xrpc/app.bsky.feed.getAuthorFeed?actor=did%3Aplc%3At5pur7eruxfgxy7ynpfrmg2w&limit=100&filter=posts_with_replies&includePins=false&cursor=2025-07-13T22%3A07%3A47.238Z,2026-10-10T09:24:02.936454+00:00,200,saved,work_packages/M1_source_access/27_newspaper_context_recovery_20261008/social_public_api/continuations/20261010_broader_history_four_hour/worker/raw/295b49bca73f4e09647729a1.bin.gz,3837af7401ed5008f983523f2b6cdd2b5d1296c27153896ca0803a62911fdd3d,6e6566ebdb47773b7c3f4aa67e25b5d145ee7b76fab3dda13849df1e7c6da119,584344,61729,,loaded_native_returns,100,0,application/json; charset=utf-8,584344,,server_representation_metadata; not native message publication or verified edit time
296f25ca1b78bb2378b7aa94,thesession,content,https://thesession.org/discussions/10,2026-10-10T07:59:11.176556+00:00,200,saved,work_packages/M1_source_access/27_newspaper_context_recovery_20261008/social_public_api/continuations/20261010_broader_history_four_hour/worker/raw/296f25ca1b78bb2378b7aa94.bin.gz,d507091408411680ead8d4312464a2b33a53c5d718dd178b1e9e00c590535bee,0db3247ab7c499dc0d79530c5bcd59a3f3f5742847e09f1c5bb81c2685ef0dcf,59368,13831,,loaded_native_returns,4,0,text/html; charset=utf-8,,,server_representation_metadata; not native message publication or verified edit time
29b7ba308ee39aa2b7e3b561,mastodon_us,content,https://sfba.social/api/v1/timelines/public?local=true&limit=40&max_id=116870475877621009,2026-10-10T09:39:47.804371+00:00,200,saved,work_packages/M1_source_access/27_newspaper_context_recovery_20261008/social_public_api/continuations/20261010_broader_history_four_hour/worker/raw/29b7ba308ee39aa2b7e3b561.bin.gz,5b759d921f125c9acf0a1fcaf6ece9e23cf1690de280f02e5ca6f8fe11e213e6,a05ed91af520a71b32f53dc7c4ae6aba75dc0661c86c060c6f077d0d35d2529c,141403,18502,,loaded_native_returns,40,0,application/json; charset=utf-8,141403,,server_representation_metadata; not native message publication or verified edit time
29cb0139c34fc48659628da4,tildes,content,https://tildes.net/~tech/16n0/christian_selig_i_want_to_debunk_reddits_claims_and_talk_about_their_unwillingness_to_work_with,2026-10-10T08:33:44.192481+00:00,200,saved,work_packages/M1_source_access/27_newspaper_context_recovery_20261008/social_public_api/continuations/20261010_broader_history_four_hour/worker/raw/29cb0139c34fc48659628da4.bin.gz,868eafe84c41cb6f2ef703528002983dcc688a5d21ee079292a68f467ca886ad,16c2c625c41af0c4e0380d53d78301c5d1df99fa2d82ee10f669e8dd0120fbda,102987,14562,,loaded_native_returns,45,0,text/html; charset=UTF-8,102987,,server_representation_metadata; not native message publication or verified edit time
29d2a0a7cb2cf0402fc828fb,mpls_mnforum_archive,content,https://www.mail-archive.com/search?l=mpls%40mnforum.org&q=date%3A%5B19880101+TO+20260921%5D+sort%3Aoldest,2026-10-10T06:47:46.102155+00:00,200,saved,work_packages/M1_source_access/27_newspaper_context_recovery_20261008/social_public_api/continuations/20261010_broader_history_four_hour/worker/raw/29d2a0a7cb2cf0402fc828fb.bin.gz,028392421ab1780304928b187360f41d29492944ab33405fcc44f4e1d42c94b3,2d9f2dee018743792f08cccfadc0b3e20087573a660290243e6aa4cf51bcbda7,103831,18861,,loaded_native_returns,0,0,text/html,,,server_representation_metadata; not native message publication or verified edit time
29dd017d748d524a0ff0618c,mastodon_us,content,https://sfba.social/api/v1/timelines/public?local=true&limit=40&max_id=116882412041279602,2026-10-10T08:43:40.186047+00:00,200,saved,work_packages/M1_source_access/27_newspaper_context_recovery_20261008/social_public_api/continuations/20261010_broader_history_four_hour/worker/raw/29dd017d748d524a0ff0618c.bin.gz,d961fea558c914bd454fdef372ea478298debbaea2bc5331171a20f2ed5eab49,975e26594d4608c67741ae074c0b5c5ada002c3033fb12db2f39a6ec944ca7c0,175975,23614,,loaded_native_returns,40,0,application/json; charset=utf-8,175975,,server_representation_metadata; not native message publication or verified edit time
2a481dd5332d66b28dac7d7f,thesession,content,https://thesession.org/discussions/14,2026-10-10T08:09:02.380794+00:00,200,saved,work_packages/M1_source_access/27_newspaper_context_recovery_20261008/social_public_api/continuations/20261010_broader_history_four_hour/worker/raw/2a481dd5332d66b28dac7d7f.bin.gz,f56aa3c058d69ea53725c46c0a09e1f2a1b35242657aee0b4dcb0e0aef532856,f97cb2364a810e432340876ff9d8a0b403d0736aee4442011fb53ef792d7c39f,58252,13583,,loaded_native_returns,3,0,text/html; charset=utf-8,,,server_representation_metadata; not native message publication or verified edit time
2a5638809b4a7dd96d6c499c,straight_dope,content,https://boards.straightdope.com/t/1025298/posts.json?post_ids%5B%5D=25829673&post_ids%5B%5D=25829675&post_ids%5B%5D=25829676&post_ids%5B%5D=25829678&post_ids%5B%5D=25829706&post_ids%5B%5D=25829710&post_ids%5B%5D=25829717&post_ids%5B%5D=25829718&post_ids%5B%5D=25829754&post_ids%5B%5D=25829923&post_ids%5B%5D=25829925&post_ids%5B%5D=25829942&post_ids%5B%5D=25829960&post_ids%5B%5D=25829961&post_ids%5B%5D=25829966&post_ids%5B%5D=25829981&post_ids%5B%5D=25830049&post_ids%5B%5D=25830070&post_ids%5B%5D=25830071&post_ids%5B%5D=25830075,2026-10-10T06:38:54.163260+00:00,200,saved,work_packages/M1_source_access/27_newspaper_context_recovery_20261008/social_public_api/continuations/20261010_broader_history_four_hour/worker/raw/2a5638809b4a7dd96d6c499c.bin.gz,97be85d57cb608283c6d120d8925fc547d839d64e7f9511e97bbd79d0bab7b2f,ddc0fe59cf75e7765f26c592bbfa654811052e1b35a9c0bc8c67e8ca4f84663a,51892,8298,,loaded_native_returns,21,0,application/json; charset=utf-8,51892,,server_representation_metadata; not native message publication or verified edit time
2aa0316fcdf80a4fc06061c2,python_discourse,content,https://discuss.python.org/t/549.json,2026-10-10T07:30:57.606224+00:00,200,saved,work_packages/M1_source_access/27_newspaper_context_recovery_20261008/social_public_api/continuations/20261010_broader_history_four_hour/worker/raw/2aa0316fcdf80a4fc06061c2.bin.gz,baa9705a1484952da692d9b35b87144785c9a9666ac90e5f2cbdcfbd5040b417,c7d0b3887a1e9ce245f20c618457902de03ab58872496e67348737c64c80b7f2,27364,4973,,loaded_native_returns,9,0,application/json; charset=utf-8,27364,,server_representation_metadata; not native message publication or verified edit time
2aa9e9dc783b018899413daf,mastodon_uk,content,https://mastodon.me.uk/api/v1/timelines/public?local=true&limit=40&max_id=116172129236548680,2026-10-10T07:56:08.709994+00:00,200,saved,work_packages/M1_source_access/27_newspaper_context_recovery_20261008/social_public_api/continuations/20261010_broader_history_four_hour/worker/raw/2aa9e9dc783b018899413daf.bin.gz,3f7705a7246f270448dfcb41a83ba2485fa1eef79f895f602d61fddb7f195c8d,763228609f721c6f945d9ddd5c3722620be2b0a53691878bc50492f5cae608db,127634,17229,,loaded_native_returns,40,0,application/json; charset=utf-8,127634,,server_representation_metadata; not native message publication or verified edit time
2ace0b2337dd550ded395f35,hackernews,content,https://hacker-news.firebaseio.com/v0/item/148.json,2026-10-10T07:02:53.844697+00:00,200,saved,work_packages/M1_source_access/27_newspaper_context_recovery_20261008/social_public_api/continuations/20261010_broader_history_four_hour/worker/raw/2ace0b2337dd550ded395f35.bin.gz,fd3cff1d209d4484466da2b2dbc242db8037a1af0f8a58ea1684b27fd14aa0e1,0d70e24c2d474d172cde5a4fcb96117de21bd26379e2259be16e91ce47396ea0,200,167,,loaded_native_returns,1,0,application/json; charset=utf-8,200,,server_representation_metadata; not native message publication or verified edit time
2afee9b5632d865e4cd2ed01,straight_dope,content,https://boards.straightdope.com/t/1025298/posts.json?post_ids%5B%5D=25843944&post_ids%5B%5D=25843983&post_ids%5B%5D=25844075&post_ids%5B%5D=25844099&post_ids%5B%5D=25844111&post_ids%5B%5D=25844131&post_ids%5B%5D=25844133&post_ids%5B%5D=25844142&post_ids%5B%5D=25844146&post_ids%5B%5D=25844156&post_ids%5B%5D=25844201&post_ids%5B%5D=25844480&post_ids%5B%5D=25844511&post_ids%5B%5D=25844669&post_ids%5B%5D=25844696&post_ids%5B%5D=25844734&post_ids%5B%5D=25844765&post_ids%5B%5D=25844790&post_ids%5B%5D=25844796&post_ids%5B%5D=25844799,2026-10-10T07:16:33.292511+00:00,200,saved,work_packages/M1_source_access/27_newspaper_context_recovery_20261008/social_public_api/continuations/20261010_broader_history_four_hour/worker/raw/2afee9b5632d865e4cd2ed01.bin.gz,9d5a08055c6fadde4bfbf4953658aa7d49b6f1928452ca84e5de73143a5e5c5f,d92b3f2a753d9057fb89594fbc23fb15ed1d827a8ece84510f360eb05b27b603,76935,16217,,loaded_native_returns,21,0,application/json; charset=utf-8,76935,,server_representation_metadata; not native message publication or verified edit time
2b0f43ee36c249b92f2e57f2,bluesky,content,https://public.api.bsky.app/xrpc/app.bsky.feed.getAuthorFeed?actor=did%3Aplc%3At5pur7eruxfgxy7ynpfrmg2w&limit=100&filter=posts_with_replies&includePins=false&cursor=2025-08-03T01%3A18%3A41.782Z,2026-10-10T06:32:31.556337+00:00,200,saved,work_packages/M1_source_access/27_newspaper_context_recovery_20261008/social_public_api/continuations/20261010_broader_history_four_hour/worker/raw/2b0f43ee36c249b92f2e57f2.bin.gz,1f6058344909f666da5e0c37ac51d39d15ea8315b44df15656ac38aacb1a0a7a,3b1214d7acb770e892c3c600be1b7001b013f442c9fd76f7a7f4e15ae9350de7,566910,57201,,loaded_native_returns,101,0,application/json; charset=utf-8,566910,,server_representation_metadata; not native message publication or verified edit time
2b1aae6321249ccd34a0ba0b,straight_dope,content,https://boards.straightdope.com/t/1025298/posts.json?post_ids%5B%5D=25839247&post_ids%5B%5D=25839569&post_ids%5B%5D=25839572&post_ids%5B%5D=25839581&post_ids%5B%5D=25839593&post_ids%5B%5D=25839844&post_ids%5B%5D=25839859&post_ids%5B%5D=25839871&post_ids%5B%5D=25839883&post_ids%5B%5D=25839904&post_ids%5B%5D=25839934&post_ids%5B%5D=25839948&post_ids%5B%5D=25839949&post_ids%5B%5D=25839999&post_ids%5B%5D=25840042&post_ids%5B%5D=25840043&post_ids%5B%5D=25840048&post_ids%5B%5D=25840099&post_ids%5B%5D=25840103&post_ids%5B%5D=25840118,2026-10-10T07:06:16.564110+00:00,200,saved,work_packages/M1_source_access/27_newspaper_context_recovery_20261008/social_public_api/continuations/20261010_broader_history_four_hour/worker/raw/2b1aae6321249ccd34a0ba0b.bin.gz,e34dae2bd8be89438952388dbdc44bd6e404d90866bd4220f5acf066826d17ee,77025084018bd93ef0f2e33ae546c129d26c678b555d04e780e8c5673673ea26,81223,14810,,loaded_native_returns,21,0,application/json; charset=utf-8,81223,,server_representation_metadata; not native message publication or verified edit time
2b4de0e6fc567a0d3bbb5f52,mastodon_uk,content,https://mastodon.me.uk/api/v1/timelines/public?local=true&limit=40&max_id=116237953201301054,2026-10-10T06:40:14.302798+00:00,200,saved,work_packages/M1_source_access/27_newspaper_context_recovery_20261008/social_public_api/continuations/20261010_broader_history_four_hour/worker/raw/2b4de0e6fc567a0d3bbb5f52.bin.gz,31064164acfbd1c6e53816fe71a0b33bb6dcbc054cf537243c03132f577a21dd,a48ceb15ccebbafb8354b50a32b005f66295c614f65063d5842a6dbe22cd8205,128298,17031,,loaded_native_returns,40,0,application/json; charset=utf-8,128298,,server_representation_metadata; not native message publication or verified edit time
2b6131fde3f0fe4751ac73e1,osm_discourse,content,https://community.openstreetmap.org/t/32256.json,2026-10-10T06:15:49.104955+00:00,200,saved,work_packages/M1_source_access/27_newspaper_context_recovery_20261008/social_public_api/continuations/20261010_broader_history_four_hour/worker/raw/2b6131fde3f0fe4751ac73e1.bin.gz,5445104c350f0bf4153c7a44d30600d7a88a7674237370205f4ef87cda01fa48,436f3ba6056c8104fa129d58c2b6a12f5d7cbf1a1981cff1c762202d51e0f04b,14256,3374,,loaded_native_returns,3,0,application/json; charset=utf-8,14256,,server_representation_metadata; not native message publication or verified edit time
2b987b1f44c5e4a36532322f,mpls_issues_freedom2_archive,content,https://www.mail-archive.com/mpls-issues@freedom2.mtn.org/msg00000.html,2026-10-10T06:50:08.517670+00:00,200,saved,work_packages/M1_source_access/27_newspaper_context_recovery_20261008/social_public_api/continuations/20261010_broader_history_four_hour/worker/raw/2b987b1f44c5e4a36532322f.bin.gz,1448f685dd263c0f5c98601f2da4ff06ad6011b71f7c5aacd2943192cc2c6e30,683ea3e70641d28e4fa87da7bb556a5020b39ec1cad6c1f3c490e258ea34b258,7947,3225,,loaded_native_returns,1,0,text/html; charset=utf-8,,,server_representation_metadata; not native message publication or verified edit time
2bf06f28186531605bc97379,tildes,content,https://tildes.net/~sports/1w3w/swedens_andreas_almgren_outkicked_kenyas_nicholas_kipkorir_to_win_the_half_marathon_title_in_a,2026-10-10T08:35:42.890081+00:00,200,saved,work_packages/M1_source_access/27_newspaper_context_recovery_20261008/social_public_api/continuations/20261010_broader_history_four_hour/worker/raw/2bf06f28186531605bc97379.bin.gz,f7c1d10fb3055d980a064eb2917a13776a4743d7c583da23056eefec2131794d,2cfca754e68b1ec1fd3c44684d13df3b21a4a34f851fefbe31138ff3dcebbe8a,9861,2735,,loaded_native_returns,1,0,text/html; charset=UTF-8,9861,,server_representation_metadata; not native message publication or verified edit time
2c0691e52977f431e1e17815,python_discourse,content,https://discuss.python.org/t/538.json,2026-10-10T07:25:29.666185+00:00,200,saved,work_packages/M1_source_access/27_newspaper_context_recovery_20261008/social_public_api/continuations/20261010_broader_history_four_hour/worker/raw/2c0691e52977f431e1e17815.bin.gz,bc4e1475cbbffa3c845bcac0f9194a907fcb77facd1970b1ee7207fac2f6cf89,586572bf9805079af44c9b38eaf500d11e11dd60e3e8f8b566d9cf8b5ee74608,40179,7051,,loaded_native_returns,13,0,application/json; charset=utf-8,40179,,server_representation_metadata; not native message publication or verified edit time
2c464ea63fd107badec762fa,tildes,content,https://tildes.net/~tech/168d/google_is_getting_a_lot_worse_because_of_the_reddit_blackouts,2026-10-10T09:24:58.236680+00:00,200,saved,work_packages/M1_source_access/27_newspaper_context_recovery_20261008/social_public_api/continuations/20261010_broader_history_four_hour/worker/raw/2c464ea63fd107badec762fa.bin.gz,135863eaff5d2842c8fae0ecf8807f898bc0515deb7745c0cd941827bc54bd6b,bf33e80a430dcf8dd478c7dbe39817c2be04eff7b30d94ec3ee51f42aa21e20c,257494,33815,,loaded_native_returns,120,0,text/html; charset=UTF-8,257494,,server_representation_metadata; not native message publication or verified edit time
2c69c3ea895bfb721c3c6705,straight_dope,content,https://boards.straightdope.com/t/712149/posts.json?post_ids%5B%5D=18080345&post_ids%5B%5D=18080401&post_ids%5B%5D=18080420&post_ids%5B%5D=18080450&post_ids%5B%5D=18080473&post_ids%5B%5D=18080480&post_ids%5B%5D=18080497&post_ids%5B%5D=18080502&post_ids%5B%5D=18080545&post_ids%5B%5D=18080591&post_ids%5B%5D=18080806&post_ids%5B%5D=18080819&post_ids%5B%5D=18080948&post_ids%5B%5D=18081022&post_ids%5B%5D=18081043&post_ids%5B%5D=18081177&post_ids%5B%5D=18081199&post_ids%5B%5D=18081432&post_ids%5B%5D=18081524&post_ids%5B%5D=18081778,2026-10-10T09:32:22.383276+00:00,200,saved,work_packages/M1_source_access/27_newspaper_context_recovery_20261008/social_public_api/continuations/20261010_broader_history_four_hour/worker/raw/2c69c3ea895bfb721c3c6705.bin.gz,805481f122e80409edfc67d4fd6ed0f6cebc1e42b7120072464c0b6904929ced,384bf1882562e193fd2aff6ad23b4fd098d9784e025e2ae006e8dcdc7efa9dea,30999,2553,,loaded_native_returns,21,0,application/json; charset=utf-8,30999,,server_representation_metadata; not native message publication or verified edit time
2c892708349fe4d99b58c5b1,python_discourse,content,https://discuss.python.org/t/558.json,2026-10-10T07:33:01.708135+00:00,200,saved,work_packages/M1_source_access/27_newspaper_context_recovery_20261008/social_public_api/continuations/20261010_broader_history_four_hour/worker/raw/2c892708349fe4d99b58c5b1.bin.gz,416de0bec5bdd02b4ec9584b842cb37c1cdd49d4458b9cc6ed1d0a315166f7d2,71c91f753c55f078ba6223ee107450e08c95c71b0f6c4c00f517a20aba4543b2,15406,3110,,loaded_native_returns,7,0,application/json; charset=utf-8,15406,,server_representation_metadata; not native message publication or verified edit time
2c8e7b8eae71a415f952a6fb,hackernews,content,https://hacker-news.firebaseio.com/v0/item/184.json,2026-10-10T08:15:32.937411+00:00,200,saved,work_packages/M1_source_access/27_newspaper_context_recovery_20261008/social_public_api/continuations/20261010_broader_history_four_hour/worker/raw/2c8e7b8eae71a415f952a6fb.bin.gz,a60d617bf732a95ac4bcd573dbebfb5230285907bc68bb20631a8664923a081e,e88f7080fb1610b00808137def8ec7b661f59b9bb790ec5a9859ca1363d329d4,167,157,,loaded_native_returns,1,0,application/json; charset=utf-8,167,,server_representation_metadata; not native message publication or verified edit time
2c8f5595975a6ffb596acf0a,python_list_archive,content,https://mail.python.org/pipermail/python-list/2005-February.txt,2026-10-10T06:18:06.415055+00:00,200,saved,work_packages/M1_source_access/27_newspaper_context_recovery_20261008/social_public_api/continuations/20261010_broader_history_four_hour/worker/raw/2c8f5595975a6ffb596acf0a.bin.gz,4aa974f7056a5e3c5b52571770661a59540cf400545529291230c50611944047,f172c5c9d7d82e8e6a0d7a5311b2452f2ba6cba1dc203d1470de1c8dea05430a,7735612,2957254,,loaded_native_returns,5250,0,text/plain,7735612,"Sun, 27 Oct 2019 23:38:27 GMT",server_representation_metadata; not native message publication or verified edit time
2cba8d5d7d44d91df22dd15b,mastodon_au,content,https://aus.social/api/v1/timelines/public?local=true&limit=40&max_id=116956421884835922,2026-10-10T06:15:13.286712+00:00,200,saved,work_packages/M1_source_access/27_newspaper_context_recovery_20261008/social_public_api/continuations/20261010_broader_history_four_hour/worker/raw/2cba8d5d7d44d91df22dd15b.bin.gz,936ee05946d5b144380eee70a2da061786650c1725e211f24a63423e82ec6905,d810b093b02f6cb7c474989d4580a5f686774fa75afb33d5349e3e095f476db0,159833,26854,,loaded_native_returns,40,0,application/json; charset=utf-8,159833,,server_representation_metadata; not native message publication or verified edit time
2cc9bcd680c92f275d28701e,mastodon_au,content,https://aus.social/api/v1/timelines/public?local=true&limit=40&max_id=116960953291291483,2026-10-10T06:04:22.986348+00:00,200,saved,work_packages/M1_source_access/27_newspaper_context_recovery_20261008/social_public_api/continuations/20261010_broader_history_four_hour/worker/raw/2cc9bcd680c92f275d28701e.bin.gz,577d78d5e0cddc42a00d0dd794a5cd4bb129f1c2b4ee62ebaa0b36fa7ca24cd2,a2e9288191798cd109be748c0bdda199f57362c2323a112c955b94a4e1b3defa,149827,27758,,loaded_native_returns,40,0,application/json; charset=utf-8,149827,,server_representation_metadata; not native message publication or verified edit time
2d14fb05024b826b8207e548,osm_discourse,content,https://community.openstreetmap.org/t/32407.json,2026-10-10T07:54:58.454290+00:00,200,saved,work_packages/M1_source_access/27_newspaper_context_recovery_20261008/social_public_api/continuations/20261010_broader_history_four_hour/worker/raw/2d14fb05024b826b8207e548.bin.gz,15f9fc8eab0eaa8a01db9b0b8f6ff225c5dfd0a43eabe395252c8f47b7e107e6,1a042977d6ef4f65fe7862c59a04c37852050c38b06735ef3b02afdfd15c2221,16551,4034,,loaded_native_returns,4,0,application/json; charset=utf-8,16551,,server_representation_metadata; not native message publication or verified edit time
2d3d239b93539ed94ee09523,mastodon_au,content,https://aus.social/api/v1/timelines/public?local=true&limit=40&max_id=116912365304734200,2026-10-10T08:41:38.563258+00:00,200,saved,work_packages/M1_source_access/27_newspaper_context_recovery_20261008/social_public_api/continuations/20261010_broader_history_four_hour/worker/raw/2d3d239b93539ed94ee09523.bin.gz,2ced63c1cb4f02fac5e81102bf89e146b448b3c103e65dac3987901c6dfd38e5,1b7b866a5dfa076bc449eb1830ff0f92cfb192c4f803df8b8de599d3919ff8bd,155477,26473,,loaded_native_returns,40,0,application/json; charset=utf-8,155477,,server_representation_metadata; not native message publication or verified edit time
2d852dc26c56271bac6fef2d,mastodon_au,content,https://aus.social/api/v1/timelines/public?local=true&limit=40&max_id=116898850947407330,2026-10-10T09:43:28.867801+00:00,200,saved,work_packages/M1_source_access/27_newspaper_context_recovery_20261008/social_public_api/continuations/20261010_broader_history_four_hour/worker/raw/2d852dc26c56271bac6fef2d.bin.gz,a9ca116c8b542aaf718580d99c46cf2ec7db39da2f1756b838cb01773ce6e5ce,f16834bdb465f465a521a920441a6c96d523e100e59b6acbb7252c77640e168c,144524,26485,,loaded_native_returns,40,0,application/json; charset=utf-8,144524,,server_representation_metadata; not native message publication or verified edit time
2d909489f0934ea045b85bbd,bluesky,content,https://public.api.bsky.app/xrpc/app.bsky.feed.getAuthorFeed?actor=did%3Aplc%3Aragtjsm2j2vknwkz3zp4oxrd&limit=100&filter=posts_with_replies&includePins=false&cursor=2023-12-11T17%3A12%3A00.509Z,2026-10-10T05:57:52.298990+00:00,200,saved,work_packages/M1_source_access/27_newspaper_context_recovery_20261008/social_public_api/continuations/20261010_broader_history_four_hour/worker/raw/2d909489f0934ea045b85bbd.bin.gz,ea1cb0a56589320b401df321ada6821ea60c0f3f9bd5566158ddcbba53988632,74105fcae7760c779859e650869a3b9b0705552711bc3f090f558bb4ac621dbd,467022,40463,,loaded_native_returns,103,0,application/json; charset=utf-8,467022,,server_representation_metadata; not native message publication or verified edit time
2e416bb02c97b07e736d5a8a,tildes,content,https://tildes.net/?order=new&period=all&after=1w8i,2026-10-10T06:35:55.539059+00:00,200,saved,work_packages/M1_source_access/27_newspaper_context_recovery_20261008/social_public_api/continuations/20261010_broader_history_four_hour/worker/raw/2e416bb02c97b07e736d5a8a.bin.gz,9667a7db2eddb626f98c2e19f8572ed650484dae232fee2a396f63475ecf6bce,af4f290c4f18c21a6b66b6f021a5fbddd55e9c9e3bc78c789526e0bbd74a82aa,132871,23618,,loaded_native_returns,50,0,text/html; charset=UTF-8,132871,,server_representation_metadata; not native message publication or verified edit time
2e44c93239511f9c26efb688,python_list_archive,content,https://mail.python.org/pipermail/python-list/2012-February.txt,2026-10-10T09:37:38.962361+00:00,200,saved,work_packages/M1_source_access/27_newspaper_context_recovery_20261008/social_public_api/continuations/20261010_broader_history_four_hour/worker/raw/2e44c93239511f9c26efb688.bin.gz,52e9795443da910a302fa556414454923750bb2193d68d31c80f2f8798ecb2b0,e8e99ae8cc60e14e2541da0abff7711608069d1ec5106a74b30f13ba82099c38,4950523,1328505,,loaded_native_returns,2946,0,text/plain,4950523,"Mon, 28 Oct 2019 10:13:57 GMT",server_representation_metadata; not native message publication or verified edit time
2e5636f4acfa277b15c73331,hackernews,content,https://hacker-news.firebaseio.com/v0/item/218.json,2026-10-10T09:41:36.749315+00:00,200,saved,work_packages/M1_source_access/27_newspaper_context_recovery_20261008/social_public_api/continuations/20261010_broader_history_four_hour/worker/raw/2e5636f4acfa277b15c73331.bin.gz,ca575cf43e42020ed995704d5fcd22aeee0578108790f952318da4050d6097a7,17d04efd44dc4993c71aa0c80ed77cdaab0458950afa0a4511fea8b82a453bad,244,191,,loaded_native_returns,1,0,application/json; charset=utf-8,244,,server_representation_metadata; not native message publication or verified edit time
2e7642110e14c30f0a364a66,hackernews,content,https://hacker-news.firebaseio.com/v0/item/174.json,2026-10-10T07:55:02.980430+00:00,200,saved,work_packages/M1_source_access/27_newspaper_context_recovery_20261008/social_public_api/continuations/20261010_broader_history_four_hour/worker/raw/2e7642110e14c30f0a364a66.bin.gz,61432d074cb2baf0d986ac6e4ae5bcef98cc1ac84ea57b281b8e8261c9523dbc,bcdffcf3e1d6ad30e1c6e41ad17a5f157f7ba175d129f23daafd7b171e0eedd5,281,230,,loaded_native_returns,1,0,application/json; charset=utf-8,281,,server_representation_metadata; not native message publication or verified edit time
2e9b9d3e879f6da5b84fe5f0,bluesky,content,https://public.api.bsky.app/xrpc/app.bsky.feed.getAuthorFeed?actor=did%3Aplc%3Aragtjsm2j2vknwkz3zp4oxrd&limit=100&filter=posts_with_replies&includePins=false&cursor=2023-12-08T23%3A42%3A51.371Z,2026-10-10T06:05:59.471431+00:00,200,saved,work_packages/M1_source_access/27_newspaper_context_recovery_20261008/social_public_api/continuations/20261010_broader_history_four_hour/worker/raw/2e9b9d3e879f6da5b84fe5f0.bin.gz,8c4f3b98bad65f86f900a8b0ba311a7ad5672a8a288b53def253724822e8fc99,33e984b155fc0380532fab07df283d111a7714a673a32d39c1b8403e111d42b6,510573,44309,,loaded_native_returns,105,0,application/json; charset=utf-8,510573,,server_representation_metadata; not native message publication or verified edit time
2eb903ef88d2ed8e847295f3,w3_wwwtalk,content,https://lists.w3.org/Archives/Public/www-talk/1992JulAug/0014.html,2026-10-10T08:09:07.695958+00:00,200,saved,work_packages/M1_source_access/27_newspaper_context_recovery_20261008/social_public_api/continuations/20261010_broader_history_four_hour/worker/raw/2eb903ef88d2ed8e847295f3.bin.gz,dce29f345ec1401a2dfac8f2e75e46a8acc2bcd6285adcc11ed7ad937f598ad5,5837fb67462637f705d2463e427ec9f8862f96baf2740515ffb979b05b87eae8,3514,1473,,loaded_native_returns,1,0,text/html,,"Mon, 04 Aug 2003 15:50:19 GMT",server_representation_metadata; not native message publication or verified edit time
2f13f4c118ea85f8fd6a23a4,tildes,content,https://tildes.net/~tech/167j/reddit_ceo_tells_employees_that_subreddit_blackout_will_pass,2026-10-10T08:10:21.995070+00:00,200,saved,work_packages/M1_source_access/27_newspaper_context_recovery_20261008/social_public_api/continuations/20261010_broader_history_four_hour/worker/raw/2f13f4c118ea85f8fd6a23a4.bin.gz,2ba878fec962fd9148f0e021ccc4e5b10e7e62ad08bf38099ef00e83737fd4fd,18ec0817f1f315f5352a6aeeadde4d40402d26a074e4b30478ceeacee0871a3d,394966,47092,,loaded_native_returns,192,0,text/html; charset=UTF-8,394966,,server_representation_metadata; not native message publication or verified edit time
2f3697947524fc7f329dbbf5,hackernews,content,https://hacker-news.firebaseio.com/v0/item/207.json,2026-10-10T09:27:08.280222+00:00,200,saved,work_packages/M1_source_access/27_newspaper_context_recovery_20261008/social_public_api/continuations/20261010_broader_history_four_hour/worker/raw/2f3697947524fc7f329dbbf5.bin.gz,acb31f7154040fcfd7bd64bddacf979363f0a92485e5c673875e4bda23b317c0,e62753b26bc2678712c2ee10802b14771825ee8ebaba3dca6f82b0da6c901ace,91,101,,loaded_native_returns,1,0,application/json; charset=utf-8,91,,server_representation_metadata; not native message publication or verified edit time
2f58b9c481d881aa4063d528,w3_wwwtalk,content,https://lists.w3.org/Archives/Public/www-talk/1992JulAug/0009.html,2026-10-10T07:58:02.459460+00:00,200,saved,work_packages/M1_source_access/27_newspaper_context_recovery_20261008/social_public_api/continuations/20261010_broader_history_four_hour/worker/raw/2f58b9c481d881aa4063d528.bin.gz,e7243c64a1805c16a0d43ca36edfd7b121ed30016adc3c01fa25a69aa84e91f6,79ae1d6d63f96d11f5941fd876d3ae7bbad31a5456c449bd8b2f4f5c30c7dc4f,4313,1592,,loaded_native_returns,1,0,text/html,,"Mon, 04 Aug 2003 15:50:19 GMT",server_representation_metadata; not native message publication or verified edit time
2fa0cccfeebb452d67168f4e,tildes,content,https://tildes.net/~music/1w4g/bloodmother_liturgical_decay_2026,2026-10-10T07:26:19.464005+00:00,200,saved,work_packages/M1_source_access/27_newspaper_context_recovery_20261008/social_public_api/continuations/20261010_broader_history_four_hour/worker/raw/2fa0cccfeebb452d67168f4e.bin.gz,9739d9c993dd01eb1f16b79601d06dad52486e031e77612f666e483a45215ba3,3056fe1344c2d717bfc86251cab3d76671d5e3368b895975120dd9516616d8c8,7032,2268,,loaded_native_returns,1,0,text/html; charset=UTF-8,7032,,server_representation_metadata; not native message publication or verified edit time
2fa1e504b572c1bf0c34cf20,straight_dope,content,https://boards.straightdope.com/t/712149/posts.json?post_ids%5B%5D=18081930&post_ids%5B%5D=18082637&post_ids%5B%5D=18082654&post_ids%5B%5D=18082682&post_ids%5B%5D=18082712&post_ids%5B%5D=18082782&post_ids%5B%5D=18082787&post_ids%5B%5D=18082968&post_ids%5B%5D=18083072&post_ids%5B%5D=18083102&post_ids%5B%5D=18083212&post_ids%5B%5D=18083263&post_ids%5B%5D=18084032&post_ids%5B%5D=18084056&post_ids%5B%5D=18084062&post_ids%5B%5D=18084064&post_ids%5B%5D=18084065&post_ids%5B%5D=18084082&post_ids%5B%5D=18084086&post_ids%5B%5D=18084090,2026-10-10T09:33:28.103343+00:00,200,saved,work_packages/M1_source_access/27_newspaper_context_recovery_20261008/social_public_api/continuations/20261010_broader_history_four_hour/worker/raw/2fa1e504b572c1bf0c34cf20.bin.gz,772a35f790acab1bb3cba3a9999d4627f2eb56c4a21c55b9c4670aab390505f2,84a3c4f1b11999f5623d5ac6f41687d0ca33c06f258bdb9583d0cba06da71ef1,30303,2595,,loaded_native_returns,21,0,application/json; charset=utf-8,30303,,server_representation_metadata; not native message publication or verified edit time
2fa880c4ad5679aacb9bde42,tildes,content,https://tildes.net/~news/17ay/this_feels_dumb_to_ask_but_how_do_you_get_your_news,2026-10-10T07:54:05.017500+00:00,200,saved,work_packages/M1_source_access/27_newspaper_context_recovery_20261008/social_public_api/continuations/20261010_broader_history_four_hour/worker/raw/2fa880c4ad5679aacb9bde42.bin.gz,e84bcfcd69375b6c34ab0b70d4b6cfa6465820f0d7ea049911834386a7cae13d,48d57ab3835f77ad237eb69b36d1c32e092e6a7574ec3b6a131434f84e37283b,321235,43395,,loaded_native_returns,160,0,text/html; charset=UTF-8,321235,,server_representation_metadata; not native message publication or verified edit time
2fd9f8dd884ba8d597c11de5,thesession,content,https://thesession.org/discussions/37,2026-10-10T09:22:59.413652+00:00,200,saved,work_packages/M1_source_access/27_newspaper_context_recovery_20261008/social_public_api/continuations/20261010_broader_history_four_hour/worker/raw/2fd9f8dd884ba8d597c11de5.bin.gz,690b719b5b4372182a44910e5c8161f9453de33fe45367d97cccbe7202a40379,d71b563479a05c6a9f073303c62530c0cfe23cc4057ad9b1857f5f0e4a1443e0,68882,15890,,loaded_native_returns,11,0,text/html; charset=utf-8,,,server_representation_metadata; not native message publication or verified edit time
3037e7adee75a09c36f42fb2,bluesky,content,https://public.api.bsky.app/xrpc/app.bsky.feed.getAuthorFeed?actor=did%3Aplc%3Aragtjsm2j2vknwkz3zp4oxrd&limit=100&filter=posts_with_replies&includePins=false&cursor=2023-11-27T07%3A07%3A13.675Z,2026-10-10T06:34:21.952369+00:00,200,saved,work_packages/M1_source_access/27_newspaper_context_recovery_20261008/social_public_api/continuations/20261010_broader_history_four_hour/worker/raw/3037e7adee75a09c36f42fb2.bin.gz,b062b691598c91d85b35c49df948a8bd2a86668cb9b282adeb8ece8115cefd34,7a087235c9eabf8bfd46b8e837b2f8dea1ce7775ff1c0fa2d6ca2314f15b9b62,449213,37169,,loaded_native_returns,100,0,application/json; charset=utf-8,449213,,server_representation_metadata; not native message publication or verified edit time
3079f014bab4c906205225da,mastodon_au,content,https://aus.social/api/v1/timelines/public?local=true&limit=40&max_id=116922253567351163,2026-10-10T08:12:36.136175+00:00,200,saved,work_packages/M1_source_access/27_newspaper_context_recovery_20261008/social_public_api/continuations/20261010_broader_history_four_hour/worker/raw/3079f014bab4c906205225da.bin.gz,f93f12f0070a0ac660af3d930322b44ca5f209ec983bf71d6eb93023f45d7a35,0659cb28c1f7398724808a0e560753bbefc474c96380cd6a205080ebfcee8a53,153909,28585,,loaded_native_returns,40,0,application/json; charset=utf-8,153909,,server_representation_metadata; not native message publication or verified edit time
3084d459c503bc415393ccb9,bluesky,content,https://public.api.bsky.app/xrpc/app.bsky.feed.getAuthorFeed?actor=did%3Aplc%3At5pur7eruxfgxy7ynpfrmg2w&limit=100&filter=posts_with_replies&includePins=false&cursor=2025-07-31T13%3A08%3A26.796Z,2026-10-10T06:56:28.122083+00:00,200,saved,work_packages/M1_source_access/27_newspaper_context_recovery_20261008/social_public_api/continuations/20261010_broader_history_four_hour/worker/raw/3084d459c503bc415393ccb9.bin.gz,709b79749fa1a95160346696425acf818ebf999e3994eb0407d0e7464ad28047,4c1897fa3dd86c14c86867cf248f5718184b7989a11647b6324bf633b3967b12,593554,62420,,loaded_native_returns,100,0,application/json; charset=utf-8,593554,,server_representation_metadata; not native message publication or verified edit time
3101afc9bb1a34df8bfc9fff,hackernews,content,https://hacker-news.firebaseio.com/v0/item/120.json,2026-10-10T06:03:37.937673+00:00,200,saved,work_packages/M1_source_access/27_newspaper_context_recovery_20261008/social_public_api/continuations/20261010_broader_history_four_hour/worker/raw/3101afc9bb1a34df8bfc9fff.bin.gz,58be15b913339cbb3c7724cd0ca50762c9ac6aa6a371e0cb017613f7a6bd107f,e77cdf1d1b236832a27e093d2e4d131c94550ad9d923eed353effb7714558488,186,163,,loaded_native_returns,1,0,application/json; charset=utf-8,186,,server_representation_metadata; not native message publication or verified edit time
3106e03145ec74bd8c75e4aa,tildes,content,https://tildes.net/~talk/1w4r/whats_something_that_now_looks_very_different_to_you_in_hindsight,2026-10-10T06:51:32.275938+00:00,200,saved,work_packages/M1_source_access/27_newspaper_context_recovery_20261008/social_public_api/continuations/20261010_broader_history_four_hour/worker/raw/3106e03145ec74bd8c75e4aa.bin.gz,44ba1f4bbf4a138722d68b9d8dea868c03a2fa1e8ce75204be2e8bcb25ccef84,e16adf2201fefd8b06dd46507c509a28b5690c4a2f106e749c8321005a24875f,58668,11304,,loaded_native_returns,21,0,text/html; charset=UTF-8,58668,,server_representation_metadata; not native message publication or verified edit time
3189811ee206d616c0f9105a,straight_dope,content,https://boards.straightdope.com/t/1914/posts.json?post_ids%5B%5D=27135&post_ids%5B%5D=27136&post_ids%5B%5D=27137&post_ids%5B%5D=27138&post_ids%5B%5D=27139&post_ids%5B%5D=27140&post_ids%5B%5D=27141&post_ids%5B%5D=27142&post_ids%5B%5D=27143&post_ids%5B%5D=27144&post_ids%5B%5D=27145&post_ids%5B%5D=27146&post_ids%5B%5D=27147&post_ids%5B%5D=27148&post_ids%5B%5D=27149&post_ids%5B%5D=27150&post_ids%5B%5D=27151&post_ids%5B%5D=27152&post_ids%5B%5D=27153&post_ids%5B%5D=27154,2026-10-10T06:29:12.019304+00:00,200,saved,work_packages/M1_source_access/27_newspaper_context_recovery_20261008/social_public_api/continuations/20261010_broader_history_four_hour/worker/raw/3189811ee206d616c0f9105a.bin.gz,e1be999fd3b0656c7ec2aec0b31ffcb7e3f0a1b323321462bb1139d851d39a77,bd74f2afd28d3d8b67e19a3edf3134f550e798920c9b531f76c40420940bdb40,43152,8587,,loaded_native_returns,21,0,application/json; charset=utf-8,43152,,server_representation_metadata; not native message publication or verified edit time
318f6db44c4b0c14e1b1d08b,python_list_archive,content,https://mail.python.org/pipermail/python-list/2011-September.txt,2026-10-10T09:31:26.239037+00:00,200,saved,work_packages/M1_source_access/27_newspaper_context_recovery_20261008/social_public_api/continuations/20261010_broader_history_four_hour/worker/raw/318f6db44c4b0c14e1b1d08b.bin.gz,1c843c15e0aae945eef75177d1527117da9e30a1928bd0e9603419eb7afbfbfb,4c206ef77f8d8d421d3ff427d0edeec59e00aa113461836802c935b30bf6d15f,5190061,1336670,,loaded_native_returns,3194,0,text/plain,5190061,"Mon, 28 Oct 2019 10:12:16 GMT",server_representation_metadata; not native message publication or verified edit time
319d0d179ba97e2a44377c3e,osm_discourse,content,https://community.openstreetmap.org/t/32289.json,2026-10-10T06:40:59.248018+00:00,200,saved,work_packages/M1_source_access/27_newspaper_context_recovery_20261008/social_public_api/continuations/20261010_broader_history_four_hour/worker/raw/319d0d179ba97e2a44377c3e.bin.gz,4726cdb99a5736670d3e9d6f21659fc5357d16b653e43ac7762582bd7bd1b362,f2a22c2c3f863d2fbcce837c478e643381875c5272e629a0bfc5db4f5640dc40,14740,3576,,loaded_native_returns,4,0,application/json; charset=utf-8,14740,,server_representation_metadata; not native message publication or verified edit time
31ce3561985329705165b2e3,lemmy_nz,content,https://lemmy.nz/api/v3/comment/list?type_=Local&sort=Old&limit=50&page=1&post_id=170480,2026-10-10T05:57:32.309582+00:00,200,saved,work_packages/M1_source_access/27_newspaper_context_recovery_20261008/social_public_api/continuations/20261010_broader_history_four_hour/worker/raw/31ce3561985329705165b2e3.bin.gz,e2f23cede318a6a19bf662b35bb4356a6e74c2b308d19b1b363f13e319f4273a,d11bcff7ebc6fe66744ea36e429e3d49b86e6037baa9c33ed8b8e8ed8add4a78,4404,1228,,loaded_native_returns,4,0,application/json,4404,,server_representation_metadata; not native message publication or verified edit time
320352d3bcfa06711d3f0441,mastodon_au,content,https://aus.social/api/v1/timelines/public?local=true&limit=40&max_id=116956935249002783,2026-10-10T06:12:06.491302+00:00,200,saved,work_packages/M1_source_access/27_newspaper_context_recovery_20261008/social_public_api/continuations/20261010_broader_history_four_hour/worker/raw/320352d3bcfa06711d3f0441.bin.gz,3f72e10b9895c247b48915d052af2b3d14159b7f5d473fb1abb728c19fa18727,1274d924a9b330157bbf6f2fc0f105a3753cde5ae9afc03fff5abcf34c20448f,149770,27997,,loaded_native_returns,40,0,application/json; charset=utf-8,149770,,server_representation_metadata; not native message publication or verified edit time
32119f26a8892d096a68ffdc,mastodon_us,content,https://sfba.social/api/v1/timelines/public?local=true&limit=40&max_id=116922249355091628,2026-10-10T06:38:29.746184+00:00,200,saved,work_packages/M1_source_access/27_newspaper_context_recovery_20261008/social_public_api/continuations/20261010_broader_history_four_hour/worker/raw/32119f26a8892d096a68ffdc.bin.gz,0cc7598ee48799bd7341c4e2d5d6d2144b4527d897914983028f5314a4cddd13,a7b2ea56877ea577d705cd2744d590fb7e9c52be9cabe89c76fa3bb346017c48,173113,25740,,loaded_native_returns,40,0,application/json; charset=utf-8,173113,,server_representation_metadata; not native message publication or verified edit time
3274998ae50fe99bae177164,osm_discourse,content,https://community.openstreetmap.org/t/32435.json,2026-10-10T08:11:25.929759+00:00,200,saved,work_packages/M1_source_access/27_newspaper_context_recovery_20261008/social_public_api/continuations/20261010_broader_history_four_hour/worker/raw/3274998ae50fe99bae177164.bin.gz,d66527ad36bfe48d9ec4ea0d874eb9e1e8492a7188ac40f98d5e5db0a0f90c4c,35ce74445721c6ab7982ed261348046ede800a4dbc81e79381741dd85db2c140,32635,6134,,loaded_native_returns,12,0,application/json; charset=utf-8,32635,,server_representation_metadata; not native message publication or verified edit time
32a5ca6e219097c136f2ee05,python_list_archive,content,https://mail.python.org/pipermail/python-list/2011-August.txt,2026-10-10T09:30:08.702579+00:00,200,saved,work_packages/M1_source_access/27_newspaper_context_recovery_20261008/social_public_api/continuations/20261010_broader_history_four_hour/worker/raw/32a5ca6e219097c136f2ee05.bin.gz,42af40a7469b93513faa0f65278b282888eedd244ef980cb8d44d7ad204235dd,695d1d86ba54abbb5b4eafd31c40c45379d425ec13ce27f0c442633606895f18,7259844,1887021,,loaded_native_returns,4204,0,text/plain,7259844,"Mon, 28 Oct 2019 10:12:05 GMT",server_representation_metadata; not native message publication or verified edit time
32abbe97ca458b7d6cb26017,tildes,content,https://tildes.net/~tech/16mu/reddit_admins_are_now_approaching_mod_teams_of_closed_subreddits_looking_for_moderators_who_will,2026-10-10T07:36:13.147003+00:00,200,saved,work_packages/M1_source_access/27_newspaper_context_recovery_20261008/social_public_api/continuations/20261010_broader_history_four_hour/worker/raw/32abbe97ca458b7d6cb26017.bin.gz,df9bb4333b1dccea15f15221bc0ff9b3918cb204898bde15e867dcd05d6b1c11,a5e14121c1a93428512c267483cdec2e5b18281bb31ad75ea0510dcca2b20e0e,350863,46187,,loaded_native_returns,154,0,text/html; charset=UTF-8,350863,,server_representation_metadata; not native message publication or verified edit time
32b7134c47c9e9dde559c567,w3_wwwtalk,content,https://lists.w3.org/Archives/Public/www-talk/1992MayJun/0025.html,2026-10-10T05:59:10.537082+00:00,200,saved,work_packages/M1_source_access/27_newspaper_context_recovery_20261008/social_public_api/continuations/20261010_broader_history_four_hour/worker/raw/32b7134c47c9e9dde559c567.bin.gz,67ef682fde740411369cc9b27b4bbd1ae1506f2ba4ee1e1585139fbec6aa5cd8,b6b3c51928586388b8aae13ef1be8784ac8eb35b3a0f8a087bc7108be8d54981,3040,1130,,loaded_native_returns,1,0,text/html,,"Mon, 04 Aug 2003 15:50:20 GMT",server_representation_metadata; not native message publication or verified edit time
330971de519e91cec28cfb3a,straight_dope,content,https://boards.straightdope.com/t/142/posts.json?post_ids%5B%5D=1167&post_ids%5B%5D=1168&post_ids%5B%5D=1169&post_ids%5B%5D=1170&post_ids%5B%5D=1171&post_ids%5B%5D=1172&post_ids%5B%5D=1173&post_ids%5B%5D=1174&post_ids%5B%5D=1175&post_ids%5B%5D=1176&post_ids%5B%5D=1177&post_ids%5B%5D=1178&post_ids%5B%5D=1179&post_ids%5B%5D=1180&post_ids%5B%5D=1181&post_ids%5B%5D=1182&post_ids%5B%5D=1183&post_ids%5B%5D=1184&post_ids%5B%5D=1185&post_ids%5B%5D=1186,2026-10-10T06:12:34.301912+00:00,200,saved,work_packages/M1_source_access/27_newspaper_context_recovery_20261008/social_public_api/continuations/20261010_broader_history_four_hour/worker/raw/330971de519e91cec28cfb3a.bin.gz,df139f332424bcc6d4241c568534bf2d3f458eb716271748a41b77bdaae57993,7bf7ba0e6311c4f783606c247aee383cc9ee3d5e022b2407dc26c4c84b13471d,53253,12093,,loaded_native_returns,21,0,application/json; charset=utf-8,53253,,server_representation_metadata; not native message publication or verified edit time
330dab44c03a1513adf06ec2,straight_dope,content,https://boards.straightdope.com/t/712149/posts.json?post_ids%5B%5D=18021704&post_ids%5B%5D=18021885&post_ids%5B%5D=18022103&post_ids%5B%5D=18024483&post_ids%5B%5D=18024667&post_ids%5B%5D=18024837&post_ids%5B%5D=18025193&post_ids%5B%5D=18025250&post_ids%5B%5D=18025442&post_ids%5B%5D=18025824&post_ids%5B%5D=18025851&post_ids%5B%5D=18025905&post_ids%5B%5D=18025918&post_ids%5B%5D=18026010&post_ids%5B%5D=18026019&post_ids%5B%5D=18026035&post_ids%5B%5D=18026043&post_ids%5B%5D=18026049&post_ids%5B%5D=18026503&post_ids%5B%5D=18026527,2026-10-10T08:32:54.058033+00:00,200,saved,work_packages/M1_source_access/27_newspaper_context_recovery_20261008/social_public_api/continuations/20261010_broader_history_four_hour/worker/raw/330dab44c03a1513adf06ec2.bin.gz,cab11336182c91671be40dbb289e6b235916790326ef77b5b6b243852cbd7b59,a6a0a40a8aee7a9fd5b5bee0ae67ed6ad334e5009b21170027cfb314c9d37069,30983,2836,,loaded_native_returns,21,0,application/json; charset=utf-8,30983,,server_representation_metadata; not native message publication or verified edit time
33a86ad13ff2e03fd2c56916,dowire_lists_umn,content,https://www.mail-archive.com/do-wire%40lists.umn.edu/msg00014.html,2026-10-10T06:59:56.780994+00:00,200,saved,work_packages/M1_source_access/27_newspaper_context_recovery_20261008/social_public_api/continuations/20261010_broader_history_four_hour/worker/raw/33a86ad13ff2e03fd2c56916.bin.gz,15d9e36768ca14bb46a84e4d0ad5f541d24b382f65cb3524f43180fdd4d3d57f,f9f1da6dadbf5e3c0685209cd51483d05b66aac723072cece6e7cabee2dc1b40,9830,3946,,loaded_native_returns,1,0,text/html; charset=utf-8,,,server_representation_metadata; not native message publication or verified edit time
33b4b4648a68b2a0f03a780f,dowire_lists_umn,content,https://www.mail-archive.com/do-wire%40lists.umn.edu/msg00011.html,2026-10-10T06:53:25.783409+00:00,200,saved,work_packages/M1_source_access/27_newspaper_context_recovery_20261008/social_public_api/continuations/20261010_broader_history_four_hour/worker/raw/33b4b4648a68b2a0f03a780f.bin.gz,f3ba29f59860776853c1752fde474c017bcf991abf83f7dfd9b6252a4c6e2e97,282d065af44d098a28db90b90b0f1f242811af7ba51a86ae16a8319dda21b213,9703,3778,,loaded_native_returns,1,0,text/html; charset=utf-8,,,server_representation_metadata; not native message publication or verified edit time
33d7885e474678141afa9f6d,python_discourse,content,https://discuss.python.org/t/436.json,2026-10-10T06:15:37.006538+00:00,200,saved,work_packages/M1_source_access/27_newspaper_context_recovery_20261008/social_public_api/continuations/20261010_broader_history_four_hour/worker/raw/33d7885e474678141afa9f6d.bin.gz,a032a53f109184ad38a3c3e69dd7de779ed799284e69fd60d5ed7595eb4db2c5,252e98b3fd62c6c820dd054c43b39c3e9b2b7471c90f127a7982163f3ab772a8,96892,17860,,loaded_native_returns,21,0,application/json; charset=utf-8,96892,,server_representation_metadata; not native message publication or verified edit time
33ddfc1f198abeb1a80dbf08,osm_discourse,content,https://community.openstreetmap.org/t/32456.json,2026-10-10T08:19:26.813687+00:00,200,saved,work_packages/M1_source_access/27_newspaper_context_recovery_20261008/social_public_api/continuations/20261010_broader_history_four_hour/worker/raw/33ddfc1f198abeb1a80dbf08.bin.gz,5e9379bb93bc7de479f004e76c72f12f68d57dbd7492f7822229f3b4a33a8e5e,c109a88fbf8914a5b9be632a9542546f1856f3caf1042e6fcebc5430daff8856,53436,8701,,loaded_native_returns,21,0,application/json; charset=utf-8,53436,,server_representation_metadata; not native message publication or verified edit time
340ee9fbfd7aa50dd9520b06,mastodon_us,content,https://sfba.social/api/v1/timelines/public?local=true&limit=40&max_id=116920458631250839,2026-10-10T06:44:26.641402+00:00,200,saved,work_packages/M1_source_access/27_newspaper_context_recovery_20261008/social_public_api/continuations/20261010_broader_history_four_hour/worker/raw/340ee9fbfd7aa50dd9520b06.bin.gz,f998adf702a6d8c1062036a3fbe8152d4d5930a147b86949dad7fe9f95f9960d,a6e935e4e81b0e32fab5874aa055b62424765cd30000eab604c1d0384a75731f,153039,26782,,loaded_native_returns,40,0,application/json; charset=utf-8,153039,,server_representation_metadata; not native message publication or verified edit time
345b51d0f4664496c2126d34,w3_wwwtalk,content,https://lists.w3.org/Archives/Public/www-talk/1992JulAug/0002.html,2026-10-10T07:44:24.030684+00:00,200,saved,work_packages/M1_source_access/27_newspaper_context_recovery_20261008/social_public_api/continuations/20261010_broader_history_four_hour/worker/raw/345b51d0f4664496c2126d34.bin.gz,1367dbfe1242aeb06ff85e2d0a26a9b1e13e9159213cfcc7c83d28638f4c7fdd,fa1744d811ae9556a6d016cbc26039a6fec1124cfe03fda5783bcbbe4a9b1150,2836,1114,,loaded_native_returns,1,0,text/html,,"Mon, 04 Aug 2003 15:50:19 GMT",server_representation_metadata; not native message publication or verified edit time
347e581597624aae606738c6,hackernews,content,https://hacker-news.firebaseio.com/v0/item/138.json,2026-10-10T06:39:05.686597+00:00,200,saved,work_packages/M1_source_access/27_newspaper_context_recovery_20261008/social_public_api/continuations/20261010_broader_history_four_hour/worker/raw/347e581597624aae606738c6.bin.gz,e8804cf43ffd8095468951dd55d89da8bc9daa4b28cec138c08c7eae23afa10a,8932a304e8bc4fd035236c9787a73ce88b38e2ce9600edb34e5613fbdc5c98d9,145,140,,loaded_native_returns,1,0,application/json; charset=utf-8,145,,server_representation_metadata; not native message publication or verified edit time
3484d49cc2e10d523c1541b2,straight_dope,content,https://boards.straightdope.com/t/1025298/posts.json?post_ids%5B%5D=25831384&post_ids%5B%5D=25831484&post_ids%5B%5D=25831521&post_ids%5B%5D=25831530&post_ids%5B%5D=25831533&post_ids%5B%5D=25831585&post_ids%5B%5D=25831587&post_ids%5B%5D=25831595&post_ids%5B%5D=25831597&post_ids%5B%5D=25831610&post_ids%5B%5D=25831617&post_ids%5B%5D=25831632&post_ids%5B%5D=25831656&post_ids%5B%5D=25831733&post_ids%5B%5D=25831813&post_ids%5B%5D=25831978&post_ids%5B%5D=25832058&post_ids%5B%5D=25832061&post_ids%5B%5D=25832066&post_ids%5B%5D=25832072,2026-10-10T06:42:57.583221+00:00,200,saved,work_packages/M1_source_access/27_newspaper_context_recovery_20261008/social_public_api/continuations/20261010_broader_history_four_hour/worker/raw/3484d49cc2e10d523c1541b2.bin.gz,7adffbd1b1fb08730c42398969e15d378f6a1627e8eb85fead486ad2d0dbd4f5,d2661bee008ac7565bfb1e78805cec3b8d540a6b8ea4a99daf74142025e3087e,60497,12294,,loaded_native_returns,21,0,application/json; charset=utf-8,60497,,server_representation_metadata; not native message publication or verified edit time
349abec055f2b3d983cabb7a,bluesky,content,https://public.api.bsky.app/xrpc/app.bsky.feed.getAuthorFeed?actor=did%3Aplc%3Aragtjsm2j2vknwkz3zp4oxrd&limit=100&filter=posts_with_replies&includePins=false&cursor=2023-12-06T08%3A00%3A49.024Z,2026-10-10T06:12:18.218861+00:00,200,saved,work_packages/M1_source_access/27_newspaper_context_recovery_20261008/social_public_api/continuations/20261010_broader_history_four_hour/worker/raw/349abec055f2b3d983cabb7a.bin.gz,1639e1e8aafc4778abdc62dc3ee6828911b270d91fedd4c1932840192d6743c2,cad6e7f6502b7b25ecb5b5b338452401a4079a7f055264c80fd9dbcf13c85545,540826,44329,,loaded_native_returns,102,0,application/json; charset=utf-8,540826,,server_representation_metadata; not native message publication or verified edit time
351799b408a0a5499e140cda,mastodon_au,content,https://aus.social/api/v1/timelines/public?local=true&limit=40&max_id=116916098205393104,2026-10-10T08:32:15.527774+00:00,200,saved,work_packages/M1_source_access/27_newspaper_context_recovery_20261008/social_public_api/continuations/20261010_broader_history_four_hour/worker/raw/351799b408a0a5499e140cda.bin.gz,338a6bc985b9fdce5e73b719ad6217d7eb0c57a5852c373304b501de85456829,0774928e5e68767728d616a296a91c9fdeac317b6fa6b4061f6cc1f4c323da8f,163122,27654,,loaded_native_returns,40,0,application/json; charset=utf-8,163122,,server_representation_metadata; not native message publication or verified edit time
358075442d161ca48a6401ea,w3_wwwtalk,content,https://lists.w3.org/Archives/Public/www-talk/1992JulAug/0033.html,2026-10-10T08:45:51.380964+00:00,200,saved,work_packages/M1_source_access/27_newspaper_context_recovery_20261008/social_public_api/continuations/20261010_broader_history_four_hour/worker/raw/358075442d161ca48a6401ea.bin.gz,96b1ffd7c3878a702fa2c5b56266e8e1f55bfb53ae8f1f91ffc5d5aa56f0fa0e,20b1644f0b589139e94b80129778756f3424ace74314ff9b7afc57767b1751ec,2978,1111,,loaded_native_returns,1,0,text/html,,"Mon, 04 Aug 2003 15:50:19 GMT",server_representation_metadata; not native message publication or verified edit time
359e8588dc7b5d1571e62ccd,thesession,content,https://thesession.org/discussions/7,2026-10-10T07:54:38.016361+00:00,200,saved,work_packages/M1_source_access/27_newspaper_context_recovery_20261008/social_public_api/continuations/20261010_broader_history_four_hour/worker/raw/359e8588dc7b5d1571e62ccd.bin.gz,9139a68190e34d380c08a6675d256bfd1953682975f3d06c47e3312d4adcea37,1582c05ed135f5e58ff4c457317e7e48cc0832dee766333244391a3c18522f4b,68842,16365,,loaded_native_returns,9,0,text/html; charset=utf-8,,,server_representation_metadata; not native message publication or verified edit time
35a67f98970d5cf1b47a74a2,mastodon_uk,content,https://mastodon.me.uk/api/v1/timelines/public?local=true&limit=40&max_id=116166986207758296,2026-10-10T08:02:08.175707+00:00,200,saved,work_packages/M1_source_access/27_newspaper_context_recovery_20261008/social_public_api/continuations/20261010_broader_history_four_hour/worker/raw/35a67f98970d5cf1b47a74a2.bin.gz,0795b40e8fb55e806a04a32655fc183e2ff9531991cf40366c0265aeecfabe18,6109c5a06090f65f9f1f74d1432b950b637bd3ced51212bfc5fb17379e629489,143077,20398,,loaded_native_returns,40,0,application/json; charset=utf-8,143077,,server_representation_metadata; not native message publication or verified edit time
35b0f4e9e250f0c12680816c,mastodon_au,content,https://aus.social/api/v1/timelines/public?local=true&limit=40&max_id=116909861891610936,2026-10-10T08:52:17.623916+00:00,200,saved,work_packages/M1_source_access/27_newspaper_context_recovery_20261008/social_public_api/continuations/20261010_broader_history_four_hour/worker/raw/35b0f4e9e250f0c12680816c.bin.gz,a6cc57a65bc6c83b7c400a3fa6aa3a96a76931f58830c8fe563b8f52951fe89e,61a8a91f5bfe21963890d314ea756ea234a49f0de6557a15ff9e52c26fcabb76,172175,28879,,loaded_native_returns,40,0,application/json; charset=utf-8,172175,,server_representation_metadata; not native message publication or verified edit time
35ba5df0f98a8272421043a5,straight_dope,content,https://boards.straightdope.com/t/712149/posts.json?post_ids%5B%5D=18032787&post_ids%5B%5D=18032796&post_ids%5B%5D=18033712&post_ids%5B%5D=18034054&post_ids%5B%5D=18034128&post_ids%5B%5D=18034130&post_ids%5B%5D=18034137&post_ids%5B%5D=18034139&post_ids%5B%5D=18034197&post_ids%5B%5D=18034517&post_ids%5B%5D=18034526&post_ids%5B%5D=18037452&post_ids%5B%5D=18037949&post_ids%5B%5D=18038052&post_ids%5B%5D=18038160&post_ids%5B%5D=18038430&post_ids%5B%5D=18038637&post_ids%5B%5D=18038800&post_ids%5B%5D=18039201&post_ids%5B%5D=18039962,2026-10-10T08:40:31.754804+00:00,200,saved,work_packages/M1_source_access/27_newspaper_context_recovery_20261008/social_public_api/continuations/20261010_broader_history_four_hour/worker/raw/35ba5df0f98a8272421043a5.bin.gz,444e0dfd7048ed6ac21c35e32d638ee1fa2909dd71e1bf46c63f2c3c778c6f97,426fe7745de12d1c503e5d0f9200abfd98593377272adedd4c0eb577246b6567,30080,2613,,loaded_native_returns,21,0,application/json; charset=utf-8,30080,,server_representation_metadata; not native message publication or verified edit time
35d1b2319866ecd847ee98ce,lemmy_nz,content,https://lemmy.nz/api/v3/comment/list?type_=Local&sort=Old&limit=50&page=1&post_id=183689,2026-10-10T07:10:31.627414+00:00,200,saved,work_packages/M1_source_access/27_newspaper_context_recovery_20261008/social_public_api/continuations/20261010_broader_history_four_hour/worker/raw/35d1b2319866ecd847ee98ce.bin.gz,9efdb10c81eaf55dc95e4320d1f02441576a405fb0551d5b8f1905bc0728f854,4fa14da49dc015f30581863a05d74d4091152f4549146526e99de651d5809edf,15,35,,loaded_native_returns,0,0,application/json,15,,server_representation_metadata; not native message publication or verified edit time
361311ea7ac167fb1fdc60c7,mastodon_au,content,https://aus.social/api/v1/timelines/public?local=true&limit=40&max_id=116920999607912557,2026-10-10T08:18:39.060470+00:00,200,saved,work_packages/M1_source_access/27_newspaper_context_recovery_20261008/social_public_api/continuations/20261010_broader_history_four_hour/worker/raw/361311ea7ac167fb1fdc60c7.bin.gz,254bf40b6bb1efba1c07010d742c7d38edbe2da894a15f65897fa3b17bb41e01,c430a5f6ee6e188c3083dafa59bed5d9f4f50cdc0a937ea49e67d6be2a5fee92,165754,29759,,loaded_native_returns,40,0,application/json; charset=utf-8,165754,,server_representation_metadata; not native message publication or verified edit time
361b07e22d3fbb1881c233c7,python_list_archive,content,https://mail.python.org/pipermail/python-list/2007-March.txt,2026-10-10T07:11:36.593445+00:00,200,saved,work_packages/M1_source_access/27_newspaper_context_recovery_20261008/social_public_api/continuations/20261010_broader_history_four_hour/worker/raw/361b07e22d3fbb1881c233c7.bin.gz,3ac2aeb1a759c46e9d5d85e441f655ed08f0970009b48897bc1f4c790ce7f7e3,153e06f2b48f97218d6929d16719d864610b444f2a6ab9b8d4f3289950e7f723,6555542,2474466,,loaded_native_returns,4465,0,text/plain,6555542,"Mon, 28 Oct 2019 01:47:24 GMT",server_representation_metadata; not native message publication or verified edit time
3658dd193b5afca387c9ac8b,straight_dope,content,https://boards.straightdope.com/t/712149/posts.json?post_ids%5B%5D=18039976&post_ids%5B%5D=18039991&post_ids%5B%5D=18040489&post_ids%5B%5D=18040526&post_ids%5B%5D=18040790&post_ids%5B%5D=18040799&post_ids%5B%5D=18041136&post_ids%5B%5D=18041199&post_ids%5B%5D=18041341&post_ids%5B%5D=18041759&post_ids%5B%5D=18042299&post_ids%5B%5D=18044546&post_ids%5B%5D=18044775&post_ids%5B%5D=18044793&post_ids%5B%5D=18044895&post_ids%5B%5D=18044911&post_ids%5B%5D=18045030&post_ids%5B%5D=18045616&post_ids%5B%5D=18045630&post_ids%5B%5D=18045785,2026-10-10T08:42:15.955068+00:00,200,saved,work_packages/M1_source_access/27_newspaper_context_recovery_20261008/social_public_api/continuations/20261010_broader_history_four_hour/worker/raw/3658dd193b5afca387c9ac8b.bin.gz,ba84bbd7e25264dbedb9418e0c6fa411c788a1bd4d9b7027b9c675a73c69e9a0,93ae1e17fea965e70d9fe386e3abbd0c314c714ba670770e94c6c3325e5b8e2a,31412,2848,,loaded_native_returns,21,0,application/json; charset=utf-8,31412,,server_representation_metadata; not native message publication or verified edit time
366a19c70ca1848385fd269f,tildes,content,https://tildes.net/~life/1w3n/does_the_dryer_shrink_your_clothes,2026-10-10T09:33:57.781257+00:00,200,saved,work_packages/M1_source_access/27_newspaper_context_recovery_20261008/social_public_api/continuations/20261010_broader_history_four_hour/worker/raw/366a19c70ca1848385fd269f.bin.gz,e59123739f9ddb88e267246fb01b4b0b1315e8ad91a1fd03c89b2c7c80466425,174ef308c572381db4b6fd903d6c353563d587c6d8ef126054730790065fdae7,97494,13614,,loaded_native_returns,46,0,text/html; charset=UTF-8,97494,,server_representation_metadata; not native message publication or verified edit time
36781a147cc84367fecd258d,tildes,content,https://tildes.net/~tildes.official/ahb/the_long_awaited_moment_dracula_theme_added_oh_also_the_site_is_publicly_visible_now_but_lets_not,2026-10-10T07:50:17.073965+00:00,200,saved,work_packages/M1_source_access/27_newspaper_context_recovery_20261008/social_public_api/continuations/20261010_broader_history_four_hour/worker/raw/36781a147cc84367fecd258d.bin.gz,6844aabf10ff60b780fcf2fa515f3104fc3a396f3c9f12de2adf587997aba419,f320342d020d5ebcba1b87420610e4012a0aaf8205c6b4b5ab42b5d4b9e5acab,272523,36492,,loaded_native_returns,117,0,text/html; charset=UTF-8,272523,,server_representation_metadata; not native message publication or verified edit time
369fa8c6170ec1056f207bea,mpls_issues_freedom2_archive,content,https://www.mail-archive.com/mpls-issues@freedom2.mtn.org/msg00002.html,2026-10-10T06:54:24.542564+00:00,200,saved,work_packages/M1_source_access/27_newspaper_context_recovery_20261008/social_public_api/continuations/20261010_broader_history_four_hour/worker/raw/369fa8c6170ec1056f207bea.bin.gz,6be71e9d7e4e897d39fdf0366f40420150d5d1fdbdff587f55e8d47b8b69093e,1c3e42ade291ac09549e25e27537a52e08eb8cdc9239a8116d993911ff9201ca,10131,4217,,loaded_native_returns,1,0,text/html; charset=utf-8,,,server_representation_metadata; not native message publication or verified edit time
36b2be38b292f2745985de15,osm_discourse,content,https://community.openstreetmap.org/t/32495.json,2026-10-10T08:44:21.206725+00:00,200,saved,work_packages/M1_source_access/27_newspaper_context_recovery_20261008/social_public_api/continuations/20261010_broader_history_four_hour/worker/raw/36b2be38b292f2745985de15.bin.gz,a93145ee2b4aa63940fb3cd970c3bd7a65c9960d916c56d575eeb45b1afd9293,9ec53fa314b4bedf2ef1375f839e078735b190681d8407f8cf62bc76f6d08bbf,20507,4126,,loaded_native_returns,7,0,application/json; charset=utf-8,20507,,server_representation_metadata; not native message publication or verified edit time
3707dc359f5f039b97414776,osm_discourse,content,https://community.openstreetmap.org/t/32357.json,2026-10-10T07:25:41.910136+00:00,200,saved,work_packages/M1_source_access/27_newspaper_context_recovery_20261008/social_public_api/continuations/20261010_broader_history_four_hour/worker/raw/3707dc359f5f039b97414776.bin.gz,995e59297747463626358f7321608dc7f33c3fcef771af312d1cd84fb5ef6017,22ebfccbde6230ce04c08b5ebc7705a9cf9b0b217bcc73f0df1c2ffc4ef70643,59869,11134,,loaded_native_returns,16,0,application/json; charset=utf-8,59869,,server_representation_metadata; not native message publication or verified edit time
380d365b96cb9f1bfa9a4027,python_discourse,content,https://discuss.python.org/t/725.json,2026-10-10T09:40:04.003929+00:00,200,saved,work_packages/M1_source_access/27_newspaper_context_recovery_20261008/social_public_api/continuations/20261010_broader_history_four_hour/worker/raw/380d365b96cb9f1bfa9a4027.bin.gz,1b4d0260eaaf0ae3e82a604d0e467dfa3c9acd337248187fea369c9393648743,6a67fd4bb9fff5e799e88b6ff4863bd3b185d5eaf4e558ed3fbe5502fb584d9b,8564,1964,,loaded_native_returns,4,0,application/json; charset=utf-8,8564,,server_representation_metadata; not native message publication or verified edit time
382002ba8cbb31d85844893b,straight_dope,content,https://boards.straightdope.com/t/1914/posts.json?post_ids%5B%5D=27155&post_ids%5B%5D=27156&post_ids%5B%5D=27157&post_ids%5B%5D=27158&post_ids%5B%5D=27159&post_ids%5B%5D=27160,2026-10-10T06:30:45.782212+00:00,200,saved,work_packages/M1_source_access/27_newspaper_context_recovery_20261008/social_public_api/continuations/20261010_broader_history_four_hour/worker/raw/382002ba8cbb31d85844893b.bin.gz,b3e99d65896b0bf5c4c5a951e8fd7ed154e80c6e8917558f15530c12ec9aa652,9d9bd821951f20fbb40103ca99cec5da85de4aa94a03ccff17079652341c0614,23401,5105,,loaded_native_returns,7,0,application/json; charset=utf-8,23401,,server_representation_metadata; not native message publication or verified edit time
3830302f49f89c64cee95e69,lemmy_nz,content,https://lemmy.nz/api/v3/comment/list?type_=Local&sort=Old&limit=50&page=1&post_id=185705,2026-10-10T07:26:24.553534+00:00,200,saved,work_packages/M1_source_access/27_newspaper_context_recovery_20261008/social_public_api/continuations/20261010_broader_history_four_hour/worker/raw/3830302f49f89c64cee95e69.bin.gz,891b06df1f9b5a1e4a3fd0b73c7659a410f12e2aaeab9360aeae37ada549b663,6f0e74bf9a45d3edee0108d8936ab91c3452bdd826ac6b27f3773eca63203f35,66949,5174,,loaded_native_returns,30,0,application/json,66949,,server_representation_metadata; not native message publication or verified edit time
3832ea8ede4681d1c33b77c0,w3_wwwtalk,content,https://lists.w3.org/Archives/Public/www-talk/1992MayJun/0062.html,2026-10-10T07:16:20.784697+00:00,200,saved,work_packages/M1_source_access/27_newspaper_context_recovery_20261008/social_public_api/continuations/20261010_broader_history_four_hour/worker/raw/3832ea8ede4681d1c33b77c0.bin.gz,36bb19000358c10417a84a8d2e4f635ed41439c6ede555e16fcc2cef493af20e,5abbd889d741585cd91a99433ef30300bef8801e4ba66400c62fa6cbe6834f40,3576,1331,,loaded_native_returns,1,0,text/html,,"Mon, 04 Aug 2003 15:50:20 GMT",server_representation_metadata; not native message publication or verified edit time
39027773707c5169e9572766,bluesky,content,https://public.api.bsky.app/xrpc/app.bsky.feed.getAuthorFeed?actor=did%3Aplc%3At5pur7eruxfgxy7ynpfrmg2w&limit=100&filter=posts_with_replies&includePins=false&cursor=2025-07-12T20%3A17%3A27.124Z,2026-10-10T09:32:01.874309+00:00,200,saved,work_packages/M1_source_access/27_newspaper_context_recovery_20261008/social_public_api/continuations/20261010_broader_history_four_hour/worker/raw/39027773707c5169e9572766.bin.gz,11816fa500f3eed8d1bfdd9e9417a7e8c7d6c1e5e0763887cc15e47e844846b3,0e3ab4865484bc91301e9b9f295f888f6db4667edf116ce077580d5974530235,567467,57734,,loaded_native_returns,100,0,application/json; charset=utf-8,567467,,server_representation_metadata; not native message publication or verified edit time
39318f0c81d56351c044a84b,osm_discourse,content,https://community.openstreetmap.org/t/32262.json,2026-10-10T06:27:29.395863+00:00,200,saved,work_packages/M1_source_access/27_newspaper_context_recovery_20261008/social_public_api/continuations/20261010_broader_history_four_hour/worker/raw/39318f0c81d56351c044a84b.bin.gz,cfaf942d8a761282bb55249da416badccabd258a28a6b257175b7af701446b1d,118b97bce391d068509b3c16bc053ec422d39c7daf697f354e7d0dfc3a1b1bb8,15046,3769,,loaded_native_returns,3,0,application/json; charset=utf-8,15046,,server_representation_metadata; not native message publication or verified edit time
39335476cbc1b36372eda3bc,dowire_tc_umn,content,https://www.mail-archive.com/do-wire%40tc.umn.edu/msg00009.html,2026-10-10T06:51:26.049379+00:00,200,saved,work_packages/M1_source_access/27_newspaper_context_recovery_20261008/social_public_api/continuations/20261010_broader_history_four_hour/worker/raw/39335476cbc1b36372eda3bc.bin.gz,2c04b1466989db3a9049be13053bef2ced671477af4a1870b71dade0d1a04d30,27f0c8c41eb73073d97a3bf83c8acf982830af0f701140e68a0847babcb3223f,9629,3898,,loaded_native_returns,1,0,text/html; charset=utf-8,,,server_representation_metadata; not native message publication or verified edit time
3972c1deb2408fe1dd66edcf,bluesky,content,https://public.api.bsky.app/xrpc/app.bsky.feed.getAuthorFeed?actor=did%3Aplc%3Aragtjsm2j2vknwkz3zp4oxrd&limit=100&filter=posts_with_replies&includePins=false&cursor=2023-10-01T15%3A28%3A00.731Z,2026-10-10T07:42:16.990842+00:00,200,saved,work_packages/M1_source_access/27_newspaper_context_recovery_20261008/social_public_api/continuations/20261010_broader_history_four_hour/worker/raw/3972c1deb2408fe1dd66edcf.bin.gz,f5a539539f99dc68ae27337f3fa0a6d7707bca484b2f6ea6558da0109482c2f5,3414d10549ab94333af388e4ed8a6dd07576d1ade7b628dcce6f7354abeb450c,390523,41733,,loaded_native_returns,104,0,application/json; charset=utf-8,390523,,server_representation_metadata; not native message publication or verified edit time
39b5f1976b25e1bb125f5f9a,bluesky,content,https://public.api.bsky.app/xrpc/app.bsky.feed.getAuthorFeed?actor=did%3Aplc%3Aragtjsm2j2vknwkz3zp4oxrd&limit=100&filter=posts_with_replies&includePins=false&cursor=2023-08-16T14%3A34%3A29.488Z,2026-10-10T09:30:50.880418+00:00,200,saved,work_packages/M1_source_access/27_newspaper_context_recovery_20261008/social_public_api/continuations/20261010_broader_history_four_hour/worker/raw/39b5f1976b25e1bb125f5f9a.bin.gz,f59bb12d289151e4c58366b4e6f61e1ccaaf66d23645c385f7b16fd745058522,93f061207e59fa4f18b8ebf373b3c0dc564e2541aa8c018196589b0a1e94080a,354172,35213,,loaded_native_returns,102,0,application/json; charset=utf-8,354172,,server_representation_metadata; not native message publication or verified edit time
39f5f037df78db83bdd2fb1c,hackernews,content,https://hacker-news.firebaseio.com/v0/item/180.json,2026-10-10T08:07:24.405924+00:00,200,saved,work_packages/M1_source_access/27_newspaper_context_recovery_20261008/social_public_api/continuations/20261010_broader_history_four_hour/worker/raw/39f5f037df78db83bdd2fb1c.bin.gz,98c70e5d95d18118df86b85a34c1c802d3f89f3565549a345a8e0924e7364442,654ffee6c30e826f0561051946dde561a1b65a1dd105b45cbfb913cdf732bbbe,217,187,,loaded_native_returns,1,0,application/json; charset=utf-8,217,,server_representation_metadata; not native message publication or verified edit time
3a096ac25c88f725109076f8,python_discourse,content,https://discuss.python.org/t/610.json,2026-10-10T07:59:24.282560+00:00,200,saved,work_packages/M1_source_access/27_newspaper_context_recovery_20261008/social_public_api/continuations/20261010_broader_history_four_hour/worker/raw/3a096ac25c88f725109076f8.bin.gz,98f42834bb78fde4ab47ef0fcc8712df33f0cea1786a53fd64b074105ca48039,195dc7ab9712af49204e04456ab780941922f3d140d41784a642bd751a708d65,48168,6185,,loaded_native_returns,21,0,application/json; charset=utf-8,48168,,server_representation_metadata; not native message publication or verified edit time
3a41bd7c9fc0e6e8969be9d9,mastodon_us,content,https://sfba.social/api/v1/timelines/public?local=true&limit=40&max_id=116885422363482020,2026-10-10T08:36:10.701990+00:00,200,saved,work_packages/M1_source_access/27_newspaper_context_recovery_20261008/social_public_api/continuations/20261010_broader_history_four_hour/worker/raw/3a41bd7c9fc0e6e8969be9d9.bin.gz,f63dd8ca4c09c9384dfea98ac10dc9cecbb58f563d182f524602b9949d548ce5,947512c3a72985c49e3034319f27986bc1d32ad2939017eea1b55a6d7ceeea8d,159169,25493,,loaded_native_returns,40,0,application/json; charset=utf-8,159169,,server_representation_metadata; not native message publication or verified edit time
3a81b6c3fa3798a210d50ecb,e_democracy_archival,source_metadata,https://web.archive.org/web/20240301122603/http://forums.e-democracy.org/r/topic/4MppsTivQuzl0kMhHmn7nb,,404,http_stop,,,,,,,transport_stop_no_raw_payload,0,0,,,,server_representation_metadata; not native message publication or verified edit time
3a964382f6e00f1d5a5ec6cf,w3_wwwtalk,content,https://lists.w3.org/Archives/Public/www-talk/1992MayJun/0057.html,2026-10-10T07:07:46.677538+00:00,200,saved,work_packages/M1_source_access/27_newspaper_context_recovery_20261008/social_public_api/continuations/20261010_broader_history_four_hour/worker/raw/3a964382f6e00f1d5a5ec6cf.bin.gz,a49abe554a53025f0a5547076076b53f5f0e5f144cf73761105b1562b23147ee,f37f76b423c4156876b00e9fa54313406fffee986bdf791a82d96dcb35847586,7364,2828,,loaded_native_returns,1,0,text/html,,"Mon, 04 Aug 2003 15:50:20 GMT",server_representation_metadata; not native message publication or verified edit time
3ab78b2f9b0aa68aff125e5c,e_democracy_archival,policy,https://help.archive.org/help/using-the-wayback-machine/,2026-10-10T06:31:43.619527+00:00,200,saved,work_packages/M1_source_access/27_newspaper_context_recovery_20261008/social_public_api/continuations/20261010_broader_history_four_hour/worker/raw/3ab78b2f9b0aa68aff125e5c.bin.gz,64ad4433ad2fe328ba03e7d50b8062b1d82094699b0614ad178a92c7e452d0a2,ec859b2fa9aaaf3ef43e9dd2fef39c9e20c905835566ceba1e0ac0d6d3a53de8,51149,13427,,noncontent_access_policy_or_frame_metadata,0,0,text/html; charset=UTF-8,,,server_representation_metadata; not native message publication or verified edit time
3adcf035c92f69e6664e5534,dowire_tc_umn,content,https://www.mail-archive.com/do-wire%40tc.umn.edu/msg00006.html,2026-10-10T06:41:54.345980+00:00,200,saved,work_packages/M1_source_access/27_newspaper_context_recovery_20261008/social_public_api/continuations/20261010_broader_history_four_hour/worker/raw/3adcf035c92f69e6664e5534.bin.gz,7dec52c907bfc7af4459054a6b672f64359a2c268e207e2e975c5ddf4c71682d,7659ee637a7f26ebe5c2a5e5977d3eee9d0ab7925430426dacbccc797b783458,10507,4286,,loaded_native_returns,1,0,text/html; charset=utf-8,,,server_representation_metadata; not native message publication or verified edit time
3b10ca28edb4ff7ba9803d41,hackernews,content,https://hacker-news.firebaseio.com/v0/item/159.json,2026-10-10T07:24:02.385079+00:00,200,saved,work_packages/M1_source_access/27_newspaper_context_recovery_20261008/social_public_api/continuations/20261010_broader_history_four_hour/worker/raw/3b10ca28edb4ff7ba9803d41.bin.gz,84c215cfb21a6107c597239e21503f210608c64cc9002c818b9fd76a9e37898e,881ac81e3fdbf1478dcd63f2eac61ed6a14411507a4010ff7d3a14acd499f200,176,158,,loaded_native_returns,1,0,application/json; charset=utf-8,176,,server_representation_metadata; not native message publication or verified edit time
3b4c52e2791842dce28d6d35,mastodon_us,content,https://sfba.social/api/v1/timelines/public?local=true&limit=40&max_id=116926448240219088,2026-10-10T06:26:56.410355+00:00,200,saved,work_packages/M1_source_access/27_newspaper_context_recovery_20261008/social_public_api/continuations/20261010_broader_history_four_hour/worker/raw/3b4c52e2791842dce28d6d35.bin.gz,a583ed8abfc990f8d9755a9b578b1ef03f88506c102912443d7af5d04e0ee55e,64b868e65c45e474776c0048549bb17a9cb6da0bf111e6f97fe54d9cb1f0e7e5,135888,18487,,loaded_native_returns,40,0,application/json; charset=utf-8,135888,,server_representation_metadata; not native message publication or verified edit time
3b6f30d8ec7a41e3e8c00b3e,tildes,content,https://tildes.net/~tildes/16vl/20_000_tildidgeridoos,2026-10-10T07:41:42.855321+00:00,200,saved,work_packages/M1_source_access/27_newspaper_context_recovery_20261008/social_public_api/continuations/20261010_broader_history_four_hour/worker/raw/3b6f30d8ec7a41e3e8c00b3e.bin.gz,f53a3d93880d0da69e738de5fb49bb11d4785b4dd881a4517bcb1b96ed967875,735f0c9f3f72e5c893031163725c42af6160d50cfa7e16088d070ff07f9fc00d,226607,22486,,loaded_native_returns,124,0,text/html; charset=UTF-8,226607,,server_representation_metadata; not native message publication or verified edit time
3bb14af7801d721bc6d6843a,bluesky,content,https://public.api.bsky.app/xrpc/app.bsky.feed.getAuthorFeed?actor=did%3Aplc%3Aragtjsm2j2vknwkz3zp4oxrd&limit=100&filter=posts_with_replies&includePins=false&cursor=2023-07-06T02%3A44%3A24.97Z,2026-10-10T09:43:37.600318+00:00,200,saved,work_packages/M1_source_access/27_newspaper_context_recovery_20261008/social_public_api/continuations/20261010_broader_history_four_hour/worker/raw/3bb14af7801d721bc6d6843a.bin.gz,b5555ed729581846237cf3f216009cbc59b1a3ed7c4e7dd0283cd58797d82fcc,6f86cd5eea5a7ca38a0ee62674b804dd2a259e3370332961ef07df6e45b70b13,415739,40544,,loaded_native_returns,120,0,application/json; charset=utf-8,415739,,server_representation_metadata; not native message publication or verified edit time
3c0222238327bfaf3cdc30fb,e_democracy,source_metadata,https://forums.e-democracy.org/,,301,http_stop,,,,,,,transport_stop_no_raw_payload,0,0,,,,server_representation_metadata; not native message publication or verified edit time
3c4cc47f47c2456c98d71b3f,tildes,content,https://tildes.net/?order=new&period=all&after=1wbn,2026-10-10T06:28:27.613016+00:00,200,saved,work_packages/M1_source_access/27_newspaper_context_recovery_20261008/social_public_api/continuations/20261010_broader_history_four_hour/worker/raw/3c4cc47f47c2456c98d71b3f.bin.gz,9b10dc9203e702a92dc0547b6b3d2495824b52c5fc4728f686e542f2aa70ec1b,85b600ab8e977c7c662620e601888669285c7775ffaa72a1a18c805e9071a7ce,134408,24528,,loaded_native_returns,50,0,text/html; charset=UTF-8,134408,,server_representation_metadata; not native message publication or verified edit time
3c69d0a2eabc66f04b7106d0,mastodon_uk,content,https://mastodon.me.uk/api/v1/timelines/public?local=true&limit=40&max_id=116125178853692254,2026-10-10T08:48:57.934126+00:00,200,saved,work_packages/M1_source_access/27_newspaper_context_recovery_20261008/social_public_api/continuations/20261010_broader_history_four_hour/worker/raw/3c69d0a2eabc66f04b7106d0.bin.gz,4f7101f33a61239e93185551f55f457ca91187ab2ad9aa52a8b55a0a61e434a0,42c0080c9f103d554307899447459aa9af2ebf2d1504418dbe782a652b7ebd8b,132003,17857,,loaded_native_returns,40,0,application/json; charset=utf-8,132003,,server_representation_metadata; not native message publication or verified edit time
3c6cbbde84cfe1c551664b72,straight_dope,content,https://boards.straightdope.com/t/1033667.json,2026-10-10T07:54:52.507411+00:00,200,saved,work_packages/M1_source_access/27_newspaper_context_recovery_20261008/social_public_api/continuations/20261010_broader_history_four_hour/worker/raw/3c6cbbde84cfe1c551664b72.bin.gz,f027bdb20887a1125625b9dda1bd6f43e1cf744acd7259ae17166e0a7441b482,4d49ac6fe677c760d2aa212f6ce896550178737020e0bb0a91e6bcd62c857666,53155,8337,,loaded_native_returns,21,0,application/json; charset=utf-8,53155,,server_representation_metadata; not native message publication or verified edit time
3c8c0229a7c5d47277696314,w3_wwwtalk,content,https://lists.w3.org/Archives/Public/www-talk/1992MayJun/0042.html,2026-10-10T06:34:27.262765+00:00,200,saved,work_packages/M1_source_access/27_newspaper_context_recovery_20261008/social_public_api/continuations/20261010_broader_history_four_hour/worker/raw/3c8c0229a7c5d47277696314.bin.gz,609ebc8c53fbc45d4067bccfe4eec0992b62e2e7c44021c2ad980476ff486a5f,9fa15d5e222e680aa8acfaef3683bb8aa83d371f40c2971f63c1c3aaaf7bf599,11044,4513,,loaded_native_returns,1,0,text/html,,"Mon, 04 Aug 2003 15:50:20 GMT",server_representation_metadata; not native message publication or verified edit time
3caf2972d699b5c2fa3f7785,mastodon_uk,content,https://mastodon.me.uk/api/v1/timelines/public?local=true&limit=40&max_id=116168668267766928,2026-10-10T07:58:46.258824+00:00,200,saved,work_packages/M1_source_access/27_newspaper_context_recovery_20261008/social_public_api/continuations/20261010_broader_history_four_hour/worker/raw/3caf2972d699b5c2fa3f7785.bin.gz,58f23dd58011eb3fe97c24a5ce73e1cbc1808cfcd7531546461368f8acc765b1,8cb6a4ac15863b5fbb5aa1452c5dde97f91d5b7246d9c70f09f6d15de7890c02,142464,15315,,loaded_native_returns,40,0,application/json; charset=utf-8,142464,,server_representation_metadata; not native message publication or verified edit time
3d28dbc694ecf683aa195682,hackernews,content,https://hacker-news.firebaseio.com/v0/item/168.json,2026-10-10T07:42:52.278160+00:00,200,saved,work_packages/M1_source_access/27_newspaper_context_recovery_20261008/social_public_api/continuations/20261010_broader_history_four_hour/worker/raw/3d28dbc694ecf683aa195682.bin.gz,e7aba1631eeb203fdd6fe48a7715bb55d7d4f6f0bf8116ad2e597ee0bb7f1783,97faa4ec992005e0410537c5fb5dbbd9e46ff40e8d58b787dac568b4f009a75e,248,226,,loaded_native_returns,1,0,application/json; charset=utf-8,248,,server_representation_metadata; not native message publication or verified edit time
3d58891a2a003370d554e7d3,ilxor,policy,https://www.ilxor.com/robots.txt,2026-10-10T06:06:20.127621+00:00,200,saved,work_packages/M1_source_access/27_newspaper_context_recovery_20261008/social_public_api/continuations/20261010_broader_history_four_hour/worker/raw/3d58891a2a003370d554e7d3.bin.gz,a6d2efb60d220952b2f20bd58b4853072b000fd3af70ebcdb4190944c0eb15c7,cdcd3b648b5ba6998beb22310e27f98f82c5859ceeb5f064835c013a59e41853,500,183,,noncontent_access_policy_or_frame_metadata,0,0,text/plain,,"Fri, 02 May 2025 07:27:47 GMT",server_representation_metadata; not native message publication or verified edit time
3db648fb45ef88d57a826c9a,lemmy_nz,content,https://lemmy.nz/api/v3/comment/list?type_=Local&sort=Old&limit=50&page=1&post_id=180035,2026-10-10T06:58:11.432745+00:00,200,saved,work_packages/M1_source_access/27_newspaper_context_recovery_20261008/social_public_api/continuations/20261010_broader_history_four_hour/worker/raw/3db648fb45ef88d57a826c9a.bin.gz,9efdb10c81eaf55dc95e4320d1f02441576a405fb0551d5b8f1905bc0728f854,4fa14da49dc015f30581863a05d74d4091152f4549146526e99de651d5809edf,15,35,,loaded_native_returns,0,0,application/json,15,,server_representation_metadata; not native message publication or verified edit time
3dd349da07e43ade296d15b4,tildes,content,https://tildes.net/~tech/19f3/madison_reeve_explains_why_she_quit_linus_tech_tips_cw_self_harm_slurs_sexual_harassment,2026-10-10T09:30:29.321757+00:00,200,saved,work_packages/M1_source_access/27_newspaper_context_recovery_20261008/social_public_api/continuations/20261010_broader_history_four_hour/worker/raw/3dd349da07e43ade296d15b4.bin.gz,47645823016e276b7197f2516c8315fa3d555efba0a741eb3076fd9fa5b66ba6,eead67d8f718fa4b00090fb387ca353d21a60c06aa18ae633921d2f39ec48477,250076,39090,,loaded_native_returns,102,0,text/html; charset=UTF-8,250076,,server_representation_metadata; not native message publication or verified edit time
3ebab2df8f396b804bbdbe0b,dowire_newswire,content,https://www.mail-archive.com/newswire%40groups.dowire.org/mail11.html,2026-10-10T06:41:49.474952+00:00,200,saved,work_packages/M1_source_access/27_newspaper_context_recovery_20261008/social_public_api/continuations/20261010_broader_history_four_hour/worker/raw/3ebab2df8f396b804bbdbe0b.bin.gz,ecdd19b6d745f17df08a9b768796d002977863f3be031a51615d089fdefb9192,5c7b82cdac73f7fa2d827645e603215ec2ccc006f37f511fffae1e7c63fba71a,25446,6240,,loaded_native_returns,0,0,text/html; charset=UTF-8,,,server_representation_metadata; not native message publication or verified edit time
3ef673614f78b9dbacd90085,mastodon_us,content,https://sfba.social/api/v1/timelines/public?local=true&limit=40&max_id=116879079457909609,2026-10-10T09:25:17.145357+00:00,200,saved,work_packages/M1_source_access/27_newspaper_context_recovery_20261008/social_public_api/continuations/20261010_broader_history_four_hour/worker/raw/3ef673614f78b9dbacd90085.bin.gz,8b8499f36f1efaa9e5a44d92ec32fd9a0aeb86c8e2fcd5ce3e3553a87c1b630e,b97b796601947e8bdfd8fe93f34ffdacda59e5833af75f4d4374cc3bf3102980,151991,19265,,loaded_native_returns,40,0,application/json; charset=utf-8,151991,,server_representation_metadata; not native message publication or verified edit time
3f03656c7eca78ce2ba6b703,hackernews,content,https://hacker-news.firebaseio.com/v0/item/178.json,2026-10-10T08:03:13.271502+00:00,200,saved,work_packages/M1_source_access/27_newspaper_context_recovery_20261008/social_public_api/continuations/20261010_broader_history_four_hour/worker/raw/3f03656c7eca78ce2ba6b703.bin.gz,f2cf73533db7ac22d4af95a12c48e69f7ff356487075fa342a81fbef22648b29,12b746d695e2207ea1641d017437d6d6658c8fb3f6c0531be4c51033386e5c15,198,176,,loaded_native_returns,1,0,application/json; charset=utf-8,198,,server_representation_metadata; not native message publication or verified edit time
3f39e1ea76ec63486b3a38f2,lemmy_nz,content,https://lemmy.nz/api/v3/comment/list?type_=Local&sort=Old&limit=50&page=2&post_id=194228,2026-10-10T08:02:00.711257+00:00,200,saved,work_packages/M1_source_access/27_newspaper_context_recovery_20261008/social_public_api/continuations/20261010_broader_history_four_hour/worker/raw/3f39e1ea76ec63486b3a38f2.bin.gz,9efdb10c81eaf55dc95e4320d1f02441576a405fb0551d5b8f1905bc0728f854,4fa14da49dc015f30581863a05d74d4091152f4549146526e99de651d5809edf,15,35,,loaded_native_returns,0,0,application/json,15,,server_representation_metadata; not native message publication or verified edit time
3f9561c98f3bcc7f89088a1f,tildes,content,https://tildes.net/~life/1w4q/in_fighting_for_every_black_child_did_i_forget_my_own,2026-10-10T06:55:57.835313+00:00,200,saved,work_packages/M1_source_access/27_newspaper_context_recovery_20261008/social_public_api/continuations/20261010_broader_history_four_hour/worker/raw/3f9561c98f3bcc7f89088a1f.bin.gz,18b79da97e694b782199a4b588fcb1688a6880075418a9d7e8a6a346e10cf179,4413a6ef8cd51592cebb4078b9eea936e8a9f532e6a9610fb25a2cfef1928418,80406,14218,,loaded_native_returns,30,0,text/html; charset=UTF-8,80406,,server_representation_metadata; not native message publication or verified edit time
4016712d59096c309ca2c7e8,osm_discourse,content,https://community.openstreetmap.org/t/32556.json,2026-10-10T09:37:21.581453+00:00,200,saved,work_packages/M1_source_access/27_newspaper_context_recovery_20261008/social_public_api/continuations/20261010_broader_history_four_hour/worker/raw/4016712d59096c309ca2c7e8.bin.gz,081891d99833f197a23bb1c63bf60276ebe256820a7d336278e393cc607f9d5d,66ed10ac9311484148d71282550f2be458d05c110a6f8e390cc70c868cd966b1,38172,7784,,loaded_native_returns,13,0,application/json; charset=utf-8,38172,,server_representation_metadata; not native message publication or verified edit time
40461a6ede5f2ecd0d73c908,w3_wwwtalk,content,https://lists.w3.org/Archives/Public/www-talk/1992MayJun/0039.html,2026-10-10T06:29:03.144686+00:00,200,saved,work_packages/M1_source_access/27_newspaper_context_recovery_20261008/social_public_api/continuations/20261010_broader_history_four_hour/worker/raw/40461a6ede5f2ecd0d73c908.bin.gz,4b668b693e0c557e3f7e019557a948632078c2b9029068421527de6fcbaf47c7,a75ebb813a120d76e039016fa26f795a6871298e10fab4f55e9c80b4855b787a,2574,1026,,loaded_native_returns,1,0,text/html,,"Mon, 04 Aug 2003 15:50:20 GMT",server_representation_metadata; not native message publication or verified edit time
405a4b3e7be8712c3aa6fc94,mastodon_au,content,https://aus.social/api/v1/timelines/public?local=true&limit=40&max_id=116950970410272820,2026-10-10T06:32:17.492716+00:00,200,saved,work_packages/M1_source_access/27_newspaper_context_recovery_20261008/social_public_api/continuations/20261010_broader_history_four_hour/worker/raw/405a4b3e7be8712c3aa6fc94.bin.gz,a9dd11f4a8229a1510e1e2837e890eac2af8efdc5760fec11cd3e74be9860a00,79af878b6ad8d0ff4faff084029a0b374cffdbb2e0c62e8dbcce235977531836,161489,32083,,loaded_native_returns,40,0,application/json; charset=utf-8,161489,,server_representation_metadata; not native message publication or verified edit time
40b3f5c637e6c0ad6fae7b89,python_discourse,content,https://discuss.python.org/t/694.json,2026-10-10T09:34:32.337483+00:00,200,saved,work_packages/M1_source_access/27_newspaper_context_recovery_20261008/social_public_api/continuations/20261010_broader_history_four_hour/worker/raw/40b3f5c637e6c0ad6fae7b89.bin.gz,e26dd02af219f9a633dd3ad66167d99007151e4eada0b99c3e02652fbe678741,183fcd0bf1982d685d77f39f4fe0466cffc7827511c4ebdeefa8327cbced19d1,24376,7313,,loaded_native_returns,4,0,application/json; charset=utf-8,24376,,server_representation_metadata; not native message publication or verified edit time
40b6cf71fc934732b7f47809,bluesky,content,https://public.api.bsky.app/xrpc/app.bsky.feed.getAuthorFeed?actor=did%3Aplc%3Aragtjsm2j2vknwkz3zp4oxrd&limit=100&filter=posts_with_replies&includePins=false&cursor=2023-10-07T17%3A26%3A58.04Z,2026-10-10T07:32:49.137846+00:00,200,saved,work_packages/M1_source_access/27_newspaper_context_recovery_20261008/social_public_api/continuations/20261010_broader_history_four_hour/worker/raw/40b6cf71fc934732b7f47809.bin.gz,15ccda68f9f95fc530c884f115f269c321a1c8c293aa85d64d02e9ba7a3e006d,7e1962b351a74cf0bc284d4d25813c9bb866b158c283e3603b6f73cdb803cd7c,505181,44260,,loaded_native_returns,107,0,application/json; charset=utf-8,505181,,server_representation_metadata; not native message publication or verified edit time
40fe838a9925ada7cacbbfa5,python_list_archive,content,https://mail.python.org/pipermail/python-list/2005-August.txt,2026-10-10T06:31:04.640717+00:00,200,saved,work_packages/M1_source_access/27_newspaper_context_recovery_20261008/social_public_api/continuations/20261010_broader_history_four_hour/worker/raw/40fe838a9925ada7cacbbfa5.bin.gz,5b8cd44bd20078a4d6208572193f629c85b884e8b05ecfc7b47ddedac19aef04,a42c01a2235d06051f036724505f9f42b0bcea53b59b159d4f10f52a5b849577,6875499,2627930,,loaded_native_returns,4520,0,text/plain,6875499,"Sun, 27 Oct 2019 23:38:28 GMT",server_representation_metadata; not native message publication or verified edit time
41018c79fa3929089709a55c,straight_dope,content,https://boards.straightdope.com/t/712149/posts.json?post_ids%5B%5D=18101315&post_ids%5B%5D=18101345&post_ids%5B%5D=18101377&post_ids%5B%5D=18101391&post_ids%5B%5D=18101594&post_ids%5B%5D=18101664&post_ids%5B%5D=18101788&post_ids%5B%5D=18101799&post_ids%5B%5D=18102106&post_ids%5B%5D=18102238&post_ids%5B%5D=18102593&post_ids%5B%5D=18103481&post_ids%5B%5D=18103720&post_ids%5B%5D=18103745&post_ids%5B%5D=18103846&post_ids%5B%5D=18103882&post_ids%5B%5D=18103900&post_ids%5B%5D=18103918&post_ids%5B%5D=18103927&post_ids%5B%5D=18103941,2026-10-10T09:43:52.965573+00:00,200,saved,work_packages/M1_source_access/27_newspaper_context_recovery_20261008/social_public_api/continuations/20261010_broader_history_four_hour/worker/raw/41018c79fa3929089709a55c.bin.gz,a164e8d7ce1b8a3c1ca4f3e56258f69e866216dd069db0048afa6f91fab4bb5b,6b9582490e4f231682650c4a45202282d06d1e7bb9eed9a0b481b4f1efa28ac7,29981,2412,,loaded_native_returns,21,0,application/json; charset=utf-8,29981,,server_representation_metadata; not native message publication or verified edit time
419ebe21f7bd554e4c65b3bc,dowire_tc_umn,content,https://www.mail-archive.com/do-wire%40tc.umn.edu/mail4.html,2026-10-10T06:28:21.159434+00:00,200,saved,work_packages/M1_source_access/27_newspaper_context_recovery_20261008/social_public_api/continuations/20261010_broader_history_four_hour/worker/raw/419ebe21f7bd554e4c65b3bc.bin.gz,9eb909a08091a9611a4181cec9706d6ca62f3ee62e200e7ece5b464a46e2e278,ecdf152f730ba1e57017b39cfe84b5f33591677b416e0c42874d1bce32f44da4,13909,3263,,loaded_native_returns,0,0,text/html; charset=UTF-8,,,server_representation_metadata; not native message publication or verified edit time
41aef0ab887b9b45a53a9375,straight_dope,content,https://boards.straightdope.com/t/1025298/posts.json?post_ids%5B%5D=25862336&post_ids%5B%5D=25862347&post_ids%5B%5D=25862402&post_ids%5B%5D=25862438&post_ids%5B%5D=25862453&post_ids%5B%5D=25862479&post_ids%5B%5D=25862482&post_ids%5B%5D=25862503,2026-10-10T07:53:05.514442+00:00,200,saved,work_packages/M1_source_access/27_newspaper_context_recovery_20261008/social_public_api/continuations/20261010_broader_history_four_hour/worker/raw/41aef0ab887b9b45a53a9375.bin.gz,09540bc89e4b55613139e9b75730dbf5835301ea6b0572ac832e356c51964756,e0799b72bd8025a728f262b31bacb2e744463e965a9670271eb58e7a70295fff,60866,15851,,loaded_native_returns,9,0,application/json; charset=utf-8,60866,,server_representation_metadata; not native message publication or verified edit time
41b44311873a8c31d855d524,hackernews,content,https://hacker-news.firebaseio.com/v0/item/137.json,2026-10-10T06:36:53.747415+00:00,200,saved,work_packages/M1_source_access/27_newspaper_context_recovery_20261008/social_public_api/continuations/20261010_broader_history_four_hour/worker/raw/41b44311873a8c31d855d524.bin.gz,0481d660b44134ae406c6db139828c454cf2bd6673b071101c6fd44ceb8e28c5,c81735bd8977a94f3ded25a17bf06746162683b047843be43fba76ad93c1a937,236,216,,loaded_native_returns,1,0,application/json; charset=utf-8,236,,server_representation_metadata; not native message publication or verified edit time
41c3c7a8e7420f14f222ab32,osm_discourse,content,https://community.openstreetmap.org/t/32323.json,2026-10-10T07:02:47.654924+00:00,200,saved,work_packages/M1_source_access/27_newspaper_context_recovery_20261008/social_public_api/continuations/20261010_broader_history_four_hour/worker/raw/41c3c7a8e7420f14f222ab32.bin.gz,7948f698bac4c071682475e601b045823bf201ea5a601e45a9282ebb704ec08d,18e44934a6e4855198ff1704532acc0d50f59fa21cdd3e0c29a5ca5e35e72f60,23976,4778,,loaded_native_returns,7,0,application/json; charset=utf-8,23976,,server_representation_metadata; not native message publication or verified edit time
41d9210c87ace63c0e702ff9,boingboing_bbs,policy,https://boingboing.net/tos,,403,http_stop,,,,,,,transport_stop_no_raw_payload,0,0,,,,server_representation_metadata; not native message publication or verified edit time
42030f811bbea45cec172977,thesession,content,https://thesession.org/discussions/2,2026-10-10T07:42:23.718591+00:00,200,saved,work_packages/M1_source_access/27_newspaper_context_recovery_20261008/social_public_api/continuations/20261010_broader_history_four_hour/worker/raw/42030f811bbea45cec172977.bin.gz,e065c510fa9b30eb13634e143a3d6f06c708b6f05dc8b72a6676b400f5f6d46b,81f21836b5b4bdbd0af83e6b7b4a28e3e0b5f89b00d6ed6502a10d292b987600,69660,15600,,loaded_native_returns,12,0,text/html; charset=utf-8,,,server_representation_metadata; not native message publication or verified edit time
423331544dcacf1be7bea1e8,tildes,content,https://tildes.net/~tech/17ag/reddit_is_fun_apollo_baconreader_and_other_third_party_reddit_apps_have_officially_shut_down,2026-10-10T06:30:06.730812+00:00,200,saved,work_packages/M1_source_access/27_newspaper_context_recovery_20261008/social_public_api/continuations/20261010_broader_history_four_hour/worker/raw/423331544dcacf1be7bea1e8.bin.gz,6bed2f3d98b8766e24759470097ab861764418d21ff282367684e420126ed980,41dd1c7b13a3eeef7ad1c300f0860647f0f9d58ec5d20b9bddabaf058bf8a8bb,466449,45683,,loaded_native_returns,243,0,text/html; charset=UTF-8,466449,,server_representation_metadata; not native message publication or verified edit time
4262713fbb69fb44f577a4be,mastodon_uk,content,https://mastodon.me.uk/api/v1/timelines/public?local=true&limit=40&max_id=116165601090998419,2026-10-10T08:04:19.047239+00:00,200,saved,work_packages/M1_source_access/27_newspaper_context_recovery_20261008/social_public_api/continuations/20261010_broader_history_four_hour/worker/raw/4262713fbb69fb44f577a4be.bin.gz,d63407cdec04fea2b41874bd34b9450d7ccd9be65db0df7c786c9ebbcf3a8ca5,8c1b828746b8be8408b9d280b3c72a4529001a4af16b01e1624915fe98010f77,144070,23304,,loaded_native_returns,40,0,application/json; charset=utf-8,144070,,server_representation_metadata; not native message publication or verified edit time
428c62572cca6ff14f9095b8,hackernews,content,https://hacker-news.firebaseio.com/v0/item/151.json,2026-10-10T07:08:12.233678+00:00,200,saved,work_packages/M1_source_access/27_newspaper_context_recovery_20261008/social_public_api/continuations/20261010_broader_history_four_hour/worker/raw/428c62572cca6ff14f9095b8.bin.gz,9c4035caa83bcc4a451e40c1bf74d6162b2ea2626a6042efe51c46743ab27c07,0cd8ab265d94031f4810c2723daf3b8e7d5ddd8392d9e97604f1ff7b7c04d826,120,123,,loaded_native_returns,1,0,application/json; charset=utf-8,120,,server_representation_metadata; not native message publication or verified edit time
430817ff07b4d0ae09a14884,lemmy_nz,content,https://lemmy.nz/api/v3/comment/list?type_=Local&sort=Old&limit=50&page=2&post_id=183324,2026-10-10T07:05:29.744556+00:00,200,saved,work_packages/M1_source_access/27_newspaper_context_recovery_20261008/social_public_api/continuations/20261010_broader_history_four_hour/worker/raw/430817ff07b4d0ae09a14884.bin.gz,9efdb10c81eaf55dc95e4320d1f02441576a405fb0551d5b8f1905bc0728f854,4fa14da49dc015f30581863a05d74d4091152f4549146526e99de651d5809edf,15,35,,loaded_native_returns,0,0,application/json,15,,server_representation_metadata; not native message publication or verified edit time
4338f92215a965f909002e61,mastodon_uk,content,https://mastodon.me.uk/api/v1/timelines/public?local=true&limit=40&max_id=116239211121842304,2026-10-10T06:38:16.783475+00:00,200,saved,work_packages/M1_source_access/27_newspaper_context_recovery_20261008/social_public_api/continuations/20261010_broader_history_four_hour/worker/raw/4338f92215a965f909002e61.bin.gz,e2e7dac2ab93f45644cf35bed7d4e050ebe31a2834607bb5e9ef8e809c239ee0,80de5bec4b4f29837b706399c53d4cb6064c63004c3e4f1b001d90462536ca0f,132773,19763,,loaded_native_returns,40,0,application/json; charset=utf-8,132773,,server_representation_metadata; not native message publication or verified edit time
43e210454d1050b0fd05bb16,bluesky,content,https://public.api.bsky.app/xrpc/app.bsky.feed.getAuthorFeed?actor=did%3Aplc%3Aragtjsm2j2vknwkz3zp4oxrd&limit=100&filter=posts_with_replies&includePins=false&cursor=2023-12-10T06%3A03%3A09.026Z,2026-10-10T06:00:22.181108+00:00,200,saved,work_packages/M1_source_access/27_newspaper_context_recovery_20261008/social_public_api/continuations/20261010_broader_history_four_hour/worker/raw/43e210454d1050b0fd05bb16.bin.gz,f4652ce884084fe42d0c373bc047e92286fe4a139950dd7e93f216db3b8c5668,f3f7fe29f83019ac7444f2bfd60f964eb2de498644b7995553eb92032508ddf5,364923,35879,,loaded_native_returns,109,0,application/json; charset=utf-8,364923,,server_representation_metadata; not native message publication or verified edit time
43f28c0ba765b30e51cc7d7d,bluesky,content,https://public.api.bsky.app/xrpc/app.bsky.feed.getAuthorFeed?actor=did%3Aplc%3At5pur7eruxfgxy7ynpfrmg2w&limit=100&filter=posts_with_replies&includePins=false&cursor=2025-08-06T13%3A02%3A45.422Z,2026-10-10T06:07:37.352207+00:00,200,saved,work_packages/M1_source_access/27_newspaper_context_recovery_20261008/social_public_api/continuations/20261010_broader_history_four_hour/worker/raw/43f28c0ba765b30e51cc7d7d.bin.gz,397f2d5aa5f26bbaf5798b5c484f6e280fb2f6ff18c56e48db919a7fa96fee1a,4c9887265ce2389b7d1da9c92066a6ef0194d47b0b09ad0f14ec3f8766e09d0d,548950,57039,,loaded_native_returns,100,0,application/json; charset=utf-8,548950,,server_representation_metadata; not native message publication or verified edit time
4443366daee679b49ed92963,e_democracy_archival,source_metadata,https://web.archive.org/web/20240301132441/http://forums.e-democracy.org/groups/oxford-hm,2026-10-10T06:31:56.800290+00:00,200,saved,work_packages/M1_source_access/27_newspaper_context_recovery_20261008/social_public_api/continuations/20261010_broader_history_four_hour/worker/raw/4443366daee679b49ed92963.bin.gz,be5ac62b740cf490707e4bcc6f97cfa55060a3cd9a689da026dcd1741b87c3f2,b655fd148c26747d851104e15d1f2e3bb35549b9f024711f90a06235605a1301,39457,8684,,noncontent_access_policy_or_frame_metadata,0,0,text/html; charset=UTF-8,,,server_representation_metadata; not native message publication or verified edit time
450ebc69cecc186023866c43,python_list_archive,content,https://mail.python.org/pipermail/python-list/2011-October.txt,2026-10-10T09:32:37.181049+00:00,200,saved,work_packages/M1_source_access/27_newspaper_context_recovery_20261008/social_public_api/continuations/20261010_broader_history_four_hour/worker/raw/450ebc69cecc186023866c43.bin.gz,ee893360681fcd23f84c20a33a71f304e09846472866eeb0496dc0498fb72d63,3793faef9e5adb960eef50d4f72ce96fa7215e86fb72c1bfe695b23ab494d4c6,3569492,947044,,loaded_native_returns,2462,0,text/plain,3569492,"Mon, 28 Oct 2019 10:12:24 GMT",server_representation_metadata; not native message publication or verified edit time
4524eb6a890fd61ed05284ab,w3_wwwtalk,content,https://lists.w3.org/Archives/Public/www-talk/1992MayJun/0048.html,2026-10-10T06:50:13.190809+00:00,200,saved,work_packages/M1_source_access/27_newspaper_context_recovery_20261008/social_public_api/continuations/20261010_broader_history_four_hour/worker/raw/4524eb6a890fd61ed05284ab.bin.gz,5b83d786a118acfa52972c3f86218ba059d1e29ce31c559c6746e7e716ed917b,c53ddedf575b9e99e01cf023cee7b39b48c43321da3669d64b55552cc45827ed,4257,1498,,loaded_native_returns,1,0,text/html,,"Mon, 04 Aug 2003 15:50:20 GMT",server_representation_metadata; not native message publication or verified edit time
45446c6dac733f4a693e3771,mastodon_uk,content,https://mastodon.me.uk/api/v1/timelines/public?local=true&limit=40&max_id=116190609643819307,2026-10-10T07:32:24.434744+00:00,200,saved,work_packages/M1_source_access/27_newspaper_context_recovery_20261008/social_public_api/continuations/20261010_broader_history_four_hour/worker/raw/45446c6dac733f4a693e3771.bin.gz,f317d2320d3b3526c920cd4e8e82fc53ccae72fa24267b379a6933ddbefff51f,eeec14c59f3bf0431ddf5bdfb651e01ce25160de5864dfee0b8599101232e545,135371,19934,,loaded_native_returns,40,0,application/json; charset=utf-8,135371,,server_representation_metadata; not native message publication or verified edit time
455e0f3262c32f31cb2428e0,mastodon_au,content,https://aus.social/api/v1/timelines/public?local=true&limit=40&max_id=116945706323324029,2026-10-10T06:51:48.919013+00:00,200,saved,work_packages/M1_source_access/27_newspaper_context_recovery_20261008/social_public_api/continuations/20261010_broader_history_four_hour/worker/raw/455e0f3262c32f31cb2428e0.bin.gz,d2ff481f6734f64ebf12268a62689e813308ddf063fbcdae84afe35eb9f79c97,ee1d70e06bd14997b35e42e6a3c50be8408ffa554d4d428fd44f978ec29bcbb4,134925,24766,,loaded_native_returns,40,0,application/json; charset=utf-8,134925,,server_representation_metadata; not native message publication or verified edit time
45639948ba7a9bb6ec52e00a,python_list_archive,content,https://mail.python.org/pipermail/python-list/2008-July.txt,2026-10-10T07:44:54.941106+00:00,200,saved,work_packages/M1_source_access/27_newspaper_context_recovery_20261008/social_public_api/continuations/20261010_broader_history_four_hour/worker/raw/45639948ba7a9bb6ec52e00a.bin.gz,2738178fb996bd0c2b213aef5f417fffcde3f81d0f240d281cac6ca040b355dd,3d2f1e05f5931e907be1463cad053efcc244c6abd25a0f3a094abfb1ddfb2494,13773174,5238938,,loaded_native_returns,8498,0,text/plain,13773174,"Mon, 28 Oct 2019 09:52:27 GMT",server_representation_metadata; not native message publication or verified edit time
45d0c939440b809f8c63634c,lemmy_nz,content,https://lemmy.nz/api/v3/comment/list?type_=Local&sort=Old&limit=50&page=2&post_id=183965,2026-10-10T07:14:00.228003+00:00,200,saved,work_packages/M1_source_access/27_newspaper_context_recovery_20261008/social_public_api/continuations/20261010_broader_history_four_hour/worker/raw/45d0c939440b809f8c63634c.bin.gz,9efdb10c81eaf55dc95e4320d1f02441576a405fb0551d5b8f1905bc0728f854,4fa14da49dc015f30581863a05d74d4091152f4549146526e99de651d5809edf,15,35,,loaded_native_returns,0,0,application/json,15,,server_representation_metadata; not native message publication or verified edit time
463ae6a7539bda2a31b4de92,mastodon_uk,content,https://mastodon.me.uk/api/v1/timelines/public?local=true&limit=40&max_id=116102607918573974,2026-10-10T09:36:47.742456+00:00,200,saved,work_packages/M1_source_access/27_newspaper_context_recovery_20261008/social_public_api/continuations/20261010_broader_history_four_hour/worker/raw/463ae6a7539bda2a31b4de92.bin.gz,7ebcc74616c06f02e08572367eb550d0e5ac66628a3886b1dfec81a12fb30284,f36f4d135617390b5da59406313acc24b38d578f1a752e4ef8521e3ce706485c,132298,16524,,loaded_native_returns,40,0,application/json; charset=utf-8,132298,,server_representation_metadata; not native message publication or verified edit time
464e26b33bbe8d37800c0855,hackernews,content,https://hacker-news.firebaseio.com/v0/item/216.json,2026-10-10T09:38:46.849408+00:00,200,saved,work_packages/M1_source_access/27_newspaper_context_recovery_20261008/social_public_api/continuations/20261010_broader_history_four_hour/worker/raw/464e26b33bbe8d37800c0855.bin.gz,6b0da7f335e9afde011a5f2be29e98e28846d8b4bc179f6fb51843fb19d501a2,18e4cbecd54ec7f42a37410aca687107f33433d39cef0de850a7d98e91896b1d,367,268,,loaded_native_returns,1,0,application/json; charset=utf-8,367,,server_representation_metadata; not native message publication or verified edit time
465444d44b04638b13e43c4a,straight_dope,content,https://boards.straightdope.com/t/1816/posts.json?post_ids%5B%5D=25459&post_ids%5B%5D=25460&post_ids%5B%5D=25461&post_ids%5B%5D=25462&post_ids%5B%5D=25463&post_ids%5B%5D=25464&post_ids%5B%5D=25465&post_ids%5B%5D=25466&post_ids%5B%5D=25467&post_ids%5B%5D=25468&post_ids%5B%5D=25469&post_ids%5B%5D=25470&post_ids%5B%5D=25471&post_ids%5B%5D=25472&post_ids%5B%5D=25473,2026-10-10T06:25:31.213684+00:00,200,saved,work_packages/M1_source_access/27_newspaper_context_recovery_20261008/social_public_api/continuations/20261010_broader_history_four_hour/worker/raw/465444d44b04638b13e43c4a.bin.gz,6a376f6196ad4d016d28a88f4b91d4bc97ed22966c29bd2a9e288d9d5bfdd655,dec36ef0186e1c462a686c0e013274dd88a4bc555b8b72198495588864bbdfaa,37786,6703,,loaded_native_returns,16,0,application/json; charset=utf-8,37786,,server_representation_metadata; not native message publication or verified edit time
4660a0a27668bf645e44fea7,lemmy_nz,content,https://lemmy.nz/api/v3/comment/list?type_=Local&sort=Old&limit=50&page=2&post_id=203339,2026-10-10T08:37:43.178033+00:00,200,saved,work_packages/M1_source_access/27_newspaper_context_recovery_20261008/social_public_api/continuations/20261010_broader_history_four_hour/worker/raw/4660a0a27668bf645e44fea7.bin.gz,9efdb10c81eaf55dc95e4320d1f02441576a405fb0551d5b8f1905bc0728f854,4fa14da49dc015f30581863a05d74d4091152f4549146526e99de651d5809edf,15,35,,loaded_native_returns,0,0,application/json,15,,server_representation_metadata; not native message publication or verified edit time
4660c3c1efc0bde366a0d17b,python_discourse,content,https://discuss.python.org/t/686.json,2026-10-10T09:32:15.173920+00:00,200,saved,work_packages/M1_source_access/27_newspaper_context_recovery_20261008/social_public_api/continuations/20261010_broader_history_four_hour/worker/raw/4660c3c1efc0bde366a0d17b.bin.gz,bab084b262e7a9337b7be284558cc52946f93e37efc1fe4ee05c0296a0b87102,42bff1dc6f0f0ff995539493d1a4ef6578d7a5aff9cb238de4711fd75ecb5bf4,26953,5359,,loaded_native_returns,8,0,application/json; charset=utf-8,26953,,server_representation_metadata; not native message publication or verified edit time
467e2dd5241304b1c5dcb24d,tildes,source_metadata,https://docs.tildes.net/instructions/navigating-tildes,2026-10-10T06:11:47.836822+00:00,200,saved,work_packages/M1_source_access/27_newspaper_context_recovery_20261008/social_public_api/continuations/20261010_broader_history_four_hour/worker/raw/467e2dd5241304b1c5dcb24d.bin.gz,b30c53d77a52fd4de9d20333dda8cccdc403a36f07ee25c36009a1ce2435b8c4,cd6ac5851348626dba2841aa8c4ca7eb1b6de12a227a9bb333952a76a5b4b153,10152,2832,,noncontent_access_policy_or_frame_metadata,0,0,text/html,10152,"Mon, 28 Jun 2021 04:24:26 GMT",server_representation_metadata; not native message publication or verified edit time
46a0525072ea770f3300c96f,hackernews,content,https://hacker-news.firebaseio.com/v0/item/145.json,2026-10-10T06:57:06.985180+00:00,200,saved,work_packages/M1_source_access/27_newspaper_context_recovery_20261008/social_public_api/continuations/20261010_broader_history_four_hour/worker/raw/46a0525072ea770f3300c96f.bin.gz,36f016d6631f3941c67f981d48160579b6de0c7af2fd444ca0ed3d3cec3c4562,3df32b02fa7e8a84a407e23575a6755c5f58b691e8ed3fcddeed7bcb177f35ef,150,142,,loaded_native_returns,1,0,application/json; charset=utf-8,150,,server_representation_metadata; not native message publication or verified edit time
46b1c1ef515b663014c312eb,straight_dope,content,https://boards.straightdope.com/t/1025298/posts.json?post_ids%5B%5D=25845926&post_ids%5B%5D=25845970&post_ids%5B%5D=25845971&post_ids%5B%5D=25846001&post_ids%5B%5D=25846028&post_ids%5B%5D=25846191&post_ids%5B%5D=25846225&post_ids%5B%5D=25846241&post_ids%5B%5D=25846262&post_ids%5B%5D=25846279&post_ids%5B%5D=25846627&post_ids%5B%5D=25846805&post_ids%5B%5D=25846866&post_ids%5B%5D=25846877&post_ids%5B%5D=25846891&post_ids%5B%5D=25846903&post_ids%5B%5D=25846923&post_ids%5B%5D=25846924&post_ids%5B%5D=25846931&post_ids%5B%5D=25846934,2026-10-10T07:23:50.686634+00:00,200,saved,work_packages/M1_source_access/27_newspaper_context_recovery_20261008/social_public_api/continuations/20261010_broader_history_four_hour/worker/raw/46b1c1ef515b663014c312eb.bin.gz,7f6f4284b552a2a239655f6cf2ab7b56cca5bd12bb064d6d6c36e4a8f71eb142,6221ad4c19c5168acf06d0f6760397a93151adc4b225271de0bfa82cd1fe4321,61319,11656,,loaded_native_returns,21,0,application/json; charset=utf-8,61319,,server_representation_metadata; not native message publication or verified edit time
46dffaa83039ba1409bbf9d6,bluesky,content,https://public.api.bsky.app/xrpc/app.bsky.feed.getAuthorFeed?actor=did%3Aplc%3Aragtjsm2j2vknwkz3zp4oxrd&limit=100&filter=posts_with_replies&includePins=false&cursor=2023-10-13T13%3A48%3A23.569Z,2026-10-10T07:28:53.658898+00:00,200,saved,work_packages/M1_source_access/27_newspaper_context_recovery_20261008/social_public_api/continuations/20261010_broader_history_four_hour/worker/raw/46dffaa83039ba1409bbf9d6.bin.gz,8554f6950c269b6a4ee18362d855efe359b5dcb2c7e0792afc2b5dd8414153ee,f25b8d65573f9dd92cad67829080d98117a2720bffe253cc97ddd0fdc68fa3c8,550219,47755,,loaded_native_returns,108,0,application/json; charset=utf-8,550219,,server_representation_metadata; not native message publication or verified edit time
46f024b6f318321a6c0d9050,tildes,content,https://tildes.net/~tildes.official/3i4/the_tildes_code_is_now_open_sourced,2026-10-10T07:32:11.614690+00:00,200,saved,work_packages/M1_source_access/27_newspaper_context_recovery_20261008/social_public_api/continuations/20261010_broader_history_four_hour/worker/raw/46f024b6f318321a6c0d9050.bin.gz,c6ede2a590d31545de21682d1923eddd55966d5e43fec92239aff8884e43e05a,7c57a763fef06dfbbb89626feaa94adabb7e333de0227276d4ac7beedf93c61a,204431,24700,,loaded_native_returns,98,0,text/html; charset=UTF-8,204431,,server_representation_metadata; not native message publication or verified edit time
47278888b9fa73341531bd4f,python_list_archive,content,https://mail.python.org/pipermail/python-list/2007-September.txt,2026-10-10T07:24:12.121887+00:00,200,saved,work_packages/M1_source_access/27_newspaper_context_recovery_20261008/social_public_api/continuations/20261010_broader_history_four_hour/worker/raw/47278888b9fa73341531bd4f.bin.gz,6211116cfcae5a72d48d10536e225651077baf0c07589c7922a83d3ae7bdcf9e,4eeb128b7e0550d98f5e3b816f2e5a167d256567863c4acfaab6f3997b64d85b,6991102,2606565,,loaded_native_returns,4407,0,text/plain,6991102,"Mon, 28 Oct 2019 01:47:25 GMT",server_representation_metadata; not native message publication or verified edit time
473030743204d847160f48db,mastodon_au,content,https://aus.social/api/v1/timelines/public?local=true&limit=40&max_id=116911817112911617,2026-10-10T08:43:33.618420+00:00,200,saved,work_packages/M1_source_access/27_newspaper_context_recovery_20261008/social_public_api/continuations/20261010_broader_history_four_hour/worker/raw/473030743204d847160f48db.bin.gz,5c8e6843dc6ec1cf18335c450082255f6314c280bb3830b6219f28d8a5a966e2,1e9d2b9777e38f406c2502f595082b8a96599fedfd329cfb95de7564654c57f3,158574,26845,,loaded_native_returns,40,0,application/json; charset=utf-8,158574,,server_representation_metadata; not native message publication or verified edit time
474eab6bcd75eea392c8ff55,straight_dope,content,https://boards.straightdope.com/t/712149/posts.json?post_ids%5B%5D=18057316&post_ids%5B%5D=18057514&post_ids%5B%5D=18058844&post_ids%5B%5D=18058915&post_ids%5B%5D=18058929&post_ids%5B%5D=18058946&post_ids%5B%5D=18059220&post_ids%5B%5D=18059285&post_ids%5B%5D=18059346&post_ids%5B%5D=18059598&post_ids%5B%5D=18059830&post_ids%5B%5D=18059848&post_ids%5B%5D=18059865&post_ids%5B%5D=18059896&post_ids%5B%5D=18060015&post_ids%5B%5D=18060184&post_ids%5B%5D=18060242&post_ids%5B%5D=18060439&post_ids%5B%5D=18060635&post_ids%5B%5D=18060675,2026-10-10T08:49:40.918491+00:00,200,saved,work_packages/M1_source_access/27_newspaper_context_recovery_20261008/social_public_api/continuations/20261010_broader_history_four_hour/worker/raw/474eab6bcd75eea392c8ff55.bin.gz,cd201c7c6de41893a7ae6df3377bb54d374584b7e8157a0eea0ae08c4b8525f5,2cb88d4fe700d23642821439cd14315fe78c77ffcd259fb0da28b03fb680c167,31407,2824,,loaded_native_returns,21,0,application/json; charset=utf-8,31407,,server_representation_metadata; not native message publication or verified edit time
47693d2503b82799574b3932,e_democracy_archival,source_metadata,https://web.archive.org/web/20240403234813/http://forums.e-democracy.org/groups/oxford-hm,,302,http_stop,,,,,,,transport_stop_no_raw_payload,0,0,,,,server_representation_metadata; not native message publication or verified edit time
476c56bc56fc90cc456651b1,mastodon_au,content,https://aus.social/api/v1/timelines/public?local=true&limit=40&max_id=116944751838380687,2026-10-10T06:56:15.892566+00:00,200,saved,work_packages/M1_source_access/27_newspaper_context_recovery_20261008/social_public_api/continuations/20261010_broader_history_four_hour/worker/raw/476c56bc56fc90cc456651b1.bin.gz,a9b5d5f65593edf8f25a88248f2b80534a5e08cfed91f053118be8912acc940f,a2a3a1ddb20857fe7542d55648a8b3a286dd8169af23942040d1ec712f81bcd5,151766,24425,,loaded_native_returns,40,0,application/json; charset=utf-8,151766,,server_representation_metadata; not native message publication or verified edit time
477a9dc3b92f77cecc014e30,thesession,content,https://thesession.org/discussions/30,2026-10-10T08:40:14.426210+00:00,200,saved,work_packages/M1_source_access/27_newspaper_context_recovery_20261008/social_public_api/continuations/20261010_broader_history_four_hour/worker/raw/477a9dc3b92f77cecc014e30.bin.gz,5d0fedb1d41801292e03fd0af7612b0275b22587a9c79a3a75d7f1f0adc4f362,ab1e3e90f3e264d34b5a10a1ff5bded34560fe622d14f163bdb42367ea0303ea,65178,15753,,loaded_native_returns,6,0,text/html; charset=utf-8,,,server_representation_metadata; not native message publication or verified edit time
479e566ec97866a10792e47b,python_discourse,content,https://discuss.python.org/t/647.json,2026-10-10T08:31:02.985407+00:00,200,saved,work_packages/M1_source_access/27_newspaper_context_recovery_20261008/social_public_api/continuations/20261010_broader_history_four_hour/worker/raw/479e566ec97866a10792e47b.bin.gz,262687c879ce15b8f834b59f125afd06b4ade1565ff7149e2532e615bf72d0e9,9004fa287512b289b72018d13b5417c814f983ebc2f59486d5ddd413ae8b60c7,34337,6694,,loaded_native_returns,12,0,application/json; charset=utf-8,34337,,server_representation_metadata; not native message publication or verified edit time
47a3ea60876e13223ecb791e,osm_discourse,content,https://community.openstreetmap.org/t/32353.json,2026-10-10T07:23:57.158402+00:00,200,saved,work_packages/M1_source_access/27_newspaper_context_recovery_20261008/social_public_api/continuations/20261010_broader_history_four_hour/worker/raw/47a3ea60876e13223ecb791e.bin.gz,7643199ddd16be8514ddecb3f2f334b08342c913a9c8decd0e634a37861b2f45,007b98c9c1e59762c66db23ee4958c02aafc461af3532e27b20d171d842f7d7d,30440,6398,,loaded_native_returns,10,0,application/json; charset=utf-8,30440,,server_representation_metadata; not native message publication or verified edit time
47d6199c556fc0a96a6fccba,osm_discourse,content,https://community.openstreetmap.org/t/32327.json,2026-10-10T07:06:23.033328+00:00,200,saved,work_packages/M1_source_access/27_newspaper_context_recovery_20261008/social_public_api/continuations/20261010_broader_history_four_hour/worker/raw/47d6199c556fc0a96a6fccba.bin.gz,10f9a328f3834efbf79c5f4c08d6643ed0c9b3cf78d1933b8ba230ad81029774,daa3533875de25f30e7da9cec2a538455a1dd3583a6fec7795c7cfc26d0a345d,33941,5012,,loaded_native_returns,16,0,application/json; charset=utf-8,33941,,server_representation_metadata; not native message publication or verified edit time
47e8b7d02d0fefcfc2d5dc28,python_list_archive,content,https://mail.python.org/pipermail/python-list/2012-March.txt,2026-10-10T09:39:16.002007+00:00,200,saved,work_packages/M1_source_access/27_newspaper_context_recovery_20261008/social_public_api/continuations/20261010_broader_history_four_hour/worker/raw/47e8b7d02d0fefcfc2d5dc28.bin.gz,a0273975c3ee153af96af0cf8fe44916c938c96965f0e80b87be58b90e4345c6,c952dd8fa36a6eb8cf05395cbe3e555ef8b98dbf672fd9d88869184d29ce4d1d,5518123,1384351,,loaded_native_returns,2930,0,text/plain,5518123,"Mon, 28 Oct 2019 10:14:07 GMT",server_representation_metadata; not native message publication or verified edit time
47fb2a4eaaf72f91e9ed8c8d,mastodon_au,content,https://aus.social/api/v1/timelines/public?local=true&limit=40&max_id=116904107972838816,2026-10-10T09:34:10.513408+00:00,200,saved,work_packages/M1_source_access/27_newspaper_context_recovery_20261008/social_public_api/continuations/20261010_broader_history_four_hour/worker/raw/47fb2a4eaaf72f91e9ed8c8d.bin.gz,8c280021451cb14d3548aea9f5b3bdd499a971d08a3461deb09463e30e471885,ffbf9943c377c77d17e34c216836391f4f34be3a75de868dfc8676e5c277846b,148602,23255,,loaded_native_returns,40,0,application/json; charset=utf-8,148602,,server_representation_metadata; not native message publication or verified edit time
480c67f986ccc23ad2866417,osm_discourse,content,https://community.openstreetmap.org/t/32312.json,2026-10-10T06:57:01.923115+00:00,200,saved,work_packages/M1_source_access/27_newspaper_context_recovery_20261008/social_public_api/continuations/20261010_broader_history_four_hour/worker/raw/480c67f986ccc23ad2866417.bin.gz,6f7e45cd82b45d2c486e146d3b5ef1777cf3ae7139179b7299ffe3834eddb233,836ef8c58207a6cc855af3c475b8b288a3a5cf283ffdeacf81e3e76a263aa20a,15412,3671,,loaded_native_returns,3,0,application/json; charset=utf-8,15412,,server_representation_metadata; not native message publication or verified edit time
480d14881db3da74c96a6b01,w3_wwwtalk,content,https://lists.w3.org/Archives/Public/www-talk/1992JulAug/0026.html,2026-10-10T08:32:41.926582+00:00,200,saved,work_packages/M1_source_access/27_newspaper_context_recovery_20261008/social_public_api/continuations/20261010_broader_history_four_hour/worker/raw/480d14881db3da74c96a6b01.bin.gz,59286acb0212964de39486905ddc4dc52e09fbd230a6c3e20604df670ef168ea,21e1ab6a74a55402d0fc680c9b9034c50492e32fe274fe3274c62760645432ce,2962,1119,,loaded_native_returns,1,0,text/html,,"Mon, 04 Aug 2003 15:50:19 GMT",server_representation_metadata; not native message publication or verified edit time
481dc5c5adc5e56e9d4a891e,tildes,content,https://tildes.net/~tech/16e3/reddit_ceo_pledges_to_not_force_subreddits_to_reopen_admin_team_then_immediately_threatens,2026-10-10T06:33:51.232362+00:00,200,saved,work_packages/M1_source_access/27_newspaper_context_recovery_20261008/social_public_api/continuations/20261010_broader_history_four_hour/worker/raw/481dc5c5adc5e56e9d4a891e.bin.gz,9679e3f687d596846ce2c1cab6d3e0fe1624af42b65398d370294158bf4510be,eebac3ede66f08261d5bb9d90b18f9a2c0f17ec696f3cccf03a0a235349a6773,771164,93411,,loaded_native_returns,358,0,text/html; charset=UTF-8,771164,,server_representation_metadata; not native message publication or verified edit time
4855457c124dadbca3fac99b,bluesky,content,https://public.api.bsky.app/xrpc/app.bsky.feed.getAuthorFeed?actor=did%3Aplc%3Aragtjsm2j2vknwkz3zp4oxrd&limit=100&filter=posts_with_replies&includePins=false&cursor=2023-09-07T20%3A07%3A11.576Z,2026-10-10T08:41:51.425209+00:00,200,saved,work_packages/M1_source_access/27_newspaper_context_recovery_20261008/social_public_api/continuations/20261010_broader_history_four_hour/worker/raw/4855457c124dadbca3fac99b.bin.gz,730f56695fc4e840e8dcca617c62946eedd04723ee9b87e23867887db5899ab6,e154fc7a71011c6de20d53e3be71af4f6ddc66513671aeb485289eafe42137ae,421659,39379,,loaded_native_returns,111,0,application/json; charset=utf-8,421659,,server_representation_metadata; not native message publication or verified edit time
486df94ec0201d0bff0bfd34,thesession,content,https://thesession.org/discussions/53,2026-10-10T09:43:42.718066+00:00,200,saved,work_packages/M1_source_access/27_newspaper_context_recovery_20261008/social_public_api/continuations/20261010_broader_history_four_hour/worker/raw/486df94ec0201d0bff0bfd34.bin.gz,4088e0836e7537deb73b43e00b3ccd5663094e124b298821e1e311ba61d4f4d0,1961ce762ba4b1f65cab2f88ca264489e1ca1e170a0f25d4ee461aaa263bb889,74207,17222,,loaded_native_returns,12,0,text/html; charset=utf-8,,,server_representation_metadata; not native message publication or verified edit time
48d62310b22633ed6a5f76b5,mastodon_au,content,https://aus.social/api/v1/timelines/public?local=true&limit=40&max_id=116903745158614236,2026-10-10T09:35:30.566564+00:00,200,saved,work_packages/M1_source_access/27_newspaper_context_recovery_20261008/social_public_api/continuations/20261010_broader_history_four_hour/worker/raw/48d62310b22633ed6a5f76b5.bin.gz,c1c580d5c19fdd7890c08e428d78a96b44ae5364f592b3a3720a7e879e196ff9,979bb8f8a268c7749c023ebd326f60ca20a976adefe172e803acdf595f3cc9b4,144501,23909,,loaded_native_returns,40,0,application/json; charset=utf-8,144501,,server_representation_metadata; not native message publication or verified edit time
4920b348f7ab0f2fcb4748f9,mastodon_us,content,https://sfba.social/api/v1/timelines/public?local=true&limit=40&max_id=116931747225690010,2026-10-10T06:07:32.423429+00:00,200,saved,work_packages/M1_source_access/27_newspaper_context_recovery_20261008/social_public_api/continuations/20261010_broader_history_four_hour/worker/raw/4920b348f7ab0f2fcb4748f9.bin.gz,f70f08b7496d3259a32431b8c362c8f2e6ceda2b01bcf8616757f56a0daff305,72d38121f4d03cf0345ba00fb4eb6ba0bfc9c2272081ad99eef02e481c44edd6,150275,17818,,loaded_native_returns,40,0,application/json; charset=utf-8,150275,,server_representation_metadata; not native message publication or verified edit time
492ed259d02d1fcaa1e3116f,osm_discourse,content,https://community.openstreetmap.org/t/32443.json,2026-10-10T08:15:27.976762+00:00,200,saved,work_packages/M1_source_access/27_newspaper_context_recovery_20261008/social_public_api/continuations/20261010_broader_history_four_hour/worker/raw/492ed259d02d1fcaa1e3116f.bin.gz,caf0a862afaf2962a8d1f055a320114ee8aaba53c724e5eca6dd870293ee8f8d,007eeb64f7b7493e8987089e8354741d19bc1d68ed46f515b7c8cecf88a8d9a1,37249,6421,,loaded_native_returns,14,0,application/json; charset=utf-8,37249,,server_representation_metadata; not native message publication or verified edit time
496b09a0e0fef15f3f598ea5,osm_discourse,content,https://community.openstreetmap.org/t/32309.json,2026-10-10T06:54:49.417888+00:00,200,saved,work_packages/M1_source_access/27_newspaper_context_recovery_20261008/social_public_api/continuations/20261010_broader_history_four_hour/worker/raw/496b09a0e0fef15f3f598ea5.bin.gz,bf32f85eba5cb6738dec5caea9e02dbd70f90336e63cd82ee1cb6714517f8b8c,dd01218b01a7491840479e5d006aa27355795a7114f7efa4a6a331be909ddd81,61102,9008,,loaded_native_returns,21,0,application/json; charset=utf-8,61102,,server_representation_metadata; not native message publication or verified edit time
4987920a26eaed40a7c99098,hackernews,content,https://hacker-news.firebaseio.com/v0/item/173.json,2026-10-10T07:53:15.570420+00:00,200,saved,work_packages/M1_source_access/27_newspaper_context_recovery_20261008/social_public_api/continuations/20261010_broader_history_four_hour/worker/raw/4987920a26eaed40a7c99098.bin.gz,6f62a566b1f2edd28ac0fad1832709572b7ccf95aa25b75bfe3dbe99e982581a,89dc2e4543078b725758413a5c0c3988d6d9cd7b3f13b1b4a2e52d435fffb174,160,147,,loaded_native_returns,1,0,application/json; charset=utf-8,160,,server_representation_metadata; not native message publication or verified edit time
4996ab386eb481f905c4241c,hackernews,content,https://hacker-news.firebaseio.com/v0/item/154.json,2026-10-10T07:13:15.660796+00:00,200,saved,work_packages/M1_source_access/27_newspaper_context_recovery_20261008/social_public_api/continuations/20261010_broader_history_four_hour/worker/raw/4996ab386eb481f905c4241c.bin.gz,8c10076fc3200f33035b9641d9ad3261ef7905fd676583c08630c9d78f5d76b7,c6b6a7edfad0b51a7ad0edfc31f39c104012ad1d117ee320d793a0b349d3a2d5,150,148,,loaded_native_returns,1,0,application/json; charset=utf-8,150,,server_representation_metadata; not native message publication or verified edit time
49973ea1b98f9227f5c91c9d,thesession,policy,https://thesession.org/privacy,2026-10-10T07:28:22.265035+00:00,200,saved,work_packages/M1_source_access/27_newspaper_context_recovery_20261008/social_public_api/continuations/20261010_broader_history_four_hour/worker/raw/49973ea1b98f9227f5c91c9d.bin.gz,696b7bcd0542e6bc785b3c74dff23e1bde206d2b97f7000ddd4bb83b4b6caa42,43a43ee8ed102d923b848cd9c97683ee6cb489fd51b7be1ea117e9574a6c1525,52964,12302,,noncontent_access_policy_or_frame_metadata,0,0,text/html; charset=utf-8,,,server_representation_metadata; not native message publication or verified edit time
49f249ac198315de2df64806,mastodon_uk,content,https://mastodon.me.uk/api/v1/timelines/public?local=true&limit=40&max_id=116092934737150780,2026-10-10T09:43:25.179968+00:00,200,saved,work_packages/M1_source_access/27_newspaper_context_recovery_20261008/social_public_api/continuations/20261010_broader_history_four_hour/worker/raw/49f249ac198315de2df64806.bin.gz,ae0117517aef0eaf1d02ae42e2ffd503adef34825ea4c50af121d1ec6f0a3999,a1d749c9dce6147e9a34047364eee31f9c172041930f5bde175348a0daa77143,125253,18385,,loaded_native_returns,40,0,application/json; charset=utf-8,125253,,server_representation_metadata; not native message publication or verified edit time
4a111f0ace9ef0f2160708ee,tildes,content,https://tildes.net/~tech/15va/apollo_will_close_down_on_june_30th_reddits_recent_decisions_and_actions_have_unfortunately_made_it,2026-10-10T07:05:22.149324+00:00,200,saved,work_packages/M1_source_access/27_newspaper_context_recovery_20261008/social_public_api/continuations/20261010_broader_history_four_hour/worker/raw/4a111f0ace9ef0f2160708ee.bin.gz,ce0613c11dc1ec2f0f0c1e84c688b991a5299fee46d849625acf59b68ad4c6ed,adc25c61468ff36bb0b34de43a0b5889f36d35671b530c92298ac1098678675a,434898,50111,,loaded_native_returns,207,0,text/html; charset=UTF-8,434898,,server_representation_metadata; not native message publication or verified edit time
4a2c61b9f710599fc0c228a5,w3_wwwtalk,content,https://lists.w3.org/Archives/Public/www-talk/1992JulAug/0028.html,2026-10-10T08:36:32.938871+00:00,200,saved,work_packages/M1_source_access/27_newspaper_context_recovery_20261008/social_public_api/continuations/20261010_broader_history_four_hour/worker/raw/4a2c61b9f710599fc0c228a5.bin.gz,ccbaa303262010c96c36ef4a005cf48b14bf2821432261fee0ccc87b4e37936c,bd315786b396b2f95d3e71ffa6f272a8bd64f05b23349e93ba4f52dd32857e47,5883,2301,,loaded_native_returns,1,0,text/html,,"Mon, 04 Aug 2003 15:50:19 GMT",server_representation_metadata; not native message publication or verified edit time
4a2cd27e59d77ef388298919,w3_wwwtalk,content,https://lists.w3.org/Archives/Public/www-talk/1992JulAug/0001.html,2026-10-10T07:42:28.881982+00:00,200,saved,work_packages/M1_source_access/27_newspaper_context_recovery_20261008/social_public_api/continuations/20261010_broader_history_four_hour/worker/raw/4a2cd27e59d77ef388298919.bin.gz,2687f97a121910f61a1c70502470c1cd043565539e8d8cb2c45ad2a430dd6ae2,1e6cae41c923b2b2987875f3e9ff0e1eeae23b50ac7d951b65d082caba947a55,2132,751,,loaded_native_returns,1,0,text/html,,"Mon, 04 Aug 2003 15:50:19 GMT",server_representation_metadata; not native message publication or verified edit time
4a8901635c56f2cf587e9fab,straight_dope,content,https://boards.straightdope.com/t/1025298/posts.json?post_ids%5B%5D=25837226&post_ids%5B%5D=25837244&post_ids%5B%5D=25837253&post_ids%5B%5D=25837254&post_ids%5B%5D=25837269&post_ids%5B%5D=25837273&post_ids%5B%5D=25837288&post_ids%5B%5D=25837356&post_ids%5B%5D=25837358&post_ids%5B%5D=25837367&post_ids%5B%5D=25837613&post_ids%5B%5D=25837641&post_ids%5B%5D=25837681&post_ids%5B%5D=25837684&post_ids%5B%5D=25837687&post_ids%5B%5D=25837691&post_ids%5B%5D=25837697&post_ids%5B%5D=25837716&post_ids%5B%5D=25837728&post_ids%5B%5D=25837729,2026-10-10T06:59:04.255809+00:00,200,saved,work_packages/M1_source_access/27_newspaper_context_recovery_20261008/social_public_api/continuations/20261010_broader_history_four_hour/worker/raw/4a8901635c56f2cf587e9fab.bin.gz,566a2eb612adfb670540236b9f116d57c5447574b488355dba8ec2fef0a9b73b,bcd908cb8740f3a41619f72ba0c6f58216d80bacfb18eb483e0cf039463e971b,71147,14229,,loaded_native_returns,21,0,application/json; charset=utf-8,71147,,server_representation_metadata; not native message publication or verified edit time
4a8f239e1202b52e08ff54ea,lemmy_nz,content,https://lemmy.nz/api/v3/comment/list?type_=Local&sort=Old&limit=50&page=2&post_id=212277,2026-10-10T09:42:11.456600+00:00,200,saved,work_packages/M1_source_access/27_newspaper_context_recovery_20261008/social_public_api/continuations/20261010_broader_history_four_hour/worker/raw/4a8f239e1202b52e08ff54ea.bin.gz,9efdb10c81eaf55dc95e4320d1f02441576a405fb0551d5b8f1905bc0728f854,4fa14da49dc015f30581863a05d74d4091152f4549146526e99de651d5809edf,15,35,,loaded_native_returns,0,0,application/json,15,,server_representation_metadata; not native message publication or verified edit time
4a9ff353384a05c5e14f5c14,bluesky,content,https://public.api.bsky.app/xrpc/app.bsky.feed.getAuthorFeed?actor=did%3Aplc%3Aragtjsm2j2vknwkz3zp4oxrd&limit=100&filter=posts_with_replies&includePins=false&cursor=2023-11-29T20%3A58%3A40.146Z,2026-10-10T06:30:31.845004+00:00,200,saved,work_packages/M1_source_access/27_newspaper_context_recovery_20261008/social_public_api/continuations/20261010_broader_history_four_hour/worker/raw/4a9ff353384a05c5e14f5c14.bin.gz,5e38f7e69e1844d7cbd6ccb5c3e74c7130cb99effef929931f2b9252426d8ea5,79241f2138a867ffd4a8653711acba5139fea0f595c174ee642e987f0c1cd654,413453,36162,,loaded_native_returns,105,0,application/json; charset=utf-8,413453,,server_representation_metadata; not native message publication or verified edit time
4aa6cff687ba2acf3be453e1,mastodon_au,content,https://aus.social/api/v1/timelines/public?local=true&limit=40&max_id=116928024787909088,2026-10-10T07:52:34.541793+00:00,200,saved,work_packages/M1_source_access/27_newspaper_context_recovery_20261008/social_public_api/continuations/20261010_broader_history_four_hour/worker/raw/4aa6cff687ba2acf3be453e1.bin.gz,bfa032a048b0417b05c359dcaa91be594ef1ba3c21585b9c9232e122d33776f9,c086e56a4fafe6b8341b0b7c47045b4a501e3a445d7e0c99bef7db73fbf2c80b,176750,33407,,loaded_native_returns,40,0,application/json; charset=utf-8,176750,,server_representation_metadata; not native message publication or verified edit time
4aba294adf7b7564e39dd729,mastodon_us,content,https://sfba.social/api/v1/timelines/public?local=true&limit=40&max_id=116907344953669055,2026-10-10T07:28:47.525788+00:00,200,saved,work_packages/M1_source_access/27_newspaper_context_recovery_20261008/social_public_api/continuations/20261010_broader_history_four_hour/worker/raw/4aba294adf7b7564e39dd729.bin.gz,f156045eb0091cfdf8d544afd766a09b5b5878ef1c450341aecd5e7af3d51dfc,83aa352027a3a0e28f10148d258128a5e47c4a33a135269ada5e013e16f9fdb4,149309,20609,,loaded_native_returns,40,0,application/json; charset=utf-8,149309,,server_representation_metadata; not native message publication or verified edit time
4ac4d456bade353404681596,tildes,content,https://tildes.net/?order=new&period=all&after=1w3q,2026-10-10T09:29:10.681904+00:00,200,saved,work_packages/M1_source_access/27_newspaper_context_recovery_20261008/social_public_api/continuations/20261010_broader_history_four_hour/worker/raw/4ac4d456bade353404681596.bin.gz,16e39ca120a38a17853cc7c89bae52ed17e4d7c24f46248aaff74c639b9e8e90,3a8bc7a8ef801c2e9aff1e7fe80e7a5a09166294c5b8713b21af40f68d3bfcbe,113846,17634,,loaded_native_returns,50,0,text/html; charset=UTF-8,113846,,server_representation_metadata; not native message publication or verified edit time
4acf9bcc030f8ea515ef15e7,tildes,content,https://tildes.net/~tech/1670/redditors_of_tildes_which_subreddits_are_you_missing_the_most_during_the_blackout,2026-10-10T08:14:23.675869+00:00,200,saved,work_packages/M1_source_access/27_newspaper_context_recovery_20261008/social_public_api/continuations/20261010_broader_history_four_hour/worker/raw/4acf9bcc030f8ea515ef15e7.bin.gz,6e67a7a43b088827b42192e8b5a1622163bad24e17ef748b55bf2c0ee5009b31,5683295f4bf56860d5e5d03feb46de5c4fe9b1700e59df4e050bcf63378b7494,770877,90995,,loaded_native_returns,374,0,text/html; charset=UTF-8,770877,,server_representation_metadata; not native message publication or verified edit time
4b0e4f588b14e607c93789ec,python_list_archive,content,https://mail.python.org/pipermail/python-list/2011-February.txt,2026-10-10T08:50:03.626103+00:00,200,saved,work_packages/M1_source_access/27_newspaper_context_recovery_20261008/social_public_api/continuations/20261010_broader_history_four_hour/worker/raw/4b0e4f588b14e607c93789ec.bin.gz,0f2d5fe176511b01ad0f5fd279a5f4fb62a05d318cbef50c5e3cfa21ebda7558,e081255ebd172706f0bd0f45c6271ebfa5ffa0fcaf260ab536224a9ae094df48,5857832,1578880,,loaded_native_returns,3508,0,text/plain,5857832,"Mon, 28 Oct 2019 10:10:30 GMT",server_representation_metadata; not native message publication or verified edit time
4b12ba74fb1007398d28f3d8,straight_dope,content,https://boards.straightdope.com/t/712149/posts.json?post_ids%5B%5D=18005309&post_ids%5B%5D=18005310&post_ids%5B%5D=18005326&post_ids%5B%5D=18005423&post_ids%5B%5D=18005427&post_ids%5B%5D=18005438&post_ids%5B%5D=18005475&post_ids%5B%5D=18005492&post_ids%5B%5D=18005695&post_ids%5B%5D=18005715&post_ids%5B%5D=18006154&post_ids%5B%5D=18006658&post_ids%5B%5D=18006676&post_ids%5B%5D=18006681&post_ids%5B%5D=18006797&post_ids%5B%5D=18006889&post_ids%5B%5D=18006982&post_ids%5B%5D=18007047&post_ids%5B%5D=18007155&post_ids%5B%5D=18007193,2026-10-10T08:15:21.258971+00:00,200,saved,work_packages/M1_source_access/27_newspaper_context_recovery_20261008/social_public_api/continuations/20261010_broader_history_four_hour/worker/raw/4b12ba74fb1007398d28f3d8.bin.gz,49bad74bda3fe50cd523cb2ae1207aa8cb32360efe760cf3e05a4f6d788d3203,b2dd353854d8774ca514233102f60a51a50d2c42d287496984df4a51810b5488,30296,2785,,loaded_native_returns,21,0,application/json; charset=utf-8,30296,,server_representation_metadata; not native message publication or verified edit time
4b3710dd6952c321da9a1e86,python_discourse,content,https://discuss.python.org/t/521.json,2026-10-10T07:11:10.739779+00:00,200,saved,work_packages/M1_source_access/27_newspaper_context_recovery_20261008/social_public_api/continuations/20261010_broader_history_four_hour/worker/raw/4b3710dd6952c321da9a1e86.bin.gz,c86b3e952e293d8571c983e55b60f7451a3c3561a70a0a9ce504aab3444d08e3,0b587dda5633eac5d898bc4349d21e8213a0e452cb890091a4b88b681962c0a8,13283,3068,,loaded_native_returns,5,0,application/json; charset=utf-8,13283,,server_representation_metadata; not native message publication or verified edit time
4b5edd7a8f8e49c6f7dc80b3,mastodon_us,content,https://sfba.social/api/v1/timelines/public?local=true&limit=40&max_id=116932848486632860,2026-10-10T06:04:28.822754+00:00,200,saved,work_packages/M1_source_access/27_newspaper_context_recovery_20261008/social_public_api/continuations/20261010_broader_history_four_hour/worker/raw/4b5edd7a8f8e49c6f7dc80b3.bin.gz,bb4ca5abaf17ae526db4bda2ede1900f4c58519453f9845fafa0e31e50cb7446,f0858ca83849c3a930508419861ba66ab9192168d6235c72e77cb639a0319521,144218,22621,,loaded_native_returns,40,0,application/json; charset=utf-8,144218,,server_representation_metadata; not native message publication or verified edit time
4b9051e30c0941c9e9fa0897,hackernews,content,https://hacker-news.firebaseio.com/v0/item/123.json,2026-10-10T06:08:01.787943+00:00,200,saved,work_packages/M1_source_access/27_newspaper_context_recovery_20261008/social_public_api/continuations/20261010_broader_history_four_hour/worker/raw/4b9051e30c0941c9e9fa0897.bin.gz,157250e400e5dcd012ae797309dbb76c433c28bfc23ef00a5d91eda996e28c46,a1023d07153caac61231e4d53acfcd0d9646b579f282df98db07453dc1b70121,318,253,,loaded_native_returns,1,0,application/json; charset=utf-8,318,,server_representation_metadata; not native message publication or verified edit time
4bc03ebae876943cda0b5a7a,osm_discourse,content,https://community.openstreetmap.org/t/32476.json,2026-10-10T08:34:48.088998+00:00,200,saved,work_packages/M1_source_access/27_newspaper_context_recovery_20261008/social_public_api/continuations/20261010_broader_history_four_hour/worker/raw/4bc03ebae876943cda0b5a7a.bin.gz,0077d71e45a53ff5d33d4bfd2d42da66f8ac45ee1abd5c67a4e78f63aa3c22e3,72f7ebd622e944d62dc01aaf7bc9b33b78a9287909ba3b4e1e1e1ec065999164,18800,4203,,loaded_native_returns,5,0,application/json; charset=utf-8,18800,,server_representation_metadata; not native message publication or verified edit time
4c18ad12d4379365bd34a394,w3_wwwtalk,content,https://lists.w3.org/Archives/Public/www-talk/1992JulAug/0004.html,2026-10-10T07:48:54.223454+00:00,200,saved,work_packages/M1_source_access/27_newspaper_context_recovery_20261008/social_public_api/continuations/20261010_broader_history_four_hour/worker/raw/4c18ad12d4379365bd34a394.bin.gz,1508a1eb7ec58a331c50c9a0611be15cb547f988571967a039b14ab5ff88cb65,75ae63ddcc7f77010cf1a57dbb61bbf0dd8778017093f28986eb75184a8ab301,4228,1517,,loaded_native_returns,1,0,text/html,,"Mon, 04 Aug 2003 15:50:19 GMT",server_representation_metadata; not native message publication or verified edit time
4c8268c1171c0caaf196da84,python_discourse,content,https://discuss.python.org/t/644.json,2026-10-10T08:27:07.178821+00:00,200,saved,work_packages/M1_source_access/27_newspaper_context_recovery_20261008/social_public_api/continuations/20261010_broader_history_four_hour/worker/raw/4c8268c1171c0caaf196da84.bin.gz,e84818c217fcc2c7b51d58ec64ea1dca13fe3cd203ce4a5219921b3296e37fe2,8478ab7c78f422586b9fe9142a55d0d49adbf7da266374f4add19b010b093822,37852,7749,,loaded_native_returns,13,0,application/json; charset=utf-8,37852,,server_representation_metadata; not native message publication or verified edit time
4d40649b6bb460c0a126d8cc,tildes,content,https://tildes.net/~tildes/15or/tildes_fundraiser_june_2023_encourage_an_app_developer_me_to_work_on_a_tildes_app_faster_by,2026-10-10T06:49:27.243802+00:00,200,saved,work_packages/M1_source_access/27_newspaper_context_recovery_20261008/social_public_api/continuations/20261010_broader_history_four_hour/worker/raw/4d40649b6bb460c0a126d8cc.bin.gz,e199cd8548bd5a32d07528802a25d51401df84f32bcf2a6e3d24a5f855f3bc44,586157d3b62f5db8905d51a16c782f919ccdaca829ad05164b1f0da6e1daefc8,274760,33922,,loaded_native_returns,129,0,text/html; charset=UTF-8,274760,,server_representation_metadata; not native message publication or verified edit time
4dad1cc8d2a9a452c13415b9,python_discourse,content,https://discuss.python.org/t/449.json,2026-10-10T06:38:48.498527+00:00,200,saved,work_packages/M1_source_access/27_newspaper_context_recovery_20261008/social_public_api/continuations/20261010_broader_history_four_hour/worker/raw/4dad1cc8d2a9a452c13415b9.bin.gz,3a11c970c3963156b3e3bf07e36a464eeef815314cf154a0d966e0df15d26fc5,894266b54756169910f191f6b0fdc8569595bb8e5f9646dfef75e6fd3639118f,18831,3992,,loaded_native_returns,8,0,application/json; charset=utf-8,18831,,server_representation_metadata; not native message publication or verified edit time
4dcb50585bd38a19a87eca91,lemmy_nz,content,https://lemmy.nz/api/v3/comment/list?type_=Local&sort=Old&limit=50&page=1&post_id=201135,2026-10-10T08:32:02.224263+00:00,200,saved,work_packages/M1_source_access/27_newspaper_context_recovery_20261008/social_public_api/continuations/20261010_broader_history_four_hour/worker/raw/4dcb50585bd38a19a87eca91.bin.gz,618764d7848921052e41f25f430ee87d5d47f66773df9fcec5c550baf28375e6,1c5d694b980c703a64c49c5901ba0c19dbc79dd8da70b3e73e83aced49742433,35964,3845,,loaded_native_returns,20,0,application/json,35964,,server_representation_metadata; not native message publication or verified edit time
4e24b61c6467368236869d33,dowire_tc_umn,content,https://www.mail-archive.com/do-wire%40tc.umn.edu/msg00002.html,2026-10-10T06:33:44.333413+00:00,200,saved,work_packages/M1_source_access/27_newspaper_context_recovery_20261008/social_public_api/continuations/20261010_broader_history_four_hour/worker/raw/4e24b61c6467368236869d33.bin.gz,387ab08afdae079075dbcb9a2d660f053b299c016254d215125de6535f7e8f87,b24601781d03dcf0fa9f6f85c9fa565e1b2403471a8bd4bd062fc25badd051b0,9600,3821,,loaded_native_returns,1,0,text/html; charset=utf-8,,,server_representation_metadata; not native message publication or verified edit time
4e8d042f2f3da9afc5e65c8f,e_democracy_archival,source_metadata,https://web.archive.org/web/20230719094729/http://forums.e-democracy.org/groups/mpls/messages/topic/Enfcpjfx38XPUNs48c9lq,,404,http_stop,,,,,,,transport_stop_no_raw_payload,0,0,,,,server_representation_metadata; not native message publication or verified edit time
4e98de86ea62a806dbeecde3,straight_dope,content,https://boards.straightdope.com/t/1033285/posts.json?post_ids%5B%5D=25850510&post_ids%5B%5D=25850598&post_ids%5B%5D=25850609&post_ids%5B%5D=25850683&post_ids%5B%5D=25850685&post_ids%5B%5D=25852254&post_ids%5B%5D=25852259&post_ids%5B%5D=25852674&post_ids%5B%5D=25852972&post_ids%5B%5D=25862108&post_ids%5B%5D=25862216&post_ids%5B%5D=25862273&post_ids%5B%5D=25862414&post_ids%5B%5D=25863007&post_ids%5B%5D=25863012&post_ids%5B%5D=25863033&post_ids%5B%5D=25863163&post_ids%5B%5D=25863189&post_ids%5B%5D=25863198&post_ids%5B%5D=25863204,2026-10-10T08:05:04.882526+00:00,200,saved,work_packages/M1_source_access/27_newspaper_context_recovery_20261008/social_public_api/continuations/20261010_broader_history_four_hour/worker/raw/4e98de86ea62a806dbeecde3.bin.gz,71fbce6d2d550c5bdb9621a8a002f1af390f4b758908458d11a4d8b827609830,b302f26fbb6a19781ba19268dc792f5e7d8eb68847ac91cffdacea84c66dfd76,46011,6255,,loaded_native_returns,21,0,application/json; charset=utf-8,46011,,server_representation_metadata; not native message publication or verified edit time
4ef4586f9164bb3c93c0c3ab,mastodon_uk,content,https://mastodon.me.uk/api/v1/timelines/public?local=true&limit=40&max_id=116122661930652876,2026-10-10T08:50:38.858922+00:00,200,saved,work_packages/M1_source_access/27_newspaper_context_recovery_20261008/social_public_api/continuations/20261010_broader_history_four_hour/worker/raw/4ef4586f9164bb3c93c0c3ab.bin.gz,cd9f9c60dde32a7ac9f56789c3502fddfec11b7f65f0173f920d35e966f7e5ae,96c7fa1c6a64e598a6728d3dcc3f0eddef8a19803964bf0f20905f7273f36a26,139815,18459,,loaded_native_returns,40,0,application/json; charset=utf-8,139815,,server_representation_metadata; not native message publication or verified edit time
4f1ba2455ac3f864a5812223,tildes,content,https://tildes.net/~tech/16io/i_gave_lemmy_kbin_and_beehaw_a_chance_i_think_ill_be_sticking_with_tildes,2026-10-10T08:06:15.356157+00:00,200,saved,work_packages/M1_source_access/27_newspaper_context_recovery_20261008/social_public_api/continuations/20261010_broader_history_four_hour/worker/raw/4f1ba2455ac3f864a5812223.bin.gz,50fb805ad20f139a85bd19f48cc0a5cd80a665a1f41c1e627417e28d6c0c5e6f,42c4ac586f61f075b3439bfd6e12c58267b2d5b10aefea96ad9ffba08cc136c3,325084,45474,,loaded_native_returns,144,0,text/html; charset=UTF-8,325084,,server_representation_metadata; not native message publication or verified edit time
4f5c987bce75fbef55f0eb91,python_discourse,content,https://discuss.python.org/t/662/posts.json?post_ids%5B%5D=3322&post_ids%5B%5D=3490&post_ids%5B%5D=3493&post_ids%5B%5D=3498&post_ids%5B%5D=3500&post_ids%5B%5D=3508&post_ids%5B%5D=3523&post_ids%5B%5D=3526&post_ids%5B%5D=3527&post_ids%5B%5D=3528&post_ids%5B%5D=3549&post_ids%5B%5D=3561&post_ids%5B%5D=3563&post_ids%5B%5D=3564&post_ids%5B%5D=3589&post_ids%5B%5D=3593&post_ids%5B%5D=3600&post_ids%5B%5D=3601&post_ids%5B%5D=3661&post_ids%5B%5D=3685,2026-10-10T08:46:00.286091+00:00,200,saved,work_packages/M1_source_access/27_newspaper_context_recovery_20261008/social_public_api/continuations/20261010_broader_history_four_hour/worker/raw/4f5c987bce75fbef55f0eb91.bin.gz,a61ef5e7bcd3eb5a693dd20a7442bce093430d3426953bc3724db2495a51575b,9b5d9daf0596f84b27dfab49670b888c73562c4aa02823485f578d2d0eb028d1,52073,8177,,loaded_native_returns,21,0,application/json; charset=utf-8,52073,,server_representation_metadata; not native message publication or verified edit time
4f7943c96f4b9b82d14c6992,python_discourse,content,https://discuss.python.org/t/535.json,2026-10-10T07:19:49.865309+00:00,200,saved,work_packages/M1_source_access/27_newspaper_context_recovery_20261008/social_public_api/continuations/20261010_broader_history_four_hour/worker/raw/4f7943c96f4b9b82d14c6992.bin.gz,289b5cdf22b5b04b25fca1e30bfdeb6da208f4778970fa751df6a2386cdbfdd6,a76edd59dede752a5fc1cc90bdb85b3fdb25e4442a79a930bb57d766b9a5086b,60297,8467,,loaded_native_returns,21,0,application/json; charset=utf-8,60297,,server_representation_metadata; not native message publication or verified edit time
4fd93c2c2ae36f7a3b7d447e,hackernews,content,https://hacker-news.firebaseio.com/v0/item/197.json,2026-10-10T08:40:45.081844+00:00,200,saved,work_packages/M1_source_access/27_newspaper_context_recovery_20261008/social_public_api/continuations/20261010_broader_history_four_hour/worker/raw/4fd93c2c2ae36f7a3b7d447e.bin.gz,242a9f07f1aaf468f91cf020663f860100405624bba4d643aac2f14c260d69d9,f7d3f7fcb9f7aafa6a2837b51e2cfd47fe36a52c52ae7fa5d2046072148e8329,193,170,,loaded_native_returns,1,0,application/json; charset=utf-8,193,,server_representation_metadata; not native message publication or verified edit time
4fde150bdc75c741d39c5e2e,w3_wwwtalk,content,https://lists.w3.org/Archives/Public/www-talk/1992JulAug/0039.html,2026-10-10T09:25:29.532692+00:00,200,saved,work_packages/M1_source_access/27_newspaper_context_recovery_20261008/social_public_api/continuations/20261010_broader_history_four_hour/worker/raw/4fde150bdc75c741d39c5e2e.bin.gz,5158a2f52fc2e740f4d67b4cba9c335bde3386ba365252084ba6d60d9413ca73,e2190fc8c73f71cb39c6192e8521914fd819c96713435cbb298eb9a001540201,2340,857,,loaded_native_returns,1,0,text/html,,"Mon, 04 Aug 2003 15:50:19 GMT",server_representation_metadata; not native message publication or verified edit time
4ff852a72aa066aa970b7787,mastodon_au,content,https://aus.social/api/v1/timelines/public?local=true&limit=40&max_id=116960037531566499,2026-10-10T06:07:27.482275+00:00,200,saved,work_packages/M1_source_access/27_newspaper_context_recovery_20261008/social_public_api/continuations/20261010_broader_history_four_hour/worker/raw/4ff852a72aa066aa970b7787.bin.gz,32a8a27711a144595233736e303586bc7c5d08d7bc4be41746aa8912c9ec943b,be4ace2a00d4d24266eb2d012d2b7f5477dc5416fa4140ceb48199af3bff3849,137456,21979,,loaded_native_returns,40,0,application/json; charset=utf-8,137456,,server_representation_metadata; not native message publication or verified edit time
505cff28b93444e59f336cfa,mastodon_us,content,https://sfba.social/api/v1/timelines/public?local=true&limit=40&max_id=116930699486219530,2026-10-10T06:12:12.421206+00:00,200,saved,work_packages/M1_source_access/27_newspaper_context_recovery_20261008/social_public_api/continuations/20261010_broader_history_four_hour/worker/raw/505cff28b93444e59f336cfa.bin.gz,a7c17b19be793ce8004ae5823f9a5ddb6fd8581df84eb0eed74b4de2c0a64759,b37eb97590ea848109521fbeedaf27a14b20dc392dfd29b51b344d0a47cf8b22,149559,26536,,loaded_native_returns,40,0,application/json; charset=utf-8,149559,,server_representation_metadata; not native message publication or verified edit time
507d8a2f59d435829c633df9,w3_wwwtalk,content,https://lists.w3.org/Archives/Public/www-talk/1992JulAug/0023.html,2026-10-10T08:27:01.865610+00:00,200,saved,work_packages/M1_source_access/27_newspaper_context_recovery_20261008/social_public_api/continuations/20261010_broader_history_four_hour/worker/raw/507d8a2f59d435829c633df9.bin.gz,84b6042f06af7552bd12098eee892b9884e54c4267f0dabc17fd287f70612006,05ee9d1901143e9eacfa2bc228f392e8d1b116d2cba50847228bcc29d4e889b5,3419,1496,,loaded_native_returns,1,0,text/html,,"Mon, 04 Aug 2003 15:50:19 GMT",server_representation_metadata; not native message publication or verified edit time
50b988ecf08c365ac10df3b3,w3_wwwtalk,content,https://lists.w3.org/Archives/Public/www-talk/1992JulAug/0045.html,2026-10-10T09:33:20.163830+00:00,200,saved,work_packages/M1_source_access/27_newspaper_context_recovery_20261008/social_public_api/continuations/20261010_broader_history_four_hour/worker/raw/50b988ecf08c365ac10df3b3.bin.gz,4cba32d7456d61f6b225f668684b359e41f84fe03991c391947e1684c1427c4b,78e53b56e7f21dbb75820981ae5bd733622df369f946d92987e2a9ac449b4785,7121,2860,,loaded_native_returns,1,0,text/html,,"Mon, 04 Aug 2003 15:50:20 GMT",server_representation_metadata; not native message publication or verified edit time
50d72d7ecba172c7e306750f,mastodon_au,content,https://aus.social/api/v1/timelines/public?local=true&limit=40&max_id=116918075603929543,2026-10-10T08:24:34.276652+00:00,200,saved,work_packages/M1_source_access/27_newspaper_context_recovery_20261008/social_public_api/continuations/20261010_broader_history_four_hour/worker/raw/50d72d7ecba172c7e306750f.bin.gz,13e76ff799cd19389c075b7b8de0dbaccb707084a3fe09fb02cffbb8ab6b5589,6d16432a7545ad6327bae741818a0e5b1dbd9955e13bb8cd87e08510ed1e38be,189670,32625,,loaded_native_returns,40,0,application/json; charset=utf-8,189670,,server_representation_metadata; not native message publication or verified edit time
5108cfaa7bd334a6ec73555f,w3_wwwtalk,content,https://lists.w3.org/Archives/Public/www-talk/1992MayJun/0049.html,2026-10-10T06:52:19.348414+00:00,200,saved,work_packages/M1_source_access/27_newspaper_context_recovery_20261008/social_public_api/continuations/20261010_broader_history_four_hour/worker/raw/5108cfaa7bd334a6ec73555f.bin.gz,d86a9fdcc0455b3ea54c43c69764898fabb4404d2cec2658a7ddeb302f1ec204,afad55a25706240fbef4757d9ef5044ec50973e56e0cf34d202401a0445387fe,13022,4939,,loaded_native_returns,1,0,text/html,,"Mon, 04 Aug 2003 15:50:20 GMT",server_representation_metadata; not native message publication or verified edit time
513e483d23c2535e6b05e08f,mastodon_uk,content,https://mastodon.me.uk/api/v1/timelines/public?local=true&limit=40&max_id=116187752883151954,2026-10-10T07:36:27.291846+00:00,200,saved,work_packages/M1_source_access/27_newspaper_context_recovery_20261008/social_public_api/continuations/20261010_broader_history_four_hour/worker/raw/513e483d23c2535e6b05e08f.bin.gz,ce41197dde485c38d355dbaddfb907d5dda79b823985bfd4ef98cccd6594ece9,294ef2ef80e9f24e5671b541f599496bc24c27cacd4cebc9b9733980aaa5e49e,130676,15961,,loaded_native_returns,40,0,application/json; charset=utf-8,130676,,server_representation_metadata; not native message publication or verified edit time
514663f74d1e2136669b42cd,hackernews,content,https://hacker-news.firebaseio.com/v0/item/196.json,2026-10-10T08:38:49.600188+00:00,200,saved,work_packages/M1_source_access/27_newspaper_context_recovery_20261008/social_public_api/continuations/20261010_broader_history_four_hour/worker/raw/514663f74d1e2136669b42cd.bin.gz,5c7d54d86099fe9440cf469e5ca07ec299b204ef0411348b744298c63d5015c0,8339be633e00271a51bc54d51c3f75cd029491d69baa9ba190f519cc0c8b3c89,251,204,,loaded_native_returns,1,0,application/json; charset=utf-8,251,,server_representation_metadata; not native message publication or verified edit time
51d6b30a19d49e9834fec194,lemmy_nz,content,https://lemmy.nz/api/v3/comment/list?type_=Local&sort=Old&limit=50&page=2&post_id=183330,2026-10-10T07:08:59.000266+00:00,200,saved,work_packages/M1_source_access/27_newspaper_context_recovery_20261008/social_public_api/continuations/20261010_broader_history_four_hour/worker/raw/51d6b30a19d49e9834fec194.bin.gz,9efdb10c81eaf55dc95e4320d1f02441576a405fb0551d5b8f1905bc0728f854,4fa14da49dc015f30581863a05d74d4091152f4549146526e99de651d5809edf,15,35,,loaded_native_returns,0,0,application/json,15,,server_representation_metadata; not native message publication or verified edit time
51df97ce912cce4e9fa693e2,w3_wwwtalk,content,https://lists.w3.org/Archives/Public/www-talk/1992MayJun/0031.html,2026-10-10T06:10:50.327668+00:00,200,saved,work_packages/M1_source_access/27_newspaper_context_recovery_20261008/social_public_api/continuations/20261010_broader_history_four_hour/worker/raw/51df97ce912cce4e9fa693e2.bin.gz,405fa68d96ec812c70501204d2c55cc2b27b51e09131bb53fd9e9da403a6809c,903a66f2f0a56539cae83394f6d414a9ba07601312b877c220b58a78577060ad,2687,1097,,loaded_native_returns,1,0,text/html,,"Mon, 04 Aug 2003 15:50:20 GMT",server_representation_metadata; not native message publication or verified edit time
51e98cc41c8010cae317a03a,python_discourse,content,https://discuss.python.org/t/434.json,2026-10-10T05:59:15.291057+00:00,200,saved,work_packages/M1_source_access/27_newspaper_context_recovery_20261008/social_public_api/continuations/20261010_broader_history_four_hour/worker/raw/51e98cc41c8010cae317a03a.bin.gz,12ef3fc5a13e483b8e627535eb77c9bd0c4fddecdb33a21da2810feae1ae1367,29bd682c7e94d72241a7b2580c445d118918d4f5b9bc294f4cafdb1d9e00aa1c,94259,13208,,loaded_native_returns,21,0,application/json; charset=utf-8,94259,,server_representation_metadata; not native message publication or verified edit time
523439dad79a337317028840,python_list_archive,content,https://mail.python.org/pipermail/python-list/2007-November.txt,2026-10-10T07:27:42.655238+00:00,200,saved,work_packages/M1_source_access/27_newspaper_context_recovery_20261008/social_public_api/continuations/20261010_broader_history_four_hour/worker/raw/523439dad79a337317028840.bin.gz,0cfcd7c71a17a1a78448888d070d252f460a6189ff51ffb580c5778293e49474,886cd685e142f11a4ec8789f30a3acb50382c04dee45e1726839f60256c591d4,5516824,2120949,,loaded_native_returns,3459,0,text/plain,5516824,"Mon, 28 Oct 2019 01:47:24 GMT",server_representation_metadata; not native message publication or verified edit time
52474ab4f03473122cee81f3,w3_wwwtalk,content,https://lists.w3.org/Archives/Public/www-talk/1992MayJun/0024.html,2026-10-10T05:57:56.545947+00:00,200,saved,work_packages/M1_source_access/27_newspaper_context_recovery_20261008/social_public_api/continuations/20261010_broader_history_four_hour/worker/raw/52474ab4f03473122cee81f3.bin.gz,fca080b21c0d41bdd4815ebde76af4130859df1eff9521bc3571fc42514d4c81,a74cda25853d0c0ab8fe094e2952b6aeba1da8cababd27b3cf8bee3a3949b1a3,2905,1133,,loaded_native_returns,1,0,text/html,,"Mon, 04 Aug 2003 15:50:20 GMT",server_representation_metadata; not native message publication or verified edit time
52671dad8728dd81632ee7e8,bluesky,content,https://public.api.bsky.app/xrpc/app.bsky.feed.getAuthorFeed?actor=did%3Aplc%3At5pur7eruxfgxy7ynpfrmg2w&limit=100&filter=posts_with_replies&includePins=false&cursor=2025-07-14T20%3A34%3A48.692Z,2026-10-10T08:20:57.815626+00:00,200,saved,work_packages/M1_source_access/27_newspaper_context_recovery_20261008/social_public_api/continuations/20261010_broader_history_four_hour/worker/raw/52671dad8728dd81632ee7e8.bin.gz,d0022235f6481d0d5218fc9cac7066c4b4cb5d116df3ace7977cffa826c8932d,a0e1eed39abba13660d24e99af6687c502752ffc4c7df7a4f64f2b14d307a676,635450,64626,,loaded_native_returns,100,0,application/json; charset=utf-8,635450,,server_representation_metadata; not native message publication or verified edit time
529b029073735d1d9c382c2f,mastodon_au,content,https://aus.social/api/v1/timelines/public?local=true&limit=40&max_id=116923009849615369,2026-10-10T08:08:42.557045+00:00,200,saved,work_packages/M1_source_access/27_newspaper_context_recovery_20261008/social_public_api/continuations/20261010_broader_history_four_hour/worker/raw/529b029073735d1d9c382c2f.bin.gz,7782606e90bf750bf83ad998fd9253c188c79dd5dc9ab6156ea92399aa8212a6,0543b3530ed404db821f95d07e63c306ea1d151e60b2995f0fcd7bdf374bb7ca,166443,28229,,loaded_native_returns,40,0,application/json; charset=utf-8,166443,,server_representation_metadata; not native message publication or verified edit time
52b914f6b03f63b003f2b027,mastodon_au,content,https://aus.social/api/v1/timelines/public?local=true&limit=40&max_id=116910653442274188,2026-10-10T08:49:03.078619+00:00,200,saved,work_packages/M1_source_access/27_newspaper_context_recovery_20261008/social_public_api/continuations/20261010_broader_history_four_hour/worker/raw/52b914f6b03f63b003f2b027.bin.gz,1a21e2c03118e7622c9df27ab32fa9666e3379ddb15d035c1f6be697433809f1,f41c77a2d9e577a604995262ebab7e326ea478475c97a19f6ebd4ee98ef6ddd5,142018,22064,,loaded_native_returns,40,0,application/json; charset=utf-8,142018,,server_representation_metadata; not native message publication or verified edit time
52c2e35a6a6768807f30ad64,lemmy_nz,content,https://lemmy.nz/api/v3/comment/list?type_=Local&sort=Old&limit=50&page=2&post_id=209131,2026-10-10T08:46:59.388694+00:00,200,saved,work_packages/M1_source_access/27_newspaper_context_recovery_20261008/social_public_api/continuations/20261010_broader_history_four_hour/worker/raw/52c2e35a6a6768807f30ad64.bin.gz,9efdb10c81eaf55dc95e4320d1f02441576a405fb0551d5b8f1905bc0728f854,4fa14da49dc015f30581863a05d74d4091152f4549146526e99de651d5809edf,15,35,,loaded_native_returns,0,0,application/json,15,,server_representation_metadata; not native message publication or verified edit time
5304a4052b122d1b1f95adde,hackernews,content,https://hacker-news.firebaseio.com/v0/item/202.json,2026-10-10T08:49:52.948552+00:00,200,saved,work_packages/M1_source_access/27_newspaper_context_recovery_20261008/social_public_api/continuations/20261010_broader_history_four_hour/worker/raw/5304a4052b122d1b1f95adde.bin.gz,f05143231f6ffebfd6a720525e28b814fb7482bb72bafff029573252e570e392,39eccc1a08a39ac1a11f5aef9e23a7f0fbbc5b6b327c26f3ac12f61b600b4541,209,174,,loaded_native_returns,1,0,application/json; charset=utf-8,209,,server_representation_metadata; not native message publication or verified edit time
53098afe85279acb99eb4549,hackernews,content,https://hacker-news.firebaseio.com/v0/item/219.json,2026-10-10T09:42:54.404043+00:00,200,saved,work_packages/M1_source_access/27_newspaper_context_recovery_20261008/social_public_api/continuations/20261010_broader_history_four_hour/worker/raw/53098afe85279acb99eb4549.bin.gz,0049dbebe47a452cd7bae8fbad5891f53f8e60f54c41d8673d3906fa92e56d1a,174783332646891d271f847ffa09b9270937c0005db9f1d71f27d6ede45ed9c7,244,191,,loaded_native_returns,1,0,application/json; charset=utf-8,244,,server_representation_metadata; not native message publication or verified edit time
530b860292761a5263ef6f0d,osm_discourse,content,https://community.openstreetmap.org/t/32388.json,2026-10-10T07:47:12.001146+00:00,200,saved,work_packages/M1_source_access/27_newspaper_context_recovery_20261008/social_public_api/continuations/20261010_broader_history_four_hour/worker/raw/530b860292761a5263ef6f0d.bin.gz,863cb1ddfbfd17a4c28d31c1da08e7f619d7e8acffbed9df330018721a890c85,1e219b9357ba67ffe46b9364886fc848694c3cb53cdd8cd48bc1f9225d0755f7,24187,5385,,loaded_native_returns,6,0,application/json; charset=utf-8,24187,,server_representation_metadata; not native message publication or verified edit time
5316dd1559030d7f6ac05c4a,osm_discourse,content,https://community.openstreetmap.org/t/32462.json,2026-10-10T08:27:19.366259+00:00,200,saved,work_packages/M1_source_access/27_newspaper_context_recovery_20261008/social_public_api/continuations/20261010_broader_history_four_hour/worker/raw/5316dd1559030d7f6ac05c4a.bin.gz,4684e9b08ad0912a972c1fdcb66014f4a40f04e09058418de3378c68f41d4b29,ca49838abb8af19c92f76f95d66ce910647ae711d8cbcff19f752ca248743d54,20301,4884,,loaded_native_returns,5,0,application/json; charset=utf-8,20301,,server_representation_metadata; not native message publication or verified edit time
53649409be928fa80fd28b93,straight_dope,content,https://boards.straightdope.com/t/4619/posts.json?post_ids%5B%5D=14150262&post_ids%5B%5D=14150406&post_ids%5B%5D=14150719&post_ids%5B%5D=14150724&post_ids%5B%5D=14150728&post_ids%5B%5D=14150793&post_ids%5B%5D=14150841&post_ids%5B%5D=14150895&post_ids%5B%5D=14153257&post_ids%5B%5D=14153600&post_ids%5B%5D=14154931&post_ids%5B%5D=14154942&post_ids%5B%5D=14167018&post_ids%5B%5D=14167111&post_ids%5B%5D=25479006&post_ids%5B%5D=25479256&post_ids%5B%5D=25479291&post_ids%5B%5D=25479658&post_ids%5B%5D=25479947&post_ids%5B%5D=25480100,2026-10-10T06:09:25.435442+00:00,200,saved,work_packages/M1_source_access/27_newspaper_context_recovery_20261008/social_public_api/continuations/20261010_broader_history_four_hour/worker/raw/53649409be928fa80fd28b93.bin.gz,a27f0f0cc0f37706a1f8b34bc8489e8e49f953627a89d92b78b4111932fea545,c4f1a85315bbb6291168d6b4923a5a1c9545fcadaa695816cb0849d471329921,47403,8061,,loaded_native_returns,21,0,application/json; charset=utf-8,47403,,server_representation_metadata; not native message publication or verified edit time
53dc45b781e6e7f01f42c7a9,mastodon_uk,content,https://mastodon.me.uk/api/v1/timelines/public?local=true&limit=40&max_id=116110865397116136,2026-10-10T09:30:38.177158+00:00,200,saved,work_packages/M1_source_access/27_newspaper_context_recovery_20261008/social_public_api/continuations/20261010_broader_history_four_hour/worker/raw/53dc45b781e6e7f01f42c7a9.bin.gz,134f839ea8db8c0723992088b3a8b3b4248a045d746fb36222908ede1d3db3a9,5116a29cfd59e6bfc0c4cfc22ea7598252dfb8362cb2d218cd59c85beb9ceec1,138945,19487,,loaded_native_returns,40,0,application/json; charset=utf-8,138945,,server_representation_metadata; not native message publication or verified edit time
53e5a18f2d31330412b1220b,mastodon_uk,content,https://mastodon.me.uk/api/v1/timelines/public?local=true&limit=40&max_id=116108035969815356,2026-10-10T09:32:58.990020+00:00,200,saved,work_packages/M1_source_access/27_newspaper_context_recovery_20261008/social_public_api/continuations/20261010_broader_history_four_hour/worker/raw/53e5a18f2d31330412b1220b.bin.gz,a73820b3a27f45f4936d8f0b6e71261c6bae76e1529016d790f96f3785bcdd1a,95b876a41087999f7a9c111fb274161fce142221456f52c3b5b4a2ff88d0cc00,124177,14977,,loaded_native_returns,40,0,application/json; charset=utf-8,124177,,server_representation_metadata; not native message publication or verified edit time
53e9850c6b3476634557c130,mastodon_us,content,https://sfba.social/api/v1/timelines/public?local=true&limit=40&max_id=116896183919317019,2026-10-10T08:08:48.978536+00:00,200,saved,work_packages/M1_source_access/27_newspaper_context_recovery_20261008/social_public_api/continuations/20261010_broader_history_four_hour/worker/raw/53e9850c6b3476634557c130.bin.gz,f1cd532b3798c31b8c60cdd37ccc236cc261bd11319bee9fc70bb188fed74ac5,58fa39187a21393098c497c5701c76b9e27c30bc9d1256704eb9a0326333e0c0,163232,23787,,loaded_native_returns,40,0,application/json; charset=utf-8,163232,,server_representation_metadata; not native message publication or verified edit time
53f90e810b8bd7b9214a398b,python_list_archive,content,https://mail.python.org/pipermail/python-list/2008-January.txt,2026-10-10T07:31:27.417024+00:00,200,saved,work_packages/M1_source_access/27_newspaper_context_recovery_20261008/social_public_api/continuations/20261010_broader_history_four_hour/worker/raw/53f90e810b8bd7b9214a398b.bin.gz,310c994489ccbb59aa090d0f6d49eee8dd908d146f9bf90931821a5d25b361b1,d1fe53a5a02a69a3ec69d2168164188e1a88f011d79a26d0f4bb4bb950a3df21,13664106,5266260,,loaded_native_returns,8528,0,text/plain,13664106,"Mon, 28 Oct 2019 09:52:29 GMT",server_representation_metadata; not native message publication or verified edit time
53fd66a583c6d93a8d538c18,thesession,content,https://thesession.org/discussions/42,2026-10-10T09:29:38.336305+00:00,200,saved,work_packages/M1_source_access/27_newspaper_context_recovery_20261008/social_public_api/continuations/20261010_broader_history_four_hour/worker/raw/53fd66a583c6d93a8d538c18.bin.gz,7aaf165ed501c6f2bb100508a3baeaca7f21ffe515bdb996c01c3614cd719157,9d108e4caefb4591f7ed2a68aa6d77d11012899513f622f9636abb9e46b86694,69842,16564,,loaded_native_returns,9,0,text/html; charset=utf-8,,,server_representation_metadata; not native message publication or verified edit time
542c6cfa526f3d8f81b8ebe2,bluesky,content,https://public.api.bsky.app/xrpc/app.bsky.feed.getAuthorFeed?actor=did%3Aplc%3At5pur7eruxfgxy7ynpfrmg2w&limit=100&filter=posts_with_replies&includePins=false&cursor=2025-08-03T17%3A46%3A41.102Z,2026-10-10T06:28:58.689312+00:00,200,saved,work_packages/M1_source_access/27_newspaper_context_recovery_20261008/social_public_api/continuations/20261010_broader_history_four_hour/worker/raw/542c6cfa526f3d8f81b8ebe2.bin.gz,1f443eda769353152bfc2b90934637f0f8228e6ef5cd18dcca8ddbf820e7e857,ebd2a13c552bfd221890892c355813b7c9fab569a2ee94ab3a4ae0b40525062e,567193,58618,,loaded_native_returns,100,0,application/json; charset=utf-8,567193,,server_representation_metadata; not native message publication or verified edit time
547e87ff254a921b00cfbd96,python_list_archive,content,https://mail.python.org/pipermail/python-list/2006-August.txt,2026-10-10T06:59:29.125603+00:00,200,saved,work_packages/M1_source_access/27_newspaper_context_recovery_20261008/social_public_api/continuations/20261010_broader_history_four_hour/worker/raw/547e87ff254a921b00cfbd96.bin.gz,071160e676bfc03c923a33a42bf83a62513fd243cd0d06ffef87d47e1c10a801,8d9f5684dc0cb212ffd208ecab163fdeee6dde24224e36899e9a86a6565e8cf6,7525183,2822416,,loaded_native_returns,4874,0,text/plain,7525183,"Mon, 28 Oct 2019 00:54:11 GMT",server_representation_metadata; not native message publication or verified edit time
547ee9cb42db999b06d2e5ee,hackernews,content,https://hacker-news.firebaseio.com/v0/item/130.json,2026-10-10T06:23:23.667287+00:00,200,saved,work_packages/M1_source_access/27_newspaper_context_recovery_20261008/social_public_api/continuations/20261010_broader_history_four_hour/worker/raw/547ee9cb42db999b06d2e5ee.bin.gz,d28b8517592b0d338f6fce3b4b2e87c878bc66a41061c9301ce4e2445a0ec765,abf11e52cc443c8034ff50ed202a2854fa74cc4791f48d4b18fb787f31dcdd22,271,225,,loaded_native_returns,1,0,application/json; charset=utf-8,271,,server_representation_metadata; not native message publication or verified edit time
54c20c7735a9d010c6f91bc6,mastodon_us,content,https://sfba.social/api/v1/timelines/public?local=true&limit=40&max_id=116924188998394880,2026-10-10T06:34:16.410054+00:00,200,saved,work_packages/M1_source_access/27_newspaper_context_recovery_20261008/social_public_api/continuations/20261010_broader_history_four_hour/worker/raw/54c20c7735a9d010c6f91bc6.bin.gz,61ee09558863ad1e9a208f7a1e28725a8f78c80470988434a94a3e95371da01c,eb3422249e990288f4f25175913e320151bf3521b4c31a7d2770d17545d81e50,176822,25914,,loaded_native_returns,40,0,application/json; charset=utf-8,176822,,server_representation_metadata; not native message publication or verified edit time
5505c2be61f5dd3c785a94b7,straight_dope,content,https://boards.straightdope.com/t/1025298/posts.json?post_ids%5B%5D=25853575&post_ids%5B%5D=25853770&post_ids%5B%5D=25854120&post_ids%5B%5D=25854141&post_ids%5B%5D=25854155&post_ids%5B%5D=25854156&post_ids%5B%5D=25854186&post_ids%5B%5D=25854250&post_ids%5B%5D=25854268&post_ids%5B%5D=25854294&post_ids%5B%5D=25854297&post_ids%5B%5D=25854331&post_ids%5B%5D=25854385&post_ids%5B%5D=25854391&post_ids%5B%5D=25854466&post_ids%5B%5D=25854492&post_ids%5B%5D=25854566&post_ids%5B%5D=25854669&post_ids%5B%5D=25854865&post_ids%5B%5D=25854969,2026-10-10T07:35:04.834107+00:00,200,saved,work_packages/M1_source_access/27_newspaper_context_recovery_20261008/social_public_api/continuations/20261010_broader_history_four_hour/worker/raw/5505c2be61f5dd3c785a94b7.bin.gz,752306cbfdbbd38d8a13268eebb98a58a9cdbb0dac4289fd1063cdcfbfa0d531,9e86d5874d878cb0af3f3896a41e699906bf06b8bc09439eeba84b9fad5a8f73,74635,15561,,loaded_native_returns,21,0,application/json; charset=utf-8,74635,,server_representation_metadata; not native message publication or verified edit time
5516b3a1cbeb0d149189ad54,mastodon_au,content,https://aus.social/api/v1/timelines/public?local=true&limit=40&max_id=116918492809998014,2026-10-10T08:22:43.947007+00:00,200,saved,work_packages/M1_source_access/27_newspaper_context_recovery_20261008/social_public_api/continuations/20261010_broader_history_four_hour/worker/raw/5516b3a1cbeb0d149189ad54.bin.gz,974aa9a61c4a43800dc02184713031181244c57e4ea13f8fe85c5bc12d47bac1,ded3edad0e8fadcf2e5481a9e82823aec690e909d4073a9a78e2cae2a773b8ba,159584,26538,,loaded_native_returns,40,0,application/json; charset=utf-8,159584,,server_representation_metadata; not native message publication or verified edit time
5535cd065e80ebed5db4cc40,osm_discourse,content,https://community.openstreetmap.org/t/32456/posts.json?post_ids%5B%5D=73470&post_ids%5B%5D=73473&post_ids%5B%5D=76447&post_ids%5B%5D=76453&post_ids%5B%5D=76458&post_ids%5B%5D=76462&post_ids%5B%5D=76478&post_ids%5B%5D=76480&post_ids%5B%5D=76481&post_ids%5B%5D=76494&post_ids%5B%5D=76496&post_ids%5B%5D=76512&post_ids%5B%5D=76527&post_ids%5B%5D=76661&post_ids%5B%5D=76667&post_ids%5B%5D=77776&post_ids%5B%5D=78547&post_ids%5B%5D=78579&post_ids%5B%5D=78742&post_ids%5B%5D=78748,2026-10-10T08:21:31.273259+00:00,200,saved,work_packages/M1_source_access/27_newspaper_context_recovery_20261008/social_public_api/continuations/20261010_broader_history_four_hour/worker/raw/5535cd065e80ebed5db4cc40.bin.gz,6e46992df8fdb53d9ded3c99ef7a042f279ff312b9ed841901a17ff7928e70d2,f25d82b48f31c95115e257cd4c1542d98bda26509e511423ccd2c4cd2edd0db7,38777,5850,,loaded_native_returns,21,0,application/json; charset=utf-8,38777,,server_representation_metadata; not native message publication or verified edit time
556c2f364a4e5b725ed01ec8,mastodon_au,content,https://aus.social/api/v1/timelines/public?local=true&limit=40&max_id=116934037262431337,2026-10-10T07:28:41.335309+00:00,200,saved,work_packages/M1_source_access/27_newspaper_context_recovery_20261008/social_public_api/continuations/20261010_broader_history_four_hour/worker/raw/556c2f364a4e5b725ed01ec8.bin.gz,8202da83c89277925693a056e646023f944b569dd917508834f17fc5b04f76c5,0440049de24f3c3829dac6cbc8e6429819f4b63bd78a21f7ce0619d351a789ad,154258,29155,,loaded_native_returns,40,0,application/json; charset=utf-8,154258,,server_representation_metadata; not native message publication or verified edit time
55f98a0ca2214651fb0cee38,w3_wwwtalk,content,https://lists.w3.org/Archives/Public/www-talk/1992JulAug/0011.html,2026-10-10T08:02:50.046590+00:00,200,saved,work_packages/M1_source_access/27_newspaper_context_recovery_20261008/social_public_api/continuations/20261010_broader_history_four_hour/worker/raw/55f98a0ca2214651fb0cee38.bin.gz,712cc7aff8f57d726f451628d9e57e4d127b57494e1a075dbd443c19ebcef06a,4df484baa8223c15627d023c3d5fd8add110beb5d501d2da0a59afe19940a860,2655,1011,,loaded_native_returns,1,0,text/html,,"Mon, 04 Aug 2003 15:50:19 GMT",server_representation_metadata; not native message publication or verified edit time
561ac16a07ebfb45f1151937,python_discourse,content,https://discuss.python.org/t/612/posts.json?post_ids%5B%5D=2849&post_ids%5B%5D=2855&post_ids%5B%5D=2856&post_ids%5B%5D=2858,2026-10-10T07:58:09.300395+00:00,200,saved,work_packages/M1_source_access/27_newspaper_context_recovery_20261008/social_public_api/continuations/20261010_broader_history_four_hour/worker/raw/561ac16a07ebfb45f1151937.bin.gz,cf7c6bf9fa60bb4796425b3403b0bd46eb3fb9b6c392839942bb61e305883c14,297614ef6f755f0bb641b1f60b286eb0f261f9ebea8975eeec8ac994ea69966c,14412,4035,,loaded_native_returns,5,0,application/json; charset=utf-8,14412,,server_representation_metadata; not native message publication or verified edit time
5632a95ee6a8c828dbea623f,straight_dope,content,https://boards.straightdope.com/t/1025298/posts.json?post_ids%5B%5D=25840123&post_ids%5B%5D=25840129&post_ids%5B%5D=25840162&post_ids%5B%5D=25840183&post_ids%5B%5D=25840189&post_ids%5B%5D=25840273&post_ids%5B%5D=25840337&post_ids%5B%5D=25840533&post_ids%5B%5D=25840536&post_ids%5B%5D=25840541&post_ids%5B%5D=25840564&post_ids%5B%5D=25840615&post_ids%5B%5D=25840635&post_ids%5B%5D=25840653&post_ids%5B%5D=25840660&post_ids%5B%5D=25840676&post_ids%5B%5D=25840681&post_ids%5B%5D=25840684&post_ids%5B%5D=25840691&post_ids%5B%5D=25840703,2026-10-10T07:07:57.529979+00:00,200,saved,work_packages/M1_source_access/27_newspaper_context_recovery_20261008/social_public_api/continuations/20261010_broader_history_four_hour/worker/raw/5632a95ee6a8c828dbea623f.bin.gz,c602f824e788e6028af5186727c4cfcbb62882bd358402a1184c20a572ff3a09,af37e1414f6de0757a38498a1ffd7e61834a1fdad16b92e4e1da5ca1a3597689,63758,12256,,loaded_native_returns,21,0,application/json; charset=utf-8,63758,,server_representation_metadata; not native message publication or verified edit time
565b3c11bd3aafd1122b21f1,lemmy_nz,content,https://lemmy.nz/api/v3/comment/list?type_=Local&sort=Old&limit=50&page=2&post_id=212210,2026-10-10T09:36:42.560120+00:00,200,saved,work_packages/M1_source_access/27_newspaper_context_recovery_20261008/social_public_api/continuations/20261010_broader_history_four_hour/worker/raw/565b3c11bd3aafd1122b21f1.bin.gz,9efdb10c81eaf55dc95e4320d1f02441576a405fb0551d5b8f1905bc0728f854,4fa14da49dc015f30581863a05d74d4091152f4549146526e99de651d5809edf,15,35,,loaded_native_returns,0,0,application/json,15,,server_representation_metadata; not native message publication or verified edit time
565fe2184cfedb27c2420155,w3_wwwtalk,content,https://lists.w3.org/Archives/Public/www-talk/1992MayJun/0045.html,2026-10-10T06:40:40.875987+00:00,200,saved,work_packages/M1_source_access/27_newspaper_context_recovery_20261008/social_public_api/continuations/20261010_broader_history_four_hour/worker/raw/565fe2184cfedb27c2420155.bin.gz,18f844c177f2aa63fb123b259f48ba2e610c7e11173ad7c92b38682743f10d20,19f555a78fb00e167c1410988852c6994dc3528389f36a2c555877b36111a68e,6962,2837,,loaded_native_returns,1,0,text/html,,"Mon, 04 Aug 2003 15:50:20 GMT",server_representation_metadata; not native message publication or verified edit time
566d4a8668117a50d6429cf2,hackernews,content,https://hacker-news.firebaseio.com/v0/item/136.json,2026-10-10T06:34:53.339351+00:00,200,saved,work_packages/M1_source_access/27_newspaper_context_recovery_20261008/social_public_api/continuations/20261010_broader_history_four_hour/worker/raw/566d4a8668117a50d6429cf2.bin.gz,5acbd71a7fcce8bd2c4b6594ced7a6e7ec8b507f917abf25f802bc1eb6558260,e670b8c4160e24dcdc093a4230a9bd5454b3d9159f56b04dc2871add8d3136be,492,347,,loaded_native_returns,1,0,application/json; charset=utf-8,492,,server_representation_metadata; not native message publication or verified edit time
56858bbe8285ff97d6e3a0f6,python_discourse,content,https://discuss.python.org/t/537.json,2026-10-10T07:23:44.924049+00:00,200,saved,work_packages/M1_source_access/27_newspaper_context_recovery_20261008/social_public_api/continuations/20261010_broader_history_four_hour/worker/raw/56858bbe8285ff97d6e3a0f6.bin.gz,471c0cfc3ceb74f5b6954a9ae0dc094de9e4458b258ddb9338aff706bd666fa8,dd1e2f3194495717c273b66d91979a57bb09b5eebae196f91baf0ad87006825d,9434,1987,,loaded_native_returns,5,0,application/json; charset=utf-8,9434,,server_representation_metadata; not native message publication or verified edit time
56a011a2437851e5ef6b583a,straight_dope,content,https://boards.straightdope.com/t/712149/posts.json?post_ids%5B%5D=18009424&post_ids%5B%5D=18009501&post_ids%5B%5D=18009522&post_ids%5B%5D=18009816&post_ids%5B%5D=18009838&post_ids%5B%5D=18009841&post_ids%5B%5D=18009847&post_ids%5B%5D=18009879&post_ids%5B%5D=18009920&post_ids%5B%5D=18009971&post_ids%5B%5D=18010066&post_ids%5B%5D=18010230&post_ids%5B%5D=18010263&post_ids%5B%5D=18010389&post_ids%5B%5D=18010498&post_ids%5B%5D=18010521&post_ids%5B%5D=18010533&post_ids%5B%5D=18010552&post_ids%5B%5D=18010566&post_ids%5B%5D=18010634,2026-10-10T08:21:22.478111+00:00,200,saved,work_packages/M1_source_access/27_newspaper_context_recovery_20261008/social_public_api/continuations/20261010_broader_history_four_hour/worker/raw/56a011a2437851e5ef6b583a.bin.gz,da5e9ea15fcf3edd4c3a518007c753ac5bd3424fd42897e0152612ce9ee9b523,8f8211863d9dbde6faec1b6cc3e0ab1b18f343492172b4aa11c594e97fb4066c,30743,2542,,loaded_native_returns,21,0,application/json; charset=utf-8,30743,,server_representation_metadata; not native message publication or verified edit time
56c8758f82329d5c0179f219,lemmy_nz,content,https://lemmy.nz/api/v3/comment/list?type_=Local&sort=Old&limit=50&page=2&post_id=184206,2026-10-10T07:17:26.476120+00:00,200,saved,work_packages/M1_source_access/27_newspaper_context_recovery_20261008/social_public_api/continuations/20261010_broader_history_four_hour/worker/raw/56c8758f82329d5c0179f219.bin.gz,9efdb10c81eaf55dc95e4320d1f02441576a405fb0551d5b8f1905bc0728f854,4fa14da49dc015f30581863a05d74d4091152f4549146526e99de651d5809edf,15,35,,loaded_native_returns,0,0,application/json,15,,server_representation_metadata; not native message publication or verified edit time
56da86d17869ed1361abf158,tildes,content,https://tildes.net/~music/1w4a/djcotts_this_is_happy_hardcore_2026_mix_2026,2026-10-10T07:43:43.990328+00:00,200,saved,work_packages/M1_source_access/27_newspaper_context_recovery_20261008/social_public_api/continuations/20261010_broader_history_four_hour/worker/raw/56da86d17869ed1361abf158.bin.gz,09d1ba2dafd36ad82d045b5227604b2f624f8f7f0b4b1c287a90d1d5992aae92,738125007586512b0a3cd47eeb9a1536e8f1bb757332b765db7b3ff6e911a18a,8913,2540,,loaded_native_returns,1,0,text/html; charset=UTF-8,8913,,server_representation_metadata; not native message publication or verified edit time
57a691ef00fb8b5327585644,python_discourse,content,https://discuss.python.org/t/645.json,2026-10-10T08:29:06.104886+00:00,200,saved,work_packages/M1_source_access/27_newspaper_context_recovery_20261008/social_public_api/continuations/20261010_broader_history_four_hour/worker/raw/57a691ef00fb8b5327585644.bin.gz,2966118c4bbdd480481320466fac7a80f1160bf618dff814eeed4f5c100877af,d402d5b7390dd61bfeb8373fdfa620034affe3e4c908c50b194e475d8734a6dc,26108,5395,,loaded_native_returns,8,0,application/json; charset=utf-8,26108,,server_representation_metadata; not native message publication or verified edit time
57cc9848cf9fb62ea4ea343c,w3_wwwtalk,content,https://lists.w3.org/Archives/Public/www-talk/1992MayJun/0044.html,2026-10-10T06:38:43.057885+00:00,200,saved,work_packages/M1_source_access/27_newspaper_context_recovery_20261008/social_public_api/continuations/20261010_broader_history_four_hour/worker/raw/57cc9848cf9fb62ea4ea343c.bin.gz,f33e24d8eee838671c4dd58c9e8e790c27c13cb958d79f651442b8530c9baec6,89b47e5ca6ee420fefafd6f846c77634d96b891025edbd6a80c6d80155d5adb5,2482,898,,loaded_native_returns,1,0,text/html,,"Mon, 04 Aug 2003 15:50:20 GMT",server_representation_metadata; not native message publication or verified edit time
57d67e8e26b1154f4dcc62f1,w3_wwwtalk,content,https://lists.w3.org/Archives/Public/www-talk/1992MayJun/0047.html,2026-10-10T06:47:56.696086+00:00,200,saved,work_packages/M1_source_access/27_newspaper_context_recovery_20261008/social_public_api/continuations/20261010_broader_history_four_hour/worker/raw/57d67e8e26b1154f4dcc62f1.bin.gz,b637166345edd796fce9a4d82421e4a8195cb141023cd964990bc593b74c6f43,5698042d2289f120642596da9b925c678c95813ffb40c244be7180465139ce14,10144,3921,,loaded_native_returns,1,0,text/html,,"Mon, 04 Aug 2003 15:50:20 GMT",server_representation_metadata; not native message publication or verified edit time
57f58d680852db2aa021e6d5,mastodon_us,content,https://sfba.social/api/v1/timelines/public?local=true&limit=40&max_id=116897387571452909,2026-10-10T08:02:29.366555+00:00,200,saved,work_packages/M1_source_access/27_newspaper_context_recovery_20261008/social_public_api/continuations/20261010_broader_history_four_hour/worker/raw/57f58d680852db2aa021e6d5.bin.gz,d6106e672ee1abed59daabf0e92f678992a37524a9294f7552ce3f1477e1755f,d5e29e7cd9fce99c48c8fe9762d383525805bc9916a0c292a4670e589ffd4605,152606,25148,,loaded_native_returns,40,0,application/json; charset=utf-8,152606,,server_representation_metadata; not native message publication or verified edit time
57ff6c855d42d08ed20dab48,tildes,content,https://tildes.net/~games/1w3r/steam_recently_made_a_fundamental_change_to_indie_game_discoverability,2026-10-10T09:23:41.195494+00:00,200,saved,work_packages/M1_source_access/27_newspaper_context_recovery_20261008/social_public_api/continuations/20261010_broader_history_four_hour/worker/raw/57ff6c855d42d08ed20dab48.bin.gz,11d69fb2511bb7d2dc91fe2c4eae0079aa19eb99f18d8d0d0c12a59eecbbd644,4773658c182d426131e6b73c0f214f8ae2fe4a956670dabccba7960363d4fbdb,19266,4364,,loaded_native_returns,6,0,text/html; charset=UTF-8,19266,,server_representation_metadata; not native message publication or verified edit time
58363c97cef043f17629d1a4,tildes,content,https://tildes.net/~tildes/18s2/three_cheers_for_tildes_android_version_is_open_for_alpha_testing_on_the_google_play_store,2026-10-10T06:22:18.374338+00:00,200,saved,work_packages/M1_source_access/27_newspaper_context_recovery_20261008/social_public_api/continuations/20261010_broader_history_four_hour/worker/raw/58363c97cef043f17629d1a4.bin.gz,c2417c267dfa10ad9428cc0ac3c59cab53be58955cffa37b108c51fcd89a7c33,6e501867f4ef773c9f022064ef9f97bda52986d40214ebd38bf8dd37c60d46f9,402705,43350,,loaded_native_returns,207,0,text/html; charset=UTF-8,402705,,server_representation_metadata; not native message publication or verified edit time
5838d13a7b3e8d8936715340,python_discourse,content,https://discuss.python.org/t/672.json,2026-10-10T09:28:13.110199+00:00,200,saved,work_packages/M1_source_access/27_newspaper_context_recovery_20261008/social_public_api/continuations/20261010_broader_history_four_hour/worker/raw/5838d13a7b3e8d8936715340.bin.gz,7a588ad59d64b82d7858f9574883534465cad61dd322e311627721586d2b9f10,7977c4ba32c36bc68b0c08013a4d47555fe7442956c68ecd06abfafdea0a2116,63768,10103,,loaded_native_returns,21,0,application/json; charset=utf-8,63768,,server_representation_metadata; not native message publication or verified edit time
5894248b392689a621a89f71,hackernews,content,https://hacker-news.firebaseio.com/v0/item/165.json,2026-10-10T07:35:17.567390+00:00,200,saved,work_packages/M1_source_access/27_newspaper_context_recovery_20261008/social_public_api/continuations/20261010_broader_history_four_hour/worker/raw/5894248b392689a621a89f71.bin.gz,882f43341342ed072948a5b07363f1f66e58420f4fc7bf5983603c824ce2e08a,c669c34ddb4db4a8ff9792c64b79cfc0496d8ea42c582afb761e96624d19e989,602,405,,loaded_native_returns,1,0,application/json; charset=utf-8,602,,server_representation_metadata; not native message publication or verified edit time
58f4aa9d04afd7823e87fe06,mastodon_us,content,https://sfba.social/api/v1/timelines/public?local=true&limit=40&max_id=116924806141989314,2026-10-10T06:32:25.712529+00:00,200,saved,work_packages/M1_source_access/27_newspaper_context_recovery_20261008/social_public_api/continuations/20261010_broader_history_four_hour/worker/raw/58f4aa9d04afd7823e87fe06.bin.gz,413cab948f3b32edee2c0f89958b9c84d089be74b80f779af68ceded7c727925,9928d9c7223126dc138fe2a202b86750501a93b9f08a0a31abbf9a449c5bf64e,151710,24845,,loaded_native_returns,40,0,application/json; charset=utf-8,151710,,server_representation_metadata; not native message publication or verified edit time
591ef8c445623be8438f383a,python_discourse,content,https://discuss.python.org/t/662/posts.json?post_ids%5B%5D=8410&post_ids%5B%5D=8411&post_ids%5B%5D=8412&post_ids%5B%5D=8437&post_ids%5B%5D=8438&post_ids%5B%5D=8456&post_ids%5B%5D=8457&post_ids%5B%5D=8459&post_ids%5B%5D=8463&post_ids%5B%5D=8465&post_ids%5B%5D=8497&post_ids%5B%5D=8501&post_ids%5B%5D=8502&post_ids%5B%5D=8503&post_ids%5B%5D=8518&post_ids%5B%5D=8519&post_ids%5B%5D=8521&post_ids%5B%5D=8585&post_ids%5B%5D=8600&post_ids%5B%5D=8611,2026-10-10T08:49:34.939717+00:00,200,saved,work_packages/M1_source_access/27_newspaper_context_recovery_20261008/social_public_api/continuations/20261010_broader_history_four_hour/worker/raw/591ef8c445623be8438f383a.bin.gz,1ddaa79af403af719a81d0a7c0fd94e12c4f216aab9f0e5a8510f0740ce2dc32,e681c0728ec297ee9c5baa3dc08627aef3b73866eb656eae23f04fd6f1ab7c1b,66175,12053,,loaded_native_returns,21,0,application/json; charset=utf-8,66175,,server_representation_metadata; not native message publication or verified edit time
594ce8f91be82a3b06264ee6,mastodon_us,content,https://sfba.social/api/v1/timelines/public?local=true&limit=40&max_id=116875335490514625,2026-10-10T09:31:57.870173+00:00,200,saved,work_packages/M1_source_access/27_newspaper_context_recovery_20261008/social_public_api/continuations/20261010_broader_history_four_hour/worker/raw/594ce8f91be82a3b06264ee6.bin.gz,ea7a8f60b23994511bbbd25e7308ffb39576bd4695d4df58a2dcb414f4647192,90e79caabaddffc62699c1fec6a956ae87c16f56221ace82d8f32c7e6b1a406c,161107,26699,,loaded_native_returns,40,0,application/json; charset=utf-8,161107,,server_representation_metadata; not native message publication or verified edit time
597bc3f28a7e79f460ec7e0c,tildes,content,https://tildes.net/?order=new&period=all,2026-10-10T06:18:51.515001+00:00,200,saved,work_packages/M1_source_access/27_newspaper_context_recovery_20261008/social_public_api/continuations/20261010_broader_history_four_hour/worker/raw/597bc3f28a7e79f460ec7e0c.bin.gz,d6344537a2fb21faaaf9280d2daca490aca8d0ee8ddb5f9618a6a76e4b41c60b,af9a8c404301f4900ca30b6e5d2b56ed5a00b60f5b90bdf3c86e461b8b02c15b,101749,15460,,loaded_native_returns,50,0,text/html; charset=UTF-8,101749,,server_representation_metadata; not native message publication or verified edit time
5a0f6393f7555cf7e0f96d5e,bluesky,content,https://public.api.bsky.app/xrpc/app.bsky.feed.getAuthorFeed?actor=did%3Aplc%3Aragtjsm2j2vknwkz3zp4oxrd&limit=100&filter=posts_with_replies&includePins=false&cursor=2023-10-26T00%3A20%3A45.969Z,2026-10-10T07:16:15.338438+00:00,200,saved,work_packages/M1_source_access/27_newspaper_context_recovery_20261008/social_public_api/continuations/20261010_broader_history_four_hour/worker/raw/5a0f6393f7555cf7e0f96d5e.bin.gz,7a0b79f9c1ec5a82a7c7e3d95cfdea61978a0a196502db584929f5e5f7f362ed,af0ba2ea4e69c7ad760a6b686be897517bb4ebb02c0b7f94089e3b2854b85d86,456498,41212,,loaded_native_returns,110,0,application/json; charset=utf-8,456498,,server_representation_metadata; not native message publication or verified edit time
5a6fea400cd05fa9af50619d,lemmy_nz,content,https://lemmy.nz/api/v3/comment/list?type_=Local&sort=Old&limit=50&page=2&post_id=191509,2026-10-10T07:54:09.719566+00:00,200,saved,work_packages/M1_source_access/27_newspaper_context_recovery_20261008/social_public_api/continuations/20261010_broader_history_four_hour/worker/raw/5a6fea400cd05fa9af50619d.bin.gz,9efdb10c81eaf55dc95e4320d1f02441576a405fb0551d5b8f1905bc0728f854,4fa14da49dc015f30581863a05d74d4091152f4549146526e99de651d5809edf,15,35,,loaded_native_returns,0,0,application/json,15,,server_representation_metadata; not native message publication or verified edit time
5a88ad0d592c94effff7bcfb,metafilter,policy,https://metatalk.metafilter.com/faq.mefi,,403,http_stop,,,,,,,transport_stop_no_raw_payload,0,0,,,,server_representation_metadata; not native message publication or verified edit time
5adbcbd6d6ed301a42a5e884,bluesky,content,https://public.api.bsky.app/xrpc/app.bsky.feed.getAuthorFeed?actor=did%3Aplc%3At5pur7eruxfgxy7ynpfrmg2w&limit=100&filter=posts_with_replies&includePins=false&cursor=2025-07-14T22%3A59%3A40.556Z,2026-10-10T08:08:55.140387+00:00,200,saved,work_packages/M1_source_access/27_newspaper_context_recovery_20261008/social_public_api/continuations/20261010_broader_history_four_hour/worker/raw/5adbcbd6d6ed301a42a5e884.bin.gz,bc94243ca446e84d5a88e0dfba650c7dded887f281534cfba96c3819dc5fb14e,f5a530e8532ed8162ef8ffb317a6f193efd8a78d595d951a209ee5426ff6dec9,587948,61370,,loaded_native_returns,100,0,application/json; charset=utf-8,587948,,server_representation_metadata; not native message publication or verified edit time
5b1637154a89e7483ac9ad88,python_discourse,content,https://discuss.python.org/t/624.json,2026-10-10T08:13:08.026421+00:00,200,saved,work_packages/M1_source_access/27_newspaper_context_recovery_20261008/social_public_api/continuations/20261010_broader_history_four_hour/worker/raw/5b1637154a89e7483ac9ad88.bin.gz,5e9897b5763a54bee6275753450abbe648225432ebbf3b416f1d12c1cb92a8b7,f790f4080abbb8091e5350a79e390196495f409b01db670718268a22bc810f96,20715,5084,,loaded_native_returns,3,0,application/json; charset=utf-8,20715,,server_representation_metadata; not native message publication or verified edit time
5b3818b5de440b22a54e4c21,e_democracy_archival,policy,https://web.archive.org/robots.txt,,404,http_stop,,,,,,,transport_stop_no_raw_payload,0,0,,,,server_representation_metadata; not native message publication or verified edit time
5b6f8608743f3fde5a4cec28,bluesky,content,https://public.api.bsky.app/xrpc/app.bsky.feed.getAuthorFeed?actor=did%3Aplc%3Aragtjsm2j2vknwkz3zp4oxrd&limit=100&filter=posts_with_replies&includePins=false&cursor=2023-10-20T20%3A06%3A50.202Z,2026-10-10T07:21:26.808617+00:00,200,saved,work_packages/M1_source_access/27_newspaper_context_recovery_20261008/social_public_api/continuations/20261010_broader_history_four_hour/worker/raw/5b6f8608743f3fde5a4cec28.bin.gz,419ebea9893bb83bfd36e98f2b7d55dddd1c3a7ef3f1dcb3431cf89fd20edb1c,247676ce186493b39862906aa4339db84c257d279f448bfd03a7827db2f6a2b8,457673,41922,,loaded_native_returns,112,0,application/json; charset=utf-8,457673,,server_representation_metadata; not native message publication or verified edit time
5bef5983b52cea3174102695,w3_wwwtalk,content,https://lists.w3.org/Archives/Public/www-talk/1992JulAug/0048.html,2026-10-10T09:37:08.991741+00:00,200,saved,work_packages/M1_source_access/27_newspaper_context_recovery_20261008/social_public_api/continuations/20261010_broader_history_four_hour/worker/raw/5bef5983b52cea3174102695.bin.gz,9b5fbb40c8e926a42b972e3c643a903608b4fbb8e87c93ae339bd5f6b1b8fda4,c87a03d6fcebba0ca572f4efc11c07311b030f5da89a1473a6d265b6a1cc9ba0,2454,788,,loaded_native_returns,1,0,text/html,,"Mon, 04 Aug 2003 15:50:20 GMT",server_representation_metadata; not native message publication or verified edit time
5c3fc8857498168533766e3f,hackernews,content,https://hacker-news.firebaseio.com/v0/item/156.json,2026-10-10T07:16:44.456107+00:00,200,saved,work_packages/M1_source_access/27_newspaper_context_recovery_20261008/social_public_api/continuations/20261010_broader_history_four_hour/worker/raw/5c3fc8857498168533766e3f.bin.gz,b9f281ed872e63c984f11484ca34afdfc30e437a0535387b9d982ba93520570d,8c54a0753a32587aca1424595315433004d7d57946a7f9743b50bbdbdaeb4c48,251,208,,loaded_native_returns,1,0,application/json; charset=utf-8,251,,server_representation_metadata; not native message publication or verified edit time
5c42e695c9ecfdd749fdd631,dowire_tc_umn,content,https://www.mail-archive.com/do-wire%40tc.umn.edu/msg00011.html,2026-10-10T06:55:51.640130+00:00,200,saved,work_packages/M1_source_access/27_newspaper_context_recovery_20261008/social_public_api/continuations/20261010_broader_history_four_hour/worker/raw/5c42e695c9ecfdd749fdd631.bin.gz,e3cc21860a25e54811445f15ffa558608a9a3a41b449f0679ebc63448fb04d5d,9f30b52d991df1833395f2958909c543ea9271d4b3cca6292b9d2291f30da7c1,9226,3709,,loaded_native_returns,1,0,text/html; charset=utf-8,,,server_representation_metadata; not native message publication or verified edit time
5c52f0e19b3333ae7deed519,mastodon_au,content,https://aus.social/api/v1/timelines/public?local=true&limit=40&max_id=116906911304308197,2026-10-10T09:26:36.332201+00:00,200,saved,work_packages/M1_source_access/27_newspaper_context_recovery_20261008/social_public_api/continuations/20261010_broader_history_four_hour/worker/raw/5c52f0e19b3333ae7deed519.bin.gz,6e4e79b293cdf86e26c47f0c486558711db49468d77981e577933abc290e07de,c831dc6ec27b53a188bae208e9221d2c3db0ae2cedddf12fce0b9738f3871944,154590,27704,,loaded_native_returns,40,0,application/json; charset=utf-8,154590,,server_representation_metadata; not native message publication or verified edit time
5c5f601c5b24f65b291cdb5b,bluesky,content,https://public.api.bsky.app/xrpc/app.bsky.feed.getAuthorFeed?actor=did%3Aplc%3Aragtjsm2j2vknwkz3zp4oxrd&limit=100&filter=posts_with_replies&includePins=false&cursor=2023-09-27T01%3A27%3A55.357Z,2026-10-10T07:46:05.187393+00:00,200,saved,work_packages/M1_source_access/27_newspaper_context_recovery_20261008/social_public_api/continuations/20261010_broader_history_four_hour/worker/raw/5c5f601c5b24f65b291cdb5b.bin.gz,1c1ec8459c5f2c300c53ad24c7b58a3d1f0d81c135591f0f5b4fb10f24e88a52,07c927fc5ae931d4764d018ea3a49a4d7f97e81c637ae7e533ee33eb809751ec,559398,46229,,loaded_native_returns,104,0,application/json; charset=utf-8,559398,,server_representation_metadata; not native message publication or verified edit time
5c87f03d96ad02ec614ef082,lemmy_nz,content,https://lemmy.nz/api/v3/comment/list?type_=Local&sort=Old&limit=50&page=2&post_id=171563,2026-10-10T06:18:56.348706+00:00,200,saved,work_packages/M1_source_access/27_newspaper_context_recovery_20261008/social_public_api/continuations/20261010_broader_history_four_hour/worker/raw/5c87f03d96ad02ec614ef082.bin.gz,9efdb10c81eaf55dc95e4320d1f02441576a405fb0551d5b8f1905bc0728f854,4fa14da49dc015f30581863a05d74d4091152f4549146526e99de651d5809edf,15,35,,loaded_native_returns,0,0,application/json,15,,server_representation_metadata; not native message publication or verified edit time
5cbc34c5cc83983382c0d821,thesession,content,https://thesession.org/discussions/19,2026-10-10T08:19:01.835471+00:00,200,saved,work_packages/M1_source_access/27_newspaper_context_recovery_20261008/social_public_api/continuations/20261010_broader_history_four_hour/worker/raw/5cbc34c5cc83983382c0d821.bin.gz,eb0fc01118f8c3cd5ed7a176ce0aa9c0368fe43cb13154c68fc3b93ec1f94e15,6f9ad158cf8183e94d3a3003893f37c4889bfba1d4af95fc6e0775c9179a12a8,60635,13774,,loaded_native_returns,6,0,text/html; charset=utf-8,,,server_representation_metadata; not native message publication or verified edit time
5d5d2195753bd670d058bd67,straight_dope,content,https://boards.straightdope.com/t/712149/posts.json?post_ids%5B%5D=18045888&post_ids%5B%5D=18045965&post_ids%5B%5D=18045989&post_ids%5B%5D=18046718&post_ids%5B%5D=18046945&post_ids%5B%5D=18046985&post_ids%5B%5D=18047311&post_ids%5B%5D=18047591&post_ids%5B%5D=18047634&post_ids%5B%5D=18047641&post_ids%5B%5D=18047891&post_ids%5B%5D=18048249&post_ids%5B%5D=18048545&post_ids%5B%5D=18048732&post_ids%5B%5D=18048856&post_ids%5B%5D=18049140&post_ids%5B%5D=18049177&post_ids%5B%5D=18049868&post_ids%5B%5D=18049922&post_ids%5B%5D=18050029,2026-10-10T08:44:14.243328+00:00,200,saved,work_packages/M1_source_access/27_newspaper_context_recovery_20261008/social_public_api/continuations/20261010_broader_history_four_hour/worker/raw/5d5d2195753bd670d058bd67.bin.gz,2dfc980262bab22d443f3dd0285dd876933e64401bed53bc4070ad9129181266,75eff25c64dc5e42d642d7181ff87ecbe8c5f07ff150c181159fbdaee93c96ff,30664,2656,,loaded_native_returns,21,0,application/json; charset=utf-8,30664,,server_representation_metadata; not native message publication or verified edit time
5da3f67c64e1dba9a55fb910,hackernews,content,https://hacker-news.firebaseio.com/v0/item/128.json,2026-10-10T06:17:56.576521+00:00,200,saved,work_packages/M1_source_access/27_newspaper_context_recovery_20261008/social_public_api/continuations/20261010_broader_history_four_hour/worker/raw/5da3f67c64e1dba9a55fb910.bin.gz,76e28ec8ba7ca053791a7be402de8aabe85cc324f1cff09f4ea227bd29536868,7e22c0a378811a76fba5b0b4480dbcabff6719b55261f68bfe6205048f132647,195,176,,loaded_native_returns,1,0,application/json; charset=utf-8,195,,server_representation_metadata; not native message publication or verified edit time
5dd7baef29fd1eb794250acb,thesession,source_metadata,https://thesession.org/discussions,2026-10-10T07:27:19.813193+00:00,200,saved,work_packages/M1_source_access/27_newspaper_context_recovery_20261008/social_public_api/continuations/20261010_broader_history_four_hour/worker/raw/5dd7baef29fd1eb794250acb.bin.gz,469290a7bdbe3110f5d161bbfc796b9f8843c9b54d50c6fa27af83751b5199ac,e52dc746679a333fad4f5f4c5d8ce5799037c421af3b4c7b2a997bd885805f47,69581,14201,,noncontent_access_policy_or_frame_metadata,0,0,text/html; charset=utf-8,,,server_representation_metadata; not native message publication or verified edit time
5e73c1a4b33ff53bed7bd25c,bluesky,content,https://public.api.bsky.app/xrpc/app.bsky.feed.getAuthorFeed?actor=did%3Aplc%3Aragtjsm2j2vknwkz3zp4oxrd&limit=100&filter=posts_with_replies&includePins=false&cursor=2023-10-18T03%3A34%3A10.138Z,2026-10-10T07:25:15.955755+00:00,200,saved,work_packages/M1_source_access/27_newspaper_context_recovery_20261008/social_public_api/continuations/20261010_broader_history_four_hour/worker/raw/5e73c1a4b33ff53bed7bd25c.bin.gz,02989aa2b7d1b4f13c21868d2bffcf42fb73b6e19a2307c799b864fbb0ff7fe2,088d35e7def898869403fc8a29b37080ac6e1832cda0c494728932a492e9131c,488949,48201,,loaded_native_returns,113,0,application/json; charset=utf-8,488949,,server_representation_metadata; not native message publication or verified edit time
5ebd6e21e630822690372db1,tildes,content,https://tildes.net/~tildes/1fwu/happy_6th_birthday_tildes,2026-10-10T08:22:24.490946+00:00,200,saved,work_packages/M1_source_access/27_newspaper_context_recovery_20261008/social_public_api/continuations/20261010_broader_history_four_hour/worker/raw/5ebd6e21e630822690372db1.bin.gz,5783285e9292a134b9dc068aa0dfe829867649815a5ad32be2ed02145bb8d0c7,29ccc3102f2409a4ca5682f221c2a435d6d06741e0e79c1c2df638908f359467,63635,8593,,loaded_native_returns,32,0,text/html; charset=UTF-8,63635,,server_representation_metadata; not native message publication or verified edit time
5ecd73f51e5101f7d3ce4754,w3_wwwtalk,content,https://lists.w3.org/Archives/Public/www-talk/1992JulAug/0034.html,2026-10-10T08:47:38.118194+00:00,200,saved,work_packages/M1_source_access/27_newspaper_context_recovery_20261008/social_public_api/continuations/20261010_broader_history_four_hour/worker/raw/5ecd73f51e5101f7d3ce4754.bin.gz,71744c56b523f2299e268be51cc2bb18099567393108e371d7be4cfa3fc45aae,c98adb63ec240fcbba44debd37bc31eeef8c36147667524c4448403629ec5908,2986,1270,,loaded_native_returns,1,0,text/html,,"Mon, 04 Aug 2003 15:50:19 GMT",server_representation_metadata; not native message publication or verified edit time
5f01fd96a1902b0675a9e6fa,mastodon_au,content,https://aus.social/api/v1/timelines/public?local=true&limit=40&max_id=116932770840639217,2026-10-10T07:36:32.181847+00:00,200,saved,work_packages/M1_source_access/27_newspaper_context_recovery_20261008/social_public_api/continuations/20261010_broader_history_four_hour/worker/raw/5f01fd96a1902b0675a9e6fa.bin.gz,c1c2ee1834335710bf6b2193e2efb252f2e602cd3bebac8367d8f4b8ec44e93c,e44a965e4d5fb413f291c74e77001dfa31116f3011ee13e87227b66eba5c2775,161936,26960,,loaded_native_returns,40,0,application/json; charset=utf-8,161936,,server_representation_metadata; not native message publication or verified edit time
5f137ff1efa5eb7ae26296d8,straight_dope,content,https://boards.straightdope.com/t/712149/posts.json?post_ids%5B%5D=18086687&post_ids%5B%5D=18086716&post_ids%5B%5D=18086868&post_ids%5B%5D=18086972&post_ids%5B%5D=18087007&post_ids%5B%5D=18087147&post_ids%5B%5D=18087214&post_ids%5B%5D=18087554&post_ids%5B%5D=18087562&post_ids%5B%5D=18088664&post_ids%5B%5D=18088707&post_ids%5B%5D=18088750&post_ids%5B%5D=18088790&post_ids%5B%5D=18088987&post_ids%5B%5D=18089166&post_ids%5B%5D=18089217&post_ids%5B%5D=18089829&post_ids%5B%5D=18089931&post_ids%5B%5D=18090216&post_ids%5B%5D=18090337,2026-10-10T09:35:55.095642+00:00,200,saved,work_packages/M1_source_access/27_newspaper_context_recovery_20261008/social_public_api/continuations/20261010_broader_history_four_hour/worker/raw/5f137ff1efa5eb7ae26296d8.bin.gz,5e5ca7ed0df774bf2fedc81b727c73fdebd20059a3a9feff748f74b6b169d1ad,285e2013029f46ba30035f92dc099a31d27a4aad26dde3380eb8db516551f0e5,31238,2763,,loaded_native_returns,21,0,application/json; charset=utf-8,31238,,server_representation_metadata; not native message publication or verified edit time
5f21dfdcdfda00e57e493294,hackernews,content,https://hacker-news.firebaseio.com/v0/item/194.json,2026-10-10T08:34:56.115591+00:00,200,saved,work_packages/M1_source_access/27_newspaper_context_recovery_20261008/social_public_api/continuations/20261010_broader_history_four_hour/worker/raw/5f21dfdcdfda00e57e493294.bin.gz,8f269fe6d197a2b0f5fd92b8f43bf16569f237c56a1379090e3c8813636a2b43,9aeeb4425202108e744b8cd96f712540bb6cc5fc362c2d0d5e21c97cd9bd39ec,182,170,,loaded_native_returns,1,0,application/json; charset=utf-8,182,,server_representation_metadata; not native message publication or verified edit time
5f3321f445eccd8cfc83078d,osm_discourse,content,https://community.openstreetmap.org/t/32345.json,2026-10-10T07:13:09.025791+00:00,200,saved,work_packages/M1_source_access/27_newspaper_context_recovery_20261008/social_public_api/continuations/20261010_broader_history_four_hour/worker/raw/5f3321f445eccd8cfc83078d.bin.gz,189e9e5813c2e244db9588ae3ab3aba1c312ef16478cdbabc4014c68b382fda6,595549f4ba8db7c8fa8f089d5a8d5d60eade344b7cb14f7de2ff89da9f3ab0f0,13905,3543,,loaded_native_returns,3,0,application/json; charset=utf-8,13905,,server_representation_metadata; not native message publication or verified edit time
5f45571900e4e4be630ae889,straight_dope,content,https://boards.straightdope.com/t/712149/posts.json?post_ids%5B%5D=18029137&post_ids%5B%5D=18029150&post_ids%5B%5D=18029183&post_ids%5B%5D=18029186&post_ids%5B%5D=18029199&post_ids%5B%5D=18029222&post_ids%5B%5D=18029224&post_ids%5B%5D=18029247&post_ids%5B%5D=18029307&post_ids%5B%5D=18029374&post_ids%5B%5D=18029378&post_ids%5B%5D=18029723&post_ids%5B%5D=18030500&post_ids%5B%5D=18030637&post_ids%5B%5D=18030724&post_ids%5B%5D=18030789&post_ids%5B%5D=18030823&post_ids%5B%5D=18030856&post_ids%5B%5D=18030898&post_ids%5B%5D=18030924,2026-10-10T08:36:44.970433+00:00,200,saved,work_packages/M1_source_access/27_newspaper_context_recovery_20261008/social_public_api/continuations/20261010_broader_history_four_hour/worker/raw/5f45571900e4e4be630ae889.bin.gz,842da0a4027b5143a7d17cec26bc53c8072f1f0e1c30f21eaa34aceb2d07d6ec,f1920602a5448e24f8867bf310afc27fc54666b6cebe0c29dca33376b2f04008,35854,3938,,loaded_native_returns,21,0,application/json; charset=utf-8,35854,,server_representation_metadata; not native message publication or verified edit time
5f79de0daf80df994161406f,python_list_archive,content,https://mail.python.org/pipermail/python-list/2009-March.txt,2026-10-10T08:05:29.769019+00:00,200,saved,work_packages/M1_source_access/27_newspaper_context_recovery_20261008/social_public_api/continuations/20261010_broader_history_four_hour/worker/raw/5f79de0daf80df994161406f.bin.gz,03abb76090cc2ecb4397f3f0463ac826fd6cb48d1368971d83876df8736f0ed3,380d07195ce2914602b73bef4280d8608c3471fc99641b9b7f656f1656a32869,14572062,4032022,,loaded_native_returns,8636,0,text/plain,14572062,"Mon, 28 Oct 2019 09:57:00 GMT",server_representation_metadata; not native message publication or verified edit time
5fb82b1ceff0d1fb1486457c,hackernews,content,https://hacker-news.firebaseio.com/v0/item/155.json,2026-10-10T07:14:55.671794+00:00,200,saved,work_packages/M1_source_access/27_newspaper_context_recovery_20261008/social_public_api/continuations/20261010_broader_history_four_hour/worker/raw/5fb82b1ceff0d1fb1486457c.bin.gz,9583b81d6a3b36911d2b9abb24236cc9e3aa8ec84577851f6250ebf8db363b7c,2c9ab4324c3ba8d8f6e37d0b12734a2558051f9830ccc1b1867286080e379069,129,132,,loaded_native_returns,1,0,application/json; charset=utf-8,129,,server_representation_metadata; not native message publication or verified edit time
60a29dfd3f6cfd1786617087,mastodon_au,content,https://aus.social/api/v1/timelines/public?local=true&limit=40&max_id=116935318732487717,2026-10-10T07:23:05.907095+00:00,200,saved,work_packages/M1_source_access/27_newspaper_context_recovery_20261008/social_public_api/continuations/20261010_broader_history_four_hour/worker/raw/60a29dfd3f6cfd1786617087.bin.gz,55116912b353bcb7afef761482b01f7802645e38b48876a29b7e87108e261301,c7b5dc8dc150294ed0c03bc43097710b8c101c93fbaba6d806653a8d63eee7e9,159854,28152,,loaded_native_returns,40,0,application/json; charset=utf-8,159854,,server_representation_metadata; not native message publication or verified edit time
61053deebe2b40f0c05121af,python_list_archive,content,https://mail.python.org/pipermail/python-list/2006-October.txt,2026-10-10T07:03:04.948343+00:00,200,saved,work_packages/M1_source_access/27_newspaper_context_recovery_20261008/social_public_api/continuations/20261010_broader_history_four_hour/worker/raw/61053deebe2b40f0c05121af.bin.gz,55ee36e34df7206ba4e6de2222a4c1bc5fc488aa3a647302f239ba84daaff8f9,eb67f70f1fe6b903c9eb5a42c306778d22b4302f743d4abff51aaa5b9268f435,8395459,3158965,,loaded_native_returns,5652,0,text/plain,8395459,"Mon, 28 Oct 2019 00:54:12 GMT",server_representation_metadata; not native message publication or verified edit time
6106ef50909c553df6708e9e,mastodon_us,content,https://sfba.social/api/v1/timelines/public?local=true&limit=40&max_id=116874130455427746,2026-10-10T09:34:14.702179+00:00,200,saved,work_packages/M1_source_access/27_newspaper_context_recovery_20261008/social_public_api/continuations/20261010_broader_history_four_hour/worker/raw/6106ef50909c553df6708e9e.bin.gz,a30a6b4559330dd923c327d9680220a4d0ab32711ff00d9ee81d1fce3d275fdf,f6d10ca09e254a6574761f98c0e0f763d3f11c8b5261cc252c1a36e6971ec551,132926,21045,,loaded_native_returns,40,0,application/json; charset=utf-8,132926,,server_representation_metadata; not native message publication or verified edit time
6110f62c312126c9f38b6df2,hackernews,content,https://hacker-news.firebaseio.com/v0/item/193.json,2026-10-10T08:33:07.564374+00:00,200,saved,work_packages/M1_source_access/27_newspaper_context_recovery_20261008/social_public_api/continuations/20261010_broader_history_four_hour/worker/raw/6110f62c312126c9f38b6df2.bin.gz,a7fe4b6287f7bb4d22223dd1b8686432f9a690cc2da40df66cff883e3c52cf42,d7a719eef6dca9ecfe1ef38e8bdcb5b7de856ed78fd10f0aa47dbffc6012a0b1,247,203,,loaded_native_returns,1,0,application/json; charset=utf-8,247,,server_representation_metadata; not native message publication or verified edit time
6119a161a5195d310e412232,dowire_tc_umn,content,https://www.mail-archive.com/do-wire%40tc.umn.edu/msg00003.html,2026-10-10T06:35:49.226747+00:00,200,saved,work_packages/M1_source_access/27_newspaper_context_recovery_20261008/social_public_api/continuations/20261010_broader_history_four_hour/worker/raw/6119a161a5195d310e412232.bin.gz,bd7d78709ce64ab32c206c168a2b82fb4a0f7e8ded0457565047f3f6a2e9e8cd,1372b18b867de877a8e424cde79bd0c6ccdae039d0ee828f945cfa7d2f79a430,10650,4493,,loaded_native_returns,1,0,text/html; charset=utf-8,,,server_representation_metadata; not native message publication or verified edit time
612c4f7a478ab3240cd96e8a,dowire_newswire,content,https://www.mail-archive.com/newswire%40groups.dowire.org/mail6.html,2026-10-10T06:31:45.415027+00:00,200,saved,work_packages/M1_source_access/27_newspaper_context_recovery_20261008/social_public_api/continuations/20261010_broader_history_four_hour/worker/raw/612c4f7a478ab3240cd96e8a.bin.gz,add6ceead77cf1b8acd1a6068d8b31a1dde02015ac01b6311717b5515c280c4f,8d9595ea5d9de1300d46c91bf13be23bf6d32ddca38ed438679f3a45eb994776,48872,10102,,loaded_native_returns,0,0,text/html; charset=UTF-8,,,server_representation_metadata; not native message publication or verified edit time
6144c3059bd533934ab3816e,bluesky,content,https://public.api.bsky.app/xrpc/app.bsky.feed.getAuthorFeed?actor=did%3Aplc%3At5pur7eruxfgxy7ynpfrmg2w&limit=100&filter=posts_with_replies&includePins=false&cursor=2025-07-14T23%3A24%3A10.489Z,2026-10-10T08:04:39.218725+00:00,200,saved,work_packages/M1_source_access/27_newspaper_context_recovery_20261008/social_public_api/continuations/20261010_broader_history_four_hour/worker/raw/6144c3059bd533934ab3816e.bin.gz,8230657bf03fb86399d3117fb303d86f3b997e7b65381671bf6b385c37200c33,03bd088bfc85aca114c4ce35142fe7f87e0da19602fadc0270d55483d850566d,603723,59951,,loaded_native_returns,100,0,application/json; charset=utf-8,603723,,server_representation_metadata; not native message publication or verified edit time
615ccf14ef996a7ef5f840f6,straight_dope,content,https://boards.straightdope.com/t/1025298/posts.json?post_ids%5B%5D=25841772&post_ids%5B%5D=25841781&post_ids%5B%5D=25841785&post_ids%5B%5D=25841800&post_ids%5B%5D=25841811&post_ids%5B%5D=25841824&post_ids%5B%5D=25841825&post_ids%5B%5D=25841835&post_ids%5B%5D=25841849&post_ids%5B%5D=25841862&post_ids%5B%5D=25841865&post_ids%5B%5D=25841867&post_ids%5B%5D=25841871&post_ids%5B%5D=25842226&post_ids%5B%5D=25842313&post_ids%5B%5D=25842328&post_ids%5B%5D=25842384&post_ids%5B%5D=25842451&post_ids%5B%5D=25842463&post_ids%5B%5D=25842495,2026-10-10T07:13:00.659451+00:00,200,saved,work_packages/M1_source_access/27_newspaper_context_recovery_20261008/social_public_api/continuations/20261010_broader_history_four_hour/worker/raw/615ccf14ef996a7ef5f840f6.bin.gz,5cdefea23b42145722be810167fb0f6875577b6a76bb31f62b281212526f892f,3bfbaeecf61143906da786308b8aa328f937db4c7f2648a3f85af03277bed93c,64080,12577,,loaded_native_returns,21,0,application/json; charset=utf-8,64080,,server_representation_metadata; not native message publication or verified edit time
6178cdc9cc6a48c2f8194ffe,python_discourse,content,https://discuss.python.org/t/535/posts.json?post_ids%5B%5D=2546&post_ids%5B%5D=2547&post_ids%5B%5D=2718&post_ids%5B%5D=2735&post_ids%5B%5D=2738&post_ids%5B%5D=2741&post_ids%5B%5D=2745&post_ids%5B%5D=2881&post_ids%5B%5D=2884&post_ids%5B%5D=2887&post_ids%5B%5D=2934&post_ids%5B%5D=2935&post_ids%5B%5D=2936&post_ids%5B%5D=2937&post_ids%5B%5D=7408&post_ids%5B%5D=7409&post_ids%5B%5D=17673,2026-10-10T07:21:38.089533+00:00,200,saved,work_packages/M1_source_access/27_newspaper_context_recovery_20261008/social_public_api/continuations/20261010_broader_history_four_hour/worker/raw/6178cdc9cc6a48c2f8194ffe.bin.gz,a0e93277c6df2076f59256af7a22185b2de5ed654a30b82ca99f15b9696750c9,ef371b142e83b9ca76d5faaea31f667b2bf625aa710326e5de0bbfefe1d76951,46159,7624,,loaded_native_returns,18,0,application/json; charset=utf-8,46159,,server_representation_metadata; not native message publication or verified edit time
61a6eaf85533fed8eda3018c,lemmy_nz,content,https://lemmy.nz/api/v3/comment/list?type_=Local&sort=Old&limit=50&page=2&post_id=205910,2026-10-10T08:43:16.912305+00:00,200,saved,work_packages/M1_source_access/27_newspaper_context_recovery_20261008/social_public_api/continuations/20261010_broader_history_four_hour/worker/raw/61a6eaf85533fed8eda3018c.bin.gz,9efdb10c81eaf55dc95e4320d1f02441576a405fb0551d5b8f1905bc0728f854,4fa14da49dc015f30581863a05d74d4091152f4549146526e99de651d5809edf,15,35,,loaded_native_returns,0,0,application/json,15,,server_representation_metadata; not native message publication or verified edit time
61c4e144bf4ea849b4b40a68,mastodon_us,content,https://sfba.social/api/v1/timelines/public?local=true&limit=40&max_id=116910909018583705,2026-10-10T07:14:20.935600+00:00,200,saved,work_packages/M1_source_access/27_newspaper_context_recovery_20261008/social_public_api/continuations/20261010_broader_history_four_hour/worker/raw/61c4e144bf4ea849b4b40a68.bin.gz,d671ace0cf112cfe547be3d0447a053012a386cc8bb2ba35e645ba6604e50b11,fbfd9d001652087fb92b74e7611ef46860506b9283c6b1e678594830f7bc6c35,156398,25385,,loaded_native_returns,40,0,application/json; charset=utf-8,156398,,server_representation_metadata; not native message publication or verified edit time
6213793aa8c83be951c38270,thesession,content,https://thesession.org/discussions/34,2026-10-10T08:47:32.589460+00:00,200,saved,work_packages/M1_source_access/27_newspaper_context_recovery_20261008/social_public_api/continuations/20261010_broader_history_four_hour/worker/raw/6213793aa8c83be951c38270.bin.gz,c6e3871b66c39831bd065970eec2c81d6d6c735ce61e0c1e9b861aade33e8000,061e44a5a644d63020a8cf59fe7c1fdfdc9bfc364fecbc0e854cc7ba2a094548,64324,14516,,loaded_native_returns,7,0,text/html; charset=utf-8,,,server_representation_metadata; not native message publication or verified edit time
6248f4c03f6e4fff09351eb8,python_list_archive,content,https://mail.python.org/pipermail/python-list/2005-January.txt,2026-10-10T06:16:05.436032+00:00,200,saved,work_packages/M1_source_access/27_newspaper_context_recovery_20261008/social_public_api/continuations/20261010_broader_history_four_hour/worker/raw/6248f4c03f6e4fff09351eb8.bin.gz,3ef502f2a51f70386981d6fc0887598b21992915940cf2dd133d9d89152651de,545cf6ae787adafabd0090eb1fd6aa061bccc0b5f4468d19d178140f8c7d3d88,8673091,3327737,,loaded_native_returns,5395,0,text/plain,8673091,"Sun, 27 Oct 2019 23:38:29 GMT",server_representation_metadata; not native message publication or verified edit time
62a23f048ccc3fcc9f244c2f,python_list_archive,content,https://mail.python.org/pipermail/python-list/2009-May.txt,2026-10-10T08:09:43.476270+00:00,200,saved,work_packages/M1_source_access/27_newspaper_context_recovery_20261008/social_public_api/continuations/20261010_broader_history_four_hour/worker/raw/62a23f048ccc3fcc9f244c2f.bin.gz,ae717801f765f05ff464868278513bf07dd222fccc43aa87974e8e2c55770f21,542e2c7345ae2bcdf7c949f82b18d457e7e087b74b2a25d4d35a56883872850d,11145617,3182316,,loaded_native_returns,6756,0,text/plain,11145617,"Mon, 28 Oct 2019 09:58:23 GMT",server_representation_metadata; not native message publication or verified edit time
630436ea3ec21592f8e4a822,dowire_newswire,content,https://www.mail-archive.com/newswire%40groups.dowire.org/msg00000.html,2026-10-10T06:43:51.617185+00:00,200,saved,work_packages/M1_source_access/27_newspaper_context_recovery_20261008/social_public_api/continuations/20261010_broader_history_four_hour/worker/raw/630436ea3ec21592f8e4a822.bin.gz,d4873b6bbd4fcff3c7f01cd6dbc59c56290fa1a94e273e1cf4ff514fbe2900e0,c78c7b368f4a2d0f7d76fcea67198daa038164986a9959759afeca6da11b68ba,10611,3949,,loaded_native_returns,1,0,text/html; charset=utf-8,,,server_representation_metadata; not native message publication or verified edit time
630f1ae9f9c32da5d28863e3,mastodon_us,content,https://sfba.social/api/v1/timelines/public?local=true&limit=40&max_id=116912625393759702,2026-10-10T07:12:37.876119+00:00,200,saved,work_packages/M1_source_access/27_newspaper_context_recovery_20261008/social_public_api/continuations/20261010_broader_history_four_hour/worker/raw/630f1ae9f9c32da5d28863e3.bin.gz,8bfe235b2597aaeab725c210bb6a1613b523d442fed609342e4da95b4c70d11d,210deb1b3a79f1bd2a9a07aecce482c0ecbe6cd4beb948765e4ac8f65babdb05,164060,24314,,loaded_native_returns,40,0,application/json; charset=utf-8,164060,,server_representation_metadata; not native message publication or verified edit time
631e2c50253fd4c7407d6653,w3_wwwtalk,content,https://lists.w3.org/Archives/Public/www-talk/1992MayJun/0059.html,2026-10-10T07:11:05.816370+00:00,200,saved,work_packages/M1_source_access/27_newspaper_context_recovery_20261008/social_public_api/continuations/20261010_broader_history_four_hour/worker/raw/631e2c50253fd4c7407d6653.bin.gz,5f9aa7fb51fa30a38f0ba9bb10e277b0e5ae412e0137e031200584a9d369ad5a,9a7837a17c1df5b2b68c92dd1cef24a645004fab63395275f5e179c72c73a749,10701,4105,,loaded_native_returns,1,0,text/html,,"Mon, 04 Aug 2003 15:50:20 GMT",server_representation_metadata; not native message publication or verified edit time
6321140ba7924e68b3642cc3,tildes,content,https://tildes.net/~tech/15xp/likely_the_last_mod_post_that_ill_make_in_r_videos_were_shutting_down,2026-10-10T07:20:41.591929+00:00,200,saved,work_packages/M1_source_access/27_newspaper_context_recovery_20261008/social_public_api/continuations/20261010_broader_history_four_hour/worker/raw/6321140ba7924e68b3642cc3.bin.gz,35110b8bfb01ad6bd82e9996430f42a5b2b709361389c67e23453cf6f7302eb2,0e821e412cb6fb1fb7e922f4181a4b8fd3e9f3c9f2c351031bfb64af93e81da2,323775,42722,,loaded_native_returns,149,0,text/html; charset=UTF-8,323775,,server_representation_metadata; not native message publication or verified edit time
633d251934e6e1c1dc82f413,mpls_issues_freedom2_archive,content,https://www.mail-archive.com/mpls-issues@freedom2.mtn.org/msg00001.html,2026-10-10T06:52:14.994811+00:00,200,saved,work_packages/M1_source_access/27_newspaper_context_recovery_20261008/social_public_api/continuations/20261010_broader_history_four_hour/worker/raw/633d251934e6e1c1dc82f413.bin.gz,33987d3e7cc147b06313861058ab8ad8d6780555a501ccd95aa94ff2396593f2,7f207fd82d04098bd81d1494620be8bbeae51b2e1af1780f09e07494373d9f46,14775,5544,,loaded_native_returns,1,0,text/html; charset=utf-8,,,server_representation_metadata; not native message publication or verified edit time
639747c4482a49956c9f6827,tildes,content,https://tildes.net/~tech/1w3v/the_doomsday_cult_inside_openai,2026-10-10T08:39:35.426603+00:00,200,saved,work_packages/M1_source_access/27_newspaper_context_recovery_20261008/social_public_api/continuations/20261010_broader_history_four_hour/worker/raw/639747c4482a49956c9f6827.bin.gz,dcfc1586a7e0a0975464accdf355c3c5821c636c78a1f18f30af3f872e0c3ddc,37711ed19d7cd72e572f6a6786d8d3d4a7bf7065ac399cd03500eba7e1aadf38,123890,24858,,loaded_native_returns,40,0,text/html; charset=UTF-8,123890,,server_representation_metadata; not native message publication or verified edit time
63a9a5963e7679bc2c8048e6,w3_wwwtalk,content,https://lists.w3.org/Archives/Public/www-talk/1992JulAug/0052.html,2026-10-10T09:42:38.479886+00:00,200,saved,work_packages/M1_source_access/27_newspaper_context_recovery_20261008/social_public_api/continuations/20261010_broader_history_four_hour/worker/raw/63a9a5963e7679bc2c8048e6.bin.gz,bd75388c8b94047db99400193b03427e0a2c89fa57360749dff52258962a6ca8,0f47c1aef565e1e40fbd3df9d4e684a31a0ac5436d4b4cd92198dda560e47326,2725,987,,loaded_native_returns,1,0,text/html,,"Mon, 04 Aug 2003 15:50:20 GMT",server_representation_metadata; not native message publication or verified edit time
63f3d7839fb457514d5c139b,mastodon_au,content,https://aus.social/api/v1/timelines/public?local=true&limit=40&max_id=116920693919051996,2026-10-10T08:20:45.040564+00:00,200,saved,work_packages/M1_source_access/27_newspaper_context_recovery_20261008/social_public_api/continuations/20261010_broader_history_four_hour/worker/raw/63f3d7839fb457514d5c139b.bin.gz,5d4a86fe5fe54c79bd92d69a2a0a7769fff761a1f3e21d86b9dabd1fddb016c2,e8fb895255e72b87eb603f3528a3228cce484d6fb9c790b6ae59ca1b806222bb,156008,26440,,loaded_native_returns,40,0,application/json; charset=utf-8,156008,,server_representation_metadata; not native message publication or verified edit time
640f85277f0e14af20e59795,tildes,content,https://tildes.net/~tech/178w/the_apollo_app_for_reddit_closes_this_evening_end_of_an_era,2026-10-10T07:12:11.260006+00:00,200,saved,work_packages/M1_source_access/27_newspaper_context_recovery_20261008/social_public_api/continuations/20261010_broader_history_four_hour/worker/raw/640f85277f0e14af20e59795.bin.gz,f1add0bbed36bd073008b07d38332dc49bb34f4c9c9ca2a822eb87ba6b313124,0aaf8e3966307859c39de013321c4532620055bea2f34e621028002711218559,263897,35580,,loaded_native_returns,126,0,text/html; charset=UTF-8,263897,,server_representation_metadata; not native message publication or verified edit time
64268482661b47fb219bb72f,mastodon_uk,content,https://mastodon.me.uk/api/v1/timelines/public?local=true&limit=40&max_id=116255166335068585,2026-10-10T06:16:55.797316+00:00,200,saved,work_packages/M1_source_access/27_newspaper_context_recovery_20261008/social_public_api/continuations/20261010_broader_history_four_hour/worker/raw/64268482661b47fb219bb72f.bin.gz,74bcd780eb9812e8e72f84dc267dad0e8bc15a6a344fc693b60715768db4903e,dd01bbd0bd8db45985b372eac51e8f7566e203c90e98c62fcaa6bec65dd82adf,132730,15660,,loaded_native_returns,40,0,application/json; charset=utf-8,132730,,server_representation_metadata; not native message publication or verified edit time
648a485556857adaa4346fee,dowire_civic_archive,source_metadata,https://www.mail-archive.com/do-wire%40tc.umn.edu/msg00454.html,2026-10-10T06:18:40.120485+00:00,200,saved,work_packages/M1_source_access/27_newspaper_context_recovery_20261008/social_public_api/continuations/20261010_broader_history_four_hour/worker/raw/648a485556857adaa4346fee.bin.gz,05006ec9ed55917875e24176dcb060d0b4dbcf898bbfc5bbfa0204404aff7c09,bc3d7424f3645f59922d35eb85927fa59a5bf525806763f9b64ca261be48c710,12824,4881,,noncontent_access_policy_or_frame_metadata,0,0,text/html; charset=utf-8,,,server_representation_metadata; not native message publication or verified edit time
64eb0c87d02720bca6f12476,mastodon_uk,content,https://mastodon.me.uk/api/v1/timelines/public?local=true&limit=40&max_id=116143895579801325,2026-10-10T08:28:28.732933+00:00,200,saved,work_packages/M1_source_access/27_newspaper_context_recovery_20261008/social_public_api/continuations/20261010_broader_history_four_hour/worker/raw/64eb0c87d02720bca6f12476.bin.gz,39ab8c935c6a96e9323530f12247deb90fc3b9121502bcdb60ca3b2948e0ed6a,46386148653060141027ad14d418dfb358c43033aa5eca5c708741e61bcd2c19,142886,22905,,loaded_native_returns,40,0,application/json; charset=utf-8,142886,,server_representation_metadata; not native message publication or verified edit time
64f90f5ccf3d944935b1fd47,e_democracy_archival,source_metadata,https://web.archive.org/web/20230719094729/http://forums.e-democracy.org/r/topic/Enfcpjfx38XPUNs48c9lq,2026-10-10T07:15:40.322153+00:00,200,saved,work_packages/M1_source_access/27_newspaper_context_recovery_20261008/social_public_api/continuations/20261010_broader_history_four_hour/worker/raw/64f90f5ccf3d944935b1fd47.bin.gz,5d0e340b8a9bef98e09f3cd54bf84ce25f56ef1534e59c2cb8a6d40fb5117e39,aa9140df3c0712ed8788a8dc3cd7eb5f6fdea1058497552f7f57980fd8d2a1d5,141550,27968,,noncontent_access_policy_or_frame_metadata,0,0,text/html,,,server_representation_metadata; not native message publication or verified edit time
652ecc3a60679b32a9cb6595,straight_dope,content,https://boards.straightdope.com/t/1025298/posts.json?post_ids%5B%5D=25834294&post_ids%5B%5D=25834303&post_ids%5B%5D=25834305&post_ids%5B%5D=25834307&post_ids%5B%5D=25834321&post_ids%5B%5D=25834361&post_ids%5B%5D=25834424&post_ids%5B%5D=25834519&post_ids%5B%5D=25834526&post_ids%5B%5D=25834556&post_ids%5B%5D=25834583&post_ids%5B%5D=25834607&post_ids%5B%5D=25834618&post_ids%5B%5D=25834622&post_ids%5B%5D=25834624&post_ids%5B%5D=25834747&post_ids%5B%5D=25834787&post_ids%5B%5D=25834829&post_ids%5B%5D=25834878&post_ids%5B%5D=25835088,2026-10-10T06:52:31.618556+00:00,200,saved,work_packages/M1_source_access/27_newspaper_context_recovery_20261008/social_public_api/continuations/20261010_broader_history_four_hour/worker/raw/652ecc3a60679b32a9cb6595.bin.gz,8621f375db4482e5cd3a440c7abb8d6930f52b19754a98085bee5706d74964f3,baa9abf3e675181be1f32b3d4a9551457eb308ca48e3d1274af7d16ec393f28d,58855,11633,,loaded_native_returns,21,0,application/json; charset=utf-8,58855,,server_representation_metadata; not native message publication or verified edit time
65335c8f01290c0b6904b12f,dowire_newswire,content,https://www.mail-archive.com/newswire%40groups.dowire.org/msg00006.html,,502,http_stop,,,,,,,transport_stop_no_raw_payload,0,0,,,,server_representation_metadata; not native message publication or verified edit time
6567b82ead6361d2efa27781,osm_discourse,content,https://community.openstreetmap.org/t/32341.json,2026-10-10T07:09:47.695560+00:00,200,saved,work_packages/M1_source_access/27_newspaper_context_recovery_20261008/social_public_api/continuations/20261010_broader_history_four_hour/worker/raw/6567b82ead6361d2efa27781.bin.gz,d0abce4822b29134b83c3d2f873ae6c5c4d4d22241c1136c7ed4ad2fe7f31fc6,c4ee84e727d02c9316274dcfd91dcfa65b157e42d1801d938e6aa93ce17431f6,18050,3925,,loaded_native_returns,4,0,application/json; charset=utf-8,18050,,server_representation_metadata; not native message publication or verified edit time
658051e94e932efce72c9968,w3_wwwtalk,content,https://lists.w3.org/Archives/Public/www-talk/1992MayJun/0055.html,2026-10-10T07:04:18.329842+00:00,200,saved,work_packages/M1_source_access/27_newspaper_context_recovery_20261008/social_public_api/continuations/20261010_broader_history_four_hour/worker/raw/658051e94e932efce72c9968.bin.gz,c5b0f23eca4c73122b2a5bf1b8407a41d0b6b6b2becb0497e3feda9e2ea1d9a6,e8a8f1276e8f13e2373a3bb2451f4fc14908277ef530f85e1964fa5ff17119df,3039,1169,,loaded_native_returns,1,0,text/html,,"Mon, 04 Aug 2003 15:50:20 GMT",server_representation_metadata; not native message publication or verified edit time
65b04b751907789ea2f33d95,mastodon_au,content,https://aus.social/api/v1/timelines/public?local=true&limit=40&max_id=116957384792474564,2026-10-10T06:10:31.240094+00:00,200,saved,work_packages/M1_source_access/27_newspaper_context_recovery_20261008/social_public_api/continuations/20261010_broader_history_four_hour/worker/raw/65b04b751907789ea2f33d95.bin.gz,80f462e5558f87ab6fb1e9d0c95c712e79c3e0114206ad379ae3d0aa30e68a8d,530fb7dc1bbfb16fcf369cdeec1a316e4b4828de8da46d288876a67c0da6f947,145721,26769,,loaded_native_returns,40,0,application/json; charset=utf-8,145721,,server_representation_metadata; not native message publication or verified edit time
65b1ae3cab9721c66f871797,hackernews,content,https://hacker-news.firebaseio.com/v0/item/152.json,2026-10-10T07:09:52.938209+00:00,200,saved,work_packages/M1_source_access/27_newspaper_context_recovery_20261008/social_public_api/continuations/20261010_broader_history_four_hour/worker/raw/65b1ae3cab9721c66f871797.bin.gz,5bc351f43e05ddb65346904cfcdac9f843124a9c19c4438be6f228132f21f81f,9d0f39fa35dcd94909934b2783c5e5883cdfdef4a4afbe9086b22970148a42f5,132,130,,loaded_native_returns,1,0,application/json; charset=utf-8,132,,server_representation_metadata; not native message publication or verified edit time
6646984042c4afe8cfd390cf,osm_discourse,content,https://community.openstreetmap.org/t/32569.json,2026-10-10T09:41:33.123255+00:00,200,saved,work_packages/M1_source_access/27_newspaper_context_recovery_20261008/social_public_api/continuations/20261010_broader_history_four_hour/worker/raw/6646984042c4afe8cfd390cf.bin.gz,777b113c48d8aab720e73bb5c76b22c2a37bc761aec6ad4e6a1fcebeda40feb0,0454c2eda1cf7f2341574e531c87fa9e20bffec198dd20bfab8236f0da370850,38078,7504,,loaded_native_returns,11,0,application/json; charset=utf-8,38078,,server_representation_metadata; not native message publication or verified edit time
66778e955a7d9d78fc17db4e,straight_dope,content,https://boards.straightdope.com/t/1855/posts.json?post_ids%5B%5D=26095&post_ids%5B%5D=26096&post_ids%5B%5D=26097&post_ids%5B%5D=26098&post_ids%5B%5D=26099&post_ids%5B%5D=26100&post_ids%5B%5D=26101&post_ids%5B%5D=26102&post_ids%5B%5D=26103&post_ids%5B%5D=26104&post_ids%5B%5D=26105&post_ids%5B%5D=26106,2026-10-10T05:58:05.825923+00:00,200,saved,work_packages/M1_source_access/27_newspaper_context_recovery_20261008/social_public_api/continuations/20261010_broader_history_four_hour/worker/raw/66778e955a7d9d78fc17db4e.bin.gz,f84d7393d8a3561d37da2fb28e24a0eac537798571f878c026db9150261c5d13,5ebb05d6caf2c364b5efda1d73bdf38796c69e74bc4171a3e6a3f989de94c40e,32185,5296,,loaded_native_returns,13,0,application/json; charset=utf-8,32185,,server_representation_metadata; not native message publication or verified edit time
668426471a4ea3222aef0270,straight_dope,content,https://boards.straightdope.com/t/712149/posts.json?post_ids%5B%5D=18098566&post_ids%5B%5D=18098741&post_ids%5B%5D=18098783&post_ids%5B%5D=18098788&post_ids%5B%5D=18098838&post_ids%5B%5D=18098868&post_ids%5B%5D=18098887&post_ids%5B%5D=18098922&post_ids%5B%5D=18099029&post_ids%5B%5D=18099142&post_ids%5B%5D=18099163&post_ids%5B%5D=18099281&post_ids%5B%5D=18099476&post_ids%5B%5D=18099687&post_ids%5B%5D=18099827&post_ids%5B%5D=18099854&post_ids%5B%5D=18100017&post_ids%5B%5D=18100121&post_ids%5B%5D=18100424&post_ids%5B%5D=18100436,2026-10-10T09:41:28.490795+00:00,200,saved,work_packages/M1_source_access/27_newspaper_context_recovery_20261008/social_public_api/continuations/20261010_broader_history_four_hour/worker/raw/668426471a4ea3222aef0270.bin.gz,01512a7f568b553c1f85b5438cde213fd88980735d13cb55e807c95ca6d09f26,e8d0e0fa60c5e9f85235aa027d23f28704969f00f25d1d37b1e4304291474cf4,29979,2532,,loaded_native_returns,21,0,application/json; charset=utf-8,29979,,server_representation_metadata; not native message publication or verified edit time
66ac4a9738c462ece138c2b3,lemmy_nz,content,https://lemmy.nz/api/v3/comment/list?type_=Local&sort=Old&limit=50&page=2&post_id=185332,2026-10-10T07:22:52.746523+00:00,200,saved,work_packages/M1_source_access/27_newspaper_context_recovery_20261008/social_public_api/continuations/20261010_broader_history_four_hour/worker/raw/66ac4a9738c462ece138c2b3.bin.gz,9efdb10c81eaf55dc95e4320d1f02441576a405fb0551d5b8f1905bc0728f854,4fa14da49dc015f30581863a05d74d4091152f4549146526e99de651d5809edf,15,35,,loaded_native_returns,0,0,application/json,15,,server_representation_metadata; not native message publication or verified edit time
670446291ea349c30eafd6e7,python_discourse,content,https://discuss.python.org/t/737.json,2026-10-10T09:42:41.959207+00:00,200,saved,work_packages/M1_source_access/27_newspaper_context_recovery_20261008/social_public_api/continuations/20261010_broader_history_four_hour/worker/raw/670446291ea349c30eafd6e7.bin.gz,a7b5a097bb07efca3fba8bd23b7a8ae41470920b51a4c260ee19ae4641424651,9d039d41357adcd5589b93c00fab990b7c1887865d4355af14805e99bfda6297,12296,3724,,loaded_native_returns,2,0,application/json; charset=utf-8,12296,,server_representation_metadata; not native message publication or verified edit time
671dd391744b51f57e111c5a,mastodon_uk,content,https://mastodon.me.uk/api/v1/timelines/public?local=true&limit=40&max_id=116131922376580132,2026-10-10T08:41:32.832308+00:00,200,saved,work_packages/M1_source_access/27_newspaper_context_recovery_20261008/social_public_api/continuations/20261010_broader_history_four_hour/worker/raw/671dd391744b51f57e111c5a.bin.gz,d2b214b756e7efbbb7495ffc007e64dc00fc43b82063632951b3907e719cfe78,35b28c9449241c0a6d654700f34f09c76227f9083289248d4064a6b58e59aa3c,151973,21648,,loaded_native_returns,40,0,application/json; charset=utf-8,151973,,server_representation_metadata; not native message publication or verified edit time
67ba0a0f0edef1c117ffc214,python_list_archive,content,https://mail.python.org/pipermail/python-list/2007-July.txt,2026-10-10T07:20:16.539168+00:00,200,saved,work_packages/M1_source_access/27_newspaper_context_recovery_20261008/social_public_api/continuations/20261010_broader_history_four_hour/worker/raw/67ba0a0f0edef1c117ffc214.bin.gz,4181a1a5d8b99704e0edf51e73bb9b18b88a687215318d7f234a7c673c1d781a,3763ef3c0d085b9af2141b85d3733b4a7f427b98d6e5715e931044fcf5922a62,6149078,2315136,,loaded_native_returns,3901,0,text/plain,6149078,"Mon, 28 Oct 2019 01:47:25 GMT",server_representation_metadata; not native message publication or verified edit time
67ba6e5b57536a5afbfec91a,python_discourse,content,https://discuss.python.org/t/447.json,2026-10-10T06:34:32.768932+00:00,200,saved,work_packages/M1_source_access/27_newspaper_context_recovery_20261008/social_public_api/continuations/20261010_broader_history_four_hour/worker/raw/67ba6e5b57536a5afbfec91a.bin.gz,a77a5317ae37324168bca277765d2b78ca252c66bfeaaffaf4cf7e9f5d63b631,47f076367e9a1fdd7d732243e003f35fd99d4812d399f50a859a33b05f285174,26470,7080,,loaded_native_returns,4,0,application/json; charset=utf-8,26470,,server_representation_metadata; not native message publication or verified edit time
685d01c4589f1143d1fcb2dd,osm_discourse,content,https://community.openstreetmap.org/t/32348/posts.json?post_ids%5B%5D=76538&post_ids%5B%5D=76605,2026-10-10T07:16:39.310432+00:00,200,saved,work_packages/M1_source_access/27_newspaper_context_recovery_20261008/social_public_api/continuations/20261010_broader_history_four_hour/worker/raw/685d01c4589f1143d1fcb2dd.bin.gz,0fb9d5ca15036921dba874001b9fb6ff89b700c40eb8a76024cd10b83d54a137,9cc2eb387a7d0aa33ed55cf664a6b406ef6c59d2fe2d4b70cdf7a0ba9de2daa1,3570,1297,,loaded_native_returns,3,0,application/json; charset=utf-8,3570,,server_representation_metadata; not native message publication or verified edit time
68661aac088c8627db55ed21,straight_dope,content,https://boards.straightdope.com/t/142/posts.json?post_ids%5B%5D=1227&post_ids%5B%5D=1228&post_ids%5B%5D=1229&post_ids%5B%5D=1230&post_ids%5B%5D=1231&post_ids%5B%5D=1232&post_ids%5B%5D=1233&post_ids%5B%5D=1234&post_ids%5B%5D=1235&post_ids%5B%5D=1236&post_ids%5B%5D=1237&post_ids%5B%5D=1238&post_ids%5B%5D=1239&post_ids%5B%5D=1240&post_ids%5B%5D=1241&post_ids%5B%5D=1281990,2026-10-10T06:19:46.866612+00:00,200,saved,work_packages/M1_source_access/27_newspaper_context_recovery_20261008/social_public_api/continuations/20261010_broader_history_four_hour/worker/raw/68661aac088c8627db55ed21.bin.gz,1d994537993581ec8a0a12bd824108a65fc9e91137cce1ddb7b464587b35e7ab,f3c14526146b8e39d563460bb31d701cc7fdb71ba47d9616f97d1c304b9187d8,80780,21606,,loaded_native_returns,17,0,application/json; charset=utf-8,80780,,server_representation_metadata; not native message publication or verified edit time
6887240b66d1e76b598087c8,python_discourse,content,https://discuss.python.org/t/662/posts.json?post_ids%5B%5D=3242&post_ids%5B%5D=3244&post_ids%5B%5D=3246&post_ids%5B%5D=3247&post_ids%5B%5D=3249&post_ids%5B%5D=3259&post_ids%5B%5D=3268&post_ids%5B%5D=3270&post_ids%5B%5D=3271&post_ids%5B%5D=3279&post_ids%5B%5D=3281&post_ids%5B%5D=3282&post_ids%5B%5D=3284&post_ids%5B%5D=3285&post_ids%5B%5D=3286&post_ids%5B%5D=3288&post_ids%5B%5D=3290&post_ids%5B%5D=3293&post_ids%5B%5D=3295&post_ids%5B%5D=3298,2026-10-10T08:44:08.237064+00:00,200,saved,work_packages/M1_source_access/27_newspaper_context_recovery_20261008/social_public_api/continuations/20261010_broader_history_four_hour/worker/raw/6887240b66d1e76b598087c8.bin.gz,8a30625ec546850b5b04892ef0c4629ac80d7e4e1775ab3ecaf137721ac5fce4,05685c8a6c140d51a1b7f6bc0d301c6e4c043cb97b5d525590dc3ee1e75cb040,81242,14769,,loaded_native_returns,21,0,application/json; charset=utf-8,81242,,server_representation_metadata; not native message publication or verified edit time
69382d4338c8f2ccfdd8b47d,python_discourse,content,https://discuss.python.org/t/662/posts.json?post_ids%5B%5D=3697&post_ids%5B%5D=4115&post_ids%5B%5D=4116&post_ids%5B%5D=4120&post_ids%5B%5D=4413&post_ids%5B%5D=4416&post_ids%5B%5D=4474&post_ids%5B%5D=4475&post_ids%5B%5D=4478&post_ids%5B%5D=4479&post_ids%5B%5D=4480&post_ids%5B%5D=4481&post_ids%5B%5D=4545&post_ids%5B%5D=4550&post_ids%5B%5D=4723&post_ids%5B%5D=5162&post_ids%5B%5D=5164&post_ids%5B%5D=8407&post_ids%5B%5D=8408&post_ids%5B%5D=8409,2026-10-10T08:47:44.157365+00:00,200,saved,work_packages/M1_source_access/27_newspaper_context_recovery_20261008/social_public_api/continuations/20261010_broader_history_four_hour/worker/raw/69382d4338c8f2ccfdd8b47d.bin.gz,e6893e27200e609db0e6e5034684542abac4343bf9e995b226e5f7c26b4c1a47,36b9bdaac348870304d273ffb1f5549a35b68dea1c9cc8b6b96218b5a7ddde06,54812,9746,,loaded_native_returns,21,0,application/json; charset=utf-8,54812,,server_representation_metadata; not native message publication or verified edit time
69570f3d7e386618af94ffd6,mastodon_uk,content,https://mastodon.me.uk/api/v1/timelines/public?local=true&limit=40&max_id=116170477316115445,2026-10-10T07:57:31.444487+00:00,200,saved,work_packages/M1_source_access/27_newspaper_context_recovery_20261008/social_public_api/continuations/20261010_broader_history_four_hour/worker/raw/69570f3d7e386618af94ffd6.bin.gz,09cc09656a94b11389a915b22407ef8a0bc6a8e6804b7d4b626ef9f88c3935d2,d60755ea9f9cb301ade7f93ec420297a7e0451c6d01016cfeee84c8c69e7a372,130683,19247,,loaded_native_returns,40,0,application/json; charset=utf-8,130683,,server_representation_metadata; not native message publication or verified edit time
69866626b98af8754cfb5adb,w3_wwwtalk,content,https://lists.w3.org/Archives/Public/www-talk/1992JulAug/0019.html,2026-10-10T08:19:07.979785+00:00,200,saved,work_packages/M1_source_access/27_newspaper_context_recovery_20261008/social_public_api/continuations/20261010_broader_history_four_hour/worker/raw/69866626b98af8754cfb5adb.bin.gz,e67aa85eb7bce5b5b80ead5d893bd61ab9a9f69c5cedfa02b761b21c757055d7,6e9783def9872d9de53bebe8c8bc0b08950aaa7cd0dbb451cbea7117046181e2,2690,1079,,loaded_native_returns,1,0,text/html,,"Mon, 04 Aug 2003 15:50:19 GMT",server_representation_metadata; not native message publication or verified edit time
69974f13f3d1e3b4ec0cafc9,bluesky,content,https://public.api.bsky.app/xrpc/app.bsky.feed.getAuthorFeed?actor=did%3Aplc%3Aragtjsm2j2vknwkz3zp4oxrd&limit=100&filter=posts_with_replies&includePins=false&cursor=2023-11-03T02%3A43%3A59.303Z,2026-10-10T07:09:23.904302+00:00,200,saved,work_packages/M1_source_access/27_newspaper_context_recovery_20261008/social_public_api/continuations/20261010_broader_history_four_hour/worker/raw/69974f13f3d1e3b4ec0cafc9.bin.gz,0171915ba350c1a5f00ca201720126195e9cf4f0bb0c6f3dc2d844a924e679dd,edfc62e773fe25abc336a447647d2224f0bbf3c4c680e700114696d22f8d41a8,466016,43963,,loaded_native_returns,103,0,application/json; charset=utf-8,466016,,server_representation_metadata; not native message publication or verified edit time
69d7cc858e234f951cc4177b,osm_discourse,content,https://community.openstreetmap.org/t/32456/posts.json?post_ids%5B%5D=78878&post_ids%5B%5D=81117&post_ids%5B%5D=81173&post_ids%5B%5D=81321&post_ids%5B%5D=81340&post_ids%5B%5D=82003&post_ids%5B%5D=82017&post_ids%5B%5D=82048&post_ids%5B%5D=82165&post_ids%5B%5D=82206,2026-10-10T08:23:28.548696+00:00,200,saved,work_packages/M1_source_access/27_newspaper_context_recovery_20261008/social_public_api/continuations/20261010_broader_history_four_hour/worker/raw/69d7cc858e234f951cc4177b.bin.gz,9e130630a1ae152335f8028294d1975e478ced0ff271ad7496356cd257c33dba,a5093df05ad62c07ce7d002b4203bcd63922e11e35cfe838dcdf47f7f290bf91,25561,5156,,loaded_native_returns,11,0,application/json; charset=utf-8,25561,,server_representation_metadata; not native message publication or verified edit time
69ea300408340b5e5beb5c4d,straight_dope,content,https://boards.straightdope.com/t/712149/posts.json?post_ids%5B%5D=18074652&post_ids%5B%5D=18074975&post_ids%5B%5D=18075023&post_ids%5B%5D=18075080&post_ids%5B%5D=18075190&post_ids%5B%5D=18075191&post_ids%5B%5D=18075223&post_ids%5B%5D=18075252&post_ids%5B%5D=18075261&post_ids%5B%5D=18075269&post_ids%5B%5D=18075399&post_ids%5B%5D=18075441&post_ids%5B%5D=18076330&post_ids%5B%5D=18076963&post_ids%5B%5D=18076978&post_ids%5B%5D=18077110&post_ids%5B%5D=18077221&post_ids%5B%5D=18077265&post_ids%5B%5D=18077429&post_ids%5B%5D=18077461,2026-10-10T09:29:49.257173+00:00,200,saved,work_packages/M1_source_access/27_newspaper_context_recovery_20261008/social_public_api/continuations/20261010_broader_history_four_hour/worker/raw/69ea300408340b5e5beb5c4d.bin.gz,398b0cc3fb40420515772c393adf535d3b87c66dd42a1358957c8043768810b1,f962e62fbcc7a0e0ba4627cb18ae0bf0aad358b4f868e92c09a3637d66f38961,30959,2813,,loaded_native_returns,21,0,application/json; charset=utf-8,30959,,server_representation_metadata; not native message publication or verified edit time
6a6a98d74782fa3367416d9e,straight_dope,content,https://boards.straightdope.com/t/712149/posts.json?post_ids%5B%5D=18067397&post_ids%5B%5D=18067407&post_ids%5B%5D=18067456&post_ids%5B%5D=18067502&post_ids%5B%5D=18067508&post_ids%5B%5D=18067523&post_ids%5B%5D=18067911&post_ids%5B%5D=18067958&post_ids%5B%5D=18068119&post_ids%5B%5D=18068151&post_ids%5B%5D=18068468&post_ids%5B%5D=18068533&post_ids%5B%5D=18068544&post_ids%5B%5D=18068622&post_ids%5B%5D=18068703&post_ids%5B%5D=18068717&post_ids%5B%5D=18068762&post_ids%5B%5D=18068839&post_ids%5B%5D=18068925&post_ids%5B%5D=18069171,2026-10-10T09:24:18.855688+00:00,200,saved,work_packages/M1_source_access/27_newspaper_context_recovery_20261008/social_public_api/continuations/20261010_broader_history_four_hour/worker/raw/6a6a98d74782fa3367416d9e.bin.gz,7cc6683908d40aadc98aa99e797c3f8f5ab656d2921afc8eb2e1b972cb5b0bdd,f1e8d008a969fa05cd590ded46f0ca0f366e2380f8a2eccc7c7499ee584cec13,30272,2474,,loaded_native_returns,21,0,application/json; charset=utf-8,30272,,server_representation_metadata; not native message publication or verified edit time
6a84157ce584ca962f276553,tildes,content,https://tildes.net/~life.style/1w43/whats_the_oldest_piece_of_clothing_you_own_and_still_wear,2026-10-10T08:08:23.400027+00:00,200,saved,work_packages/M1_source_access/27_newspaper_context_recovery_20261008/social_public_api/continuations/20261010_broader_history_four_hour/worker/raw/6a84157ce584ca962f276553.bin.gz,7440288c7e81acf986b6c63b05ec407831cde37deec67fc116d495531a72ceee,aa140c0a9cc8d84f32eb453272fc1678f25232d6fa51ff016ba389c9e89416b3,92462,14814,,loaded_native_returns,42,0,text/html; charset=UTF-8,92462,,server_representation_metadata; not native message publication or verified edit time
6abe12cb89fd381c477ff720,bluesky,content,https://public.api.bsky.app/xrpc/app.bsky.feed.getAuthorFeed?actor=did%3Aplc%3Aragtjsm2j2vknwkz3zp4oxrd&limit=100&filter=posts_with_replies&includePins=false&cursor=2023-12-05T20%3A35%3A15.504Z,2026-10-10T06:17:12.776483+00:00,200,saved,work_packages/M1_source_access/27_newspaper_context_recovery_20261008/social_public_api/continuations/20261010_broader_history_four_hour/worker/raw/6abe12cb89fd381c477ff720.bin.gz,592e5cb8acaf4e749daa1dbd5137fb08c3be459b658cc0f2d30f17fca4917d90,f1cd7ef80dff2f405b3158848d6ab5905ba5fe35ac5a193b829359f922c7edd7,536006,47481,,loaded_native_returns,109,0,application/json; charset=utf-8,536006,,server_representation_metadata; not native message publication or verified edit time
6acccbd6a8d8ca428d558dd0,mastodon_au,content,https://aus.social/api/v1/timelines/public?local=true&limit=40&max_id=116911080936799817,2026-10-10T08:47:12.281777+00:00,200,saved,work_packages/M1_source_access/27_newspaper_context_recovery_20261008/social_public_api/continuations/20261010_broader_history_four_hour/worker/raw/6acccbd6a8d8ca428d558dd0.bin.gz,ea210470192c211558179e1999a43650b97ca76fe5df69b41a19134fd2be908e,6ee830417a68a0bc9aa884681f4f9e0939f3f8813dca689659bc9b7ebd99aee2,148893,25103,,loaded_native_returns,40,0,application/json; charset=utf-8,148893,,server_representation_metadata; not native message publication or verified edit time
6b0bdaa195130fa61beb8a99,osm_discourse,content,https://community.openstreetmap.org/t/32239.json,2026-10-10T06:07:56.451065+00:00,200,saved,work_packages/M1_source_access/27_newspaper_context_recovery_20261008/social_public_api/continuations/20261010_broader_history_four_hour/worker/raw/6b0bdaa195130fa61beb8a99.bin.gz,1f4a3ca0077467489420e2ebe0a598781b770986545c92855769f4effac2fffe,8f0fdda9e0be93281e35a74a4546c74f67b92cbc62907d0c2a4dfc553fe6bea2,47437,8224,,loaded_native_returns,6,0,application/json; charset=utf-8,47437,,server_representation_metadata; not native message publication or verified edit time
6b0ebd9b1da81903fc5d2e3f,mastodon_us,content,https://sfba.social/api/v1/timelines/public?local=true&limit=40&max_id=116931537973444287,2026-10-10T06:09:00.834217+00:00,200,saved,work_packages/M1_source_access/27_newspaper_context_recovery_20261008/social_public_api/continuations/20261010_broader_history_four_hour/worker/raw/6b0ebd9b1da81903fc5d2e3f.bin.gz,e541b029277ea0d1e9fad4f4f8b745118b394ecdce89c9bbe15c4d532c52de76,c0f1db6b5729b5edb297643d649851c920fbd3ad0a4c9b10febf7f5324b27ed6,166032,26146,,loaded_native_returns,40,0,application/json; charset=utf-8,166032,,server_representation_metadata; not native message publication or verified edit time
6b491d9b01084e8f53065c82,hackernews,content,https://hacker-news.firebaseio.com/v0/item/126.json,2026-10-10T06:12:45.247617+00:00,200,saved,work_packages/M1_source_access/27_newspaper_context_recovery_20261008/social_public_api/continuations/20261010_broader_history_four_hour/worker/raw/6b491d9b01084e8f53065c82.bin.gz,078b426176cc182adcd73ef354e6061cae0c3fda189b9a635f702431cf54e3e7,3eaa83e11830450cda47a50871b7482380f53ca7ee9ef73edd9cbd0683dd425d,205,181,,loaded_native_returns,1,0,application/json; charset=utf-8,205,,server_representation_metadata; not native message publication or verified edit time
6c05d2b0eccf807603aa66a6,mastodon_uk,content,https://mastodon.me.uk/api/v1/timelines/public?local=true&limit=40&max_id=116119384748107085,2026-10-10T09:25:08.790395+00:00,200,saved,work_packages/M1_source_access/27_newspaper_context_recovery_20261008/social_public_api/continuations/20261010_broader_history_four_hour/worker/raw/6c05d2b0eccf807603aa66a6.bin.gz,bbb1741ea44544ec3f4a786b6cd085789fcf60948f2bc24e3507fa2bdac649f2,1f5c16325c266c2ab161e6b2ff47d3dd5b1bfad679e21e959e0d8396bf25da28,128214,16540,,loaded_native_returns,40,0,application/json; charset=utf-8,128214,,server_representation_metadata; not native message publication or verified edit time
6c06718d58146ed6af4831bc,python_list_archive,content,https://mail.python.org/pipermail/python-list/2005-April.txt,2026-10-10T06:23:34.134340+00:00,200,saved,work_packages/M1_source_access/27_newspaper_context_recovery_20261008/social_public_api/continuations/20261010_broader_history_four_hour/worker/raw/6c06718d58146ed6af4831bc.bin.gz,6c758e9726e9b104ec90682bf877c5ae83a32bb6efe11d3c9d76d0a954d53d5b,1d1bc91a0a108ac3fdcce632859bd569ce0565df33c226ec409da86361a2881c,7777382,2974135,,loaded_native_returns,5053,0,text/plain,7777382,"Sun, 27 Oct 2019 23:38:28 GMT",server_representation_metadata; not native message publication or verified edit time
6c0f09960a8516c03bbd6995,osm_discourse,content,https://community.openstreetmap.org/t/32434.json,2026-10-10T08:09:25.894055+00:00,200,saved,work_packages/M1_source_access/27_newspaper_context_recovery_20261008/social_public_api/continuations/20261010_broader_history_four_hour/worker/raw/6c0f09960a8516c03bbd6995.bin.gz,719bc1fed140094cf6bcb27aa4a3f6afe9b1b2572c7c0116811296ed6316c4cd,85b0a81fb19f33dd3524226540702d77e6192e0dc38811623e9b25583e959d71,57220,9355,,loaded_native_returns,21,0,application/json; charset=utf-8,57220,,server_representation_metadata; not native message publication or verified edit time
6c7cf28990853bc26170252f,tildes,content,https://tildes.net/~humanities/1w3l/richard_stallman_on_using_the_word_content_to_describe_works,2026-10-10T09:39:31.089698+00:00,200,saved,work_packages/M1_source_access/27_newspaper_context_recovery_20261008/social_public_api/continuations/20261010_broader_history_four_hour/worker/raw/6c7cf28990853bc26170252f.bin.gz,f685f9fc4fee7103bec5f4193aeff18badef8ce9e82914f82040b0bf0915ff6c,09255a8b2f44aed80d928068184366b89e6f1767e7dd26b361d52af953f49279,45523,9370,,loaded_native_returns,14,0,text/html; charset=UTF-8,45523,,server_representation_metadata; not native message publication or verified edit time
6c7f087781687f20d3ce3679,w3_wwwtalk,content,https://lists.w3.org/Archives/Public/www-talk/1992MayJun/0041.html,2026-10-10T06:32:36.701531+00:00,200,saved,work_packages/M1_source_access/27_newspaper_context_recovery_20261008/social_public_api/continuations/20261010_broader_history_four_hour/worker/raw/6c7f087781687f20d3ce3679.bin.gz,2a2b6e426571aef902265245d4f899849d853b189fec2a5cd8dba4bc09d30789,f123a9b38df4828e2dd5100676844df091d757c6b4a9ace77dba92aaad7b2e82,8527,3611,,loaded_native_returns,1,0,text/html,,"Mon, 04 Aug 2003 15:50:20 GMT",server_representation_metadata; not native message publication or verified edit time
6ca65583b43a7ca8b595f17b,boingboing_bbs,source_metadata,https://bbs.boingboing.net/about.json,,301,http_stop,,,,,,,transport_stop_no_raw_payload,0,0,,,,server_representation_metadata; not native message publication or verified edit time
6cb2aeffd114624f5c900df5,lemmy_nz,content,https://lemmy.nz/api/v3/comment/list?type_=Local&sort=Old&limit=50&page=2&post_id=170480,2026-10-10T05:58:45.921823+00:00,200,saved,work_packages/M1_source_access/27_newspaper_context_recovery_20261008/social_public_api/continuations/20261010_broader_history_four_hour/worker/raw/6cb2aeffd114624f5c900df5.bin.gz,9efdb10c81eaf55dc95e4320d1f02441576a405fb0551d5b8f1905bc0728f854,4fa14da49dc015f30581863a05d74d4091152f4549146526e99de651d5809edf,15,35,,loaded_native_returns,0,0,application/json,15,,server_representation_metadata; not native message publication or verified edit time
6ce16a41398a352a964b6d5c,osm_discourse,content,https://community.openstreetmap.org/t/32276.json,2026-10-10T06:34:46.521803+00:00,200,saved,work_packages/M1_source_access/27_newspaper_context_recovery_20261008/social_public_api/continuations/20261010_broader_history_four_hour/worker/raw/6ce16a41398a352a964b6d5c.bin.gz,b3dca8bbe797114c15b88dfb5baed0884409c996c2cfd3a2bbc9c0fa3d399022,84afa3e16dc9230197959306f8b852e47a735c3662a1f4b35bfc485885a6e3d2,33402,5581,,loaded_native_returns,11,0,application/json; charset=utf-8,33402,,server_representation_metadata; not native message publication or verified edit time
6cf48c22ff2e789181f73f2f,python_discourse,content,https://discuss.python.org/t/432.json,2026-10-10T06:10:55.770500+00:00,200,saved,work_packages/M1_source_access/27_newspaper_context_recovery_20261008/social_public_api/continuations/20261010_broader_history_four_hour/worker/raw/6cf48c22ff2e789181f73f2f.bin.gz,5841c42f8f165753c29048e7f1a20c54351708c514e034b33c22b362096818c4,77b0516e9d56511e0fb471669df1145d0720f70e2b1cc7fe16d3fef4c5d21990,68497,11038,,loaded_native_returns,21,0,application/json; charset=utf-8,68497,,server_representation_metadata; not native message publication or verified edit time
6cfb9d77ec045c304fb1ab20,hackernews,content,https://hacker-news.firebaseio.com/v0/item/161.json,2026-10-10T07:27:33.218593+00:00,200,saved,work_packages/M1_source_access/27_newspaper_context_recovery_20261008/social_public_api/continuations/20261010_broader_history_four_hour/worker/raw/6cfb9d77ec045c304fb1ab20.bin.gz,aeb6a3fc2f3ab3694fa62561da92e18fb0afea7a2d1f422d827af0350bf6262c,9d6a21628282fecf0898f31124cd0fbe6b9879a8d3b8c75f1b9027e541d59882,212,178,,loaded_native_returns,1,0,application/json; charset=utf-8,212,,server_representation_metadata; not native message publication or verified edit time
6d386b318a4d12ba82afee2e,osm_discourse,content,https://community.openstreetmap.org/t/32527.json,2026-10-10T09:27:05.022210+00:00,200,saved,work_packages/M1_source_access/27_newspaper_context_recovery_20261008/social_public_api/continuations/20261010_broader_history_four_hour/worker/raw/6d386b318a4d12ba82afee2e.bin.gz,11b6ff583c1b5ad6ca2592fe676548348d0e68f21dc63518c570cf3ed88233b0,c846396e59e03b6ebdd461e25a4d8c2add60adaec4aaa2ab6fec1c2b55b93db3,20522,4057,,loaded_native_returns,7,0,application/json; charset=utf-8,20522,,server_representation_metadata; not native message publication or verified edit time
6d8b571334706cffca88583b,python_discourse,content,https://discuss.python.org/t/584.json,2026-10-10T07:46:19.795096+00:00,200,saved,work_packages/M1_source_access/27_newspaper_context_recovery_20261008/social_public_api/continuations/20261010_broader_history_four_hour/worker/raw/6d8b571334706cffca88583b.bin.gz,b69e008ebf4835f9ba0f93cd175adf084e6e679ab442df1e7b760a187b9badf8,f65d28da161bce8e6b6b324680d7c814752c97528802fa70e2cf00d044509d2d,10065,2587,,loaded_native_returns,2,0,application/json; charset=utf-8,10065,,server_representation_metadata; not native message publication or verified edit time
6dc5805598976e0077b189f1,python_list_archive,content,https://mail.python.org/pipermail/python-list/2006-November.txt,2026-10-10T07:04:54.932574+00:00,200,saved,work_packages/M1_source_access/27_newspaper_context_recovery_20261008/social_public_api/continuations/20261010_broader_history_four_hour/worker/raw/6dc5805598976e0077b189f1.bin.gz,3ea7890b12ea84bb0d4fe6fcd1bc88175f2c3d84eb9d0c3c0af26d8a57f76ad7,e9da0f7e503a91d60dc24296c44e750c618e688267cc4ec0fd564d80cca31ef6,6470628,2427178,,loaded_native_returns,4280,0,text/plain,6470628,"Mon, 28 Oct 2019 00:54:16 GMT",server_representation_metadata; not native message publication or verified edit time
6dd7906d51355b5e5c93297a,python_list_archive,content,https://mail.python.org/pipermail/python-list/2009-January.txt,2026-10-10T08:01:02.269105+00:00,200,saved,work_packages/M1_source_access/27_newspaper_context_recovery_20261008/social_public_api/continuations/20261010_broader_history_four_hour/worker/raw/6dd7906d51355b5e5c93297a.bin.gz,38f2f03631fdd601709c06c308e268046f1c329a50aa7d07e38165113fc1922a,e195dc2548b65a03d15c322f07791800cf2288cadb4662961d99d0b1767e4779,17080359,4809395,,loaded_native_returns,9806,0,text/plain,17080359,"Mon, 28 Oct 2019 09:55:28 GMT",server_representation_metadata; not native message publication or verified edit time
6e11da25b505945288147ea0,mastodon_uk,content,https://mastodon.me.uk/api/v1/timelines/public?local=true&limit=40&max_id=116140750075543399,2026-10-10T08:32:09.870715+00:00,200,saved,work_packages/M1_source_access/27_newspaper_context_recovery_20261008/social_public_api/continuations/20261010_broader_history_four_hour/worker/raw/6e11da25b505945288147ea0.bin.gz,f672b0ae82daa53db6cbc01df191891aad1812f41c01d8a622ca9d90c5cd3db5,36856617d4efde101576073b2f2ebc53e044b961db9d8d3189e2f90f07d893da,149588,19646,,loaded_native_returns,40,0,application/json; charset=utf-8,149588,,server_representation_metadata; not native message publication or verified edit time
6e5209c8d80587fe36d0e742,osm_discourse,content,https://community.openstreetmap.org/t/32250.json,2026-10-10T06:11:06.808896+00:00,200,saved,work_packages/M1_source_access/27_newspaper_context_recovery_20261008/social_public_api/continuations/20261010_broader_history_four_hour/worker/raw/6e5209c8d80587fe36d0e742.bin.gz,2aea07f5891096f38ead13452c636a8ab827641d9d4380b1d307953bb7b6e81d,0872e4667e885689695bac146383d2985626a08177fbfcd7f471afcda45a5490,16941,4346,,loaded_native_returns,4,0,application/json; charset=utf-8,16941,,server_representation_metadata; not native message publication or verified edit time
6e6605160f38b40a231d72a0,lemmy_nz,content,https://lemmy.nz/api/v3/comment/list?type_=Local&sort=Old&limit=50&page=1&post_id=200127,2026-10-10T08:16:30.635941+00:00,200,saved,work_packages/M1_source_access/27_newspaper_context_recovery_20261008/social_public_api/continuations/20261010_broader_history_four_hour/worker/raw/6e6605160f38b40a231d72a0.bin.gz,216ac5409f1b1d345038eddb4fc10dad16ed3af45bedb90a7474092da13ce8e7,2860318f674fc9cb81bc0aaefcf5e18ea5ed8a821272fd797928341471bd193f,43472,4442,,loaded_native_returns,24,0,application/json,43472,,server_representation_metadata; not native message publication or verified edit time
6ec72623754a1f56f4d34e84,thesession,content,https://thesession.org/discussions/51,2026-10-10T09:41:16.901365+00:00,200,saved,work_packages/M1_source_access/27_newspaper_context_recovery_20261008/social_public_api/continuations/20261010_broader_history_four_hour/worker/raw/6ec72623754a1f56f4d34e84.bin.gz,42ee7bceecddbe52bdd339e184943766630fc680d47d4ea258a4d0aba5a70286,33282947c7addb19c7f691bb43d69cc0077e2c1751d853af60c6195af7a2082a,60966,14147,,loaded_native_returns,5,0,text/html; charset=utf-8,,,server_representation_metadata; not native message publication or verified edit time
6eee07a1ac45060ec54a2774,mpls_mnforum_archive,source_metadata,https://www.mail-archive.com/search?l=mpls%40mnforum.org&q=date%3A%5B19880101+TO+20260921%5D+&o=oldest&f=1,2026-10-10T06:40:31.039349+00:00,200,saved,work_packages/M1_source_access/27_newspaper_context_recovery_20261008/social_public_api/continuations/20261010_broader_history_four_hour/worker/raw/6eee07a1ac45060ec54a2774.bin.gz,1c1f2423e2442f0c5d62e0282ff547bb6e6a973d5493afcb38eb2aefeb0f8934,6cd2dbda9a83ffb94ad8bae31129d27030c98bc06f3ea38142c9f785dfd5f9a5,306241,72262,,noncontent_access_policy_or_frame_metadata,0,0,text/html,,,server_representation_metadata; not native message publication or verified edit time
6f00fa9cbdfa637987bc9578,straight_dope,content,https://boards.straightdope.com/t/1025298/posts.json?post_ids%5B%5D=25857246&post_ids%5B%5D=25857255&post_ids%5B%5D=25857705&post_ids%5B%5D=25857984&post_ids%5B%5D=25858007&post_ids%5B%5D=25858151&post_ids%5B%5D=25858153&post_ids%5B%5D=25858155&post_ids%5B%5D=25858159&post_ids%5B%5D=25858172&post_ids%5B%5D=25858174&post_ids%5B%5D=25858186&post_ids%5B%5D=25858192&post_ids%5B%5D=25858202&post_ids%5B%5D=25858252&post_ids%5B%5D=25858285&post_ids%5B%5D=25858332&post_ids%5B%5D=25858338&post_ids%5B%5D=25858350&post_ids%5B%5D=25858421,2026-10-10T07:42:40.457396+00:00,200,saved,work_packages/M1_source_access/27_newspaper_context_recovery_20261008/social_public_api/continuations/20261010_broader_history_four_hour/worker/raw/6f00fa9cbdfa637987bc9578.bin.gz,c5730935c1e1663cbb335a380b23a97b0fdf8bdec053b5674883c49ce4a0284a,91f1f79e6372d77e3be9ae0af710c4930ccb54ecebcb414fcb0ce5a437cfbf40,54484,8731,,loaded_native_returns,21,0,application/json; charset=utf-8,54484,,server_representation_metadata; not native message publication or verified edit time
6f0dadeb9c24613459fb9401,mastodon_au,content,https://aus.social/api/v1/timelines/public?local=true&limit=40&max_id=116900206881271730,2026-10-10T09:39:43.459327+00:00,200,saved,work_packages/M1_source_access/27_newspaper_context_recovery_20261008/social_public_api/continuations/20261010_broader_history_four_hour/worker/raw/6f0dadeb9c24613459fb9401.bin.gz,7273c42fa7a75862328db014145076f1a98afa613a79e68da8ab4ed5905e0871,4dd923a297fc14ac96575885e4491e7c229b5a2077ade3d337250d5a58a7c854,143767,24477,,loaded_native_returns,40,0,application/json; charset=utf-8,143767,,server_representation_metadata; not native message publication or verified edit time
6f4699dd795930e75d2c78ec,mastodon_au,content,https://aus.social/api/v1/timelines/public?local=true&limit=40&max_id=116938633505918109,2026-10-10T07:14:12.988890+00:00,200,saved,work_packages/M1_source_access/27_newspaper_context_recovery_20261008/social_public_api/continuations/20261010_broader_history_four_hour/worker/raw/6f4699dd795930e75d2c78ec.bin.gz,01063b1626cde5e74a678aee051d0ebcd9ddcf03ef765a80823ce92e28d6e540,04b959398a8f36e67708aa9556390d62c96dbf924c3399996445d15a6d9a269d,160839,29126,,loaded_native_returns,40,0,application/json; charset=utf-8,160839,,server_representation_metadata; not native message publication or verified edit time
6f522f401108ed62f7d2fce2,bluesky,content,https://public.api.bsky.app/xrpc/app.bsky.feed.getAuthorFeed?actor=did%3Aplc%3Aragtjsm2j2vknwkz3zp4oxrd&limit=100&filter=posts_with_replies&includePins=false&cursor=2023-07-30T23%3A20%3A44.835Z,2026-10-10T09:38:21.077994+00:00,200,saved,work_packages/M1_source_access/27_newspaper_context_recovery_20261008/social_public_api/continuations/20261010_broader_history_four_hour/worker/raw/6f522f401108ed62f7d2fce2.bin.gz,4136d5b4edf5cd24b95a08b36e9a9901411a933fd73db1f6fe4e537015d5120d,0ab7f2df44eef80ac4833f5d02eea4da867f3928ca863f3ec586361f9475a774,406063,37502,,loaded_native_returns,123,0,application/json; charset=utf-8,406063,,server_representation_metadata; not native message publication or verified edit time
6f59f239e33a147cdfc41a3e,w3_wwwtalk,content,https://lists.w3.org/Archives/Public/www-talk/1992MayJun/0033.html,2026-10-10T06:15:31.830332+00:00,200,saved,work_packages/M1_source_access/27_newspaper_context_recovery_20261008/social_public_api/continuations/20261010_broader_history_four_hour/worker/raw/6f59f239e33a147cdfc41a3e.bin.gz,71336be26b111844800ff466ebb777a09a8192f42e6bab9102eb61f456ab78b7,24161cc21d5c5b54442523923a0983f303ad43bb553eeb416d0b701205b2e71c,3314,1259,,loaded_native_returns,1,0,text/html,,"Mon, 04 Aug 2003 15:50:20 GMT",server_representation_metadata; not native message publication or verified edit time
6fc137d925e190ec94a66aa0,thesession,content,https://thesession.org/discussions/22,2026-10-10T08:24:56.134918+00:00,200,saved,work_packages/M1_source_access/27_newspaper_context_recovery_20261008/social_public_api/continuations/20261010_broader_history_four_hour/worker/raw/6fc137d925e190ec94a66aa0.bin.gz,91e6e0d1142f5efccc8ec4d30d684dc3cb85babf19d07002b2bc86434b464fa2,f9db0f4daef297199c5ae25cc82e0eb2e9486d8b75f53a90b8c6c8d3a0e9b9ac,70138,15459,,loaded_native_returns,12,0,text/html; charset=utf-8,,,server_representation_metadata; not native message publication or verified edit time
6fe6154a2881f447cad56e2d,straight_dope,content,https://boards.straightdope.com/t/1025298/posts.json?post_ids%5B%5D=25828846&post_ids%5B%5D=25828848&post_ids%5B%5D=25828870&post_ids%5B%5D=25828876&post_ids%5B%5D=25828922&post_ids%5B%5D=25828997&post_ids%5B%5D=25829023&post_ids%5B%5D=25829058&post_ids%5B%5D=25829066&post_ids%5B%5D=25829072&post_ids%5B%5D=25829090&post_ids%5B%5D=25829097&post_ids%5B%5D=25829102&post_ids%5B%5D=25829108&post_ids%5B%5D=25829116&post_ids%5B%5D=25829124&post_ids%5B%5D=25829175&post_ids%5B%5D=25829206&post_ids%5B%5D=25829440&post_ids%5B%5D=25829449,2026-10-10T06:34:38.372274+00:00,200,saved,work_packages/M1_source_access/27_newspaper_context_recovery_20261008/social_public_api/continuations/20261010_broader_history_four_hour/worker/raw/6fe6154a2881f447cad56e2d.bin.gz,a8a9f2b5652bd95d221161a77e7374cc2738dfca5a5c83f8c457d549ca4c7f8c,8ceae5cf1e4a292a945312e6aeb4d150176aecd8d24bd07bd64cc7211373624e,51777,9039,,loaded_native_returns,21,0,application/json; charset=utf-8,51777,,server_representation_metadata; not native message publication or verified edit time
70745dc1bfffe8c5ab74fdbc,osm_discourse,content,https://community.openstreetmap.org/t/32413.json,2026-10-10T07:56:56.773471+00:00,200,saved,work_packages/M1_source_access/27_newspaper_context_recovery_20261008/social_public_api/continuations/20261010_broader_history_four_hour/worker/raw/70745dc1bfffe8c5ab74fdbc.bin.gz,1043271a67d434ccfe6dc43a0178195bef8b689ffac9d2ceaaa9f181a8fca76a,1c44398364b9858b6712b2511b961a121c5dbb4dfb1569ecdb3a6ec8deaa3297,16227,4116,,loaded_native_returns,3,0,application/json; charset=utf-8,16227,,server_representation_metadata; not native message publication or verified edit time
708093083b7ad1e202ca364d,thesession,content,https://thesession.org/discussions/26,2026-10-10T08:32:37.178481+00:00,200,saved,work_packages/M1_source_access/27_newspaper_context_recovery_20261008/social_public_api/continuations/20261010_broader_history_four_hour/worker/raw/708093083b7ad1e202ca364d.bin.gz,47ab224220799f0317839478f9033b39f940ebff8ceb0c791f1afbfc89553779,e6c2b7ea56fc014ff02f7fcdbd19483c89265bbd7d6e76f212a3290fa62eca8c,57119,13207,,loaded_native_returns,3,0,text/html; charset=utf-8,,,server_representation_metadata; not native message publication or verified edit time
70f22cdb759d4370f86b6b25,mastodon_uk,content,https://mastodon.me.uk/api/v1/timelines/public?local=true&limit=40&max_id=116153790872253377,2026-10-10T08:16:38.126888+00:00,200,saved,work_packages/M1_source_access/27_newspaper_context_recovery_20261008/social_public_api/continuations/20261010_broader_history_four_hour/worker/raw/70f22cdb759d4370f86b6b25.bin.gz,67b736e086304a5ad16fed854fc8b5dc02aacda15085c62ae9aea7b539977c0f,16cf6a7ec284d75d751cc1f041be22e1c982887818ef9f6e510011a3e0cce142,135012,21095,,loaded_native_returns,40,0,application/json; charset=utf-8,135012,,server_representation_metadata; not native message publication or verified edit time
7146f643baa2e3d97f552ddd,python_list_archive,content,https://mail.python.org/pipermail/python-list/2005-October.txt,2026-10-10T06:35:03.524597+00:00,200,saved,work_packages/M1_source_access/27_newspaper_context_recovery_20261008/social_public_api/continuations/20261010_broader_history_four_hour/worker/raw/7146f643baa2e3d97f552ddd.bin.gz,fd42aa300f62910951e5b4dfe500d7321fdc38dc13876484b0c210ba8a131e05,48838732b44902293cc6c1c6b4379e72b16acc0647571b31378e203f4aa9abc2,8945989,3378970,,loaded_native_returns,5566,0,text/plain,8945989,"Sun, 27 Oct 2019 23:38:30 GMT",server_representation_metadata; not native message publication or verified edit time
7151e6771ff06344a41f2a21,thesession,content,https://thesession.org/discussions/5,2026-10-10T07:50:55.041434+00:00,200,saved,work_packages/M1_source_access/27_newspaper_context_recovery_20261008/social_public_api/continuations/20261010_broader_history_four_hour/worker/raw/7151e6771ff06344a41f2a21.bin.gz,066e5aa090a185552c4a01ba61801d775ae81fe367a37b3e2200ec7962d2e89b,9b974b27dbdfb43d5feaf53e26d561a10b97aa31f269d3f8bd92034f8557cbaf,64952,15024,,loaded_native_returns,7,0,text/html; charset=utf-8,,,server_representation_metadata; not native message publication or verified edit time
716c0c2fab765f38a0634c91,dowire_newswire,content,https://www.mail-archive.com/newswire%40groups.dowire.org/mail10.html,2026-10-10T06:39:50.806252+00:00,200,saved,work_packages/M1_source_access/27_newspaper_context_recovery_20261008/social_public_api/continuations/20261010_broader_history_four_hour/worker/raw/716c0c2fab765f38a0634c91.bin.gz,1d33d54d6754bf940d69ee8a0467016c0745526954976fa56285b4d91cb31ed6,8bcf82d938a7a17ea076515432ba81168fe2e76129f6ac1497359b79a53dfcc2,48278,9704,,loaded_native_returns,0,0,text/html; charset=UTF-8,,,server_representation_metadata; not native message publication or verified edit time
721e2e455685ffdf5c7c57c9,straight_dope,content,https://boards.straightdope.com/t/156.json,2026-10-10T05:59:19.874365+00:00,200,saved,work_packages/M1_source_access/27_newspaper_context_recovery_20261008/social_public_api/continuations/20261010_broader_history_four_hour/worker/raw/721e2e455685ffdf5c7c57c9.bin.gz,9f07bd62225df969f3bfc18a9f16822c129e5ff3938df1259da43ed524d6c028,8acf24e8c7c7292c2a6a432b5d31d7ca70cfe61834e5deb8ce822a329c54a385,34634,6714,,loaded_native_returns,13,0,application/json; charset=utf-8,34634,,server_representation_metadata; not native message publication or verified edit time
7269f0700d5fd097b750d871,straight_dope,content,https://boards.straightdope.com/t/1025298/posts.json?post_ids%5B%5D=25830077&post_ids%5B%5D=25830089&post_ids%5B%5D=25830156&post_ids%5B%5D=25830193&post_ids%5B%5D=25830194&post_ids%5B%5D=25830196&post_ids%5B%5D=25830289&post_ids%5B%5D=25830306&post_ids%5B%5D=25830350&post_ids%5B%5D=25830577&post_ids%5B%5D=25830647&post_ids%5B%5D=25830648&post_ids%5B%5D=25831142&post_ids%5B%5D=25831152&post_ids%5B%5D=25831200&post_ids%5B%5D=25831294&post_ids%5B%5D=25831322&post_ids%5B%5D=25831329&post_ids%5B%5D=25831338&post_ids%5B%5D=25831364,2026-10-10T06:40:53.253691+00:00,200,saved,work_packages/M1_source_access/27_newspaper_context_recovery_20261008/social_public_api/continuations/20261010_broader_history_four_hour/worker/raw/7269f0700d5fd097b750d871.bin.gz,8158a6bf012bb8b2aab919562340084aa31de9ed833f9449f81f0d1832ba4e43,4a33305ebb2d2535cbede3e27e7aba69df4c3f2ca87a6b3c207b228e25f10b84,63714,12462,,loaded_native_returns,21,0,application/json; charset=utf-8,63714,,server_representation_metadata; not native message publication or verified edit time
726f6bc8d3d0cbdfc2ec5b80,straight_dope,content,https://boards.straightdope.com/t/142.json,2026-10-10T06:11:01.111117+00:00,200,saved,work_packages/M1_source_access/27_newspaper_context_recovery_20261008/social_public_api/continuations/20261010_broader_history_four_hour/worker/raw/726f6bc8d3d0cbdfc2ec5b80.bin.gz,4d8919bf41b4a6a7381ab9b60bd740ce90798202bc0dbf3cbde86abca3beac7d,81986de70c7cdcc360ad992449d0ba8c28e6b0bcb19abfe3d837769c9db44169,71798,17914,,loaded_native_returns,21,0,application/json; charset=utf-8,71798,,server_representation_metadata; not native message publication or verified edit time
72846e674f12a60654c64e4d,dowire_newswire,content,https://www.mail-archive.com/newswire%40groups.dowire.org/mail3.html,2026-10-10T06:26:20.324246+00:00,200,saved,work_packages/M1_source_access/27_newspaper_context_recovery_20261008/social_public_api/continuations/20261010_broader_history_four_hour/worker/raw/72846e674f12a60654c64e4d.bin.gz,03033cf453c74680455b83c98393bcd4eea33d67580dba2caf6994a904d5fd7d,dd329100bbe23047093583107f645ef3710c9aa982db87b2f429bc450cf8299f,49752,10388,,loaded_native_returns,0,0,text/html; charset=UTF-8,,,server_representation_metadata; not native message publication or verified edit time
72aa63146f48b07dcded392e,python_list_archive,content,https://mail.python.org/pipermail/python-list/2010-December.txt,2026-10-10T08:46:33.182865+00:00,200,saved,work_packages/M1_source_access/27_newspaper_context_recovery_20261008/social_public_api/continuations/20261010_broader_history_four_hour/worker/raw/72aa63146f48b07dcded392e.bin.gz,cb03a13ac0c20dfdd11b496562c92497a48dd0320d8b786b9319adaf6626d232,77ca21ccd732a7aafa7b058b3b849ef8e78139cfe09dd7dd70d71162d8498680,5898527,1573166,,loaded_native_returns,3360,0,text/plain,5898527,"Mon, 28 Oct 2019 10:10:01 GMT",server_representation_metadata; not native message publication or verified edit time
72b22119b4044442864459cc,hackernews,content,https://hacker-news.firebaseio.com/v0/item/162.json,2026-10-10T07:29:30.977433+00:00,200,saved,work_packages/M1_source_access/27_newspaper_context_recovery_20261008/social_public_api/continuations/20261010_broader_history_four_hour/worker/raw/72b22119b4044442864459cc.bin.gz,ff3b8803b09bb78646ac4c1db46fb9421a4afd48c00cb9c2e229e4e16111d63c,8ec5ed893ad8c7bb8336e1dc19e1bbb68ac0638ed9619c36457a2db6c7f2c9d7,235,198,,loaded_native_returns,1,0,application/json; charset=utf-8,235,,server_representation_metadata; not native message publication or verified edit time
72b582302b6abbbf4b9551e7,dowire_lists_umn,content,https://www.mail-archive.com/do-wire%40lists.umn.edu/msg00001.html,2026-10-10T06:31:38.023590+00:00,200,saved,work_packages/M1_source_access/27_newspaper_context_recovery_20261008/social_public_api/continuations/20261010_broader_history_four_hour/worker/raw/72b582302b6abbbf4b9551e7.bin.gz,3be717fdfcfda47e07567141dda8f53b3e2c52a56f6b91f5ef8872bdd4345589,a8c463ee0c116eb2cc292d0fc7b76ad8985c838d1b2f09fe1aa6ea085c4373d1,9803,3650,,loaded_native_returns,1,0,text/html; charset=utf-8,,,server_representation_metadata; not native message publication or verified edit time
72ba4b94f2ddc41e35f182c4,lemmy_nz,content,https://lemmy.nz/api/v3/comment/list?type_=Local&sort=Old&limit=50&page=1&post_id=186831,2026-10-10T07:43:51.235380+00:00,200,saved,work_packages/M1_source_access/27_newspaper_context_recovery_20261008/social_public_api/continuations/20261010_broader_history_four_hour/worker/raw/72ba4b94f2ddc41e35f182c4.bin.gz,2df5719aa04d5525d3edbc830130f272a9c4a1dd819d6ad855e49cac3db7b0d6,b2ea44bffc9017b3144be5ade64b3d3d670404837c665e81cd2bbbc6f219191d,64492,4499,,loaded_native_returns,38,0,application/json,64492,,server_representation_metadata; not native message publication or verified edit time
72d8624239d3d9768a275f45,bluesky,content,https://public.api.bsky.app/xrpc/app.bsky.feed.getAuthorFeed?actor=did%3Aplc%3Aragtjsm2j2vknwkz3zp4oxrd&limit=100&filter=posts_with_replies&includePins=false&cursor=2023-08-19T14%3A59%3A22.424Z,2026-10-10T09:28:01.302013+00:00,200,saved,work_packages/M1_source_access/27_newspaper_context_recovery_20261008/social_public_api/continuations/20261010_broader_history_four_hour/worker/raw/72d8624239d3d9768a275f45.bin.gz,51bfda12154600df43092fc1043928bea8f0becb06e35544156cce841487e59a,d52fc022b30d9141f8bad733d4e61fc920ca69386b64b9731ea635eba4124d4e,437959,41582,,loaded_native_returns,113,0,application/json; charset=utf-8,437959,,server_representation_metadata; not native message publication or verified edit time
72f58c97b1949e1bf22e894e,tildes,content,https://tildes.net/~tildes/15my/new_users_ask_your_questions_about_tildes_here,2026-10-10T06:58:05.050962+00:00,200,saved,work_packages/M1_source_access/27_newspaper_context_recovery_20261008/social_public_api/continuations/20261010_broader_history_four_hour/worker/raw/72f58c97b1949e1bf22e894e.bin.gz,63ff78cf069c6c82d50c647eab2ffcf898c710226c51caa0ee9136b65274402e,ed5e7d87127275cd64a40e839a157ec98af5cc3f7dd4b0ba884ac33e4da8dc0c,1312848,161121,,loaded_native_returns,618,0,text/html; charset=UTF-8,1312848,,server_representation_metadata; not native message publication or verified edit time
730d7bd2abe83a0dbee2f2e4,dowire_newswire,content,https://www.mail-archive.com/newswire%40groups.dowire.org/msg00003.html,2026-10-10T06:53:30.671302+00:00,200,saved,work_packages/M1_source_access/27_newspaper_context_recovery_20261008/social_public_api/continuations/20261010_broader_history_four_hour/worker/raw/730d7bd2abe83a0dbee2f2e4.bin.gz,89001e8430addade1a00113e8e411f2656e9168f6e5e6945ef5b0c60766d976f,9cbaf115711c247fbfc071a33f6570ee5e65710d1a848034f57aebb70a23a877,11107,4035,,loaded_native_returns,1,0,text/html; charset=utf-8,,,server_representation_metadata; not native message publication or verified edit time
7335f5a55011455b10c90c5b,python_discourse,content,https://discuss.python.org/t/662/posts.json?post_ids%5B%5D=13818&post_ids%5B%5D=13820&post_ids%5B%5D=13824&post_ids%5B%5D=13825&post_ids%5B%5D=13826&post_ids%5B%5D=13827&post_ids%5B%5D=13828&post_ids%5B%5D=16768,2026-10-10T09:23:05.766964+00:00,200,saved,work_packages/M1_source_access/27_newspaper_context_recovery_20261008/social_public_api/continuations/20261010_broader_history_four_hour/worker/raw/7335f5a55011455b10c90c5b.bin.gz,e5e559f36482c4c177aae2ba443654a88d213cfd8a75d83e6a147c271d22ae70,2cd8970ec0c109b0d15d403376185035caf28833e7b38aaf05bafecce9ba755b,20206,3945,,loaded_native_returns,9,0,application/json; charset=utf-8,20206,,server_representation_metadata; not native message publication or verified edit time
735325ee5510739486781f1a,python_discourse,content,https://discuss.python.org/t/660.json,2026-10-10T08:36:38.683168+00:00,200,saved,work_packages/M1_source_access/27_newspaper_context_recovery_20261008/social_public_api/continuations/20261010_broader_history_four_hour/worker/raw/735325ee5510739486781f1a.bin.gz,f7f4e2ce8592f45328e0d95223db4cdaf91776a361a6db48b46f3595d59beb49,5f90d688060816642810afddb106c0d051648ad2bf527ea9743b3c07c6ecb0c1,14512,3578,,loaded_native_returns,4,0,application/json; charset=utf-8,14512,,server_representation_metadata; not native message publication or verified edit time
73e0204cb082ea16bf159bf9,straight_dope,content,https://boards.straightdope.com/t/712149/posts.json?post_ids%5B%5D=18052573&post_ids%5B%5D=18052964&post_ids%5B%5D=18053243&post_ids%5B%5D=18053839&post_ids%5B%5D=18053877&post_ids%5B%5D=18053971&post_ids%5B%5D=18054408&post_ids%5B%5D=18054473&post_ids%5B%5D=18054506&post_ids%5B%5D=18054635&post_ids%5B%5D=18054642&post_ids%5B%5D=18054847&post_ids%5B%5D=18054898&post_ids%5B%5D=18056051&post_ids%5B%5D=18056052&post_ids%5B%5D=18056518&post_ids%5B%5D=18057037&post_ids%5B%5D=18057071&post_ids%5B%5D=18057161&post_ids%5B%5D=18057315,2026-10-10T08:47:50.117147+00:00,200,saved,work_packages/M1_source_access/27_newspaper_context_recovery_20261008/social_public_api/continuations/20261010_broader_history_four_hour/worker/raw/73e0204cb082ea16bf159bf9.bin.gz,02e5fafd987d74039b22fff4a3fb2d74b7267f4e96815290599eb25a898c0021,8cf48938524ce54dfd2992ed6a283ee86cf2669abf7f671e19b8c3257e71102b,32245,3293,,loaded_native_returns,21,0,application/json; charset=utf-8,32245,,server_representation_metadata; not native message publication or verified edit time
73fc5a8fd8c4eea59bc70756,straight_dope,content,https://boards.straightdope.com/t/1025298/posts.json?post_ids%5B%5D=25832088&post_ids%5B%5D=25832261&post_ids%5B%5D=25832265&post_ids%5B%5D=25832273&post_ids%5B%5D=25832295&post_ids%5B%5D=25832396&post_ids%5B%5D=25832418&post_ids%5B%5D=25832422&post_ids%5B%5D=25832566&post_ids%5B%5D=25832568&post_ids%5B%5D=25832776&post_ids%5B%5D=25832918&post_ids%5B%5D=25832960&post_ids%5B%5D=25832966&post_ids%5B%5D=25833055&post_ids%5B%5D=25833061&post_ids%5B%5D=25833353&post_ids%5B%5D=25833414&post_ids%5B%5D=25833426&post_ids%5B%5D=25833436,2026-10-10T06:48:10.058189+00:00,200,saved,work_packages/M1_source_access/27_newspaper_context_recovery_20261008/social_public_api/continuations/20261010_broader_history_four_hour/worker/raw/73fc5a8fd8c4eea59bc70756.bin.gz,3f4d52da58f477e0b4bbd651840be8b8d9a28423ad8f563f7ecfb6561820a856,1a62b97eff936bd86d3e5aefbb842dec29b9554e50411040081804d46ed68e86,70288,14177,,loaded_native_returns,21,0,application/json; charset=utf-8,70288,,server_representation_metadata; not native message publication or verified edit time
7428062ee58b86d86ef8cba9,mastodon_au,content,https://aus.social/api/v1/timelines/public?local=true&limit=40&max_id=116943528835774752,2026-10-10T07:02:05.998174+00:00,200,saved,work_packages/M1_source_access/27_newspaper_context_recovery_20261008/social_public_api/continuations/20261010_broader_history_four_hour/worker/raw/7428062ee58b86d86ef8cba9.bin.gz,a590bf6c2a0d21bf5146355f18f377c894cafc38cfd5ad8f31ae595856630205,1c60652b03e24423ad5530448d9742e544eca61352d2423c75a0a5ba76e47e88,137119,23424,,loaded_native_returns,40,0,application/json; charset=utf-8,137119,,server_representation_metadata; not native message publication or verified edit time
74288dae5590f2df271c6e86,tildes,content,https://tildes.net/~enviro/1w49/ocean_death_countdown,2026-10-10T07:48:11.115266+00:00,200,saved,work_packages/M1_source_access/27_newspaper_context_recovery_20261008/social_public_api/continuations/20261010_broader_history_four_hour/worker/raw/74288dae5590f2df271c6e86.bin.gz,5cb02c8bfd8e20b3ada89b877c85041e036f8273bb2f3aca9e97cf96ba76514b,5a6153aae76a1481202b7bad43fadc4c23c5b2144c7e7612491d2224b7a64250,16489,4051,,loaded_native_returns,5,0,text/html; charset=UTF-8,16489,,server_representation_metadata; not native message publication or verified edit time
745f8e332d09f6e4880927d6,ilxor,source_metadata,https://www.ilxor.com/ILX/ThreadSelectedControllerServlet?boardid=40&threadid=257,2026-10-10T07:13:06.461166+00:00,200,saved,work_packages/M1_source_access/27_newspaper_context_recovery_20261008/social_public_api/continuations/20261010_broader_history_four_hour/worker/raw/745f8e332d09f6e4880927d6.bin.gz,0fa471e08ba0b51a430f6aa60e23f5d0ea4377baa870bb1add6e040e1dd614ae,2c9996e8c3f50e7e46211991a86a101953eecca24e5c631727d19b0c2950cc4d,73875,17842,,loaded_native_returns,100,0,text/html;charset=UTF-8,,,server_representation_metadata; not native message publication or verified edit time
74c35c7ec9546691223c0cf4,bluesky,content,https://public.api.bsky.app/xrpc/app.bsky.feed.getAuthorFeed?actor=did%3Aplc%3Aragtjsm2j2vknwkz3zp4oxrd&limit=100&filter=posts_with_replies&includePins=false&cursor=2023-10-31T00%3A31%3A17.824Z,2026-10-10T07:12:43.935219+00:00,200,saved,work_packages/M1_source_access/27_newspaper_context_recovery_20261008/social_public_api/continuations/20261010_broader_history_four_hour/worker/raw/74c35c7ec9546691223c0cf4.bin.gz,33b40cd0ecaa95360d0c23a62ea0ca5b4f581df8dc164081fc7e7b634a916cc7,24ed78cfec5f1c14bb54dbe0f99da574822507c0fdf8865d2680fe025f60d20a,488080,42797,,loaded_native_returns,103,0,application/json; charset=utf-8,488080,,server_representation_metadata; not native message publication or verified edit time
752129271cfece1eead07732,w3_wwwtalk,content,https://lists.w3.org/Archives/Public/www-talk/1992JulAug/0027.html,2026-10-10T08:34:30.898497+00:00,200,saved,work_packages/M1_source_access/27_newspaper_context_recovery_20261008/social_public_api/continuations/20261010_broader_history_four_hour/worker/raw/752129271cfece1eead07732.bin.gz,e47808d8b3d6ce1922e1a71dab4cbeadfbe49ab64ca8e0fd42611b060b49a0ee,5253d5c047973707b1d7a7c9a76330d53ca0b049ff7509373c03465fd5dd1aab,3354,1388,,loaded_native_returns,1,0,text/html,,"Mon, 04 Aug 2003 15:50:19 GMT",server_representation_metadata; not native message publication or verified edit time
75410c4bbfeab0dea0a32901,straight_dope,content,https://boards.straightdope.com/t/712149/posts.json?post_ids%5B%5D=18100560&post_ids%5B%5D=18100603&post_ids%5B%5D=18100659&post_ids%5B%5D=18100716&post_ids%5B%5D=18100750&post_ids%5B%5D=18100764&post_ids%5B%5D=18100772&post_ids%5B%5D=18100881&post_ids%5B%5D=18100897&post_ids%5B%5D=18100904&post_ids%5B%5D=18100930&post_ids%5B%5D=18100991&post_ids%5B%5D=18100998&post_ids%5B%5D=18101220&post_ids%5B%5D=18101226&post_ids%5B%5D=18101246&post_ids%5B%5D=18101275&post_ids%5B%5D=18101280&post_ids%5B%5D=18101298&post_ids%5B%5D=18101304,2026-10-10T09:42:44.803332+00:00,200,saved,work_packages/M1_source_access/27_newspaper_context_recovery_20261008/social_public_api/continuations/20261010_broader_history_four_hour/worker/raw/75410c4bbfeab0dea0a32901.bin.gz,a2b1e5d0be62c2e93b5004e5b5352168383a6a4c5295f9ad222661cc122f3121,1545d2b1ab64d4f5a6badf13cd65d5378a2364af2b122e514e910473493e6060,30452,2634,,loaded_native_returns,21,0,application/json; charset=utf-8,30452,,server_representation_metadata; not native message publication or verified edit time
757050fc1fecec2ccb443cf1,python_discourse,content,https://discuss.python.org/t/439.json,2026-10-10T06:29:07.472853+00:00,200,saved,work_packages/M1_source_access/27_newspaper_context_recovery_20261008/social_public_api/continuations/20261010_broader_history_four_hour/worker/raw/757050fc1fecec2ccb443cf1.bin.gz,b21944e935aa6dc5841bd9403a13c581d40eb8529efac11e8185209093fb99da,906a08997bbf00c7a19f90d9331acaaa804f085344a56b99d4403b4952d8fcc4,10507,3093,,loaded_native_returns,3,0,application/json; charset=utf-8,10507,,server_representation_metadata; not native message publication or verified edit time
757ecabbc18b30d30ed0882d,mpls_mnforum_archive,source_metadata,https://www.mail-archive.com/mpls@mnforum.org/,2026-10-10T06:34:43.600253+00:00,200,saved,work_packages/M1_source_access/27_newspaper_context_recovery_20261008/social_public_api/continuations/20261010_broader_history_four_hour/worker/raw/757ecabbc18b30d30ed0882d.bin.gz,bc058dd12b4dad2c9483b68424e3b63ea1e87a0b7c0a932154415e6a483c60b7,bb58a51999ec04ecb7b42295c6e9eacec2b7ad478181e164970adcc744156108,37667,7148,,noncontent_access_policy_or_frame_metadata,0,0,text/html; charset=UTF-8,,,server_representation_metadata; not native message publication or verified edit time
758e8ebf3fab9f93330d6da2,python_discourse,content,https://discuss.python.org/t/566.json,2026-10-10T07:40:17.738007+00:00,200,saved,work_packages/M1_source_access/27_newspaper_context_recovery_20261008/social_public_api/continuations/20261010_broader_history_four_hour/worker/raw/758e8ebf3fab9f93330d6da2.bin.gz,9812a8c079e108b4a357bf120fe92bf4104b046347b51b09c6fc37db6ca4722f,3b0a93dedb0337c651efe45df067aacef9153c3b32f07f2cb28733d1d1be6c19,6034,1972,,loaded_native_returns,2,0,application/json; charset=utf-8,6034,,server_representation_metadata; not native message publication or verified edit time
75ad7940cff461f9269c2017,hackernews,content,https://hacker-news.firebaseio.com/v0/item/181.json,2026-10-10T08:09:32.890657+00:00,200,saved,work_packages/M1_source_access/27_newspaper_context_recovery_20261008/social_public_api/continuations/20261010_broader_history_four_hour/worker/raw/75ad7940cff461f9269c2017.bin.gz,5c87542553fea5bd3b704da5ef622243399a316a6f6e7ab1a4e9ef39883fb400,43eceb171326f60ca5f468e00dce3f3fd4874581df63016c5cd25ac0533a8357,181,163,,loaded_native_returns,1,0,application/json; charset=utf-8,181,,server_representation_metadata; not native message publication or verified edit time
75b58689ee82a0579f0e8a0c,mastodon_us,content,https://sfba.social/api/v1/timelines/public?local=true&limit=40&max_id=116905930126857408,2026-10-10T07:30:39.397102+00:00,200,saved,work_packages/M1_source_access/27_newspaper_context_recovery_20261008/social_public_api/continuations/20261010_broader_history_four_hour/worker/raw/75b58689ee82a0579f0e8a0c.bin.gz,14b897186d52233ca925b4ef8deef444a9e24a52c6a343bde672f1e90dabd594,b6bb60ea6da2f2f61e7a80a79790cd2a773a0e9a1b888bde4bad63157a96a15f,158619,23721,,loaded_native_returns,40,0,application/json; charset=utf-8,158619,,server_representation_metadata; not native message publication or verified edit time
76025f36badb887cb09df2c7,osm_discourse,content,https://community.openstreetmap.org/t/32579.json,2026-10-10T09:43:57.992035+00:00,200,saved,work_packages/M1_source_access/27_newspaper_context_recovery_20261008/social_public_api/continuations/20261010_broader_history_four_hour/worker/raw/76025f36badb887cb09df2c7.bin.gz,71c6611be1b7c3ce2c763ba5a69215e145f0c26c84ff393246ee14264935731c,b53d083a495e862cfc8b1e4f47e2f37c771758f753051cebba4258617d0fe71a,26534,5221,,loaded_native_returns,8,0,application/json; charset=utf-8,26534,,server_representation_metadata; not native message publication or verified edit time
7630d1c9ee2e8e8bb96c8605,bluesky,content,https://public.api.bsky.app/xrpc/app.bsky.feed.getAuthorFeed?actor=did%3Aplc%3At5pur7eruxfgxy7ynpfrmg2w&limit=100&filter=posts_with_replies&includePins=false&cursor=2025-07-13T20%3A58%3A50.621Z,2026-10-10T09:26:44.115480+00:00,200,saved,work_packages/M1_source_access/27_newspaper_context_recovery_20261008/social_public_api/continuations/20261010_broader_history_four_hour/worker/raw/7630d1c9ee2e8e8bb96c8605.bin.gz,478257d8e01a2ccb71824351b86916ca933083042507a748ac98fff8f5db1b0d,e41940be53b599cda6306274707894e3f19ac09bb03d3c2d3352d0e984743cb4,559173,59996,,loaded_native_returns,100,0,application/json; charset=utf-8,559173,,server_representation_metadata; not native message publication or verified edit time
76abfd1cef602d2238215ac7,bluesky,content,https://public.api.bsky.app/xrpc/app.bsky.feed.getAuthorFeed?actor=did%3Aplc%3At5pur7eruxfgxy7ynpfrmg2w&limit=100&filter=posts_with_replies&includePins=false&cursor=2025-07-28T21%3A32%3A30.279Z,2026-10-10T07:10:57.774821+00:00,200,saved,work_packages/M1_source_access/27_newspaper_context_recovery_20261008/social_public_api/continuations/20261010_broader_history_four_hour/worker/raw/76abfd1cef602d2238215ac7.bin.gz,6bf133cf7636ee2d69789f501680b51d8f371e6eab2d46d52f7739f0113f2894,e4b33b51cea4cd7fa5b96f584595c055942fb9afa7361427e04e886ebe1adba8,521395,52328,,loaded_native_returns,100,0,application/json; charset=utf-8,521395,,server_representation_metadata; not native message publication or verified edit time
76b6892419fb83e11ffc6a7b,python_list_archive,content,https://mail.python.org/pipermail/python-list/2011-January.txt,2026-10-10T08:48:13.971239+00:00,200,saved,work_packages/M1_source_access/27_newspaper_context_recovery_20261008/social_public_api/continuations/20261010_broader_history_four_hour/worker/raw/76b6892419fb83e11ffc6a7b.bin.gz,ae875dfdb0a36b0984a1398f9ce85cac110fd8a9d62132cf4cfe6382336e3105,3b847e051ae59f4d6903ce633dd057a7cdda661c9c789e8d886d40a70b2633b3,8235426,2114393,,loaded_native_returns,4288,0,text/plain,8235426,"Mon, 28 Oct 2019 10:10:18 GMT",server_representation_metadata; not native message publication or verified edit time
76c74d6c2f928f00f46a960b,straight_dope,content,https://boards.straightdope.com/t/1025298/posts.json?post_ids%5B%5D=25848266&post_ids%5B%5D=25848292&post_ids%5B%5D=25848294&post_ids%5B%5D=25848584&post_ids%5B%5D=25848598&post_ids%5B%5D=25848599&post_ids%5B%5D=25848603&post_ids%5B%5D=25848614&post_ids%5B%5D=25848615&post_ids%5B%5D=25848617&post_ids%5B%5D=25848753&post_ids%5B%5D=25848805&post_ids%5B%5D=25848955&post_ids%5B%5D=25848989&post_ids%5B%5D=25849001&post_ids%5B%5D=25849011&post_ids%5B%5D=25849311&post_ids%5B%5D=25849415&post_ids%5B%5D=25849649&post_ids%5B%5D=25849684,2026-10-10T07:27:22.051775+00:00,200,saved,work_packages/M1_source_access/27_newspaper_context_recovery_20261008/social_public_api/continuations/20261010_broader_history_four_hour/worker/raw/76c74d6c2f928f00f46a960b.bin.gz,1394c91775e636b46c8f7dffb3b6efce9ddd56b202da5a864037db03cd380cbe,892462276d2b6efbe191c606e8d554063d85abd2b2689fa7140794adc08cd283,63045,11697,,loaded_native_returns,21,0,application/json; charset=utf-8,63045,,server_representation_metadata; not native message publication or verified edit time
773171c312ee7b513d5220a5,lemmy_nz,content,https://lemmy.nz/api/v3/comment/list?type_=Local&sort=Old&limit=50&page=2&post_id=178540,2026-10-10T06:40:06.863772+00:00,200,saved,work_packages/M1_source_access/27_newspaper_context_recovery_20261008/social_public_api/continuations/20261010_broader_history_four_hour/worker/raw/773171c312ee7b513d5220a5.bin.gz,9efdb10c81eaf55dc95e4320d1f02441576a405fb0551d5b8f1905bc0728f854,4fa14da49dc015f30581863a05d74d4091152f4549146526e99de651d5809edf,15,35,,loaded_native_returns,0,0,application/json,15,,server_representation_metadata; not native message publication or verified edit time
776e0c64225481743e5f61fe,mpls_mnforum_archive,content,https://www.mail-archive.com/mpls@mnforum.org/msg00003.html,2026-10-10T06:56:33.527994+00:00,200,saved,work_packages/M1_source_access/27_newspaper_context_recovery_20261008/social_public_api/continuations/20261010_broader_history_four_hour/worker/raw/776e0c64225481743e5f61fe.bin.gz,60654e8755d0819734d347681f889aa28fbdb05dcbebb28220f51ea8aed71e4c,cb8fa224920efe79eb5ac64e9d0e6b80fa179679ae2b5b624c70c0c537a86836,8507,3520,,loaded_native_returns,1,0,text/html; charset=utf-8,,,server_representation_metadata; not native message publication or verified edit time
777312a39ff6f3aeb61848d1,mastodon_us,content,https://sfba.social/api/v1/timelines/public?local=true&limit=40&max_id=116908795907862568,2026-10-10T07:23:12.164684+00:00,200,saved,work_packages/M1_source_access/27_newspaper_context_recovery_20261008/social_public_api/continuations/20261010_broader_history_four_hour/worker/raw/777312a39ff6f3aeb61848d1.bin.gz,e77d8f443ea8d76d16daa003f5ab4deefe5c6416333063d49021a3c18f600746,ae64d5d30290e98a5338e2e22c412fa85eba33e6d2fdf3e707660a295344e6c2,136406,21624,,loaded_native_returns,40,0,application/json; charset=utf-8,136406,,server_representation_metadata; not native message publication or verified edit time
779cffa105b00313633fde00,mastodon_uk,content,https://mastodon.me.uk/api/v1/timelines/public?local=true&limit=40&max_id=116142257823781550,2026-10-10T08:30:24.219161+00:00,200,saved,work_packages/M1_source_access/27_newspaper_context_recovery_20261008/social_public_api/continuations/20261010_broader_history_four_hour/worker/raw/779cffa105b00313633fde00.bin.gz,d46ab7343da53ed8869852ab54270b192c8926f1ad76dd1462cae61bf11975fb,805b678345776a5fa4f2d71a87f14f6412b375c1e4e668905e66ac82500ac359,137158,19291,,loaded_native_returns,40,0,application/json; charset=utf-8,137158,,server_representation_metadata; not native message publication or verified edit time
77adbabff188c1bc42edc5a2,thesession,content,https://thesession.org/discussions/46,2026-10-10T09:34:23.138293+00:00,200,saved,work_packages/M1_source_access/27_newspaper_context_recovery_20261008/social_public_api/continuations/20261010_broader_history_four_hour/worker/raw/77adbabff188c1bc42edc5a2.bin.gz,cd3ed50776ff034083a1b24d664a687d112f097b97faf96441c442750e4408d2,8e17ded9a2fa1639d5975cab054ca0822bf2494838419026ac65563e0a4ded09,60490,13859,,loaded_native_returns,5,0,text/html; charset=utf-8,,,server_representation_metadata; not native message publication or verified edit time
77b2e7ac458d8c7048286ff3,mastodon_au,content,https://aus.social/api/v1/timelines/public?local=true&limit=40&max_id=116955942303636842,2026-10-10T06:17:00.991999+00:00,200,saved,work_packages/M1_source_access/27_newspaper_context_recovery_20261008/social_public_api/continuations/20261010_broader_history_four_hour/worker/raw/77b2e7ac458d8c7048286ff3.bin.gz,604e0e233762a00edde60bafcc23e6e58274331c52f5c3ca348c85dc65eab5bd,db7f82bff78f1c0ea9e955615cc04b2a086a789f32660f0ba8c6d95fd2a49f77,160722,29944,,loaded_native_returns,40,0,application/json; charset=utf-8,160722,,server_representation_metadata; not native message publication or verified edit time
77d92f466d2a7cc064aa9b9f,hackernews,content,https://hacker-news.firebaseio.com/v0/item/198.json,2026-10-10T08:42:30.070899+00:00,200,saved,work_packages/M1_source_access/27_newspaper_context_recovery_20261008/social_public_api/continuations/20261010_broader_history_four_hour/worker/raw/77d92f466d2a7cc064aa9b9f.bin.gz,c7058b7ba12c91b72fe88e732ab611155b2b5ea7442d947e3cad4334c2344a16,303c37f6026a7fbde8a66e9e53ed229a52522e4189256b5f16e9bbf20506b0b6,183,160,,loaded_native_returns,1,0,application/json; charset=utf-8,183,,server_representation_metadata; not native message publication or verified edit time
77fc74ccb14b67ed7bf05d77,mastodon_au,content,https://aus.social/api/v1/timelines/public?local=true&limit=40&max_id=116948673751520628,2026-10-10T06:42:24.052158+00:00,200,saved,work_packages/M1_source_access/27_newspaper_context_recovery_20261008/social_public_api/continuations/20261010_broader_history_four_hour/worker/raw/77fc74ccb14b67ed7bf05d77.bin.gz,0c660a551b18097351450baae3a96858e511ca476479f2d719c6fae450ece325,049a29754a6a591beb21d9d15cce3b2114fa66725563350ba0195d6b1392e6a1,141481,20120,,loaded_native_returns,40,0,application/json; charset=utf-8,141481,,server_representation_metadata; not native message publication or verified edit time
7804aa3ec40750c444587dce,straight_dope,content,https://boards.straightdope.com/t/712149/posts.json?post_ids%5B%5D=18084104&post_ids%5B%5D=18084143&post_ids%5B%5D=18084283&post_ids%5B%5D=18084286&post_ids%5B%5D=18084330&post_ids%5B%5D=18084374&post_ids%5B%5D=18084555&post_ids%5B%5D=18084741&post_ids%5B%5D=18084813&post_ids%5B%5D=18085100&post_ids%5B%5D=18085131&post_ids%5B%5D=18085189&post_ids%5B%5D=18085596&post_ids%5B%5D=18085786&post_ids%5B%5D=18085931&post_ids%5B%5D=18086028&post_ids%5B%5D=18086036&post_ids%5B%5D=18086081&post_ids%5B%5D=18086255&post_ids%5B%5D=18086568,2026-10-10T09:34:35.882115+00:00,200,saved,work_packages/M1_source_access/27_newspaper_context_recovery_20261008/social_public_api/continuations/20261010_broader_history_four_hour/worker/raw/7804aa3ec40750c444587dce.bin.gz,8fd583775cc3071b8a823d7106badb1a9ba228d577de21281722696076367119,7bf615fd04b990e8c793c30e3ca14b05045fa849cb3dfe02d7e1dbf95a3a506d,30575,2616,,loaded_native_returns,21,0,application/json; charset=utf-8,30575,,server_representation_metadata; not native message publication or verified edit time
7812547ee670d21c5c61fd97,mastodon_us,content,https://sfba.social/api/v1/timelines/public?local=true&limit=40&max_id=116902844295064385,2026-10-10T07:44:08.961643+00:00,200,saved,work_packages/M1_source_access/27_newspaper_context_recovery_20261008/social_public_api/continuations/20261010_broader_history_four_hour/worker/raw/7812547ee670d21c5c61fd97.bin.gz,fad40ab1f1cebbf3c208a81786d2c3920979fcde36cf49008fecb6fee8bd8c94,25310c634ce0a2063fbf670ba013c3a8cec49097fb73df83be4fcfbee15abb54,135014,20472,,loaded_native_returns,40,0,application/json; charset=utf-8,135014,,server_representation_metadata; not native message publication or verified edit time
781d873f008396e81d3cac38,lemmy_nz,content,https://lemmy.nz/api/v3/comment/list?type_=Local&sort=Old&limit=50&page=2&post_id=176033,2026-10-10T06:32:05.366617+00:00,200,saved,work_packages/M1_source_access/27_newspaper_context_recovery_20261008/social_public_api/continuations/20261010_broader_history_four_hour/worker/raw/781d873f008396e81d3cac38.bin.gz,9efdb10c81eaf55dc95e4320d1f02441576a405fb0551d5b8f1905bc0728f854,4fa14da49dc015f30581863a05d74d4091152f4549146526e99de651d5809edf,15,35,,loaded_native_returns,0,0,application/json,15,,server_representation_metadata; not native message publication or verified edit time
782073594460eb22fe696442,bluesky,content,https://public.api.bsky.app/xrpc/app.bsky.feed.getAuthorFeed?actor=did%3Aplc%3At5pur7eruxfgxy7ynpfrmg2w&limit=100&filter=posts_with_replies&includePins=false&cursor=2025-08-04T03%3A59%3A01.932Z,2026-10-10T06:25:14.231209+00:00,200,saved,work_packages/M1_source_access/27_newspaper_context_recovery_20261008/social_public_api/continuations/20261010_broader_history_four_hour/worker/raw/782073594460eb22fe696442.bin.gz,77b756b9988397b834f061f5abad7f466872669229dbe4cfe499ad8ba01b05ac,402f37b119dffb0ca487d6e59bd49fd511cd671958d387361ced55adec5cd2ea,540590,57856,,loaded_native_returns,100,0,application/json; charset=utf-8,540590,,server_representation_metadata; not native message publication or verified edit time
784ef6aabb2336dc5ce857ec,osm_discourse,content,https://community.openstreetmap.org/t/32248.json,2026-10-10T06:09:32.262475+00:00,200,saved,work_packages/M1_source_access/27_newspaper_context_recovery_20261008/social_public_api/continuations/20261010_broader_history_four_hour/worker/raw/784ef6aabb2336dc5ce857ec.bin.gz,6fa8cf82e3d6554abfaa7b9021204b2e0cff36499fdf8c85b9b6eeada346dd44,001bc54845c25aaea20a54429f8e849aeb23399c3075a2ca2a37ed725f2b516b,15642,3850,,loaded_native_returns,3,0,application/json; charset=utf-8,15642,,server_representation_metadata; not native message publication or verified edit time
7851ad6337cbdcc9c342429c,w3_wwwtalk,content,https://lists.w3.org/Archives/Public/www-talk/1992MayJun/0060.html,2026-10-10T07:12:49.348457+00:00,200,saved,work_packages/M1_source_access/27_newspaper_context_recovery_20261008/social_public_api/continuations/20261010_broader_history_four_hour/worker/raw/7851ad6337cbdcc9c342429c.bin.gz,7f1b7ccc63728686dd000d3c4ef37a642f163bc773dcbf799c1924642e4f7885,c9bb4760e967b2cc3d633def1ceea64976d72862513d23bc09103076656769fd,6696,2590,,loaded_native_returns,1,0,text/html,,"Mon, 04 Aug 2003 15:50:20 GMT",server_representation_metadata; not native message publication or verified edit time
7860781b8ea3a163adb4fd7f,thesession,content,https://thesession.org/discussions/27,2026-10-10T08:34:23.287984+00:00,200,saved,work_packages/M1_source_access/27_newspaper_context_recovery_20261008/social_public_api/continuations/20261010_broader_history_four_hour/worker/raw/7860781b8ea3a163adb4fd7f.bin.gz,8b1126f00376e8b566ea2e207f420b45ccea31f429d4ee7270a44618f7c468aa,06d0babc08a0145eee04b3c684761e0e16ee2f774242098480f394219f27a641,57774,13565,,loaded_native_returns,3,0,text/html; charset=utf-8,,,server_representation_metadata; not native message publication or verified edit time
78d489984cc88c16ad93f0d2,lemmy_nz,content,https://lemmy.nz/api/v3/comment/list?type_=Local&sort=Old&limit=50&page=1&post_id=201122,2026-10-10T08:28:19.310418+00:00,200,saved,work_packages/M1_source_access/27_newspaper_context_recovery_20261008/social_public_api/continuations/20261010_broader_history_four_hour/worker/raw/78d489984cc88c16ad93f0d2.bin.gz,f4ca8761e54419896c88fac6aea6c1c6a64c79e394eae4b9f140e8c7cd2d19ad,7197772f9ab6be293c00690f90aa675dae7f3c97c96080ca4a291e6d24543587,53407,6064,,loaded_native_returns,34,0,application/json,53407,,server_representation_metadata; not native message publication or verified edit time
79099a99325400b49c50b1ce,bluesky,content,https://public.api.bsky.app/xrpc/app.bsky.feed.getAuthorFeed?actor=did%3Aplc%3Aragtjsm2j2vknwkz3zp4oxrd&limit=100&filter=posts_with_replies&includePins=false&cursor=2023-08-29T03%3A56%3A33.731Z,2026-10-10T08:52:30.452433+00:00,200,saved,work_packages/M1_source_access/27_newspaper_context_recovery_20261008/social_public_api/continuations/20261010_broader_history_four_hour/worker/raw/79099a99325400b49c50b1ce.bin.gz,5961ac0503a2a89b57bc40dd0c035a463883acbf77c6528f66ff9c2dedf211ec,a34a8d2008c5a0866fcaeca7965a718d70e258638bd9dc41988155dbb1db57f1,341748,38715,,loaded_native_returns,116,0,application/json; charset=utf-8,341748,,server_representation_metadata; not native message publication or verified edit time
7951b1e32a7ab2253279a072,straight_dope,content,https://boards.straightdope.com/t/75.json,2026-10-10T06:03:27.121476+00:00,200,saved,work_packages/M1_source_access/27_newspaper_context_recovery_20261008/social_public_api/continuations/20261010_broader_history_four_hour/worker/raw/7951b1e32a7ab2253279a072.bin.gz,8c7e0124a6f8f09e6c6dbd9bafbb05007eb004516025ebf1d61d86e917623680,0a94d775c1d097b3768e3b4c3b40e5e137eec90a1a6908ee04a73f0a11f263e6,14165,3139,,loaded_native_returns,3,0,application/json; charset=utf-8,14165,,server_representation_metadata; not native message publication or verified edit time
79a2f53175c2a46aa764c126,mastodon_au,content,https://aus.social/api/v1/timelines/public?local=true&limit=40&max_id=116914972307267865,2026-10-10T08:37:56.544614+00:00,200,saved,work_packages/M1_source_access/27_newspaper_context_recovery_20261008/social_public_api/continuations/20261010_broader_history_four_hour/worker/raw/79a2f53175c2a46aa764c126.bin.gz,2cc1bbbd45f38819e25456af281e276c3e738fb29766d3eb14d02c62a4f6dff9,71a05f0e306ff536101b7399e1a8a3198d55166a319e16ae9c14a400ee8f6e94,132273,20331,,loaded_native_returns,40,0,application/json; charset=utf-8,132273,,server_representation_metadata; not native message publication or verified edit time
79c37df2fd383312fdd0a89f,mastodon_uk,content,https://mastodon.me.uk/api/v1/timelines/public?local=true&limit=40&max_id=116098444307104032,2026-10-10T09:39:39.898663+00:00,200,saved,work_packages/M1_source_access/27_newspaper_context_recovery_20261008/social_public_api/continuations/20261010_broader_history_four_hour/worker/raw/79c37df2fd383312fdd0a89f.bin.gz,2b3595cc0fb6f9fde29ec9a21a6dfd12de910788e0de39c1cdc7cfde3353aec3,792ec7c31b03b3d7ab95f136cc4bbddabdbb9192d680662b89db577494ebaff1,148050,24855,,loaded_native_returns,40,0,application/json; charset=utf-8,148050,,server_representation_metadata; not native message publication or verified edit time
79e0f50d72cce998ab4e5635,bluesky,content,https://public.api.bsky.app/xrpc/app.bsky.feed.getAuthorFeed?actor=did%3Aplc%3At5pur7eruxfgxy7ynpfrmg2w&limit=100&filter=posts_with_replies&includePins=false&cursor=2025-07-13T22%3A46%3A09.253Z,2026-10-10T08:50:59.962537+00:00,200,saved,work_packages/M1_source_access/27_newspaper_context_recovery_20261008/social_public_api/continuations/20261010_broader_history_four_hour/worker/raw/79e0f50d72cce998ab4e5635.bin.gz,69ee00f5ab42f31f25d9e4c5d0058a0c9a91e5126e479ad0f40f79505fe389a9,58aa33326c36f31bc431d04c0855c91a2bbd79d67b624838586fa5176c2ab0db,539895,56774,,loaded_native_returns,100,0,application/json; charset=utf-8,539895,,server_representation_metadata; not native message publication or verified edit time
79e1aa816d92e629632c9a7e,mastodon_us,content,https://sfba.social/api/v1/timelines/public?local=true&limit=40&max_id=116899369984158081,2026-10-10T07:54:26.579399+00:00,200,saved,work_packages/M1_source_access/27_newspaper_context_recovery_20261008/social_public_api/continuations/20261010_broader_history_four_hour/worker/raw/79e1aa816d92e629632c9a7e.bin.gz,63b8585d28e378338b9a958453369f07a178ae6af8831966bdb7b65ca69553db,1e4d0ba7c5f125fb0d0f98659d77d5d3da207c5840a114db561062a5f14618bb,167033,25060,,loaded_native_returns,40,0,application/json; charset=utf-8,167033,,server_representation_metadata; not native message publication or verified edit time
79e378263833562171979be1,mastodon_au,content,https://aus.social/api/v1/timelines/public?local=true&limit=40&max_id=116933386133671244,2026-10-10T07:32:33.371690+00:00,200,saved,work_packages/M1_source_access/27_newspaper_context_recovery_20261008/social_public_api/continuations/20261010_broader_history_four_hour/worker/raw/79e378263833562171979be1.bin.gz,8b8fbb5c77b4aa3b17620f800c9a94590428c0a49d3fe673704f439213a86f63,77e3735a4be51a5e79f37ff00f0591e7471d069645a67044164cc898ec935849,158622,27948,,loaded_native_returns,40,0,application/json; charset=utf-8,158622,,server_representation_metadata; not native message publication or verified edit time
7a4e2db0649a6fef8626cc5f,w3_wwwtalk,content,https://lists.w3.org/Archives/Public/www-talk/1992MayJun/0071.html,2026-10-10T07:34:53.331815+00:00,200,saved,work_packages/M1_source_access/27_newspaper_context_recovery_20261008/social_public_api/continuations/20261010_broader_history_four_hour/worker/raw/7a4e2db0649a6fef8626cc5f.bin.gz,787d368c413314935cd5cec07d4ac60fc7389f99549236bf54d24e0e38515669,b5333eb816fdcedaaa089eb4371af8d4e082817581c1f77cdadcd69517b144e2,3470,1418,,loaded_native_returns,1,0,text/html,,"Mon, 04 Aug 2003 15:50:20 GMT",server_representation_metadata; not native message publication or verified edit time
7a6cb7621d1b20183df50e88,lemmy_nz,content,https://lemmy.nz/api/v3/comment/list?type_=Local&sort=Old&limit=50&page=2&post_id=187021,2026-10-10T07:50:22.458846+00:00,200,saved,work_packages/M1_source_access/27_newspaper_context_recovery_20261008/social_public_api/continuations/20261010_broader_history_four_hour/worker/raw/7a6cb7621d1b20183df50e88.bin.gz,9efdb10c81eaf55dc95e4320d1f02441576a405fb0551d5b8f1905bc0728f854,4fa14da49dc015f30581863a05d74d4091152f4549146526e99de651d5809edf,15,35,,loaded_native_returns,0,0,application/json,15,,server_representation_metadata; not native message publication or verified edit time
7a81ca11cd0b3adc01bfc3a2,hackernews,content,https://hacker-news.firebaseio.com/v0/item/199.json,2026-10-10T08:44:26.772376+00:00,200,saved,work_packages/M1_source_access/27_newspaper_context_recovery_20261008/social_public_api/continuations/20261010_broader_history_four_hour/worker/raw/7a81ca11cd0b3adc01bfc3a2.bin.gz,2b5bb275db511155154c74a7b241904bd5e74db1312e8cc5cceb4a094b77b519,424ac5ae5780eb4dab47811353786daa7580516b08a020752b29df32a63f4eef,296,216,,loaded_native_returns,1,0,application/json; charset=utf-8,296,,server_representation_metadata; not native message publication or verified edit time
7a9a37b816a32d1fc13daef0,mastodon_au,content,https://aus.social/api/v1/timelines/public?local=true&limit=40&max_id=116933069375860675,2026-10-10T07:34:35.748753+00:00,200,saved,work_packages/M1_source_access/27_newspaper_context_recovery_20261008/social_public_api/continuations/20261010_broader_history_four_hour/worker/raw/7a9a37b816a32d1fc13daef0.bin.gz,a7a0947599346d1c8f65536bdd0ed7bd0fd07a776163e86a09e9e63edf211ac9,8f9e7f9e48f9043ee01fc363fcc92950a74acc7d2c6c9fbd34ede45a00eb812b,146018,24377,,loaded_native_returns,40,0,application/json; charset=utf-8,146018,,server_representation_metadata; not native message publication or verified edit time
7bbc4cff15cc2e8f4f6d7f8b,bluesky,content,https://public.api.bsky.app/xrpc/app.bsky.feed.getAuthorFeed?actor=did%3Aplc%3Aragtjsm2j2vknwkz3zp4oxrd&limit=100&filter=posts_with_replies&includePins=false&cursor=2023-09-20T20%3A56%3A59.777Z,2026-10-10T08:06:47.165242+00:00,200,saved,work_packages/M1_source_access/27_newspaper_context_recovery_20261008/social_public_api/continuations/20261010_broader_history_four_hour/worker/raw/7bbc4cff15cc2e8f4f6d7f8b.bin.gz,cec6b1295ddfa0067677a56e246f1b45d03550aa3b0b6d10d29cb3601f0ea854,ff92331106de6492c162f6af0ef9da7aae764cf665354f71d85d5d0e30b474f0,472583,41178,,loaded_native_returns,103,0,application/json; charset=utf-8,472583,,server_representation_metadata; not native message publication or verified edit time
7bbff320ca9ccaafea7f7d75,dowire_civic_archive,source_metadata,https://www.mail-archive.com/newswire%40groups.dowire.org/,2026-10-10T06:17:46.581594+00:00,200,saved,work_packages/M1_source_access/27_newspaper_context_recovery_20261008/social_public_api/continuations/20261010_broader_history_four_hour/worker/raw/7bbff320ca9ccaafea7f7d75.bin.gz,6c15a4d217bc1ceda7c5b1582765b893f142d2a50e0db3a1b437db7983c33573,f684fc7f5d8936a2904a1b3d130994576081745b8a4943549b0cba6efe47464b,40946,9335,,noncontent_access_policy_or_frame_metadata,0,0,text/html; charset=UTF-8,,,server_representation_metadata; not native message publication or verified edit time
7bd9ebc7c5fcb90fc0abc6ab,python_list_archive,content,https://mail.python.org/pipermail/python-list/2004-June.txt,2026-10-10T06:03:45.709254+00:00,200,saved,work_packages/M1_source_access/27_newspaper_context_recovery_20261008/social_public_api/continuations/20261010_broader_history_four_hour/worker/raw/7bd9ebc7c5fcb90fc0abc6ab.bin.gz,0c69cc2209a78c3b19dec48b89dcceb162311ffad7dede8e24d58ea1c75066d8,825a1532f0c508611f760b502b794dd1ae3c6081d0434f7da86749da97648e7f,6206894,2415058,,loaded_native_returns,4256,0,text/plain,6206894,"Sun, 27 Oct 2019 22:26:20 GMT",server_representation_metadata; not native message publication or verified edit time
7bec5cb1ab7a957527c46848,straight_dope,content,https://boards.straightdope.com/t/712149/posts.json?post_ids%5B%5D=18008039&post_ids%5B%5D=18008074&post_ids%5B%5D=18008193&post_ids%5B%5D=18008208&post_ids%5B%5D=18008226&post_ids%5B%5D=18008237&post_ids%5B%5D=18008548&post_ids%5B%5D=18008582&post_ids%5B%5D=18008984&post_ids%5B%5D=18009036&post_ids%5B%5D=18009044&post_ids%5B%5D=18009058&post_ids%5B%5D=18009060&post_ids%5B%5D=18009107&post_ids%5B%5D=18009136&post_ids%5B%5D=18009183&post_ids%5B%5D=18009239&post_ids%5B%5D=18009376&post_ids%5B%5D=18009409&post_ids%5B%5D=18009411,2026-10-10T08:19:18.838079+00:00,200,saved,work_packages/M1_source_access/27_newspaper_context_recovery_20261008/social_public_api/continuations/20261010_broader_history_four_hour/worker/raw/7bec5cb1ab7a957527c46848.bin.gz,0f6fe56e9edddefd1291fce4625322828f1fafa8d14794cf01124070710b8d09,5eb0fee3752ba1ce62c092af7b149d0faa2da1024bad08e1bc67d00c4564e98d,30058,2487,,loaded_native_returns,21,0,application/json; charset=utf-8,30058,,server_representation_metadata; not native message publication or verified edit time
7c67e96b6f644223790b990e,mastodon_au,content,https://aus.social/api/v1/timelines/public?local=true&limit=40&max_id=116943117744377924,2026-10-10T07:04:00.813728+00:00,200,saved,work_packages/M1_source_access/27_newspaper_context_recovery_20261008/social_public_api/continuations/20261010_broader_history_four_hour/worker/raw/7c67e96b6f644223790b990e.bin.gz,318f9d6febbd6abcb9d1ab6ae27ff3a75215801292d7616e6bfcb343643ed7e0,dd412b6c8c2373a5b5f62981dae27797d3ae3ed226e1998de7c35241a2c1ba65,149934,24732,,loaded_native_returns,40,0,application/json; charset=utf-8,149934,,server_representation_metadata; not native message publication or verified edit time
7c71b53493cd89400607669e,mastodon_uk,content,https://mastodon.me.uk/api/v1/timelines/public?local=true&limit=40&max_id=116194620408991594,2026-10-10T07:28:31.219855+00:00,200,saved,work_packages/M1_source_access/27_newspaper_context_recovery_20261008/social_public_api/continuations/20261010_broader_history_four_hour/worker/raw/7c71b53493cd89400607669e.bin.gz,703e961ab8d1b65eef646e40aed8fe931318a26e3487742bb8161e1bad7829c7,099b7be2cf84f4f03044c1b0432ba7bb48327c0d5e6a1608c6b65f31f3a7e103,142361,22147,,loaded_native_returns,40,0,application/json; charset=utf-8,142361,,server_representation_metadata; not native message publication or verified edit time
7c851c5ef84c3ec9a0797e39,mpls_issues_freedom2_archive,content,https://www.mail-archive.com/mpls-issues@freedom2.mtn.org/msg00003.html,2026-10-10T06:56:38.402267+00:00,200,saved,work_packages/M1_source_access/27_newspaper_context_recovery_20261008/social_public_api/continuations/20261010_broader_history_four_hour/worker/raw/7c851c5ef84c3ec9a0797e39.bin.gz,a26c848acf302568517e7c7944b87e610ccbe50a56463593d241fc9cda0fa194,08be458a14e58c3ef3af27725de98a07c27455d9cc7b0641cf5442848116d630,9836,4031,,loaded_native_returns,1,0,text/html; charset=utf-8,,,server_representation_metadata; not native message publication or verified edit time
7cd7c158a27d9c2e1bb94b99,thesession,content,https://thesession.org/discussions/16,2026-10-10T08:12:57.222190+00:00,200,saved,work_packages/M1_source_access/27_newspaper_context_recovery_20261008/social_public_api/continuations/20261010_broader_history_four_hour/worker/raw/7cd7c158a27d9c2e1bb94b99.bin.gz,32fb07f53da7ac3c087e3547082667baad401102a26bba09166980abf9325a29,237df6b6d0a7e2cd2de12a42cb872169b0a414040ca361c90912824eeea00f72,61171,14140,,loaded_native_returns,5,0,text/html; charset=utf-8,,,server_representation_metadata; not native message publication or verified edit time
7cda4d0cb4aff9d0c9e41bc0,mastodon_us,content,https://sfba.social/api/v1/timelines/public?local=true&limit=40&max_id=116910147875911426,2026-10-10T07:16:07.304675+00:00,200,saved,work_packages/M1_source_access/27_newspaper_context_recovery_20261008/social_public_api/continuations/20261010_broader_history_four_hour/worker/raw/7cda4d0cb4aff9d0c9e41bc0.bin.gz,4ed8f79dcf57b8032b1bcd41aeaf6127c0c0f22ba01e48d87a3776591e904f87,b218b1e5bcbca289abf19afb4a59cf0e1b2eb9a0b3bf973982306c6d72d7b1c4,138237,20379,,loaded_native_returns,40,0,application/json; charset=utf-8,138237,,server_representation_metadata; not native message publication or verified edit time
7d6348b17b131b1544287029,w3_wwwtalk,content,https://lists.w3.org/Archives/Public/www-talk/1992JulAug/0021.html,2026-10-10T08:23:10.591952+00:00,200,saved,work_packages/M1_source_access/27_newspaper_context_recovery_20261008/social_public_api/continuations/20261010_broader_history_four_hour/worker/raw/7d6348b17b131b1544287029.bin.gz,93d0d16fe4867e849f120e36fc569cad9c68a87f9677d8323c9901c55c9d03f0,4e3c080342d86b8cbb446a4659c3c76e614f56d5aa568cff1861bca9d921c5e8,2956,1171,,loaded_native_returns,1,0,text/html,,"Mon, 04 Aug 2003 15:50:19 GMT",server_representation_metadata; not native message publication or verified edit time
7da9e2bbcb7d489281c55ccb,osm_discourse,content,https://community.openstreetmap.org/t/32506.json,2026-10-10T08:49:47.333785+00:00,200,saved,work_packages/M1_source_access/27_newspaper_context_recovery_20261008/social_public_api/continuations/20261010_broader_history_four_hour/worker/raw/7da9e2bbcb7d489281c55ccb.bin.gz,1f2e699cff46ede728f583d1a5f865af7ba0cf773987b64b2e0e61e9bf2c9436,75b0450b55e9a2c6138db0e8c182f004733619f4ffc4553519ef47d93c73b81f,16094,3685,,loaded_native_returns,4,0,application/json; charset=utf-8,16094,,server_representation_metadata; not native message publication or verified edit time
7e0d74556468c26def1cf51f,tildes,content,https://tildes.net/~comp/1w47/researchers_used_anthropics_claude_to_hack_into_openai,2026-10-10T07:52:18.829494+00:00,200,saved,work_packages/M1_source_access/27_newspaper_context_recovery_20261008/social_public_api/continuations/20261010_broader_history_four_hour/worker/raw/7e0d74556468c26def1cf51f.bin.gz,7330b005bb6d6a8e39a0e58a2a399dba5223eb04d188d6977a33828aeef58151,c40641a7df085b01a65b86eb054a01ab4b7bc41d548920d846891ee67a26c1cf,18497,4883,,loaded_native_returns,5,0,text/html; charset=UTF-8,18497,,server_representation_metadata; not native message publication or verified edit time
7e1d75113d7c7e9021cd04c8,python_discourse,content,https://discuss.python.org/t/528.json,2026-10-10T07:14:37.986177+00:00,200,saved,work_packages/M1_source_access/27_newspaper_context_recovery_20261008/social_public_api/continuations/20261010_broader_history_four_hour/worker/raw/7e1d75113d7c7e9021cd04c8.bin.gz,f47998cbca5e9e66eb58ff6d8766efeca14e9b99a4e7dbd2815bcf339d0891c8,75c0f54f8736a1a221dd44087cc8bc5f11fab7c93517e4049571c2ed242c300b,14229,3304,,loaded_native_returns,2,0,application/json; charset=utf-8,14229,,server_representation_metadata; not native message publication or verified edit time
7e57871d047fcb2c6683d313,lemmy_nz,content,https://lemmy.nz/api/v3/comment/list?type_=Local&sort=Old&limit=50&page=2&post_id=211801,2026-10-10T09:31:44.535217+00:00,200,saved,work_packages/M1_source_access/27_newspaper_context_recovery_20261008/social_public_api/continuations/20261010_broader_history_four_hour/worker/raw/7e57871d047fcb2c6683d313.bin.gz,9efdb10c81eaf55dc95e4320d1f02441576a405fb0551d5b8f1905bc0728f854,4fa14da49dc015f30581863a05d74d4091152f4549146526e99de651d5809edf,15,35,,loaded_native_returns,0,0,application/json,15,,server_representation_metadata; not native message publication or verified edit time
7e7a2b34156bd894c8500dcc,python_list_archive,content,https://mail.python.org/pipermail/python-list/2005-June.txt,2026-10-10T06:27:43.918031+00:00,200,saved,work_packages/M1_source_access/27_newspaper_context_recovery_20261008/social_public_api/continuations/20261010_broader_history_four_hour/worker/raw/7e7a2b34156bd894c8500dcc.bin.gz,0f56e85670670d979c5b5df19909c70c7def4486b10eaf982c69c3d5eaf0bcb0,0b4cb252afc3dbe93e341697d5c8d470da07efdbbbe22b327a7e25b1ad3c9303,6897477,2655041,,loaded_native_returns,4656,0,text/plain,6897477,"Sun, 27 Oct 2019 23:38:29 GMT",server_representation_metadata; not native message publication or verified edit time
7eb7e329d10f87cb9b7ad182,python_list_archive,content,https://mail.python.org/pipermail/python-list/2004-April.txt,2026-10-10T05:58:23.037870+00:00,200,saved,work_packages/M1_source_access/27_newspaper_context_recovery_20261008/social_public_api/continuations/20261010_broader_history_four_hour/worker/raw/7eb7e329d10f87cb9b7ad182.bin.gz,61d867b960e2042c3e441851b370beb5970a0fd5ba8728301efbfdaefeed45b4,6e959ece8c9edf9370f61a7a2d3926cc745c16427028aacc24f1d78f7891e558,6029852,2369241,,loaded_native_returns,4230,0,text/plain,6029852,"Sun, 27 Oct 2019 22:26:20 GMT",server_representation_metadata; not native message publication or verified edit time
7f5621dcbf147e8baa020efd,python_discourse,content,https://discuss.python.org/t/495.json,2026-10-10T07:04:28.433417+00:00,200,saved,work_packages/M1_source_access/27_newspaper_context_recovery_20261008/social_public_api/continuations/20261010_broader_history_four_hour/worker/raw/7f5621dcbf147e8baa020efd.bin.gz,53c8fa649d65ef612ac65496d6230ff94927c56396b81716af7940c5225c3325,cdfea8051eeb9b5c2a7ba08d6524420fb3dc3200b84524594904577d03ec0c4a,8872,2619,,loaded_native_returns,3,0,application/json; charset=utf-8,8872,,server_representation_metadata; not native message publication or verified edit time
7f699a76ceb1155e6c36f667,mastodon_au,content,https://aus.social/api/v1/timelines/public?local=true&limit=40&max_id=116926764462958340,2026-10-10T07:57:36.486095+00:00,200,saved,work_packages/M1_source_access/27_newspaper_context_recovery_20261008/social_public_api/continuations/20261010_broader_history_four_hour/worker/raw/7f699a76ceb1155e6c36f667.bin.gz,ceb35917c853493d060693d6bdfdc5bd8731fe237785ac614e013e9547d493e2,70d110a279f340409ca2bae6b51e3eb1a4c8ac571364301a1c54d08edbb1ecc7,164562,29320,,loaded_native_returns,40,0,application/json; charset=utf-8,164562,,server_representation_metadata; not native message publication or verified edit time
7fa6ae244a9df4549000eea2,osm_discourse,content,https://community.openstreetmap.org/t/32257.json,2026-10-10T06:17:51.796489+00:00,200,saved,work_packages/M1_source_access/27_newspaper_context_recovery_20261008/social_public_api/continuations/20261010_broader_history_four_hour/worker/raw/7fa6ae244a9df4549000eea2.bin.gz,e948add50a845ea9f99630757f860eec7f78cd9a353b757a19bf637d238eb5ba,293541b71178a457f50adb37983ea1348029ca04a25b2959c9fe35d52a62d86f,51357,9028,,loaded_native_returns,21,0,application/json; charset=utf-8,51357,,server_representation_metadata; not native message publication or verified edit time
7fe1cf78521d94e0cd4ad878,straight_dope,content,https://boards.straightdope.com/t/1025298/posts.json?post_ids%5B%5D=25846937&post_ids%5B%5D=25846938&post_ids%5B%5D=25846940&post_ids%5B%5D=25846956&post_ids%5B%5D=25847005&post_ids%5B%5D=25847070&post_ids%5B%5D=25847183&post_ids%5B%5D=25847381&post_ids%5B%5D=25847406&post_ids%5B%5D=25847427&post_ids%5B%5D=25847924&post_ids%5B%5D=25848114&post_ids%5B%5D=25848180&post_ids%5B%5D=25848200&post_ids%5B%5D=25848224&post_ids%5B%5D=25848228&post_ids%5B%5D=25848237&post_ids%5B%5D=25848254&post_ids%5B%5D=25848255&post_ids%5B%5D=25848265,2026-10-10T07:25:34.850908+00:00,200,saved,work_packages/M1_source_access/27_newspaper_context_recovery_20261008/social_public_api/continuations/20261010_broader_history_four_hour/worker/raw/7fe1cf78521d94e0cd4ad878.bin.gz,d098b32066443a48e12da6a64f0af33c4cabd8e4fa9e0c67f0d8f78e82328572,28b72e028ff08c5ec36d944505bb5c5d7be2ed7b007cca9dea3134c467d0ef2d,60679,10852,,loaded_native_returns,21,0,application/json; charset=utf-8,60679,,server_representation_metadata; not native message publication or verified edit time
7ff7988657bc11a9b51ec919,osm_discourse,content,https://community.openstreetmap.org/t/32361.json,2026-10-10T07:27:28.203995+00:00,200,saved,work_packages/M1_source_access/27_newspaper_context_recovery_20261008/social_public_api/continuations/20261010_broader_history_four_hour/worker/raw/7ff7988657bc11a9b51ec919.bin.gz,131baea612eefeac32e70d0f68f354a7cf58596ea3b4de0d1c1ebe9453aa064a,35e4167761542228d40c2113e4564dd52085c43dcb2c272876a4046ed2558d75,19276,4239,,loaded_native_returns,5,0,application/json; charset=utf-8,19276,,server_representation_metadata; not native message publication or verified edit time
7fff9e55d7ea7831a06cbd67,lemmy_nz,content,https://lemmy.nz/api/v3/comment/list?type_=Local&sort=Old&limit=50&page=2&post_id=200845,2026-10-10T08:22:29.688035+00:00,200,saved,work_packages/M1_source_access/27_newspaper_context_recovery_20261008/social_public_api/continuations/20261010_broader_history_four_hour/worker/raw/7fff9e55d7ea7831a06cbd67.bin.gz,9efdb10c81eaf55dc95e4320d1f02441576a405fb0551d5b8f1905bc0728f854,4fa14da49dc015f30581863a05d74d4091152f4549146526e99de651d5809edf,15,35,,loaded_native_returns,0,0,application/json,15,,server_representation_metadata; not native message publication or verified edit time
8007946e7b0d4bf934172b17,mastodon_us,content,https://sfba.social/api/v1/timelines/public?local=true&limit=40&max_id=116875811316699008,2026-10-10T09:30:47.308936+00:00,200,saved,work_packages/M1_source_access/27_newspaper_context_recovery_20261008/social_public_api/continuations/20261010_broader_history_four_hour/worker/raw/8007946e7b0d4bf934172b17.bin.gz,5147f430c2d8f5253c0701900c53f9d7814a9366cd3b14027a12f88ec71508f6,976d95aac0d7ecddaff16eac4dd74b01624011323dbbc520f6d85b121ea33375,137694,21279,,loaded_native_returns,40,0,application/json; charset=utf-8,137694,,server_representation_metadata; not native message publication or verified edit time
80bdb95d7c1eec5931f8bb61,w3_wwwtalk,content,https://lists.w3.org/Archives/Public/www-talk/1992MayJun/0032.html,2026-10-10T06:12:23.308824+00:00,200,saved,work_packages/M1_source_access/27_newspaper_context_recovery_20261008/social_public_api/continuations/20261010_broader_history_four_hour/worker/raw/80bdb95d7c1eec5931f8bb61.bin.gz,7e942a16898b0723105f830dafa8cedbbf28882e823be823d0750628111c1ab8,55b36496ca1f16560db6ed7e098a189e60708a3d8aaa03b3adef9f992119c2a4,2762,1036,,loaded_native_returns,1,0,text/html,,"Mon, 04 Aug 2003 15:50:20 GMT",server_representation_metadata; not native message publication or verified edit time
812dbb761bf9ba9b29d64def,mastodon_au,content,https://aus.social/api/v1/timelines/public?local=true&limit=40&max_id=116927510978044716,2026-10-10T07:54:20.921647+00:00,200,saved,work_packages/M1_source_access/27_newspaper_context_recovery_20261008/social_public_api/continuations/20261010_broader_history_four_hour/worker/raw/812dbb761bf9ba9b29d64def.bin.gz,1b4e211ba64e7ac057df34bb77dfecb11690d28dac92d9c069822ce562d474d0,0ab03d758cccfc0d238bb987c594c5b7515de178b9b541aae2d11c429b031e3c,161453,31229,,loaded_native_returns,40,0,application/json; charset=utf-8,161453,,server_representation_metadata; not native message publication or verified edit time
8130e5480feab8e5aba8411c,e_democracy_archival,source_metadata,https://web.archive.org/web/20240403234813/http://forums.e-democracy.org/groups/mpls,,302,http_stop,,,,,,,transport_stop_no_raw_payload,0,0,,,,server_representation_metadata; not native message publication or verified edit time
814cc425b2f066e6afbf7055,python_list_archive,content,https://mail.python.org/pipermail/python-list/2006-July.txt,2026-10-10T06:57:18.609608+00:00,200,saved,work_packages/M1_source_access/27_newspaper_context_recovery_20261008/social_public_api/continuations/20261010_broader_history_four_hour/worker/raw/814cc425b2f066e6afbf7055.bin.gz,b38dfe2d5e432cc38cc104aa6190967e510aadf53f4b4d6796963bf337ff386e,f590150d19574692f70b2d80f062a2efee12ec6d1941c64d877a1b6dd47df5f5,8145998,3033716,,loaded_native_returns,4811,0,text/plain,8145998,"Mon, 28 Oct 2019 00:54:05 GMT",server_representation_metadata; not native message publication or verified edit time
81555df8998576214d2bf162,thesession,source_metadata,https://thesession.org/discussions/new?format=json&perpage=50&page=929,2026-10-10T07:32:08.131304+00:00,200,saved,work_packages/M1_source_access/27_newspaper_context_recovery_20261008/social_public_api/continuations/20261010_broader_history_four_hour/worker/raw/81555df8998576214d2bf162.bin.gz,c817440c0544ef34ed505fd17dd1c57141a3a7a081fb590cb5d1fcddb27a7a20,68ac5c348e1218e60f935078d6db7132b53068df41af85545d0301f11ae6d900,1313,395,,loaded_native_returns,0,0,application/json; charset=utf-8,,,server_representation_metadata; not native message publication or verified edit time
8162cf8f2d77bccbaa705c62,thesession,content,https://thesession.org/discussions/52,2026-10-10T09:42:33.671204+00:00,200,saved,work_packages/M1_source_access/27_newspaper_context_recovery_20261008/social_public_api/continuations/20261010_broader_history_four_hour/worker/raw/8162cf8f2d77bccbaa705c62.bin.gz,b41883cbcba624d4ed02b0f5c163c5fc015e71cd4d457bf8700cf21a1559df0a,05d871e033f6b5e652bde79496cd058dca266241a8f5a6b7e3ff9611f56ceafb,59343,13933,,loaded_native_returns,4,0,text/html; charset=utf-8,,,server_representation_metadata; not native message publication or verified edit time
8185b0cc471b2c5a4e0cacfb,bluesky,content,https://public.api.bsky.app/xrpc/app.bsky.feed.getAuthorFeed?actor=did%3Aplc%3At5pur7eruxfgxy7ynpfrmg2w&limit=100&filter=posts_with_replies&includePins=false&cursor=2025-07-15T23%3A18%3A10.534Z,2026-10-10T07:48:41.598219+00:00,200,saved,work_packages/M1_source_access/27_newspaper_context_recovery_20261008/social_public_api/continuations/20261010_broader_history_four_hour/worker/raw/8185b0cc471b2c5a4e0cacfb.bin.gz,cd420544c3a4ff32eb957fb61f9f46e7b6fbe98731a7ce1c094201298d825396,505d656806ee8835766aa2aba64a93ade1e1f206eea7e01db2b07e4f85bcd783,518744,53839,,loaded_native_returns,100,0,application/json; charset=utf-8,518744,,server_representation_metadata; not native message publication or verified edit time
8196b30c8b90aa0302db000c,osm_discourse,content,https://community.openstreetmap.org/t/32343.json,2026-10-10T07:11:23.315018+00:00,200,saved,work_packages/M1_source_access/27_newspaper_context_recovery_20261008/social_public_api/continuations/20261010_broader_history_four_hour/worker/raw/8196b30c8b90aa0302db000c.bin.gz,4e270786fe2eb3175e3c7c22258fc6bbd4eca3d1861da75744e5b3e1de29c752,667f59bb855e3e2506bbfb4759d7b1616a824447b2e48ec4e335d5b9818f1d9b,13971,3544,,loaded_native_returns,3,0,application/json; charset=utf-8,13971,,server_representation_metadata; not native message publication or verified edit time
81dce671a2e861a84c2774f0,tildes,source_metadata,https://tildes.net/~music/1wdy/recommend_me_music_similar_to_that_of_tool,2026-10-10T06:11:45.391688+00:00,200,saved,work_packages/M1_source_access/27_newspaper_context_recovery_20261008/social_public_api/continuations/20261010_broader_history_four_hour/worker/raw/81dce671a2e861a84c2774f0.bin.gz,6bd989dbefd0dfe491f0458d9cb7114f6601f44f5fdc75ede876a1d54bdc7805,6fc1de188684261545f084a4259b1113ad99bc072d30a684366b09e89f54a323,57025,9866,,noncontent_access_policy_or_frame_metadata,0,0,text/html; charset=UTF-8,57025,,server_representation_metadata; not native message publication or verified edit time
821294595c9abae22bc7a494,thesession,content,https://thesession.org/discussions/36,2026-10-10T08:51:07.719628+00:00,200,saved,work_packages/M1_source_access/27_newspaper_context_recovery_20261008/social_public_api/continuations/20261010_broader_history_four_hour/worker/raw/821294595c9abae22bc7a494.bin.gz,af3e7ac4d3f6c5f51d9caf1be313ebbe3cc48c814485e6dc250e6531c2659b49,ff0a0cc5c3b508a0b5f41d2686cd97fe879a1b9ce28903479ddd93977a019506,75829,18266,,loaded_native_returns,11,0,text/html; charset=utf-8,,,server_representation_metadata; not native message publication or verified edit time
825066f97966f116dfbb092a,hackernews,content,https://hacker-news.firebaseio.com/v0/item/139.json,2026-10-10T06:41:04.484532+00:00,200,saved,work_packages/M1_source_access/27_newspaper_context_recovery_20261008/social_public_api/continuations/20261010_broader_history_four_hour/worker/raw/825066f97966f116dfbb092a.bin.gz,c33dfc95e5eba29e56e96bcf00bd57541484e11bc21e0173d847f948c1fcbd2b,578454ee8cb3078e67cc1960bc4641a9bb5bbbec99898fad2156a0052fbb63a3,373,279,,loaded_native_returns,1,0,application/json; charset=utf-8,373,,server_representation_metadata; not native message publication or verified edit time
8301f700ef360f8ab92f8e5f,mastodon_au,content,https://aus.social/api/v1/timelines/public?local=true&limit=40&max_id=116955591381613744,2026-10-10T06:19:14.289183+00:00,200,saved,work_packages/M1_source_access/27_newspaper_context_recovery_20261008/social_public_api/continuations/20261010_broader_history_four_hour/worker/raw/8301f700ef360f8ab92f8e5f.bin.gz,c6d9c7802d59daae387ef01376dfd63db699dadd2d686de0d67e10d74ed73aef,a7c71a7221b4fb187c5acfc632f7b99f1d925dff9d6b9a1eebeec87bd42843fe,149068,27531,,loaded_native_returns,40,0,application/json; charset=utf-8,149068,,server_representation_metadata; not native message publication or verified edit time
830e409bf6773d4e9691156d,python_discourse,content,https://discuss.python.org/t/620.json,2026-10-10T08:09:13.600610+00:00,200,saved,work_packages/M1_source_access/27_newspaper_context_recovery_20261008/social_public_api/continuations/20261010_broader_history_four_hour/worker/raw/830e409bf6773d4e9691156d.bin.gz,1592790f2278c906233795f23de30ddb80bcd15ecbf99cbd11bd01a14403db68,2c374a54b02833c75a2c36ac9564a95fd14455fcfa698a42b5b707dd629b84ac,46659,7739,,loaded_native_returns,11,0,application/json; charset=utf-8,46659,,server_representation_metadata; not native message publication or verified edit time
830f8303681670d7359b88b6,tildes,content,https://tildes.net/~games/1w4l/the_next_chapter_for_bungie,2026-10-10T07:10:26.666320+00:00,200,saved,work_packages/M1_source_access/27_newspaper_context_recovery_20261008/social_public_api/continuations/20261010_broader_history_four_hour/worker/raw/830f8303681670d7359b88b6.bin.gz,4abd3093ac69f387f24534314e6e081871a6e6ef9247104cc74f987237fb2559,4b9daa1f7b5c3266be4382612ed87bea8b0bc33724073b97c93bce02b7bacc65,55778,9062,,loaded_native_returns,24,0,text/html; charset=UTF-8,55778,,server_representation_metadata; not native message publication or verified edit time
8317eb302424f9c522c6be49,mastodon_uk,content,https://mastodon.me.uk/api/v1/timelines/public?local=true&limit=40&max_id=116216719409060144,2026-10-10T07:05:38.521723+00:00,200,saved,work_packages/M1_source_access/27_newspaper_context_recovery_20261008/social_public_api/continuations/20261010_broader_history_four_hour/worker/raw/8317eb302424f9c522c6be49.bin.gz,bb449febaddb8808531f15983c82f21c9bad2218da8ea386025ae20499e13fad,03f3b4441d079576d9238863fa2b5f40a209f713aaef366501367cfd8f4adf9e,131787,18572,,loaded_native_returns,40,0,application/json; charset=utf-8,131787,,server_representation_metadata; not native message publication or verified edit time
832208d5dac9f13c9d310c3e,bluesky,content,https://public.api.bsky.app/xrpc/app.bsky.feed.getAuthorFeed?actor=did%3Aplc%3At5pur7eruxfgxy7ynpfrmg2w&limit=100&filter=posts_with_replies&includePins=false&cursor=2025-07-12T19%3A28%3A10.901Z,2026-10-10T09:34:18.308635+00:00,200,saved,work_packages/M1_source_access/27_newspaper_context_recovery_20261008/social_public_api/continuations/20261010_broader_history_four_hour/worker/raw/832208d5dac9f13c9d310c3e.bin.gz,674483218400bc6b10350b1d4e0b161635995f438f1a6dd42c32e40f786b77fa,675fc929a7e9b9e7b0524ca68bcd1fbd1308a1912f20d99d7fc60eb650657232,596696,62912,,loaded_native_returns,100,0,application/json; charset=utf-8,596696,,server_representation_metadata; not native message publication or verified edit time
83589d83a87f3b42b4d1e193,mastodon_uk,content,https://mastodon.me.uk/api/v1/timelines/public?local=true&limit=40&max_id=116250852847308873,2026-10-10T06:24:38.011799+00:00,200,saved,work_packages/M1_source_access/27_newspaper_context_recovery_20261008/social_public_api/continuations/20261010_broader_history_four_hour/worker/raw/83589d83a87f3b42b4d1e193.bin.gz,9f6b75cc5c7b9eedcd888bbffab347826ab8d75bc09350d46f0310d12072977d,bbe0906c2ac8ee2ecf2abc9887de650fb2d34a191cced7cf0d81417b43102a48,142438,20782,,loaded_native_returns,40,0,application/json; charset=utf-8,142438,,server_representation_metadata; not native message publication or verified edit time
839e37b1d2f47b60c1290eac,thesession,content,https://thesession.org/discussions/38,2026-10-10T09:24:08.169011+00:00,200,saved,work_packages/M1_source_access/27_newspaper_context_recovery_20261008/social_public_api/continuations/20261010_broader_history_four_hour/worker/raw/839e37b1d2f47b60c1290eac.bin.gz,d7aa5338f0e45ad99d1947493bb94e1ed796005d22642033eaf59e9a7a437ebe,6bf8c11f1ab162b05dd76450ddfa48a3516f1f6185e93842886e3a6af70ee5ba,73686,16874,,loaded_native_returns,12,0,text/html; charset=utf-8,,,server_representation_metadata; not native message publication or verified edit time
8412afc8804a492fd0bb69a2,mastodon_au,content,https://aus.social/api/v1/timelines/public?local=true&limit=40&max_id=116913523184339441,2026-10-10T08:39:54.312253+00:00,200,saved,work_packages/M1_source_access/27_newspaper_context_recovery_20261008/social_public_api/continuations/20261010_broader_history_four_hour/worker/raw/8412afc8804a492fd0bb69a2.bin.gz,cc7f4f3fcc27bbe1210da9ddd9fdb823027a28706a3703ce839c354da03159bb,f72f7e3190d60d386128fd4a188fd732816421c6c122eb7c67d3ee95f8a60448,153566,28376,,loaded_native_returns,40,0,application/json; charset=utf-8,153566,,server_representation_metadata; not native message publication or verified edit time
8413d4db058105e2b70399c1,python_discourse,content,https://discuss.python.org/t/451.json,2026-10-10T06:40:47.620849+00:00,200,saved,work_packages/M1_source_access/27_newspaper_context_recovery_20261008/social_public_api/continuations/20261010_broader_history_four_hour/worker/raw/8413d4db058105e2b70399c1.bin.gz,917377797bf907c4ef76bdcf0a0a959b27c2e84486cb57ac348a1ddd053aea1d,3be50c028a9771eb2b09f1017e6567ff93c615beb19cbf7c790bdcad3f643bb5,24213,5779,,loaded_native_returns,5,0,application/json; charset=utf-8,24213,,server_representation_metadata; not native message publication or verified edit time
841f7d99ef72832edbe02d6a,dowire_lists_umn,content,https://www.mail-archive.com/do-wire%40lists.umn.edu/msg00013.html,2026-10-10T06:57:45.043182+00:00,200,saved,work_packages/M1_source_access/27_newspaper_context_recovery_20261008/social_public_api/continuations/20261010_broader_history_four_hour/worker/raw/841f7d99ef72832edbe02d6a.bin.gz,2e3bc749647c5c8f0981d0d5575aa5259445597f94cc33483808b1c11e8d86de,438e2e671262149f35905173103c346904065b4f257726c81736f2abf55419ec,10553,4200,,loaded_native_returns,1,0,text/html; charset=utf-8,,,server_representation_metadata; not native message publication or verified edit time
842c07c1f5c7a91f5275a17f,mastodon_uk,content,https://mastodon.me.uk/api/v1/timelines/public?local=true&limit=40&max_id=116133448292478135,2026-10-10T08:39:48.621291+00:00,200,saved,work_packages/M1_source_access/27_newspaper_context_recovery_20261008/social_public_api/continuations/20261010_broader_history_four_hour/worker/raw/842c07c1f5c7a91f5275a17f.bin.gz,748acfe7da4a9f8ab900f18cbf3d9fcefa9ee648a1828c59696bb207f26a18fc,38450911e85956d85e3c552a71c4eb65cf569752d3e04dd3e4ff86db02b18643,143154,20934,,loaded_native_returns,40,0,application/json; charset=utf-8,143154,,server_representation_metadata; not native message publication or verified edit time
842df9ecd40561aeb951fb7b,osm_discourse,content,https://community.openstreetmap.org/t/32313.json,2026-10-10T06:59:09.744560+00:00,200,saved,work_packages/M1_source_access/27_newspaper_context_recovery_20261008/social_public_api/continuations/20261010_broader_history_four_hour/worker/raw/842df9ecd40561aeb951fb7b.bin.gz,fe56c75be4c2e566eca7948f1f6ee99a541c3c09671670ca5d0f66b89f7d89db,e5d56ae4b19adb7e8ebfab7531f988ec8bf40f6cf46721f18e40791078e2a0e2,15065,3767,,loaded_native_returns,3,0,application/json; charset=utf-8,15065,,server_representation_metadata; not native message publication or verified edit time
843cd5abecfc1682deba24b0,lemmy_nz,content,https://lemmy.nz/api/v3/comment/list?type_=Local&sort=Old&limit=50&page=1&post_id=185762,2026-10-10T07:30:15.130942+00:00,200,saved,work_packages/M1_source_access/27_newspaper_context_recovery_20261008/social_public_api/continuations/20261010_broader_history_four_hour/worker/raw/843cd5abecfc1682deba24b0.bin.gz,96eeff9c2fedb5c51d512eae3c2d29a54440b84a677ba4b70eee4294de10b07c,b19f90ad81cff9a8685cb12f84c74d7bfa76a8ecde48f934f2510773b98a18ea,27082,3008,,loaded_native_returns,16,0,application/json,27082,,server_representation_metadata; not native message publication or verified edit time
8447e445a78fdf2f3edab4d4,w3_wwwtalk,content,https://lists.w3.org/Archives/Public/www-talk/1992JulAug/0012.html,2026-10-10T08:04:53.588936+00:00,200,saved,work_packages/M1_source_access/27_newspaper_context_recovery_20261008/social_public_api/continuations/20261010_broader_history_four_hour/worker/raw/8447e445a78fdf2f3edab4d4.bin.gz,b7e84c28f69ffafe31f1a939f35b7817430b28c0a7ed0670fb58066e0a5b5fe8,08b59a58546e8d9b1a7ee13f55eb6e096b7e093fe22c93bed574a5d7a697acdb,4893,2009,,loaded_native_returns,1,0,text/html,,"Mon, 04 Aug 2003 15:50:19 GMT",server_representation_metadata; not native message publication or verified edit time
845341eadacb1885eb814af6,straight_dope,content,https://boards.straightdope.com/t/1025298/posts.json?post_ids%5B%5D=25840710&post_ids%5B%5D=25840717&post_ids%5B%5D=25840766&post_ids%5B%5D=25840791&post_ids%5B%5D=25840802&post_ids%5B%5D=25840803&post_ids%5B%5D=25840805&post_ids%5B%5D=25840822&post_ids%5B%5D=25840832&post_ids%5B%5D=25840897&post_ids%5B%5D=25840910&post_ids%5B%5D=25840961&post_ids%5B%5D=25840979&post_ids%5B%5D=25840980&post_ids%5B%5D=25841005&post_ids%5B%5D=25841007&post_ids%5B%5D=25841024&post_ids%5B%5D=25841030&post_ids%5B%5D=25841040&post_ids%5B%5D=25841056,2026-10-10T07:09:41.428068+00:00,200,saved,work_packages/M1_source_access/27_newspaper_context_recovery_20261008/social_public_api/continuations/20261010_broader_history_four_hour/worker/raw/845341eadacb1885eb814af6.bin.gz,768c8f2cda692d9889eb70b3a48ecace3de57ed9758f0c72df6413a32b791f3a,7b82c6b035da862ebc9275b5b63b7cba2c8d4812510a5df6d15dc872947bc77c,100656,20300,,loaded_native_returns,21,0,application/json; charset=utf-8,100656,,server_representation_metadata; not native message publication or verified edit time
849cb0baaaf1abbaabffc50a,lemmy_nz,content,https://lemmy.nz/api/v3/comment/list?type_=Local&sort=Old&limit=50&page=1&post_id=171563,2026-10-10T06:16:48.902656+00:00,200,saved,work_packages/M1_source_access/27_newspaper_context_recovery_20261008/social_public_api/continuations/20261010_broader_history_four_hour/worker/raw/849cb0baaaf1abbaabffc50a.bin.gz,81fc804092343adead118e667a4f73f3094b03a870eb6388490acb15af1af389,141afae2a710e533f0d53270a5e1eea5e61e921842a1b8c967171ee23e7242f6,74616,9512,,loaded_native_returns,38,0,application/json,74616,,server_representation_metadata; not native message publication or verified edit time
84c88b943be3b9ea9f67df2b,lemmy_nz,content,https://lemmy.nz/api/v3/comment/list?type_=Local&sort=Old&limit=50&page=2&post_id=210968,2026-10-10T09:26:22.861943+00:00,200,saved,work_packages/M1_source_access/27_newspaper_context_recovery_20261008/social_public_api/continuations/20261010_broader_history_four_hour/worker/raw/84c88b943be3b9ea9f67df2b.bin.gz,9efdb10c81eaf55dc95e4320d1f02441576a405fb0551d5b8f1905bc0728f854,4fa14da49dc015f30581863a05d74d4091152f4549146526e99de651d5809edf,15,35,,loaded_native_returns,0,0,application/json,15,,server_representation_metadata; not native message publication or verified edit time
84d4cf0fc1d5023adacd1d77,tildes,content,https://tildes.net/~enviro/1w3m/ineos_has_opened_a_carbon_dioxide_storage_site_off_the_danish_coast_as_momentum_builds_in_europe,2026-10-10T09:36:36.227744+00:00,200,saved,work_packages/M1_source_access/27_newspaper_context_recovery_20261008/social_public_api/continuations/20261010_broader_history_four_hour/worker/raw/84d4cf0fc1d5023adacd1d77.bin.gz,77c4b8c0963290f5e5ee64b402a32c963edd0327f8d32c7a9a819c2569b069c1,e5f3d87e9c98c0f117e0c4586bac35f1bd671f0b8771624e6f1980eac3df58d3,35424,8261,,loaded_native_returns,10,0,text/html; charset=UTF-8,35424,,server_representation_metadata; not native message publication or verified edit time
84d8f4a2d5aa7098f889eea7,mastodon_us,content,https://sfba.social/api/v1/timelines/public?local=true&limit=40&max_id=116903825759000917,2026-10-10T07:39:55.609246+00:00,200,saved,work_packages/M1_source_access/27_newspaper_context_recovery_20261008/social_public_api/continuations/20261010_broader_history_four_hour/worker/raw/84d8f4a2d5aa7098f889eea7.bin.gz,f41fd14d29e177259f7696be76b4460a090879166ebd07d980c49dd61647bd14,c91ac91b33d82b1c06125358c88f9791587be0613711140f248933c767a3fe08,126779,19119,,loaded_native_returns,40,0,application/json; charset=utf-8,126779,,server_representation_metadata; not native message publication or verified edit time
8502af82f7f2809c44d55bc7,bluesky,content,https://public.api.bsky.app/xrpc/app.bsky.feed.getAuthorFeed?actor=did%3Aplc%3At5pur7eruxfgxy7ynpfrmg2w&limit=100&filter=posts_with_replies&includePins=false&cursor=2025-07-14T09%3A51%3A57.859Z,2026-10-10T08:32:28.107251+00:00,200,saved,work_packages/M1_source_access/27_newspaper_context_recovery_20261008/social_public_api/continuations/20261010_broader_history_four_hour/worker/raw/8502af82f7f2809c44d55bc7.bin.gz,548a062c15c641b4c281e906be092e2c454c31fcc65c1e25e8eb883e809cb814,e514d8b3833b1634b1e9c642634bf401ce858adb458f3a862d1bae9b7ba7113f,656218,71033,,loaded_native_returns,100,0,application/json; charset=utf-8,656218,,server_representation_metadata; not native message publication or verified edit time
8502b07f77f23cf77e188452,straight_dope,content,https://boards.straightdope.com/t/142/posts.json?post_ids%5B%5D=1207&post_ids%5B%5D=1208&post_ids%5B%5D=1209&post_ids%5B%5D=1210&post_ids%5B%5D=1211&post_ids%5B%5D=1212&post_ids%5B%5D=1213&post_ids%5B%5D=1214&post_ids%5B%5D=1215&post_ids%5B%5D=1216&post_ids%5B%5D=1217&post_ids%5B%5D=1218&post_ids%5B%5D=1219&post_ids%5B%5D=1220&post_ids%5B%5D=1221&post_ids%5B%5D=1222&post_ids%5B%5D=1223&post_ids%5B%5D=1224&post_ids%5B%5D=1225&post_ids%5B%5D=1226,2026-10-10T06:17:29.242933+00:00,200,saved,work_packages/M1_source_access/27_newspaper_context_recovery_20261008/social_public_api/continuations/20261010_broader_history_four_hour/worker/raw/8502b07f77f23cf77e188452.bin.gz,63238d9e0adee3175f21432435dd37e45b68a80afa5d9ce18ed6f85e68e097ab,11bf07282dc7769be2d5da9c2b49b75b6822ba6d60260bb056a0bdcd452a5160,70573,17530,,loaded_native_returns,21,0,application/json; charset=utf-8,70573,,server_representation_metadata; not native message publication or verified edit time
852967aaeec64cbe8f6f2abf,osm_discourse,content,https://community.openstreetmap.org/t/32254.json,2026-10-10T06:12:40.250806+00:00,200,saved,work_packages/M1_source_access/27_newspaper_context_recovery_20261008/social_public_api/continuations/20261010_broader_history_four_hour/worker/raw/852967aaeec64cbe8f6f2abf.bin.gz,30e906f422699b0dea8358d0ec604c0034bf6137cd772362ca7066a56ca94f41,538bd74cc0bd2c337867487ace6dded646f0f6f87b8d0646d368c8f5eb342791,12805,3003,,loaded_native_returns,2,0,application/json; charset=utf-8,12805,,server_representation_metadata; not native message publication or verified edit time
852ccf871999e467cb8b4b83,lemmy_nz,content,https://lemmy.nz/api/v3/comment/list?type_=Local&sort=Old&limit=50&page=1&post_id=174973,2026-10-10T06:22:27.819956+00:00,200,saved,work_packages/M1_source_access/27_newspaper_context_recovery_20261008/social_public_api/continuations/20261010_broader_history_four_hour/worker/raw/852ccf871999e467cb8b4b83.bin.gz,4de103a1276d0958b91ed26c846afcab4bb3619c4d4e4962a6fcbc11fc8a9c3d,c86b5469986123f9cb9b251fea7ac26864cac79dc0b2b2a00b573109d975e8c7,58914,4496,,loaded_native_returns,36,0,application/json,58914,,server_representation_metadata; not native message publication or verified edit time
855769811f7301c1aabacecd,bluesky,content,https://public.api.bsky.app/xrpc/app.bsky.feed.getAuthorFeed?actor=did%3Aplc%3At5pur7eruxfgxy7ynpfrmg2w&limit=100&filter=posts_with_replies&includePins=false&cursor=2025-07-14T00%3A11%3A18.544Z,2026-10-10T08:43:47.566413+00:00,200,saved,work_packages/M1_source_access/27_newspaper_context_recovery_20261008/social_public_api/continuations/20261010_broader_history_four_hour/worker/raw/855769811f7301c1aabacecd.bin.gz,b1263dcb3a4c0710152b65b64d0311fec640ceefaeb0806e30b7b29da3943194,80a800d499e79d6de8e626ca000c139a163b4fcb1ceea7a8efa34160d1bbef82,609030,62413,,loaded_native_returns,100,0,application/json; charset=utf-8,609030,,server_representation_metadata; not native message publication or verified edit time
85ba8878495b3ef949e28ee3,hackernews,content,https://hacker-news.firebaseio.com/v0/item/129.json,2026-10-10T06:19:58.085419+00:00,200,saved,work_packages/M1_source_access/27_newspaper_context_recovery_20261008/social_public_api/continuations/20261010_broader_history_four_hour/worker/raw/85ba8878495b3ef949e28ee3.bin.gz,46c77935c80c0fe7b2a9440a07367fceff71cb22343beb5a5468e39734548c61,395a921bc039065f8f0d38a52b5cde91ef1edb6e02bd34cefb270f541f2dbc75,249,205,,loaded_native_returns,1,0,application/json; charset=utf-8,249,,server_representation_metadata; not native message publication or verified edit time
85ebee6aefcff879aff53222,tildes,content,https://tildes.net/~movies/1w3z/la_bola_negra_wins_peoples_choice_award_at_toronto_film_festival,2026-10-10T08:24:14.573431+00:00,200,saved,work_packages/M1_source_access/27_newspaper_context_recovery_20261008/social_public_api/continuations/20261010_broader_history_four_hour/worker/raw/85ebee6aefcff879aff53222.bin.gz,c6a7f616fb8f01d2eb65bf5146e69a42f6fefcbefb9a6c137a4f214e7b00d25b,823da1135ece68b1f52ae45004fb3837afad1a1a8a46af0f87153094d6af0c4b,12155,3482,,loaded_native_returns,2,0,text/html; charset=UTF-8,12155,,server_representation_metadata; not native message publication or verified edit time
85f71d0df1ac69d7b6f84f93,straight_dope,content,https://boards.straightdope.com/t/712149/posts.json?post_ids%5B%5D=18050290&post_ids%5B%5D=18051028&post_ids%5B%5D=18051255&post_ids%5B%5D=18051283&post_ids%5B%5D=18051406&post_ids%5B%5D=18051433&post_ids%5B%5D=18051478&post_ids%5B%5D=18051514&post_ids%5B%5D=18051625&post_ids%5B%5D=18051642&post_ids%5B%5D=18051679&post_ids%5B%5D=18051822&post_ids%5B%5D=18052103&post_ids%5B%5D=18052253&post_ids%5B%5D=18052262&post_ids%5B%5D=18052287&post_ids%5B%5D=18052441&post_ids%5B%5D=18052447&post_ids%5B%5D=18052462&post_ids%5B%5D=18052507,2026-10-10T08:46:05.664670+00:00,200,saved,work_packages/M1_source_access/27_newspaper_context_recovery_20261008/social_public_api/continuations/20261010_broader_history_four_hour/worker/raw/85f71d0df1ac69d7b6f84f93.bin.gz,521c2ffe0c9821abaf2664463922171e3a394ef32b1ada1e17b42f0159e8a9cc,81adc63e35a09a2cdd48d362ff12f7c591a3ad98cf5af5766fefaf2f7b06d0b0,31464,2959,,loaded_native_returns,21,0,application/json; charset=utf-8,31464,,server_representation_metadata; not native message publication or verified edit time
8618a0629c77258b508c1a58,mastodon_au,content,https://aus.social/api/v1/timelines/public?local=true&limit=40&max_id=116937818825573901,2026-10-10T07:19:23.972616+00:00,200,saved,work_packages/M1_source_access/27_newspaper_context_recovery_20261008/social_public_api/continuations/20261010_broader_history_four_hour/worker/raw/8618a0629c77258b508c1a58.bin.gz,eec23754993df6c34021f1a6fa400b0151d24f27b914a1aa2f78fc13bf35b302,230fe3f649861ae4c64fb4ee4311e981089a42c3aaaee9601a2ad5bbedaa3219,158060,26384,,loaded_native_returns,40,0,application/json; charset=utf-8,158060,,server_representation_metadata; not native message publication or verified edit time
8620433318f6a2f131bda895,bluesky,content,https://public.api.bsky.app/xrpc/app.bsky.feed.getAuthorFeed?actor=did%3Aplc%3At5pur7eruxfgxy7ynpfrmg2w&limit=100&filter=posts_with_replies&includePins=false&cursor=2025-07-17T13%3A02%3A37.614Z,2026-10-10T07:40:01.658924+00:00,200,saved,work_packages/M1_source_access/27_newspaper_context_recovery_20261008/social_public_api/continuations/20261010_broader_history_four_hour/worker/raw/8620433318f6a2f131bda895.bin.gz,4a58f2bc17ad520cbdf7dc8cd7d321c4c9339b2827052655ea2dbc481e6b2ca9,a61e899e55cb39a0da854062809fda7b7eae7f05c2354c7ae76eb57e5a8ca5c5,559389,60352,,loaded_native_returns,102,0,application/json; charset=utf-8,559389,,server_representation_metadata; not native message publication or verified edit time
863d2766b21ba95d930bfef1,mastodon_us,content,https://sfba.social/api/v1/timelines/public?local=true&limit=40&max_id=116881911700881843,2026-10-10T08:45:30.701540+00:00,200,saved,work_packages/M1_source_access/27_newspaper_context_recovery_20261008/social_public_api/continuations/20261010_broader_history_four_hour/worker/raw/863d2766b21ba95d930bfef1.bin.gz,9b1a0ca5797a2f74e026e219d4d2ced6d143b334752e31c826000acd726ee635,3e3758e42defee9fc6a1079fad149d35e1f5142a2eba9fcff958f8f9db3291dd,169327,24273,,loaded_native_returns,40,0,application/json; charset=utf-8,169327,,server_representation_metadata; not native message publication or verified edit time
86495c9745581fb3e45294ce,mastodon_uk,content,https://mastodon.me.uk/api/v1/timelines/public?local=true&limit=40&max_id=116268590383281189,2026-10-10T06:00:08.294488+00:00,200,saved,work_packages/M1_source_access/27_newspaper_context_recovery_20261008/social_public_api/continuations/20261010_broader_history_four_hour/worker/raw/86495c9745581fb3e45294ce.bin.gz,ceb731e21935d2e8ed02167098ebf0662e2afcfffc0c25d1d0ab490d7858fede,b80b33a4ed993097231e3958d86a7e8f14189fbe7b7fbb1fbf7a5616120153c3,137298,16253,,loaded_native_returns,40,0,application/json; charset=utf-8,137298,,server_representation_metadata; not native message publication or verified edit time
866e388f1e745eac04a5a7c3,w3_wwwtalk,content,https://lists.w3.org/Archives/Public/www-talk/1992JulAug/0032.html,2026-10-10T08:44:02.591536+00:00,200,saved,work_packages/M1_source_access/27_newspaper_context_recovery_20261008/social_public_api/continuations/20261010_broader_history_four_hour/worker/raw/866e388f1e745eac04a5a7c3.bin.gz,1fd116521f170cdb360cba54e447d8833f724001bd61e0ce0c1130619846b80a,ed4e7b65a9cff5a7030a0316c8874755867a4f2dd04053f7ef95ac88e4e3e571,2372,818,,loaded_native_returns,1,0,text/html,,"Mon, 04 Aug 2003 15:50:19 GMT",server_representation_metadata; not native message publication or verified edit time
867f1b381240c91a4f9d719d,python_discourse,content,https://discuss.python.org/t/532.json,2026-10-10T07:16:28.089196+00:00,200,saved,work_packages/M1_source_access/27_newspaper_context_recovery_20261008/social_public_api/continuations/20261010_broader_history_four_hour/worker/raw/867f1b381240c91a4f9d719d.bin.gz,27b159ea2499b90e9d5aa56cff76c142bd8a9339ed0efac5619a7288d729b149,c58166156c4be8f122be116efdd7a2b0602f32fae98206a32dcf4ad3ca766c76,15436,3558,,loaded_native_returns,4,0,application/json; charset=utf-8,15436,,server_representation_metadata; not native message publication or verified edit time
86adfcbb046dfa523a4bff17,dowire_tc_umn,content,https://www.mail-archive.com/do-wire%40tc.umn.edu/mail2.html,2026-10-10T06:24:18.930395+00:00,200,saved,work_packages/M1_source_access/27_newspaper_context_recovery_20261008/social_public_api/continuations/20261010_broader_history_four_hour/worker/raw/86adfcbb046dfa523a4bff17.bin.gz,9946078d833c46e9fccde0416aa96b673c5687a856bd8fb8253fbc7a9c1fc81d,7dea0e096ff6d7f9bba64d5ca3cd9621659d000397e6caaa1bf65d1cc72c0afd,49176,9832,,loaded_native_returns,0,0,text/html; charset=UTF-8,,,server_representation_metadata; not native message publication or verified edit time
86cafb2605463bf09668a0f1,tildes,content,https://tildes.net/~movies/1w4d/paramount_settles_with_california_other_states_over_warner_bros_merger,2026-10-10T07:34:15.144605+00:00,200,saved,work_packages/M1_source_access/27_newspaper_context_recovery_20261008/social_public_api/continuations/20261010_broader_history_four_hour/worker/raw/86cafb2605463bf09668a0f1.bin.gz,4bd0e2f8e107bffb23de24ca0ddd9c8bbd3ba0d45930024ec01fb38aea1f27e9,54e977a9a158508be7aa9844d39c1b0e359a376218d5a73378242263f00e3c5a,50030,8488,,loaded_native_returns,20,0,text/html; charset=UTF-8,50030,,server_representation_metadata; not native message publication or verified edit time
8723916913fb75ac1f1f80f7,thesession,content,https://thesession.org/discussions/9,2026-10-10T07:57:57.250261+00:00,200,saved,work_packages/M1_source_access/27_newspaper_context_recovery_20261008/social_public_api/continuations/20261010_broader_history_four_hour/worker/raw/8723916913fb75ac1f1f80f7.bin.gz,10e945465c661fd07d0041a28d311e242a354491f1b16fd6034a95cc2f5844af,d14a251fb361dbdd0519a45bfdb1ed0ce280d691ae98f953f636cb42ebfa3b44,57643,13408,,loaded_native_returns,3,0,text/html; charset=utf-8,,,server_representation_metadata; not native message publication or verified edit time
879e044f72d302407964e510,tildes,content,https://tildes.net/~life.pets/1w3q/weekly_thread_for_casual_chat_and_photos_of_pets,2026-10-10T09:26:20.197122+00:00,200,saved,work_packages/M1_source_access/27_newspaper_context_recovery_20261008/social_public_api/continuations/20261010_broader_history_four_hour/worker/raw/879e044f72d302407964e510.bin.gz,5ff3b895d568941eb9fd6bb93cf1ebee439ec581b95abcb01f746f350d2e2aa6,80e05d013f5cad859d5d7bc580a9367366d1295d55404f6aa43099608d9c199f,6373,2062,,loaded_native_returns,1,0,text/html; charset=UTF-8,6373,,server_representation_metadata; not native message publication or verified edit time
879e49169450e002e9232754,mastodon_au,content,https://aus.social/api/v1/timelines/public?local=true&limit=40&max_id=116944416818543303,2026-10-10T06:58:24.403557+00:00,200,saved,work_packages/M1_source_access/27_newspaper_context_recovery_20261008/social_public_api/continuations/20261010_broader_history_four_hour/worker/raw/879e49169450e002e9232754.bin.gz,2c0a35a12ab9c0f055351e8f77b9cdbdccf637ab33665af069e29fec6e4ae530,3d10caba956513ee4b6cb8ddc0e269451b8847341651d4eec16bc0c1e3d58f4e,162088,29103,,loaded_native_returns,40,0,application/json; charset=utf-8,162088,,server_representation_metadata; not native message publication or verified edit time
87e107598855b4d9f7461aee,osm_discourse,content,https://community.openstreetmap.org/t/32275.json,2026-10-10T06:32:51.051264+00:00,200,saved,work_packages/M1_source_access/27_newspaper_context_recovery_20261008/social_public_api/continuations/20261010_broader_history_four_hour/worker/raw/87e107598855b4d9f7461aee.bin.gz,a4fa6f3f6da351fa696fac875663639bd3d2772991affb089c09fee325c7fbb8,c4126f5e5478ee6e9726da84452627bcfeb27d1a4432291dac0366e9daf01d2c,17928,4298,,loaded_native_returns,3,0,application/json; charset=utf-8,17928,,server_representation_metadata; not native message publication or verified edit time
8838ecc85696e3c30927bf25,python_list_archive,content,https://mail.python.org/pipermail/python-list/2004-March.txt,2026-10-10T05:57:03.613128+00:00,200,saved,work_packages/M1_source_access/27_newspaper_context_recovery_20261008/social_public_api/continuations/20261010_broader_history_four_hour/worker/raw/8838ecc85696e3c30927bf25.bin.gz,36f900aefc26439024a915f3964d44ebb9724ed1d4fba0cac98d28a70bd00c45,5aa8fa34e678c69e33c72786e06f4489c7b011f9a3e4044cb71fdd843bf71869,7839493,3073785,,loaded_native_returns,5143,0,text/plain,7839493,"Sun, 27 Oct 2019 22:26:20 GMT",server_representation_metadata; not native message publication or verified edit time
887ec5fa99a6d138e6f9167c,python_discourse,content,https://discuss.python.org/t/603.json,2026-10-10T07:51:05.930226+00:00,200,saved,work_packages/M1_source_access/27_newspaper_context_recovery_20261008/social_public_api/continuations/20261010_broader_history_four_hour/worker/raw/887ec5fa99a6d138e6f9167c.bin.gz,50fe32ef6d7e301f0e5f77735dfdcece1d04eea238f74971da67ecaab48787b4,d152a146c19f9c032c3d24fb3ded79a6aef2246df2893f5ab20883620d93cf7c,4976,1592,,loaded_native_returns,2,0,application/json; charset=utf-8,4976,,server_representation_metadata; not native message publication or verified edit time
88955a8b1580c6fb83b51480,dowire_lists_umn,content,https://www.mail-archive.com/do-wire%40lists.umn.edu/msg00000.html,2026-10-10T06:29:52.822915+00:00,200,saved,work_packages/M1_source_access/27_newspaper_context_recovery_20261008/social_public_api/continuations/20261010_broader_history_four_hour/worker/raw/88955a8b1580c6fb83b51480.bin.gz,6366311a640ebb7a6bd432214b81767f6b78a155d217444790195d5870ca6c77,563e3ab972a4f29aaefe61c4b0cf57f261db945308dc8059a9d29e01a7b00867,15941,6400,,loaded_native_returns,1,0,text/html; charset=utf-8,,,server_representation_metadata; not native message publication or verified edit time
88aa988ed30d867d55c353af,dowire_civic_archive,source_metadata,https://www.mail-archive.com/do-wire%40lists.umn.edu/,2026-10-10T06:17:43.476191+00:00,200,saved,work_packages/M1_source_access/27_newspaper_context_recovery_20261008/social_public_api/continuations/20261010_broader_history_four_hour/worker/raw/88aa988ed30d867d55c353af.bin.gz,752f1654019cdb9e202636834ab1106752cd5bc6121e374c8d2434df4f5a4f15,ea315ec69da9d7988e4a51f411abbde8208f0582b96acc601b153038b63acfbb,40125,8729,,noncontent_access_policy_or_frame_metadata,0,0,text/html; charset=UTF-8,,,server_representation_metadata; not native message publication or verified edit time
8990434eaee8e5562f4cd597,hackernews,content,https://hacker-news.firebaseio.com/v0/item/212.json,2026-10-10T09:33:36.117146+00:00,200,saved,work_packages/M1_source_access/27_newspaper_context_recovery_20261008/social_public_api/continuations/20261010_broader_history_four_hour/worker/raw/8990434eaee8e5562f4cd597.bin.gz,268072a5266cf9eb8162d6bb11921f38463fa11eae0adb9b7647e55a17a45515,00a1e6fef10854393e690b2b70fdd44ca63cadd0298d1b997243350486ef2ac9,273,231,,loaded_native_returns,1,0,application/json; charset=utf-8,273,,server_representation_metadata; not native message publication or verified edit time
8a30105223806d454927c443,osm_discourse,content,https://community.openstreetmap.org/t/32449.json,2026-10-10T08:17:28.967668+00:00,200,saved,work_packages/M1_source_access/27_newspaper_context_recovery_20261008/social_public_api/continuations/20261010_broader_history_four_hour/worker/raw/8a30105223806d454927c443.bin.gz,1f280d4826c611dae0d5a586e957a87bcebca5c3a2d7fd7bee1c01579fbed1b5,e92b8b1b6322185b7de0381ee9e41db278d114a0a1aa5f4ad7bee5043bd7f9a9,18688,3660,,loaded_native_returns,6,0,application/json; charset=utf-8,18688,,server_representation_metadata; not native message publication or verified edit time
8a31e7f3115c98c986c8cf50,tildes,content,https://tildes.net/~tech/1a2m/reddit_faces_content_quality_concerns_after_its_great_mod_purge,2026-10-10T09:40:50.391061+00:00,200,saved,work_packages/M1_source_access/27_newspaper_context_recovery_20261008/social_public_api/continuations/20261010_broader_history_four_hour/worker/raw/8a31e7f3115c98c986c8cf50.bin.gz,c84b96088a120172c34ed2f6e6bbb37ccdd6552cd58b7d74b2d9d56476b86630,941afcb023812fbd0dc2362d891f8ce27edeee2b0d9bf45fb014d1c519ba9e82,215326,34605,,loaded_native_returns,89,0,text/html; charset=UTF-8,215326,,server_representation_metadata; not native message publication or verified edit time
8a4de8ae03909899e9636c36,bluesky,content,https://public.api.bsky.app/xrpc/app.bsky.feed.getAuthorFeed?actor=did%3Aplc%3Aragtjsm2j2vknwkz3zp4oxrd&limit=100&filter=posts_with_replies&includePins=false&cursor=2023-09-22T18%3A53%3A28.22Z,2026-10-10T07:57:49.974805+00:00,200,saved,work_packages/M1_source_access/27_newspaper_context_recovery_20261008/social_public_api/continuations/20261010_broader_history_four_hour/worker/raw/8a4de8ae03909899e9636c36.bin.gz,1a012f18011bd2718bbf67cff298c21df463d36bdcbf4889bc4896fc6b6086ec,50b3ff18455c7061c1b735e867d6aa38d66f4514d3cb787a92ee571899903a97,470453,37440,,loaded_native_returns,106,0,application/json; charset=utf-8,470453,,server_representation_metadata; not native message publication or verified edit time
8a6c8d573e0021e03cd39e79,python_list_archive,content,https://mail.python.org/pipermail/python-list/2010-August.txt,2026-10-10T08:39:00.489323+00:00,200,saved,work_packages/M1_source_access/27_newspaper_context_recovery_20261008/social_public_api/continuations/20261010_broader_history_four_hour/worker/raw/8a6c8d573e0021e03cd39e79.bin.gz,c50d802fe504fdefc1933ddf709e513af950d1d708d0e8bbcf9937614903ee8a,cd2eb4e4d660273b9df94fa6a64d195043b8234d1403733f4da71d7aebc650dd,10599581,2789898,,loaded_native_returns,6230,0,text/plain,10599581,"Mon, 28 Oct 2019 10:07:41 GMT",server_representation_metadata; not native message publication or verified edit time
8acd433eb5fc362278d33789,mastodon_us,content,https://sfba.social/api/v1/timelines/public?local=true&limit=40&max_id=116884854402765097,2026-10-10T08:38:04.705430+00:00,200,saved,work_packages/M1_source_access/27_newspaper_context_recovery_20261008/social_public_api/continuations/20261010_broader_history_four_hour/worker/raw/8acd433eb5fc362278d33789.bin.gz,ddf68b44f12f13fb962177f4368465acb6183e7c5d8a7d821ae7769578ae70fa,e6a23b36879a48b49d17b5e80a042c2fccfc25c1c047ed31040b326776f5b154,155356,26236,,loaded_native_returns,40,0,application/json; charset=utf-8,155356,,server_representation_metadata; not native message publication or verified edit time
8b14af00baf31d39ddaf1143,python_list_archive,content,https://mail.python.org/pipermail/python-list/2010-February.txt,2026-10-10T08:27:37.259810+00:00,200,saved,work_packages/M1_source_access/27_newspaper_context_recovery_20261008/social_public_api/continuations/20261010_broader_history_four_hour/worker/raw/8b14af00baf31d39ddaf1143.bin.gz,16c088ed432dd12f596e716ab159f7ecd0209b3177f2c4a1994d69b2645aca5b,ffac11e4e6038bdec98e3f7bd063cba8093bb5659998f9b5bfbd17bdc82b893f,12182443,3239666,,loaded_native_returns,6964,0,text/plain,12182443,"Mon, 28 Oct 2019 10:05:11 GMT",server_representation_metadata; not native message publication or verified edit time
8b80916c90b8c6d6001c6609,w3_wwwtalk,content,https://lists.w3.org/Archives/Public/www-talk/1992MayJun/0027.html,2026-10-10T06:04:39.316340+00:00,200,saved,work_packages/M1_source_access/27_newspaper_context_recovery_20261008/social_public_api/continuations/20261010_broader_history_four_hour/worker/raw/8b80916c90b8c6d6001c6609.bin.gz,02e5089b54fe147598b0882a7e968eb2945687214586152c326d1472a7aca1b8,7a8584f22def6a165a329eb3f97bf6d77cb7f506d27af94b2303150ddfb97585,3538,1422,,loaded_native_returns,1,0,text/html,,"Mon, 04 Aug 2003 15:50:20 GMT",server_representation_metadata; not native message publication or verified edit time
8ba1d4c767e97a8c204eeaf5,osm_discourse,content,https://community.openstreetmap.org/t/32487.json,2026-10-10T08:40:38.076546+00:00,200,saved,work_packages/M1_source_access/27_newspaper_context_recovery_20261008/social_public_api/continuations/20261010_broader_history_four_hour/worker/raw/8ba1d4c767e97a8c204eeaf5.bin.gz,3ec1eaacbc693da972fe1164c1951655c9378697642669152096932d7a143286,67281cfa6eefe5e1ec01b35ad479cdd43c80587c8f4626a75ffb273569c62822,15331,3504,,loaded_native_returns,4,0,application/json; charset=utf-8,15331,,server_representation_metadata; not native message publication or verified edit time
8bac79702fa728159b4d4d8f,osm_discourse,content,https://community.openstreetmap.org/t/32419.json,2026-10-10T08:03:07.852577+00:00,200,saved,work_packages/M1_source_access/27_newspaper_context_recovery_20261008/social_public_api/continuations/20261010_broader_history_four_hour/worker/raw/8bac79702fa728159b4d4d8f.bin.gz,34ed0a16c5d825ec53fba850190db4233100db444980a35a6517866e5a41af9c,2172ce0aae7c6876f95e071de34fcff436152922caed592a39c67f0411480b52,21305,4558,,loaded_native_returns,6,0,application/json; charset=utf-8,21305,,server_representation_metadata; not native message publication or verified edit time
8bc0336c16bc8bd249639b8f,thesession,content,https://thesession.org/discussions/new?format=json&perpage=50&page=928,2026-10-10T07:46:10.851521+00:00,200,saved,work_packages/M1_source_access/27_newspaper_context_recovery_20261008/social_public_api/continuations/20261010_broader_history_four_hour/worker/raw/8bc0336c16bc8bd249639b8f.bin.gz,6978b4c239260b43ac673588317105128a90f1e31f4e0e6f300b9e8df4acb68b,ad8ac5512612dc29fa7886cc1e4ed2d2848cde5a5041a77bd84b00a903cd97f1,19356,2486,,loaded_native_returns,0,0,application/json; charset=utf-8,,,server_representation_metadata; not native message publication or verified edit time
8bd6d34c1f5f1c7bc2b94c43,python_list_archive,content,https://mail.python.org/pipermail/python-list/2008-May.txt,2026-10-10T07:40:49.897275+00:00,200,saved,work_packages/M1_source_access/27_newspaper_context_recovery_20261008/social_public_api/continuations/20261010_broader_history_four_hour/worker/raw/8bd6d34c1f5f1c7bc2b94c43.bin.gz,8e12d33871a615bc0ea5c853242d4b927aa4604212149f1a7b979b66ce4c642d,6024274fddcd4cd36fa5c3d8d9949c2ecb4149b200785dc1fb3d8d0db3f8b53e,16266033,6269151,,loaded_native_returns,10014,0,text/plain,16266033,"Mon, 28 Oct 2019 09:52:28 GMT",server_representation_metadata; not native message publication or verified edit time
8c34d2167f27cf4b5d4b348a,straight_dope,content,https://boards.straightdope.com/t/1025298/posts.json?post_ids%5B%5D=25833592&post_ids%5B%5D=25833600&post_ids%5B%5D=25833603&post_ids%5B%5D=25833626&post_ids%5B%5D=25833640&post_ids%5B%5D=25833641&post_ids%5B%5D=25833647&post_ids%5B%5D=25833657&post_ids%5B%5D=25833668&post_ids%5B%5D=25833672&post_ids%5B%5D=25833735&post_ids%5B%5D=25833839&post_ids%5B%5D=25833897&post_ids%5B%5D=25833901&post_ids%5B%5D=25833917&post_ids%5B%5D=25834012&post_ids%5B%5D=25834067&post_ids%5B%5D=25834068&post_ids%5B%5D=25834072&post_ids%5B%5D=25834288,2026-10-10T06:50:26.247635+00:00,200,saved,work_packages/M1_source_access/27_newspaper_context_recovery_20261008/social_public_api/continuations/20261010_broader_history_four_hour/worker/raw/8c34d2167f27cf4b5d4b348a.bin.gz,225a424dd8c3cc89cd86c6e803becf33a4c5e67344cee7a12758888898dc1d82,50fb676bffcdfbef9e5bc5caa4cdde5bbc97735e9ce5ceff29164c61fb4a0b0a,68415,13822,,loaded_native_returns,21,0,application/json; charset=utf-8,68415,,server_representation_metadata; not native message publication or verified edit time
8c35fb35c9062341c1d50277,dowire_lists_umn,content,https://www.mail-archive.com/do-wire%40lists.umn.edu/msg00007.html,2026-10-10T06:41:44.615419+00:00,200,saved,work_packages/M1_source_access/27_newspaper_context_recovery_20261008/social_public_api/continuations/20261010_broader_history_four_hour/worker/raw/8c35fb35c9062341c1d50277.bin.gz,95ec0771bba60aacfdd1b1dca2c906e30b1c26c09ce90fe5e8419f4108c0cf92,d4b98773bfb8fe8dc851586c74f9dc4711600b5b182778706d3138f6eb965cec,13542,5522,,loaded_native_returns,1,0,text/html; charset=utf-8,,,server_representation_metadata; not native message publication or verified edit time
8c3b91c20ab4c65135246acf,w3_wwwtalk,content,https://lists.w3.org/Archives/Public/www-talk/1992JulAug/0003.html,2026-10-10T07:46:15.140182+00:00,200,saved,work_packages/M1_source_access/27_newspaper_context_recovery_20261008/social_public_api/continuations/20261010_broader_history_four_hour/worker/raw/8c3b91c20ab4c65135246acf.bin.gz,68a1f4541de2c77fcb437c8761e4dd09f3c3c3761ff9734490c8bc5e76a8f9e0,9e2b5d3bcfb37b94d0eb67ab1dba00969a19f8d91f201ccb25cb144a55f7447b,3071,1076,,loaded_native_returns,1,0,text/html,,"Mon, 04 Aug 2003 15:50:19 GMT",server_representation_metadata; not native message publication or verified edit time
8c76e951e810de0b47611ff3,bluesky,content,https://public.api.bsky.app/xrpc/app.bsky.feed.getAuthorFeed?actor=did%3Aplc%3At5pur7eruxfgxy7ynpfrmg2w&limit=100&filter=posts_with_replies&includePins=false&cursor=2025-07-11T19%3A55%3A57.437Z,2026-10-10T09:42:28.766331+00:00,200,saved,work_packages/M1_source_access/27_newspaper_context_recovery_20261008/social_public_api/continuations/20261010_broader_history_four_hour/worker/raw/8c76e951e810de0b47611ff3.bin.gz,e9a5afac96e3ad29b380db879b5ae03b8b0254c2e066f4ec420ba4ed7d77cf77,7be6745e1a5a43347b8cfa00459f21f1e215b2401380dbced0e102d29eacbfd6,591059,61200,,loaded_native_returns,100,0,application/json; charset=utf-8,591059,,server_representation_metadata; not native message publication or verified edit time
8c88f9868e987a3e0ba6118c,hackernews,content,https://hacker-news.firebaseio.com/v0/item/119.json,2026-10-10T05:59:28.653690+00:00,200,saved,work_packages/M1_source_access/27_newspaper_context_recovery_20261008/social_public_api/continuations/20261010_broader_history_four_hour/worker/raw/8c88f9868e987a3e0ba6118c.bin.gz,1a319dd0311963ae2c05d92fbc9c3056f88610fc472160b637bb3fdfb50fe4ea,5e36793ace55ee6a7a905d5dc4d0631578d7e21141f926b59d62dcc5e0d9ba99,166,154,,loaded_native_returns,1,0,application/json; charset=utf-8,166,,server_representation_metadata; not native message publication or verified edit time
8ca727112c433941ab416487,mastodon_au,content,https://aus.social/api/v1/timelines/public?local=true&limit=40&max_id=116911403652411704,2026-10-10T08:45:24.445958+00:00,200,saved,work_packages/M1_source_access/27_newspaper_context_recovery_20261008/social_public_api/continuations/20261010_broader_history_four_hour/worker/raw/8ca727112c433941ab416487.bin.gz,a7e9415cd9814f4b4f5380e1f87e3f1b40800b8c066bb9d836a91885ff53bf79,0605a872fdec4a827aa776c426238a60d462bbf7f6248bddd2930f4d3beb3509,151576,26175,,loaded_native_returns,40,0,application/json; charset=utf-8,151576,,server_representation_metadata; not native message publication or verified edit time
8cd1beb27653b77a5c28cbcc,mastodon_uk,content,https://mastodon.me.uk/api/v1/timelines/public?local=true&limit=40&max_id=116200676191311697,2026-10-10T07:23:00.069120+00:00,200,saved,work_packages/M1_source_access/27_newspaper_context_recovery_20261008/social_public_api/continuations/20261010_broader_history_four_hour/worker/raw/8cd1beb27653b77a5c28cbcc.bin.gz,909df4476b108cae96ec4976f4cfdcaf566b8da41e377cf76740d001bdceb6c4,2e9fec4cf60226f387f3bc93a42c073802c7a9c428b0c92caa398096debdf285,150690,22029,,loaded_native_returns,40,0,application/json; charset=utf-8,150690,,server_representation_metadata; not native message publication or verified edit time
8cd288e6de799ae4739dcb12,urban75,policy,https://www.urban75.net/forums/help/terms/,2026-10-10T07:23:17.836273+00:00,200,saved,work_packages/M1_source_access/27_newspaper_context_recovery_20261008/social_public_api/continuations/20261010_broader_history_four_hour/worker/raw/8cd288e6de799ae4739dcb12.bin.gz,e134b8256a0d535b7f91fb08e1a74e1cdd3f7d98fd3e58ff087fd3d6170d1512,28a6c27151607566dec6e50bad8a29478551381cb239934dce93e9c552c05f3f,45941,14022,,noncontent_access_policy_or_frame_metadata,0,0,text/html; charset=utf-8,,"Sat, 10 Oct 2026 07:23:17 GMT",server_representation_metadata; not native message publication or verified edit time
8cd723ed18de3ae45bd1a80a,lemmy_nz,content,https://lemmy.nz/api/v3/comment/list?type_=Local&sort=Old&limit=50&page=2&post_id=192392,2026-10-10T07:57:23.504836+00:00,200,saved,work_packages/M1_source_access/27_newspaper_context_recovery_20261008/social_public_api/continuations/20261010_broader_history_four_hour/worker/raw/8cd723ed18de3ae45bd1a80a.bin.gz,9efdb10c81eaf55dc95e4320d1f02441576a405fb0551d5b8f1905bc0728f854,4fa14da49dc015f30581863a05d74d4091152f4549146526e99de651d5809edf,15,35,,loaded_native_returns,0,0,application/json,15,,server_representation_metadata; not native message publication or verified edit time
8cec222ade190074429e95f8,osm_discourse,content,https://community.openstreetmap.org/t/32352.json,2026-10-10T07:21:50.420092+00:00,200,saved,work_packages/M1_source_access/27_newspaper_context_recovery_20261008/social_public_api/continuations/20261010_broader_history_four_hour/worker/raw/8cec222ade190074429e95f8.bin.gz,6f4a3ccb6195a874261765003636089b5dc7e231f5632b11b30e0852e53eb165,04c697c925cf3bc74c6567be36d18aea52894df0079a9840809d1fcfef6f6201,21285,4755,,loaded_native_returns,5,0,application/json; charset=utf-8,21285,,server_representation_metadata; not native message publication or verified edit time
8d1749e3019fd95e20563602,straight_dope,content,https://boards.straightdope.com/t/712149/posts.json?post_ids%5B%5D=18030942&post_ids%5B%5D=18030956&post_ids%5B%5D=18030972&post_ids%5B%5D=18030986&post_ids%5B%5D=18031022&post_ids%5B%5D=18031181&post_ids%5B%5D=18031302&post_ids%5B%5D=18031332&post_ids%5B%5D=18031360&post_ids%5B%5D=18031366&post_ids%5B%5D=18031445&post_ids%5B%5D=18031483&post_ids%5B%5D=18031590&post_ids%5B%5D=18031612&post_ids%5B%5D=18031636&post_ids%5B%5D=18031691&post_ids%5B%5D=18031714&post_ids%5B%5D=18031795&post_ids%5B%5D=18031942&post_ids%5B%5D=18032089,2026-10-10T08:38:36.934724+00:00,200,saved,work_packages/M1_source_access/27_newspaper_context_recovery_20261008/social_public_api/continuations/20261010_broader_history_four_hour/worker/raw/8d1749e3019fd95e20563602.bin.gz,33ddef498a3211f8fc53603e634a37008e00bc8642ac807d94d8d822b5b72ba7,53dcf27d75b5723dcb0df9c7a35c261f693fc1a3dbb8eb5be8864c2a16a42123,30774,2603,,loaded_native_returns,21,0,application/json; charset=utf-8,30774,,server_representation_metadata; not native message publication or verified edit time
8d3a2db0f5af0f644c81e623,mastodon_uk,content,https://mastodon.me.uk/api/v1/timelines/public?local=true&limit=40&max_id=116188879940072469,2026-10-10T07:34:29.798464+00:00,200,saved,work_packages/M1_source_access/27_newspaper_context_recovery_20261008/social_public_api/continuations/20261010_broader_history_four_hour/worker/raw/8d3a2db0f5af0f644c81e623.bin.gz,a1a482a34d4f39c4373496d489cb41a2f9e896ec94ba46ff8e936292cc96c0e9,62d281930ce94dd397a6e0cff45296017620f3ec0a921df5e56ee205e6ecab72,147687,19301,,loaded_native_returns,40,0,application/json; charset=utf-8,147687,,server_representation_metadata; not native message publication or verified edit time
8d4316e27fc956f9881b811e,tildes,content,https://tildes.net/?order=new&period=all&after=1wd5,2026-10-10T06:24:25.544650+00:00,200,saved,work_packages/M1_source_access/27_newspaper_context_recovery_20261008/social_public_api/continuations/20261010_broader_history_four_hour/worker/raw/8d4316e27fc956f9881b811e.bin.gz,cf4e6d430f825507c7fe75b1b131e58a2f5cca7467cca3264d9399c0f389be85,eb4d76bfe01dda7eccf6e90e1154c871f1e60d738ec4f12b8508c608a72757fb,116172,19779,,loaded_native_returns,50,0,text/html; charset=UTF-8,116172,,server_representation_metadata; not native message publication or verified edit time
8d631555429358c285bb75b7,python_discourse,content,https://discuss.python.org/t/627.json,2026-10-10T08:15:15.387994+00:00,200,saved,work_packages/M1_source_access/27_newspaper_context_recovery_20261008/social_public_api/continuations/20261010_broader_history_four_hour/worker/raw/8d631555429358c285bb75b7.bin.gz,9b174c2163d9124e89cd09a07d97a747e269900f4f715d3295b67fea5fb0a308,37caead915c00740c2ef1a8d678149a7c2813d22610f793a0501898cb033a925,12433,2511,,loaded_native_returns,6,0,application/json; charset=utf-8,12433,,server_representation_metadata; not native message publication or verified edit time
8d6c3e5a695feb91bac0715c,mastodon_au,content,https://aus.social/api/v1/timelines/public?local=true&limit=40&max_id=116927104504102896,2026-10-10T07:56:13.450227+00:00,200,saved,work_packages/M1_source_access/27_newspaper_context_recovery_20261008/social_public_api/continuations/20261010_broader_history_four_hour/worker/raw/8d6c3e5a695feb91bac0715c.bin.gz,6d255b511381b807dc28249f7bf0650e1a520c0c5961371e5509dc9cc27038df,8d78626c7dccfd66893b5696e6eb5417177d7479619ae87f23e50222637fa2d8,172086,29696,,loaded_native_returns,40,0,application/json; charset=utf-8,172086,,server_representation_metadata; not native message publication or verified edit time
8db4b6433618c8d63f83e5cc,straight_dope,content,https://boards.straightdope.com/t/1033285/posts.json?post_ids%5B%5D=25845290&post_ids%5B%5D=25845315&post_ids%5B%5D=25845464&post_ids%5B%5D=25845559&post_ids%5B%5D=25845595&post_ids%5B%5D=25845610&post_ids%5B%5D=25845803&post_ids%5B%5D=25845857&post_ids%5B%5D=25845932&post_ids%5B%5D=25845994&post_ids%5B%5D=25846057&post_ids%5B%5D=25846109&post_ids%5B%5D=25846714&post_ids%5B%5D=25846722&post_ids%5B%5D=25846756&post_ids%5B%5D=25846897&post_ids%5B%5D=25846910&post_ids%5B%5D=25849743&post_ids%5B%5D=25849826&post_ids%5B%5D=25849853,2026-10-10T07:59:30.243973+00:00,200,saved,work_packages/M1_source_access/27_newspaper_context_recovery_20261008/social_public_api/continuations/20261010_broader_history_four_hour/worker/raw/8db4b6433618c8d63f83e5cc.bin.gz,955a3a3dbcfa748fe355bf0d34746420675d01714af74ebd5ec274da6e714bf9,db6cf1619213ef8c23c7d84924240de555c5f23f518700184b9742ed03ecbf77,55236,9669,,loaded_native_returns,21,0,application/json; charset=utf-8,55236,,server_representation_metadata; not native message publication or verified edit time
8dca70015e1d144f7b47bff9,osm_discourse,content,https://community.openstreetmap.org/t/32381.json,2026-10-10T07:40:32.397820+00:00,200,saved,work_packages/M1_source_access/27_newspaper_context_recovery_20261008/social_public_api/continuations/20261010_broader_history_four_hour/worker/raw/8dca70015e1d144f7b47bff9.bin.gz,5f7be6299aadae86f0acfb3f1831bd7bf11bd79331fb3d380c83b77235f6f803,b02e92a764d6b257636cec31a8b06fcb4936668740387aff0f26b0b7d66b0680,16560,4106,,loaded_native_returns,3,0,application/json; charset=utf-8,16560,,server_representation_metadata; not native message publication or verified edit time
8e16be31c6f9ae269f1a360c,w3_wwwtalk,content,https://lists.w3.org/Archives/Public/www-talk/1992JulAug/0051.html,2026-10-10T09:41:19.961278+00:00,200,saved,work_packages/M1_source_access/27_newspaper_context_recovery_20261008/social_public_api/continuations/20261010_broader_history_four_hour/worker/raw/8e16be31c6f9ae269f1a360c.bin.gz,84d8bd328bd2db44fe2012dea47f53b04b72b30d283b0d7a70a0ffaa30537aa5,2a2a5aa5e70cb02e9cbc7214eef60b2af8410a6d111c09073c9f7b0a8fa6893f,3447,1238,,loaded_native_returns,1,0,text/html,,"Mon, 04 Aug 2003 15:50:20 GMT",server_representation_metadata; not native message publication or verified edit time
8e9b86f11eb5ed5c08c4bb94,tildes,content,https://tildes.net/~tv/1qbl/knights_of_guinevere,2026-10-10T06:14:53.475944+00:00,200,saved,work_packages/M1_source_access/27_newspaper_context_recovery_20261008/social_public_api/continuations/20261010_broader_history_four_hour/worker/raw/8e9b86f11eb5ed5c08c4bb94.bin.gz,a16cdd523c307df2156927e96a9ad778a8aa9c4473f43ca54bc05527dfa1f6c6,43196d428dd77c8e16cfb7f9031e60ec617e330cb37bbbd57bd5dcc0ab7e10c7,33605,5788,,loaded_native_returns,15,0,text/html; charset=UTF-8,33605,,server_representation_metadata; not native message publication or verified edit time
8ea0c989be9ca9c6ab935662,python_discourse,content,https://discuss.python.org/t/432/posts.json?post_ids%5B%5D=2023&post_ids%5B%5D=2024&post_ids%5B%5D=2025&post_ids%5B%5D=2026&post_ids%5B%5D=2028&post_ids%5B%5D=2032&post_ids%5B%5D=2035&post_ids%5B%5D=2038&post_ids%5B%5D=2040&post_ids%5B%5D=2044&post_ids%5B%5D=2046&post_ids%5B%5D=2049&post_ids%5B%5D=2051&post_ids%5B%5D=2057&post_ids%5B%5D=2071&post_ids%5B%5D=2073&post_ids%5B%5D=2074&post_ids%5B%5D=2075&post_ids%5B%5D=2076&post_ids%5B%5D=2081,2026-10-10T06:12:28.851549+00:00,200,saved,work_packages/M1_source_access/27_newspaper_context_recovery_20261008/social_public_api/continuations/20261010_broader_history_four_hour/worker/raw/8ea0c989be9ca9c6ab935662.bin.gz,0063419a7b7355d1cd660dd1086416767efd6a7113a48b5a8956fd28cea22d38,7a8f4c93a1cf096f692c2e04f424a891807625f938a9ed33578c4dee62a948bc,54540,8512,,loaded_native_returns,21,0,application/json; charset=utf-8,54540,,server_representation_metadata; not native message publication or verified edit time
8f00fec30cc735c1d00bf49c,python_discourse,content,https://discuss.python.org/t/477.json,2026-10-10T06:50:21.220113+00:00,200,saved,work_packages/M1_source_access/27_newspaper_context_recovery_20261008/social_public_api/continuations/20261010_broader_history_four_hour/worker/raw/8f00fec30cc735c1d00bf49c.bin.gz,be8d26c9d3319a66c10bdadc1dcb2b9fa3cc301ed9f4446266ebe5cbd533bacb,7759d73d285d0452e086be7d10c6bc7197cf58530a08f75d3dd80bd1e2454336,38410,5989,,loaded_native_returns,13,0,application/json; charset=utf-8,38410,,server_representation_metadata; not native message publication or verified edit time
8f2d433bfd062745fa5035a9,python_list_archive,content,https://mail.python.org/pipermail/python-list/2005-July.txt,2026-10-10T06:29:29.824852+00:00,200,saved,work_packages/M1_source_access/27_newspaper_context_recovery_20261008/social_public_api/continuations/20261010_broader_history_four_hour/worker/raw/8f2d433bfd062745fa5035a9.bin.gz,c4111b45b9a58ae3d87acde183e29b8421b0a0747d7abd3a3e5a4cc7987285a6,beb9bc1f85a346a87c6f97b5b4beddbd44f78491c88019ed145dfc7f9891d275,6725962,2564923,,loaded_native_returns,4532,0,text/plain,6725962,"Sun, 27 Oct 2019 23:38:26 GMT",server_representation_metadata; not native message publication or verified edit time
8f51f6a37fab435706efd4b4,osm_discourse,content,https://community.openstreetmap.org/t/32387.json,2026-10-10T07:44:39.680372+00:00,200,saved,work_packages/M1_source_access/27_newspaper_context_recovery_20261008/social_public_api/continuations/20261010_broader_history_four_hour/worker/raw/8f51f6a37fab435706efd4b4.bin.gz,190d8c58433524bec35e0ecffadfa2f231b232d69701278465377e2d19c7402c,6525108bc1e274a452e71a14ca0eadea4fb36cec930ae95a7c1e5e55ad836cd6,30729,6064,,loaded_native_returns,11,0,application/json; charset=utf-8,30729,,server_representation_metadata; not native message publication or verified edit time
8f5835ea9d548f1f151c2fad,tildes,content,https://tildes.net/~tech/16im/the_reddit_blackout_is_breaking_reddit,2026-10-10T08:51:57.919259+00:00,200,saved,work_packages/M1_source_access/27_newspaper_context_recovery_20261008/social_public_api/continuations/20261010_broader_history_four_hour/worker/raw/8f5835ea9d548f1f151c2fad.bin.gz,3b331b33a3b1cfa78e7610dd5554a191fcc6d9cf814240516865c3717a4943d0,cbe534f7f6dd1c65d2e49931bb31988d3b90834132dc3167a35ed0e76c006320,288474,36522,,loaded_native_returns,143,0,text/html; charset=UTF-8,288474,,server_representation_metadata; not native message publication or verified edit time
8f9fa01cf67863fbc1b54a9e,bluesky,content,https://public.api.bsky.app/xrpc/app.bsky.feed.getAuthorFeed?actor=did%3Aplc%3Aragtjsm2j2vknwkz3zp4oxrd&limit=100&filter=posts_with_replies&includePins=false&cursor=2023-09-06T17%3A09%3A55.315Z,2026-10-10T08:45:39.268449+00:00,200,saved,work_packages/M1_source_access/27_newspaper_context_recovery_20261008/social_public_api/continuations/20261010_broader_history_four_hour/worker/raw/8f9fa01cf67863fbc1b54a9e.bin.gz,5544e3e818cd932e8eccc47e5f74a851334c75f52e3d75e5caf8d7ecd4eff97b,5c85dae681caf9be5892fb79f9351517cc82ba68d76a63f02ec1706070912f74,441911,40564,,loaded_native_returns,111,0,application/json; charset=utf-8,441911,,server_representation_metadata; not native message publication or verified edit time
900afb19467168e930428559,lemmy_nz,content,https://lemmy.nz/api/v3/comment/list?type_=Local&sort=Old&limit=50&page=2&post_id=210300,2026-10-10T08:50:31.338736+00:00,200,saved,work_packages/M1_source_access/27_newspaper_context_recovery_20261008/social_public_api/continuations/20261010_broader_history_four_hour/worker/raw/900afb19467168e930428559.bin.gz,9efdb10c81eaf55dc95e4320d1f02441576a405fb0551d5b8f1905bc0728f854,4fa14da49dc015f30581863a05d74d4091152f4549146526e99de651d5809edf,15,35,,loaded_native_returns,0,0,application/json,15,,server_representation_metadata; not native message publication or verified edit time
901ea6746068488decc10d40,lemmy_nz,content,https://lemmy.nz/api/v3/comment/list?type_=Local&sort=Old&limit=50&page=2&post_id=212248,2026-10-10T09:39:34.322915+00:00,200,saved,work_packages/M1_source_access/27_newspaper_context_recovery_20261008/social_public_api/continuations/20261010_broader_history_four_hour/worker/raw/901ea6746068488decc10d40.bin.gz,9efdb10c81eaf55dc95e4320d1f02441576a405fb0551d5b8f1905bc0728f854,4fa14da49dc015f30581863a05d74d4091152f4549146526e99de651d5809edf,15,35,,loaded_native_returns,0,0,application/json,15,,server_representation_metadata; not native message publication or verified edit time
905fe68a1e3e4427db34b634,dowire_tc_umn,content,https://www.mail-archive.com/do-wire%40tc.umn.edu/msg00004.html,2026-10-10T06:37:49.563464+00:00,200,saved,work_packages/M1_source_access/27_newspaper_context_recovery_20261008/social_public_api/continuations/20261010_broader_history_four_hour/worker/raw/905fe68a1e3e4427db34b634.bin.gz,a99127997cef1c2d11060d30b30abdd54526de868f59d3980371a14a60f8ec80,b7f14fe80de987dfd207145cb3f23146e5b2bc3860b671751d555c423157d1f4,10729,4215,,loaded_native_returns,1,0,text/html; charset=utf-8,,,server_representation_metadata; not native message publication or verified edit time
9062c74c0e3e626da4e7069b,mastodon_us,content,https://sfba.social/api/v1/timelines/public?local=true&limit=40&max_id=116870210668276654,2026-10-10T09:41:08.156666+00:00,200,saved,work_packages/M1_source_access/27_newspaper_context_recovery_20261008/social_public_api/continuations/20261010_broader_history_four_hour/worker/raw/9062c74c0e3e626da4e7069b.bin.gz,aa41efbc7fd79e739e78c47ef730aa4b2853d7640b9c6bf0e5055eba472697d5,40ad080f7611323155b94f268350f604f035d6c42ea551fd9a54a2d0fe208377,154205,22867,,loaded_native_returns,40,0,application/json; charset=utf-8,154205,,server_representation_metadata; not native message publication or verified edit time
906f4d88b77b4cea5247d43b,dowire_tc_umn,content,https://www.mail-archive.com/do-wire%40tc.umn.edu/msg00007.html,2026-10-10T06:43:56.461991+00:00,200,saved,work_packages/M1_source_access/27_newspaper_context_recovery_20261008/social_public_api/continuations/20261010_broader_history_four_hour/worker/raw/906f4d88b77b4cea5247d43b.bin.gz,6aa02022d10b3277b846fc34da7bf00af20baf201017c41b5d4bff94fb6e1dcb,3d77c58d578da37202fbbc3752a952b5b4e488b0c3f28e6cce7e9625f63ce783,21392,8059,,loaded_native_returns,1,0,text/html; charset=utf-8,,,server_representation_metadata; not native message publication or verified edit time
9160e2daf6cd8af90a4245b7,bluesky,content,https://public.api.bsky.app/xrpc/app.bsky.feed.getAuthorFeed?actor=did%3Aplc%3At5pur7eruxfgxy7ynpfrmg2w&limit=100&filter=posts_with_replies&includePins=false&cursor=2025-07-23T14%3A35%3A16.534Z,2026-10-10T07:30:45.270436+00:00,200,saved,work_packages/M1_source_access/27_newspaper_context_recovery_20261008/social_public_api/continuations/20261010_broader_history_four_hour/worker/raw/9160e2daf6cd8af90a4245b7.bin.gz,fc89396b146519e631ddb437573823d8728b90f7f7bab758d05c4c067f5b9735,a32a2051805c201a3b949c9c1b48bb5fac77736de8e67c2889237e330220b3a6,580855,59221,,loaded_native_returns,101,0,application/json; charset=utf-8,580855,,server_representation_metadata; not native message publication or verified edit time
916c7843031982ec41bd02b9,lemmy_nz,content,https://lemmy.nz/api/v3/comment/list?type_=Local&sort=Old&limit=50&page=1&post_id=210968,2026-10-10T09:25:03.994308+00:00,200,saved,work_packages/M1_source_access/27_newspaper_context_recovery_20261008/social_public_api/continuations/20261010_broader_history_four_hour/worker/raw/916c7843031982ec41bd02b9.bin.gz,2a8957ded8c12353e174c181a32ca60d62ac73ac69d6aa0b58e9c10f095bacfc,c5b84b7bba1054985949858058155f3e2a787acb5af0b66b08db6dc79bf75248,17772,1991,,loaded_native_returns,16,0,application/json,17772,,server_representation_metadata; not native message publication or verified edit time
91a88240479bcd8cdb1376cf,straight_dope,content,https://boards.straightdope.com/t/712149/posts.json?post_ids%5B%5D=18007202&post_ids%5B%5D=18007254&post_ids%5B%5D=18007309&post_ids%5B%5D=18007359&post_ids%5B%5D=18007478&post_ids%5B%5D=18007492&post_ids%5B%5D=18007509&post_ids%5B%5D=18007518&post_ids%5B%5D=18007611&post_ids%5B%5D=18007627&post_ids%5B%5D=18007638&post_ids%5B%5D=18007639&post_ids%5B%5D=18007643&post_ids%5B%5D=18007654&post_ids%5B%5D=18007696&post_ids%5B%5D=18007722&post_ids%5B%5D=18007754&post_ids%5B%5D=18007819&post_ids%5B%5D=18007855&post_ids%5B%5D=18008036,2026-10-10T08:17:22.535467+00:00,200,saved,work_packages/M1_source_access/27_newspaper_context_recovery_20261008/social_public_api/continuations/20261010_broader_history_four_hour/worker/raw/91a88240479bcd8cdb1376cf.bin.gz,22cbcc739404ac0f989a6f09ed601e05bd992155c39723a8f20a386fe63fa6c5,1e3ceaa357a475a240f78d15dc8e3684ed922ec5164c03cb06e48d89304bd82e,32069,3212,,loaded_native_returns,21,0,application/json; charset=utf-8,32069,,server_representation_metadata; not native message publication or verified edit time
91c5e631c51e234edba9f4fa,bluesky,content,https://public.api.bsky.app/xrpc/app.bsky.feed.getAuthorFeed?actor=did%3Aplc%3Aragtjsm2j2vknwkz3zp4oxrd&limit=100&filter=posts_with_replies&includePins=false&cursor=2023-12-07T22%3A10%3A06.68Z,2026-10-10T06:09:08.077772+00:00,200,saved,work_packages/M1_source_access/27_newspaper_context_recovery_20261008/social_public_api/continuations/20261010_broader_history_four_hour/worker/raw/91c5e631c51e234edba9f4fa.bin.gz,3c587dbaf7f41ed8068ab5fa71160f3743c6e1847102cbed494eb84344dff21e,393668e59d8a54cef3d2d474e16de0dc71d39565f8d1deabd2b5a45e4711a2d1,533686,45753,,loaded_native_returns,104,0,application/json; charset=utf-8,533686,,server_representation_metadata; not native message publication or verified edit time
91dd060afaea660e6527421f,straight_dope,content,https://boards.straightdope.com/t/712149/posts.json?post_ids%5B%5D=18072184&post_ids%5B%5D=18072382&post_ids%5B%5D=18072409&post_ids%5B%5D=18072510&post_ids%5B%5D=18072639&post_ids%5B%5D=18072760&post_ids%5B%5D=18072852&post_ids%5B%5D=18072871&post_ids%5B%5D=18072895&post_ids%5B%5D=18073207&post_ids%5B%5D=18073482&post_ids%5B%5D=18073540&post_ids%5B%5D=18073557&post_ids%5B%5D=18073804&post_ids%5B%5D=18074267&post_ids%5B%5D=18074349&post_ids%5B%5D=18074472&post_ids%5B%5D=18074482&post_ids%5B%5D=18074573&post_ids%5B%5D=18074613,2026-10-10T09:28:16.494778+00:00,200,saved,work_packages/M1_source_access/27_newspaper_context_recovery_20261008/social_public_api/continuations/20261010_broader_history_four_hour/worker/raw/91dd060afaea660e6527421f.bin.gz,d96eda7a11f899b87e6d91020677f41812953f4dedc0aa4b3b187fec5d839029,b249149918dd438195ba5c513f1d08cafc4e780fb815c2be545abbcef7b3be3a,30497,2526,,loaded_native_returns,21,0,application/json; charset=utf-8,30497,,server_representation_metadata; not native message publication or verified edit time
91f1fc028bae48752d4411a5,python_discourse,content,https://discuss.python.org/t/635/posts.json?post_ids%5B%5D=3195&post_ids%5B%5D=3211,2026-10-10T08:23:16.226243+00:00,200,saved,work_packages/M1_source_access/27_newspaper_context_recovery_20261008/social_public_api/continuations/20261010_broader_history_four_hour/worker/raw/91f1fc028bae48752d4411a5.bin.gz,ab5ce26ab97cb0c5ef27a506c7309816ade96990b84ffbce90eca997e22c0700,47fc09560b5d436ced7729650aa20b10410013082e53936540b940e761957b3c,4272,1333,,loaded_native_returns,3,0,application/json; charset=utf-8,4272,,server_representation_metadata; not native message publication or verified edit time
9201d7bda51293822e56e22d,mastodon_uk,content,https://mastodon.me.uk/api/v1/timelines/public?local=true&limit=40&max_id=116232693523575221,2026-10-10T06:49:39.253988+00:00,200,saved,work_packages/M1_source_access/27_newspaper_context_recovery_20261008/social_public_api/continuations/20261010_broader_history_four_hour/worker/raw/9201d7bda51293822e56e22d.bin.gz,2d78abca9830a47a053e02f9dadec497ea667ca70e0ba410886d205c162f5740,159403d4520cf6807b5df0ddad80cc8d2143202dbcbe2ef5a2d2a092569cbccc,126906,14686,,loaded_native_returns,40,0,application/json; charset=utf-8,126906,,server_representation_metadata; not native message publication or verified edit time
921cd32d0685b09d37479faf,osm_discourse,content,https://community.openstreetmap.org/t/32502.json,2026-10-10T08:47:56.315321+00:00,200,saved,work_packages/M1_source_access/27_newspaper_context_recovery_20261008/social_public_api/continuations/20261010_broader_history_four_hour/worker/raw/921cd32d0685b09d37479faf.bin.gz,b102b1c19516c194156cb8c7a699b53a2e9df44ede163703f32e19b8e2faffb6,20a3546ff146f71823755696b3feea8841c72ed16fe8b9a1673d421ec1cbfafb,12894,3142,,loaded_native_returns,2,0,application/json; charset=utf-8,12894,,server_representation_metadata; not native message publication or verified edit time
92418ad13d4e0b618c46edbb,mastodon_us,content,https://sfba.social/api/v1/timelines/public?local=true&limit=40&max_id=116900030732885912,2026-10-10T07:52:40.028121+00:00,200,saved,work_packages/M1_source_access/27_newspaper_context_recovery_20261008/social_public_api/continuations/20261010_broader_history_four_hour/worker/raw/92418ad13d4e0b618c46edbb.bin.gz,277a8e28f8f9468918b9700b1f0b6c063ffef1038dd830bcf1f07482a86f6758,7f581a963fd15fe93ed44b2421f0efb67d7728de680da5e387f0841880e7def9,170456,28090,,loaded_native_returns,40,0,application/json; charset=utf-8,170456,,server_representation_metadata; not native message publication or verified edit time
9262e779653ac3df0a6c072f,thesession,content,https://thesession.org/discussions/29,2026-10-10T08:38:17.715888+00:00,200,saved,work_packages/M1_source_access/27_newspaper_context_recovery_20261008/social_public_api/continuations/20261010_broader_history_four_hour/worker/raw/9262e779653ac3df0a6c072f.bin.gz,97853aadeb888fc79354a33a530e155af6b806af1903f121ee78bac7e5b144a4,1888b878d85eabcc813ffbcf65b02f66e3e65036acbb83ecf7da5e2857bbad2a,59526,13849,,loaded_native_returns,4,0,text/html; charset=utf-8,,,server_representation_metadata; not native message publication or verified edit time
92a8d7a8a599088474a2b060,mpls_issues_freedom2_archive,source_metadata,https://www.mail-archive.com/search?l=mpls-issues%40freedom2.mtn.org&q=date%3A%5B19880101+TO+20260921%5D+sort%3Aoldest,2026-10-10T06:38:21.486177+00:00,200,saved,work_packages/M1_source_access/27_newspaper_context_recovery_20261008/social_public_api/continuations/20261010_broader_history_four_hour/worker/raw/92a8d7a8a599088474a2b060.bin.gz,d88d6c2b7950670c58e7ccae7d3a4dbc3e0dd591cad00f824cff72ea25330c2d,b84599c45189c0210acbf61be70cff42e583e97f9726d76c97441e8a0d35ae85,105805,18929,,noncontent_access_policy_or_frame_metadata,0,0,text/html,,,server_representation_metadata; not native message publication or verified edit time
92b24955f9fac6e678a64c4c,tildes,content,https://tildes.net/~science/1w42/the_actuarys_final_word_on_algorithmic_decision_making,2026-10-10T08:12:17.647809+00:00,200,saved,work_packages/M1_source_access/27_newspaper_context_recovery_20261008/social_public_api/continuations/20261010_broader_history_four_hour/worker/raw/92b24955f9fac6e678a64c4c.bin.gz,95206c1140928a68e2ba33dc81006f9c10b4653e7a5217cacd494527db18ec0f,cb5b46a99cbd43cb2bb79db7fc6f2bfa012b507747647efa73c12a7a9c2952f5,18561,6096,,loaded_native_returns,2,0,text/html; charset=UTF-8,18561,,server_representation_metadata; not native message publication or verified edit time
92d14d1c216243208f3ffd38,osm_discourse,content,https://community.openstreetmap.org/t/32396.json,2026-10-10T07:49:13.665783+00:00,200,saved,work_packages/M1_source_access/27_newspaper_context_recovery_20261008/social_public_api/continuations/20261010_broader_history_four_hour/worker/raw/92d14d1c216243208f3ffd38.bin.gz,c72bf86219f98d821d1b7b60f2359afd53c7526c55b075f051130acdd6da009a,bbd863b3cc741dd19231163cb95ac1f34dfbc4014b361d2edb892da009a5e8e8,36638,6517,,loaded_native_returns,10,0,application/json; charset=utf-8,36638,,server_representation_metadata; not native message publication or verified edit time
92e6d2ebb4fa99a5a0106daf,bluesky,content,https://public.api.bsky.app/xrpc/app.bsky.feed.getAuthorFeed?actor=did%3Aplc%3Aragtjsm2j2vknwkz3zp4oxrd&limit=100&filter=posts_with_replies&includePins=false&cursor=2023-08-11T14%3A53%3A57.526Z,2026-10-10T09:33:12.018737+00:00,200,saved,work_packages/M1_source_access/27_newspaper_context_recovery_20261008/social_public_api/continuations/20261010_broader_history_four_hour/worker/raw/92e6d2ebb4fa99a5a0106daf.bin.gz,bdf43cb6d19ddcefe0c7c44d1193b178334856c7fa8811481fea837b19426c52,cc205b3f1367648db55485a1516f503e076614ad64cba6b39e99c3141470a961,506635,47665,,loaded_native_returns,112,0,application/json; charset=utf-8,506635,,server_representation_metadata; not native message publication or verified edit time
93336a5051dfbe121dd0b99f,dowire_tc_umn,content,https://www.mail-archive.com/do-wire%40tc.umn.edu/msg00001.html,2026-10-10T06:31:51.063412+00:00,200,saved,work_packages/M1_source_access/27_newspaper_context_recovery_20261008/social_public_api/continuations/20261010_broader_history_four_hour/worker/raw/93336a5051dfbe121dd0b99f.bin.gz,05a90785888719c045964c360cc65c5a5bcdc9e42fb1ab7b1cbca684925a2fea,27dcdba1420d9525e271b3477700c94ad4c5d997b58a4f447088a79dc17593e7,12232,4981,,loaded_native_returns,1,0,text/html; charset=utf-8,,,server_representation_metadata; not native message publication or verified edit time
933bcfee93d94d715e1f96b5,python_list_archive,content,https://mail.python.org/pipermail/python-list/2004-November.txt,2026-10-10T06:11:22.027672+00:00,200,saved,work_packages/M1_source_access/27_newspaper_context_recovery_20261008/social_public_api/continuations/20261010_broader_history_four_hour/worker/raw/933bcfee93d94d715e1f96b5.bin.gz,95f43c936c0f0a0b3419dd2a5761a4a2f7d0a0b09c710bcc12badaf15411c6e5,3b4004c6b8befd1b5c67cf3d99fca2433afd3c5c023c2221085b68d9fa5d5655,6424711,2501760,,loaded_native_returns,4024,0,text/plain,6424711,"Sun, 27 Oct 2019 22:26:19 GMT",server_representation_metadata; not native message publication or verified edit time
934177d6201fe966c62cb758,lemmy_nz,content,https://lemmy.nz/api/v3/comment/list?type_=Local&sort=Old&limit=50&page=1&post_id=185947,2026-10-10T07:34:22.463900+00:00,200,saved,work_packages/M1_source_access/27_newspaper_context_recovery_20261008/social_public_api/continuations/20261010_broader_history_four_hour/worker/raw/934177d6201fe966c62cb758.bin.gz,fce8f6bda4bacbcb10c9a2c572062e6569ffe3a7855a3c9976b0cf404c116b79,48c3db1499160691aeb555735da2fb95e5817ba7f9670865367a4fb71e44f93b,10335,2528,,loaded_native_returns,4,0,application/json,10335,,server_representation_metadata; not native message publication or verified edit time
939c92e9e9e00e8eaac5a24f,osm_discourse,content,https://community.openstreetmap.org/t/32286.json,2026-10-10T06:36:48.576580+00:00,200,saved,work_packages/M1_source_access/27_newspaper_context_recovery_20261008/social_public_api/continuations/20261010_broader_history_four_hour/worker/raw/939c92e9e9e00e8eaac5a24f.bin.gz,bc7a1e8d168eb002bbacc1c8efaee98835fb55e8eea22c284d1f7d1b78974b25,f1b6fe4b27268da25fb04364b3bb4a550f317762642ca95ac6b802c07deedba5,17164,3763,,loaded_native_returns,4,0,application/json; charset=utf-8,17164,,server_representation_metadata; not native message publication or verified edit time
93c697900c2a075bf743091b,python_list_archive,content,https://mail.python.org/pipermail/python-list/2004-May.txt,2026-10-10T05:59:36.196979+00:00,200,saved,work_packages/M1_source_access/27_newspaper_context_recovery_20261008/social_public_api/continuations/20261010_broader_history_four_hour/worker/raw/93c697900c2a075bf743091b.bin.gz,42b7d7876e24dd67d09d30f7a1770a9a3b51b24488150a5673ed935f48bf996d,594c4664f890e1d164903377dd1715ce92b1fd3175c74868ad270297865abed4,6101477,2375416,,loaded_native_returns,3903,0,text/plain,6101477,"Sun, 27 Oct 2019 22:26:20 GMT",server_representation_metadata; not native message publication or verified edit time
93cfa00cc3bd8a1192382163,hackernews,content,https://hacker-news.firebaseio.com/v0/item/210.json,2026-10-10T09:31:15.724970+00:00,200,saved,work_packages/M1_source_access/27_newspaper_context_recovery_20261008/social_public_api/continuations/20261010_broader_history_four_hour/worker/raw/93cfa00cc3bd8a1192382163.bin.gz,8512e54a7eb32a9b6a7694e890b4b1b0c839b01070aa2a517245848f8c65e97b,2e7ff6b70c72bc9361ded64ff6bc1d80d56fedf93657ef199923fe549e197e95,337,255,,loaded_native_returns,1,0,application/json; charset=utf-8,337,,server_representation_metadata; not native message publication or verified edit time
93f9ebf3144f06ba1a703f8c,straight_dope,content,https://boards.straightdope.com/t/1025298/posts.json?post_ids%5B%5D=25850052&post_ids%5B%5D=25850074&post_ids%5B%5D=25850109&post_ids%5B%5D=25850148&post_ids%5B%5D=25850303&post_ids%5B%5D=25850362&post_ids%5B%5D=25850558&post_ids%5B%5D=25850561&post_ids%5B%5D=25850601&post_ids%5B%5D=25850668&post_ids%5B%5D=25850681&post_ids%5B%5D=25850730&post_ids%5B%5D=25850798&post_ids%5B%5D=25850803&post_ids%5B%5D=25850806&post_ids%5B%5D=25850861&post_ids%5B%5D=25850869&post_ids%5B%5D=25850870&post_ids%5B%5D=25850893&post_ids%5B%5D=25850930,2026-10-10T07:29:10.844345+00:00,200,saved,work_packages/M1_source_access/27_newspaper_context_recovery_20261008/social_public_api/continuations/20261010_broader_history_four_hour/worker/raw/93f9ebf3144f06ba1a703f8c.bin.gz,740fa97bc830dee16064d6dfe58227f94458c1b9667d3af611328641a395e178,6903cac54fbf485a156db7ebd8a321697a6323c99fa610d5a313365de91cd038,61703,12275,,loaded_native_returns,21,0,application/json; charset=utf-8,61703,,server_representation_metadata; not native message publication or verified edit time
945470fa7db6410c4293044b,osm_discourse,content,https://community.openstreetmap.org/t/32530.json,2026-10-10T09:28:23.228828+00:00,200,saved,work_packages/M1_source_access/27_newspaper_context_recovery_20261008/social_public_api/continuations/20261010_broader_history_four_hour/worker/raw/945470fa7db6410c4293044b.bin.gz,3d49a581aed8c9c0752e8d55613bec3b53cd7af3f297c5fe7d39d9051fc62614,6731c7ff8810b4c4bcbe4a959e55881ea7bf43913be14a6bfb5afa492a61e90d,15883,4064,,loaded_native_returns,3,0,application/json; charset=utf-8,15883,,server_representation_metadata; not native message publication or verified edit time
94965563c3c89d87968a9b03,bluesky,content,https://public.api.bsky.app/xrpc/app.bsky.feed.getAuthorFeed?actor=did%3Aplc%3Aragtjsm2j2vknwkz3zp4oxrd&limit=100&filter=posts_with_replies&includePins=false&cursor=2023-09-14T14%3A45%3A04.677Z,2026-10-10T08:30:43.088351+00:00,200,saved,work_packages/M1_source_access/27_newspaper_context_recovery_20261008/social_public_api/continuations/20261010_broader_history_four_hour/worker/raw/94965563c3c89d87968a9b03.bin.gz,8a29a7373561e374f5756fe70bf3ed85a6e4e43c1b6e0291946db38abdfb9e30,d4be9c03a4a900f616f0c7496c807a8e91beb4547c046e81b46d97679ccf31e8,495996,44221,,loaded_native_returns,108,0,application/json; charset=utf-8,495996,,server_representation_metadata; not native message publication or verified edit time
94c9c4d5de84231cc82cc2e2,python_discourse,content,https://discuss.python.org/t/637.json,2026-10-10T08:25:07.277745+00:00,200,saved,work_packages/M1_source_access/27_newspaper_context_recovery_20261008/social_public_api/continuations/20261010_broader_history_four_hour/worker/raw/94c9c4d5de84231cc82cc2e2.bin.gz,2c4cc2ea82764b8f2f8e724c03c35a4a700f25e8ee3f33b7f3fadd0e555595d8,4ca006f70515a536a04f102ec4bd2f9e4ebf92c7b0d885977d0625dee5ba5d40,30178,7123,,loaded_native_returns,8,0,application/json; charset=utf-8,30178,,server_representation_metadata; not native message publication or verified edit time
94cef890e0419a3eea568cd7,mastodon_au,content,https://aus.social/api/v1/timelines/public?local=true&limit=40&max_id=116940489483745285,2026-10-10T07:07:27.493673+00:00,200,saved,work_packages/M1_source_access/27_newspaper_context_recovery_20261008/social_public_api/continuations/20261010_broader_history_four_hour/worker/raw/94cef890e0419a3eea568cd7.bin.gz,087c537a2b94ece34e0f7df79cd455a00f5f6a42e3c2bc57c53dc52a730c2577,89dc43d1e17b58f3dc70a022312b600d4681a8a13073400e5e56150ba0f60233,143519,23757,,loaded_native_returns,40,0,application/json; charset=utf-8,143519,,server_representation_metadata; not native message publication or verified edit time
954333ce21523a726c9065cc,python_discourse,content,https://discuss.python.org/t/580.json,2026-10-10T07:42:34.401763+00:00,200,saved,work_packages/M1_source_access/27_newspaper_context_recovery_20261008/social_public_api/continuations/20261010_broader_history_four_hour/worker/raw/954333ce21523a726c9065cc.bin.gz,24188472894f762567c69da0038caa0e865c62efe8b6f9a81435bbb1b3498059,08e44b1fb4d5036f6f0b477b11542ca776efc238ee001b39915cd01ff97c18f0,17374,3526,,loaded_native_returns,6,0,application/json; charset=utf-8,17374,,server_representation_metadata; not native message publication or verified edit time
954abc1b3c9c3044cff45624,mastodon_au,content,https://aus.social/api/v1/timelines/public?local=true&limit=40&max_id=116940123726657837,2026-10-10T07:09:11.607024+00:00,200,saved,work_packages/M1_source_access/27_newspaper_context_recovery_20261008/social_public_api/continuations/20261010_broader_history_four_hour/worker/raw/954abc1b3c9c3044cff45624.bin.gz,eba4b2f42b7d7199a1650d297182a90bd9baef18062ef30d04fe6f4fb3ff2e28,821bbef5d7997b1ef35659e59db4f00c0243f573918dddf031d3242b40171f4f,164088,30790,,loaded_native_returns,40,0,application/json; charset=utf-8,164088,,server_representation_metadata; not native message publication or verified edit time
95761d300a24a24766b3a332,mastodon_au,content,https://aus.social/api/v1/timelines/public?local=true&limit=40&max_id=116932477883386611,2026-10-10T07:39:49.935100+00:00,200,saved,work_packages/M1_source_access/27_newspaper_context_recovery_20261008/social_public_api/continuations/20261010_broader_history_four_hour/worker/raw/95761d300a24a24766b3a332.bin.gz,d3d0a9725b7b0c6f4bb558ae32780d714f6647a755e34f0e03f42b5998300871,93cfda1cd9e81f844013a051dbb35951738025ac2c60f4dd14e48a08c765ecda,178443,31240,,loaded_native_returns,40,0,application/json; charset=utf-8,178443,,server_representation_metadata; not native message publication or verified edit time
9589234138bc3f4b533ec792,dowire_tc_umn,content,https://www.mail-archive.com/do-wire%40tc.umn.edu/msg00005.html,2026-10-10T06:39:55.562273+00:00,200,saved,work_packages/M1_source_access/27_newspaper_context_recovery_20261008/social_public_api/continuations/20261010_broader_history_four_hour/worker/raw/9589234138bc3f4b533ec792.bin.gz,95a4ad301d32f8cf1828e4feb68c717e95c3c335b751548790ae0b2ffb6d47f0,8d4381e1dcbe8e54415bd8730bfcc0ec11c919d976371d6e4327eba6b65081de,16604,6457,,loaded_native_returns,1,0,text/html; charset=utf-8,,,server_representation_metadata; not native message publication or verified edit time
95b7137789647ac818f3d6cc,python_list_archive,content,https://mail.python.org/pipermail/python-list/2008-February.txt,2026-10-10T07:33:32.395537+00:00,200,saved,work_packages/M1_source_access/27_newspaper_context_recovery_20261008/social_public_api/continuations/20261010_broader_history_four_hour/worker/raw/95b7137789647ac818f3d6cc.bin.gz,b50a721639799120e3b3031c4a1ec58c3167256976e57cf8f9a2e369746c24cc,a5a4406bcf8f5605c38d28ffbc8823a8fef06a3c5720b2a71176e6341b7104f1,14481197,5524809,,loaded_native_returns,8540,0,text/plain,14481197,"Mon, 28 Oct 2019 09:52:26 GMT",server_representation_metadata; not native message publication or verified edit time
95ce556bf63bc7a3d2005cf7,hackernews,content,https://hacker-news.firebaseio.com/v0/item/177.json,2026-10-10T07:59:44.773365+00:00,200,saved,work_packages/M1_source_access/27_newspaper_context_recovery_20261008/social_public_api/continuations/20261010_broader_history_four_hour/worker/raw/95ce556bf63bc7a3d2005cf7.bin.gz,c51aa2f8e18ce2a4a2c288e01b715f55542e0fa54875c8af97ad387c43c857dd,b60b596c5b20b3e5cb738de2217286829bcbc0eccccdd1819c4d49f6f2437230,572,380,,loaded_native_returns,1,0,application/json; charset=utf-8,572,,server_representation_metadata; not native message publication or verified edit time
95e6808ed5c6198eea9cede8,mastodon_au,content,https://aus.social/api/v1/timelines/public?local=true&limit=40&max_id=116916924230126569,2026-10-10T08:28:34.418521+00:00,200,saved,work_packages/M1_source_access/27_newspaper_context_recovery_20261008/social_public_api/continuations/20261010_broader_history_four_hour/worker/raw/95e6808ed5c6198eea9cede8.bin.gz,fa229c2ac56bdceadafe592cd1a25860e6f3c9964bfb2cfba3a3cb23d47c441d,cf6b757af6e5a1257144e9064c9737dfb73a56c7cd7dd876eede6ff2e7d976d0,129430,22053,,loaded_native_returns,40,0,application/json; charset=utf-8,129430,,server_representation_metadata; not native message publication or verified edit time
965cf5a288903168ab2cf285,w3_wwwtalk,content,https://lists.w3.org/Archives/Public/www-talk/1992JulAug/0036.html,2026-10-10T08:51:13.256826+00:00,200,saved,work_packages/M1_source_access/27_newspaper_context_recovery_20261008/social_public_api/continuations/20261010_broader_history_four_hour/worker/raw/965cf5a288903168ab2cf285.bin.gz,d169e9eee3962692dc8ef21a494a26dcef900b0e177438506dd66646f587ea7b,e7db118b3969fd4aab519508367ae7b76d51146532f9cd99633c8de6a81d46db,3863,1489,,loaded_native_returns,1,0,text/html,,"Mon, 04 Aug 2003 15:50:19 GMT",server_representation_metadata; not native message publication or verified edit time
966b6055b157a10e94d171cd,dowire_newswire,content,https://www.mail-archive.com/newswire%40groups.dowire.org/mail2.html,2026-10-10T06:24:13.686788+00:00,200,saved,work_packages/M1_source_access/27_newspaper_context_recovery_20261008/social_public_api/continuations/20261010_broader_history_four_hour/worker/raw/966b6055b157a10e94d171cd.bin.gz,33a566b80f70f94ce7f86a350387057e09f7ed21675e57b53938fcef89e2e228,c034e3d0a8bf7873b1fd031a8b4c202fac7fe77c61fada46f554387debfe6dba,48303,10147,,loaded_native_returns,0,0,text/html; charset=UTF-8,,,server_representation_metadata; not native message publication or verified edit time
967233c41a908c74c4f3b9c9,bluesky,content,https://public.api.bsky.app/xrpc/app.bsky.feed.getAuthorFeed?actor=did%3Aplc%3Aragtjsm2j2vknwkz3zp4oxrd&limit=100&filter=posts_with_replies&includePins=false&cursor=2023-09-13T18%3A59%3A41.885Z,2026-10-10T08:34:16.221972+00:00,200,saved,work_packages/M1_source_access/27_newspaper_context_recovery_20261008/social_public_api/continuations/20261010_broader_history_four_hour/worker/raw/967233c41a908c74c4f3b9c9.bin.gz,7bfe65a6eeca347bc502ce4956c8acaf1e72bf5ff1b8abed66b9ae0478862a85,8c087ba2fa958ddd9a78181bdcd89c95e168d166175f9c5088fef4de750a4294,452353,40304,,loaded_native_returns,110,0,application/json; charset=utf-8,452353,,server_representation_metadata; not native message publication or verified edit time
9684b1b888a1c5556a0450a6,lemmy_nz,content,https://lemmy.nz/api/v3/comment/list?type_=Local&sort=Old&limit=50&page=1&post_id=194228,2026-10-10T07:58:38.809192+00:00,200,saved,work_packages/M1_source_access/27_newspaper_context_recovery_20261008/social_public_api/continuations/20261010_broader_history_four_hour/worker/raw/9684b1b888a1c5556a0450a6.bin.gz,7dee15b4a72198430d0658073164f17677d73f4e309512aa4a22874d97a78ae6,70a88e6f47b662f81411c13d53d0e968191e4a730bc657a8cfd44bfb9e6d9080,41195,4186,,loaded_native_returns,28,0,application/json,41195,,server_representation_metadata; not native message publication or verified edit time
969bceee7b7acbd7e466fc7f,hackernews,content,https://hacker-news.firebaseio.com/v0/item/118.json,2026-10-10T05:58:14.890121+00:00,200,saved,work_packages/M1_source_access/27_newspaper_context_recovery_20261008/social_public_api/continuations/20261010_broader_history_four_hour/worker/raw/969bceee7b7acbd7e466fc7f.bin.gz,72787642dee209138fcb73d70cf1640ef5d24725e508d20e0f6d5dcc1e9ac241,3f1a75f0898e094f11feca5d08d48ac20d843690a5f744e4862896ff92f53ca2,178,166,,loaded_native_returns,1,0,application/json; charset=utf-8,178,,server_representation_metadata; not native message publication or verified edit time
96fcdf356fcc5263a93f4416,python_list_archive,content,https://mail.python.org/pipermail/python-list/2007-June.txt,2026-10-10T07:16:53.282779+00:00,200,saved,work_packages/M1_source_access/27_newspaper_context_recovery_20261008/social_public_api/continuations/20261010_broader_history_four_hour/worker/raw/96fcdf356fcc5263a93f4416.bin.gz,7716adf3cc44dad918bb7339cf48479d364fce46a8bedccded927083944f65f0,57d72b192e71d2ef3af4416efd343b08ac1cab2e024c000a77d667418e2d6c73,6870337,2585897,,loaded_native_returns,4206,0,text/plain,6870337,"Mon, 28 Oct 2019 01:47:24 GMT",server_representation_metadata; not native message publication or verified edit time
97309fccbe41771ee29b8f10,python_discourse,content,https://discuss.python.org/latest.json?ascending=true&no_definitions=true&order=created&page=2&per_page=50,2026-10-10T06:32:42.754434+00:00,200,saved,work_packages/M1_source_access/27_newspaper_context_recovery_20261008/social_public_api/continuations/20261010_broader_history_four_hour/worker/raw/97309fccbe41771ee29b8f10.bin.gz,11a912e8e9ad7915352f699904fc18701fc8e81b014b3415cbd7dc0cc37cec64,a31e1a44ce468aa04120f2acbbddc1839c6ae5f6569692d278481ee8b756f62e,75277,8846,,loaded_native_returns,0,0,application/json; charset=utf-8,75277,,server_representation_metadata; not native message publication or verified edit time
974997432a4e2bb21aa87cea,bluesky,content,https://public.api.bsky.app/xrpc/app.bsky.feed.getAuthorFeed?actor=did%3Aplc%3At5pur7eruxfgxy7ynpfrmg2w&limit=100&filter=posts_with_replies&includePins=false&cursor=2025-07-28T07%3A25%3A02.981Z,2026-10-10T07:14:26.969149+00:00,200,saved,work_packages/M1_source_access/27_newspaper_context_recovery_20261008/social_public_api/continuations/20261010_broader_history_four_hour/worker/raw/974997432a4e2bb21aa87cea.bin.gz,f0b2478cd49e8947cbbaf6e05f5748da5ef3dbc7f1a132d9f322a6e396c46f7c,5459abfb217251692692d5a71cc8f2189ba8517bee86a3725f9d685323ab7924,629441,61606,,loaded_native_returns,100,0,application/json; charset=utf-8,629441,,server_representation_metadata; not native message publication or verified edit time
97644e4cc4b6122bf10c7d50,mpls_mnforum_archive,content,https://www.mail-archive.com/mpls@mnforum.org/msg00004.html,2026-10-10T06:58:41.678473+00:00,200,saved,work_packages/M1_source_access/27_newspaper_context_recovery_20261008/social_public_api/continuations/20261010_broader_history_four_hour/worker/raw/97644e4cc4b6122bf10c7d50.bin.gz,07f147bb162eb5b73c2824bb16b4c6005298fcf60601a7ba93f193979c45b965,49c4f4238c781cb81f978cbb29d48d224298cb2ca27f2dae9ab8551f39c008e1,9585,3727,,loaded_native_returns,1,0,text/html; charset=utf-8,,,server_representation_metadata; not native message publication or verified edit time
979ab29245a52e512673bc0d,ilxor,policy,https://www.ilxor.com/privacy.html,2026-10-10T06:06:17.098640+00:00,200,saved,work_packages/M1_source_access/27_newspaper_context_recovery_20261008/social_public_api/continuations/20261010_broader_history_four_hour/worker/raw/979ab29245a52e512673bc0d.bin.gz,556f14d559e55f31d4b9130e79fbe24a4bac8f8c96fa6b0ab7c6af277d493c04,17e0be5ef303249d714b898ddb51d1cce2df5458d7a5a5478061e44f14d3bcd2,5881,2784,,noncontent_access_policy_or_frame_metadata,0,0,text/html,,"Sat, 05 Jan 2019 22:31:49 GMT",server_representation_metadata; not native message publication or verified edit time
97a42c51955358c326132dec,python_list_archive,content,https://mail.python.org/pipermail/python-list/2012-April.txt,2026-10-10T09:40:35.302176+00:00,200,saved,work_packages/M1_source_access/27_newspaper_context_recovery_20261008/social_public_api/continuations/20261010_broader_history_four_hour/worker/raw/97a42c51955358c326132dec.bin.gz,4d70972c419ac43e7225a0c85771d251924a2257448bce4285378190eb55ff8b,69363e03c78e0e7857f8dc55fb538161b0a7fc19051579e3f29ce4d9e2dcc450,5181633,1353596,,loaded_native_returns,3006,0,text/plain,5181633,"Mon, 28 Oct 2019 10:14:17 GMT",server_representation_metadata; not native message publication or verified edit time
97e05f15458076e63ce6cc9d,mastodon_us,content,https://sfba.social/api/v1/timelines/public?local=true&limit=40&max_id=116919619688452514,2026-10-10T06:51:58.922078+00:00,200,saved,work_packages/M1_source_access/27_newspaper_context_recovery_20261008/social_public_api/continuations/20261010_broader_history_four_hour/worker/raw/97e05f15458076e63ce6cc9d.bin.gz,aa5c923cbb65c8f8b4d17bcdd01b0cf89116d1d2a7a61f5de5581302ca98e69a,ab5aae0e7c33c92cbb8322d18a5756c02aa4c24e004f2f220563d1c1c5d7721f,150593,25963,,loaded_native_returns,40,0,application/json; charset=utf-8,150593,,server_representation_metadata; not native message publication or verified edit time
97e672501b0ca97cd473e892,bluesky,content,https://public.api.bsky.app/xrpc/app.bsky.feed.getAuthorFeed?actor=did%3Aplc%3At5pur7eruxfgxy7ynpfrmg2w&limit=100&filter=posts_with_replies&includePins=false&cursor=2025-07-14T21%3A20%3A35.244Z,2026-10-10T08:16:58.569521+00:00,200,saved,work_packages/M1_source_access/27_newspaper_context_recovery_20261008/social_public_api/continuations/20261010_broader_history_four_hour/worker/raw/97e672501b0ca97cd473e892.bin.gz,3fe5ccb301e462f40fbd5d55250cb0021026e09bf6830b2db731a36d9b3011ab,7635e0a3042c735ee905f42d55646ca2f28df29111330eb272bcfdf192b4e302,595623,61446,,loaded_native_returns,100,0,application/json; charset=utf-8,595623,,server_representation_metadata; not native message publication or verified edit time
9817de8db17fe9fe66df92dd,dowire_civic_archive,policy,https://www.mail-archive.com/robots.txt,2026-10-10T06:17:34.499162+00:00,200,saved,work_packages/M1_source_access/27_newspaper_context_recovery_20261008/social_public_api/continuations/20261010_broader_history_four_hour/worker/raw/9817de8db17fe9fe66df92dd.bin.gz,93358ef4ddd26304f067ad1908673a606f7597712aee2b5fff7374d7f5746784,a32e0f14b053c6868f5c565e22473c882b03a91e76136ba115213577bad097ab,714,351,,noncontent_access_policy_or_frame_metadata,0,0,text/plain,,"Wed, 18 Sep 2024 03:54:33 GMT",server_representation_metadata; not native message publication or verified edit time
986c91d3e31a43bb2115177a,e_democracy_archival,source_metadata,https://web.archive.org/web/20240403234813/http%3A//forums.e-democracy.org/,2026-10-10T06:17:48.857379+00:00,200,saved,work_packages/M1_source_access/27_newspaper_context_recovery_20261008/social_public_api/continuations/20261010_broader_history_four_hour/worker/raw/986c91d3e31a43bb2115177a.bin.gz,1a2c65f83aaa28ab40f853e190ee55c5462e5b357f6024f505cccb946e462b07,007c0680dc3770e1304068e136e4e673763893852a3498dbe4af4b5941919ad9,36405,8942,,noncontent_access_policy_or_frame_metadata,0,0,text/html; charset=UTF-8,,,server_representation_metadata; not native message publication or verified edit time
9873e52fdbf9d6468fea5b9e,osm_discourse,content,https://community.openstreetmap.org/t/32480.json,2026-10-10T08:36:51.541122+00:00,200,saved,work_packages/M1_source_access/27_newspaper_context_recovery_20261008/social_public_api/continuations/20261010_broader_history_four_hour/worker/raw/9873e52fdbf9d6468fea5b9e.bin.gz,e6885392075f7a118dff731d915158456d7e5a482075ed7134e62d25aac10c0c,2f5da0c169da83c0f632a25eb1966bc7022461c281b240fcd707875fa90cc45c,15060,3652,,loaded_native_returns,3,0,application/json; charset=utf-8,15060,,server_representation_metadata; not native message publication or verified edit time
98778f8c74c9d0c964b9bf9c,mastodon_au,content,https://aus.social/api/v1/timelines/public?local=true&limit=40&max_id=116905450725444375,2026-10-10T09:30:41.597694+00:00,200,saved,work_packages/M1_source_access/27_newspaper_context_recovery_20261008/social_public_api/continuations/20261010_broader_history_four_hour/worker/raw/98778f8c74c9d0c964b9bf9c.bin.gz,54c42f646df3e74e96fe500951c487dc1d236c09743ae548763d2143a0b0360b,e6e8b5b92847b247d48bcd80949b36f245e5d48243c1dd77849d9e9b69f4973f,158638,27421,,loaded_native_returns,40,0,application/json; charset=utf-8,158638,,server_representation_metadata; not native message publication or verified edit time
988b4f335bf0714787171f57,tildes,content,https://tildes.net/~talk/161k/a_low_risk_ama_thread_for_everyone,2026-10-10T08:30:07.933809+00:00,200,saved,work_packages/M1_source_access/27_newspaper_context_recovery_20261008/social_public_api/continuations/20261010_broader_history_four_hour/worker/raw/988b4f335bf0714787171f57.bin.gz,d4571db982abcb02f16a01042684933977c28fca07942c16b50ec5ec4ab03221,f523b0efc75bc6879906642c7dac07b855973841ab5a364d8ab73e2f4d248e04,846774,124972,,loaded_native_returns,389,0,text/html; charset=UTF-8,846774,,server_representation_metadata; not native message publication or verified edit time
989a7e35b495db9127696ff6,python_list_archive,content,https://mail.python.org/pipermail/python-list/2005-September.txt,2026-10-10T06:33:06.018016+00:00,200,saved,work_packages/M1_source_access/27_newspaper_context_recovery_20261008/social_public_api/continuations/20261010_broader_history_four_hour/worker/raw/989a7e35b495db9127696ff6.bin.gz,ae5afbc303f9cbf1f26f10d61a0af31938f91ebf2dc1c4144029c87c8fd9357a,3dbeb5f94efe6eeb956643af97ef1da435e9b85c57a8c855f3db815533f4e9e8,6736725,2573247,,loaded_native_returns,4569,0,text/plain,6736725,"Sun, 27 Oct 2019 23:38:26 GMT",server_representation_metadata; not native message publication or verified edit time
98b2620817671737e877b090,w3_wwwtalk,content,https://lists.w3.org/Archives/Public/www-talk/1992JulAug/0017.html,2026-10-10T08:15:09.692040+00:00,200,saved,work_packages/M1_source_access/27_newspaper_context_recovery_20261008/social_public_api/continuations/20261010_broader_history_four_hour/worker/raw/98b2620817671737e877b090.bin.gz,ea29ab4ef53c163f0853b0442d439b8bdb43a3656b316b06e2c9809ad238568e,8ffbd729722d566bc8fa20d72b52af45ff7eca7a7faa4fecfb17c5cafe159c09,5707,2417,,loaded_native_returns,1,0,text/html,,"Mon, 04 Aug 2003 15:50:19 GMT",server_representation_metadata; not native message publication or verified edit time
9949fcca013c919e8e74908a,lemmy_nz,content,https://lemmy.nz/api/v3/comment/list?type_=Local&sort=Old&limit=50&page=1&post_id=203339,2026-10-10T08:35:48.518332+00:00,200,saved,work_packages/M1_source_access/27_newspaper_context_recovery_20261008/social_public_api/continuations/20261010_broader_history_four_hour/worker/raw/9949fcca013c919e8e74908a.bin.gz,2baf41f94249127d90e01a680e4c7b1b61650fb653498ac40f8cbe91a8269116,c1dda77913d36a4c4f3352283d859a1e877e480f2f93d4a3342f8f25c869c3bd,61711,5538,,loaded_native_returns,30,0,application/json,61711,,server_representation_metadata; not native message publication or verified edit time
99a9b53e4a216034c41f8e92,python_discourse,content,https://discuss.python.org/t/431.json,2026-10-10T06:09:19.828977+00:00,200,saved,work_packages/M1_source_access/27_newspaper_context_recovery_20261008/social_public_api/continuations/20261010_broader_history_four_hour/worker/raw/99a9b53e4a216034c41f8e92.bin.gz,09ed3cd097da56515516083d2734f2e72857dcb528e3e1074193a08113d10956,f0d462f2b107aaaacc82e2240c6672b5a425254dd92153173d2d05a448e8b5e9,24731,4180,,loaded_native_returns,11,0,application/json; charset=utf-8,24731,,server_representation_metadata; not native message publication or verified edit time
99c1299210b538133a2689cc,mastodon_uk,content,https://mastodon.me.uk/api/v1/timelines/public?local=true&limit=40&max_id=116202029281305316,2026-10-10T07:21:09.138448+00:00,200,saved,work_packages/M1_source_access/27_newspaper_context_recovery_20261008/social_public_api/continuations/20261010_broader_history_four_hour/worker/raw/99c1299210b538133a2689cc.bin.gz,b0c983705c2593209c73547c03ef7996bad94ee7a54fd19c4a47a4c036a57bf1,33b741d5c77f63763d36a50e47a6490c6df63b186fdff655036c13d3fd789cbc,141229,17432,,loaded_native_returns,40,0,application/json; charset=utf-8,141229,,server_representation_metadata; not native message publication or verified edit time
99cac2433709ce84c8108b05,osm_discourse,content,https://community.openstreetmap.org/t/32307.json,2026-10-10T06:52:37.056133+00:00,200,saved,work_packages/M1_source_access/27_newspaper_context_recovery_20261008/social_public_api/continuations/20261010_broader_history_four_hour/worker/raw/99cac2433709ce84c8108b05.bin.gz,9e2157e54f0e66873d737e8e27dd71276c8bc954510b3a52b6399b99c55e78ca,ee71105ee9a3d0de5b2218b2e646c405dcc6b9e139ff3c9a82a35af8f432861d,12009,2878,,loaded_native_returns,3,0,application/json; charset=utf-8,12009,,server_representation_metadata; not native message publication or verified edit time
99d3421a4aa403e81157d8b7,bluesky,content,https://public.api.bsky.app/xrpc/app.bsky.feed.getAuthorFeed?actor=did%3Aplc%3At5pur7eruxfgxy7ynpfrmg2w&limit=100&filter=posts_with_replies&includePins=false&cursor=2025-07-15T19%3A58%3A41.497Z,2026-10-10T07:52:45.317982+00:00,200,saved,work_packages/M1_source_access/27_newspaper_context_recovery_20261008/social_public_api/continuations/20261010_broader_history_four_hour/worker/raw/99d3421a4aa403e81157d8b7.bin.gz,fa7c7daa19816f86b0357ef89f20fc171b3ac13410c8e28aa66f47638666b636,1b87b5234886c28f9c92a8948bd45010aa0b9c2dfc3e427d282d4a7340a10aa4,571719,59571,,loaded_native_returns,101,0,application/json; charset=utf-8,571719,,server_representation_metadata; not native message publication or verified edit time
99e8b3a875c89a17ccd353f0,w3_wwwtalk,content,https://lists.w3.org/Archives/Public/www-talk/1992JulAug/0015.html,2026-10-10T08:11:07.820927+00:00,200,saved,work_packages/M1_source_access/27_newspaper_context_recovery_20261008/social_public_api/continuations/20261010_broader_history_four_hour/worker/raw/99e8b3a875c89a17ccd353f0.bin.gz,dba5a641748e5bca6bd82350cb9c6d75bebb67e52898b0e185dd44bfd7462d9c,0191fcbef479a055950f581fd21bce7bf2c5d0f49af7aa5dafc2503fa392ce4e,4755,1891,,loaded_native_returns,1,0,text/html,,"Mon, 04 Aug 2003 15:50:19 GMT",server_representation_metadata; not native message publication or verified edit time
99f41ec4ff3aafc21b366012,thesession,documentation,https://github.com/adactio/TheSession-archive,2026-10-10T07:29:26.254403+00:00,200,saved,work_packages/M1_source_access/27_newspaper_context_recovery_20261008/social_public_api/continuations/20261010_broader_history_four_hour/worker/raw/99f41ec4ff3aafc21b366012.bin.gz,eb77f3162f9db9d765813201607b370acfcdc36045a6ed33f59143a271e904ff,56f8c3ff5f209d51e87066a8187a5b8cdfae455ac207b4bb1ac936b3f33b1692,263157,39800,,noncontent_access_policy_or_frame_metadata,0,0,text/html; charset=utf-8,,,server_representation_metadata; not native message publication or verified edit time
9a2bc9fa3ac4ac077af6df27,straight_dope,content,https://boards.straightdope.com/t/712149/posts.json?post_ids%5B%5D=18013671&post_ids%5B%5D=18013700&post_ids%5B%5D=18013957&post_ids%5B%5D=18014265&post_ids%5B%5D=18014336&post_ids%5B%5D=18014340&post_ids%5B%5D=18014721&post_ids%5B%5D=18014779&post_ids%5B%5D=18015862&post_ids%5B%5D=18015904&post_ids%5B%5D=18015945&post_ids%5B%5D=18016038&post_ids%5B%5D=18016040&post_ids%5B%5D=18016073&post_ids%5B%5D=18016099&post_ids%5B%5D=18016106&post_ids%5B%5D=18016180&post_ids%5B%5D=18016238&post_ids%5B%5D=18016332&post_ids%5B%5D=18016542,2026-10-10T08:27:13.112458+00:00,200,saved,work_packages/M1_source_access/27_newspaper_context_recovery_20261008/social_public_api/continuations/20261010_broader_history_four_hour/worker/raw/9a2bc9fa3ac4ac077af6df27.bin.gz,3c5e1cc9b57c06a2ccf07fd578ba878a2c6bf8a226ae959b5da6bdd4f8e7b73f,058c4074a03a891a02e0135da0010719de98a8aa4cbab1add2ce570713e48a30,33737,4104,,loaded_native_returns,21,0,application/json; charset=utf-8,33737,,server_representation_metadata; not native message publication or verified edit time
9a42bf005795968d5c1f77f3,mastodon_us,content,https://sfba.social/api/v1/timelines/public?local=true&limit=40&max_id=116882767183204607,2026-10-10T08:41:45.050095+00:00,200,saved,work_packages/M1_source_access/27_newspaper_context_recovery_20261008/social_public_api/continuations/20261010_broader_history_four_hour/worker/raw/9a42bf005795968d5c1f77f3.bin.gz,3eb7445cf1589aa444769c1859ca77f70d0e7504a5e89585c9cf9e4258cace24,eeb4449f95c92063015681c907e1721e1e173d5cc01f71404fd556013c1a6536,178789,25743,,loaded_native_returns,40,0,application/json; charset=utf-8,178789,,server_representation_metadata; not native message publication or verified edit time
9a5157d9f4b68bacabf823b2,osm_discourse,content,https://community.openstreetmap.org/t/32351.json,2026-10-10T07:20:01.893887+00:00,200,saved,work_packages/M1_source_access/27_newspaper_context_recovery_20261008/social_public_api/continuations/20261010_broader_history_four_hour/worker/raw/9a5157d9f4b68bacabf823b2.bin.gz,90c7adbc3b188e79045a58cf939685d6f7e2ab079f4cfc86774a050dd59d27eb,eb8cec24c4810703bcd84eb18deb845a78c02aebfef70fd0bbbdd8d9215d5d6a,14603,3682,,loaded_native_returns,3,0,application/json; charset=utf-8,14603,,server_representation_metadata; not native message publication or verified edit time
9a8598fe16685634df5054b9,osm_discourse,content,https://community.openstreetmap.org/t/32257/posts.json?post_ids%5B%5D=303538&post_ids%5B%5D=303541&post_ids%5B%5D=303573&post_ids%5B%5D=303576&post_ids%5B%5D=303579&post_ids%5B%5D=303583&post_ids%5B%5D=303591&post_ids%5B%5D=303593&post_ids%5B%5D=303597&post_ids%5B%5D=303611&post_ids%5B%5D=303628&post_ids%5B%5D=303639&post_ids%5B%5D=303667&post_ids%5B%5D=303676&post_ids%5B%5D=303941&post_ids%5B%5D=303965&post_ids%5B%5D=303975&post_ids%5B%5D=303986,2026-10-10T06:23:16.500906+00:00,200,saved,work_packages/M1_source_access/27_newspaper_context_recovery_20261008/social_public_api/continuations/20261010_broader_history_four_hour/worker/raw/9a8598fe16685634df5054b9.bin.gz,65a0600f70b4edc5ff59b5aa14d433519aeaced2af6429cebdc9b209125a4f99,c6dbd4dc13d53d85c4179c18b291b16449d79ef914db4b7aa7e42679a759b21a,52085,8567,,loaded_native_returns,19,0,application/json; charset=utf-8,52085,,server_representation_metadata; not native message publication or verified edit time
9ad2c77c9f71f3d7f834879c,tildes,content,https://tildes.net/~games/18qt/tildes_minecraft_server_launch_java_edition_smp,2026-10-10T09:37:57.621364+00:00,200,saved,work_packages/M1_source_access/27_newspaper_context_recovery_20261008/social_public_api/continuations/20261010_broader_history_four_hour/worker/raw/9ad2c77c9f71f3d7f834879c.bin.gz,b8dd52811dbba8a0b1f434ad6b45ff4fe380ae128d364a5cadd56c63c41676ef,0eb16396b992b15eaa34b7c75eea4b6b47b20200a2c03e177e018ba0850895dd,248171,25294,,loaded_native_returns,132,0,text/html; charset=UTF-8,248171,,server_representation_metadata; not native message publication or verified edit time
9ad3529ca345f4df388c2eca,lemmy_nz,content,https://lemmy.nz/api/v3/comment/list?type_=Local&sort=Old&limit=50&page=3&post_id=199229,2026-10-10T08:10:27.665919+00:00,200,saved,work_packages/M1_source_access/27_newspaper_context_recovery_20261008/social_public_api/continuations/20261010_broader_history_four_hour/worker/raw/9ad3529ca345f4df388c2eca.bin.gz,9efdb10c81eaf55dc95e4320d1f02441576a405fb0551d5b8f1905bc0728f854,4fa14da49dc015f30581863a05d74d4091152f4549146526e99de651d5809edf,15,35,,loaded_native_returns,0,0,application/json,15,,server_representation_metadata; not native message publication or verified edit time
9b05f7ba3bb7b2f7f7ccf288,python_discourse,content,https://discuss.python.org/t/436/posts.json?post_ids%5B%5D=2490&post_ids%5B%5D=2491&post_ids%5B%5D=2492&post_ids%5B%5D=2494&post_ids%5B%5D=2495&post_ids%5B%5D=2497&post_ids%5B%5D=2499&post_ids%5B%5D=2537,2026-10-10T06:25:25.713196+00:00,200,saved,work_packages/M1_source_access/27_newspaper_context_recovery_20261008/social_public_api/continuations/20261010_broader_history_four_hour/worker/raw/9b05f7ba3bb7b2f7f7ccf288.bin.gz,ef1e6272fd73c3363d204647bbf848378297a619d7e4169be49500dcdae953c1,bf963ba7d394acc353e998f35f3f8ffa10d58ff76a2d61ac2839fb2b9bb1c0ca,24616,4885,,loaded_native_returns,9,0,application/json; charset=utf-8,24616,,server_representation_metadata; not native message publication or verified edit time
9b54a08661ee781bc397367b,bluesky,content,https://public.api.bsky.app/xrpc/app.bsky.feed.getAuthorFeed?actor=did%3Aplc%3Aragtjsm2j2vknwkz3zp4oxrd&limit=100&filter=posts_with_replies&includePins=false&cursor=2023-08-07T22%3A50%3A51.13Z,2026-10-10T09:35:39.500909+00:00,200,saved,work_packages/M1_source_access/27_newspaper_context_recovery_20261008/social_public_api/continuations/20261010_broader_history_four_hour/worker/raw/9b54a08661ee781bc397367b.bin.gz,1f5f10cdff1bc0af0c346b0163ea7932eadd82fe150b6141a302a36a2bead35e,8af386f59085280aa290b0695cb412e86cf4398c9985442f51f0313416e46c28,365635,36211,,loaded_native_returns,111,0,application/json; charset=utf-8,365635,,server_representation_metadata; not native message publication or verified edit time
9b6e09deb70e98559d03b23f,lemmy_nz,content,https://lemmy.nz/api/v3/comment/list?type_=Local&sort=Old&limit=50&page=1&post_id=186282,2026-10-10T07:39:36.946828+00:00,200,saved,work_packages/M1_source_access/27_newspaper_context_recovery_20261008/social_public_api/continuations/20261010_broader_history_four_hour/worker/raw/9b6e09deb70e98559d03b23f.bin.gz,0d846d54f71597681ab22e9f614b2caadbc57ba1b9508e04004f784e69a93ff9,4c83c442b91d10aedf47747263c19a4f330aadc174509df0d11dd649f176052e,30745,5248,,loaded_native_returns,14,0,application/json,30745,,server_representation_metadata; not native message publication or verified edit time
9ba72217378f6fabfd90f538,thesession,content,https://thesession.org/discussions/40,2026-10-10T09:26:48.914193+00:00,200,saved,work_packages/M1_source_access/27_newspaper_context_recovery_20261008/social_public_api/continuations/20261010_broader_history_four_hour/worker/raw/9ba72217378f6fabfd90f538.bin.gz,4ffad2bdc9ae4ab29e286a0265cc18a9e64fe375e3498941c7e70a4495f00831,66996f026da695d1c0e8848fbc74540312aeea0790403dbb2d8538120ebfe59c,58029,13600,,loaded_native_returns,3,0,text/html; charset=utf-8,,,server_representation_metadata; not native message publication or verified edit time
9bb7b20830163ca788e5ee84,hackernews,content,https://hacker-news.firebaseio.com/v0/item/144.json,2026-10-10T06:54:55.748692+00:00,200,saved,work_packages/M1_source_access/27_newspaper_context_recovery_20261008/social_public_api/continuations/20261010_broader_history_four_hour/worker/raw/9bb7b20830163ca788e5ee84.bin.gz,e844210eb057b865cb6d11328fbe7d82c3e7621f72476819b131af359392b44d,2e1dda9a133b2946989c924a3e74a415d29d84409ad2dc2f7234a3539313014a,162,149,,loaded_native_returns,1,0,application/json; charset=utf-8,162,,server_representation_metadata; not native message publication or verified edit time
9c1810eca443c76b06e74de4,python_list_archive,content,https://mail.python.org/pipermail/python-list/2004-December.txt,2026-10-10T06:12:55.396552+00:00,200,saved,work_packages/M1_source_access/27_newspaper_context_recovery_20261008/social_public_api/continuations/20261010_broader_history_four_hour/worker/raw/9c1810eca443c76b06e74de4.bin.gz,a2fa90737eea548a9f861003da658067172009985b0e302d3641164156657241,81b727cec965801c83e420625b4610ee832ef99e54aff8fdc764889c0f624eb6,8041178,3091308,,loaded_native_returns,5279,0,text/plain,8041178,"Sun, 27 Oct 2019 23:34:07 GMT",server_representation_metadata; not native message publication or verified edit time
9c9b36dfb6c95fd006cf570c,mastodon_uk,content,https://mastodon.me.uk/api/v1/timelines/public?local=true&limit=40&max_id=116149520757894789,2026-10-10T08:20:38.885540+00:00,200,saved,work_packages/M1_source_access/27_newspaper_context_recovery_20261008/social_public_api/continuations/20261010_broader_history_four_hour/worker/raw/9c9b36dfb6c95fd006cf570c.bin.gz,35cb3fbb38f8e4453293f6a32d87ecce38676909053545c8af0cc70333d52ee6,a6ee833c0e336a44e683a3dea012ea5cea788320a02b61c5e7eb8359ddfe58af,150738,15021,,loaded_native_returns,40,0,application/json; charset=utf-8,150738,,server_representation_metadata; not native message publication or verified edit time
9cec0f22c5faa7feed3ac12a,hackernews,content,https://hacker-news.firebaseio.com/v0/item/125.json,2026-10-10T06:11:12.596704+00:00,200,saved,work_packages/M1_source_access/27_newspaper_context_recovery_20261008/social_public_api/continuations/20261010_broader_history_four_hour/worker/raw/9cec0f22c5faa7feed3ac12a.bin.gz,b5991362a3214cf0617bdd3c4606c2e1c850e8965fb653e3fd17fa1deb4dacd8,c528975112b7b20939db83705a5bc981e1b90d32ca19c4fa6ec6fbe9264b2b88,108,117,,loaded_native_returns,1,0,application/json; charset=utf-8,108,,server_representation_metadata; not native message publication or verified edit time
9cee7bd3f324f640ee45a372,mastodon_au,content,https://aus.social/api/v1/timelines/public?local=true&limit=40&max_id=116949783873035146,2026-10-10T06:36:12.899851+00:00,200,saved,work_packages/M1_source_access/27_newspaper_context_recovery_20261008/social_public_api/continuations/20261010_broader_history_four_hour/worker/raw/9cee7bd3f324f640ee45a372.bin.gz,f6bc5281737a4271f7d86b518f01f7683834aba8d687e47983b9027c68775caf,e640d8d1e2bcfa25775b189fcae7d70381a9cc44fd611f926a52c7f2e3845b83,143943,23632,,loaded_native_returns,40,0,application/json; charset=utf-8,143943,,server_representation_metadata; not native message publication or verified edit time
9d967e8f2ebc4eed0607f5ba,hackernews,content,https://hacker-news.firebaseio.com/v0/item/206.json,2026-10-10T09:25:45.428695+00:00,200,saved,work_packages/M1_source_access/27_newspaper_context_recovery_20261008/social_public_api/continuations/20261010_broader_history_four_hour/worker/raw/9d967e8f2ebc4eed0607f5ba.bin.gz,83716c5c3a5110dd8dc0dea3ebe30fd6556ec3cc3cce34b216c7b955898387df,08a273e8d045d5a17d949e13e81a38ea98b1e3c6143c7391d83909e37b2bf486,313,251,,loaded_native_returns,1,0,application/json; charset=utf-8,313,,server_representation_metadata; not native message publication or verified edit time
9dc35470e89907bf28def7a0,bluesky,content,https://public.api.bsky.app/xrpc/app.bsky.feed.getAuthorFeed?actor=did%3Aplc%3Aragtjsm2j2vknwkz3zp4oxrd&limit=100&filter=posts_with_replies&includePins=false&cursor=2023-09-23T19%3A46%3A32.252Z,2026-10-10T07:54:31.960901+00:00,200,saved,work_packages/M1_source_access/27_newspaper_context_recovery_20261008/social_public_api/continuations/20261010_broader_history_four_hour/worker/raw/9dc35470e89907bf28def7a0.bin.gz,d6e1477ec8c0445b7992b2b5c2344018da36a8a1de0801368451d9287e076c13,eff1817754f995a35d426123561f6f7c04528bed0433240e1db98649903dcc86,481657,43085,,loaded_native_returns,103,0,application/json; charset=utf-8,481657,,server_representation_metadata; not native message publication or verified edit time
9e0840e84fb037cbdf87806e,python_discourse,content,https://discuss.python.org/t/460.json,2026-10-10T06:42:50.959128+00:00,200,saved,work_packages/M1_source_access/27_newspaper_context_recovery_20261008/social_public_api/continuations/20261010_broader_history_four_hour/worker/raw/9e0840e84fb037cbdf87806e.bin.gz,b2f1cc85b02be66b8588322975cc39c913ced534d17d680e32ce775833843da0,6f4a3bb0ac9b99167aa9f6a3271a3881777c1fff74bc1d07e39bc0ebbac910bc,7441,2152,,loaded_native_returns,3,0,application/json; charset=utf-8,7441,,server_representation_metadata; not native message publication or verified edit time
9e47c9d7827ae104e58397ed,mastodon_au,content,https://aus.social/api/v1/timelines/public?local=true&limit=40&max_id=116955053665140097,2026-10-10T06:22:40.501759+00:00,200,saved,work_packages/M1_source_access/27_newspaper_context_recovery_20261008/social_public_api/continuations/20261010_broader_history_four_hour/worker/raw/9e47c9d7827ae104e58397ed.bin.gz,78876c95b00497d9a098404ee0cdbcda5e8f42979578e337b5c9cd578079c38b,b0e10b5c7dd6802a496f9d00873d3e916e404b5e54d3669585c788a062c12fac,169705,30330,,loaded_native_returns,40,0,application/json; charset=utf-8,169705,,server_representation_metadata; not native message publication or verified edit time
9e58f84bfa24ba34d202e78e,python_discourse,content,https://discuss.python.org/t/436/posts.json?post_ids%5B%5D=2257&post_ids%5B%5D=2269&post_ids%5B%5D=2277&post_ids%5B%5D=2291&post_ids%5B%5D=2308&post_ids%5B%5D=2346&post_ids%5B%5D=2424&post_ids%5B%5D=2425&post_ids%5B%5D=2430&post_ids%5B%5D=2431&post_ids%5B%5D=2432&post_ids%5B%5D=2434&post_ids%5B%5D=2438&post_ids%5B%5D=2439&post_ids%5B%5D=2440&post_ids%5B%5D=2441&post_ids%5B%5D=2442&post_ids%5B%5D=2443&post_ids%5B%5D=2445&post_ids%5B%5D=2446,2026-10-10T06:19:41.197513+00:00,200,saved,work_packages/M1_source_access/27_newspaper_context_recovery_20261008/social_public_api/continuations/20261010_broader_history_four_hour/worker/raw/9e58f84bfa24ba34d202e78e.bin.gz,254b7c259bade024b98e3fd9ea99b8dcbbf5c7411d8c0ad40360fb8689bcd0ad,637c93e7326860253ab0f973ef2a8001f9b3481ffd89928b3bdd71a7de0116b5,58563,9354,,loaded_native_returns,21,0,application/json; charset=utf-8,58563,,server_representation_metadata; not native message publication or verified edit time
9ee7f8b9081dfb41da8787cd,python_discourse,content,https://discuss.python.org/t/483.json,2026-10-10T06:52:24.515598+00:00,200,saved,work_packages/M1_source_access/27_newspaper_context_recovery_20261008/social_public_api/continuations/20261010_broader_history_four_hour/worker/raw/9ee7f8b9081dfb41da8787cd.bin.gz,f7e455005fdb55219249849a9f6b76f6a1a59d13ca92e61b35f86fac85f05b10,04e5525ea2ab464daf0a6ab433c563669aa087985a696e11e2133197a664061f,23485,4915,,loaded_native_returns,6,0,application/json; charset=utf-8,23485,,server_representation_metadata; not native message publication or verified edit time
9f2501c9688e6909d61e151d,mastodon_us,content,https://sfba.social/api/v1/timelines/public?local=true&limit=40&max_id=116931226219701313,2026-10-10T06:10:37.084113+00:00,200,saved,work_packages/M1_source_access/27_newspaper_context_recovery_20261008/social_public_api/continuations/20261010_broader_history_four_hour/worker/raw/9f2501c9688e6909d61e151d.bin.gz,2750ee56c347d02bee283755985b671104f22b2a61124b5357fa14fb38765d88,384c47b15d082c10619c4ac2857d1f63e76fa2f2cd56c31e9a85fe7a5bf36028,163230,26007,,loaded_native_returns,40,0,application/json; charset=utf-8,163230,,server_representation_metadata; not native message publication or verified edit time
9f9a3c3aa5f36720e4b43a9c,python_list_archive,content,https://mail.python.org/pipermail/python-list/2009-June.txt,2026-10-10T08:11:42.421090+00:00,200,saved,work_packages/M1_source_access/27_newspaper_context_recovery_20261008/social_public_api/continuations/20261010_broader_history_four_hour/worker/raw/9f9a3c3aa5f36720e4b43a9c.bin.gz,49f4aedc7d0361d1d3ef9af2dc564d18cf214bdf6e2f1960a2900c461a81a552,007526ceb3c592d0ce5eaa19e0c46e0b53c47d3375dd321a93789aed162d1aa6,10805835,3042604,,loaded_native_returns,6758,0,text/plain,10805835,"Mon, 28 Oct 2019 09:58:55 GMT",server_representation_metadata; not native message publication or verified edit time
9fccb03256796e3754418921,straight_dope,content,https://boards.straightdope.com/t/1025298/posts.json?post_ids%5B%5D=25829472&post_ids%5B%5D=25829474&post_ids%5B%5D=25829563&post_ids%5B%5D=25829569&post_ids%5B%5D=25829574&post_ids%5B%5D=25829578&post_ids%5B%5D=25829582&post_ids%5B%5D=25829594&post_ids%5B%5D=25829596&post_ids%5B%5D=25829597&post_ids%5B%5D=25829600&post_ids%5B%5D=25829601&post_ids%5B%5D=25829621&post_ids%5B%5D=25829630&post_ids%5B%5D=25829636&post_ids%5B%5D=25829642&post_ids%5B%5D=25829646&post_ids%5B%5D=25829655&post_ids%5B%5D=25829656&post_ids%5B%5D=25829666,2026-10-10T06:36:42.204088+00:00,200,saved,work_packages/M1_source_access/27_newspaper_context_recovery_20261008/social_public_api/continuations/20261010_broader_history_four_hour/worker/raw/9fccb03256796e3754418921.bin.gz,a406e27d2096f248c0cd2d54163c1df58ffc9809f05af5dba35c382758ac6a84,087b2495d4ce231b7f75da11f555413860a9d8449d49828fdf0aca55ebcc6f2e,60461,9362,,loaded_native_returns,21,0,application/json; charset=utf-8,60461,,server_representation_metadata; not native message publication or verified edit time
9fe377117854093cf5340419,ilxor,content,https://www.ilxor.com/ILX/ThreadSelectedControllerServlet?boardid=40&threadid=258,2026-10-10T08:20:19.090378+00:00,200,saved,work_packages/M1_source_access/27_newspaper_context_recovery_20261008/social_public_api/continuations/20261010_broader_history_four_hour/worker/raw/9fe377117854093cf5340419.bin.gz,4c32fa977e4a14959f3334447fce532e4e3f949f9ce028a9f0775ad8002c473f,34001716202eca9fe5a4cdb3de8f9001efb83bfaee6c75b5967c0444db3f7483,76113,19568,,loaded_native_returns,100,0,text/html;charset=UTF-8,,,server_representation_metadata; not native message publication or verified edit time
a01bd9e209c88fdf60eb4465,thesession,documentation,https://github.com/adactio/thesession-data,2026-10-10T07:29:29.003557+00:00,200,saved,work_packages/M1_source_access/27_newspaper_context_recovery_20261008/social_public_api/continuations/20261010_broader_history_four_hour/worker/raw/a01bd9e209c88fdf60eb4465.bin.gz,39df740a90f839b9205549b345957e36e989dda2433ae90f3f7de41f61ecc816,20eebf9598950b16f54aa4aef3c81b6a3eaece4e2df7b7c385433f90d82b047e,263606,40878,,noncontent_access_policy_or_frame_metadata,0,0,text/html; charset=utf-8,,,server_representation_metadata; not native message publication or verified edit time
a045b4d59c39e679be1eea24,tildes,content,https://tildes.net/~tech/17cb/elon_musk_announces_new_daily_twitter_limitations_as_thousands_of_users_report_problems_accessing,2026-10-10T08:18:18.576926+00:00,200,saved,work_packages/M1_source_access/27_newspaper_context_recovery_20261008/social_public_api/continuations/20261010_broader_history_four_hour/worker/raw/a045b4d59c39e679be1eea24.bin.gz,9001c9838ad40301cbd00225f1db95bb01db260714ee41538ad503e0e6cca869,281335003166904f684c180492dceed1b38744bc46143a88428db59cb02af8b3,353105,35935,,loaded_native_returns,179,0,text/html; charset=UTF-8,353105,,server_representation_metadata; not native message publication or verified edit time
a05f2436b8040b21de6db449,straight_dope,content,https://boards.straightdope.com/t/1033285.json,2026-10-10T07:58:15.564277+00:00,200,saved,work_packages/M1_source_access/27_newspaper_context_recovery_20261008/social_public_api/continuations/20261010_broader_history_four_hour/worker/raw/a05f2436b8040b21de6db449.bin.gz,9f7b4a81a04ea4cc8c40e849075df697733edb31ab459787a30efa81098a137c,60a1c8c518ec6e903afc6fbf5c0afe7d1106fb3255c7e28d87ba6160524c5cf8,56628,9049,,loaded_native_returns,21,0,application/json; charset=utf-8,56628,,server_representation_metadata; not native message publication or verified edit time
a098b4adca2dc0ca492c20d1,tildes,content,https://tildes.net/~tech/1crn/if_buying_isnt_owning_piracy_isnt_stealing,2026-10-10T08:01:55.164328+00:00,200,saved,work_packages/M1_source_access/27_newspaper_context_recovery_20261008/social_public_api/continuations/20261010_broader_history_four_hour/worker/raw/a098b4adca2dc0ca492c20d1.bin.gz,4757fd42b77e782af2105f021a603268c9f90900f08a426b5765ab0bbb1069dd,501d86155bb2c8ff8f5c1516c50ba9e56895e4f3d573bcbf674ba6541dc02410,311248,46415,,loaded_native_returns,143,0,text/html; charset=UTF-8,311248,,server_representation_metadata; not native message publication or verified edit time
a09d8afaef908c662fac1180,mastodon_au,content,https://aus.social/api/v1/timelines/public?local=true&limit=40&max_id=116939032342303275,2026-10-10T07:12:31.741809+00:00,200,saved,work_packages/M1_source_access/27_newspaper_context_recovery_20261008/social_public_api/continuations/20261010_broader_history_four_hour/worker/raw/a09d8afaef908c662fac1180.bin.gz,24ad556da27a626ddff559c592baf02cbc1564d48e67f5d04d1bab2ad0ba84f8,305ed035d20e7765cb3f73784f99cb53d1da06bf5185b83bb87ca90c09bd786d,149819,25331,,loaded_native_returns,40,0,application/json; charset=utf-8,149819,,server_representation_metadata; not native message publication or verified edit time
a0ca3958c7fe8edc51e9b71a,lemmy_nz,content,https://lemmy.nz/api/v3/comment/list?type_=Local&sort=Old&limit=50&page=1&post_id=212398,2026-10-10T09:43:19.274239+00:00,200,saved,work_packages/M1_source_access/27_newspaper_context_recovery_20261008/social_public_api/continuations/20261010_broader_history_four_hour/worker/raw/a0ca3958c7fe8edc51e9b71a.bin.gz,09c7612d368e00d5e889f64362780e427fa4650f3bab219c033a9ca7371302d8,c347f15c038265f13529e359c083dddcbd6bf568b1e8e17c29349629201c325a,11262,1950,,loaded_native_returns,8,0,application/json,11262,,server_representation_metadata; not native message publication or verified edit time
a0df8f0ce7b21701e56a858f,thesession,documentation,https://blog.thesession.org/,2026-10-10T07:28:18.999148+00:00,200,saved,work_packages/M1_source_access/27_newspaper_context_recovery_20261008/social_public_api/continuations/20261010_broader_history_four_hour/worker/raw/a0df8f0ce7b21701e56a858f.bin.gz,4ad2913e206896f23c3d3102a480ba316f94c5d5e333066f260c322967b6cdd6,79a3804b0bf72bbe80402dfeb5a8ea585062640ec56c17122e507fb3506c76cc,320634,102010,,noncontent_access_policy_or_frame_metadata,0,0,text/html; charset=UTF-8,,,server_representation_metadata; not native message publication or verified edit time
a1032aeb55cae45a75077e7f,mastodon_us,content,https://sfba.social/api/v1/timelines/public?local=true&limit=40&max_id=116892038922966753,2026-10-10T08:20:51.541111+00:00,200,saved,work_packages/M1_source_access/27_newspaper_context_recovery_20261008/social_public_api/continuations/20261010_broader_history_four_hour/worker/raw/a1032aeb55cae45a75077e7f.bin.gz,382034e1007d3ecd090d00f4b960d325e4ff2bb32a73305129790be292a0bb0c,20190203cbee2424479269c43c786a6dc755b05c54ff3c1e34b05957cdb6a05b,137825,22858,,loaded_native_returns,40,0,application/json; charset=utf-8,137825,,server_representation_metadata; not native message publication or verified edit time
a108541bda26815bfca201c5,bluesky,content,https://public.api.bsky.app/xrpc/app.bsky.feed.getAuthorFeed?actor=did%3Aplc%3At5pur7eruxfgxy7ynpfrmg2w&limit=100&filter=posts_with_replies&includePins=false&cursor=2025-07-14T13%3A03%3A43.293Z,2026-10-10T08:28:47.241858+00:00,200,saved,work_packages/M1_source_access/27_newspaper_context_recovery_20261008/social_public_api/continuations/20261010_broader_history_four_hour/worker/raw/a108541bda26815bfca201c5.bin.gz,f71d145a947947a530d6a075d1092d07b29286bf857a61390cde935f5acc4086,ea19acf15947f89822f40a5fa716d588581ba4c810769deeeff2f195002579b2,533105,56891,,loaded_native_returns,100,0,application/json; charset=utf-8,533105,,server_representation_metadata; not native message publication or verified edit time
a12bd551a417d442f7bd6829,python_list_archive,content,https://mail.python.org/pipermail/python-list/2006-December.txt,2026-10-10T07:06:38.328680+00:00,200,saved,work_packages/M1_source_access/27_newspaper_context_recovery_20261008/social_public_api/continuations/20261010_broader_history_four_hour/worker/raw/a12bd551a417d442f7bd6829.bin.gz,2021bbd7c2930d8a0233cceeb2311014add85c91d316783f37571f9a64166336,f582870973acad335369a09fcaf56018ff6fd506363c3074273058510e6d6724,7394052,2772177,,loaded_native_returns,4563,0,text/plain,7394052,"Mon, 28 Oct 2019 01:29:22 GMT",server_representation_metadata; not native message publication or verified edit time
a1501653e00dc205c172e8e8,mastodon_au,content,https://aus.social/api/v1/timelines/public?local=true&limit=40&max_id=116936644668978866,2026-10-10T07:21:14.604856+00:00,200,saved,work_packages/M1_source_access/27_newspaper_context_recovery_20261008/social_public_api/continuations/20261010_broader_history_four_hour/worker/raw/a1501653e00dc205c172e8e8.bin.gz,10c818171cc8d75d4f19f56e560bf3d3b5eb4c7630ad77c59951b33527d42fcf,aaa23469ecb4f69e1cdec4752b63449caeca732b0df96102a3031615893b4268,153643,25872,,loaded_native_returns,40,0,application/json; charset=utf-8,153643,,server_representation_metadata; not native message publication or verified edit time
a2416da3514c54e2b9d58159,osm_discourse,content,https://community.openstreetmap.org/t/32522.json,2026-10-10T09:25:41.917337+00:00,200,saved,work_packages/M1_source_access/27_newspaper_context_recovery_20261008/social_public_api/continuations/20261010_broader_history_four_hour/worker/raw/a2416da3514c54e2b9d58159.bin.gz,909462cfc1fd3ea9d0f3686d704224cf5b687e78b266e39e840ce21601a49cc9,72a2f7562d911c6fb9ed4ac9844aa038993e53e370f6f1275b798e226fb731b4,40844,6707,,loaded_native_returns,14,0,application/json; charset=utf-8,40844,,server_representation_metadata; not native message publication or verified edit time
a25530932994b593ce23cb48,hackernews,content,https://hacker-news.firebaseio.com/v0/item/191.json,2026-10-10T08:29:23.921362+00:00,200,saved,work_packages/M1_source_access/27_newspaper_context_recovery_20261008/social_public_api/continuations/20261010_broader_history_four_hour/worker/raw/a25530932994b593ce23cb48.bin.gz,ed0958fc43a51557a3bf68e870da28d7fd5aa457011bda8eb5939e5410cc287a,fbe6c0c1e3057a31f810eca243d18ae5a5591f7fdf096dbd82e2d82f1c566d17,191,174,,loaded_native_returns,1,0,application/json; charset=utf-8,191,,server_representation_metadata; not native message publication or verified edit time
a27cc0125dc5568bf54d7c80,python_list_archive,content,https://mail.python.org/pipermail/python-list/2008-March.txt,2026-10-10T07:35:28.747660+00:00,200,saved,work_packages/M1_source_access/27_newspaper_context_recovery_20261008/social_public_api/continuations/20261010_broader_history_four_hour/worker/raw/a27cc0125dc5568bf54d7c80.bin.gz,31f754e3f752ce01ddb25cde3c99552e3a5b387d1e52de8a0f82d0768413e502,7a4477bfcd31036535c3e205f2a4e639d475009d2a769ffef0e8095d377e070d,13439374,5142761,,loaded_native_returns,8434,0,text/plain,13439374,"Mon, 28 Oct 2019 09:52:28 GMT",server_representation_metadata; not native message publication or verified edit time
a2b06af1e8fd0fad3f5c9faa,mastodon_uk,content,https://mastodon.me.uk/api/v1/timelines/public?local=true&limit=40&max_id=116116291775232666,2026-10-10T09:26:32.945862+00:00,200,saved,work_packages/M1_source_access/27_newspaper_context_recovery_20261008/social_public_api/continuations/20261010_broader_history_four_hour/worker/raw/a2b06af1e8fd0fad3f5c9faa.bin.gz,cea03656cc1096d4bd024c5317b8463cec62af6e8e60bdc5e91b019fc8c0eda4,bb8df1884c9923b7c6747d3854ef2e8fa357abc9577b4d202d088feba6805eff,139650,17786,,loaded_native_returns,40,0,application/json; charset=utf-8,139650,,server_representation_metadata; not native message publication or verified edit time
a2b0ac562db588ad92584fa0,osm_discourse,content,https://community.openstreetmap.org/t/32232.json,2026-10-10T06:03:32.592625+00:00,200,saved,work_packages/M1_source_access/27_newspaper_context_recovery_20261008/social_public_api/continuations/20261010_broader_history_four_hour/worker/raw/a2b0ac562db588ad92584fa0.bin.gz,cca75245cdcc0354d7cd0cfcc1c79da94c18479a3b8459818d24a7882464a300,272f7a2aa8e7f207661467fe84b57593d229bd797572e42ab1283abad78fd5d9,18482,4654,,loaded_native_returns,4,0,application/json; charset=utf-8,18482,,server_representation_metadata; not native message publication or verified edit time
a2f2e21f6f0cddc72548c269,w3_wwwtalk,content,https://lists.w3.org/Archives/Public/www-talk/1992JulAug/0007.html,2026-10-10T07:54:42.400393+00:00,200,saved,work_packages/M1_source_access/27_newspaper_context_recovery_20261008/social_public_api/continuations/20261010_broader_history_four_hour/worker/raw/a2f2e21f6f0cddc72548c269.bin.gz,89aef09e4989b8032a5d74e7d07b22307a113f12745bc53434bfec4591859cb8,1dd9687bdc04fb089b53999b2e5ff6670083d72f07a90b37caa83498a148e271,2540,1040,,loaded_native_returns,1,0,text/html,,"Mon, 04 Aug 2003 15:50:19 GMT",server_representation_metadata; not native message publication or verified edit time
a317aa17aa852af9116e17f6,mastodon_uk,content,https://mastodon.me.uk/api/v1/timelines/public?local=true&limit=40&max_id=116234139760945877,2026-10-10T06:44:15.150153+00:00,200,saved,work_packages/M1_source_access/27_newspaper_context_recovery_20261008/social_public_api/continuations/20261010_broader_history_four_hour/worker/raw/a317aa17aa852af9116e17f6.bin.gz,f3b42f9de4c2575c9df5ac73a22b36b334a25e4d545a549e8ead2c268f7df48b,93bd6557f44f458fde260cfcef5a92ce3523dc1449722d755b3db64034be3d5f,137206,20059,,loaded_native_returns,40,0,application/json; charset=utf-8,137206,,server_representation_metadata; not native message publication or verified edit time
a38cf81fb6164a76d5fc8710,mastodon_us,content,https://sfba.social/api/v1/timelines/public?local=true&limit=40&max_id=116905429852189257,2026-10-10T07:32:39.597242+00:00,200,saved,work_packages/M1_source_access/27_newspaper_context_recovery_20261008/social_public_api/continuations/20261010_broader_history_four_hour/worker/raw/a38cf81fb6164a76d5fc8710.bin.gz,e0fc03ba04059654f93c9c200657e48bc419c7946ed2aab358e812af10ca344f,fc05400cdd52803516d9e83e26a557e537d7fb9549f1f40e69f8ee08066cc547,160746,25211,,loaded_native_returns,40,0,application/json; charset=utf-8,160746,,server_representation_metadata; not native message publication or verified edit time
a3d33172cdc3802d4231d10b,mastodon_us,content,https://sfba.social/api/v1/timelines/public?local=true&limit=40&max_id=116886074685482548,2026-10-10T08:34:09.895245+00:00,200,saved,work_packages/M1_source_access/27_newspaper_context_recovery_20261008/social_public_api/continuations/20261010_broader_history_four_hour/worker/raw/a3d33172cdc3802d4231d10b.bin.gz,6029b74213f412c0c112ec289075a22caf9528ac5fc25b565a897ac6c6ac13a6,544fe180fdd4b960fa07cc6259902013505dace5cee174e6b074ca6f199cac35,142174,22700,,loaded_native_returns,40,0,application/json; charset=utf-8,142174,,server_representation_metadata; not native message publication or verified edit time
a3e4ba72276e7cd43c42f692,osm_discourse,content,https://community.openstreetmap.org/t/32338.json,2026-10-10T07:08:07.031836+00:00,200,saved,work_packages/M1_source_access/27_newspaper_context_recovery_20261008/social_public_api/continuations/20261010_broader_history_four_hour/worker/raw/a3e4ba72276e7cd43c42f692.bin.gz,f78e4d1c8ff8bed4f0a6ab8c72a87ef86fc81d9dbbe2b2ab0d1f6a57b7210b25,358d8071fcb34ad8cbbd5902d49d83a3a847153546d8652bd2218e21f7171e55,14141,3649,,loaded_native_returns,3,0,application/json; charset=utf-8,14141,,server_representation_metadata; not native message publication or verified edit time
a4305bb1637fed691491bb3f,mastodon_au,content,https://aus.social/api/v1/timelines/public?local=true&limit=40&max_id=116941222688397624,2026-10-10T07:05:43.773251+00:00,200,saved,work_packages/M1_source_access/27_newspaper_context_recovery_20261008/social_public_api/continuations/20261010_broader_history_four_hour/worker/raw/a4305bb1637fed691491bb3f.bin.gz,332e011f8db475ad8d026d14b7ea7852b5c99ff1a974bf3c900c4988606942c5,b09c8219386d7ebe04aaa5c423f2e4c90aa11ffb564fb95e29dc45e77ec1e01f,151902,26491,,loaded_native_returns,40,0,application/json; charset=utf-8,151902,,server_representation_metadata; not native message publication or verified edit time
a4354e3ed9256bd335d5c8d4,mpls_mnforum_archive,source_metadata,https://www.mail-archive.com/mpls@mnforum.org/msg00000.html,2026-10-10T06:42:21.961367+00:00,200,saved,work_packages/M1_source_access/27_newspaper_context_recovery_20261008/social_public_api/continuations/20261010_broader_history_four_hour/worker/raw/a4354e3ed9256bd335d5c8d4.bin.gz,d6ab2934ff67a55b56b5326f1a9e6dcfb3e973968c6ecbbb660d9d577cc8dffc,7707c9f8f2b32b49cfb54ca0548b3b3870019d38aafa5e15d530c8789bbb0095,10548,4179,,noncontent_access_policy_or_frame_metadata,0,0,text/html; charset=utf-8,,,server_representation_metadata; not native message publication or verified edit time
a43d5718c4ddf94de0d12d18,mastodon_us,content,https://sfba.social/api/v1/timelines/public?local=true&limit=40&max_id=116933244317260200,2026-10-10T05:59:01.390665+00:00,200,saved,work_packages/M1_source_access/27_newspaper_context_recovery_20261008/social_public_api/continuations/20261010_broader_history_four_hour/worker/raw/a43d5718c4ddf94de0d12d18.bin.gz,8e1d7bdfb2c2aa216ec29eb62055d2ae688512914f11706d42040bcb73569e8a,0bed083a9f323ad44ebddf5ed0bbb8c58e9a90018848f98150e85c0008d0b97f,165448,25297,,loaded_native_returns,40,0,application/json; charset=utf-8,165448,,server_representation_metadata; not native message publication or verified edit time
a4728f5df06f58782d3866b7,mastodon_uk,content,https://mastodon.me.uk/api/v1/timelines/public?local=true&limit=40&max_id=116256355577421450,2026-10-10T06:15:08.687533+00:00,200,saved,work_packages/M1_source_access/27_newspaper_context_recovery_20261008/social_public_api/continuations/20261010_broader_history_four_hour/worker/raw/a4728f5df06f58782d3866b7.bin.gz,eb165e6d35a4b2b347d3ea35b26eea369aca26f9a685d1096d1273dab1984b6a,42c49b656c0e3011a451af5f65752ac0168294ee60fc28926df712bbeae7f800,137962,23521,,loaded_native_returns,40,0,application/json; charset=utf-8,137962,,server_representation_metadata; not native message publication or verified edit time
a4cdf575d13e2a389cda047d,mastodon_au,content,https://aus.social/api/v1/timelines/public?local=true&limit=40&max_id=116954765443583856,2026-10-10T06:25:00.576739+00:00,200,saved,work_packages/M1_source_access/27_newspaper_context_recovery_20261008/social_public_api/continuations/20261010_broader_history_four_hour/worker/raw/a4cdf575d13e2a389cda047d.bin.gz,0bc3bd6286737679c15b8b83c788d57a269ad42a390796356821f47cd2e8abb9,353a493864be6ef57d5f2fc6a7529100a600d69c7f931acd72102cc2b77fc499,166375,29197,,loaded_native_returns,40,0,application/json; charset=utf-8,166375,,server_representation_metadata; not native message publication or verified edit time
a4e0e3d08ae20525ac731998,ilxor,content,https://www.ilxor.com/ILX/ThreadSelectedControllerServlet?action=showall&boardid=40&threadid=257,2026-10-10T07:46:30.270014+00:00,200,saved,work_packages/M1_source_access/27_newspaper_context_recovery_20261008/social_public_api/continuations/20261010_broader_history_four_hour/worker/raw/a4e0e3d08ae20525ac731998.bin.gz,2ffca96a823e318d69b40604f9455884076d3dec686152bd5135bf51be5a36e7,8d6b187b90e97bc398c623d2eec930193cffec4b332a78cb96c3e1e99d569568,6415802,1166548,,loaded_native_returns,10752,0,text/html;charset=UTF-8,,,server_representation_metadata; not native message publication or verified edit time
a5042652df3bc3296236e0ba,mastodon_au,content,https://aus.social/api/v1/timelines/public?local=true&limit=40&max_id=116899674821349900,2026-10-10T09:41:04.033275+00:00,200,saved,work_packages/M1_source_access/27_newspaper_context_recovery_20261008/social_public_api/continuations/20261010_broader_history_four_hour/worker/raw/a5042652df3bc3296236e0ba.bin.gz,69750439b7c5b78dd11ea3c3d2db6ef84111df4041a433202809f632eff15754,f6058c46002aeeacaca5ef4cd85095a9f7a1d31b0133dfab1421c051b6d700f7,178771,28549,,loaded_native_returns,40,0,application/json; charset=utf-8,178771,,server_representation_metadata; not native message publication or verified edit time
a555666c52e08d6b2aae4d80,python_discourse,content,https://discuss.python.org/t/425.json,2026-10-10T05:58:01.106308+00:00,200,saved,work_packages/M1_source_access/27_newspaper_context_recovery_20261008/social_public_api/continuations/20261010_broader_history_four_hour/worker/raw/a555666c52e08d6b2aae4d80.bin.gz,1743530e860514864ad1ab42fe06d42c8b24f4e011dba808633a0e8ce5074d25,df8852028bd7ae685fa21860277113ca62d5492e8d6d8517e9a885c7689f3a60,26717,4024,,loaded_native_returns,12,0,application/json; charset=utf-8,26717,,server_representation_metadata; not native message publication or verified edit time
a55e84817d70ed71a97401cd,e_democracy_archival,source_metadata,https://web.archive.org/web/20240425042924/http://forums.e-democracy.org/groups/mpls/messages/topics.html,,302,http_stop,,,,,,,transport_stop_no_raw_payload,0,0,,,,server_representation_metadata; not native message publication or verified edit time
a6252c767873da6c4d6fdac6,mastodon_us,content,https://sfba.social/api/v1/timelines/public?local=true&limit=40&max_id=116873035451251719,2026-10-10T09:36:55.903019+00:00,200,saved,work_packages/M1_source_access/27_newspaper_context_recovery_20261008/social_public_api/continuations/20261010_broader_history_four_hour/worker/raw/a6252c767873da6c4d6fdac6.bin.gz,921b7eccc08cfac6ba71abb248c8fb55f5a3244b95cf7b4eedd418249453b858,495e3dc0b2ff98aa556a8e5678e567ace73f79a37a6b3deb3c12d8d8ce9bcb21,151687,23036,,loaded_native_returns,40,0,application/json; charset=utf-8,151687,,server_representation_metadata; not native message publication or verified edit time
a6709344795ed3f9ee08dbce,python_discourse,content,https://discuss.python.org/t/458.json,2026-10-10T06:48:03.989031+00:00,200,saved,work_packages/M1_source_access/27_newspaper_context_recovery_20261008/social_public_api/continuations/20261010_broader_history_four_hour/worker/raw/a6709344795ed3f9ee08dbce.bin.gz,f377cc4841f8a1e1c9c7f7d1a6cd77e5a18974113bcc91f20ba34cae435774ff,f7a2774a7c4491d1f42a148366be92945b45da2f440a726c80d3da3b62116337,59399,10849,,loaded_native_returns,18,0,application/json; charset=utf-8,59399,,server_representation_metadata; not native message publication or verified edit time
a69bfe07cb8d4ba20fe76b07,mastodon_au,content,https://aus.social/api/v1/timelines/public?local=true&limit=40&max_id=116949347334698167,2026-10-10T06:38:23.346227+00:00,200,saved,work_packages/M1_source_access/27_newspaper_context_recovery_20261008/social_public_api/continuations/20261010_broader_history_four_hour/worker/raw/a69bfe07cb8d4ba20fe76b07.bin.gz,592798b24e3cbe2f24e0be4bebdd981d4e498aafb37b147ca00ce12851842832,2cfc16a9c3d66a4652e7a40acc471a31cb3263c8e4a8158ed7fd763b2690888d,172206,30738,,loaded_native_returns,40,0,application/json; charset=utf-8,172206,,server_representation_metadata; not native message publication or verified edit time
a6e0e76b9f8c1b696a9f8278,python_list_archive,content,https://mail.python.org/pipermail/python-list/2006-February.txt,2026-10-10T06:43:20.135771+00:00,200,saved,work_packages/M1_source_access/27_newspaper_context_recovery_20261008/social_public_api/continuations/20261010_broader_history_four_hour/worker/raw/a6e0e76b9f8c1b696a9f8278.bin.gz,78221e9e30dae8924aada622c33de6b6c70f25a50fac364be7de766c8b528954,cc75dc5e8e4a2b9e9beb0c571385c02371024e1ff333dcae59d53c19cb3b1572,6682576,2541465,,loaded_native_returns,4925,0,text/plain,6682576,"Mon, 28 Oct 2019 00:54:04 GMT",server_representation_metadata; not native message publication or verified edit time
a70545dcba536aee29f644b0,bluesky,content,https://public.api.bsky.app/xrpc/app.bsky.feed.getAuthorFeed?actor=did%3Aplc%3At5pur7eruxfgxy7ynpfrmg2w&limit=100&filter=posts_with_replies&includePins=false&cursor=2025-07-14T22%3A06%3A10.072Z,2026-10-10T08:12:48.190746+00:00,200,saved,work_packages/M1_source_access/27_newspaper_context_recovery_20261008/social_public_api/continuations/20261010_broader_history_four_hour/worker/raw/a70545dcba536aee29f644b0.bin.gz,daabce385aa169299fbaa60e7c17d87b083663abf12fae8336c948e90e02f58a,babab597d236e4b9f07e4fa5aaec455d0ce19c4946b3d1ea62f1bb08352b7750,553490,58298,,loaded_native_returns,100,0,application/json; charset=utf-8,553490,,server_representation_metadata; not native message publication or verified edit time
a70a48005a9660f344df9c75,bluesky,content,https://public.api.bsky.app/xrpc/app.bsky.feed.getAuthorFeed?actor=did%3Aplc%3Aragtjsm2j2vknwkz3zp4oxrd&limit=100&filter=posts_with_replies&includePins=false&cursor=2023-11-26T19%3A30%3A35.319Z,2026-10-10T06:38:37.738462+00:00,200,saved,work_packages/M1_source_access/27_newspaper_context_recovery_20261008/social_public_api/continuations/20261010_broader_history_four_hour/worker/raw/a70a48005a9660f344df9c75.bin.gz,cac6dcac2d24b836da6cd238a41b8f8eb12bb40f6abc16a89313bf5e04f8da22,91d1b593a3fe3ec577414df5ff420deba0abc3f2f200c293975fda6f93bfd52c,444806,39688,,loaded_native_returns,111,0,application/json; charset=utf-8,444806,,server_representation_metadata; not native message publication or verified edit time
a7689cc748ec434756cecb7c,bluesky,content,https://public.api.bsky.app/xrpc/app.bsky.feed.getAuthorFeed?actor=did%3Aplc%3At5pur7eruxfgxy7ynpfrmg2w&limit=100&filter=posts_with_replies&includePins=false&cursor=2025-07-11T20%3A31%3A12.949Z,2026-10-10T09:39:52.045922+00:00,200,saved,work_packages/M1_source_access/27_newspaper_context_recovery_20261008/social_public_api/continuations/20261010_broader_history_four_hour/worker/raw/a7689cc748ec434756cecb7c.bin.gz,75ab7d4753a4eeabb0ba18dcc03ee45beef2671c193a6a885da35fbcf91a5504,0ad3c664c0d01b682b8fe00a8c530c4b047a1dbdfd8fc025674c9a60a040ac4b,565800,60498,,loaded_native_returns,100,0,application/json; charset=utf-8,565800,,server_representation_metadata; not native message publication or verified edit time
a768c9ac8a4b71bcfe025ed2,python_list_archive,content,https://mail.python.org/pipermail/python-list/2010-October.txt,2026-10-10T08:42:42.126692+00:00,200,saved,work_packages/M1_source_access/27_newspaper_context_recovery_20261008/social_public_api/continuations/20261010_broader_history_four_hour/worker/raw/a768c9ac8a4b71bcfe025ed2.bin.gz,4945d0bfb9d97e159a43ac1db8b35c15a2bcf8fda658f420284ec7a3031158f8,adccd55cd58b1ff271fecf52c6762ff5f1f9008f2cd484c4873cdfeeaaa7995b,8088954,2235294,,loaded_native_returns,5044,0,text/plain,8088954,"Mon, 28 Oct 2019 10:08:19 GMT",server_representation_metadata; not native message publication or verified edit time
a7a1358a9e72a58419f15b30,lemmy_nz,content,https://lemmy.nz/api/v3/comment/list?type_=Local&sort=Old&limit=50&page=2&post_id=170891,2026-10-10T06:10:17.638743+00:00,200,saved,work_packages/M1_source_access/27_newspaper_context_recovery_20261008/social_public_api/continuations/20261010_broader_history_four_hour/worker/raw/a7a1358a9e72a58419f15b30.bin.gz,9efdb10c81eaf55dc95e4320d1f02441576a405fb0551d5b8f1905bc0728f854,4fa14da49dc015f30581863a05d74d4091152f4549146526e99de651d5809edf,15,35,,loaded_native_returns,0,0,application/json,15,,server_representation_metadata; not native message publication or verified edit time
a7e889d0f687406464f5da01,bluesky,content,https://public.api.bsky.app/xrpc/app.bsky.feed.getAuthorFeed?actor=did%3Aplc%3At5pur7eruxfgxy7ynpfrmg2w&limit=100&filter=posts_with_replies&includePins=false&cursor=2025-07-21T19%3A21%3A18.502Z,2026-10-10T07:34:47.706150+00:00,200,saved,work_packages/M1_source_access/27_newspaper_context_recovery_20261008/social_public_api/continuations/20261010_broader_history_four_hour/worker/raw/a7e889d0f687406464f5da01.bin.gz,338c84644b8f673e4ee5320313792a1021380ad4e80c1685c10a2a5328a0566e,0b4b8998ea0c3f2e9766817c47e9db65bfa85cca24e46b387e54451086468bff,596817,61093,,loaded_native_returns,101,0,application/json; charset=utf-8,596817,,server_representation_metadata; not native message publication or verified edit time
a7e978f2b08637e4a2658fab,hackernews,content,https://hacker-news.firebaseio.com/v0/item/149.json,2026-10-10T07:04:45.361819+00:00,200,saved,work_packages/M1_source_access/27_newspaper_context_recovery_20261008/social_public_api/continuations/20261010_broader_history_four_hour/worker/raw/a7e978f2b08637e4a2658fab.bin.gz,fe4b05e8d21a63e12e45b951dfd1ae62881f312af11d8ebcd20543c4ad1563ad,0101952e2edec282d2a7c5031b17d559fd13ad4ca4fad71d407b4fbe05314622,148,145,,loaded_native_returns,1,0,application/json; charset=utf-8,148,,server_representation_metadata; not native message publication or verified edit time
a81a33728e7c7ec3429a5cb2,mastodon_us,content,https://sfba.social/api/v1/timelines/public?local=true&limit=40&max_id=116888149325314673,2026-10-10T08:28:40.906612+00:00,200,saved,work_packages/M1_source_access/27_newspaper_context_recovery_20261008/social_public_api/continuations/20261010_broader_history_four_hour/worker/raw/a81a33728e7c7ec3429a5cb2.bin.gz,adf753894f2f1c86843fa77082d82a5662e54dc99373fd5f3f3539080882e5d5,7e3ba7787d283e31609ffe3eadbd6bad5704c26d9c12069b997a2f7b646215f9,163568,26679,,loaded_native_returns,40,0,application/json; charset=utf-8,163568,,server_representation_metadata; not native message publication or verified edit time
a83888e711596b7758ac1630,hackernews,content,https://hacker-news.firebaseio.com/v0/item/124.json,2026-10-10T06:09:36.596452+00:00,200,saved,work_packages/M1_source_access/27_newspaper_context_recovery_20261008/social_public_api/continuations/20261010_broader_history_four_hour/worker/raw/a83888e711596b7758ac1630.bin.gz,9ed7a3a5df579d628f376ed55ad5eaff451e18a4484b62534ef6a367af8e5483,592fb80cd8ad72e1d1535c92ec6dc900f05f9fb24f89f67fd03c9310d5cf6994,217,187,,loaded_native_returns,1,0,application/json; charset=utf-8,217,,server_representation_metadata; not native message publication or verified edit time
a842433fb0f316d8d7697b57,mastodon_au,content,https://aus.social/api/v1/timelines/public?local=true&limit=40&max_id=116904994814477791,2026-10-10T09:31:53.891252+00:00,200,saved,work_packages/M1_source_access/27_newspaper_context_recovery_20261008/social_public_api/continuations/20261010_broader_history_four_hour/worker/raw/a842433fb0f316d8d7697b57.bin.gz,51cb9ba046ebab539a7fc9e9b25fd869ddbcf60b680924aa2cc8bc14d84d63e6,977d65080c37f1f09d9b682ce574d66fc14c18c527cba10260ab4ff83012ce23,176834,29959,,loaded_native_returns,40,0,application/json; charset=utf-8,176834,,server_representation_metadata; not native message publication or verified edit time
a8d786b9469f1dad953c2fd3,hackernews,content,https://hacker-news.firebaseio.com/v0/item/213.json,2026-10-10T09:34:44.136812+00:00,200,saved,work_packages/M1_source_access/27_newspaper_context_recovery_20261008/social_public_api/continuations/20261010_broader_history_four_hour/worker/raw/a8d786b9469f1dad953c2fd3.bin.gz,3c7f80249c783cf35a72daff462ee3c1f57c82f9052c97daa75142b05332437b,d80d4ea73b59e24dec4a212ae72f1d97f7789eb057bece60d3dfa1473f569d7b,257,238,,loaded_native_returns,1,0,application/json; charset=utf-8,257,,server_representation_metadata; not native message publication or verified edit time
a8d8800885041f2fffce4a8d,tildes,content,https://tildes.net/~humanities.history/1w3t/off_the_norwegian_island_of_fedje_lies_a_german_world_war_ii_submarine_believed_to_contain_a_huge,2026-10-10T08:46:52.032082+00:00,200,saved,work_packages/M1_source_access/27_newspaper_context_recovery_20261008/social_public_api/continuations/20261010_broader_history_four_hour/worker/raw/a8d8800885041f2fffce4a8d.bin.gz,3a21490445edbb41116c4aab3feee91f8980d26d049e0ad406c6bc4ba08d0770,41add2bc3a61edd5ea5f69ca19c329814c080ee67ad759c3fb5094fd9fef52a1,16120,4237,,loaded_native_returns,3,0,text/html; charset=UTF-8,16120,,server_representation_metadata; not native message publication or verified edit time
a8e75de4e9c3e591dd589925,mastodon_us,content,https://sfba.social/api/v1/timelines/public?local=true&limit=40&max_id=116904134859008889,2026-10-10T07:36:38.658758+00:00,200,saved,work_packages/M1_source_access/27_newspaper_context_recovery_20261008/social_public_api/continuations/20261010_broader_history_four_hour/worker/raw/a8e75de4e9c3e591dd589925.bin.gz,a7ba4ef8b62af86c5bf49592e8be635b984741e366fc7c163f7b5a4a09087209,ef11a27ae92f4bfffb8aea43e5d898c2b771fdbfad30b7cef7930047ea203f17,156008,23758,,loaded_native_returns,40,0,application/json; charset=utf-8,156008,,server_representation_metadata; not native message publication or verified edit time
a95082b255cff285b5b89a2f,tildes,content,https://tildes.net/~tech/19d3/failures_in_accuracy_ethics_and_responsibility_with_linus_tech_tips_and_lmg_as_a_whole,2026-10-10T09:35:17.536744+00:00,200,saved,work_packages/M1_source_access/27_newspaper_context_recovery_20261008/social_public_api/continuations/20261010_broader_history_four_hour/worker/raw/a95082b255cff285b5b89a2f.bin.gz,c12163905062dd624936322e21556ca532af7a614982a09409661c3f309c5567,71c2e932406c74449b2875321a3f7e2277da5ce28d2a49e09ff267951fc2fbd2,298103,51327,,loaded_native_returns,108,0,text/html; charset=UTF-8,298103,,server_representation_metadata; not native message publication or verified edit time
a994a6716c2c7a1dbafe405e,osm_discourse,content,https://community.openstreetmap.org/t/32549.json,2026-10-10T09:34:40.606592+00:00,200,saved,work_packages/M1_source_access/27_newspaper_context_recovery_20261008/social_public_api/continuations/20261010_broader_history_four_hour/worker/raw/a994a6716c2c7a1dbafe405e.bin.gz,7fe710c61e3827b3b62f2288c687656634508672f0223c505faa01e0113306e1,0fd361115a5cf216ca436e74a0eb0513ca81100e1d898b54b3aee4e86b142231,19266,3841,,loaded_native_returns,6,0,application/json; charset=utf-8,19266,,server_representation_metadata; not native message publication or verified edit time
a9a0cc5f81957d2ff67a9346,osm_discourse,content,https://community.openstreetmap.org/t/32500.json,2026-10-10T08:46:11.786222+00:00,200,saved,work_packages/M1_source_access/27_newspaper_context_recovery_20261008/social_public_api/continuations/20261010_broader_history_four_hour/worker/raw/a9a0cc5f81957d2ff67a9346.bin.gz,83952d48a1a4a23cd05c4ee4856e2d04fd31835a146937b743f11ae88888e464,e8033718cafc24e811a74938f2660de6d7093613680da6513f2e54ad13695cb9,16469,3547,,loaded_native_returns,4,0,application/json; charset=utf-8,16469,,server_representation_metadata; not native message publication or verified edit time
a9b3a32a9389e41d789c1e19,hackernews,content,https://hacker-news.firebaseio.com/v0/item/188.json,2026-10-10T08:23:34.047198+00:00,200,saved,work_packages/M1_source_access/27_newspaper_context_recovery_20261008/social_public_api/continuations/20261010_broader_history_four_hour/worker/raw/a9b3a32a9389e41d789c1e19.bin.gz,b19e80358ac034f107a68b0420da3a8edce10e91a02e3cd98425734db4e388eb,686665b5c358792e3bb69c5de457301b9e8eadb8999bde9679bfcbb14063e460,206,178,,loaded_native_returns,1,0,application/json; charset=utf-8,206,,server_representation_metadata; not native message publication or verified edit time
a9bd85bf39c112b76fc9d63f,python_discourse,content,https://discuss.python.org/t/655.json,2026-10-10T08:34:36.271658+00:00,200,saved,work_packages/M1_source_access/27_newspaper_context_recovery_20261008/social_public_api/continuations/20261010_broader_history_four_hour/worker/raw/a9bd85bf39c112b76fc9d63f.bin.gz,2be90e0de2cf6e414e92d9e0133ec9ceafc171cb4593e0a6722e2f7d7e9f57d6,523accad4efe73835df669e539d53a46a8f2443f3d8ca09e7c55f64a1dd38260,6667,2139,,loaded_native_returns,2,0,application/json; charset=utf-8,6667,,server_representation_metadata; not native message publication or verified edit time
a9fc2c0759d5f58da13e42a6,mastodon_uk,content,https://mastodon.me.uk/api/v1/timelines/public?local=true&limit=40&max_id=116246693853607556,2026-10-10T06:28:39.574975+00:00,200,saved,work_packages/M1_source_access/27_newspaper_context_recovery_20261008/social_public_api/continuations/20261010_broader_history_four_hour/worker/raw/a9fc2c0759d5f58da13e42a6.bin.gz,6e600e31dc2ad665a4641eac33fd088785eee9d01f4abfd92db69167b3a5c371,426397c6850bdbc12042623e71ca57985804c1ec8f1806df1f4c07217c298be2,140728,20059,,loaded_native_returns,40,0,application/json; charset=utf-8,140728,,server_representation_metadata; not native message publication or verified edit time
aa01ae060c7d3b52056da03b,thesession,content,https://thesession.org/discussions/23,2026-10-10T08:26:53.395230+00:00,200,saved,work_packages/M1_source_access/27_newspaper_context_recovery_20261008/social_public_api/continuations/20261010_broader_history_four_hour/worker/raw/aa01ae060c7d3b52056da03b.bin.gz,d7f9251cc81076a3213b6de208ede7730beffe9e9bc51135d7d326dbc52c3319,bba187236c4d9d2913ef86c7ff942de6f3139eaf60d0c8c6f3802dc9f9dd7723,57281,13196,,loaded_native_returns,3,0,text/html; charset=utf-8,,,server_representation_metadata; not native message publication or verified edit time
aa0b6c4a895d1408ab659f09,urban75,source_metadata,https://www.urban75.net/forums/forums/archived-threads.4/,2026-10-10T07:23:37.581008+00:00,200,saved,work_packages/M1_source_access/27_newspaper_context_recovery_20261008/social_public_api/continuations/20261010_broader_history_four_hour/worker/raw/aa0b6c4a895d1408ab659f09.bin.gz,15f9d12569bbddb790c0fb0eade07ae55d0797a2a903d1b4f74f0c3ea9ca4913,da5decffdcbd28941f3a6a2209e75990361b761968d59c78f7e9a7493c0f665b,39846,10254,,noncontent_access_policy_or_frame_metadata,0,0,text/html; charset=utf-8,,"Sat, 10 Oct 2026 07:23:37 GMT",server_representation_metadata; not native message publication or verified edit time
aa1bae061c8f8ce8070d48c9,python_discourse,content,https://discuss.python.org/t/610/posts.json?post_ids%5B%5D=3063&post_ids%5B%5D=3065&post_ids%5B%5D=3070,2026-10-10T08:02:55.692458+00:00,200,saved,work_packages/M1_source_access/27_newspaper_context_recovery_20261008/social_public_api/continuations/20261010_broader_history_four_hour/worker/raw/aa1bae061c8f8ce8070d48c9.bin.gz,44d59b9fede2cff0bbf8bc60e64eddbb1b2cd8c26e73da498a9f3461c5c66feb,ac904b756a3f35aa1e5bf9fbc3d557ea533e43f2cdb26a6e4f2e098a422b5153,5088,1083,,loaded_native_returns,4,0,application/json; charset=utf-8,5088,,server_representation_metadata; not native message publication or verified edit time
aa3de87e234b115600543a93,dowire_tc_umn,content,https://www.mail-archive.com/do-wire%40tc.umn.edu/msg00012.html,2026-10-10T06:57:57.216968+00:00,200,saved,work_packages/M1_source_access/27_newspaper_context_recovery_20261008/social_public_api/continuations/20261010_broader_history_four_hour/worker/raw/aa3de87e234b115600543a93.bin.gz,94fbecfb4febfab333b488bcba7f167b857854681445bdacf230bd840e86533d,e2f4279926736ebbbabcc2142a2c05fb42668fa4e2b8f373d3bfa4cf4afe7e3c,11420,4673,,loaded_native_returns,1,0,text/html; charset=utf-8,,,server_representation_metadata; not native message publication or verified edit time
aa9f2682a72dee582a6bba5e,mastodon_au,content,https://aus.social/api/v1/timelines/public?local=true&limit=40&max_id=116962083987308939,2026-10-10T05:58:56.395167+00:00,200,saved,work_packages/M1_source_access/27_newspaper_context_recovery_20261008/social_public_api/continuations/20261010_broader_history_four_hour/worker/raw/aa9f2682a72dee582a6bba5e.bin.gz,a6a272577fa3311e68158ff1e9c9f4e1a6607c1bf29eb992b95e7b1da3949caf,2971ccf728450b7364577c4c27f3ea975a7dee497d5b7c3d9dd4e9bc7dad4bac,159076,29479,,loaded_native_returns,40,0,application/json; charset=utf-8,159076,,server_representation_metadata; not native message publication or verified edit time
aaadf50615073b347a77c3b7,hackernews,content,https://hacker-news.firebaseio.com/v0/item/146.json,2026-10-10T06:59:14.576485+00:00,200,saved,work_packages/M1_source_access/27_newspaper_context_recovery_20261008/social_public_api/continuations/20261010_broader_history_four_hour/worker/raw/aaadf50615073b347a77c3b7.bin.gz,84ed4d94eedf2e67dcbd60779744eb150ab0fed1bae8087b403ebfb676a66e91,66f1f2707992ba79ccdd0e25a9b95e6841247c39bb7dafc3109631aa614a72ed,225,188,,loaded_native_returns,1,0,application/json; charset=utf-8,225,,server_representation_metadata; not native message publication or verified edit time
aab106a5bddafa15279fc1e6,w3_wwwtalk,content,https://lists.w3.org/Archives/Public/www-talk/1992MayJun/0036.html,2026-10-10T06:22:59.621179+00:00,200,saved,work_packages/M1_source_access/27_newspaper_context_recovery_20261008/social_public_api/continuations/20261010_broader_history_four_hour/worker/raw/aab106a5bddafa15279fc1e6.bin.gz,76335665b6d65a0633f8f04d6a29e0715e45ab06bcc1b6bc1a4c7d199f20f273,9ed536e4a53d308e7690d4ac74bada11abcd57431f91566a2102b7644b984c8a,2952,1012,,loaded_native_returns,1,0,text/html,,"Mon, 04 Aug 2003 15:50:20 GMT",server_representation_metadata; not native message publication or verified edit time
aab9878b3746e3b1a7c985b2,straight_dope,content,https://boards.straightdope.com/t/1025298/posts.json?post_ids%5B%5D=25860064&post_ids%5B%5D=25860071&post_ids%5B%5D=25860093&post_ids%5B%5D=25860205&post_ids%5B%5D=25860282&post_ids%5B%5D=25860345&post_ids%5B%5D=25860680&post_ids%5B%5D=25860828&post_ids%5B%5D=25860935&post_ids%5B%5D=25860978&post_ids%5B%5D=25861243&post_ids%5B%5D=25861316&post_ids%5B%5D=25861362&post_ids%5B%5D=25861366&post_ids%5B%5D=25861400&post_ids%5B%5D=25861418&post_ids%5B%5D=25861424&post_ids%5B%5D=25862019&post_ids%5B%5D=25862028&post_ids%5B%5D=25862039,2026-10-10T07:49:05.506873+00:00,200,saved,work_packages/M1_source_access/27_newspaper_context_recovery_20261008/social_public_api/continuations/20261010_broader_history_four_hour/worker/raw/aab9878b3746e3b1a7c985b2.bin.gz,3d6744691582f4434b0c8b0dda548438a58aca964683d7b73f8eb8e9a544b7d3,c91eb3d110b4a4c30e39b5a5240df0e2e974d03265acf4f5837fa78cd0d7916f,60284,10779,,loaded_native_returns,21,0,application/json; charset=utf-8,60284,,server_representation_metadata; not native message publication or verified edit time
aad79d89d8df603471b691e8,lemmy_nz,content,https://lemmy.nz/api/v3/comment/list?type_=Local&sort=Old&limit=50&page=2&post_id=201091,2026-10-10T08:26:19.163900+00:00,200,saved,work_packages/M1_source_access/27_newspaper_context_recovery_20261008/social_public_api/continuations/20261010_broader_history_four_hour/worker/raw/aad79d89d8df603471b691e8.bin.gz,9efdb10c81eaf55dc95e4320d1f02441576a405fb0551d5b8f1905bc0728f854,4fa14da49dc015f30581863a05d74d4091152f4549146526e99de651d5809edf,15,35,,loaded_native_returns,0,0,application/json,15,,server_representation_metadata; not native message publication or verified edit time
aae041a51658b76b38d91b49,bluesky,content,https://public.api.bsky.app/xrpc/app.bsky.feed.getAuthorFeed?actor=did%3Aplc%3At5pur7eruxfgxy7ynpfrmg2w&limit=100&filter=posts_with_replies&includePins=false&cursor=2025-07-13T15%3A48%3A41.295Z,2026-10-10T09:29:33.610738+00:00,200,saved,work_packages/M1_source_access/27_newspaper_context_recovery_20261008/social_public_api/continuations/20261010_broader_history_four_hour/worker/raw/aae041a51658b76b38d91b49.bin.gz,486f04a171bbf90abd46670aa24f794f1ab5e5d3e5a60c715ad8d9ccadc0eb0c,0a402a138002a50ce159ad30b825b8618e426b5e0c162ccf5b0bd66a57f0866f,578353,61362,,loaded_native_returns,100,0,application/json; charset=utf-8,578353,,server_representation_metadata; not native message publication or verified edit time
aae9c809ba8b6056e868f7f4,lemmy_nz,content,https://lemmy.nz/api/v3/comment/list?type_=Local&sort=Old&limit=50&page=1&post_id=211837,2026-10-10T09:32:52.846690+00:00,200,saved,work_packages/M1_source_access/27_newspaper_context_recovery_20261008/social_public_api/continuations/20261010_broader_history_four_hour/worker/raw/aae9c809ba8b6056e868f7f4.bin.gz,97ebd1be40d0f19ae5af118418d4531fdaf9a75487cc5087abd1508d0b705683,2c77313e5277d21c21ce9cb59aa1d4aaf5db5238b2714b93ebc48b46de5563c8,6212,1625,,loaded_native_returns,4,0,application/json,6212,,server_representation_metadata; not native message publication or verified edit time
ab071a84fd0c3409c3da5627,mastodon_au,content,https://aus.social/api/v1/timelines/public?local=true&limit=40&max_id=116915728533523327,2026-10-10T08:34:03.456231+00:00,200,saved,work_packages/M1_source_access/27_newspaper_context_recovery_20261008/social_public_api/continuations/20261010_broader_history_four_hour/worker/raw/ab071a84fd0c3409c3da5627.bin.gz,04da83311ef9ed7fc3ce55cfe62cf07373ff8560c2057878d27e194bcfee8cd7,2b51f9256a85ac411861d15b8f70499f6a999ce4eee27d0420034fd2fe45a3ac,173391,29141,,loaded_native_returns,40,0,application/json; charset=utf-8,173391,,server_representation_metadata; not native message publication or verified edit time
ab0da46ba50325927eba4581,mastodon_uk,content,https://mastodon.me.uk/api/v1/timelines/public?local=true&limit=40&max_id=116209547813394964,2026-10-10T07:12:23.789819+00:00,200,saved,work_packages/M1_source_access/27_newspaper_context_recovery_20261008/social_public_api/continuations/20261010_broader_history_four_hour/worker/raw/ab0da46ba50325927eba4581.bin.gz,c042d3453bb8c8a9240421e83ea7e6cbf1012047de932b7de7004729e129c05e,90ef5ae49d28db596b8cfd86ec37015d9040dbef7bc19302a6e05db1ada5985d,126647,15812,,loaded_native_returns,40,0,application/json; charset=utf-8,126647,,server_representation_metadata; not native message publication or verified edit time
ab1fb3495aa1daec8d94db65,mastodon_uk,content,https://mastodon.me.uk/api/v1/timelines/public?local=true&limit=40&max_id=116175484406438631,2026-10-10T07:54:16.257998+00:00,200,saved,work_packages/M1_source_access/27_newspaper_context_recovery_20261008/social_public_api/continuations/20261010_broader_history_four_hour/worker/raw/ab1fb3495aa1daec8d94db65.bin.gz,04186df26dddd212c756c3486ebc0c496767a69ae0a8d83d5be4d988c5e2e81a,7cb25c026e9b1373677b8e25e8a4258393e6bef20150207ff958cb7d361b3def,120597,13831,,loaded_native_returns,40,0,application/json; charset=utf-8,120597,,server_representation_metadata; not native message publication or verified edit time
ab2d3d0fba004c5ec0d9db2d,python_discourse,content,https://discuss.python.org/t/546.json,2026-10-10T07:29:04.925090+00:00,200,saved,work_packages/M1_source_access/27_newspaper_context_recovery_20261008/social_public_api/continuations/20261010_broader_history_four_hour/worker/raw/ab2d3d0fba004c5ec0d9db2d.bin.gz,810e641bbd1607529eb76a43408aa5f6be2d6d801efbd2aaf7316377248b0553,07a699856b722aaae939b6b6d15ac7553d4c3dc49315d16bafbd9f5d2672f9b4,72973,8517,,loaded_native_returns,15,0,application/json; charset=utf-8,72973,,server_representation_metadata; not native message publication or verified edit time
ab9c2a6fcbfcbb055743a7e6,straight_dope,content,https://boards.straightdope.com/t/1816.json,2026-10-10T06:23:10.492036+00:00,200,saved,work_packages/M1_source_access/27_newspaper_context_recovery_20261008/social_public_api/continuations/20261010_broader_history_four_hour/worker/raw/ab9c2a6fcbfcbb055743a7e6.bin.gz,c4a80c67d3bd3698d4cb75f092e8a48c13491b2ea26b7da14b5c5fe1c9262f0b,5491fc7273c274bd7ce8421c78d412c318ff5a940956e7511ec4fe29ccf1d879,44424,8848,,loaded_native_returns,21,0,application/json; charset=utf-8,44424,,server_representation_metadata; not native message publication or verified edit time
abf9716b7c9fdeee90cded74,osm_discourse,content,https://community.openstreetmap.org/t/32560.json,2026-10-10T09:38:42.511160+00:00,200,saved,work_packages/M1_source_access/27_newspaper_context_recovery_20261008/social_public_api/continuations/20261010_broader_history_four_hour/worker/raw/abf9716b7c9fdeee90cded74.bin.gz,ff1e28c9012b9029e5d957945371bbf04f427a7a9f765d8b205966ffb50ad2d1,b729d5ca9c81137644e6ff2e217d82cfb680efd5621ad28929945c59a77cd872,23727,5677,,loaded_native_returns,7,0,application/json; charset=utf-8,23727,,server_representation_metadata; not native message publication or verified edit time
ac28c48c44a7639b374523f7,mastodon_au,content,https://aus.social/api/v1/timelines/public?local=true&limit=40&max_id=116904624044845304,2026-10-10T09:33:01.957518+00:00,200,saved,work_packages/M1_source_access/27_newspaper_context_recovery_20261008/social_public_api/continuations/20261010_broader_history_four_hour/worker/raw/ac28c48c44a7639b374523f7.bin.gz,96ad2a07767fbf2b6489400b85e156086951fc5f2a447135c2350de10e2ee71a,2ca7916ce3b4886ea39c94a411f061235c942d363fae56560c72b2e4af482b30,166775,29120,,loaded_native_returns,40,0,application/json; charset=utf-8,166775,,server_representation_metadata; not native message publication or verified edit time
ace54ea138a4629a04527542,w3_wwwtalk,content,https://lists.w3.org/Archives/Public/www-talk/1992MayJun/0034.html,2026-10-10T06:17:17.972900+00:00,200,saved,work_packages/M1_source_access/27_newspaper_context_recovery_20261008/social_public_api/continuations/20261010_broader_history_four_hour/worker/raw/ace54ea138a4629a04527542.bin.gz,d9f4a6f7c494f0404524abe5dffedf2b0b4070d1452b4148d5b320f568c457a7,a0afaed5999ed2ce4637a88cb2536f73870e0c04ab6d0d39390341a1b9396b1d,4152,1651,,loaded_native_returns,1,0,text/html,,"Mon, 04 Aug 2003 15:50:20 GMT",server_representation_metadata; not native message publication or verified edit time
ad3a2ddaaf6a30d4944a7e49,thesession,content,https://thesession.org/discussions/20,2026-10-10T08:21:05.346689+00:00,200,saved,work_packages/M1_source_access/27_newspaper_context_recovery_20261008/social_public_api/continuations/20261010_broader_history_four_hour/worker/raw/ad3a2ddaaf6a30d4944a7e49.bin.gz,8dbfd53f02fa60dae2819edcee5bab8023e299e6116d40b48b1482839f07f952,9c681abe241611f9f6db6095a6c30a410ba95cfe6353dd4329fdb6ef7b1513e1,61232,13735,,loaded_native_returns,6,0,text/html; charset=utf-8,,,server_representation_metadata; not native message publication or verified edit time
ad57300fa8b6905eab59d557,hackernews,content,https://hacker-news.firebaseio.com/v0/item/142.json,2026-10-10T06:50:37.522583+00:00,200,saved,work_packages/M1_source_access/27_newspaper_context_recovery_20261008/social_public_api/continuations/20261010_broader_history_four_hour/worker/raw/ad57300fa8b6905eab59d557.bin.gz,729fd09425162879176d60fd14619942992ba35cfaa921972ecca7a4a71a5f0d,498b9ab03e03a02053ce058f65e7e63c4964ecdf46d1c3843a577d42eaa712fd,295,239,,loaded_native_returns,1,0,application/json; charset=utf-8,295,,server_representation_metadata; not native message publication or verified edit time
adb221b3e53f0f3f3e65c3ec,python_list_archive,content,https://mail.python.org/pipermail/python-list/2009-January.txt,,200,transport_stop,,,,,,,transport_stop_no_raw_payload,0,0,text/plain,17080359,"Mon, 28 Oct 2019 09:55:28 GMT",server_representation_metadata; not native message publication or verified edit time
adbdd65d6a7626be31dd4619,osm_discourse,content,https://community.openstreetmap.org/t/32493.json,2026-10-10T08:42:22.253429+00:00,200,saved,work_packages/M1_source_access/27_newspaper_context_recovery_20261008/social_public_api/continuations/20261010_broader_history_four_hour/worker/raw/adbdd65d6a7626be31dd4619.bin.gz,cb77432fa1795d50068b0fac7274650533c0faf976a3797ac944a9e9a46bc0e4,178c707fb8f08c8f493ef848e92dacbda10d8c60f2a22d72d26493f0dee214af,17173,4059,,loaded_native_returns,3,0,application/json; charset=utf-8,17173,,server_representation_metadata; not native message publication or verified edit time
ade6010d97f9ef3678aca5ee,hackernews,content,https://hacker-news.firebaseio.com/v0/item/132.json,2026-10-10T06:27:34.339700+00:00,200,saved,work_packages/M1_source_access/27_newspaper_context_recovery_20261008/social_public_api/continuations/20261010_broader_history_four_hour/worker/raw/ade6010d97f9ef3678aca5ee.bin.gz,1fee767ef42da06b13593e9ab84ee2a1d15d61688e4f9442f483d5a3a50e9fc5,c0c5ef1f47e710940b6b66d78e628f43654a8926da84eb83059e479b19141e16,180,165,,loaded_native_returns,1,0,application/json; charset=utf-8,180,,server_representation_metadata; not native message publication or verified edit time
ae441489e0e45e02240014bd,mastodon_uk,content,https://mastodon.me.uk/api/v1/timelines/public?local=true&limit=40&max_id=116179103831118912,2026-10-10T07:48:24.078727+00:00,200,saved,work_packages/M1_source_access/27_newspaper_context_recovery_20261008/social_public_api/continuations/20261010_broader_history_four_hour/worker/raw/ae441489e0e45e02240014bd.bin.gz,ca0f70e1b5854c286b3988e3e8ed9b8de51373e8e10ed59d809bff6b9cc3c80d,0e18bf57e2bad8ce2c9386ef6c67801de711e8630a56bde5dcb1602f7eb8a59c,139690,21427,,loaded_native_returns,40,0,application/json; charset=utf-8,139690,,server_representation_metadata; not native message publication or verified edit time
af3118fd45c848fea1d05abb,straight_dope,content,https://boards.straightdope.com/t/712149/posts.json?post_ids%5B%5D=18013075&post_ids%5B%5D=18013186&post_ids%5B%5D=18013228&post_ids%5B%5D=18013235&post_ids%5B%5D=18013322&post_ids%5B%5D=18013348&post_ids%5B%5D=18013407&post_ids%5B%5D=18013422&post_ids%5B%5D=18013437&post_ids%5B%5D=18013445&post_ids%5B%5D=18013454&post_ids%5B%5D=18013481&post_ids%5B%5D=18013496&post_ids%5B%5D=18013508&post_ids%5B%5D=18013512&post_ids%5B%5D=18013523&post_ids%5B%5D=18013619&post_ids%5B%5D=18013622&post_ids%5B%5D=18013645&post_ids%5B%5D=18013648,2026-10-10T08:25:13.149489+00:00,200,saved,work_packages/M1_source_access/27_newspaper_context_recovery_20261008/social_public_api/continuations/20261010_broader_history_four_hour/worker/raw/af3118fd45c848fea1d05abb.bin.gz,08223d2373fd81e6760cc4593b43c8861f2233f1fe7d859c20a9b11c8cc55647,c03fad886066c3d45f28d021dbb96ab91133df2c6a74cd526eaccdb6db2c3c1b,34425,3570,,loaded_native_returns,21,0,application/json; charset=utf-8,34425,,server_representation_metadata; not native message publication or verified edit time
afc80ade3ffc0e2864d98480,e_democracy,policy,https://e-democracy.org/rules/,2026-10-10T05:56:46.895736+00:00,200,saved,work_packages/M1_source_access/27_newspaper_context_recovery_20261008/social_public_api/continuations/20261010_broader_history_four_hour/worker/raw/afc80ade3ffc0e2864d98480.bin.gz,db35c4d0d6ff53b9232a5e3ef1e884a24e4b9fc784181293e5f36ed5a2720cd2,c438be1acefa4a3f2445c24013f6e0e477aef7491c7ed901dda52cfd0a2e9938,33682,10366,,noncontent_access_policy_or_frame_metadata,0,0,text/html,33682,"Sat, 06 Dec 2008 06:06:19 GMT",server_representation_metadata; not native message publication or verified edit time
afc930f8d8f8771baebe8f35,mastodon_uk,content,https://mastodon.me.uk/api/v1/timelines/public?local=true&limit=40&max_id=116243254609491301,2026-10-10T06:34:05.122343+00:00,200,saved,work_packages/M1_source_access/27_newspaper_context_recovery_20261008/social_public_api/continuations/20261010_broader_history_four_hour/worker/raw/afc930f8d8f8771baebe8f35.bin.gz,dcf537b46c3896a728e60cd1fefe7c79238a9f53ee8b0451f569b01b140045da,ce40cd3d224244d90b846288c539cbc629f111b5e06ddbf41e869660b9203f4d,133034,13574,,loaded_native_returns,40,0,application/json; charset=utf-8,133034,,server_representation_metadata; not native message publication or verified edit time
aff005c1415594d2befef969,bluesky,content,https://public.api.bsky.app/xrpc/app.bsky.feed.getAuthorFeed?actor=did%3Aplc%3Aragtjsm2j2vknwkz3zp4oxrd&limit=100&filter=posts_with_replies&includePins=false&cursor=2023-11-04T19%3A59%3A06.849Z,2026-10-10T07:06:00.040249+00:00,200,saved,work_packages/M1_source_access/27_newspaper_context_recovery_20261008/social_public_api/continuations/20261010_broader_history_four_hour/worker/raw/aff005c1415594d2befef969.bin.gz,1f4d9e9bf5dceb53738bfee81599fda2ab43e9a8d18766c6542ab04dc68344ac,9b3d33c13378cdcf3a055115130127709a630ce5c56e4043d99796b3235044b2,390138,36864,,loaded_native_returns,111,0,application/json; charset=utf-8,390138,,server_representation_metadata; not native message publication or verified edit time
b0faae816e82f9bdce5fce75,osm_discourse,content,https://community.openstreetmap.org/t/32544.json,2026-10-10T09:33:32.687049+00:00,200,saved,work_packages/M1_source_access/27_newspaper_context_recovery_20261008/social_public_api/continuations/20261010_broader_history_four_hour/worker/raw/b0faae816e82f9bdce5fce75.bin.gz,f4f1ad80e600dd2d692a84367db330f7f08a4c4b195084c38b4b3ad4dfcf6e92,026ff9418e7a43b9295091e3e60002e8c47826d537432af706abe83a0cdc9a33,19528,4137,,loaded_native_returns,6,0,application/json; charset=utf-8,19528,,server_representation_metadata; not native message publication or verified edit time
b14ac35ecda25914996c4702,osm_discourse,content,https://community.openstreetmap.org/t/32225.json,2026-10-10T05:58:10.805681+00:00,200,saved,work_packages/M1_source_access/27_newspaper_context_recovery_20261008/social_public_api/continuations/20261010_broader_history_four_hour/worker/raw/b14ac35ecda25914996c4702.bin.gz,3b12005c4af294c4dfc995619b3ac62436b192c6a41e7986569537d2ba4a577e,e1a9bf00816d796769f13c15fc36cad7cac25cbe8cc6b67bfc12e0d15242f553,23057,4974,,loaded_native_returns,5,0,application/json; charset=utf-8,23057,,server_representation_metadata; not native message publication or verified edit time
b158b40fdaed6728ff53ddf1,urban75,policy,https://www.urban75.net/forums/help/privacy-policy/,2026-10-10T07:23:21.880774+00:00,200,saved,work_packages/M1_source_access/27_newspaper_context_recovery_20261008/social_public_api/continuations/20261010_broader_history_four_hour/worker/raw/b158b40fdaed6728ff53ddf1.bin.gz,d429ee23c7473adedc6736c1380500f9eb4b33e7f6adf6091823386d71648b13,a1b10dd1afc004aa7c229349253d01343c5249b53eb4e3cc701c5ddfd684d34f,37322,10095,,noncontent_access_policy_or_frame_metadata,0,0,text/html; charset=utf-8,,"Sat, 10 Oct 2026 07:23:21 GMT",server_representation_metadata; not native message publication or verified edit time
b1a65d45c4f773f90839213d,python_list_archive,content,https://mail.python.org/pipermail/python-list/2010-March.txt,2026-10-10T08:29:34.234629+00:00,200,saved,work_packages/M1_source_access/27_newspaper_context_recovery_20261008/social_public_api/continuations/20261010_broader_history_four_hour/worker/raw/b1a65d45c4f773f90839213d.bin.gz,7714191e04a93ab6bda0311cb20427d5c49b1ad5a49e435510bd3a82759c4b94,13c6bda47a9efb4b2c2413f69f0cbbd82ffac8c7a2140f39345642352cd00df1,9589269,2589944,,loaded_native_returns,5550,0,text/plain,9589269,"Mon, 28 Oct 2019 10:05:36 GMT",server_representation_metadata; not native message publication or verified edit time
b1ea8f7b8e4c7c33f5c15614,urban75,policy,https://www.urban75.net/robots.txt,2026-10-10T07:23:25.591530+00:00,200,saved,work_packages/M1_source_access/27_newspaper_context_recovery_20261008/social_public_api/continuations/20261010_broader_history_four_hour/worker/raw/b1ea8f7b8e4c7c33f5c15614.bin.gz,88ade134dc90c30ed2b03a70afb15b9f58fa0c7492568b0d9bbd856f5cb5bdd8,4a5988bbda664b578f38c4d6533d109052093b68930bbea762ca81e5075f7c08,56,66,,noncontent_access_policy_or_frame_metadata,0,0,text/plain,56,"Wed, 22 May 2024 16:37:04 GMT",server_representation_metadata; not native message publication or verified edit time
b1f256373d037f85577e3537,mastodon_au,content,https://aus.social/api/v1/timelines/public?local=true&limit=40&max_id=116908964791532513,2026-10-10T09:25:12.660195+00:00,200,saved,work_packages/M1_source_access/27_newspaper_context_recovery_20261008/social_public_api/continuations/20261010_broader_history_four_hour/worker/raw/b1f256373d037f85577e3537.bin.gz,0a5a37948e5f2bff3a9bb5ef897ad00ab7bad341bc5b43f0ca88a7faae92f15a,c25953349edab387775d109abff0f1369fc90ad332fdaac2e0c8a94dfdcc9dc8,145280,25441,,loaded_native_returns,40,0,application/json; charset=utf-8,145280,,server_representation_metadata; not native message publication or verified edit time
b20359c40f19bfa648e77078,mastodon_uk,content,https://mastodon.me.uk/api/v1/timelines/public?local=true&limit=40&max_id=116245176322851067,2026-10-10T06:30:17.587444+00:00,200,saved,work_packages/M1_source_access/27_newspaper_context_recovery_20261008/social_public_api/continuations/20261010_broader_history_four_hour/worker/raw/b20359c40f19bfa648e77078.bin.gz,d2ffaa260cf6494e0223c48084c20c69b4d74a65a423acc6ac2d30c21e82edb4,33f10432467e6049398842d6b175fa6cbfac54999bf9d3dd71fcb2589c874c13,139720,20881,,loaded_native_returns,40,0,application/json; charset=utf-8,139720,,server_representation_metadata; not native message publication or verified edit time
b21cbf5eb860921820dd9a71,mastodon_us,content,https://sfba.social/api/v1/timelines/public?local=true&limit=40&max_id=116891429281866269,2026-10-10T08:22:50.428180+00:00,200,saved,work_packages/M1_source_access/27_newspaper_context_recovery_20261008/social_public_api/continuations/20261010_broader_history_four_hour/worker/raw/b21cbf5eb860921820dd9a71.bin.gz,29624b425b343f25e5a249185b25b599cd954ebfc2386d364822eb8bc49ab764,204a87786893ec98880b1563df3c0b3c16b36b09e957aae5418d7053e3b18c99,153734,26229,,loaded_native_returns,40,0,application/json; charset=utf-8,153734,,server_representation_metadata; not native message publication or verified edit time
b224d26bd576fcca9af0ae37,hackernews,content,https://hacker-news.firebaseio.com/v0/item/147.json,2026-10-10T07:01:05.435440+00:00,200,saved,work_packages/M1_source_access/27_newspaper_context_recovery_20261008/social_public_api/continuations/20261010_broader_history_four_hour/worker/raw/b224d26bd576fcca9af0ae37.bin.gz,df33c9e21546cb83fed59c9e58b3539eb48485784ad0cde7d2bd3a332f82419b,736d173337597c4387e17b07d6251095ab2856cd777db174872ac43f1b1045c2,168,152,,loaded_native_returns,1,0,application/json; charset=utf-8,168,,server_representation_metadata; not native message publication or verified edit time
b25114b3229eb7cba0ecc111,mastodon_uk,content,https://mastodon.me.uk/api/v1/timelines/public?local=true&limit=40&max_id=116152182544159991,2026-10-10T08:18:33.441908+00:00,200,saved,work_packages/M1_source_access/27_newspaper_context_recovery_20261008/social_public_api/continuations/20261010_broader_history_four_hour/worker/raw/b25114b3229eb7cba0ecc111.bin.gz,057537d44bac3aef71af5c7bbc7c1202cf3568ea26c14128fc909f2bad57c815,61702d49ad71838acd70968825aff865329f4739ac16b05fa617e5939e579a2b,129280,17586,,loaded_native_returns,40,0,application/json; charset=utf-8,129280,,server_representation_metadata; not native message publication or verified edit time
b2520b016d2c0c8e7a5880c8,python_list_archive,content,https://mail.python.org/pipermail/python-list/2009-August.txt,2026-10-10T08:15:44.696906+00:00,200,saved,work_packages/M1_source_access/27_newspaper_context_recovery_20261008/social_public_api/continuations/20261010_broader_history_four_hour/worker/raw/b2520b016d2c0c8e7a5880c8.bin.gz,e8b772e8792b459a4555455186290f0f7a88c314a0b30dcdfe832c9a8b994236,8aa83d997b50686111c5343cf32fcf9c16523be42b1b694728bff36553798d23,13166896,3785580,,loaded_native_returns,7872,0,text/plain,13166896,"Mon, 28 Oct 2019 10:00:19 GMT",server_representation_metadata; not native message publication or verified edit time
b26eb53fbce6cc0083362f5d,w3_wwwtalk,content,https://lists.w3.org/Archives/Public/www-talk/1992MayJun/0061.html,2026-10-10T07:14:32.503822+00:00,200,saved,work_packages/M1_source_access/27_newspaper_context_recovery_20261008/social_public_api/continuations/20261010_broader_history_four_hour/worker/raw/b26eb53fbce6cc0083362f5d.bin.gz,244627962fc2f9baf2e0a9686756ea69f9b12889996b7a56833da8627d8c9348,16a0e2a9d41573d6c9f05b72d12b22798060ac2d04a35e8774dc045b70c6cee4,2820,1001,,loaded_native_returns,1,0,text/html,,"Mon, 04 Aug 2003 15:50:20 GMT",server_representation_metadata; not native message publication or verified edit time
b27c79748dd0063428fe0dc3,mastodon_uk,content,https://mastodon.me.uk/api/v1/timelines/public?local=true&limit=40&max_id=116199224877375341,2026-10-10T07:24:57.366592+00:00,200,saved,work_packages/M1_source_access/27_newspaper_context_recovery_20261008/social_public_api/continuations/20261010_broader_history_four_hour/worker/raw/b27c79748dd0063428fe0dc3.bin.gz,5bf7f4b607da4fe54f67e3c711fb33d72fa637eebfd2b1f52b1933953bdd9118,058e9d85e70251ba8e03f0e6fcb641ae3708a891072575cba2d7a8d384343dd2,135018,18472,,loaded_native_returns,40,0,application/json; charset=utf-8,135018,,server_representation_metadata; not native message publication or verified edit time
b2928d96f263b0f30a0b08cd,tildes,source_metadata,https://docs.tildes.net/instructions/searching-tildes,2026-10-10T06:11:51.050516+00:00,200,saved,work_packages/M1_source_access/27_newspaper_context_recovery_20261008/social_public_api/continuations/20261010_broader_history_four_hour/worker/raw/b2928d96f263b0f30a0b08cd.bin.gz,0a8f85fd26115d2e470fbc82b853451d2fc9d5efe06c9cb17c9e29e64bcd4aa8,d2f2837dac00a309e0e61b6779427cbb7717a5248eb51189b23a09c5d14c9c82,7546,2182,,noncontent_access_policy_or_frame_metadata,0,0,text/html,7546,"Mon, 28 Jun 2021 04:24:26 GMT",server_representation_metadata; not native message publication or verified edit time
b2ae94f63e614683744ae814,hackernews,content,https://hacker-news.firebaseio.com/v0/item/205.json,2026-10-10T09:24:26.604618+00:00,200,saved,work_packages/M1_source_access/27_newspaper_context_recovery_20261008/social_public_api/continuations/20261010_broader_history_four_hour/worker/raw/b2ae94f63e614683744ae814.bin.gz,8d45477f20ea33d9b82b0ae1d1b8654bc37bd9d1e7f79f420cd9ead169039c5a,1cce98d79dac18b678dcdaa0c01e690a21ea37400d3283a49f033fe2fb0692fc,313,248,,loaded_native_returns,1,0,application/json; charset=utf-8,313,,server_representation_metadata; not native message publication or verified edit time
b2fb8e838b99b4c332c1a496,straight_dope,content,https://boards.straightdope.com/t/712149/posts.json?post_ids%5B%5D=18095949&post_ids%5B%5D=18095953&post_ids%5B%5D=18095954&post_ids%5B%5D=18095975&post_ids%5B%5D=18096098&post_ids%5B%5D=18096122&post_ids%5B%5D=18096152&post_ids%5B%5D=18096188&post_ids%5B%5D=18096282&post_ids%5B%5D=18096332&post_ids%5B%5D=18096460&post_ids%5B%5D=18096551&post_ids%5B%5D=18097610&post_ids%5B%5D=18097621&post_ids%5B%5D=18097798&post_ids%5B%5D=18097815&post_ids%5B%5D=18097887&post_ids%5B%5D=18097954&post_ids%5B%5D=18098309&post_ids%5B%5D=18098336,2026-10-10T09:40:07.018692+00:00,200,saved,work_packages/M1_source_access/27_newspaper_context_recovery_20261008/social_public_api/continuations/20261010_broader_history_four_hour/worker/raw/b2fb8e838b99b4c332c1a496.bin.gz,ed121dbfdd5747e43a48eda8a7902b90b596c6b340f5a6ad2ca28b02d2ed8ac6,fb29552f50d8f529cab2633148d38d35ef776aae225134fde0dac40a7b664447,30636,2537,,loaded_native_returns,21,0,application/json; charset=utf-8,30636,,server_representation_metadata; not native message publication or verified edit time
b316c8ac335548577f72b6b6,hackernews,content,https://hacker-news.firebaseio.com/v0/item/121.json,2026-10-10T06:05:00.960468+00:00,200,saved,work_packages/M1_source_access/27_newspaper_context_recovery_20261008/social_public_api/continuations/20261010_broader_history_four_hour/worker/raw/b316c8ac335548577f72b6b6.bin.gz,f5939ab1bf5adbf24ba448e863dc7b16d9fa541c4df24a1d0496e16efb0a2d99,a1ec5525014ebccc1a9f18fddde2909560487c06821654b7b755d4307a8eb2cf,202,178,,loaded_native_returns,1,0,application/json; charset=utf-8,202,,server_representation_metadata; not native message publication or verified edit time
b31b1c23cd46ea3f9ec5b6d8,osm_discourse,content,https://community.openstreetmap.org/t/32426.json,2026-10-10T08:05:11.856075+00:00,200,saved,work_packages/M1_source_access/27_newspaper_context_recovery_20261008/social_public_api/continuations/20261010_broader_history_four_hour/worker/raw/b31b1c23cd46ea3f9ec5b6d8.bin.gz,30d976b07f9c20f31fb13a722585172d28c913725252e91cd2924421a809891f,94531cbc6e2c1a9ba05d9acf5b744fe7889b8c87bbd8d0a06505b55c0114a8d8,19136,4350,,loaded_native_returns,5,0,application/json; charset=utf-8,19136,,server_representation_metadata; not native message publication or verified edit time
b3227dbc77156efeb1753984,hackernews,content,https://hacker-news.firebaseio.com/v0/item/164.json,2026-10-10T07:33:18.581152+00:00,200,saved,work_packages/M1_source_access/27_newspaper_context_recovery_20261008/social_public_api/continuations/20261010_broader_history_four_hour/worker/raw/b3227dbc77156efeb1753984.bin.gz,8fce31f9178f9f12528c04780323c3d273e48d9e7796dba82d3943b79523e762,04665a6d4ffc3bf55a5ca29a6f10dc45cfc945ebbbbb0fe415005e6f1c6a69ce,373,269,,loaded_native_returns,1,0,application/json; charset=utf-8,373,,server_representation_metadata; not native message publication or verified edit time
b32ebda3807f0f0f8793aa8d,python_discourse,content,https://discuss.python.org/t/661.json,2026-10-10T08:38:31.247392+00:00,200,saved,work_packages/M1_source_access/27_newspaper_context_recovery_20261008/social_public_api/continuations/20261010_broader_history_four_hour/worker/raw/b32ebda3807f0f0f8793aa8d.bin.gz,cfc954856511970f22c59b0be88cc8f38ad828ca271898b5d11bf20cd2f3746e,4765ce8a4f857a0a4201fd880eaa7c7e9ba74b3cc003d640006d81f05b9d73bc,8125,1815,,loaded_native_returns,4,0,application/json; charset=utf-8,8125,,server_representation_metadata; not native message publication or verified edit time
b338cfcea6a93bb72b22d186,mastodon_us,content,https://sfba.social/api/v1/timelines/public?local=true&limit=40&max_id=116925727532009063,2026-10-10T06:28:50.579719+00:00,200,saved,work_packages/M1_source_access/27_newspaper_context_recovery_20261008/social_public_api/continuations/20261010_broader_history_four_hour/worker/raw/b338cfcea6a93bb72b22d186.bin.gz,06f0de354bb29180a666e433cb6ebb98fd07b77d861049222a52d59ef0aa316b,4b85a7d6e204631af813635b8a4ba228f659bbf078d3c2c730567067ff7951dc,146210,22479,,loaded_native_returns,40,0,application/json; charset=utf-8,146210,,server_representation_metadata; not native message publication or verified edit time
b3bc41db1b5cf228077b8b27,lemmy_nz,content,https://lemmy.nz/api/v3/comment/list?type_=Local&sort=Old&limit=50&page=1&post_id=211753,2026-10-10T09:27:42.933359+00:00,200,saved,work_packages/M1_source_access/27_newspaper_context_recovery_20261008/social_public_api/continuations/20261010_broader_history_four_hour/worker/raw/b3bc41db1b5cf228077b8b27.bin.gz,a71963f8e22e678f8cf2bba0667e31e924c304ba637427507ef1133cdc9ce36c,874c07dab07cb03ba9013a8f60f712862d6c7c110b66598403dab00a7aad279f,17951,2690,,loaded_native_returns,16,0,application/json,17951,,server_representation_metadata; not native message publication or verified edit time
b41dc4bb4e4c1b4b3083a46a,e_democracy_archival,source_metadata,https://web.archive.org/web/20230921222533/http://forums.e-democracy.org/r/topic/Enfcpjfx38XPUNs48c9lq,,302,http_stop,,,,,,,transport_stop_no_raw_payload,0,0,,,,server_representation_metadata; not native message publication or verified edit time
b429b830b1298d81b9b8b48e,bluesky,content,https://public.api.bsky.app/xrpc/app.bsky.feed.getAuthorFeed?actor=did%3Aplc%3At5pur7eruxfgxy7ynpfrmg2w&limit=100&filter=posts_with_replies&includePins=false&cursor=2025-07-25T19%3A17%3A51.857Z,2026-10-10T07:23:28.361439+00:00,200,saved,work_packages/M1_source_access/27_newspaper_context_recovery_20261008/social_public_api/continuations/20261010_broader_history_four_hour/worker/raw/b429b830b1298d81b9b8b48e.bin.gz,7e73d42e436f00669b24bcff6167cd94d700686d8e89c1bc18c622bc02d96dc6,e112900966509993cdb73e146d570987cbc116798996807a4af877064f4f43ff,560976,59244,,loaded_native_returns,100,0,application/json; charset=utf-8,560976,,server_representation_metadata; not native message publication or verified edit time
b4c827a66e6382796c90e6f6,mastodon_uk,content,https://mastodon.me.uk/api/v1/timelines/public?local=true&limit=40&max_id=116260445273713155,2026-10-10T06:10:26.610040+00:00,200,saved,work_packages/M1_source_access/27_newspaper_context_recovery_20261008/social_public_api/continuations/20261010_broader_history_four_hour/worker/raw/b4c827a66e6382796c90e6f6.bin.gz,ea22f1f67019449757b9b7095d6e0c66e350b5347a7e606e0d2a427010783eef,08d5f36c710355ceb1bff93a592fd0b4c9cf2d98640ead505f856cdbbf2cfb69,138559,16815,,loaded_native_returns,40,0,application/json; charset=utf-8,138559,,server_representation_metadata; not native message publication or verified edit time
b4cbc84d9a7b84bd1fcc8f52,mastodon_au,content,https://aus.social/api/v1/timelines/public?local=true&limit=40&max_id=116938212732932437,2026-10-10T07:16:01.599618+00:00,200,saved,work_packages/M1_source_access/27_newspaper_context_recovery_20261008/social_public_api/continuations/20261010_broader_history_four_hour/worker/raw/b4cbc84d9a7b84bd1fcc8f52.bin.gz,4aea6afebafc94ae62a79dd0ef5b59ffcac96650bd84f6d91fffca3597b96a40,ec4d2baf04980a71d502d7ec602a70a89075b2b3ab9c0eae0ffef58f78b2c5c9,172772,29301,,loaded_native_returns,40,0,application/json; charset=utf-8,172772,,server_representation_metadata; not native message publication or verified edit time
b4f199f17e63e4442e3c8287,hackernews,content,https://hacker-news.firebaseio.com/v0/item/163.json,2026-10-10T07:31:16.757146+00:00,200,saved,work_packages/M1_source_access/27_newspaper_context_recovery_20261008/social_public_api/continuations/20261010_broader_history_four_hour/worker/raw/b4f199f17e63e4442e3c8287.bin.gz,c87f0995ab24894799a105bea427ccf2237fd65f23a3a7b3bd7f97846078bd38,3efc9405f16461e40d91fae428449489c36432093a93fed9d1bd0647b0dcea10,217,179,,loaded_native_returns,1,0,application/json; charset=utf-8,217,,server_representation_metadata; not native message publication or verified edit time
b4fc4d2920e06866d05c74aa,lemmy_nz,content,https://lemmy.nz/api/v3/comment/list?type_=Local&sort=Old&limit=50&page=1&post_id=176033,2026-10-10T06:30:11.281446+00:00,200,saved,work_packages/M1_source_access/27_newspaper_context_recovery_20261008/social_public_api/continuations/20261010_broader_history_four_hour/worker/raw/b4fc4d2920e06866d05c74aa.bin.gz,848535f72b066666a2f9156d88e812e6344c99f09717e60a4923d6d4b52574cb,43144c0d89e58b0ce38e3afadef676d9833251bf45e13b58cb716ba5631ac1aa,13415,2248,,loaded_native_returns,10,0,application/json,13415,,server_representation_metadata; not native message publication or verified edit time
b51b66efc38a3295b2a3612c,python_discourse,content,https://discuss.python.org/t/738.json,2026-10-10T09:43:49.296204+00:00,200,saved,work_packages/M1_source_access/27_newspaper_context_recovery_20261008/social_public_api/continuations/20261010_broader_history_four_hour/worker/raw/b51b66efc38a3295b2a3612c.bin.gz,a35e7fa6f50711f8587842ac37f2c32c2899640464298c197d92aa38e08e5f32,37ed0853d0a276ea5abd93c727e7624f35acfb210d1f228a70712f5a92475764,33228,6165,,loaded_native_returns,12,0,application/json; charset=utf-8,33228,,server_representation_metadata; not native message publication or verified edit time
b57f6cef51fca971863e740d,python_list_archive,content,https://mail.python.org/pipermail/python-list/2008-April.txt,2026-10-10T07:38:43.197960+00:00,200,saved,work_packages/M1_source_access/27_newspaper_context_recovery_20261008/social_public_api/continuations/20261010_broader_history_four_hour/worker/raw/b57f6cef51fca971863e740d.bin.gz,02cb9c8956c1d90676a4dc828cd971bf69823d97cbb648dd445f70a0c7858269,bc596a7718cc2004ab6a04cc4878345a03e1cc1a5318c65d97560b1d325858a2,14474497,5494769,,loaded_native_returns,9470,0,text/plain,14474497,"Mon, 28 Oct 2019 09:52:29 GMT",server_representation_metadata; not native message publication or verified edit time
b5b9ed830b90c7e2464d51ab,tildes,content,https://tildes.net/~tech/1d9u/im_thoroughly_done_with_my_choices_being_only_yes_or_not_now,2026-10-10T08:41:19.345820+00:00,200,saved,work_packages/M1_source_access/27_newspaper_context_recovery_20261008/social_public_api/continuations/20261010_broader_history_four_hour/worker/raw/b5b9ed830b90c7e2464d51ab.bin.gz,cb6b68113ae21820feb266d9f4c76463c502414f47949a01ea459587550d8895,9af4d94d61e4b482558f4a49ada64b36aad7d9bbab964adf5f61c3885c78e894,99880,17140,,loaded_native_returns,43,0,text/html; charset=UTF-8,99880,,server_representation_metadata; not native message publication or verified edit time
b62034cfd2217df2a6cdb3fa,python_list_archive,content,https://mail.python.org/pipermail/python-list/2007-October.txt,2026-10-10T07:25:56.211607+00:00,200,saved,work_packages/M1_source_access/27_newspaper_context_recovery_20261008/social_public_api/continuations/20261010_broader_history_four_hour/worker/raw/b62034cfd2217df2a6cdb3fa.bin.gz,0a193f41df3cf7112e5f77a9736a68b6c28c48720cb3cae1b52d93f7ab85ecc3,302bf0e8a7af5250612ab9841cc5aa4494d27b5101793cbb4c3d2d22292df785,6497471,2444716,,loaded_native_returns,4246,0,text/plain,6497471,"Mon, 28 Oct 2019 01:47:24 GMT",server_representation_metadata; not native message publication or verified edit time
b635be77863d38b3f6895e24,python_list_archive,content,https://mail.python.org/pipermail/python-list/2010-September.txt,2026-10-10T08:40:55.425336+00:00,200,saved,work_packages/M1_source_access/27_newspaper_context_recovery_20261008/social_public_api/continuations/20261010_broader_history_four_hour/worker/raw/b635be77863d38b3f6895e24.bin.gz,1bf25490121be7b24880c038093f9381293c46c0fed6309d2c672d0005dfe384,e5ec08d84999214e35310291fa325cee2a8c04a2713e360482aef84aa6aed459,7651149,2025844,,loaded_native_returns,4378,0,text/plain,7651149,"Mon, 28 Oct 2019 10:07:59 GMT",server_representation_metadata; not native message publication or verified edit time
b6434d06018799d85403f510,lemmy_nz,content,https://lemmy.nz/api/v3/comment/list?type_=Local&sort=Old&limit=50&page=1&post_id=192392,2026-10-10T07:56:01.796952+00:00,200,saved,work_packages/M1_source_access/27_newspaper_context_recovery_20261008/social_public_api/continuations/20261010_broader_history_four_hour/worker/raw/b6434d06018799d85403f510.bin.gz,e2f50fcbcd01f91da947928762acc8c340ac69540b4f423bb65b8e9daba659a5,3acbfecc55ece29441eba8734a33da5f5adaefbd1ed93a9e8adeb57918bf244d,9823,2023,,loaded_native_returns,6,0,application/json,9823,,server_representation_metadata; not native message publication or verified edit time
b65e662507a4919be360ac59,bluesky,content,https://public.api.bsky.app/xrpc/app.bsky.feed.getAuthorFeed?actor=did%3Aplc%3At5pur7eruxfgxy7ynpfrmg2w&limit=100&filter=posts_with_replies&includePins=false&cursor=2025-07-30T10%3A51%3A20.757Z,2026-10-10T07:04:12.869024+00:00,200,saved,work_packages/M1_source_access/27_newspaper_context_recovery_20261008/social_public_api/continuations/20261010_broader_history_four_hour/worker/raw/b65e662507a4919be360ac59.bin.gz,1d4705089d59567ecd0d8ec16f4454ddab3e7d7fca9244544277278def40505b,cb00c26b45d146c63384b27fda873f40d8db97d7a505aa8ecb3c347d78050808,539198,55197,,loaded_native_returns,100,0,application/json; charset=utf-8,539198,,server_representation_metadata; not native message publication or verified edit time
b666a60e4b1faa04e24ebf52,e_democracy_archival,policy,https://archive.org/about/terms,2026-10-10T06:21:56.588790+00:00,200,saved,work_packages/M1_source_access/27_newspaper_context_recovery_20261008/social_public_api/continuations/20261010_broader_history_four_hour/worker/raw/b666a60e4b1faa04e24ebf52.bin.gz,d315ca737b43311681e60e1bf1ab73c03fa6a63eeecb052d152918e97a1fd9a3,af40e4e9745eb1d65aed9bb14a4df476bd4d9b1e70f1f51ad84f65a4cc1ff7e0,1872,791,,noncontent_access_policy_or_frame_metadata,0,0,text/html; charset=utf-8,,"Thu, 08 Oct 2026 18:52:32 GMT",server_representation_metadata; not native message publication or verified edit time
b689ea32a15f2a8098c12d16,tildes,content,https://tildes.net/~music/1w41/share_your_favorite_live_music_performance_recordings,2026-10-10T08:16:25.402722+00:00,200,saved,work_packages/M1_source_access/27_newspaper_context_recovery_20261008/social_public_api/continuations/20261010_broader_history_four_hour/worker/raw/b689ea32a15f2a8098c12d16.bin.gz,25bd83c5bfd1225d42451b2bb5e5700d5db928a00c10eb205a0e9a4cbbafa297,23ff68fef23410a4ba5f38e8da4b9aea2232497823f6ce8181d9eac6e8cb3b84,61820,12891,,loaded_native_returns,24,0,text/html; charset=UTF-8,61820,,server_representation_metadata; not native message publication or verified edit time
b70fc93d0105e519ba71f6d1,python_list_archive,content,https://mail.python.org/pipermail/python-list/2008-December.txt,2026-10-10T07:55:13.834396+00:00,200,saved,work_packages/M1_source_access/27_newspaper_context_recovery_20261008/social_public_api/continuations/20261010_broader_history_four_hour/worker/raw/b70fc93d0105e519ba71f6d1.bin.gz,3dc1bc365c1a77f109794500f98a9cb41cff63752590657fdf4679829664014c,73f2a604a674d47e55d9c9ace5eae532f4db7585d5472d22284e4ed737e8c6c3,14562118,5602443,,loaded_native_returns,8694,0,text/plain,14562118,"Mon, 28 Oct 2019 09:54:27 GMT",server_representation_metadata; not native message publication or verified edit time
b7330fda1464a06e0d488b7e,tildes,content,https://tildes.net/~tv/1w3x/babylon_5_s02e01_points_of_departure_episode_discussion,2026-10-10T08:31:56.954074+00:00,200,saved,work_packages/M1_source_access/27_newspaper_context_recovery_20261008/social_public_api/continuations/20261010_broader_history_four_hour/worker/raw/b7330fda1464a06e0d488b7e.bin.gz,1cc084806348c9719d188336684a59986b8949ea0088b05960ae6614fcf7605a,85a15f645926b08d31c2cd1453f888224eb40d66f635a8603ca1c6e7747e8962,17692,4529,,loaded_native_returns,5,0,text/html; charset=UTF-8,17692,,server_representation_metadata; not native message publication or verified edit time
b7334b6b338d9ee516dc89b1,thesession,content,https://thesession.org/discussions/31,2026-10-10T08:41:58.411240+00:00,200,saved,work_packages/M1_source_access/27_newspaper_context_recovery_20261008/social_public_api/continuations/20261010_broader_history_four_hour/worker/raw/b7334b6b338d9ee516dc89b1.bin.gz,ea972578fda44153ff0c1d4a3f321a127494af7b6d6855f9be80e148cc980d43,ce829966d973bfebfc2e56645763e232caae54b3184f324a76ad4b449b38334d,57603,13524,,loaded_native_returns,3,0,text/html; charset=utf-8,,,server_representation_metadata; not native message publication or verified edit time
b741594337af6dd3fb842337,thesession,content,https://thesession.org/discussions/39,2026-10-10T09:25:26.235550+00:00,200,saved,work_packages/M1_source_access/27_newspaper_context_recovery_20261008/social_public_api/continuations/20261010_broader_history_four_hour/worker/raw/b741594337af6dd3fb842337.bin.gz,9944e3f247026b16c1e5063a869e09d36f784a7a029a96f0ba820547cd414f25,6e0d9dea2ac3e20465d243debe56560866d951a549086419287dae9810a725af,80908,18174,,loaded_native_returns,18,0,text/html; charset=utf-8,,,server_representation_metadata; not native message publication or verified edit time
b74fac2f7566bfd215852b22,thesession,content,https://thesession.org/discussions/24,2026-10-10T08:28:54.422198+00:00,200,saved,work_packages/M1_source_access/27_newspaper_context_recovery_20261008/social_public_api/continuations/20261010_broader_history_four_hour/worker/raw/b74fac2f7566bfd215852b22.bin.gz,b64fc5e7960032ec714b87a90cb1c9e704b24000c874f4614c12c6c576a18aaa,ca7d5ff49edfac804720481378a0bd08a8570582664a386a2708f9a68ec2fe3a,59820,13738,,loaded_native_returns,5,0,text/html; charset=utf-8,,,server_representation_metadata; not native message publication or verified edit time
b75221c033d7da3d898a21ec,tildes,content,https://tildes.net/~tech/1w4m/a_college_girl_was_exploited_on_camera_a_network_of_anonymous_men_got_to_work,2026-10-10T07:07:10.016060+00:00,200,saved,work_packages/M1_source_access/27_newspaper_context_recovery_20261008/social_public_api/continuations/20261010_broader_history_four_hour/worker/raw/b75221c033d7da3d898a21ec.bin.gz,97506b3f0f6cca4c2887824c00ced5e94104671321c23050feadb84ddac70b4e,6ba8f95c09aa9c75cb0e51da294a1e03119d0b6e0ca409b22a955ee7942ef8c5,75348,11055,,loaded_native_returns,32,0,text/html; charset=UTF-8,75348,,server_representation_metadata; not native message publication or verified edit time
b755289f0da4dc1c6d0c734b,mastodon_uk,content,https://mastodon.me.uk/api/v1/timelines/public?local=true&limit=40&max_id=116128560134013968,2026-10-10T08:45:18.757237+00:00,200,saved,work_packages/M1_source_access/27_newspaper_context_recovery_20261008/social_public_api/continuations/20261010_broader_history_four_hour/worker/raw/b755289f0da4dc1c6d0c734b.bin.gz,050c14a0cd55877cd863f58fd9db96f9dcafcbe89ecd4f85a771adc7449035da,2f850fdab9fd15caf730ee9678b77f9884e4edf079505177a2be209386794a5a,135571,20590,,loaded_native_returns,40,0,application/json; charset=utf-8,135571,,server_representation_metadata; not native message publication or verified edit time
b7618cd22d7c415c0a866a9d,straight_dope,content,https://boards.straightdope.com/t/712149/posts.json?post_ids%5B%5D=18090501&post_ids%5B%5D=18090559&post_ids%5B%5D=18091110&post_ids%5B%5D=18091240&post_ids%5B%5D=18091262&post_ids%5B%5D=18091728&post_ids%5B%5D=18091843&post_ids%5B%5D=18091867&post_ids%5B%5D=18092221&post_ids%5B%5D=18092344&post_ids%5B%5D=18092352&post_ids%5B%5D=18092378&post_ids%5B%5D=18092474&post_ids%5B%5D=18092512&post_ids%5B%5D=18092516&post_ids%5B%5D=18092522&post_ids%5B%5D=18092614&post_ids%5B%5D=18092972&post_ids%5B%5D=18093065&post_ids%5B%5D=18093154,2026-10-10T09:37:16.883195+00:00,200,saved,work_packages/M1_source_access/27_newspaper_context_recovery_20261008/social_public_api/continuations/20261010_broader_history_four_hour/worker/raw/b7618cd22d7c415c0a866a9d.bin.gz,87f8ad8e44d3a8af4600ccdb7c8fbd8808bc1ee5167159dbbd96d452b7b874ae,6970920cedf94a00062e4a7385c0229167a2f734867b9c005f80f663233199b9,30429,2545,,loaded_native_returns,21,0,application/json; charset=utf-8,30429,,server_representation_metadata; not native message publication or verified edit time
b762069c7a3249177b960111,thesession,content,https://thesession.org/discussions/17,2026-10-10T08:15:04.269507+00:00,200,saved,work_packages/M1_source_access/27_newspaper_context_recovery_20261008/social_public_api/continuations/20261010_broader_history_four_hour/worker/raw/b762069c7a3249177b960111.bin.gz,9c9ebd1336f6fb263573151d710ab3dcbc02726a69573b7caf12620230dcc167,d0088e233bbcc8d6e6c81cd5227c74cfb6b45b3bc37b8a27930969b30e2b7e09,67185,16155,,loaded_native_returns,8,0,text/html; charset=utf-8,,,server_representation_metadata; not native message publication or verified edit time
b790aaffc16b7177af15646e,straight_dope,content,https://boards.straightdope.com/t/712149/posts.json?post_ids%5B%5D=18078014&post_ids%5B%5D=18078271&post_ids%5B%5D=18078453&post_ids%5B%5D=18078595&post_ids%5B%5D=18078634&post_ids%5B%5D=18078713&post_ids%5B%5D=18079548&post_ids%5B%5D=18079854&post_ids%5B%5D=18079924&post_ids%5B%5D=18080017&post_ids%5B%5D=18080046&post_ids%5B%5D=18080062&post_ids%5B%5D=18080078&post_ids%5B%5D=18080145&post_ids%5B%5D=18080161&post_ids%5B%5D=18080269&post_ids%5B%5D=18080285&post_ids%5B%5D=18080289&post_ids%5B%5D=18080298&post_ids%5B%5D=18080310,2026-10-10T09:31:07.485831+00:00,200,saved,work_packages/M1_source_access/27_newspaper_context_recovery_20261008/social_public_api/continuations/20261010_broader_history_four_hour/worker/raw/b790aaffc16b7177af15646e.bin.gz,61941d2e8ac4c7fc53051db198118294d6c5cec345e3eff2dfee673e61fa2792,eddcb131d86a3ea1d8f9eb38151c8781b56af28b8e39bad1790b702f9424ea39,30557,2573,,loaded_native_returns,21,0,application/json; charset=utf-8,30557,,server_representation_metadata; not native message publication or verified edit time
b7b350c12d1e9ac03a6ec855,mastodon_au,content,https://aus.social/api/v1/timelines/public?local=true&limit=40&max_id=116921308840037551,2026-10-10T08:16:45.903166+00:00,200,saved,work_packages/M1_source_access/27_newspaper_context_recovery_20261008/social_public_api/continuations/20261010_broader_history_four_hour/worker/raw/b7b350c12d1e9ac03a6ec855.bin.gz,615c0bc70a14451ee2932798e8c0f3e1f3b5d5ab4ad0daf6e38ed42f9a52624f,b9f2ecb91e62e8a458e0690db5c28262e65873c77dea790c50ad45bea0ee3198,162267,25537,,loaded_native_returns,40,0,application/json; charset=utf-8,162267,,server_representation_metadata; not native message publication or verified edit time
b7b7d5bc3c0e33dbc8cdad4d,mastodon_au,content,https://aus.social/api/v1/timelines/public?local=true&limit=40&max_id=116929493997069901,2026-10-10T07:45:54.482203+00:00,200,saved,work_packages/M1_source_access/27_newspaper_context_recovery_20261008/social_public_api/continuations/20261010_broader_history_four_hour/worker/raw/b7b7d5bc3c0e33dbc8cdad4d.bin.gz,da5f0297960d4e71e5d6ae007d5fcda8c19580fea8d3cb3d7d00978d6500af9f,d8e5a4b83b7cee2be27d5f9fb9035eee718613fcc38a3950de7c157ddfa5e5c8,137416,24054,,loaded_native_returns,40,0,application/json; charset=utf-8,137416,,server_representation_metadata; not native message publication or verified edit time
b7dc23492b106986174070e7,python_list_archive,content,https://mail.python.org/pipermail/python-list/2007-January.txt,2026-10-10T07:08:24.974878+00:00,200,saved,work_packages/M1_source_access/27_newspaper_context_recovery_20261008/social_public_api/continuations/20261010_broader_history_four_hour/worker/raw/b7dc23492b106986174070e7.bin.gz,cd962b692d689bb4f5d5472e17275b88fb50874a3a09d59364c56965e9011c0f,96c99ccc913e2d411f6beebee746eb60a207b34746662fc84f267392f6668d8c,5749330,2167224,,loaded_native_returns,3897,0,text/plain,5749330,"Mon, 28 Oct 2019 01:47:25 GMT",server_representation_metadata; not native message publication or verified edit time
b817800b96fb923fbca61af4,python_list_archive,content,https://mail.python.org/pipermail/python-list/2009-July.txt,2026-10-10T08:13:41.489838+00:00,200,saved,work_packages/M1_source_access/27_newspaper_context_recovery_20261008/social_public_api/continuations/20261010_broader_history_four_hour/worker/raw/b817800b96fb923fbca61af4.bin.gz,4699d7c195c479723e4f4db5a4b409e4ca9a29814069c121684cdc84c6188d12,16a1c332db59b0da14d2af66355a326fd6f22c3c18860e046ad3ebc6c0555bcc,12520707,3530054,,loaded_native_returns,7720,0,text/plain,12520707,"Mon, 28 Oct 2019 09:59:35 GMT",server_representation_metadata; not native message publication or verified edit time
b82d63b12308da5492c35881,straight_dope,content,https://boards.straightdope.com/t/1914.json,2026-10-10T06:27:24.305721+00:00,200,saved,work_packages/M1_source_access/27_newspaper_context_recovery_20261008/social_public_api/continuations/20261010_broader_history_four_hour/worker/raw/b82d63b12308da5492c35881.bin.gz,87d92580c05a3eed041b9ad97a38f7af48419d3441a01e489c43cfc4db7b7332,aace633e7a53eeae00789d166922f9289b0e1ce6e6a0564a1748ae8e690ee580,51390,11403,,loaded_native_returns,21,0,application/json; charset=utf-8,51390,,server_representation_metadata; not native message publication or verified edit time
b8e0e978714273f445878976,w3_wwwtalk,content,https://lists.w3.org/Archives/Public/www-talk/1992JulAug/0030.html,2026-10-10T08:40:19.807404+00:00,200,saved,work_packages/M1_source_access/27_newspaper_context_recovery_20261008/social_public_api/continuations/20261010_broader_history_four_hour/worker/raw/b8e0e978714273f445878976.bin.gz,4d45d8752c0a7d6d952206b697313c5f08e6922719af4f620c1df7de1e9b3956,dcd890d02ffc8699815776152d5945235a7d56e2e7dc184b5de36952d99863e5,1988,756,,loaded_native_returns,1,0,text/html,,"Mon, 04 Aug 2003 15:50:19 GMT",server_representation_metadata; not native message publication or verified edit time
b8f651744fc784abc83c31cd,mastodon_uk,content,https://mastodon.me.uk/api/v1/timelines/public?local=true&limit=40&max_id=116228101671576109,2026-10-10T06:53:55.271266+00:00,200,saved,work_packages/M1_source_access/27_newspaper_context_recovery_20261008/social_public_api/continuations/20261010_broader_history_four_hour/worker/raw/b8f651744fc784abc83c31cd.bin.gz,1263639cbbb0122df62e1b3908bf65d1d6bc22a79941453695d33c59b29f9840,2736a3cb647a89c4617f3bb04f03dd0369d64c950d496c3c5bcfacd9098fcc30,131581,18457,,loaded_native_returns,40,0,application/json; charset=utf-8,131581,,server_representation_metadata; not native message publication or verified edit time
b90180b63300368ea2ae6f62,straight_dope,content,https://boards.straightdope.com/t/1033285/posts.json?post_ids%5B%5D=25849857&post_ids%5B%5D=25849921&post_ids%5B%5D=25849940&post_ids%5B%5D=25849943&post_ids%5B%5D=25849946&post_ids%5B%5D=25849950&post_ids%5B%5D=25849984&post_ids%5B%5D=25849985&post_ids%5B%5D=25849987&post_ids%5B%5D=25850000&post_ids%5B%5D=25850001&post_ids%5B%5D=25850003&post_ids%5B%5D=25850007&post_ids%5B%5D=25850116&post_ids%5B%5D=25850139&post_ids%5B%5D=25850289&post_ids%5B%5D=25850339&post_ids%5B%5D=25850341&post_ids%5B%5D=25850354&post_ids%5B%5D=25850496,2026-10-10T08:03:01.587743+00:00,200,saved,work_packages/M1_source_access/27_newspaper_context_recovery_20261008/social_public_api/continuations/20261010_broader_history_four_hour/worker/raw/b90180b63300368ea2ae6f62.bin.gz,6b6766e8294efff2278242b7e8677535734094964548cf8050ca111f69a474de,7ac6205505e088b1eeb9330b7a2fbcaad71525732359f21fbd6ad24d3c659c28,46211,6860,,loaded_native_returns,21,0,application/json; charset=utf-8,46211,,server_representation_metadata; not native message publication or verified edit time
b90590716f043f017cafcc18,bluesky,content,https://public.api.bsky.app/xrpc/app.bsky.feed.getAuthorFeed?actor=did%3Aplc%3Aragtjsm2j2vknwkz3zp4oxrd&limit=100&filter=posts_with_replies&includePins=false&cursor=2023-12-03T17%3A48%3A23.979Z,2026-10-10T06:22:51.658654+00:00,200,saved,work_packages/M1_source_access/27_newspaper_context_recovery_20261008/social_public_api/continuations/20261010_broader_history_four_hour/worker/raw/b90590716f043f017cafcc18.bin.gz,b1babdf099d57f3d2ff604b815682ba9408d1a9ff2e1133da355156b467f570c,d258b4c72e1dba4895cd294bba477898b86256bea3c88df00273d2bb96ae38fd,530221,42880,,loaded_native_returns,103,0,application/json; charset=utf-8,530221,,server_representation_metadata; not native message publication or verified edit time
b912245e1fb0fabdee6bd383,straight_dope,content,https://boards.straightdope.com/t/1033667/posts.json?post_ids%5B%5D=25862058&post_ids%5B%5D=25862257&post_ids%5B%5D=25862271&post_ids%5B%5D=25862274,2026-10-10T07:56:50.804799+00:00,200,saved,work_packages/M1_source_access/27_newspaper_context_recovery_20261008/social_public_api/continuations/20261010_broader_history_four_hour/worker/raw/b912245e1fb0fabdee6bd383.bin.gz,ce68c76b6d8d1f2cd71f7f81da4739ffff7ca2b021113b728be32d33f16b353b,6e1419b6b5fedb3c1915417fdf6945279bd809430144e101c97c2e9a3707ed02,18772,4193,,loaded_native_returns,5,0,application/json; charset=utf-8,18772,,server_representation_metadata; not native message publication or verified edit time
b9528c3990c95c25855da964,straight_dope,content,https://boards.straightdope.com/t/1025298/posts.json?post_ids%5B%5D=25838363&post_ids%5B%5D=25838369&post_ids%5B%5D=25838376&post_ids%5B%5D=25838408&post_ids%5B%5D=25838464&post_ids%5B%5D=25838474&post_ids%5B%5D=25838482&post_ids%5B%5D=25838483&post_ids%5B%5D=25838548&post_ids%5B%5D=25838551&post_ids%5B%5D=25838561&post_ids%5B%5D=25838562&post_ids%5B%5D=25838573&post_ids%5B%5D=25838620&post_ids%5B%5D=25838633&post_ids%5B%5D=25838656&post_ids%5B%5D=25838736&post_ids%5B%5D=25838744&post_ids%5B%5D=25838751&post_ids%5B%5D=25838755,2026-10-10T07:02:41.511135+00:00,200,saved,work_packages/M1_source_access/27_newspaper_context_recovery_20261008/social_public_api/continuations/20261010_broader_history_four_hour/worker/raw/b9528c3990c95c25855da964.bin.gz,e1733052bdc0033ff308d4c1226714241c3297df19947b7db361cd006220f3a1,da1fea60fc2a736c5ad5dd3f56fcaea55cf82fbe29c63d7a94cc3e47e3fe8d05,71702,12659,,loaded_native_returns,21,0,application/json; charset=utf-8,71702,,server_representation_metadata; not native message publication or verified edit time
b96c8078c3fcecd354142cd0,python_list_archive,content,https://mail.python.org/pipermail/python-list/2008-October.txt,2026-10-10T07:51:36.953669+00:00,200,saved,work_packages/M1_source_access/27_newspaper_context_recovery_20261008/social_public_api/continuations/20261010_broader_history_four_hour/worker/raw/b96c8078c3fcecd354142cd0.bin.gz,22d0e23eff335da21ea0df7549105a54c3e33ddc46e5db844737db7389f9a6b9,4eb2b188188c2817d82c7a98d1c74f4397748319a3e62f6cf8e690b084c9a13f,13433283,5144992,,loaded_native_returns,8310,0,text/plain,13433283,"Mon, 28 Oct 2019 09:52:27 GMT",server_representation_metadata; not native message publication or verified edit time
b994a55552c50355e08c531d,python_list_archive,content,https://mail.python.org/pipermail/python-list/2007-May.txt,2026-10-10T07:15:05.497745+00:00,200,saved,work_packages/M1_source_access/27_newspaper_context_recovery_20261008/social_public_api/continuations/20261010_broader_history_four_hour/worker/raw/b994a55552c50355e08c531d.bin.gz,93aaf930622fea6478431facf7bbafc56e01d333386498e5fb72d9903a3f9002,b2530eab54dec9f44dc91d4eb190b59b1bc9683b92015308e9af000e6454fd0a,8152600,3094600,,loaded_native_returns,5059,0,text/plain,8152600,"Mon, 28 Oct 2019 01:47:23 GMT",server_representation_metadata; not native message publication or verified edit time
b9f839857501ee15c56cbd20,mastodon_au,content,https://aus.social/api/v1/timelines/public?local=true&limit=40&max_id=116923405978648573,2026-10-10T08:06:34.488548+00:00,200,saved,work_packages/M1_source_access/27_newspaper_context_recovery_20261008/social_public_api/continuations/20261010_broader_history_four_hour/worker/raw/b9f839857501ee15c56cbd20.bin.gz,4c58d6656d25441b690e75a976258aefe756ae8b68288b0471436fc20f954bec,a670df6d07a453b450a44c73568d60f2b5c77e8410ba8e9cc1e6d654fdc51423,164406,28339,,loaded_native_returns,40,0,application/json; charset=utf-8,164406,,server_representation_metadata; not native message publication or verified edit time
ba28ec515b3e132305600119,lemmy_nz,content,https://lemmy.nz/api/v3/comment/list?type_=Local&sort=Old&limit=50&page=1&post_id=183965,2026-10-10T07:12:16.449781+00:00,200,saved,work_packages/M1_source_access/27_newspaper_context_recovery_20261008/social_public_api/continuations/20261010_broader_history_four_hour/worker/raw/ba28ec515b3e132305600119.bin.gz,838d019d525f549a23e64da91350040f616dc88df6b3d447629d50780f2fe56b,5cc45804f57bd42cdcc3951776e4feb144f274f3e0097855cde7053d0b0754b7,9344,1974,,loaded_native_returns,6,0,application/json,9344,,server_representation_metadata; not native message publication or verified edit time
ba663bde5bcc7a194648f2aa,straight_dope,content,https://boards.straightdope.com/t/1025298/posts.json?post_ids%5B%5D=25835171&post_ids%5B%5D=25835220&post_ids%5B%5D=25835325&post_ids%5B%5D=25835340&post_ids%5B%5D=25835766&post_ids%5B%5D=25835909&post_ids%5B%5D=25835912&post_ids%5B%5D=25835928&post_ids%5B%5D=25835931&post_ids%5B%5D=25835944&post_ids%5B%5D=25836014&post_ids%5B%5D=25836065&post_ids%5B%5D=25836118&post_ids%5B%5D=25836274&post_ids%5B%5D=25836385&post_ids%5B%5D=25836420&post_ids%5B%5D=25836451&post_ids%5B%5D=25836458&post_ids%5B%5D=25836460&post_ids%5B%5D=25836461,2026-10-10T06:54:42.762775+00:00,200,saved,work_packages/M1_source_access/27_newspaper_context_recovery_20261008/social_public_api/continuations/20261010_broader_history_four_hour/worker/raw/ba663bde5bcc7a194648f2aa.bin.gz,b98f9b809c9509dff4f98d1cf2f4b8a6efa447a8a2e2e6ca46240f095cd7948c,8f1431aec9bc0dfd9903760f8e00bd780e69db6178f68cbdde1cd761f35ccbe8,79192,17380,,loaded_native_returns,21,0,application/json; charset=utf-8,79192,,server_representation_metadata; not native message publication or verified edit time
ba7592f20a1c119da8a8fdfd,dowire_civic_archive,policy,https://www.mail-archive.com/faq.html,2026-10-10T06:17:37.681245+00:00,200,saved,work_packages/M1_source_access/27_newspaper_context_recovery_20261008/social_public_api/continuations/20261010_broader_history_four_hour/worker/raw/ba7592f20a1c119da8a8fdfd.bin.gz,3a9b11a4c521bb4c52f8e021485b1cdb6aa8ad08e535021c2aaeb1746bfcd1e4,2a78d19cbc8b08e487d60b73cc755ec6735e6a59973a40ca43c49a02113fc769,61505,19053,,noncontent_access_policy_or_frame_metadata,0,0,text/html,,"Sun, 02 Nov 2025 00:42:46 GMT",server_representation_metadata; not native message publication or verified edit time
bab6738210d3ae32258a7b82,lemmy_nz,content,https://lemmy.nz/api/v3/comment/list?type_=Local&sort=Old&limit=50&page=1&post_id=209131,2026-10-10T08:45:10.755238+00:00,200,saved,work_packages/M1_source_access/27_newspaper_context_recovery_20261008/social_public_api/continuations/20261010_broader_history_four_hour/worker/raw/bab6738210d3ae32258a7b82.bin.gz,109340af6abadd4743dd653ddab65037a9d4a35b15f9df7f99a15c3e955acc94,e0758c0b859121bc544e6a55041fee8644a8e70be2ed98a55b9dde3cbc125208,145796,10413,,loaded_native_returns,86,0,application/json,145796,,server_representation_metadata; not native message publication or verified edit time
baf0c74cb6c7f446d93b0e73,bluesky,content,https://public.api.bsky.app/xrpc/app.bsky.feed.getAuthorFeed?actor=did%3Aplc%3At5pur7eruxfgxy7ynpfrmg2w&limit=100&filter=posts_with_replies&includePins=false&cursor=2025-07-13T23%3A25%3A49.812Z,2026-10-10T08:47:25.247479+00:00,200,saved,work_packages/M1_source_access/27_newspaper_context_recovery_20261008/social_public_api/continuations/20261010_broader_history_four_hour/worker/raw/baf0c74cb6c7f446d93b0e73.bin.gz,c4b53b1443d3913acae7326470709bb44d7b0d378431a476ebe843f78ac14bcc,7f1bdf3aa2a39576b1c0efcfdcc116e20f52b1543f62028bd6c4e327dc57781c,558817,57119,,loaded_native_returns,100,0,application/json; charset=utf-8,558817,,server_representation_metadata; not native message publication or verified edit time
baf1ec4253b54b0cb8eac22f,thesession,content,https://thesession.org/discussions/8,2026-10-10T07:56:32.591089+00:00,200,saved,work_packages/M1_source_access/27_newspaper_context_recovery_20261008/social_public_api/continuations/20261010_broader_history_four_hour/worker/raw/baf1ec4253b54b0cb8eac22f.bin.gz,acaccca66f803221ed998f0de07f65a256e87e82115d3ec7d93df1f97a343fdf,7536592c772863b19c4d135a45ac961ae3f12874abe58340d4ac92018ac560cf,59470,14057,,loaded_native_returns,3,0,text/html; charset=utf-8,,,server_representation_metadata; not native message publication or verified edit time
bb1275c60ad9d2c95274c38f,thesession,policy,https://thesession.org/help,2026-10-10T07:28:07.086796+00:00,200,saved,work_packages/M1_source_access/27_newspaper_context_recovery_20261008/social_public_api/continuations/20261010_broader_history_four_hour/worker/raw/bb1275c60ad9d2c95274c38f.bin.gz,d4d3837312d788f8a4ca12a1e51d35e0df2045c1da79ca3642591b2141604a92,301cca6a8559009ba7d751b4945d1f0541d047ef659620504d0d863845a5189a,62866,14249,,noncontent_access_policy_or_frame_metadata,0,0,text/html; charset=utf-8,,,server_representation_metadata; not native message publication or verified edit time
bb1b378f4b9a17f486f08de4,dowire_tc_umn,content,https://www.mail-archive.com/do-wire%40tc.umn.edu/maillist.html,2026-10-10T06:22:11.600122+00:00,200,saved,work_packages/M1_source_access/27_newspaper_context_recovery_20261008/social_public_api/continuations/20261010_broader_history_four_hour/worker/raw/bb1b378f4b9a17f486f08de4.bin.gz,466306ffcbcf69232f57b7346b21fcc1a86ab7a5738b296e8f29369499b850d2,73a8b7dd1ba0395846f12c9144427025d6275b2fafe986c25bf1747f87747d7b,49589,10086,,loaded_native_returns,0,0,text/html; charset=UTF-8,,,server_representation_metadata; not native message publication or verified edit time
bb78cb4849ea50a55de1d7c4,python_discourse,content,https://discuss.python.org/t/429/posts.json?post_ids%5B%5D=2054&post_ids%5B%5D=2056&post_ids%5B%5D=2062&post_ids%5B%5D=2094&post_ids%5B%5D=2095&post_ids%5B%5D=2096,2026-10-10T06:07:46.449610+00:00,200,saved,work_packages/M1_source_access/27_newspaper_context_recovery_20261008/social_public_api/continuations/20261010_broader_history_four_hour/worker/raw/bb78cb4849ea50a55de1d7c4.bin.gz,6380d6da62e628d34d5d66a6368823247b52ba262212f07b9d192073d5a1cc5c,a5391e0bbdcf2e655865203e9461ea40bcc483f60079475694e2f623750e14f6,16550,3808,,loaded_native_returns,7,0,application/json; charset=utf-8,16550,,server_representation_metadata; not native message publication or verified edit time
bb7c58e611ec01758320b20c,mastodon_uk,content,https://mastodon.me.uk/api/v1/timelines/public?local=true&limit=40&max_id=116261546000856471,2026-10-10T06:08:49.908402+00:00,200,saved,work_packages/M1_source_access/27_newspaper_context_recovery_20261008/social_public_api/continuations/20261010_broader_history_four_hour/worker/raw/bb7c58e611ec01758320b20c.bin.gz,e425dc379c9121c8513c238d0dfcc66081324a1a2c3ab3efc1f55f7c2db5f49e,bc1cbc203fcc5c4d2e052e8afd6911c38e55a914566e252f6d1b01da191a7e2b,136224,18605,,loaded_native_returns,40,0,application/json; charset=utf-8,136224,,server_representation_metadata; not native message publication or verified edit time
bba0de8cbd761d800e6d3dd6,python_list_archive,content,https://mail.python.org/pipermail/python-list/2010-November.txt,2026-10-10T08:44:38.532010+00:00,200,saved,work_packages/M1_source_access/27_newspaper_context_recovery_20261008/social_public_api/continuations/20261010_broader_history_four_hour/worker/raw/bba0de8cbd761d800e6d3dd6.bin.gz,0900d89ba566afcc5f91d838dabd20a9285f9dc60c9d073edf42d7486d59666c,b5a705835f87caf3ab30256e6d948fcbf10f11f4954f89b7bf8131e15203a561,7737945,2069337,,loaded_native_returns,4756,0,text/plain,7737945,"Mon, 28 Oct 2019 10:08:38 GMT",server_representation_metadata; not native message publication or verified edit time
bc158355c586f97a079778c3,mastodon_au,content,https://aus.social/api/v1/timelines/public?local=true&limit=40&max_id=116917535213305450,2026-10-10T08:26:32.111741+00:00,200,saved,work_packages/M1_source_access/27_newspaper_context_recovery_20261008/social_public_api/continuations/20261010_broader_history_four_hour/worker/raw/bc158355c586f97a079778c3.bin.gz,653585c093984a4aa29cac04cd43adcf5792971261ef7c94e9c3c1e3d0e833e3,5bf1cfe5f49b694ee72d99261c5087f267e39e9eb6ef4f1173a2065d9ed56c9f,160094,28516,,loaded_native_returns,40,0,application/json; charset=utf-8,160094,,server_representation_metadata; not native message publication or verified edit time
bc21f489fc71e3788d9dcce7,python_discourse,content,https://discuss.python.org/t/582.json,2026-10-10T07:44:28.740583+00:00,200,saved,work_packages/M1_source_access/27_newspaper_context_recovery_20261008/social_public_api/continuations/20261010_broader_history_four_hour/worker/raw/bc21f489fc71e3788d9dcce7.bin.gz,c97db338921b12071138e122101a9f83ef700d995b533b74cf0980bc2dec739f,e9867a0dae8d1b885b4f008ba2d33c298f27bddbb9e535f85c1649e95847b1bd,18748,4454,,loaded_native_returns,6,0,application/json; charset=utf-8,18748,,server_representation_metadata; not native message publication or verified edit time
bc27fe2e345befd3fd6b11a6,mastodon_us,content,https://sfba.social/api/v1/timelines/public?local=true&limit=40&max_id=116915954789430517,2026-10-10T07:02:15.984254+00:00,200,saved,work_packages/M1_source_access/27_newspaper_context_recovery_20261008/social_public_api/continuations/20261010_broader_history_four_hour/worker/raw/bc27fe2e345befd3fd6b11a6.bin.gz,118732ff25c4f7b5a18be297bdfe1a98377b8c16f00482a9c7d6a0cc3815f776,9f80930947707c2e7c53f40c4e7a558a04a753c5fa255452ee09ab9349e380a0,143698,22923,,loaded_native_returns,40,0,application/json; charset=utf-8,143698,,server_representation_metadata; not native message publication or verified edit time
bc38b587ad774ca23b882651,python_list_archive,content,https://mail.python.org/pipermail/python-list/2004-August.txt,2026-10-10T06:06:42.025231+00:00,200,saved,work_packages/M1_source_access/27_newspaper_context_recovery_20261008/social_public_api/continuations/20261010_broader_history_four_hour/worker/raw/bc38b587ad774ca23b882651.bin.gz,b25c938e48bfa987f9fc2140482cd1248f9f96eb58054dc2499b823e6ac53919,84a7cbfea1d634d675dd0f53006db056736fa0b181272360ec70f3697b9bcef4,9298993,3610268,,loaded_native_returns,6236,0,text/plain,9298993,"Sun, 27 Oct 2019 22:26:20 GMT",server_representation_metadata; not native message publication or verified edit time
bc3d0b2b9317dce41ac1b327,python_discourse,content,https://discuss.python.org/t/727.json,2026-10-10T09:41:24.751328+00:00,200,saved,work_packages/M1_source_access/27_newspaper_context_recovery_20261008/social_public_api/continuations/20261010_broader_history_four_hour/worker/raw/bc3d0b2b9317dce41ac1b327.bin.gz,235e80b0f407e1a53e0f8b8d8745f031548e24f05f8039f8bf13ff76a7b9d5cf,a22f6ecf4079fc0f963496ff0f8b2e177f7ce101da762fb3ba921c60355eb132,11357,2761,,loaded_native_returns,3,0,application/json; charset=utf-8,11357,,server_representation_metadata; not native message publication or verified edit time
bc58db386a9b7da810d32d36,lemmy_nz,content,https://lemmy.nz/api/v3/comment/list?type_=Local&sort=Old&limit=50&page=2&post_id=185762,2026-10-10T07:32:16.850841+00:00,200,saved,work_packages/M1_source_access/27_newspaper_context_recovery_20261008/social_public_api/continuations/20261010_broader_history_four_hour/worker/raw/bc58db386a9b7da810d32d36.bin.gz,9efdb10c81eaf55dc95e4320d1f02441576a405fb0551d5b8f1905bc0728f854,4fa14da49dc015f30581863a05d74d4091152f4549146526e99de651d5809edf,15,35,,loaded_native_returns,0,0,application/json,15,,server_representation_metadata; not native message publication or verified edit time
bc7c7aab55abb00bf642e543,mastodon_uk,content,https://mastodon.me.uk/api/v1/timelines/public?local=true&limit=40&max_id=116164198593890156,2026-10-10T08:06:28.819760+00:00,200,saved,work_packages/M1_source_access/27_newspaper_context_recovery_20261008/social_public_api/continuations/20261010_broader_history_four_hour/worker/raw/bc7c7aab55abb00bf642e543.bin.gz,f947f4fd2f2a9e4734ecb3005e354696380143fd2388c441bc6407120bc91c1f,8b384eda79be536ac89c0bb9e19dd5e293629810a81ffc200df5ba2083d73fd3,125373,15630,,loaded_native_returns,40,0,application/json; charset=utf-8,125373,,server_representation_metadata; not native message publication or verified edit time
bc80edcd1088bdb20015a3c5,mastodon_us,content,https://sfba.social/api/v1/timelines/public?local=true&limit=40&max_id=116921714503681178,2026-10-10T06:40:25.393413+00:00,200,saved,work_packages/M1_source_access/27_newspaper_context_recovery_20261008/social_public_api/continuations/20261010_broader_history_four_hour/worker/raw/bc80edcd1088bdb20015a3c5.bin.gz,c3928bc439ad1423177379b155fecd9461e225387a3af4e11e2dcc8c22bd83c6,4be54e425a77f0fb554710aeb7010b900d0802df304a4ff8ac5429963a666f3a,143731,22953,,loaded_native_returns,40,0,application/json; charset=utf-8,143731,,server_representation_metadata; not native message publication or verified edit time
bd31c8374e83bb890c160358,osm_discourse,content,https://community.openstreetmap.org/t/32460.json,2026-10-10T08:25:19.704277+00:00,200,saved,work_packages/M1_source_access/27_newspaper_context_recovery_20261008/social_public_api/continuations/20261010_broader_history_four_hour/worker/raw/bd31c8374e83bb890c160358.bin.gz,20518f5071d84c843a38717c682a189076dd25f8f571c40d489c743cd5d1638e,72c43faab719c4866d01c4c38a214f1ccecd97b1704c0b229048cf5a612495f7,18464,3874,,loaded_native_returns,5,0,application/json; charset=utf-8,18464,,server_representation_metadata; not native message publication or verified edit time
bd47800b93da62ff37be6215,hackernews,content,https://hacker-news.firebaseio.com/v0/item/183.json,2026-10-10T08:13:29.703442+00:00,200,saved,work_packages/M1_source_access/27_newspaper_context_recovery_20261008/social_public_api/continuations/20261010_broader_history_four_hour/worker/raw/bd47800b93da62ff37be6215.bin.gz,fc779d51d59af96dc9e2e80edafd3cf4c244a37a09c7b756fbce8b7bcc352153,6879cf4d28a600ab466d66c4c092b7982d80178d259ea8c4b89a289915c7ac50,162,149,,loaded_native_returns,1,0,application/json; charset=utf-8,162,,server_representation_metadata; not native message publication or verified edit time
bd6156b411ee9aca83fe339d,python_discourse,content,https://discuss.python.org/t/628.json,2026-10-10T08:17:16.644980+00:00,200,saved,work_packages/M1_source_access/27_newspaper_context_recovery_20261008/social_public_api/continuations/20261010_broader_history_four_hour/worker/raw/bd6156b411ee9aca83fe339d.bin.gz,a9ca8a965133c15fb30a8a844988edc825fab6aedaf881e2a4e8c88f8a114396,f28782c6cafaa7b501fbd8d66b2465c07b2951c08f0262d5648d35c6c1ad0358,17127,3253,,loaded_native_returns,6,0,application/json; charset=utf-8,17127,,server_representation_metadata; not native message publication or verified edit time
bd64c6b24b3dcf5e2e0ac374,python_list_archive,content,https://mail.python.org/pipermail/python-list/2009-November.txt,2026-10-10T08:21:49.213322+00:00,200,saved,work_packages/M1_source_access/27_newspaper_context_recovery_20261008/social_public_api/continuations/20261010_broader_history_four_hour/worker/raw/bd64c6b24b3dcf5e2e0ac374.bin.gz,8d20fa3fd09ae933735767dd6e7f6c45bc335a9c3eaf5483159190fef675c9a0,983f9e376b8931b61daf12b8111376799f5e62ae8ee00789a15bfc51c5d9c034,11824597,3294413,,loaded_native_returns,6786,0,text/plain,11824597,"Mon, 28 Oct 2019 10:02:01 GMT",server_representation_metadata; not native message publication or verified edit time
bd73b3b4c4aac10fe04c9aab,bluesky,content,https://public.api.bsky.app/xrpc/app.bsky.feed.getAuthorFeed?actor=did%3Aplc%3At5pur7eruxfgxy7ynpfrmg2w&limit=100&filter=posts_with_replies&includePins=false&cursor=2025-08-05T09%3A36%3A42.245Z,2026-10-10T06:15:24.054100+00:00,200,saved,work_packages/M1_source_access/27_newspaper_context_recovery_20261008/social_public_api/continuations/20261010_broader_history_four_hour/worker/raw/bd73b3b4c4aac10fe04c9aab.bin.gz,b2d0d0759d90d76224c02db38c6b0768c2887bd3b909080ca5e77c45698c9dab,76fc2f41c26ee6cb6c59e0c6d98fbcfd4f25c3bc0429dbd5bc8fc99f48d2837e,509767,52677,,loaded_native_returns,100,0,application/json; charset=utf-8,509767,,server_representation_metadata; not native message publication or verified edit time
bdc058ca5b085a9ff753d4d1,mastodon_uk,content,https://mastodon.me.uk/api/v1/timelines/public?local=true&limit=40&max_id=116263031103538910,2026-10-10T06:07:23.280391+00:00,200,saved,work_packages/M1_source_access/27_newspaper_context_recovery_20261008/social_public_api/continuations/20261010_broader_history_four_hour/worker/raw/bdc058ca5b085a9ff753d4d1.bin.gz,6efb45fcd96d7ae09cd661eb1b7e2a7218cb52e10b73985a348a2924fad14d33,70963a4dec481108230369e64e51e5024325598216b019de6f5b2b978eafb278,147505,21236,,loaded_native_returns,40,0,application/json; charset=utf-8,147505,,server_representation_metadata; not native message publication or verified edit time
bf03982a1edd35fb582caf3d,mastodon_us,content,https://sfba.social/api/v1/timelines/public?local=true&limit=40&max_id=116879937789345101,2026-10-10T08:52:24.226402+00:00,200,saved,work_packages/M1_source_access/27_newspaper_context_recovery_20261008/social_public_api/continuations/20261010_broader_history_four_hour/worker/raw/bf03982a1edd35fb582caf3d.bin.gz,162592b5695497936b8f82b194510d1c64db7df1209bdeb37db90a182209750b,2fa3f9308ce4d2d8a9500795c941039f8d6ce090b25689dd0a7d7ed2df180aba,151934,25787,,loaded_native_returns,40,0,application/json; charset=utf-8,151934,,server_representation_metadata; not native message publication or verified edit time
bf06fc921ce8f80866bf0392,mastodon_uk,content,https://mastodon.me.uk/api/v1/timelines/public?local=true&limit=40&max_id=116210899555125296,2026-10-10T07:10:38.484033+00:00,200,saved,work_packages/M1_source_access/27_newspaper_context_recovery_20261008/social_public_api/continuations/20261010_broader_history_four_hour/worker/raw/bf06fc921ce8f80866bf0392.bin.gz,8c7d813dbb9c8e2b09db6bd561e0d0461054ac326923e48b260db4673e86a6e5,2c392076274ea02e03e354ec5e8cd993f4f3b89682506a0e558650a67c4d6405,139688,23082,,loaded_native_returns,40,0,application/json; charset=utf-8,139688,,server_representation_metadata; not native message publication or verified edit time
bf6a89549e23bc18b6abeee5,straight_dope,content,https://boards.straightdope.com/t/712149.json,2026-10-10T08:13:16.348659+00:00,200,saved,work_packages/M1_source_access/27_newspaper_context_recovery_20261008/social_public_api/continuations/20261010_broader_history_four_hour/worker/raw/bf6a89549e23bc18b6abeee5.bin.gz,9d300a2ec47144705569d040a07f33cc48ce174b54bed10f2f1443f2c71b16c7,d2f69d2cacc337b4af99bab8fd90f21fc6da8dbae60490dc2970e5f6e67a1e95,122310,35006,,loaded_native_returns,21,0,application/json; charset=utf-8,122310,,server_representation_metadata; not native message publication or verified edit time
bfb8da199d417a32070c5285,w3_wwwtalk,content,https://lists.w3.org/Archives/Public/www-talk/1992MayJun/0035.html,2026-10-10T06:19:35.561588+00:00,200,saved,work_packages/M1_source_access/27_newspaper_context_recovery_20261008/social_public_api/continuations/20261010_broader_history_four_hour/worker/raw/bfb8da199d417a32070c5285.bin.gz,3ec07bbb848fc419f5ba5889f39e61888c51f6916ad158e3131ed329fdce5679,158f59c1b2511ee899d7663d9201f2433a10c36c79a9ab7b7aa12c7ccc4b8d0c,4374,1754,,loaded_native_returns,1,0,text/html,,"Mon, 04 Aug 2003 15:50:20 GMT",server_representation_metadata; not native message publication or verified edit time
c00fd9508d97f445a72882cf,dowire_newswire,content,https://www.mail-archive.com/newswire%40groups.dowire.org/mail4.html,2026-10-10T06:28:16.389815+00:00,200,saved,work_packages/M1_source_access/27_newspaper_context_recovery_20261008/social_public_api/continuations/20261010_broader_history_four_hour/worker/raw/c00fd9508d97f445a72882cf.bin.gz,e906864f5a8cd31424056a528e0d62c05a49553c01dfeefc181605ba4361a452,4faa69adebf2c97616406da0d65cf48f204b1d4ff97159c711682d6abaae3572,50840,10679,,loaded_native_returns,0,0,text/html; charset=UTF-8,,,server_representation_metadata; not native message publication or verified edit time
c022f85a696b3e9fe0a793b3,hackernews,content,https://hacker-news.firebaseio.com/v0/item/127.json,2026-10-10T06:15:53.554397+00:00,200,saved,work_packages/M1_source_access/27_newspaper_context_recovery_20261008/social_public_api/continuations/20261010_broader_history_four_hour/worker/raw/c022f85a696b3e9fe0a793b3.bin.gz,c5f1d031f24708c8b4da40ebb770e96ea097d0a5a487c1cb8fc38c85c660b7dc,b15f759466851cb44691e72cd8768f322bf154fed7c45312283b7553ac9235d2,337,264,,loaded_native_returns,1,0,application/json; charset=utf-8,337,,server_representation_metadata; not native message publication or verified edit time
c065a0a723d254189eb72eb7,ilxor,content,https://www.ilxor.com/ILX/ThreadSelectedControllerServlet?action=showall&boardid=40&threadid=258,2026-10-10T09:22:47.858101+00:00,200,saved,work_packages/M1_source_access/27_newspaper_context_recovery_20261008/social_public_api/continuations/20261010_broader_history_four_hour/worker/raw/c065a0a723d254189eb72eb7.bin.gz,1a40670e0b419906cd43b4f9ce10ec8cf54375e0181c4cd5f8f9f6a33d20a5d2,98ca3206f6477ca5d1f91c69d1523efc64fefca8111c3388f51e25595031e67c,534600,100898,,loaded_native_returns,886,0,text/html;charset=UTF-8,,,server_representation_metadata; not native message publication or verified edit time
c0ab27476db318f02889560d,mastodon_us,content,https://sfba.social/api/v1/timelines/public?local=true&limit=40&max_id=116904780386777145,2026-10-10T07:34:41.933429+00:00,200,saved,work_packages/M1_source_access/27_newspaper_context_recovery_20261008/social_public_api/continuations/20261010_broader_history_four_hour/worker/raw/c0ab27476db318f02889560d.bin.gz,8e774b548eae137e426017abcc92a06f49ee2891e09d9cb178f6c51cb0f20969,781841bf5b3a5e36f047f5ab4e46e8ee4f084ffc68e369a79dd52736ae5099d5,156954,22270,,loaded_native_returns,40,0,application/json; charset=utf-8,156954,,server_representation_metadata; not native message publication or verified edit time
c1811d861b98bea9a8650c6f,mastodon_au,content,https://aus.social/api/v1/timelines/public?local=true&limit=40&max_id=116952245670171097,2026-10-10T06:28:44.634528+00:00,200,saved,work_packages/M1_source_access/27_newspaper_context_recovery_20261008/social_public_api/continuations/20261010_broader_history_four_hour/worker/raw/c1811d861b98bea9a8650c6f.bin.gz,6b1a2d8b794e5f604e2e81d2ebad89b6b5508a3033c8d7ee96d23f946d100deb,f2732f44ec4e8dddc5e860e57621b46499c749231892bb47ae30b24a118494f5,152501,28248,,loaded_native_returns,40,0,application/json; charset=utf-8,152501,,server_representation_metadata; not native message publication or verified edit time
c2727bc702830c9db9c77d94,bluesky,content,https://public.api.bsky.app/xrpc/app.bsky.feed.getAuthorFeed?actor=did%3Aplc%3Aragtjsm2j2vknwkz3zp4oxrd&limit=100&filter=posts_with_replies&includePins=false&cursor=2023-09-11T22%3A42%3A20.123Z,2026-10-10T08:38:10.981584+00:00,200,saved,work_packages/M1_source_access/27_newspaper_context_recovery_20261008/social_public_api/continuations/20261010_broader_history_four_hour/worker/raw/c2727bc702830c9db9c77d94.bin.gz,5376afb3b55cc56b0fe7ebff794b1083761a2d2ebbe48cdfdf6e656b96f05711,9e1b5aad97457bdf00520551555be7ee7ea866a374af2ee1a3980bd3a16a6f5a,407183,37739,,loaded_native_returns,111,0,application/json; charset=utf-8,407183,,server_representation_metadata; not native message publication or verified edit time
c280ecaedde23b3a1828e390,lemmy_nz,content,https://lemmy.nz/api/v3/comment/list?type_=Local&sort=Old&limit=50&page=1&post_id=170745,2026-10-10T06:05:35.649774+00:00,200,saved,work_packages/M1_source_access/27_newspaper_context_recovery_20261008/social_public_api/continuations/20261010_broader_history_four_hour/worker/raw/c280ecaedde23b3a1828e390.bin.gz,31cf43c91be84ab99a65572119a6f167fe6c4e4c30b39d5c34bd77d0c92cb272,ca5f6bcefdc0a1936b4222b26431f7f33e252cbe441329183357d5a8942b81e6,7044,1955,,loaded_native_returns,4,0,application/json,7044,,server_representation_metadata; not native message publication or verified edit time
c285404a33476460b65bfed9,tildes,content,https://tildes.net/~tildes/174c/introducing_surfboard_for_tildes,2026-10-10T07:08:51.950484+00:00,200,saved,work_packages/M1_source_access/27_newspaper_context_recovery_20261008/social_public_api/continuations/20261010_broader_history_four_hour/worker/raw/c285404a33476460b65bfed9.bin.gz,d55bd6c46b7278b9defbdb0bd98029eba226502d78f33fbdfdea1d6ca64288de,b98384d0e16f2da2b3a88dd51aace64eff958c0975ba863bb085fb1cb73e34d2,810911,86445,,loaded_native_returns,406,0,text/html; charset=UTF-8,810911,,server_representation_metadata; not native message publication or verified edit time
c2876c28d95d3f6b81203fd8,w3_wwwtalk,content,https://lists.w3.org/Archives/Public/www-talk/1992MayJun/0028.html,2026-10-10T06:06:04.300429+00:00,200,saved,work_packages/M1_source_access/27_newspaper_context_recovery_20261008/social_public_api/continuations/20261010_broader_history_four_hour/worker/raw/c2876c28d95d3f6b81203fd8.bin.gz,cf1a46a9595a88d36f0751525448fce6cb9ee137e0d0d69f287a1b6f97ff552c,b0d95c0657bd9d78f9bc85621f1b291a4fe6bae4a08ea4f15f9d64de0c4f3ea4,4339,1752,,loaded_native_returns,1,0,text/html,,"Mon, 04 Aug 2003 15:50:20 GMT",server_representation_metadata; not native message publication or verified edit time
c2a536957103390dcee2ee6f,hackernews,content,https://hacker-news.firebaseio.com/v0/item/190.json,2026-10-10T08:27:24.787797+00:00,200,saved,work_packages/M1_source_access/27_newspaper_context_recovery_20261008/social_public_api/continuations/20261010_broader_history_four_hour/worker/raw/c2a536957103390dcee2ee6f.bin.gz,adf107487d905f7b39a1e1be732d09d0be1a0e897b1d7638efda5dbca078da7c,1bc82309f039be1bcc78346fb755c8952d6f176418e36a42b7123b4437e276f0,197,178,,loaded_native_returns,1,0,application/json; charset=utf-8,197,,server_representation_metadata; not native message publication or verified edit time
c2beb8636954915e85249b97,hackernews,content,https://hacker-news.firebaseio.com/v0/item/187.json,2026-10-10T08:21:36.790771+00:00,200,saved,work_packages/M1_source_access/27_newspaper_context_recovery_20261008/social_public_api/continuations/20261010_broader_history_four_hour/worker/raw/c2beb8636954915e85249b97.bin.gz,39efa85bec30c4efddecc9eee8f779d744552d64a36a9ecc2de627d1430674b3,974c4405fd6134e813d1bb6c5f74e6d429628cd0cc47c31b4340b1a87015abb2,193,169,,loaded_native_returns,1,0,application/json; charset=utf-8,193,,server_representation_metadata; not native message publication or verified edit time
c2f86b0d582084a3af93d14d,lemmy_nz,content,https://lemmy.nz/api/v3/comment/list?type_=Local&sort=Old&limit=50&page=2&post_id=200065,2026-10-10T08:14:31.389853+00:00,200,saved,work_packages/M1_source_access/27_newspaper_context_recovery_20261008/social_public_api/continuations/20261010_broader_history_four_hour/worker/raw/c2f86b0d582084a3af93d14d.bin.gz,9efdb10c81eaf55dc95e4320d1f02441576a405fb0551d5b8f1905bc0728f854,4fa14da49dc015f30581863a05d74d4091152f4549146526e99de651d5809edf,15,35,,loaded_native_returns,0,0,application/json,15,,server_representation_metadata; not native message publication or verified edit time
c31f8d859633a907cba2a00a,urban75,policy,https://www.urban75.net/forums/robots.txt,,404,http_stop,,,,,,,transport_stop_no_raw_payload,0,0,,,,server_representation_metadata; not native message publication or verified edit time
c374e22dacabcbe6398af79b,hackernews,content,https://hacker-news.firebaseio.com/v0/item/166.json,2026-10-10T07:38:31.630860+00:00,200,saved,work_packages/M1_source_access/27_newspaper_context_recovery_20261008/social_public_api/continuations/20261010_broader_history_four_hour/worker/raw/c374e22dacabcbe6398af79b.bin.gz,e75a7a082320d483c2522886a05e9c81f5639ac9184cb15ab92c009f5bcc8d2b,a4d079c0d4205ac291f1b2aafeb962ba2502777dc5d5e920002aa1f0964f2333,420,297,,loaded_native_returns,1,0,application/json; charset=utf-8,420,,server_representation_metadata; not native message publication or verified edit time
c37bd64aca7980d01840f2a4,bluesky,content,https://public.api.bsky.app/xrpc/app.bsky.feed.getAuthorFeed?actor=did%3Aplc%3At5pur7eruxfgxy7ynpfrmg2w&limit=100&filter=posts_with_replies&includePins=false&cursor=2025-07-12T18%3A22%3A04.505Z,2026-10-10T09:37:00.409237+00:00,200,saved,work_packages/M1_source_access/27_newspaper_context_recovery_20261008/social_public_api/continuations/20261010_broader_history_four_hour/worker/raw/c37bd64aca7980d01840f2a4.bin.gz,dfa04a244cda1ee1ec89af7220e232f2b7e0fa2b987297e51270d89dd756c92e,482b60350a2799af1b583d32f43395442fe2ee5028f1054a2e956b883574471c,563714,58329,,loaded_native_returns,100,0,application/json; charset=utf-8,563714,,server_representation_metadata; not native message publication or verified edit time
c3b8137d2584bc51ef1c7fbc,mpls_mnforum_archive,content,https://www.mail-archive.com/mpls@mnforum.org/msg00000.html,2026-10-10T06:50:04.211789+00:00,200,saved,work_packages/M1_source_access/27_newspaper_context_recovery_20261008/social_public_api/continuations/20261010_broader_history_four_hour/worker/raw/c3b8137d2584bc51ef1c7fbc.bin.gz,214ad94d20d8e8f2c0d2818de34ff0f506015464e6c948b325ae3010bf5b6d93,5bf032c6feef6126c5ce3f3810cbe50c7dc88071b41745f47ea26298e473f71d,10548,4176,,loaded_native_returns,1,0,text/html; charset=utf-8,,,server_representation_metadata; not native message publication or verified edit time
c474e9ea8a3dac977bdc8532,hackernews,content,https://hacker-news.firebaseio.com/v0/item/200.json,2026-10-10T08:46:18.329096+00:00,200,saved,work_packages/M1_source_access/27_newspaper_context_recovery_20261008/social_public_api/continuations/20261010_broader_history_four_hour/worker/raw/c474e9ea8a3dac977bdc8532.bin.gz,4f50b2a2482a02272eb2e3aeb32f3153b349970f6c0a33f6fcef42f9ac34b239,3bd006c40d6160228495d2836a292cc37e86bdac4e16938b6e9ecb23070698d2,221,192,,loaded_native_returns,1,0,application/json; charset=utf-8,221,,server_representation_metadata; not native message publication or verified edit time
c49f0e9bae2d1affc6551fb7,mastodon_au,content,https://aus.social/api/v1/timelines/public?local=true&limit=40&max_id=116905901354537699,2026-10-10T09:29:23.676311+00:00,200,saved,work_packages/M1_source_access/27_newspaper_context_recovery_20261008/social_public_api/continuations/20261010_broader_history_four_hour/worker/raw/c49f0e9bae2d1affc6551fb7.bin.gz,79fca5e7ca3694477069e0e6fe22a56947bfcf2bbcde45cf9bd703c313418bd8,c71db192cf6e50e9f21a74daee832d2ef6a08021d97b0cc1c2d36440ab4fff29,156348,26907,,loaded_native_returns,40,0,application/json; charset=utf-8,156348,,server_representation_metadata; not native message publication or verified edit time
c4b2aa6fbac8fec31918ce93,tildes,content,https://tildes.net/~tech/16p3/reddit_communities_are_switching_to_nsfw_to_create_some_friction_and_rob_reddit_of_ad_revenue,2026-10-10T08:45:05.076894+00:00,200,saved,work_packages/M1_source_access/27_newspaper_context_recovery_20261008/social_public_api/continuations/20261010_broader_history_four_hour/worker/raw/c4b2aa6fbac8fec31918ce93.bin.gz,8dfd574a8a3aaca295a1af4d566f0e41d7d20852ec4ba274f37d7338306a7ed3,22ad2328e0fa9d3ee6d3b253c81a6cf8a12393477546e9a7e44f1b3e528b365e,257886,31220,,loaded_native_returns,118,0,text/html; charset=UTF-8,257886,,server_representation_metadata; not native message publication or verified edit time
c4e807a1d0dbe9f4afe490cd,lemmy_nz,content,https://lemmy.nz/api/v3/comment/list?type_=Local&sort=Old&limit=50&page=1&post_id=185520,2026-10-10T07:24:50.230576+00:00,200,saved,work_packages/M1_source_access/27_newspaper_context_recovery_20261008/social_public_api/continuations/20261010_broader_history_four_hour/worker/raw/c4e807a1d0dbe9f4afe490cd.bin.gz,9efdb10c81eaf55dc95e4320d1f02441576a405fb0551d5b8f1905bc0728f854,4fa14da49dc015f30581863a05d74d4091152f4549146526e99de651d5809edf,15,35,,loaded_native_returns,0,0,application/json,15,,server_representation_metadata; not native message publication or verified edit time
c4f664f694d607065ead688f,e_democracy,source_metadata,https://blog.e-democracy.org/,,,transport_stop,,,,,,,transport_stop_no_raw_payload,0,0,,,,server_representation_metadata; not native message publication or verified edit time
c50ec5556db80d414d37fb7d,tildes,policy,https://docs.tildes.net/policies/terms-of-use,2026-10-10T05:56:51.008184+00:00,200,saved,work_packages/M1_source_access/27_newspaper_context_recovery_20261008/social_public_api/continuations/20261010_broader_history_four_hour/worker/raw/c50ec5556db80d414d37fb7d.bin.gz,7aa297c2bdcfee7e8e4a6eba59539e45f68e9c55d8f021f551756d204deb2a3d,0522704c4bcbc47608303c09df009716b6a72d83690a18feddd0c08ef884e230,12351,3797,,noncontent_access_policy_or_frame_metadata,0,0,text/html,12351,"Mon, 28 Jun 2021 04:24:26 GMT",server_representation_metadata; not native message publication or verified edit time
c53ad3a973725d0ad2c1eae2,thesession,content,https://thesession.org/discussions/15,2026-10-10T08:11:01.369089+00:00,200,saved,work_packages/M1_source_access/27_newspaper_context_recovery_20261008/social_public_api/continuations/20261010_broader_history_four_hour/worker/raw/c53ad3a973725d0ad2c1eae2.bin.gz,48799bc348b4fec0e16294c85115f4f8ef2714d931766838cf5f82fae07bdf7d,0df79f36b411b06c9df4a61b72df87273ae67129228b9edc49ffe33dc930cf9d,59743,13900,,loaded_native_returns,4,0,text/html; charset=utf-8,,,server_representation_metadata; not native message publication or verified edit time
c557d907ebb7f3a8ef086257,lemmy_nz,content,https://lemmy.nz/api/v3/comment/list?type_=Local&sort=Old&limit=50&page=1&post_id=201091,2026-10-10T08:24:19.544238+00:00,200,saved,work_packages/M1_source_access/27_newspaper_context_recovery_20261008/social_public_api/continuations/20261010_broader_history_four_hour/worker/raw/c557d907ebb7f3a8ef086257.bin.gz,1ef88fbe4161e2817ad9ce6e974ae64c8b2ae5e13548e48240a83c6a097695af,4aeddb325c30520361cc570f41d051afa3e176c78cee2d908441bd12811f8623,3257,1481,,loaded_native_returns,2,0,application/json,3257,,server_representation_metadata; not native message publication or verified edit time
c5703cbc8b910a30ad0cfb16,lemmy_nz,content,https://lemmy.nz/api/v3/comment/list?type_=Local&sort=Old&limit=50&page=1&post_id=170891,2026-10-10T06:08:42.193665+00:00,200,saved,work_packages/M1_source_access/27_newspaper_context_recovery_20261008/social_public_api/continuations/20261010_broader_history_four_hour/worker/raw/c5703cbc8b910a30ad0cfb16.bin.gz,a70a66214adf301532da62ff3b7a4d6a36c95439143ba6d2678b900ea5ef002f,38802248ec796584ccdc4d0320adf6f153071d8ed860694c6ab9acccafc352d9,40639,4444,,loaded_native_returns,28,0,application/json,40639,,server_representation_metadata; not native message publication or verified edit time
c5e5c027fd20f15324c5f469,python_discourse,content,https://discuss.python.org/t/438.json,2026-10-10T06:27:13.943131+00:00,200,saved,work_packages/M1_source_access/27_newspaper_context_recovery_20261008/social_public_api/continuations/20261010_broader_history_four_hour/worker/raw/c5e5c027fd20f15324c5f469.bin.gz,d0c0e771a56afe79b72f343c50833a83387c20f154541a5b5cd4fefa9ea8b353,54d089f370715215d421ab6e3fa0ffa136899dc6a33980905c38eb233756dd54,20560,3398,,loaded_native_returns,9,0,application/json; charset=utf-8,20560,,server_representation_metadata; not native message publication or verified edit time
c5e6b1088ac5cef494a61d03,hackernews,content,https://hacker-news.firebaseio.com/v0/item/203.json,2026-10-10T08:51:40.668576+00:00,200,saved,work_packages/M1_source_access/27_newspaper_context_recovery_20261008/social_public_api/continuations/20261010_broader_history_four_hour/worker/raw/c5e6b1088ac5cef494a61d03.bin.gz,fa2b061fe990f72b8c6402958fbdd55eb6eafc8dfbfdaa5551d33cdb07a71a86,5e663786b9ee383af541da4edfbf9493cf59bcfc54987136f13e1fef8b662d32,255,224,,loaded_native_returns,1,0,application/json; charset=utf-8,255,,server_representation_metadata; not native message publication or verified edit time
c5f932241cdb64eb43dc022a,bluesky,content,https://public.api.bsky.app/xrpc/app.bsky.feed.getAuthorFeed?actor=did%3Aplc%3At5pur7eruxfgxy7ynpfrmg2w&limit=100&filter=posts_with_replies&includePins=false&cursor=2025-07-16T00%3A02%3A09.336Z,2026-10-10T07:44:13.703094+00:00,200,saved,work_packages/M1_source_access/27_newspaper_context_recovery_20261008/social_public_api/continuations/20261010_broader_history_four_hour/worker/raw/c5f932241cdb64eb43dc022a.bin.gz,0cb7d840eb7b4615fa75c24a869df497ccc2bd44e666da2191c09b350e72ccb6,4f14ca25b200af3e696c192b67abe330ba0eb92c5aff2e527db82734ad5d192f,554254,55147,,loaded_native_returns,100,0,application/json; charset=utf-8,554254,,server_representation_metadata; not native message publication or verified edit time
c601fac96f256412dfbef669,hackernews,content,https://hacker-news.firebaseio.com/v0/item/186.json,2026-10-10T08:19:31.772056+00:00,200,saved,work_packages/M1_source_access/27_newspaper_context_recovery_20261008/social_public_api/continuations/20261010_broader_history_four_hour/worker/raw/c601fac96f256412dfbef669.bin.gz,84f7637e03c512a6f4d039daed4225eb2fd0f51d17806e9ecc85bf6a6fa86e6a,1f87a4174b2d98c55074340246f20b8d7fd1e3cd06baf7c99eb31e5801436956,202,183,,loaded_native_returns,1,0,application/json; charset=utf-8,202,,server_representation_metadata; not native message publication or verified edit time
c60ab5eff7e37f31fd0dd686,tildes,content,https://tildes.net/~tildes/16r0/some_general_advice_for_all_the_new_tildes_users,2026-10-10T07:01:48.424925+00:00,200,saved,work_packages/M1_source_access/27_newspaper_context_recovery_20261008/social_public_api/continuations/20261010_broader_history_four_hour/worker/raw/c60ab5eff7e37f31fd0dd686.bin.gz,9e17bdcccb54ffc43a7c087994103c177d2409bbedac5217ab76c0d568532891,7e23bc727d323fab51ae874b47a19bcf719574b92206533e0c2eb11a1be66f9e,364621,54372,,loaded_native_returns,158,0,text/html; charset=UTF-8,364621,,server_representation_metadata; not native message publication or verified edit time
c615ac34e22db88f0130782e,thesession,content,https://thesession.org/discussions/12,2026-10-10T08:04:46.460455+00:00,200,saved,work_packages/M1_source_access/27_newspaper_context_recovery_20261008/social_public_api/continuations/20261010_broader_history_four_hour/worker/raw/c615ac34e22db88f0130782e.bin.gz,0a306a34159bb6033df02b6598f85f12e6f7f3d7f5e7c155964937a0350711f8,e31a3141325da6f1e82b37b26aa576bb7afde35422325dc08fce9c224a037ba3,67491,15843,,loaded_native_returns,8,0,text/html; charset=utf-8,,,server_representation_metadata; not native message publication or verified edit time
c62f358bbb22888145265a4f,bluesky,content,https://public.api.bsky.app/xrpc/app.bsky.feed.getAuthorFeed?actor=did%3Aplc%3Aragtjsm2j2vknwkz3zp4oxrd&limit=100&filter=posts_with_replies&includePins=false&cursor=2023-08-23T20%3A57%3A13.195Z,2026-10-10T09:25:21.219453+00:00,200,saved,work_packages/M1_source_access/27_newspaper_context_recovery_20261008/social_public_api/continuations/20261010_broader_history_four_hour/worker/raw/c62f358bbb22888145265a4f.bin.gz,4d79bae920ea209b04511bddd757d1a18a2dc4a5e77f9efd97e2307c85298fcd,cfdc50c6a38d16d6e74ba669de8de15f95c9dc3f34ec003956383d63a529472b,420580,40288,,loaded_native_returns,118,0,application/json; charset=utf-8,420580,,server_representation_metadata; not native message publication or verified edit time
c6631ac8c018693617ab6fc4,python_list_archive,content,https://mail.python.org/pipermail/python-list/2005-November.txt,2026-10-10T06:37:04.164568+00:00,200,saved,work_packages/M1_source_access/27_newspaper_context_recovery_20261008/social_public_api/continuations/20261010_broader_history_four_hour/worker/raw/c6631ac8c018693617ab6fc4.bin.gz,5015913c2b7e7213f24a416e382ff15c28adfe7fc4316096884ae30be3620c8f,75c4946cc0d959f7ffa13711cffed600a9058155ade88956f83a61b6fffe32b7,8876718,3330478,,loaded_native_returns,5791,0,text/plain,8876718,"Sun, 27 Oct 2019 23:38:30 GMT",server_representation_metadata; not native message publication or verified edit time
c663e5cb82afc0f2252066ff,lemmy_nz,content,https://lemmy.nz/api/v3/comment/list?type_=Local&sort=Old&limit=50&page=1&post_id=183324,2026-10-10T07:03:47.858610+00:00,200,saved,work_packages/M1_source_access/27_newspaper_context_recovery_20261008/social_public_api/continuations/20261010_broader_history_four_hour/worker/raw/c663e5cb82afc0f2252066ff.bin.gz,35e94d9fb7bffc2c0d450e41e4fd189181a942b9eed8d69c214d52b2355ab535,5e9674fd6b6629fbc993415dd9ccd6c551df04364c4e733b7bde9089757405cd,16260,2283,,loaded_native_returns,12,0,application/json,16260,,server_representation_metadata; not native message publication or verified edit time
c6774948df2d8dbcbab90a43,straight_dope,content,https://boards.straightdope.com/t/712149/posts.json?post_ids%5B%5D=18069257&post_ids%5B%5D=18069407&post_ids%5B%5D=18070222&post_ids%5B%5D=18070262&post_ids%5B%5D=18070284&post_ids%5B%5D=18070307&post_ids%5B%5D=18070312&post_ids%5B%5D=18070316&post_ids%5B%5D=18070333&post_ids%5B%5D=18070355&post_ids%5B%5D=18070379&post_ids%5B%5D=18070428&post_ids%5B%5D=18070456&post_ids%5B%5D=18070458&post_ids%5B%5D=18070471&post_ids%5B%5D=18070501&post_ids%5B%5D=18070592&post_ids%5B%5D=18070799&post_ids%5B%5D=18070855&post_ids%5B%5D=18070915,2026-10-10T09:25:37.278109+00:00,200,saved,work_packages/M1_source_access/27_newspaper_context_recovery_20261008/social_public_api/continuations/20261010_broader_history_four_hour/worker/raw/c6774948df2d8dbcbab90a43.bin.gz,7bcb1ed9816dc9c9e3fff418c8110d5fe052d3b58b98c38cf07b2a099c2f11fa,f38eb908a24bcfc1fe8efc1f37c80466f409c38317c5b68e70b778cccdaaac46,32387,2894,,loaded_native_returns,21,0,application/json; charset=utf-8,32387,,server_representation_metadata; not native message publication or verified edit time
c68326bfe5f8b324f53d28ef,metafilter,policy,https://www.metafilter.com/robots.txt,,403,http_stop,,,,,,,transport_stop_no_raw_payload,0,0,,,,server_representation_metadata; not native message publication or verified edit time
c708fecfd52d84e5aeb9a849,e_democracy_archival,source_metadata,https://archive.org/wayback/available?url=http%3A%2F%2Fforums.e-democracy.org%2Fgroups%2Fmpls%2Fmessages%2Ftopic%2FEnfcpjfx38XPUNs48c9lq&timestamp=20230719,2026-10-10T07:20:56.634191+00:00,200,saved,work_packages/M1_source_access/27_newspaper_context_recovery_20261008/social_public_api/continuations/20261010_broader_history_four_hour/worker/raw/c708fecfd52d84e5aeb9a849.bin.gz,38a4f02b1ef438d54672b254d95b3f5faa505222af76192c67d828242beb7f17,e15220850561517a77c93777f3fcf10ad0befa0e2d28f336fe19f7e11417e21c,140,146,,noncontent_access_policy_or_frame_metadata,0,0,application/json,140,,server_representation_metadata; not native message publication or verified edit time
c71883b3c97ac8b8005051c9,python_list_archive,content,https://mail.python.org/pipermail/python-list/2005-May.txt,2026-10-10T06:25:51.700086+00:00,200,saved,work_packages/M1_source_access/27_newspaper_context_recovery_20261008/social_public_api/continuations/20261010_broader_history_four_hour/worker/raw/c71883b3c97ac8b8005051c9.bin.gz,b87e52a2a59f3fddb7cf3807f983102626d515103e8e14a6a67157616e565dd2,facecc3e3e49f2ed757d385a523acfe419a2b376e79d08412284b80731da47c6,6134139,2348043,,loaded_native_returns,4383,0,text/plain,6134139,"Sun, 27 Oct 2019 23:38:30 GMT",server_representation_metadata; not native message publication or verified edit time
c7527fb6f9f823864b7c27e7,bluesky,content,https://public.api.bsky.app/xrpc/app.bsky.feed.getAuthorFeed?actor=did%3Aplc%3At5pur7eruxfgxy7ynpfrmg2w&limit=100&filter=posts_with_replies&includePins=false&cursor=2025-07-14T04%3A38%3A07.275Z,2026-10-10T08:40:07.220236+00:00,200,saved,work_packages/M1_source_access/27_newspaper_context_recovery_20261008/social_public_api/continuations/20261010_broader_history_four_hour/worker/raw/c7527fb6f9f823864b7c27e7.bin.gz,dad10599aa285da5570d234b66ea87b98b714aa8534e7b3323929b9adb6720c3,3f58b4848f85344c6e3a743af51ee2c890ca7017ada8c0b0fdbc62e7cc565a97,545624,57753,,loaded_native_returns,100,0,application/json; charset=utf-8,545624,,server_representation_metadata; not native message publication or verified edit time
c76f47c0e355c2f5cecae3c7,python_list_archive,content,https://mail.python.org/pipermail/python-list/2004-September.txt,2026-10-10T06:08:10.612977+00:00,200,saved,work_packages/M1_source_access/27_newspaper_context_recovery_20261008/social_public_api/continuations/20261010_broader_history_four_hour/worker/raw/c76f47c0e355c2f5cecae3c7.bin.gz,fcfb72aed9d36d326f0a658d5b97586bb283c65c46b32f21cfdd8b8f9029fa4e,b4494135e816624a9a0dc136cfa58652dcf482b41299bb4888726b68a6b2ea38,9349020,3695881,,loaded_native_returns,5582,0,text/plain,9349020,"Sun, 27 Oct 2019 22:26:19 GMT",server_representation_metadata; not native message publication or verified edit time
c78cce9951efedee045ec94f,hackernews,content,https://hacker-news.firebaseio.com/v0/item/158.json,2026-10-10T07:21:55.370788+00:00,200,saved,work_packages/M1_source_access/27_newspaper_context_recovery_20261008/social_public_api/continuations/20261010_broader_history_four_hour/worker/raw/c78cce9951efedee045ec94f.bin.gz,519c992de2a8a5cd69568b329e2c7967a45dc4514c77a96042417d4bc40f7c11,c65414f2356d021b059288ac9390c1670f3cb9c7a6825b23bc2c31d24f2f08a7,244,207,,loaded_native_returns,1,0,application/json; charset=utf-8,244,,server_representation_metadata; not native message publication or verified edit time
c796ca8193cba2545cf145bc,hackernews,content,https://hacker-news.firebaseio.com/v0/item/215.json,2026-10-10T09:37:25.392732+00:00,200,saved,work_packages/M1_source_access/27_newspaper_context_recovery_20261008/social_public_api/continuations/20261010_broader_history_four_hour/worker/raw/c796ca8193cba2545cf145bc.bin.gz,94d448917325af0fd270cd541c1fb28df2d7be4b21379d21477094bce329c145,58bff2f17de7da3718560e9b7b7ef44da0a560bdeb82770f96f82a5fa626526c,231,201,,loaded_native_returns,1,0,application/json; charset=utf-8,231,,server_representation_metadata; not native message publication or verified edit time
c7b4ce1c9bd381f88582c9ab,mastodon_us,content,https://sfba.social/api/v1/timelines/public?local=true&limit=40&max_id=116918182511228664,2026-10-10T06:56:22.128906+00:00,200,saved,work_packages/M1_source_access/27_newspaper_context_recovery_20261008/social_public_api/continuations/20261010_broader_history_four_hour/worker/raw/c7b4ce1c9bd381f88582c9ab.bin.gz,e729dd11dbb80889aec5004aed33f65a05bc5027afc3f088eaabfcbf9a4fe3ed,c4d16069deaa8b74719d0f68cb8d655be75fc8cc32abad6265893a5659683f1e,160646,24235,,loaded_native_returns,40,0,application/json; charset=utf-8,160646,,server_representation_metadata; not native message publication or verified edit time
c7c4a7fa680c56f6873e555b,osm_discourse,content,https://community.openstreetmap.org/t/32348.json,2026-10-10T07:14:50.430160+00:00,200,saved,work_packages/M1_source_access/27_newspaper_context_recovery_20261008/social_public_api/continuations/20261010_broader_history_four_hour/worker/raw/c7c4a7fa680c56f6873e555b.bin.gz,6ce9954a897daa88a1ec99d7646e433530dcc3d6bf569e0b7159cf126bce7b7a,373cbb64489cabf513601d52f2794b65bf12a9d04d3e33e39134e2624547c0c3,52537,7839,,loaded_native_returns,21,0,application/json; charset=utf-8,52537,,server_representation_metadata; not native message publication or verified edit time
c7ce6962326245d63e04fa93,python_list_archive,content,https://mail.python.org/pipermail/python-list/2011-December.txt,2026-10-10T09:34:57.792793+00:00,200,saved,work_packages/M1_source_access/27_newspaper_context_recovery_20261008/social_public_api/continuations/20261010_broader_history_four_hour/worker/raw/c7ce6962326245d63e04fa93.bin.gz,fc7c973d88ba6650d099c36ac2db5ad1545cc3d44e8460d78e226cc6438ec5ba,357e4ae4d7f5302a397988eed0994b14ebc7fe55bf49cd23caa0228431dd1ebb,6672169,1691506,,loaded_native_returns,3868,0,text/plain,6672169,"Mon, 28 Oct 2019 10:13:36 GMT",server_representation_metadata; not native message publication or verified edit time
c8047df327873e537dd78e1f,dowire_newswire,content,https://www.mail-archive.com/newswire%40groups.dowire.org/msg00005.html,2026-10-10T06:57:52.012889+00:00,200,saved,work_packages/M1_source_access/27_newspaper_context_recovery_20261008/social_public_api/continuations/20261010_broader_history_four_hour/worker/raw/c8047df327873e537dd78e1f.bin.gz,74dc868def4214e21d735fba9444cdaded1511a6ad98d0bf58ab728af5ba98af,415ec04a541c08104f81e4edd6c4087e0cadb7b9022a7c3dadf752b86a1ff5fb,10243,3743,,loaded_native_returns,1,0,text/html; charset=utf-8,,,server_representation_metadata; not native message publication or verified edit time
c81fab16b27e90d48edfd5cb,python_list_archive,content,https://mail.python.org/pipermail/python-list/2005-March.txt,2026-10-10T06:20:08.174127+00:00,200,saved,work_packages/M1_source_access/27_newspaper_context_recovery_20261008/social_public_api/continuations/20261010_broader_history_four_hour/worker/raw/c81fab16b27e90d48edfd5cb.bin.gz,65302ffb590e7235c4ef67c25a71006acb6ee91e43f492f4fdcf1e2f91c31740,cb714b543722731cee6ad9a92dff7c597025dc25544b5e171b2c29449e73c610,7505944,2871807,,loaded_native_returns,5130,0,text/plain,7505944,"Sun, 27 Oct 2019 23:38:29 GMT",server_representation_metadata; not native message publication or verified edit time
c844626ab6fdbaaa80eb41fd,mastodon_uk,content,https://mastodon.me.uk/api/v1/timelines/public?local=true&limit=40&max_id=116181651711179991,2026-10-10T07:45:49.867300+00:00,200,saved,work_packages/M1_source_access/27_newspaper_context_recovery_20261008/social_public_api/continuations/20261010_broader_history_four_hour/worker/raw/c844626ab6fdbaaa80eb41fd.bin.gz,26b298e57a24309176762c4d9c061fd9a937edc291c290526babae7e652d24eb,eb2d5a8ccacd4e321074141124229528526392299a08d5c5150b3eb97be9b5ce,128386,16791,,loaded_native_returns,40,0,application/json; charset=utf-8,128386,,server_representation_metadata; not native message publication or verified edit time
c8a5444829b92aad8a8635dd,mastodon_uk,content,https://mastodon.me.uk/api/v1/timelines/public?local=true&limit=40&max_id=116121403941453314,2026-10-10T08:52:11.717788+00:00,200,saved,work_packages/M1_source_access/27_newspaper_context_recovery_20261008/social_public_api/continuations/20261010_broader_history_four_hour/worker/raw/c8a5444829b92aad8a8635dd.bin.gz,a60e51c243c94167ab1490db0bf097bc8c8a2b2ce01b61c578c8281928d5fb30,8aab75bfef715274014f705dfd54bdecc5d88f49e2e52cd298af345cf97cfbd0,157777,23156,,loaded_native_returns,40,0,application/json; charset=utf-8,157777,,server_representation_metadata; not native message publication or verified edit time
c8f64eaf094e85a85a692a48,tildes,content,https://tildes.net/~tildes.official/wv/daily_tildes_discussion_our_first_ban,2026-10-10T09:43:15.690053+00:00,200,saved,work_packages/M1_source_access/27_newspaper_context_recovery_20261008/social_public_api/continuations/20261010_broader_history_four_hour/worker/raw/c8f64eaf094e85a85a692a48.bin.gz,43fe65503eda545014b9f8c17779dfb3e9ff60a1bb3f42dc4e7f67f5d734636f,5dc06232359cec879134257abf0b63a9ae98624889a9cd6562c16e87829e7ca4,536153,85818,,loaded_native_returns,215,0,text/html; charset=UTF-8,536153,,server_representation_metadata; not native message publication or verified edit time
c940b56594ba90510046d365,lemmy_nz,content,https://lemmy.nz/api/v3/comment/list?type_=Local&sort=Old&limit=50&page=2&post_id=211753,2026-10-10T09:29:13.628304+00:00,200,saved,work_packages/M1_source_access/27_newspaper_context_recovery_20261008/social_public_api/continuations/20261010_broader_history_four_hour/worker/raw/c940b56594ba90510046d365.bin.gz,9efdb10c81eaf55dc95e4320d1f02441576a405fb0551d5b8f1905bc0728f854,4fa14da49dc015f30581863a05d74d4091152f4549146526e99de651d5809edf,15,35,,loaded_native_returns,0,0,application/json,15,,server_representation_metadata; not native message publication or verified edit time
c95f13aa4c68d64d8fa042d5,python_discourse,content,https://discuss.python.org/t/662/posts.json?post_ids%5B%5D=8615&post_ids%5B%5D=8617&post_ids%5B%5D=8620&post_ids%5B%5D=8621&post_ids%5B%5D=8627&post_ids%5B%5D=8628&post_ids%5B%5D=8650&post_ids%5B%5D=8656&post_ids%5B%5D=8765&post_ids%5B%5D=8816&post_ids%5B%5D=8918&post_ids%5B%5D=8930&post_ids%5B%5D=9070&post_ids%5B%5D=13449&post_ids%5B%5D=13455&post_ids%5B%5D=13802&post_ids%5B%5D=13803&post_ids%5B%5D=13812&post_ids%5B%5D=13814&post_ids%5B%5D=13815,2026-10-10T08:51:21.008197+00:00,200,saved,work_packages/M1_source_access/27_newspaper_context_recovery_20261008/social_public_api/continuations/20261010_broader_history_four_hour/worker/raw/c95f13aa4c68d64d8fa042d5.bin.gz,11f64ea5526f0fc8e30dd1b88a6ff575cd1d8174008a77d9130c62ac2dbfbd10,c290ce50a5e536e406739d0eef5ffa4c76af16b478a56843bc9bab51ab4833a7,64189,10300,,loaded_native_returns,21,0,application/json; charset=utf-8,64189,,server_representation_metadata; not native message publication or verified edit time
c9ed48ada3a620a9d113cf08,dowire_lists_umn,content,https://www.mail-archive.com/do-wire%40lists.umn.edu/maillist.html,2026-10-10T06:22:01.489093+00:00,200,saved,work_packages/M1_source_access/27_newspaper_context_recovery_20261008/social_public_api/continuations/20261010_broader_history_four_hour/worker/raw/c9ed48ada3a620a9d113cf08.bin.gz,547a77660659d4cbb3237abfef8a7dff1e9e0bd084c5388b0ce3660e9271304d,e2d028c6d538a511e98c82bf28ff084c5b59460aeb57d020052cd13c6e3563a9,48090,9419,,loaded_native_returns,0,0,text/html; charset=UTF-8,,,server_representation_metadata; not native message publication or verified edit time
ca4b9dec2b731f9e9443e516,straight_dope,content,https://boards.straightdope.com/t/712149/posts.json?post_ids%5B%5D=18019346&post_ids%5B%5D=18019458&post_ids%5B%5D=18019498&post_ids%5B%5D=18019522&post_ids%5B%5D=18019543&post_ids%5B%5D=18019552&post_ids%5B%5D=18019568&post_ids%5B%5D=18019691&post_ids%5B%5D=18019710&post_ids%5B%5D=18019772&post_ids%5B%5D=18020046&post_ids%5B%5D=18020101&post_ids%5B%5D=18020149&post_ids%5B%5D=18020424&post_ids%5B%5D=18020510&post_ids%5B%5D=18021075&post_ids%5B%5D=18021093&post_ids%5B%5D=18021169&post_ids%5B%5D=18021207&post_ids%5B%5D=18021334,2026-10-10T08:31:08.332222+00:00,200,saved,work_packages/M1_source_access/27_newspaper_context_recovery_20261008/social_public_api/continuations/20261010_broader_history_four_hour/worker/raw/ca4b9dec2b731f9e9443e516.bin.gz,58275d82ab30d16dd5d6e687990f52997b267550b51e5849db0f16520aef9b59,1ab4d1145c8279222ef63ca10acd145bd887c95624f1d7c6bc465f31c0f0af36,30531,2573,,loaded_native_returns,21,0,application/json; charset=utf-8,30531,,server_representation_metadata; not native message publication or verified edit time
ca56760fbd1730e775fb1ace,tildes,content,https://tildes.net/~movies/1w4e/slayground_official_promo,2026-10-10T07:30:07.461968+00:00,200,saved,work_packages/M1_source_access/27_newspaper_context_recovery_20261008/social_public_api/continuations/20261010_broader_history_four_hour/worker/raw/ca56760fbd1730e775fb1ace.bin.gz,8fa5ae68fddad3f4c695cd1795cbc84ed007502f487922cbdc25b4caec9cc827,c6df78f521e0861eb14f422e548db774e0c6697bc581a32d483d4752f0fd6fec,8118,2502,,loaded_native_returns,1,0,text/html; charset=UTF-8,8118,,server_representation_metadata; not native message publication or verified edit time
ca5c3b55ea4667868b5cc970,lemmy_nz,content,https://lemmy.nz/api/v3/comment/list?type_=Local&sort=Old&limit=50&page=1&post_id=187021,2026-10-10T07:48:16.893652+00:00,200,saved,work_packages/M1_source_access/27_newspaper_context_recovery_20261008/social_public_api/continuations/20261010_broader_history_four_hour/worker/raw/ca5c3b55ea4667868b5cc970.bin.gz,36408cdada9eb4d0c7b06d1280d0c6577ba8598441a6c6aedda541ead722729f,83f446a6abc9d0025a7166f12dfe789ca407489e3cd606682399fb0ab3a2c5c3,9132,1782,,loaded_native_returns,6,0,application/json,9132,,server_representation_metadata; not native message publication or verified edit time
ca5fc594a2ee1f9c0f6c9ede,mastodon_au,content,https://aus.social/api/v1/timelines/public?local=true&limit=40&max_id=116924074051917892,2026-10-10T08:04:24.639609+00:00,200,saved,work_packages/M1_source_access/27_newspaper_context_recovery_20261008/social_public_api/continuations/20261010_broader_history_four_hour/worker/raw/ca5fc594a2ee1f9c0f6c9ede.bin.gz,3a60513b5fe3a43a37f8875666216c42bc7c495e8eadc7dcdb36bee11d6cae0a,fd84759cfca40165e67e8bef20f431ee075fa977ba42e2c2aa51a9b779527387,159416,30665,,loaded_native_returns,40,0,application/json; charset=utf-8,159416,,server_representation_metadata; not native message publication or verified edit time
ca853e08ffecaa134608a55a,thesession,source_metadata,https://thesession.org/discussions/1,2026-10-10T07:32:46.454365+00:00,200,saved,work_packages/M1_source_access/27_newspaper_context_recovery_20261008/social_public_api/continuations/20261010_broader_history_four_hour/worker/raw/ca853e08ffecaa134608a55a.bin.gz,fc2bb68d6957292282e394453835c85185640634ca8e655ecd83c68f79b66b0a,12bb55ee58a860f28cff14928b249ea3e9fc8ef1cfbc50056ab215b3590bce00,144273,26466,,loaded_native_returns,65,0,text/html; charset=utf-8,,,server_representation_metadata; not native message publication or verified edit time
caafce58186b62885e7a254d,mastodon_uk,content,https://mastodon.me.uk/api/v1/timelines/public?local=true&limit=40&max_id=116185146277194562,2026-10-10T07:39:44.442966+00:00,200,saved,work_packages/M1_source_access/27_newspaper_context_recovery_20261008/social_public_api/continuations/20261010_broader_history_four_hour/worker/raw/caafce58186b62885e7a254d.bin.gz,6954aad37f8017f04998532a67b3059dda0f8be73e4c39699f3abafd02830dbe,2f8fc4aba3cb2a9d6558137a0ef6d5fe8545e7e3a85fcb0c68506e9b5fd31137,136542,13668,,loaded_native_returns,40,0,application/json; charset=utf-8,136542,,server_representation_metadata; not native message publication or verified edit time
cafed9bfa86397dd829b1d4a,w3_wwwtalk,content,https://lists.w3.org/Archives/Public/www-talk/1992MayJun/0058.html,2026-10-10T07:09:30.079585+00:00,200,saved,work_packages/M1_source_access/27_newspaper_context_recovery_20261008/social_public_api/continuations/20261010_broader_history_four_hour/worker/raw/cafed9bfa86397dd829b1d4a.bin.gz,68d3594db77fc7fd51c0d434e184096799161268458cadfe1b668926f69c65e0,97e695e6490c15b76a4d746c4c9f02896218bfe382649c9ee35fc9d8998e7333,14789,4895,,loaded_native_returns,1,0,text/html,,"Mon, 04 Aug 2003 15:50:20 GMT",server_representation_metadata; not native message publication or verified edit time
cb4738c5f4768ac0222b0798,thesession,content,https://thesession.org/discussions/25,2026-10-10T08:30:50.031980+00:00,200,saved,work_packages/M1_source_access/27_newspaper_context_recovery_20261008/social_public_api/continuations/20261010_broader_history_four_hour/worker/raw/cb4738c5f4768ac0222b0798.bin.gz,3437302406862eef2453028f0e4fb6364e21a37fd8b4fedcf54fbdeb95685958,b46f7fa169c92887ad74f2d77b68cfae395a124b12eb4e6869cb6b18ff2d0ef4,63455,14345,,loaded_native_returns,7,0,text/html; charset=utf-8,,,server_representation_metadata; not native message publication or verified edit time
cb48518812d0af1dfbaf0164,w3_wwwtalk,content,https://lists.w3.org/Archives/Public/www-talk/1992MayJun/0029.html,2026-10-10T06:07:41.843194+00:00,200,saved,work_packages/M1_source_access/27_newspaper_context_recovery_20261008/social_public_api/continuations/20261010_broader_history_four_hour/worker/raw/cb48518812d0af1dfbaf0164.bin.gz,3393cc7ff1c36702e2c35628d1f0e7a65750a0703125435af5771d85c8c4edbe,38e6a55ca290c896ec3b06ebfd83bb001b0570a3af0e84f7b36bc7219c3471ec,9099,3705,,loaded_native_returns,1,0,text/html,,"Mon, 04 Aug 2003 15:50:20 GMT",server_representation_metadata; not native message publication or verified edit time
cb4fa67b308f420f49fe3be2,bluesky,content,https://public.api.bsky.app/xrpc/app.bsky.feed.getAuthorFeed?actor=did%3Aplc%3At5pur7eruxfgxy7ynpfrmg2w&limit=100&filter=posts_with_replies&includePins=false&cursor=2025-07-24T14%3A50%3A15.821Z,2026-10-10T07:26:50.362425+00:00,200,saved,work_packages/M1_source_access/27_newspaper_context_recovery_20261008/social_public_api/continuations/20261010_broader_history_four_hour/worker/raw/cb4fa67b308f420f49fe3be2.bin.gz,385693835b78598f7e2ceea3d673ad9cd2c6c6c2909f552b4e3c8c96502fb105,3bdd74031bfade795d880d323063f39e1436e31fa0887247865c0271d413ce8a,559071,56250,,loaded_native_returns,100,0,application/json; charset=utf-8,559071,,server_representation_metadata; not native message publication or verified edit time
cb5d5353f89781eaf4ab2eaf,python_discourse,content,https://discuss.python.org/t/618.json,2026-10-10T08:04:59.014404+00:00,200,saved,work_packages/M1_source_access/27_newspaper_context_recovery_20261008/social_public_api/continuations/20261010_broader_history_four_hour/worker/raw/cb5d5353f89781eaf4ab2eaf.bin.gz,5b1967bcb52bd3e0b8042266ad62d4b02e6a31b69969259d5f0808527b26f2e6,77e484d79e7886a8583d4c05d2b9f0e5979f6da05ff41ffa5120fbe206f58753,4526,1579,,loaded_native_returns,2,0,application/json; charset=utf-8,4526,,server_representation_metadata; not native message publication or verified edit time
cb753d6c8057c7728ab98f5e,hackernews,content,https://hacker-news.firebaseio.com/v0/item/170.json,2026-10-10T07:47:16.575620+00:00,200,saved,work_packages/M1_source_access/27_newspaper_context_recovery_20261008/social_public_api/continuations/20261010_broader_history_four_hour/worker/raw/cb753d6c8057c7728ab98f5e.bin.gz,12cec97c2b13f65a99b846407ec41639a87070ec8e4f789cd158c4ff48ace44e,2c798c0b6f58ef1bbd9078cbb11228331f6fe172c2b66de955bb30c89b6894ef,165,149,,loaded_native_returns,1,0,application/json; charset=utf-8,165,,server_representation_metadata; not native message publication or verified edit time
cc08be0cacfacf8d5da7830d,python_discourse,content,https://discuss.python.org/t/662.json,2026-10-10T08:40:26.020516+00:00,200,saved,work_packages/M1_source_access/27_newspaper_context_recovery_20261008/social_public_api/continuations/20261010_broader_history_four_hour/worker/raw/cc08be0cacfacf8d5da7830d.bin.gz,fd0877f89d5a035569a19ba457e13ecd2a0edf3875a3362f6e25694ddacdf7c9,fd4da1ced56d0ecdb642f0bd6bb4f994797f0d85968374369150f0f898afc105,83684,15581,,loaded_native_returns,21,0,application/json; charset=utf-8,83684,,server_representation_metadata; not native message publication or verified edit time
cc228c3e9e9d493a2d6e3936,mastodon_uk,content,https://mastodon.me.uk/api/v1/timelines/public?local=true&limit=40&max_id=116223549638618151,2026-10-10T06:58:19.068326+00:00,200,saved,work_packages/M1_source_access/27_newspaper_context_recovery_20261008/social_public_api/continuations/20261010_broader_history_four_hour/worker/raw/cc228c3e9e9d493a2d6e3936.bin.gz,414a8e22cc1dbf2e4638c05d32361f3334812487bd610ae7de82e64857ac2e85,d673b8990a66bcc435f2f493146aebf73194f8c7fce46f75abcdaa0cc619b9fc,125738,17257,,loaded_native_returns,40,0,application/json; charset=utf-8,125738,,server_representation_metadata; not native message publication or verified edit time
cc4a56f074d1ebb10da02f27,w3_wwwtalk,content,https://lists.w3.org/Archives/Public/www-talk/1992MayJun/0051.html,2026-10-10T06:56:42.905202+00:00,200,saved,work_packages/M1_source_access/27_newspaper_context_recovery_20261008/social_public_api/continuations/20261010_broader_history_four_hour/worker/raw/cc4a56f074d1ebb10da02f27.bin.gz,b0f49ab34ef57a7cda68e728dce1250ee6423127215847dd54c271acd4d65d86,fa21d8da49d3276f55b8948f3e967912287b17a01fc0245ae0b05c56838f30b2,2284,778,,loaded_native_returns,1,0,text/html,,"Mon, 04 Aug 2003 15:50:20 GMT",server_representation_metadata; not native message publication or verified edit time
ccad61b427efd6e7e509623e,straight_dope,content,https://boards.straightdope.com/t/1025298/posts.json?post_ids%5B%5D=25862043&post_ids%5B%5D=25862046&post_ids%5B%5D=25862049&post_ids%5B%5D=25862050&post_ids%5B%5D=25862051&post_ids%5B%5D=25862055&post_ids%5B%5D=25862060&post_ids%5B%5D=25862062&post_ids%5B%5D=25862139&post_ids%5B%5D=25862147&post_ids%5B%5D=25862155&post_ids%5B%5D=25862173&post_ids%5B%5D=25862187&post_ids%5B%5D=25862236&post_ids%5B%5D=25862237&post_ids%5B%5D=25862239&post_ids%5B%5D=25862244&post_ids%5B%5D=25862275&post_ids%5B%5D=25862321&post_ids%5B%5D=25862332,2026-10-10T07:51:11.479377+00:00,200,saved,work_packages/M1_source_access/27_newspaper_context_recovery_20261008/social_public_api/continuations/20261010_broader_history_four_hour/worker/raw/ccad61b427efd6e7e509623e.bin.gz,05dd9ec714cc3e5716936f362a23dfd8755d056f400335bb328ed3c96109e605,181e89f37fcc2c1574d8f60e7d703f11386ec6e070d8e84ca116a1163f00024a,41473,5444,,loaded_native_returns,21,0,application/json; charset=utf-8,41473,,server_representation_metadata; not native message publication or verified edit time
ccbe1f0abb01a44a31b870ef,mastodon_uk,content,https://mastodon.me.uk/api/v1/timelines/public?local=true&limit=40&max_id=116196901325675170,2026-10-10T07:26:32.632782+00:00,200,saved,work_packages/M1_source_access/27_newspaper_context_recovery_20261008/social_public_api/continuations/20261010_broader_history_four_hour/worker/raw/ccbe1f0abb01a44a31b870ef.bin.gz,55665dfdfe4da51ee869e0cd16806d2ef3014e07543b0bcea8cc85fce8ba81fd,43a74885e46f9c8fd8e05850125ff9ab76b68a223cffd7462f822864b6728d50,131701,17266,,loaded_native_returns,40,0,application/json; charset=utf-8,131701,,server_representation_metadata; not native message publication or verified edit time
ccd1dd4586a12dec1c2cb071,python_discourse,content,https://discuss.python.org/t/563/posts.json?post_ids%5B%5D=3040&post_ids%5B%5D=3041&post_ids%5B%5D=3042&post_ids%5B%5D=3046&post_ids%5B%5D=3054&post_ids%5B%5D=3055&post_ids%5B%5D=3075&post_ids%5B%5D=3076&post_ids%5B%5D=3078&post_ids%5B%5D=3104&post_ids%5B%5D=3712&post_ids%5B%5D=3713&post_ids%5B%5D=3715&post_ids%5B%5D=3716&post_ids%5B%5D=3718,2026-10-10T07:38:13.668511+00:00,200,saved,work_packages/M1_source_access/27_newspaper_context_recovery_20261008/social_public_api/continuations/20261010_broader_history_four_hour/worker/raw/ccd1dd4586a12dec1c2cb071.bin.gz,a59ecbb136eea39adc4af155ffbafec2be0f35b5c39439ff2a94a676dd6fd834,d90c13b3efdf9b75248e7b493e4f880edb20de3d67f3d90730d0777bf71d6982,35696,5299,,loaded_native_returns,16,0,application/json; charset=utf-8,35696,,server_representation_metadata; not native message publication or verified edit time
ccdc10cbb55dfbcb6f710674,python_list_archive,content,https://mail.python.org/pipermail/python-list/2006-January.txt,2026-10-10T06:41:14.935981+00:00,200,saved,work_packages/M1_source_access/27_newspaper_context_recovery_20261008/social_public_api/continuations/20261010_broader_history_four_hour/worker/raw/ccdc10cbb55dfbcb6f710674.bin.gz,98f39e1da84c88c45dbe004524f1d6700f08d34fd9179837ef8dde2319ab1400,29041d93b2e8f4b97910d4c7a7f7034848ffe630f567cb772f2d4ccc263cc8b8,8508470,3244305,,loaded_native_returns,5417,0,text/plain,8508470,"Mon, 28 Oct 2019 00:54:15 GMT",server_representation_metadata; not native message publication or verified edit time
cd16307f6988481be960fbcf,dowire_tc_umn,content,https://www.mail-archive.com/do-wire%40tc.umn.edu/msg00008.html,2026-10-10T06:49:20.522935+00:00,200,saved,work_packages/M1_source_access/27_newspaper_context_recovery_20261008/social_public_api/continuations/20261010_broader_history_four_hour/worker/raw/cd16307f6988481be960fbcf.bin.gz,19a1a5d697278ab999e698086b19508274c36a6da11f2c8069ca641582a59120,007466cdf7db6066fe752f974e2806252b4ac360781a4dab9fc330260b5c5e95,12080,4927,,loaded_native_returns,1,0,text/html; charset=utf-8,,,server_representation_metadata; not native message publication or verified edit time
cd171b13bca5818aa7df0e11,python_discourse,content,https://discuss.python.org/t/687.json,2026-10-10T09:33:24.216897+00:00,200,saved,work_packages/M1_source_access/27_newspaper_context_recovery_20261008/social_public_api/continuations/20261010_broader_history_four_hour/worker/raw/cd171b13bca5818aa7df0e11.bin.gz,caca8926ae985fe4e4f1909e291f66591406508051855672135a3d684d4c3aed,e421dd801fad35ce8333afb7f9a17c4163befc5cad5a1efb926fdb057a394242,71475,15369,,loaded_native_returns,19,0,application/json; charset=utf-8,71475,,server_representation_metadata; not native message publication or verified edit time
cd3cec075bb25eb5b798767c,lemmy_nz,content,https://lemmy.nz/api/v3/comment/list?type_=Local&sort=Old&limit=50&page=2&post_id=174973,2026-10-10T06:24:30.228836+00:00,200,saved,work_packages/M1_source_access/27_newspaper_context_recovery_20261008/social_public_api/continuations/20261010_broader_history_four_hour/worker/raw/cd3cec075bb25eb5b798767c.bin.gz,9efdb10c81eaf55dc95e4320d1f02441576a405fb0551d5b8f1905bc0728f854,4fa14da49dc015f30581863a05d74d4091152f4549146526e99de651d5809edf,15,35,,loaded_native_returns,0,0,application/json,15,,server_representation_metadata; not native message publication or verified edit time
cd7608696bda9a6fd1155fda,bluesky,content,https://public.api.bsky.app/xrpc/app.bsky.feed.getAuthorFeed?actor=did%3Aplc%3At5pur7eruxfgxy7ynpfrmg2w&limit=100&filter=posts_with_replies&includePins=false&cursor=2025-07-15T08%3A10%3A35.595Z,2026-10-10T07:56:25.498623+00:00,200,saved,work_packages/M1_source_access/27_newspaper_context_recovery_20261008/social_public_api/continuations/20261010_broader_history_four_hour/worker/raw/cd7608696bda9a6fd1155fda.bin.gz,2dde0199cea2657fff7db23145e8ecc90cdb9db211bebd0d91e408fd3c25f0a3,faf1f5312a0bb8781f83fa7575905f9326880994cfb4fa0d7d06f533055b3928,593899,60571,,loaded_native_returns,101,0,application/json; charset=utf-8,593899,,server_representation_metadata; not native message publication or verified edit time
ce3b30b9c6f2a32c3721a091,w3_wwwtalk,content,https://lists.w3.org/Archives/Public/www-talk/1992MayJun/0030.html,2026-10-10T06:09:12.859427+00:00,200,saved,work_packages/M1_source_access/27_newspaper_context_recovery_20261008/social_public_api/continuations/20261010_broader_history_four_hour/worker/raw/ce3b30b9c6f2a32c3721a091.bin.gz,f83b2b4c02785e6c86d39789254a3ac18ad6e9f4a9964c4ff56c7784d206eafb,c7ee2d4455dd565eaf6709f752d5b7282486f50cf9fc199371259629a327c12a,6730,2888,,loaded_native_returns,1,0,text/html,,"Mon, 04 Aug 2003 15:50:20 GMT",server_representation_metadata; not native message publication or verified edit time
ce65f444ba7c6a60a24ee993,mastodon_au,content,https://aus.social/api/v1/timelines/public?local=true&limit=40&max_id=116954264850869624,2026-10-10T06:26:50.748579+00:00,200,saved,work_packages/M1_source_access/27_newspaper_context_recovery_20261008/social_public_api/continuations/20261010_broader_history_four_hour/worker/raw/ce65f444ba7c6a60a24ee993.bin.gz,94bfd3b217e6d465a49823e29fe4bfee8286b356741830986eb877301c890d3a,fab356e00a4db52b1b426a9deb7d524a9e44bc7c8f6359429c3759a533abe3f6,135342,23385,,loaded_native_returns,40,0,application/json; charset=utf-8,135342,,server_representation_metadata; not native message publication or verified edit time
ce7f8ace5f0f2e119022215f,w3_wwwtalk,content,https://lists.w3.org/Archives/Public/www-talk/1992JulAug/0044.html,2026-10-10T09:32:11.621078+00:00,200,saved,work_packages/M1_source_access/27_newspaper_context_recovery_20261008/social_public_api/continuations/20261010_broader_history_four_hour/worker/raw/ce7f8ace5f0f2e119022215f.bin.gz,17d242513ea068c1ed595e734416fe8e092f0ccbd7a58bdbb1dbfe8c17cc509b,bd05e1840fe1b43bcef47f17870d3a72367b840a5cac31b82590c091cbba9df7,3108,1142,,loaded_native_returns,1,0,text/html,,"Mon, 04 Aug 2003 15:50:20 GMT",server_representation_metadata; not native message publication or verified edit time
ce944b81ca08cb1809d8bb41,mastodon_au,content,https://aus.social/api/v1/timelines/public?local=true&limit=40&max_id=116934613674413878,2026-10-10T07:25:03.094376+00:00,200,saved,work_packages/M1_source_access/27_newspaper_context_recovery_20261008/social_public_api/continuations/20261010_broader_history_four_hour/worker/raw/ce944b81ca08cb1809d8bb41.bin.gz,3e0d3cc8fc8778f4a9bb67fb9fca8dc561b5d2c313206e9ffac3c19310d62b96,897ef123f63292d29465bbaa1d9f67e75d51faf65b28e08a7ca414c02352f964,142395,24603,,loaded_native_returns,40,0,application/json; charset=utf-8,142395,,server_representation_metadata; not native message publication or verified edit time
cec32207afaa926db258e985,bluesky,content,https://public.api.bsky.app/xrpc/app.bsky.feed.getAuthorFeed?actor=did%3Aplc%3At5pur7eruxfgxy7ynpfrmg2w&limit=100&filter=posts_with_replies&includePins=false&cursor=2025-08-07T04%3A14%3A32.141Z,2026-10-10T06:04:33.883321+00:00,200,saved,work_packages/M1_source_access/27_newspaper_context_recovery_20261008/social_public_api/continuations/20261010_broader_history_four_hour/worker/raw/cec32207afaa926db258e985.bin.gz,3fdf4b406e8e914faf6faa2b7117b8184cff08705060a3090534f07c4af84e99,8dd6d1e048be63aeca311ec1894e1f80ca716b38193a4ca8b49d2a74071ecc49,521917,55409,,loaded_native_returns,101,0,application/json; charset=utf-8,521917,,server_representation_metadata; not native message publication or verified edit time
cef3f0a9f9ab01a2201e27ee,mastodon_us,content,https://sfba.social/api/v1/timelines/public?local=true&limit=40&max_id=116920009311814909,2026-10-10T06:49:52.017171+00:00,200,saved,work_packages/M1_source_access/27_newspaper_context_recovery_20261008/social_public_api/continuations/20261010_broader_history_four_hour/worker/raw/cef3f0a9f9ab01a2201e27ee.bin.gz,2636c8d30d3dd85043c40f366225965b326d4515c0373ee741dee54c5a9c9488,4d31595f9a93786578170519d889f4bb5d381623f9288eb5b8dfa58cc1a6359f,146705,23056,,loaded_native_returns,40,0,application/json; charset=utf-8,146705,,server_representation_metadata; not native message publication or verified edit time
cf49907b944a2f17e62d64ab,python_list_archive,content,https://mail.python.org/pipermail/python-list/2007-August.txt,2026-10-10T07:22:09.428047+00:00,200,saved,work_packages/M1_source_access/27_newspaper_context_recovery_20261008/social_public_api/continuations/20261010_broader_history_four_hour/worker/raw/cf49907b944a2f17e62d64ab.bin.gz,592a059bdadd6309dfdfc126c440781e557004049b222c55b0c1888c138b3a27,a835d159e0a6f481a754a83d757ab93f6a620a95fc63f0fc5252e5ee943666bd,6455587,2420320,,loaded_native_returns,4288,0,text/plain,6455587,"Mon, 28 Oct 2019 01:47:24 GMT",server_representation_metadata; not native message publication or verified edit time
cf4a44c6c98cda92cd86bdf3,python_discourse,content,https://discuss.python.org/latest.json?ascending=true&no_definitions=true&order=created&page=3&per_page=50,2026-10-10T08:32:48.150982+00:00,200,saved,work_packages/M1_source_access/27_newspaper_context_recovery_20261008/social_public_api/continuations/20261010_broader_history_four_hour/worker/raw/cf4a44c6c98cda92cd86bdf3.bin.gz,0f47b9623a80b3816ba562e06ac4680863401f508ba8a8f35079324d269e47a9,3d22a33959fbf1043493ba66ddaf91a5f9c32f13b3cdc4972c74b5debd14f7c3,81727,9247,,loaded_native_returns,0,0,application/json; charset=utf-8,81727,,server_representation_metadata; not native message publication or verified edit time
cf4d66f4a4e539e5c2107e48,mastodon_us,content,https://sfba.social/api/v1/timelines/public?local=true&limit=40&max_id=116914256456545219,2026-10-10T07:07:33.573294+00:00,200,saved,work_packages/M1_source_access/27_newspaper_context_recovery_20261008/social_public_api/continuations/20261010_broader_history_four_hour/worker/raw/cf4d66f4a4e539e5c2107e48.bin.gz,8e81a2bc0ba543e1c35f0ea8a3360f49b60870525d95248d584f27ccb245bdd8,2ba40a2fca67813993f400a73afd6a853c4a69f9d4391681dd0490aea2d3d79f,136690,21536,,loaded_native_returns,40,0,application/json; charset=utf-8,136690,,server_representation_metadata; not native message publication or verified edit time
cf8359059dd4f228e3a31a22,straight_dope,content,https://boards.straightdope.com/t/712149/posts.json?post_ids%5B%5D=18010655&post_ids%5B%5D=18010664&post_ids%5B%5D=18010668&post_ids%5B%5D=18010682&post_ids%5B%5D=18010702&post_ids%5B%5D=18010707&post_ids%5B%5D=18010755&post_ids%5B%5D=18010776&post_ids%5B%5D=18011009&post_ids%5B%5D=18011020&post_ids%5B%5D=18011041&post_ids%5B%5D=18011077&post_ids%5B%5D=18011120&post_ids%5B%5D=18012522&post_ids%5B%5D=18012784&post_ids%5B%5D=18012806&post_ids%5B%5D=18012859&post_ids%5B%5D=18012890&post_ids%5B%5D=18013054&post_ids%5B%5D=18013071,2026-10-10T08:23:22.127185+00:00,200,saved,work_packages/M1_source_access/27_newspaper_context_recovery_20261008/social_public_api/continuations/20261010_broader_history_four_hour/worker/raw/cf8359059dd4f228e3a31a22.bin.gz,16d519b076e57daee2523ce3c1c48ee1ccd5f539458881b265eb21005e2413ec,f6c80b2f4b2f25d2ae2f205ef0b5e0d6c0bd469facbecc5fe2d2dcf66318b9f6,31046,2969,,loaded_native_returns,21,0,application/json; charset=utf-8,31046,,server_representation_metadata; not native message publication or verified edit time
cf86325fc7aa9cc1ceba6f06,mastodon_au,content,https://aus.social/api/v1/timelines/public?local=true&limit=40&max_id=116962510716180385,2026-10-10T05:57:42.770106+00:00,200,saved,work_packages/M1_source_access/27_newspaper_context_recovery_20261008/social_public_api/continuations/20261010_broader_history_four_hour/worker/raw/cf86325fc7aa9cc1ceba6f06.bin.gz,39fc001ed3c56d0380bd158db8e0d22903ce8ea0ba9ef3083a11a53dbc55ff1f,d82d9cd93f15f11f654f14c5c6d9d304af73dbf4f9a06447aa822d465b5b8f60,161814,29984,,loaded_native_returns,40,0,application/json; charset=utf-8,161814,,server_representation_metadata; not native message publication or verified edit time
cf96215b8d3c6a4e4df3b79b,osm_discourse,content,https://community.openstreetmap.org/t/32229.json,2026-10-10T05:59:24.561950+00:00,200,saved,work_packages/M1_source_access/27_newspaper_context_recovery_20261008/social_public_api/continuations/20261010_broader_history_four_hour/worker/raw/cf96215b8d3c6a4e4df3b79b.bin.gz,94d643bb80d20c5b0c07c7d19507d5e583496e41c5b679c4987e51686c3126dc,7842c454918ba06aa73a5551bc4fce40d8b2542c32700b72355c6088c43abc17,14024,3343,,loaded_native_returns,3,0,application/json; charset=utf-8,14024,,server_representation_metadata; not native message publication or verified edit time
cf9bca734891dc8cc49a008d,lemmy_nz,content,https://lemmy.nz/api/v3/comment/list?type_=Local&sort=Old&limit=50&page=2&post_id=170742,2026-10-10T06:04:10.940046+00:00,200,saved,work_packages/M1_source_access/27_newspaper_context_recovery_20261008/social_public_api/continuations/20261010_broader_history_four_hour/worker/raw/cf9bca734891dc8cc49a008d.bin.gz,9efdb10c81eaf55dc95e4320d1f02441576a405fb0551d5b8f1905bc0728f854,4fa14da49dc015f30581863a05d74d4091152f4549146526e99de651d5809edf,15,35,,loaded_native_returns,0,0,application/json,15,,server_representation_metadata; not native message publication or verified edit time
d03f755849ebbbce0caac11d,mastodon_us,content,https://sfba.social/api/v1/timelines/public?local=true&limit=40&max_id=116897018749460984,2026-10-10T08:04:33.052270+00:00,200,saved,work_packages/M1_source_access/27_newspaper_context_recovery_20261008/social_public_api/continuations/20261010_broader_history_four_hour/worker/raw/d03f755849ebbbce0caac11d.bin.gz,b8032b1e6d66ea0d4e0b051413c9e8bd6f777dccd82e47a55df286c315e3735a,83b313bf10d8177dc7a215dac27174388fd6c15337e39a769a4d0661eb86328a,160143,26406,,loaded_native_returns,40,0,application/json; charset=utf-8,160143,,server_representation_metadata; not native message publication or verified edit time
d0425b40b37fdfbd0767f1f8,thesession,content,https://thesession.org/discussions/28,2026-10-10T08:36:28.019989+00:00,200,saved,work_packages/M1_source_access/27_newspaper_context_recovery_20261008/social_public_api/continuations/20261010_broader_history_four_hour/worker/raw/d0425b40b37fdfbd0767f1f8.bin.gz,b77e16b567b53301d27e36f96a147a3d47c45f94ac1724579492f96f6fd376a9,c4303397f03dfa72f755b48def52f1ee0dca0de0a03ebe2db9cf2577bdc9081c,55260,12779,,loaded_native_returns,2,0,text/html; charset=utf-8,,,server_representation_metadata; not native message publication or verified edit time
d045e8a761cf829cbf0f3f2f,python_list_archive,content,https://mail.python.org/pipermail/python-list/2011-June.txt,2026-10-10T09:27:18.299411+00:00,200,saved,work_packages/M1_source_access/27_newspaper_context_recovery_20261008/social_public_api/continuations/20261010_broader_history_four_hour/worker/raw/d045e8a761cf829cbf0f3f2f.bin.gz,ddaff60a70c875e3313d68462fcbf67cd891f5631f0f8d36d0b652fd2fb1b92b,eabbdcab82d5af0252a93406bebdbdca41d10e26533963661a17cdf196cb7cdb,6190408,1687167,,loaded_native_returns,3828,0,text/plain,6190408,"Mon, 28 Oct 2019 10:11:32 GMT",server_representation_metadata; not native message publication or verified edit time
d064828c37d15c947de480cd,lemmy_nz,content,https://lemmy.nz/api/v3/comment/list?type_=Local&sort=Old&limit=50&page=1&post_id=184206,2026-10-10T07:15:48.830135+00:00,200,saved,work_packages/M1_source_access/27_newspaper_context_recovery_20261008/social_public_api/continuations/20261010_broader_history_four_hour/worker/raw/d064828c37d15c947de480cd.bin.gz,fc4380e08a0e94851175c9da877d33803a958bbd4d507b49c857a7cbfd86f97b,21dc822f18ea2e5e7e3bd0287d2bf18e04079492c47d29f8c9aa639cdb098d93,11562,2387,,loaded_native_returns,8,0,application/json,11562,,server_representation_metadata; not native message publication or verified edit time
d06987f6bcfa1cfdba31cbb1,osm_discourse,content,https://community.openstreetmap.org/t/32384.json,2026-10-10T07:42:46.952576+00:00,200,saved,work_packages/M1_source_access/27_newspaper_context_recovery_20261008/social_public_api/continuations/20261010_broader_history_four_hour/worker/raw/d06987f6bcfa1cfdba31cbb1.bin.gz,94fb499859a7f00ead3609566129f81b7af1b9041cdd1a240d154462f7c3765f,050485fb9987fc4b1426a341e7c7007202658cd5a5ca82383ab2dcb79ffaf744,23427,4400,,loaded_native_returns,8,0,application/json; charset=utf-8,23427,,server_representation_metadata; not native message publication or verified edit time
d08c079b12e4cc8b8816c8dd,tildes,content,https://tildes.net/~games/1w3u/save_point_a_game_deal_roundup_for_the_week_of_september_20,2026-10-10T08:43:11.742483+00:00,200,saved,work_packages/M1_source_access/27_newspaper_context_recovery_20261008/social_public_api/continuations/20261010_broader_history_four_hour/worker/raw/d08c079b12e4cc8b8816c8dd.bin.gz,15d16017b718580db1ce27be01edc74268a3f122d94fa4d5874c8af8fea5c69d,27e6e3d11deb84b214f83d9acaf62c5c0bfc8eb985172ecf629ee98780dddf69,32907,6873,,loaded_native_returns,12,0,text/html; charset=UTF-8,32907,,server_representation_metadata; not native message publication or verified edit time
d0953be47221797867f8c897,osm_discourse,content,https://community.openstreetmap.org/t/32370.json,2026-10-10T07:31:09.893027+00:00,200,saved,work_packages/M1_source_access/27_newspaper_context_recovery_20261008/social_public_api/continuations/20261010_broader_history_four_hour/worker/raw/d0953be47221797867f8c897.bin.gz,3b3496cf7e9ee62dc0751c3f8935437b8b4a05d3fd31cf1399fc88c71b52c46b,1e35c4fc5dd89beca1a32f6d61026a422ba41cb7a43ccf6dbec9f2b12128dab8,15163,3416,,loaded_native_returns,4,0,application/json; charset=utf-8,15163,,server_representation_metadata; not native message publication or verified edit time
d09667eebf68f493046ae1e9,python_discourse,content,https://discuss.python.org/t/619.json,2026-10-10T08:07:05.383648+00:00,200,saved,work_packages/M1_source_access/27_newspaper_context_recovery_20261008/social_public_api/continuations/20261010_broader_history_four_hour/worker/raw/d09667eebf68f493046ae1e9.bin.gz,bec031d1009f7258ad9c4f08c63d7964b7145a6d083139e7b9654292de427f11,a5d96a68480988d543bdebafb770e48718bbab750db1077568f6cc2d3d05b0d5,15279,2936,,loaded_native_returns,6,0,application/json; charset=utf-8,15279,,server_representation_metadata; not native message publication or verified edit time
d0bea5bd5697a26687ed5673,mastodon_uk,content,https://mastodon.me.uk/api/v1/timelines/public?local=true&limit=40&max_id=116212315152626295,2026-10-10T07:09:06.277237+00:00,200,saved,work_packages/M1_source_access/27_newspaper_context_recovery_20261008/social_public_api/continuations/20261010_broader_history_four_hour/worker/raw/d0bea5bd5697a26687ed5673.bin.gz,4f64cc09c58617bbe9f83994247d39b51a2f83797dab60d9b21fcb61dd8947f8,443ca36e67df6e26c26578ba69427bf3626f6c8426a18dc8389619d7ed73c8bc,144147,21539,,loaded_native_returns,40,0,application/json; charset=utf-8,144147,,server_representation_metadata; not native message publication or verified edit time
d0ca1358b873062e64413ab4,hackernews,content,https://hacker-news.firebaseio.com/v0/item/204.json,2026-10-10T09:23:17.814331+00:00,200,saved,work_packages/M1_source_access/27_newspaper_context_recovery_20261008/social_public_api/continuations/20261010_broader_history_four_hour/worker/raw/d0ca1358b873062e64413ab4.bin.gz,900843548109903f25627af5f413028fce8af0fcd926279085141ea316142fb6,12c1fc62651a3922394cddca4722cfbebc34d89db3ccc8b7ca1537a8b7a238c5,228,189,,loaded_native_returns,1,0,application/json; charset=utf-8,228,,server_representation_metadata; not native message publication or verified edit time
d11dd4655fcb260eec31167b,mastodon_us,content,https://sfba.social/api/v1/timelines/public?local=true&limit=40&max_id=116908334727766142,2026-10-10T07:25:09.020217+00:00,200,saved,work_packages/M1_source_access/27_newspaper_context_recovery_20261008/social_public_api/continuations/20261010_broader_history_four_hour/worker/raw/d11dd4655fcb260eec31167b.bin.gz,088a1f13a0f50497e91c7fd83ccd35ff8b36e6ff09a372c9ef34ba5a2262c8ff,3a50fe283734f387dbca4bc4173d4375b8f400c55b206aa4218213c0e2350bc7,144034,23416,,loaded_native_returns,40,0,application/json; charset=utf-8,144034,,server_representation_metadata; not native message publication or verified edit time
d1242ad6f27f90a5b1e6f338,mastodon_us,content,https://sfba.social/api/v1/timelines/public?local=true&limit=40&max_id=116887303367467987,2026-10-10T08:30:35.540236+00:00,200,saved,work_packages/M1_source_access/27_newspaper_context_recovery_20261008/social_public_api/continuations/20261010_broader_history_four_hour/worker/raw/d1242ad6f27f90a5b1e6f338.bin.gz,2bc1a88006a345d6f7c02c2e4c4bdc0aa8920fbbae24809f043d0d19bfd02f70,05655716428cabef076c450696107650e8e064ee0b02424a1116b135083f6b4a,159871,25676,,loaded_native_returns,40,0,application/json; charset=utf-8,159871,,server_representation_metadata; not native message publication or verified edit time
d13671225fa1ac13bb216135,straight_dope,content,https://boards.straightdope.com/t/1025298/posts.json?post_ids%5B%5D=25838765&post_ids%5B%5D=25838889&post_ids%5B%5D=25838904&post_ids%5B%5D=25838955&post_ids%5B%5D=25838956&post_ids%5B%5D=25838969&post_ids%5B%5D=25838973&post_ids%5B%5D=25838979&post_ids%5B%5D=25838991&post_ids%5B%5D=25839005&post_ids%5B%5D=25839034&post_ids%5B%5D=25839071&post_ids%5B%5D=25839090&post_ids%5B%5D=25839099&post_ids%5B%5D=25839106&post_ids%5B%5D=25839116&post_ids%5B%5D=25839122&post_ids%5B%5D=25839195&post_ids%5B%5D=25839201&post_ids%5B%5D=25839235,2026-10-10T07:04:34.061391+00:00,200,saved,work_packages/M1_source_access/27_newspaper_context_recovery_20261008/social_public_api/continuations/20261010_broader_history_four_hour/worker/raw/d13671225fa1ac13bb216135.bin.gz,4328a901ba667abca496a2a6c9ecbdbc754bd286954cfed71bc71fc447135ba4,2d2a1b9edcfbf30f6bf147034d9c97e60b31dc9cdb04a13c06a642031bba0f45,53586,9053,,loaded_native_returns,21,0,application/json; charset=utf-8,53586,,server_representation_metadata; not native message publication or verified edit time
d175e34c4f0adcca2e2ed1f6,mastodon_au,content,https://aus.social/api/v1/timelines/public?local=true&limit=40&max_id=116961417135593535,2026-10-10T06:00:12.520627+00:00,200,saved,work_packages/M1_source_access/27_newspaper_context_recovery_20261008/social_public_api/continuations/20261010_broader_history_four_hour/worker/raw/d175e34c4f0adcca2e2ed1f6.bin.gz,437715763205efda61d95eb7cc5e04072fbc95c12ca2e3d84d00196731ccf4b8,9927207b3188c6d6ef80465476c569c66ec452067a241b80fc71c14419b608c1,166313,28755,,loaded_native_returns,40,0,application/json; charset=utf-8,166313,,server_representation_metadata; not native message publication or verified edit time
d1a4dc044bbb5743b05c42ef,mastodon_au,content,https://aus.social/api/v1/timelines/public?local=true&limit=40&max_id=116950325768177338,2026-10-10T06:34:10.369209+00:00,200,saved,work_packages/M1_source_access/27_newspaper_context_recovery_20261008/social_public_api/continuations/20261010_broader_history_four_hour/worker/raw/d1a4dc044bbb5743b05c42ef.bin.gz,8953db713ab72724d0adbdd5529e85cd0443c8400aec8942c59798cfb74ca286,4895d59485933f107fc31f75c3c7f7a6befa148e592b14556d5f6a48f6ee94fe,154791,26629,,loaded_native_returns,40,0,application/json; charset=utf-8,154791,,server_representation_metadata; not native message publication or verified edit time
d1abc0d4a29e4a1e3b962b34,w3_wwwtalk,content,https://lists.w3.org/Archives/Public/www-talk/1992JulAug/0025.html,2026-10-10T08:30:55.123239+00:00,200,saved,work_packages/M1_source_access/27_newspaper_context_recovery_20261008/social_public_api/continuations/20261010_broader_history_four_hour/worker/raw/d1abc0d4a29e4a1e3b962b34.bin.gz,70ab428fce16f35d0f8d04cc0550c42e61d61deae3b7ed67c462ffc2de317e5a,8021734d2e817aad215889ab892f2860593e0289df4cab9a4fee6f25664ca3a9,4069,1650,,loaded_native_returns,1,0,text/html,,"Mon, 04 Aug 2003 15:50:19 GMT",server_representation_metadata; not native message publication or verified edit time
d1c45d2cf1b84598f27f742d,tildes,content,https://tildes.net/~food/1w4i/what_have_you_been_eating_drinking_and_cooking,2026-10-10T07:22:47.928581+00:00,200,saved,work_packages/M1_source_access/27_newspaper_context_recovery_20261008/social_public_api/continuations/20261010_broader_history_four_hour/worker/raw/d1c45d2cf1b84598f27f742d.bin.gz,d502aac93e7fdf402de970021b639b0101c1062f9b99864b3d1c97c7578dbf79,0853a8ed04f8ab0cd4dee8b03c9119f8f93e36dbf966810d647d8e691f3f1577,23875,4781,,loaded_native_returns,9,0,text/html; charset=UTF-8,23875,,server_representation_metadata; not native message publication or verified edit time
d1f3a4d694e57f0c84b0e976,osm_discourse,content,https://community.openstreetmap.org/t/32272.json,2026-10-10T06:30:51.529759+00:00,200,saved,work_packages/M1_source_access/27_newspaper_context_recovery_20261008/social_public_api/continuations/20261010_broader_history_four_hour/worker/raw/d1f3a4d694e57f0c84b0e976.bin.gz,fc8064cb517448bb777c1ea33a0dce77fe6b71c98131752fb1c07b9d7f7b7fdf,30b881e354c7aadb56f15b88dac69c3c591b9859b82e2069b60cca5f0e8084fa,22743,4850,,loaded_native_returns,7,0,application/json; charset=utf-8,22743,,server_representation_metadata; not native message publication or verified edit time
d232cd2db94885f1c207d7e1,mastodon_au,content,https://aus.social/api/v1/timelines/public?local=true&limit=40&max_id=116900803203523072,2026-10-10T09:38:13.598880+00:00,200,saved,work_packages/M1_source_access/27_newspaper_context_recovery_20261008/social_public_api/continuations/20261010_broader_history_four_hour/worker/raw/d232cd2db94885f1c207d7e1.bin.gz,a240523c53d0ba2b9fc9a4e5efc47315351f575c42ba0816c60f779823f8ba6a,bf60da6ffc47c464529b16bec4f35161936aa2823251bae8ff8a51d8588c1720,167982,28707,,loaded_native_returns,40,0,application/json; charset=utf-8,167982,,server_representation_metadata; not native message publication or verified edit time
d26ce7bd60c1d6c1a17b4d99,e_democracy_archival,source_metadata,https://web.archive.org/web/20240301122603/http://forums.e-democracy.org/r/topic/7gQsMJfwsgy6CBtqBsD96W,,404,http_stop,,,,,,,transport_stop_no_raw_payload,0,0,,,,server_representation_metadata; not native message publication or verified edit time
d2e39b5c98690e743f4577b4,tildes,source_metadata,https://tildes.net/,2026-10-10T05:56:53.963528+00:00,200,saved,work_packages/M1_source_access/27_newspaper_context_recovery_20261008/social_public_api/continuations/20261010_broader_history_four_hour/worker/raw/d2e39b5c98690e743f4577b4.bin.gz,dcd290c0faaffe645b97c901b23a2d4b007edd1565b05a5ee0d06933387806be,83a27aa3c6b4317c5e76252638e33e7f06d1c22451be8a0584f9c12cb1c03c61,103676,16621,,noncontent_access_policy_or_frame_metadata,0,0,text/html; charset=UTF-8,103676,,server_representation_metadata; not native message publication or verified edit time
d2f361103badbf4a65e4974d,mastodon_us,content,https://sfba.social/api/v1/timelines/public?local=true&limit=40&max_id=116933596157571960,2026-10-10T05:57:47.755741+00:00,200,saved,work_packages/M1_source_access/27_newspaper_context_recovery_20261008/social_public_api/continuations/20261010_broader_history_four_hour/worker/raw/d2f361103badbf4a65e4974d.bin.gz,41eb59095ef601cd6ddf8472762aabf4acb05e6aec31728d004d699fde83f457,a35329376b7aeeaeee87f0620d701c68fae0b5bdddc5626dbde599ac2d18c7ce,158863,25572,,loaded_native_returns,40,0,application/json; charset=utf-8,158863,,server_representation_metadata; not native message publication or verified edit time
d3263fce63da128127e82c79,straight_dope,content,https://boards.straightdope.com/t/1033285/posts.json?post_ids%5B%5D=25863212&post_ids%5B%5D=25863218&post_ids%5B%5D=25863253&post_ids%5B%5D=25863268&post_ids%5B%5D=25863291&post_ids%5B%5D=25863292&post_ids%5B%5D=25863370&post_ids%5B%5D=25863451&post_ids%5B%5D=25863456&post_ids%5B%5D=25863606&post_ids%5B%5D=25863632,2026-10-10T08:07:10.978793+00:00,200,saved,work_packages/M1_source_access/27_newspaper_context_recovery_20261008/social_public_api/continuations/20261010_broader_history_four_hour/worker/raw/d3263fce63da128127e82c79.bin.gz,15a999dfca11482f4a299a3e9c4f169b522dddce8377dc1ebe1cb183f7a0370f,a19d18121283d2f68a69e6fc8147a1a5836a75c916be08e6f65325c40c22161f,25377,4201,,loaded_native_returns,12,0,application/json; charset=utf-8,25377,,server_representation_metadata; not native message publication or verified edit time
d3895b3e3606622427977dc5,dowire_lists_umn,content,https://www.mail-archive.com/do-wire%40lists.umn.edu/msg00004.html,2026-10-10T06:28:11.630574+00:00,200,saved,work_packages/M1_source_access/27_newspaper_context_recovery_20261008/social_public_api/continuations/20261010_broader_history_four_hour/worker/raw/d3895b3e3606622427977dc5.bin.gz,345f49d6ffd80b429bdc57b6bc6a63302c1782f607a891a790e0b10750effb11,d5a9a1ceb5f040f43c020f43ee518efde8d02e8428357ccb021ef0431c3c1f97,25944,10623,,loaded_native_returns,1,0,text/html; charset=utf-8,,,server_representation_metadata; not native message publication or verified edit time
d39da4fc0bd7642dd74af337,urban75,source_metadata,https://www.urban75.net/forums/forums/urban75-general-forum.21/,2026-10-10T07:23:34.595058+00:00,200,saved,work_packages/M1_source_access/27_newspaper_context_recovery_20261008/social_public_api/continuations/20261010_broader_history_four_hour/worker/raw/d39da4fc0bd7642dd74af337.bin.gz,0047a6c7771faa382023ec513d9014fbc2a67ec3f20425e2ec4094fe0470213f,cba2068cbd1e1214195aa8613aae803d4411999f2e7465ffd46b76a2c2e1ab1e,135129,19296,,noncontent_access_policy_or_frame_metadata,0,0,text/html; charset=utf-8,,"Sat, 10 Oct 2026 07:23:34 GMT",server_representation_metadata; not native message publication or verified edit time
d3d09e643a3262ae5735aab5,osm_discourse,content,https://community.openstreetmap.org/t/32291.json,2026-10-10T06:43:03.889985+00:00,200,saved,work_packages/M1_source_access/27_newspaper_context_recovery_20261008/social_public_api/continuations/20261010_broader_history_four_hour/worker/raw/d3d09e643a3262ae5735aab5.bin.gz,756befef26471ef6e7540a69066a73770d8906d8ae26ed3cf335d5fed4c73b77,846b9e4f480d11ed1176ddc8b40ed2101117c827a914e4a64a5854ca12c80fe1,20411,4759,,loaded_native_returns,4,0,application/json; charset=utf-8,20411,,server_representation_metadata; not native message publication or verified edit time
d4663561f2cd74306b4261c3,tildes,content,https://tildes.net/~tildes/19rw/please_help_keep_the_signal_high_and_the_noise_low,2026-10-10T07:15:43.977522+00:00,200,saved,work_packages/M1_source_access/27_newspaper_context_recovery_20261008/social_public_api/continuations/20261010_broader_history_four_hour/worker/raw/d4663561f2cd74306b4261c3.bin.gz,b3dbbb5722eb5ac0ee11f6253ac920c4568fda037d5e18c49dc69d05a1658861,837a9a994bbb1bbbded3686136463f5d4d794ca35c947244c6b0822bbcd5662b,252923,44155,,loaded_native_returns,97,0,text/html; charset=UTF-8,252923,,server_representation_metadata; not native message publication or verified edit time
d490a7003a2a7fa29282ccec,straight_dope,content,https://boards.straightdope.com/t/4619.json,2026-10-10T06:06:22.483467+00:00,200,saved,work_packages/M1_source_access/27_newspaper_context_recovery_20261008/social_public_api/continuations/20261010_broader_history_four_hour/worker/raw/d490a7003a2a7fa29282ccec.bin.gz,657f3e349845a117aca5bb978d7a9b570055955d242d00f10eb0858246767b6b,46d1dc7d810e0982b041b6b02f5b404813e42e42d0a0bc5cae0e71eaf362f4f4,45333,6946,,loaded_native_returns,21,0,application/json; charset=utf-8,45333,,server_representation_metadata; not native message publication or verified edit time
d4f6f583f327cd9057d3cc79,mpls_mnforum_archive,content,https://www.mail-archive.com/mpls@mnforum.org/msg00002.html,2026-10-10T06:54:17.674599+00:00,200,saved,work_packages/M1_source_access/27_newspaper_context_recovery_20261008/social_public_api/continuations/20261010_broader_history_four_hour/worker/raw/d4f6f583f327cd9057d3cc79.bin.gz,e065b89e3ca61666e971104149bbe84ad4d94638691de401daad7b26f9fb0ed6,82d121fa2dc73fc5b208a1793e66969da2d6f5c3a1d603ab5cdeed51037cce93,9947,4049,,loaded_native_returns,1,0,text/html; charset=utf-8,,,server_representation_metadata; not native message publication or verified edit time
d50f3da4a47946daebe09282,straight_dope,content,https://boards.straightdope.com/t/1025298/posts.json?post_ids%5B%5D=25850957&post_ids%5B%5D=25851182&post_ids%5B%5D=25851191&post_ids%5B%5D=25851199&post_ids%5B%5D=25851206&post_ids%5B%5D=25851237&post_ids%5B%5D=25851244&post_ids%5B%5D=25851255&post_ids%5B%5D=25851750&post_ids%5B%5D=25851812&post_ids%5B%5D=25851821&post_ids%5B%5D=25851877&post_ids%5B%5D=25851908&post_ids%5B%5D=25851915&post_ids%5B%5D=25851953&post_ids%5B%5D=25852193&post_ids%5B%5D=25852336&post_ids%5B%5D=25852375&post_ids%5B%5D=25852396&post_ids%5B%5D=25852405,2026-10-10T07:31:03.508947+00:00,200,saved,work_packages/M1_source_access/27_newspaper_context_recovery_20261008/social_public_api/continuations/20261010_broader_history_four_hour/worker/raw/d50f3da4a47946daebe09282.bin.gz,f83acf28ea5490e50d3cce3c593cb74092c6aad2d205b0e2749678e78bc32c50,124d415df3873ba34953ef498be364fd2b790c22da4ed0249fff700a8eabe697,75489,16426,,loaded_native_returns,21,0,application/json; charset=utf-8,75489,,server_representation_metadata; not native message publication or verified edit time
d51b1376f807be7d223636f5,lemmy_nz,content,https://lemmy.nz/api/v3/comment/list?type_=Local&sort=Old&limit=50&page=1&post_id=200065,2026-10-10T08:12:22.893928+00:00,200,saved,work_packages/M1_source_access/27_newspaper_context_recovery_20261008/social_public_api/continuations/20261010_broader_history_four_hour/worker/raw/d51b1376f807be7d223636f5.bin.gz,a4cd73d8f84a6eb1c2a654a37ee3a1bd9607c707f4ebde677a3c0599c5e4bc2d,41345940a8350cc07d29fcc956f11fb04a9bd70e2e5a0e3735cbc35624944522,15794,3075,,loaded_native_returns,6,0,application/json,15794,,server_representation_metadata; not native message publication or verified edit time
d53914fc428a701c95b6ef80,w3_wwwtalk,content,https://lists.w3.org/Archives/Public/www-talk/1992JulAug/0043.html,2026-10-10T09:31:00.575298+00:00,200,saved,work_packages/M1_source_access/27_newspaper_context_recovery_20261008/social_public_api/continuations/20261010_broader_history_four_hour/worker/raw/d53914fc428a701c95b6ef80.bin.gz,e76a97467c61d2b243cd2ebae2788be843a044c77549950ecb4b58260c5af023,971c33be10bd051863c1abc7155ec447e68bc3c6ce4e592a8d8d6b85c0c16d6d,5352,2174,,loaded_native_returns,1,0,text/html,,"Mon, 04 Aug 2003 15:50:20 GMT",server_representation_metadata; not native message publication or verified edit time
d55f0b537459320086ded361,hackernews,content,https://hacker-news.firebaseio.com/v0/item/122.json,2026-10-10T06:06:32.946774+00:00,200,saved,work_packages/M1_source_access/27_newspaper_context_recovery_20261008/social_public_api/continuations/20261010_broader_history_four_hour/worker/raw/d55f0b537459320086ded361.bin.gz,27fa933cba6fb94674708b422bb887122b1b1772c777209148d43dbd81c9f9b0,354d8b06881a4c73fcbfe6541bd392ee59d5077a6c1b1594d233c5acf445d30c,233,197,,loaded_native_returns,1,0,application/json; charset=utf-8,233,,server_representation_metadata; not native message publication or verified edit time
d5627677f2621bbd89b66087,python_discourse,content,https://discuss.python.org/t/670.json,2026-10-10T09:26:55.266287+00:00,200,saved,work_packages/M1_source_access/27_newspaper_context_recovery_20261008/social_public_api/continuations/20261010_broader_history_four_hour/worker/raw/d5627677f2621bbd89b66087.bin.gz,c4288b44d52fcb95d5264cb312bfc39464789bd35827f8ff5a0c61ee1b70b318,df6a7b23af13e773bb81e9cd1de39347c23bc9ddb80bde642bedfe4118791303,32225,7824,,loaded_native_returns,2,0,application/json; charset=utf-8,32225,,server_representation_metadata; not native message publication or verified edit time
d5a6951986f61d11fdff3648,mastodon_uk,content,https://mastodon.me.uk/api/v1/timelines/public?local=true&limit=40&max_id=116137421435268714,2026-10-10T08:35:56.285185+00:00,200,saved,work_packages/M1_source_access/27_newspaper_context_recovery_20261008/social_public_api/continuations/20261010_broader_history_four_hour/worker/raw/d5a6951986f61d11fdff3648.bin.gz,2a985d5cbbf98c1c140740894c8a5a027b4179dc290435189dc94d5e96f994c9,f294722e2604e793ad4c67596f418f0b24722df97dd9571106e16b9ea2efc05a,130109,19543,,loaded_native_returns,40,0,application/json; charset=utf-8,130109,,server_representation_metadata; not native message publication or verified edit time
d643b2246f6a47abb01f9b4e,python_list_archive,content,https://mail.python.org/pipermail/python-list/2006-May.txt,2026-10-10T06:52:54.823694+00:00,200,saved,work_packages/M1_source_access/27_newspaper_context_recovery_20261008/social_public_api/continuations/20261010_broader_history_four_hour/worker/raw/d643b2246f6a47abb01f9b4e.bin.gz,3694268882fdad5f7cfbe95fd30ad2dd4a526f67ba3fe4e0031ecd05b8592bca,203508350434b4e1630a065b86d3db0e1fe42a21f153f9eab880a7bf5dde5df7,7868394,2992269,,loaded_native_returns,5370,0,text/plain,7868394,"Mon, 28 Oct 2019 00:54:12 GMT",server_representation_metadata; not native message publication or verified edit time
d676ab8512957719b768b190,mastodon_us,content,https://sfba.social/api/v1/timelines/public?local=true&limit=40&max_id=116927924199209235,2026-10-10T06:19:20.255929+00:00,200,saved,work_packages/M1_source_access/27_newspaper_context_recovery_20261008/social_public_api/continuations/20261010_broader_history_four_hour/worker/raw/d676ab8512957719b768b190.bin.gz,0319791ce560dcd1b4b958c1e1b9afceb4da6e910bb7389426d9e8a4ea6fdaf8,fd94b4ea35adc9db7a83363f12c4b9f58e49952752798417e708d7a56e85b6bd,157870,25053,,loaded_native_returns,40,0,application/json; charset=utf-8,157870,,server_representation_metadata; not native message publication or verified edit time
d6a337a7d255bf176c5ff4f8,w3_wwwtalk,content,https://lists.w3.org/Archives/Public/www-talk/1992MayJun/0043.html,2026-10-10T06:36:31.267116+00:00,200,saved,work_packages/M1_source_access/27_newspaper_context_recovery_20261008/social_public_api/continuations/20261010_broader_history_four_hour/worker/raw/d6a337a7d255bf176c5ff4f8.bin.gz,fe7e6e09fbc7162f20ca770893f20fa27acb416cc3e75b423359b5a25317de49,df173a81f87dda7c4d5e645cb3bb2aebf1d8732ab26630bd5eb09e486b2a7a1b,2693,945,,loaded_native_returns,1,0,text/html,,"Mon, 04 Aug 2003 15:50:20 GMT",server_representation_metadata; not native message publication or verified edit time
d71c290ebd7b04ae6794e921,thesession,content,https://thesession.org/discussions/6,2026-10-10T07:52:51.473482+00:00,200,saved,work_packages/M1_source_access/27_newspaper_context_recovery_20261008/social_public_api/continuations/20261010_broader_history_four_hour/worker/raw/d71c290ebd7b04ae6794e921.bin.gz,80796af81654565cdab9d936777ad59247f4b86b34016522213328ad2b51a28a,88608999f5a531ee86c9973149b89d24ecec57badc799549fa869e720a0667f1,65753,14670,,loaded_native_returns,9,0,text/html; charset=utf-8,,,server_representation_metadata; not native message publication or verified edit time
d72055b7601387fa8d0ddbfc,mastodon_us,content,https://sfba.social/api/v1/timelines/public?local=true&limit=40&max_id=116881505047788010,2026-10-10T08:47:18.869215+00:00,200,saved,work_packages/M1_source_access/27_newspaper_context_recovery_20261008/social_public_api/continuations/20261010_broader_history_four_hour/worker/raw/d72055b7601387fa8d0ddbfc.bin.gz,cc12e4a0dd19f4339c40b2ce8e31bee906dc66248883df5b4edc39991e754c11,17160afd20614bcb5f37a63f060542cde221087b9fb300f587d8254772e47469,141832,20191,,loaded_native_returns,40,0,application/json; charset=utf-8,141832,,server_representation_metadata; not native message publication or verified edit time
d740f40312b849ee0efafd89,mastodon_uk,content,https://mastodon.me.uk/api/v1/timelines/public?local=true&limit=40&max_id=116103945036477714,2026-10-10T09:35:26.873704+00:00,200,saved,work_packages/M1_source_access/27_newspaper_context_recovery_20261008/social_public_api/continuations/20261010_broader_history_four_hour/worker/raw/d740f40312b849ee0efafd89.bin.gz,dff2bade3d4a8503e0cccffa5c1848a31fc1f0a5ef39685ff1d0f4f548794fa8,ec0b7f3154a483d85c959c3feded4cb428886fe142e1bc1405e9b9bc2ef17827,144097,23695,,loaded_native_returns,40,0,application/json; charset=utf-8,144097,,server_representation_metadata; not native message publication or verified edit time
d79cb0428c258d531bd2ef50,python_discourse,content,https://discuss.python.org/t/702.json,2026-10-10T09:37:12.710126+00:00,200,saved,work_packages/M1_source_access/27_newspaper_context_recovery_20261008/social_public_api/continuations/20261010_broader_history_four_hour/worker/raw/d79cb0428c258d531bd2ef50.bin.gz,2b6b7e25c5b5264434ef0ac648f35abda67e94da4bf00616958e71059512fb34,f430f9e4e5a98f25c7df6f01530a2a242b84f6f7a87b4457624ae241ff9ed39d,18858,4288,,loaded_native_returns,6,0,application/json; charset=utf-8,18858,,server_representation_metadata; not native message publication or verified edit time
d79d6e0db00fed1feffe94c8,straight_dope,content,https://boards.straightdope.com/t/4619/posts.json?post_ids%5B%5D=14138965&post_ids%5B%5D=14138981&post_ids%5B%5D=14139043&post_ids%5B%5D=14139138&post_ids%5B%5D=14139141&post_ids%5B%5D=14139241&post_ids%5B%5D=14139992&post_ids%5B%5D=14140010&post_ids%5B%5D=14140715&post_ids%5B%5D=14140738&post_ids%5B%5D=14140833&post_ids%5B%5D=14141313&post_ids%5B%5D=14141690&post_ids%5B%5D=14143967&post_ids%5B%5D=14144146&post_ids%5B%5D=14145232&post_ids%5B%5D=14145320&post_ids%5B%5D=14145765&post_ids%5B%5D=14145780&post_ids%5B%5D=14146294,2026-10-10T06:07:50.974663+00:00,200,saved,work_packages/M1_source_access/27_newspaper_context_recovery_20261008/social_public_api/continuations/20261010_broader_history_four_hour/worker/raw/d79d6e0db00fed1feffe94c8.bin.gz,b7b2541300e5cf6cb10e93b7dab6e7d1f3c3bd8831a2f457bee9cbef2e5bb13e,53ece36f2afef4e5fa34a332367fe24f36643fb61311eac8027c91905f2b7291,39256,5772,,loaded_native_returns,21,0,application/json; charset=utf-8,39256,,server_representation_metadata; not native message publication or verified edit time
d7af7b9b64fb9fbbdde4a549,bluesky,content,https://public.api.bsky.app/xrpc/app.bsky.feed.getAuthorFeed?actor=did%3Aplc%3Aragtjsm2j2vknwkz3zp4oxrd&limit=100&filter=posts_with_replies&includePins=false&cursor=2023-09-26T17%3A43%3A10.703Z,2026-10-10T07:50:48.223124+00:00,200,saved,work_packages/M1_source_access/27_newspaper_context_recovery_20261008/social_public_api/continuations/20261010_broader_history_four_hour/worker/raw/d7af7b9b64fb9fbbdde4a549.bin.gz,6267b6435f4ce96afe411f34bfa812e38a4ed9ab96d73c37dbd4c3e10cecc285,c8cfb2b290b1c014d89c36281cb61c10a5ce6bc82bcd5151b21d69ea766cf787,429838,36949,,loaded_native_returns,106,0,application/json; charset=utf-8,429838,,server_representation_metadata; not native message publication or verified edit time
d7fecb88769e47352c7b70b1,osm_discourse,content,https://community.openstreetmap.org/t/32542.json,2026-10-10T09:32:26.281848+00:00,200,saved,work_packages/M1_source_access/27_newspaper_context_recovery_20261008/social_public_api/continuations/20261010_broader_history_four_hour/worker/raw/d7fecb88769e47352c7b70b1.bin.gz,3cc45ae015bbd290b61d21553da3564fdec01e6b6628fcc37b7485c3d2b92c82,2932215b0e9258e5e6486307c5279436423d601d9b66f5e39d5bae608ecdba45,13690,2996,,loaded_native_returns,3,0,application/json; charset=utf-8,13690,,server_representation_metadata; not native message publication or verified edit time
d86a19cd11c7a2f761a21e42,straight_dope,content,https://boards.straightdope.com/t/360200.json,2026-10-10T08:09:19.298697+00:00,200,saved,work_packages/M1_source_access/27_newspaper_context_recovery_20261008/social_public_api/continuations/20261010_broader_history_four_hour/worker/raw/d86a19cd11c7a2f761a21e42.bin.gz,a53aed5f3987b21df882dec11a27171c209cf0ea081bbb109e7585ba1a8a11a5,e6d583a77f75a5624ed0e0ccc5246795ce53a894c3f573f3ca63bffcf52ae6a9,54203,8783,,loaded_native_returns,21,0,application/json; charset=utf-8,54203,,server_representation_metadata; not native message publication or verified edit time
d8782048d6945348bfaa6d15,osm_discourse,content,https://community.openstreetmap.org/t/32470.json,2026-10-10T08:31:14.994789+00:00,200,saved,work_packages/M1_source_access/27_newspaper_context_recovery_20261008/social_public_api/continuations/20261010_broader_history_four_hour/worker/raw/d8782048d6945348bfaa6d15.bin.gz,0ff557833e74d8c620c26a3c5fb47d3919d59646426e0e4b6e5d21e8ced969a6,d8748a4e78c2641c19ba82ad3d8f5723c5ffd02f7175a8faa9c8ee24592e18b6,36465,6719,,loaded_native_returns,8,0,application/json; charset=utf-8,36465,,server_representation_metadata; not native message publication or verified edit time
d8bfc3ec7536922d9b6cc789,python_discourse,content,https://discuss.python.org/t/448.json,2026-10-10T06:36:36.503125+00:00,200,saved,work_packages/M1_source_access/27_newspaper_context_recovery_20261008/social_public_api/continuations/20261010_broader_history_four_hour/worker/raw/d8bfc3ec7536922d9b6cc789.bin.gz,2d4ec3ca922576284a5bb42176b62033db99e7398c812642ca379ca6a1a40423,7a330211f8bb2339fcb265d23ecda1f0e8983e8ee3384b03852536a375a4e74d,6564,2293,,loaded_native_returns,2,0,application/json; charset=utf-8,6564,,server_representation_metadata; not native message publication or verified edit time
d8deab59d13d8cb7490256d9,osm_discourse,content,https://community.openstreetmap.org/t/32305.json,2026-10-10T06:50:32.397229+00:00,200,saved,work_packages/M1_source_access/27_newspaper_context_recovery_20261008/social_public_api/continuations/20261010_broader_history_four_hour/worker/raw/d8deab59d13d8cb7490256d9.bin.gz,96f197dd411c95d391b12f44d5f6b55fc28f71e7ba04e62e14163ba11f006bc0,0865315ec98aded3d74bcddf6fb9088250beb8de6fd607f8852cd781bd3c5673,16474,3576,,loaded_native_returns,4,0,application/json; charset=utf-8,16474,,server_representation_metadata; not native message publication or verified edit time
d8ff952e041ae2642d52e35e,mastodon_uk,content,https://mastodon.me.uk/api/v1/timelines/public?local=true&limit=40&max_id=116252426151132549,2026-10-10T06:19:03.514040+00:00,200,saved,work_packages/M1_source_access/27_newspaper_context_recovery_20261008/social_public_api/continuations/20261010_broader_history_four_hour/worker/raw/d8ff952e041ae2642d52e35e.bin.gz,bea96ebc44eddf1257415783cac5ca194eb2f01de1b2cc893fc2fd17fcb22c14,6f43512c0d02d73923fb58c8a90b0a4f87d0e7f2115d3cfbfbf2d6804a68d5e6,152943,13061,,loaded_native_returns,40,0,application/json; charset=utf-8,152943,,server_representation_metadata; not native message publication or verified edit time
d923084c4f4f91002e4364c6,hackernews,content,https://hacker-news.firebaseio.com/v0/item/141.json,2026-10-10T06:48:21.271621+00:00,200,saved,work_packages/M1_source_access/27_newspaper_context_recovery_20261008/social_public_api/continuations/20261010_broader_history_four_hour/worker/raw/d923084c4f4f91002e4364c6.bin.gz,88307c636b94114da31ba497cd98181a5ff6aead2b1171c8b8fb41731e8f91af,f33ff60b586b8b9ed73c74433b39c714ba91ec7b3c1006ecdd1e1b2cf9448a63,124,125,,loaded_native_returns,1,0,application/json; charset=utf-8,124,,server_representation_metadata; not native message publication or verified edit time
d945511a2547d100c4befc64,w3_wwwtalk,content,https://lists.w3.org/Archives/Public/www-talk/1992MayJun/0040.html,2026-10-10T06:30:36.134139+00:00,200,saved,work_packages/M1_source_access/27_newspaper_context_recovery_20261008/social_public_api/continuations/20261010_broader_history_four_hour/worker/raw/d945511a2547d100c4befc64.bin.gz,367fcbbf80b0e15cfe1f08f6c1b106d632688f0a45c12203918b1007b29f8903,195847800797f05f11aa81741af8f6523ffe10a050f8d0379ce8d292f0bd99ef,1942,697,,loaded_native_returns,1,0,text/html,,"Mon, 04 Aug 2003 15:50:20 GMT",server_representation_metadata; not native message publication or verified edit time
d961522afd187d2544ac0bdc,python_discourse,content,https://discuss.python.org/t/665.json,2026-10-10T09:24:15.109249+00:00,200,saved,work_packages/M1_source_access/27_newspaper_context_recovery_20261008/social_public_api/continuations/20261010_broader_history_four_hour/worker/raw/d961522afd187d2544ac0bdc.bin.gz,5242b01c53a0a0ac716f841e5dbff7393fb034a84a507797aafb25885781267c,67851d664ece6eef9f33b4d7df6a46c2a646ef05d03021cac5838a121513e565,9948,2768,,loaded_native_returns,3,0,application/json; charset=utf-8,9948,,server_representation_metadata; not native message publication or verified edit time
d9665393b0052fba268f76a8,tildes,content,https://tildes.net/~tildes.official/1vjt/any_significant_changes_to_tildes_are_extremely_unlikely,2026-10-10T06:42:01.544380+00:00,200,saved,work_packages/M1_source_access/27_newspaper_context_recovery_20261008/social_public_api/continuations/20261010_broader_history_four_hour/worker/raw/d9665393b0052fba268f76a8.bin.gz,709fde4a3515fad260d043a7cd14e534c87f7830d5ed826efc717daee71e089e,60b7a2af58f4a74c5c63bbf0e5f69f466e71476652bc1904ad952e384f034dc8,698472,100403,,loaded_native_returns,301,0,text/html; charset=UTF-8,698472,,server_representation_metadata; not native message publication or verified edit time
d96c9dc7aa1247160585ad1b,e_democracy_archival,source_metadata,https://web.archive.org/web/20240425042924/http://forums.e-democracy.org/groups/mpls,2026-10-10T06:31:36.224650+00:00,200,saved,work_packages/M1_source_access/27_newspaper_context_recovery_20261008/social_public_api/continuations/20261010_broader_history_four_hour/worker/raw/d96c9dc7aa1247160585ad1b.bin.gz,99a669fbad97e3b7bc9d9ce579bd740b142918f9d5db3d73b1d473c4a3d24719,a744610d5de3806fed2e6b5cf500171f750a4a981ccc40dc23390479e5198975,41767,9309,,noncontent_access_policy_or_frame_metadata,0,0,text/html; charset=UTF-8,,,server_representation_metadata; not native message publication or verified edit time
d97d0a1b05402cd1240171d7,osm_discourse,content,https://community.openstreetmap.org/t/32416.json,2026-10-10T07:59:36.571805+00:00,200,saved,work_packages/M1_source_access/27_newspaper_context_recovery_20261008/social_public_api/continuations/20261010_broader_history_four_hour/worker/raw/d97d0a1b05402cd1240171d7.bin.gz,336b8955399eb1db4f3519fd5c58b1482d1fa1a6f70cc7525d2c72fe0489c839,a3d470daf8a2fe1b72b49fadfe63ed421bea767b350afbcb71a48b54dbe81ac5,28614,5022,,loaded_native_returns,11,0,application/json; charset=utf-8,28614,,server_representation_metadata; not native message publication or verified edit time
d98f4382e0ead7358ccc9e19,osm_discourse,content,https://community.openstreetmap.org/t/32415.json,2026-10-10T07:58:21.998788+00:00,200,saved,work_packages/M1_source_access/27_newspaper_context_recovery_20261008/social_public_api/continuations/20261010_broader_history_four_hour/worker/raw/d98f4382e0ead7358ccc9e19.bin.gz,325c011ca75785a6bbbb34e092de9810a48db2992ab90809f82500cdc0a4518c,96034aa83cc01e0bca039563a0e2f4ef29e98b9865ad4955a0b1cf1feeccde8d,26529,5081,,loaded_native_returns,10,0,application/json; charset=utf-8,26529,,server_representation_metadata; not native message publication or verified edit time
d9bdcb7e47d7e7edc23dc0aa,tildes,content,https://tildes.net/?order=votes&period=all,2026-10-10T06:16:41.770127+00:00,200,saved,work_packages/M1_source_access/27_newspaper_context_recovery_20261008/social_public_api/continuations/20261010_broader_history_four_hour/worker/raw/d9bdcb7e47d7e7edc23dc0aa.bin.gz,07dfd4ff539bd52a50cb735e2b7d9ab322f83ca6288ae8ec4777e9466f5ac8ad,7cff7a285f0430a8fcae99bd15cf8abb18fb68693226fea72ce8d7713fb017d8,186406,43741,,loaded_native_returns,50,0,text/html; charset=UTF-8,186406,,server_representation_metadata; not native message publication or verified edit time
da46ba6ee877d7554e496719,hackernews,content,https://hacker-news.firebaseio.com/v0/item/157.json,2026-10-10T07:20:07.125664+00:00,200,saved,work_packages/M1_source_access/27_newspaper_context_recovery_20261008/social_public_api/continuations/20261010_broader_history_four_hour/worker/raw/da46ba6ee877d7554e496719.bin.gz,53ce5ead39bbce1c0ebb28e8cf0b17affe45fd66d6fe69d7c58ded0f641d4655,27276a88f7c470bd4f64b0223b27798440e631c58caaaa0d9c2c629fdb3e99f7,98,104,,loaded_native_returns,1,0,application/json; charset=utf-8,98,,server_representation_metadata; not native message publication or verified edit time
da559529e892bc87aa858b1c,mpls_issues_freedom2_archive,content,https://www.mail-archive.com/mpls-issues@freedom2.mtn.org/msg01444.html,2026-10-10T06:58:46.561185+00:00,200,saved,work_packages/M1_source_access/27_newspaper_context_recovery_20261008/social_public_api/continuations/20261010_broader_history_four_hour/worker/raw/da559529e892bc87aa858b1c.bin.gz,24e8387bc3969d5f80626683a3c83ffd963e86ffb7299b9d4438976b67da2cff,8480156b1f5d98c41badeb6c42d83b97f116422879c097fe1beb148b63da2c91,7427,2898,,loaded_native_returns,1,0,text/html; charset=utf-8,,,server_representation_metadata; not native message publication or verified edit time
da6e5aa8f0d841ce622b1226,thesession,policy,https://thesession.org/about,2026-10-10T07:27:12.734577+00:00,200,saved,work_packages/M1_source_access/27_newspaper_context_recovery_20261008/social_public_api/continuations/20261010_broader_history_four_hour/worker/raw/da6e5aa8f0d841ce622b1226.bin.gz,ccb71aef58194178ef4245f2705b8c7905477a814102de47ca3271388f687f85,df3127455801ad5ca5ee3225c6bcbb560809bcdc30fbb1d61ae0e5397d8cab46,51085,11703,,noncontent_access_policy_or_frame_metadata,0,0,text/html; charset=utf-8,,,server_representation_metadata; not native message publication or verified edit time
dab2b4b640ec5d92e5f96be4,python_discourse,content,https://discuss.python.org/t/522.json,2026-10-10T07:12:54.904609+00:00,200,saved,work_packages/M1_source_access/27_newspaper_context_recovery_20261008/social_public_api/continuations/20261010_broader_history_four_hour/worker/raw/dab2b4b640ec5d92e5f96be4.bin.gz,035a245ddd77ad05b2edd28eab7451ea2451ed2dc037762fe0aada913736fd32,7ea1c78869c2bba6e12254e78f3f09e49173f31f40cbe9bb68232074436ae563,25271,5074,,loaded_native_returns,7,0,application/json; charset=utf-8,25271,,server_representation_metadata; not native message publication or verified edit time
dbaaa8662cbe0d2043eea120,straight_dope,content,https://boards.straightdope.com/t/1025298/posts.json?post_ids%5B%5D=25858430&post_ids%5B%5D=25858432&post_ids%5B%5D=25858441&post_ids%5B%5D=25858578&post_ids%5B%5D=25858587&post_ids%5B%5D=25858611&post_ids%5B%5D=25858788&post_ids%5B%5D=25858988&post_ids%5B%5D=25858995&post_ids%5B%5D=25858998&post_ids%5B%5D=25859057&post_ids%5B%5D=25859064&post_ids%5B%5D=25859165&post_ids%5B%5D=25859197&post_ids%5B%5D=25859202&post_ids%5B%5D=25859203&post_ids%5B%5D=25859214&post_ids%5B%5D=25859228&post_ids%5B%5D=25859284&post_ids%5B%5D=25859380,2026-10-10T07:44:33.716466+00:00,200,saved,work_packages/M1_source_access/27_newspaper_context_recovery_20261008/social_public_api/continuations/20261010_broader_history_four_hour/worker/raw/dbaaa8662cbe0d2043eea120.bin.gz,04770b1d97be790cde525a8434dffa3a1cfadf12443270b462706dcaa8ee6a8a,1d46c72f9834b46be523d94f8d0261971bc8c7eaadaeb9b910c6797cd7b1cc24,84487,16819,,loaded_native_returns,21,0,application/json; charset=utf-8,84487,,server_representation_metadata; not native message publication or verified edit time
dbb30480028f8413df7cdd58,w3_wwwtalk,content,https://lists.w3.org/Archives/Public/www-talk/1992JulAug/0050.html,2026-10-10T09:40:00.372020+00:00,200,saved,work_packages/M1_source_access/27_newspaper_context_recovery_20261008/social_public_api/continuations/20261010_broader_history_four_hour/worker/raw/dbb30480028f8413df7cdd58.bin.gz,b977794334137d92e9151f9e0f5070c9c550e4d5e2aa00a4db3d1dd08ec07cc8,e79e645cf3433dde145dd507560c01d9abc34a42853ca50ef864f72a5b20901f,3014,1153,,loaded_native_returns,1,0,text/html,,"Mon, 04 Aug 2003 15:50:20 GMT",server_representation_metadata; not native message publication or verified edit time
dbfe3ad535441f1ed31a98fe,w3_wwwtalk,content,https://lists.w3.org/Archives/Public/www-talk/1992JulAug/0010.html,2026-10-10T07:59:18.962634+00:00,200,saved,work_packages/M1_source_access/27_newspaper_context_recovery_20261008/social_public_api/continuations/20261010_broader_history_four_hour/worker/raw/dbfe3ad535441f1ed31a98fe.bin.gz,409efdf87a5cb3891695cbdedc5402e304722da93683d284c0eeb1b7d07cb24d,ea063c49464bb1b8ada818933dcdc65bfccde650c8df8cc2bca29656fa9f77ca,4844,2027,,loaded_native_returns,1,0,text/html,,"Mon, 04 Aug 2003 15:50:19 GMT",server_representation_metadata; not native message publication or verified edit time
dc09446a0d022ece6dc6322a,thesession,content,https://thesession.org/discussions/41,2026-10-10T09:28:06.158319+00:00,200,saved,work_packages/M1_source_access/27_newspaper_context_recovery_20261008/social_public_api/continuations/20261010_broader_history_four_hour/worker/raw/dc09446a0d022ece6dc6322a.bin.gz,d7b542fedcdbc54c801a7096e697c0d2d514b60589012c28481117a2ee1a2ff3,552189354ae75ce4439cc06c4bd909c49adfdd93e55c9b7afd3fb200e1ce871b,85913,19270,,loaded_native_returns,20,0,text/html; charset=utf-8,,,server_representation_metadata; not native message publication or verified edit time
dc34898cfab71515583791a9,dowire_lists_umn,content,https://www.mail-archive.com/do-wire%40lists.umn.edu/msg00009.html,2026-10-10T06:49:10.849103+00:00,200,saved,work_packages/M1_source_access/27_newspaper_context_recovery_20261008/social_public_api/continuations/20261010_broader_history_four_hour/worker/raw/dc34898cfab71515583791a9.bin.gz,5135abc305a2705aabbb419b356ee4fcd04e0e51e693d098f6ddcf5aca6b95b4,64713e1d3c6d7c51aad31a2cc842df47e0ae7c71329895bc9e57a509e7cb7e78,21611,8420,,loaded_native_returns,1,0,text/html; charset=utf-8,,,server_representation_metadata; not native message publication or verified edit time
dc747f1f6db46bc10efcb7d1,bluesky,content,https://public.api.bsky.app/xrpc/app.bsky.feed.getAuthorFeed?actor=did%3Aplc%3At5pur7eruxfgxy7ynpfrmg2w&limit=100&filter=posts_with_replies&includePins=false&cursor=2025-07-14T20%3A07%3A20.777Z,2026-10-10T08:24:46.779818+00:00,200,saved,work_packages/M1_source_access/27_newspaper_context_recovery_20261008/social_public_api/continuations/20261010_broader_history_four_hour/worker/raw/dc747f1f6db46bc10efcb7d1.bin.gz,38ad2fff1022d498a3010f5284a4bd1601fc88e71516b28b4fe752e065b4b475,1a2e66f6fc043027055cdee7a9087ef4be9c0515f7491064c6359a33aed27475,564431,57270,,loaded_native_returns,100,0,application/json; charset=utf-8,564431,,server_representation_metadata; not native message publication or verified edit time
dc964e0dbf35aa58f72065fa,osm_discourse,content,https://community.openstreetmap.org/t/32537.json,2026-10-10T09:29:53.555147+00:00,200,saved,work_packages/M1_source_access/27_newspaper_context_recovery_20261008/social_public_api/continuations/20261010_broader_history_four_hour/worker/raw/dc964e0dbf35aa58f72065fa.bin.gz,74ccf16cd96b66dedee8a4fd8dca12d60377f661dfb5cba37f00da5262180d1b,0e1a98da23a0dc95abc1b62dca6d6371f2c85f59a44eea62bb512db146c144f8,20296,4270,,loaded_native_returns,5,0,application/json; charset=utf-8,20296,,server_representation_metadata; not native message publication or verified edit time
dcb890e6a41a94cf22bb9da4,straight_dope,content,https://boards.straightdope.com/t/1025298/posts.json?post_ids%5B%5D=25845264&post_ids%5B%5D=25845281&post_ids%5B%5D=25845365&post_ids%5B%5D=25845406&post_ids%5B%5D=25845466&post_ids%5B%5D=25845471&post_ids%5B%5D=25845474&post_ids%5B%5D=25845520&post_ids%5B%5D=25845533&post_ids%5B%5D=25845545&post_ids%5B%5D=25845552&post_ids%5B%5D=25845774&post_ids%5B%5D=25845820&post_ids%5B%5D=25845838&post_ids%5B%5D=25845842&post_ids%5B%5D=25845844&post_ids%5B%5D=25845856&post_ids%5B%5D=25845891&post_ids%5B%5D=25845893&post_ids%5B%5D=25845925,2026-10-10T07:21:43.968003+00:00,200,saved,work_packages/M1_source_access/27_newspaper_context_recovery_20261008/social_public_api/continuations/20261010_broader_history_four_hour/worker/raw/dcb890e6a41a94cf22bb9da4.bin.gz,f9cb687164ed41e5f2ca566b0234a119e08ea7406b652b9bebdb2feac4c41c4b,e96f65b763ab4996b14157b7468bc2f5c23a83e819dac7a79bd5d417d1774548,73233,15459,,loaded_native_returns,21,0,application/json; charset=utf-8,73233,,server_representation_metadata; not native message publication or verified edit time
dcfd6b43ac8d9ad97a1d7a13,tildes,content,https://tildes.net/~tech/1lrb/i_hate_the_new_internet_i_hate_the_new_tech_world_i_hate_it_all_i_want_out_and_i_cant_be_the_only,2026-10-10T09:32:49.701340+00:00,200,saved,work_packages/M1_source_access/27_newspaper_context_recovery_20261008/social_public_api/continuations/20261010_broader_history_four_hour/worker/raw/dcfd6b43ac8d9ad97a1d7a13.bin.gz,caa73049a154a9843c94705bbe82eae4f5f8281a3b5bdb5d82fcd8c6701f8681,2223d2e555c221092d1a74b2d5cf59d3f66c0580c1e05967ef0776870ed2a871,330490,59282,,loaded_native_returns,119,0,text/html; charset=UTF-8,330490,,server_representation_metadata; not native message publication or verified edit time
dd0bcb2932f5fb9545a83202,mastodon_au,content,https://aus.social/api/v1/timelines/public?local=true&limit=40&max_id=116933717937508205,2026-10-10T07:30:30.496753+00:00,200,saved,work_packages/M1_source_access/27_newspaper_context_recovery_20261008/social_public_api/continuations/20261010_broader_history_four_hour/worker/raw/dd0bcb2932f5fb9545a83202.bin.gz,b25898cedf77357087e1611e44a561af580b98ea9a33936cf602cb3a6e7c63aa,cc0423a410b6d904181ba03845eed9d1f11c26b65b281b28a905727b841f51a2,178038,33028,,loaded_native_returns,40,0,application/json; charset=utf-8,178038,,server_representation_metadata; not native message publication or verified edit time
dd1dc97d3c644783d6cc484e,python_discourse,content,https://discuss.python.org/t/606.json,2026-10-10T07:53:00.520105+00:00,200,saved,work_packages/M1_source_access/27_newspaper_context_recovery_20261008/social_public_api/continuations/20261010_broader_history_four_hour/worker/raw/dd1dc97d3c644783d6cc484e.bin.gz,ec53e77cfd8aa3e60ad734f4dd041256729cc85f8abf484f9a835bcfa49d3bd4,a4469437bfc7ef263b59ccaeafba95d3f9ce10094674717171e1a6dc895d6df6,7062,2193,,loaded_native_returns,2,0,application/json; charset=utf-8,7062,,server_representation_metadata; not native message publication or verified edit time
dd1f5551c227bcff2602e93d,mastodon_us,content,https://sfba.social/api/v1/timelines/public?local=true&limit=40&max_id=116869264740901499,2026-10-10T09:43:33.404813+00:00,200,saved,work_packages/M1_source_access/27_newspaper_context_recovery_20261008/social_public_api/continuations/20261010_broader_history_four_hour/worker/raw/dd1f5551c227bcff2602e93d.bin.gz,ea375ab730c0ab83061dd644fb449dab5b80d1c0d3eb06feff534ba38820c67b,d40014d94f6f581e297da44bb9655c3c4705a922cb4c5d7ee1a7c61e01f8a3d5,161391,27066,,loaded_native_returns,40,0,application/json; charset=utf-8,161391,,server_representation_metadata; not native message publication or verified edit time
dd36ede0df692f77ae1006ae,python_discourse,content,https://discuss.python.org/t/429/posts.json?post_ids%5B%5D=1954&post_ids%5B%5D=1956&post_ids%5B%5D=1973&post_ids%5B%5D=1974&post_ids%5B%5D=1975&post_ids%5B%5D=1976&post_ids%5B%5D=1977&post_ids%5B%5D=1978&post_ids%5B%5D=1980&post_ids%5B%5D=1985&post_ids%5B%5D=1998&post_ids%5B%5D=2000&post_ids%5B%5D=2008&post_ids%5B%5D=2010&post_ids%5B%5D=2017&post_ids%5B%5D=2036&post_ids%5B%5D=2042&post_ids%5B%5D=2043&post_ids%5B%5D=2050&post_ids%5B%5D=2052,2026-10-10T06:06:09.451451+00:00,200,saved,work_packages/M1_source_access/27_newspaper_context_recovery_20261008/social_public_api/continuations/20261010_broader_history_four_hour/worker/raw/dd36ede0df692f77ae1006ae.bin.gz,5a58ac9ecc839e59f31efbe49c721b0648ccd18f024b34a8739c76c6b93147b6,43865ad80f21e458a7bc528fef9c9cdf51de24e641697b04f57835ebd55b2fd3,62568,9347,,loaded_native_returns,21,0,application/json; charset=utf-8,62568,,server_representation_metadata; not native message publication or verified edit time
dd4736d9f69a2286b9006353,osm_discourse,content,https://community.openstreetmap.org/t/32463.json,2026-10-10T08:29:18.181901+00:00,200,saved,work_packages/M1_source_access/27_newspaper_context_recovery_20261008/social_public_api/continuations/20261010_broader_history_four_hour/worker/raw/dd4736d9f69a2286b9006353.bin.gz,460e7a8c744dd45ca18376a1e0d5b12ba60ee4ecbff787a2e9140d49ac5ed200,a20ff9257c21ecddc6c267790c69bb0b5f8576ab0bb11516b2a802b6563fcff5,14713,3529,,loaded_native_returns,3,0,application/json; charset=utf-8,14713,,server_representation_metadata; not native message publication or verified edit time
dd71b6033aed79e08519f593,python_list_archive,content,https://mail.python.org/pipermail/python-list/2010-June.txt,2026-10-10T08:35:09.609008+00:00,200,saved,work_packages/M1_source_access/27_newspaper_context_recovery_20261008/social_public_api/continuations/20261010_broader_history_four_hour/worker/raw/dd71b6033aed79e08519f593.bin.gz,8d12fd7f42b5f81116d3f309bd1dd9ccc599ea77299352f6694e271b208216e1,0af21352caf6d5a1780c2e0a6934c4406ed0844ee565d3b787c9037a1fb0d635,11777010,3177531,,loaded_native_returns,6522,0,text/plain,11777010,"Mon, 28 Oct 2019 10:06:47 GMT",server_representation_metadata; not native message publication or verified edit time
ddc4071274bcbd824942b541,lemmy_nz,content,https://lemmy.nz/api/v3/comment/list?type_=Local&sort=Old&limit=50&page=2&post_id=179767,2026-10-10T06:51:37.116138+00:00,200,saved,work_packages/M1_source_access/27_newspaper_context_recovery_20261008/social_public_api/continuations/20261010_broader_history_four_hour/worker/raw/ddc4071274bcbd824942b541.bin.gz,9efdb10c81eaf55dc95e4320d1f02441576a405fb0551d5b8f1905bc0728f854,4fa14da49dc015f30581863a05d74d4091152f4549146526e99de651d5809edf,15,35,,loaded_native_returns,0,0,application/json,15,,server_representation_metadata; not native message publication or verified edit time
dde80275f1c39afe1538ae37,mastodon_us,content,https://sfba.social/api/v1/timelines/public?local=true&limit=40&max_id=116874961805139470,2026-10-10T09:33:06.148541+00:00,200,saved,work_packages/M1_source_access/27_newspaper_context_recovery_20261008/social_public_api/continuations/20261010_broader_history_four_hour/worker/raw/dde80275f1c39afe1538ae37.bin.gz,13b30a503212abed4d843a14af73c0c3a4a6c268c16410ae45016c7714e2e462,8c151d8ec335b2e089540502071d04a40f5356750445dbb7170eff01d422881c,158971,28658,,loaded_native_returns,40,0,application/json; charset=utf-8,158971,,server_representation_metadata; not native message publication or verified edit time
de045a7364daa00e35b45d75,mastodon_us,content,https://sfba.social/api/v1/timelines/public?local=true&limit=40&max_id=116876593008949109,2026-10-10T09:27:56.856491+00:00,200,saved,work_packages/M1_source_access/27_newspaper_context_recovery_20261008/social_public_api/continuations/20261010_broader_history_four_hour/worker/raw/de045a7364daa00e35b45d75.bin.gz,5182af3822022d604df2d36bd9a082b56e5fa75d0de331cd584fd2c48f90b177,990c29b2ce119b80f9573a606ae393c11e4973b32f70b4b51ff19c5526a5ef9d,150523,22143,,loaded_native_returns,40,0,application/json; charset=utf-8,150523,,server_representation_metadata; not native message publication or verified edit time
de3adc0c01d93a8d7b23536f,tildes,source_metadata,https://tildes.net/~tv/1qbl/knights_of_guinevere,2026-10-10T06:06:15.208593+00:00,200,saved,work_packages/M1_source_access/27_newspaper_context_recovery_20261008/social_public_api/continuations/20261010_broader_history_four_hour/worker/raw/de3adc0c01d93a8d7b23536f.bin.gz,eddc0e387afc41f44f72b520266870174e38d3a397aad020c78e7bff23d58c32,bad051384e0512f9117e93bdbdb7758d374a02c086eff45a146eb946bb3b97e8,33605,5790,,noncontent_access_policy_or_frame_metadata,0,0,text/html; charset=UTF-8,33605,,server_representation_metadata; not native message publication or verified edit time
de4899be66c290d1770336d7,dowire_lists_umn,content,https://www.mail-archive.com/do-wire%40lists.umn.edu/msg00008.html,2026-10-10T06:43:46.753315+00:00,200,saved,work_packages/M1_source_access/27_newspaper_context_recovery_20261008/social_public_api/continuations/20261010_broader_history_four_hour/worker/raw/de4899be66c290d1770336d7.bin.gz,b6c2d7c8920d045ba92b236f399410ef15d66a104a7d6dd04d163586416d7c4e,fc3f6e4643333c21663b36cfaf54ba8d8bf61078c1e266873e3da3424e6c162e,15822,6344,,loaded_native_returns,1,0,text/html; charset=utf-8,,,server_representation_metadata; not native message publication or verified edit time
de672514732a57565065c105,straight_dope,content,https://boards.straightdope.com/t/712149/posts.json?post_ids%5B%5D=18070922&post_ids%5B%5D=18070978&post_ids%5B%5D=18071313&post_ids%5B%5D=18071319&post_ids%5B%5D=18071329&post_ids%5B%5D=18071346&post_ids%5B%5D=18071347&post_ids%5B%5D=18071360&post_ids%5B%5D=18071410&post_ids%5B%5D=18071414&post_ids%5B%5D=18071434&post_ids%5B%5D=18071761&post_ids%5B%5D=18071815&post_ids%5B%5D=18071825&post_ids%5B%5D=18072000&post_ids%5B%5D=18072068&post_ids%5B%5D=18072087&post_ids%5B%5D=18072116&post_ids%5B%5D=18072172&post_ids%5B%5D=18072177,2026-10-10T09:26:59.764231+00:00,200,saved,work_packages/M1_source_access/27_newspaper_context_recovery_20261008/social_public_api/continuations/20261010_broader_history_four_hour/worker/raw/de672514732a57565065c105.bin.gz,8eb9ea4853eac20163c1eca8b10114200c03204a9827ea714bd353811c410813,117445419e643cd5948bfe04436f13aa7577b39beb181d6e86c76bceec741baa,30803,2591,,loaded_native_returns,21,0,application/json; charset=utf-8,30803,,server_representation_metadata; not native message publication or verified edit time
de67fc5b6f8cae1ec4aa781e,python_discourse,content,https://discuss.python.org/t/496.json,2026-10-10T07:06:10.849942+00:00,200,saved,work_packages/M1_source_access/27_newspaper_context_recovery_20261008/social_public_api/continuations/20261010_broader_history_four_hour/worker/raw/de67fc5b6f8cae1ec4aa781e.bin.gz,03f215743044f362fbf4351537fa62dd9667a0f4b752c94ccdb7e4c008e12dee,2fc990454bee0ef780477e47affe22eea8cdcb2cc7584b8ea84c7fbfc2986c63,8960,2160,,loaded_native_returns,4,0,application/json; charset=utf-8,8960,,server_representation_metadata; not native message publication or verified edit time
de7cf201de96dc93889785eb,hackernews,content,https://hacker-news.firebaseio.com/v0/item/179.json,2026-10-10T08:05:17.551142+00:00,200,saved,work_packages/M1_source_access/27_newspaper_context_recovery_20261008/social_public_api/continuations/20261010_broader_history_four_hour/worker/raw/de7cf201de96dc93889785eb.bin.gz,6214b2fca22cfe9687e6125172a38059cbed49c4b232894396fa554703a73b8a,32964e0a089a1656b61308fc274895280ae96a2a7d9ced7172d12e02887c5cc5,211,193,,loaded_native_returns,1,0,application/json; charset=utf-8,211,,server_representation_metadata; not native message publication or verified edit time
de95b52a0366c8efce460a4d,tildes,content,https://tildes.net/?order=new&period=all&after=1w5c,2026-10-10T06:44:02.861857+00:00,200,saved,work_packages/M1_source_access/27_newspaper_context_recovery_20261008/social_public_api/continuations/20261010_broader_history_four_hour/worker/raw/de95b52a0366c8efce460a4d.bin.gz,0f2b51bba656f19dc5d3fbc912bffac2db1b45854cf9b3bdc573d53ce6608ec4,e5b930fc4a69d87ce30f4e0ad6269b99707e4ccc08da8cb2b10158e0055209d9,111661,19276,,loaded_native_returns,50,0,text/html; charset=UTF-8,111661,,server_representation_metadata; not native message publication or verified edit time
deabf122772f86f635bb6e3f,thesession,content,https://thesession.org/discussions/50,2026-10-10T09:39:56.979604+00:00,200,saved,work_packages/M1_source_access/27_newspaper_context_recovery_20261008/social_public_api/continuations/20261010_broader_history_four_hour/worker/raw/deabf122772f86f635bb6e3f.bin.gz,ac88d23c861129a5579a646da13ba9cf3f7106aba7883b3b22638de144cc507c,5503fb24ae9459f05014eff08e2da607e83e47e65ec58117f181a3dc3bed3e2f,83947,21101,,loaded_native_returns,13,0,text/html; charset=utf-8,,,server_representation_metadata; not native message publication or verified edit time
ded769416bc7aace9c7200cb,hackernews,content,https://hacker-news.firebaseio.com/v0/item/171.json,2026-10-10T07:49:18.492989+00:00,200,saved,work_packages/M1_source_access/27_newspaper_context_recovery_20261008/social_public_api/continuations/20261010_broader_history_four_hour/worker/raw/ded769416bc7aace9c7200cb.bin.gz,599401dd0e8fa85c884b19d199dc2ad464098b40d530c92d7a710b5f06f2d742,7aa48d232daf36ac20ee47a8deb48fa323eb76b1085a30b96e9e9a680e4f7fda,1459,740,,loaded_native_returns,1,0,application/json; charset=utf-8,1459,,server_representation_metadata; not native message publication or verified edit time
dedbcd6e686066c2e6cabe9c,straight_dope,content,https://boards.straightdope.com/t/1025298/posts.json?post_ids%5B%5D=25859393&post_ids%5B%5D=25859397&post_ids%5B%5D=25859413&post_ids%5B%5D=25859420&post_ids%5B%5D=25859451&post_ids%5B%5D=25859457&post_ids%5B%5D=25859522&post_ids%5B%5D=25859555&post_ids%5B%5D=25859561&post_ids%5B%5D=25859563&post_ids%5B%5D=25859579&post_ids%5B%5D=25859590&post_ids%5B%5D=25859606&post_ids%5B%5D=25859689&post_ids%5B%5D=25859705&post_ids%5B%5D=25859730&post_ids%5B%5D=25859780&post_ids%5B%5D=25859896&post_ids%5B%5D=25860050&post_ids%5B%5D=25860061,2026-10-10T07:46:24.758926+00:00,200,saved,work_packages/M1_source_access/27_newspaper_context_recovery_20261008/social_public_api/continuations/20261010_broader_history_four_hour/worker/raw/dedbcd6e686066c2e6cabe9c.bin.gz,0b20bffaa1554bd85776eeb81d8847860c59da76f6c6d658fc037b64bf79df0a,0ceb438a856324a7a63a8ede2e73feafae968cc29043eed816b0076390b010d7,55095,9715,,loaded_native_returns,21,0,application/json; charset=utf-8,55095,,server_representation_metadata; not native message publication or verified edit time
df3ee3b42c09bd3a04931778,python_discourse,content,https://discuss.python.org/t/662/posts.json?post_ids%5B%5D=3150&post_ids%5B%5D=3152&post_ids%5B%5D=3177&post_ids%5B%5D=3179&post_ids%5B%5D=3181&post_ids%5B%5D=3182&post_ids%5B%5D=3184&post_ids%5B%5D=3185&post_ids%5B%5D=3188&post_ids%5B%5D=3192&post_ids%5B%5D=3193&post_ids%5B%5D=3198&post_ids%5B%5D=3199&post_ids%5B%5D=3200&post_ids%5B%5D=3201&post_ids%5B%5D=3203&post_ids%5B%5D=3204&post_ids%5B%5D=3205&post_ids%5B%5D=3238&post_ids%5B%5D=3239,2026-10-10T08:42:09.954693+00:00,200,saved,work_packages/M1_source_access/27_newspaper_context_recovery_20261008/social_public_api/continuations/20261010_broader_history_four_hour/worker/raw/df3ee3b42c09bd3a04931778.bin.gz,093208db3487babe85949bcb009ec604c4cea6b5af063c7268822520a4298d94,ce8b418784c88630abaad68c6d60c969676629c307b86790b4d613684aea1536,72841,13463,,loaded_native_returns,21,0,application/json; charset=utf-8,72841,,server_representation_metadata; not native message publication or verified edit time
df4a5987f1e00dcec044e897,hackernews,content,https://hacker-news.firebaseio.com/v0/item/133.json,2026-10-10T06:29:21.122126+00:00,200,saved,work_packages/M1_source_access/27_newspaper_context_recovery_20261008/social_public_api/continuations/20261010_broader_history_four_hour/worker/raw/df4a5987f1e00dcec044e897.bin.gz,3b9af7f6ca3f95722b6349d4fe421db9b83e12bafda0e7c4bb401e5e4dd3a45b,97bf22ba10eda54243b1cdeb58ba9ee086eb6676012f989258fbfd3677c928b4,353,253,,loaded_native_returns,1,0,application/json; charset=utf-8,353,,server_representation_metadata; not native message publication or verified edit time
df508c71e46c4c5c5a0bbe90,python_list_archive,content,https://mail.python.org/pipermail/python-list/2006-March.txt,2026-10-10T06:48:32.364954+00:00,200,saved,work_packages/M1_source_access/27_newspaper_context_recovery_20261008/social_public_api/continuations/20261010_broader_history_four_hour/worker/raw/df508c71e46c4c5c5a0bbe90.bin.gz,f28b9e8188874006d40a328f00f1e2ee8ef28cfd1814aa19b535fa7456c3e0c5,d6e941976a5f6e308d158a0edd5d13e319409c8ecb4365dbdd6c53194f9fe7cf,7881979,3005708,,loaded_native_returns,5823,0,text/plain,7881979,"Mon, 28 Oct 2019 00:54:13 GMT",server_representation_metadata; not native message publication or verified edit time
df555258d8966849f6836075,bluesky,content,https://public.api.bsky.app/xrpc/app.bsky.feed.getAuthorFeed?actor=did%3Aplc%3At5pur7eruxfgxy7ynpfrmg2w&limit=100&filter=posts_with_replies&includePins=false&cursor=2025-08-02T10%3A07%3A27.751Z,2026-10-10T06:36:25.739072+00:00,200,saved,work_packages/M1_source_access/27_newspaper_context_recovery_20261008/social_public_api/continuations/20261010_broader_history_four_hour/worker/raw/df555258d8966849f6836075.bin.gz,48f985a1249757678c41e60b2f92bcc7d9e828a9e24d77cc7ecba94a3c04ffd7,e0264c4bd553fc22af92d1a29ad90638511680bb0ffd3cbaccf62e2f7f5a5b8e,508016,52880,,loaded_native_returns,100,0,application/json; charset=utf-8,508016,,server_representation_metadata; not native message publication or verified edit time
e027ed915e3e93cb0d5d7869,hackernews,content,https://hacker-news.firebaseio.com/v0/item/176.json,2026-10-10T07:58:27.470492+00:00,200,saved,work_packages/M1_source_access/27_newspaper_context_recovery_20261008/social_public_api/continuations/20261010_broader_history_four_hour/worker/raw/e027ed915e3e93cb0d5d7869.bin.gz,71ae38cc8c1a7e975fd7edc4d99e9d08f27b94b6cfbd8d7e8689517f79a45fd6,8fb2396a344abd5e784db1ad28d2c7930481799664e2b7a625e5d4066561c2ab,289,228,,loaded_native_returns,1,0,application/json; charset=utf-8,289,,server_representation_metadata; not native message publication or verified edit time
e02b1c097d2437cc3d34adc5,lemmy_nz,content,https://lemmy.nz/api/v3/comment/list?type_=Local&sort=Old&limit=50&page=1&post_id=210940,2026-10-10T08:52:03.696356+00:00,200,saved,work_packages/M1_source_access/27_newspaper_context_recovery_20261008/social_public_api/continuations/20261010_broader_history_four_hour/worker/raw/e02b1c097d2437cc3d34adc5.bin.gz,a47993a78f648ba48cb568834a0ae7fd29f68c88fae13be60fb55203e9b2e2ab,769decaf0424cae7b55fecfa83a1d28f42f5200efa5e9661ea4ccbb98f8e5323,87383,7807,,loaded_native_returns,82,0,application/json,87383,,server_representation_metadata; not native message publication or verified edit time
e09e022df5103ed4297faf93,mastodon_us,content,https://sfba.social/api/v1/timelines/public?local=true&limit=40&max_id=116892489110332749,2026-10-10T08:18:48.410187+00:00,200,saved,work_packages/M1_source_access/27_newspaper_context_recovery_20261008/social_public_api/continuations/20261010_broader_history_four_hour/worker/raw/e09e022df5103ed4297faf93.bin.gz,836adb39c9f2478752159f9e108330d2d3cc883a9847197418bdfe3ca46cfa07,8b976cc3f50499760bf7b43844684a39d458d3d747ee2f2c3c3e7e365166f028,144937,21585,,loaded_native_returns,40,0,application/json; charset=utf-8,144937,,server_representation_metadata; not native message publication or verified edit time
e0af90426bf2e69d835f6772,mastodon_uk,content,https://mastodon.me.uk/api/v1/timelines/public?local=true&limit=40&max_id=116157343532932737,2026-10-10T08:12:30.551732+00:00,200,saved,work_packages/M1_source_access/27_newspaper_context_recovery_20261008/social_public_api/continuations/20261010_broader_history_four_hour/worker/raw/e0af90426bf2e69d835f6772.bin.gz,f762b5f4338743a8e765c2f9d35e4fb0b1dbcf4f1375c30deae6a1e83960d5a3,f274a177fe28a6df99e23168f0449fd4be4e4d6c455311bdf3a244b07de4c8ef,141261,19927,,loaded_native_returns,40,0,application/json; charset=utf-8,141261,,server_representation_metadata; not native message publication or verified edit time
e11bbb30e5b6f3a22a91e19d,hackernews,content,https://hacker-news.firebaseio.com/v0/item/131.json,2026-10-10T06:25:42.022532+00:00,200,saved,work_packages/M1_source_access/27_newspaper_context_recovery_20261008/social_public_api/continuations/20261010_broader_history_four_hour/worker/raw/e11bbb30e5b6f3a22a91e19d.bin.gz,e9110d3c4c6b4a88bb040bfef5e891796d339ce330a02a1b20c8a6c7213f92b9,d45a0f4f129a84da93e0c74908963edc7aaa17a1535d7512d4aaf2c78220a879,224,197,,loaded_native_returns,1,0,application/json; charset=utf-8,224,,server_representation_metadata; not native message publication or verified edit time
e13bb43c2555182b3494439d,mastodon_us,content,https://sfba.social/api/v1/timelines/public?local=true&limit=40&max_id=116929079755513916,2026-10-10T06:17:06.961886+00:00,200,saved,work_packages/M1_source_access/27_newspaper_context_recovery_20261008/social_public_api/continuations/20261010_broader_history_four_hour/worker/raw/e13bb43c2555182b3494439d.bin.gz,7c565e78f8af9229ad1b2fbcd11f586374d9cda312472e2c308e79688494ec00,4701dc157413242025a64eb9b4c60edb1dc2dd639f7d2754fe62f34924ea63b4,168617,24728,,loaded_native_returns,40,0,application/json; charset=utf-8,168617,,server_representation_metadata; not native message publication or verified edit time
e145434620ac8087a538cea8,mastodon_us,content,https://sfba.social/api/v1/timelines/public?local=true&limit=40&max_id=116898180686521010,2026-10-10T07:57:42.687849+00:00,200,saved,work_packages/M1_source_access/27_newspaper_context_recovery_20261008/social_public_api/continuations/20261010_broader_history_four_hour/worker/raw/e145434620ac8087a538cea8.bin.gz,9466f5d51e02f24cddc81759173dba02bdd7789d81bfc8dd269199ebb1013725,6a6882f0afaceb41b7b231aaf01f254c29698d16372d89fc86d5aaf31b4d3f51,148225,21878,,loaded_native_returns,40,0,application/json; charset=utf-8,148225,,server_representation_metadata; not native message publication or verified edit time
e18561c4530a5b12bebe7284,w3_wwwtalk,content,https://lists.w3.org/Archives/Public/www-talk/1992JulAug/0049.html,2026-10-10T09:38:29.852018+00:00,200,saved,work_packages/M1_source_access/27_newspaper_context_recovery_20261008/social_public_api/continuations/20261010_broader_history_four_hour/worker/raw/e18561c4530a5b12bebe7284.bin.gz,4fb569cf34450296e1af29790632c9cdd206cbb18b6d1c463302cfdfa7e0402c,d542c1a0f546d42f50ea24ceb620fa89a9f61f9027688f0ce6d5c198b616d844,4779,2030,,loaded_native_returns,1,0,text/html,,"Mon, 04 Aug 2003 15:50:20 GMT",server_representation_metadata; not native message publication or verified edit time
e197904c06757b6560199472,mastodon_uk,content,https://mastodon.me.uk/api/v1/timelines/public?local=true&limit=40&max_id=116240627091930377,2026-10-10T06:36:08.185168+00:00,200,saved,work_packages/M1_source_access/27_newspaper_context_recovery_20261008/social_public_api/continuations/20261010_broader_history_four_hour/worker/raw/e197904c06757b6560199472.bin.gz,9b3ba0085242474913fe9959b82fe454187ad1baf15cc9e511a043f7009ad8ba,1bbfbddd185f6294611989e35dda691376e7016660a3295136060f7fe8e6c5a5,143744,19735,,loaded_native_returns,40,0,application/json; charset=utf-8,143744,,server_representation_metadata; not native message publication or verified edit time
e22a27934818b926899003e5,hackernews,content,https://hacker-news.firebaseio.com/v0/item/195.json,2026-10-10T08:36:57.138341+00:00,200,saved,work_packages/M1_source_access/27_newspaper_context_recovery_20261008/social_public_api/continuations/20261010_broader_history_four_hour/worker/raw/e22a27934818b926899003e5.bin.gz,b8d42bb935de844e29b3ce719c3419d6db3370337156fbaac91657505cc71044,bdcfbd9cb5016493bcacf35228176079535e63e447f98e9948749b2047530be7,165,160,,loaded_native_returns,1,0,application/json; charset=utf-8,165,,server_representation_metadata; not native message publication or verified edit time
e23d17bc75302cfb5d920694,bluesky,content,https://public.api.bsky.app/xrpc/app.bsky.feed.getAuthorFeed?actor=did%3Aplc%3Aragtjsm2j2vknwkz3zp4oxrd&limit=100&filter=posts_with_replies&includePins=false&cursor=2023-11-23T06%3A00%3A57.156Z,2026-10-10T06:42:40.983576+00:00,200,saved,work_packages/M1_source_access/27_newspaper_context_recovery_20261008/social_public_api/continuations/20261010_broader_history_four_hour/worker/raw/e23d17bc75302cfb5d920694.bin.gz,3e4be939b2e430023ae1d5fdd89b45e2e4a7d19644c6d66d711b3e3ed2ce1ed5,db578bd50857e01ae1f98353f019561c0aa238f7508e3e11cd1db758df86542e,508178,39976,,loaded_native_returns,108,0,application/json; charset=utf-8,508178,,server_representation_metadata; not native message publication or verified edit time
e2402b7318532e1db10f37cd,mastodon_au,content,https://aus.social/api/v1/timelines/public?local=true&limit=40&max_id=116934335466129622,2026-10-10T07:26:38.054795+00:00,200,saved,work_packages/M1_source_access/27_newspaper_context_recovery_20261008/social_public_api/continuations/20261010_broader_history_four_hour/worker/raw/e2402b7318532e1db10f37cd.bin.gz,3e699063709bc0e49c59381f3431d082bdebe99d7f7c67f8bc8f24e4e446b697,fe71e111679574ebcd5efc738e28b99f317fe5d8d2faf8305a76baa411f0ed4e,163364,30042,,loaded_native_returns,40,0,application/json; charset=utf-8,163364,,server_representation_metadata; not native message publication or verified edit time
e262033badc9e7a082acb117,mastodon_uk,content,https://mastodon.me.uk/api/v1/timelines/public?local=true&limit=40&max_id=116095923404643537,2026-10-10T09:42:17.170049+00:00,200,saved,work_packages/M1_source_access/27_newspaper_context_recovery_20261008/social_public_api/continuations/20261010_broader_history_four_hour/worker/raw/e262033badc9e7a082acb117.bin.gz,1ce39077f3469588f378eb6dd09a22f913130e12d7f0b39ecaaa8730b08e24a7,d7a4b4cc67f94f61f992f25d70d3c3820e94a45e1bc023610dfcf713feacf3f7,124892,14188,,loaded_native_returns,40,0,application/json; charset=utf-8,124892,,server_representation_metadata; not native message publication or verified edit time
e270eafaf14e8fd03635ee13,mastodon_au,content,https://aus.social/api/v1/timelines/public?local=true&limit=40&max_id=116928954031443467,2026-10-10T07:48:29.305365+00:00,200,saved,work_packages/M1_source_access/27_newspaper_context_recovery_20261008/social_public_api/continuations/20261010_broader_history_four_hour/worker/raw/e270eafaf14e8fd03635ee13.bin.gz,852d262169fa93ce086555915a8cb3d6fa98c09e7b5b8bafe1ec1fad776d4e1c,e762417ed7f1578b89f3e0833bc8033a03b3b9a74e46b8245003bbca1a829d15,129798,23291,,loaded_native_returns,40,0,application/json; charset=utf-8,129798,,server_representation_metadata; not native message publication or verified edit time
e27d00d6ce308eff406ec90e,mastodon_au,content,https://aus.social/api/v1/timelines/public?local=true&limit=40&max_id=116949021264396341,2026-10-10T06:40:19.352452+00:00,200,saved,work_packages/M1_source_access/27_newspaper_context_recovery_20261008/social_public_api/continuations/20261010_broader_history_four_hour/worker/raw/e27d00d6ce308eff406ec90e.bin.gz,91fcf7a8f5ca69586bc69a4f02b8232a1d255ff7578a3e9c90d20ddb9e6d9f25,a8ab5014734dfda2fa5a51e062bb70ec9734e6f4e4740a59cf457e01eebf6486,144359,23921,,loaded_native_returns,40,0,application/json; charset=utf-8,144359,,server_representation_metadata; not native message publication or verified edit time
e280c8a8b7e500d9dfc196e6,w3_wwwtalk,content,https://lists.w3.org/Archives/Public/www-talk/1992JulAug/0047.html,2026-10-10T09:35:47.728045+00:00,200,saved,work_packages/M1_source_access/27_newspaper_context_recovery_20261008/social_public_api/continuations/20261010_broader_history_four_hour/worker/raw/e280c8a8b7e500d9dfc196e6.bin.gz,ceb1e907898002c37420778fff9ec8a07a67bdc6e08c06d285bec58e95c58efa,2244018c276d02c1837f8944872420437dfdf0518d1fbabd4b332918f511e61e,2703,916,,loaded_native_returns,1,0,text/html,,"Mon, 04 Aug 2003 15:50:20 GMT",server_representation_metadata; not native message publication or verified edit time
e288e079a45a560ce0ddc245,mastodon_au,content,https://aus.social/api/v1/timelines/public?local=true&limit=40&max_id=116915380484285968,2026-10-10T08:36:02.319953+00:00,200,saved,work_packages/M1_source_access/27_newspaper_context_recovery_20261008/social_public_api/continuations/20261010_broader_history_four_hour/worker/raw/e288e079a45a560ce0ddc245.bin.gz,e1bb51cee1f45dd2fdbddddbf918536d0c755b870584861cb9b7258f10c70135,5766035364be430a6ce0cd44368fa3deaf73e12c71f197bc42741723281dcc02,152936,28316,,loaded_native_returns,40,0,application/json; charset=utf-8,152936,,server_representation_metadata; not native message publication or verified edit time
e2c9b1a9413bea9960acb0ab,mastodon_uk,content,https://mastodon.me.uk/api/v1/timelines/public?local=true&limit=40&max_id=116154930581081621,2026-10-10T08:14:38.941284+00:00,200,saved,work_packages/M1_source_access/27_newspaper_context_recovery_20261008/social_public_api/continuations/20261010_broader_history_four_hour/worker/raw/e2c9b1a9413bea9960acb0ab.bin.gz,030c0bab18a0dfdafe5d65c27562321e9725c8dcbb3d516daed00fcb9291184b,d743c7443f20ee14b631919be6df21e520f974807b5dbc70377d6f3a9cd77ebc,131498,19047,,loaded_native_returns,40,0,application/json; charset=utf-8,131498,,server_representation_metadata; not native message publication or verified edit time
e2cbb5f0fc1c403a4ef49156,lemmy_nz,content,https://lemmy.nz/api/v3/comment/list?type_=Local&sort=Old&limit=50&page=1&post_id=212277,2026-10-10T09:40:56.029039+00:00,200,saved,work_packages/M1_source_access/27_newspaper_context_recovery_20261008/social_public_api/continuations/20261010_broader_history_four_hour/worker/raw/e2cbb5f0fc1c403a4ef49156.bin.gz,8ba11c3221f86d0ca85747410d87cbefcda00f43246520c872d9621ccef65353,94de5618c5b4f8a26e751179ca33040b321d9962f776289586222f1f5b889057,17037,2352,,loaded_native_returns,12,0,application/json,17037,,server_representation_metadata; not native message publication or verified edit time
e2f143ce0faa7eeb3dfe727f,w3_wwwtalk,content,https://lists.w3.org/Archives/Public/www-talk/1992JulAug/0000.html,2026-10-10T07:40:12.333026+00:00,200,saved,work_packages/M1_source_access/27_newspaper_context_recovery_20261008/social_public_api/continuations/20261010_broader_history_four_hour/worker/raw/e2f143ce0faa7eeb3dfe727f.bin.gz,6fdcde341d299e75ae6ff9ff1c1d94db2017cdf770c4f68a8d550f7c2d081ccb,9717732f944efc2ed6bfcbdc7c4ac2c9b682b3c4ddc998c401bdf730076261bd,1797,676,,loaded_native_returns,1,0,text/html,,"Mon, 04 Aug 2003 15:50:19 GMT",server_representation_metadata; not native message publication or verified edit time
e34dcf73309ede90bfff17c8,straight_dope,content,https://boards.straightdope.com/t/1025298/posts.json?post_ids%5B%5D=25836484&post_ids%5B%5D=25836495&post_ids%5B%5D=25836528&post_ids%5B%5D=25836546&post_ids%5B%5D=25836553&post_ids%5B%5D=25836629&post_ids%5B%5D=25836651&post_ids%5B%5D=25836656&post_ids%5B%5D=25836670&post_ids%5B%5D=25836678&post_ids%5B%5D=25836683&post_ids%5B%5D=25836749&post_ids%5B%5D=25836769&post_ids%5B%5D=25836773&post_ids%5B%5D=25836831&post_ids%5B%5D=25836984&post_ids%5B%5D=25837007&post_ids%5B%5D=25837163&post_ids%5B%5D=25837185&post_ids%5B%5D=25837203,2026-10-10T06:56:55.585326+00:00,200,saved,work_packages/M1_source_access/27_newspaper_context_recovery_20261008/social_public_api/continuations/20261010_broader_history_four_hour/worker/raw/e34dcf73309ede90bfff17c8.bin.gz,33abfe12c0ed9ea4bac9dca848dc3195e2221565d2a544a8d616ad0c5bd40a25,8804fbf94416e96a279de78e35db8579621707171582d99436e5c9dc2b47eaae,49346,7667,,loaded_native_returns,21,0,application/json; charset=utf-8,49346,,server_representation_metadata; not native message publication or verified edit time
e36189d871b83c28c43a64fc,mastodon_us,content,https://sfba.social/api/v1/timelines/public?local=true&limit=40&max_id=116886566057798613,2026-10-10T08:32:21.964260+00:00,200,saved,work_packages/M1_source_access/27_newspaper_context_recovery_20261008/social_public_api/continuations/20261010_broader_history_four_hour/worker/raw/e36189d871b83c28c43a64fc.bin.gz,814cd6c01dd1fd638260ee669d689c6c0a9c98ca5944af6c9172f1a210a06f23,2a4a7348ce7a2cdc0dcf22f7bed2758fd3bfe618d696c199eb9d676a1488a241,121691,19894,,loaded_native_returns,40,0,application/json; charset=utf-8,121691,,server_representation_metadata; not native message publication or verified edit time
e3e09c7a2261720e68e19a92,bluesky,content,https://public.api.bsky.app/xrpc/app.bsky.feed.getAuthorFeed?actor=did%3Aplc%3At5pur7eruxfgxy7ynpfrmg2w&limit=100&filter=posts_with_replies&includePins=false&cursor=2025-07-29T17%3A02%3A29.775Z,2026-10-10T07:07:39.535989+00:00,200,saved,work_packages/M1_source_access/27_newspaper_context_recovery_20261008/social_public_api/continuations/20261010_broader_history_four_hour/worker/raw/e3e09c7a2261720e68e19a92.bin.gz,45e5f69e32799a6a92b8da6d4dd3dffb28e93ebb5f6cf78a479d21962a298c3d,342f37e2859fc676a3200616773bb263bc3bd0106b457911e885cff06c41b437,480618,48540,,loaded_native_returns,100,0,application/json; charset=utf-8,480618,,server_representation_metadata; not native message publication or verified edit time
e4a3574b23988025e6fc73a0,python_list_archive,content,https://mail.python.org/pipermail/python-list/2004-October.txt,2026-10-10T06:09:50.288171+00:00,200,saved,work_packages/M1_source_access/27_newspaper_context_recovery_20261008/social_public_api/continuations/20261010_broader_history_four_hour/worker/raw/e4a3574b23988025e6fc73a0.bin.gz,9200e3611b87acbcf3d6efdc6b00f7f6d174578cf385bf02d5394e0b9e6f56ba,697097531443b5bca45a843dc85cbf388854e4e31cddc24aac3307c6dd4b53d0,8535106,3328649,,loaded_native_returns,5208,0,text/plain,8535106,"Sun, 27 Oct 2019 22:26:21 GMT",server_representation_metadata; not native message publication or verified edit time
e4b68fe6c1aac90f3bebf203,mastodon_uk,content,https://mastodon.me.uk/api/v1/timelines/public?local=true&limit=40&max_id=116257389698209199,2026-10-10T06:12:01.806233+00:00,200,saved,work_packages/M1_source_access/27_newspaper_context_recovery_20261008/social_public_api/continuations/20261010_broader_history_four_hour/worker/raw/e4b68fe6c1aac90f3bebf203.bin.gz,90817ecd8c822c2b42760aba923c63613a9502fff44bb4c28914ce8f06d4a14e,a36291a1d41af6a7fb9e0f75d85ad089c4a443ba4ae2497c908ce3d419158cbd,144236,20877,,loaded_native_returns,40,0,application/json; charset=utf-8,144236,,server_representation_metadata; not native message publication or verified edit time
e6188cbdb78226d81c96d1d3,mastodon_uk,content,https://mastodon.me.uk/api/v1/timelines/public?local=true&limit=40&max_id=116193438934008806,2026-10-10T07:30:22.414503+00:00,200,saved,work_packages/M1_source_access/27_newspaper_context_recovery_20261008/social_public_api/continuations/20261010_broader_history_four_hour/worker/raw/e6188cbdb78226d81c96d1d3.bin.gz,d3cae1e749c053e6ceba8169cfcd358b61b45eb53967d7793113c09c925049dc,8ef9678c3539a9b93c3850a5818de8e0e7eb221339e8778ad547a9fcee00d580,123020,15785,,loaded_native_returns,40,0,application/json; charset=utf-8,123020,,server_representation_metadata; not native message publication or verified edit time
e65eefe0507e20834aaa0bd5,thesession,content,https://thesession.org/discussions/11,2026-10-10T08:02:44.996293+00:00,200,saved,work_packages/M1_source_access/27_newspaper_context_recovery_20261008/social_public_api/continuations/20261010_broader_history_four_hour/worker/raw/e65eefe0507e20834aaa0bd5.bin.gz,bf1bc0d9000d109385fe8392c174cd9a9c16fc11d9324586fae07832c86c1e38,7767a862f60ede317b92ccd0c56eb2916ed92f31debddc43afa4417191d6bd06,61335,13855,,loaded_native_returns,6,0,text/html; charset=utf-8,,,server_representation_metadata; not native message publication or verified edit time
e6dbec03c94f611e9b109e0f,bluesky,content,https://public.api.bsky.app/xrpc/app.bsky.feed.getAuthorFeed?actor=did%3Aplc%3Aragtjsm2j2vknwkz3zp4oxrd&limit=100&filter=posts_with_replies&includePins=false&cursor=2023-10-04T16%3A57%3A15.449Z,2026-10-10T07:36:46.026318+00:00,200,saved,work_packages/M1_source_access/27_newspaper_context_recovery_20261008/social_public_api/continuations/20261010_broader_history_four_hour/worker/raw/e6dbec03c94f611e9b109e0f.bin.gz,9f96797c74935b7612f349137357f037b0387381e10d14c87e2a28f9bbd6f306,b0f15d55866a8c93a11494465a58bd3a4a0b69a1f2f24f967baf0143c3aa1726,459234,39483,,loaded_native_returns,109,0,application/json; charset=utf-8,459234,,server_representation_metadata; not native message publication or verified edit time
e74686d22260dd10ebfb0c78,bluesky,content,https://public.api.bsky.app/xrpc/app.bsky.feed.getAuthorFeed?actor=did%3Aplc%3At5pur7eruxfgxy7ynpfrmg2w&limit=100&filter=posts_with_replies&includePins=false&cursor=2025-08-04T20%3A10%3A48.183Z,2026-10-10T06:19:30.179800+00:00,200,saved,work_packages/M1_source_access/27_newspaper_context_recovery_20261008/social_public_api/continuations/20261010_broader_history_four_hour/worker/raw/e74686d22260dd10ebfb0c78.bin.gz,6d505f60629897f7fb4b0773072986bca733e76a24ee8540af74405065dc9321,1dbe244ae0b5ca7d502a79754c6f3a64c5585b42e9fb1521b7bf92d4bdbb8ab7,529494,54359,,loaded_native_returns,101,0,application/json; charset=utf-8,529494,,server_representation_metadata; not native message publication or verified edit time
e7c5cd68e2f4db60da21549c,python_list_archive,content,https://mail.python.org/pipermail/python-list/2007-December.txt,2026-10-10T07:29:40.068155+00:00,200,saved,work_packages/M1_source_access/27_newspaper_context_recovery_20261008/social_public_api/continuations/20261010_broader_history_four_hour/worker/raw/e7c5cd68e2f4db60da21549c.bin.gz,a66ab6fb09125f0c56691c6eb70e9ae8121960e792d12386718670d3676928a0,bf835a4aa4c34debbb0f9909a9323d1af6302283402f6a349e2e3bae746224c8,6210097,2403701,,loaded_native_returns,3736,0,text/plain,6210097,"Mon, 28 Oct 2019 09:49:20 GMT",server_representation_metadata; not native message publication or verified edit time
e7d4c37f3699251968bd14d0,straight_dope,content,https://boards.straightdope.com/t/35.json,2026-10-10T06:04:49.950294+00:00,200,saved,work_packages/M1_source_access/27_newspaper_context_recovery_20261008/social_public_api/continuations/20261010_broader_history_four_hour/worker/raw/e7d4c37f3699251968bd14d0.bin.gz,7cbb422d8c144407a9c2fe66f474b96317fcfeb767a8782e9f22cd2bf28b04ab,99d9a35e760b18b3a2b1194ab5166454f356464a3a34006eca78fc3d1dc7c3ad,16780,3837,,loaded_native_returns,4,0,application/json; charset=utf-8,16780,,server_representation_metadata; not native message publication or verified edit time
e842e86aa1d5ad113a581018,mastodon_uk,content,https://mastodon.me.uk/api/v1/timelines/public?local=true&limit=40&max_id=116105171770064915,2026-10-10T09:34:05.636312+00:00,200,saved,work_packages/M1_source_access/27_newspaper_context_recovery_20261008/social_public_api/continuations/20261010_broader_history_four_hour/worker/raw/e842e86aa1d5ad113a581018.bin.gz,081dcee45c36e698edd4ec3346eecb0325b3eced0f9dad9631ea89d0b77e36f6,c836943dc0383de612a76e2a11af3d7dc6493562ab73543caacaaeead79b1279,139524,21654,,loaded_native_returns,40,0,application/json; charset=utf-8,139524,,server_representation_metadata; not native message publication or verified edit time
e8b0ec8c25cea9d0efda86a6,python_discourse,content,https://discuss.python.org/t/436/posts.json?post_ids%5B%5D=2121&post_ids%5B%5D=2122&post_ids%5B%5D=2124&post_ids%5B%5D=2126&post_ids%5B%5D=2133&post_ids%5B%5D=2153&post_ids%5B%5D=2155&post_ids%5B%5D=2162&post_ids%5B%5D=2163&post_ids%5B%5D=2164&post_ids%5B%5D=2165&post_ids%5B%5D=2168&post_ids%5B%5D=2182&post_ids%5B%5D=2209&post_ids%5B%5D=2222&post_ids%5B%5D=2234&post_ids%5B%5D=2236&post_ids%5B%5D=2239&post_ids%5B%5D=2244&post_ids%5B%5D=2245,2026-10-10T06:17:23.656535+00:00,200,saved,work_packages/M1_source_access/27_newspaper_context_recovery_20261008/social_public_api/continuations/20261010_broader_history_four_hour/worker/raw/e8b0ec8c25cea9d0efda86a6.bin.gz,3f041dd111f808c26b3f3f294a3227bfcfb1aeb9c24a88db69c77545f878b84b,913ded5fc5c108271df225f48d4643c3cdc8beb29ec5f66bb169a8bfd7a92783,110087,19810,,loaded_native_returns,21,0,application/json; charset=utf-8,110087,,server_representation_metadata; not native message publication or verified edit time
e91a76e9ea1d26fdf0b2ecbf,python_discourse,content,https://discuss.python.org/t/520.json,2026-10-10T07:09:35.523269+00:00,200,saved,work_packages/M1_source_access/27_newspaper_context_recovery_20261008/social_public_api/continuations/20261010_broader_history_four_hour/worker/raw/e91a76e9ea1d26fdf0b2ecbf.bin.gz,7aa7b9f25e4444162cc3ad245a2c95dddf40d209dad16234156eab1c6af2e271,ebe3493813863c34b2098a2fc4b64c280bad7de9d84cfe68ee1806682fd22ef5,14966,3452,,loaded_native_returns,3,0,application/json; charset=utf-8,14966,,server_representation_metadata; not native message publication or verified edit time
e9832df29856ba8f6d29a3bc,osm_discourse,content,https://community.openstreetmap.org/t/32483.json,2026-10-10T08:38:44.517372+00:00,200,saved,work_packages/M1_source_access/27_newspaper_context_recovery_20261008/social_public_api/continuations/20261010_broader_history_four_hour/worker/raw/e9832df29856ba8f6d29a3bc.bin.gz,178d1a40b8ce1fc580bd07299c9e45a10f04c7ccb1328d76a3325e898c2d2dac,30bff9f0aea18caef3088f26c34756a3c8dcf863e7266c3f448aed1ed40b6fc1,16744,4101,,loaded_native_returns,3,0,application/json; charset=utf-8,16744,,server_representation_metadata; not native message publication or verified edit time
e9bc4dcfcedf274e2db41f49,python_discourse,content,https://discuss.python.org/t/700.json,2026-10-10T09:35:51.388382+00:00,200,saved,work_packages/M1_source_access/27_newspaper_context_recovery_20261008/social_public_api/continuations/20261010_broader_history_four_hour/worker/raw/e9bc4dcfcedf274e2db41f49.bin.gz,388317b53c946f1f80a32b8c83c78763863c5e145a880e3b5c7f6e7f80d1a038,8408e30bae141f02cf07d5cdbb3aa801b017a9c3c050db9d0a351fcde2945448,11220,3515,,loaded_native_returns,2,0,application/json; charset=utf-8,11220,,server_representation_metadata; not native message publication or verified edit time
e9eaac0256910cf6fc1430d6,w3_wwwtalk,content,https://lists.w3.org/Archives/Public/www-talk/1992MayJun/0026.html,2026-10-10T06:03:16.855024+00:00,200,saved,work_packages/M1_source_access/27_newspaper_context_recovery_20261008/social_public_api/continuations/20261010_broader_history_four_hour/worker/raw/e9eaac0256910cf6fc1430d6.bin.gz,3fa93d3484fb9ad47c0ecdd98940480830b5a1a419586bc06637f8b568ed207d,3edc702eeeafb7020eaca43a4ccd3228be1bf7655feee9b1abcbc5eef6269abb,3356,1277,,loaded_native_returns,1,0,text/html,,"Mon, 04 Aug 2003 15:50:20 GMT",server_representation_metadata; not native message publication or verified edit time
e9f5733b00458d650cde02fe,thesession,content,https://thesession.org/discussions/3,2026-10-10T07:44:19.683765+00:00,200,saved,work_packages/M1_source_access/27_newspaper_context_recovery_20261008/social_public_api/continuations/20261010_broader_history_four_hour/worker/raw/e9f5733b00458d650cde02fe.bin.gz,6c72aadaad422f342fd54f761632eeeb343f64d9d00f338ac31d671fa32bc725,233eddc4f5b476eb3c74f0a067e425da4076ab17d11e594ce1b674a6dac71d5f,69029,15972,,loaded_native_returns,9,0,text/html; charset=utf-8,,,server_representation_metadata; not native message publication or verified edit time
ea0faba6e5db23277881c681,w3_wwwtalk,content,https://lists.w3.org/Archives/Public/www-talk/1992JulAug/0020.html,2026-10-10T08:21:10.740043+00:00,200,saved,work_packages/M1_source_access/27_newspaper_context_recovery_20261008/social_public_api/continuations/20261010_broader_history_four_hour/worker/raw/ea0faba6e5db23277881c681.bin.gz,b9e0090d80cb7f083460d4701f5abc2464214ae78502fbe4a9cb6848e0d5356f,95c3fce8721146c321251e5c1d11668dbef064948cf1cf1e440101f163a27fff,5114,2001,,loaded_native_returns,1,0,text/html,,"Mon, 04 Aug 2003 15:50:19 GMT",server_representation_metadata; not native message publication or verified edit time
ea2114e87364cdfe6c07cddb,thesession,source_metadata,https://thesession.org/discussions/new?format=json&perpage=50,2026-10-10T07:30:28.347962+00:00,200,saved,work_packages/M1_source_access/27_newspaper_context_recovery_20261008/social_public_api/continuations/20261010_broader_history_four_hour/worker/raw/ea2114e87364cdfe6c07cddb.bin.gz,229f0919f26c3b040b72240c32af3c0aa90d6d534acd795339f7bd8c891a192b,5208af8b35de5b5d76183ac73f68f3fd083b6ca3ff9fe70c3b8214c0f10ab3c4,20641,3200,,noncontent_access_policy_or_frame_metadata,0,0,application/json; charset=utf-8,,,server_representation_metadata; not native message publication or verified edit time
ea5c5ab3527a261ede4aee47,mastodon_au,content,https://aus.social/api/v1/timelines/public?local=true&limit=40&max_id=116960561631644034,2026-10-10T06:05:47.417270+00:00,200,saved,work_packages/M1_source_access/27_newspaper_context_recovery_20261008/social_public_api/continuations/20261010_broader_history_four_hour/worker/raw/ea5c5ab3527a261ede4aee47.bin.gz,f058fe9e04ec29c937aebcbca96aba8460ba1f70f5f789f1a79345275762fa2a,e7921f3edc12f827b8ef2f07ee9db304d8bfd6dca905dd8195d69b43def15d6c,138100,24903,,loaded_native_returns,40,0,application/json; charset=utf-8,138100,,server_representation_metadata; not native message publication or verified edit time
ea627a63105899222df24312,tildes,content,https://tildes.net/~tildes.official/167q/thoughts_on_making_tildes_groups_more_independent,2026-10-10T06:26:32.208208+00:00,200,saved,work_packages/M1_source_access/27_newspaper_context_recovery_20261008/social_public_api/continuations/20261010_broader_history_four_hour/worker/raw/ea627a63105899222df24312.bin.gz,0a29d00b84dc12bd2ca0c07d8071b3fdaf1ca8192f11bb2454bebb8267eacbb2,1f93cff76e088ac2dad4ea9dea2c02ee593759cc729f5e78bd23c72bbf6d2eb9,954521,152350,,loaded_native_returns,375,0,text/html; charset=UTF-8,954521,,server_representation_metadata; not native message publication or verified edit time
eab50679eb3e34991488c5ff,osm_discourse,content,https://community.openstreetmap.org/t/32511.json,2026-10-10T08:51:32.571665+00:00,200,saved,work_packages/M1_source_access/27_newspaper_context_recovery_20261008/social_public_api/continuations/20261010_broader_history_four_hour/worker/raw/eab50679eb3e34991488c5ff.bin.gz,0b5e77fec65ebfea91fe01a8d23b2d70545cc490a38c428054620a41898c87cd,2f24450518f3aa0268d3b3f104510ac31e1d197ba180b7041242de7f9aa8613d,16622,3806,,loaded_native_returns,4,0,application/json; charset=utf-8,16622,,server_representation_metadata; not native message publication or verified edit time
eb011923eaa51bea80761c1f,hackernews,content,https://hacker-news.firebaseio.com/v0/item/160.json,2026-10-10T07:25:47.161832+00:00,200,saved,work_packages/M1_source_access/27_newspaper_context_recovery_20261008/social_public_api/continuations/20261010_broader_history_four_hour/worker/raw/eb011923eaa51bea80761c1f.bin.gz,097daa52464db958a43f80bb37635168ff27833b61b686a5483a25d487f450f2,12def8d7224b698913a8e81912715bc6493f3965689cb3b1feaafa8f263966fe,213,194,,loaded_native_returns,1,0,application/json; charset=utf-8,213,,server_representation_metadata; not native message publication or verified edit time
eb349a2603ea472ecc0c69ff,w3_wwwtalk,content,https://lists.w3.org/Archives/Public/www-talk/1992JulAug/0037.html,2026-10-10T09:23:02.106702+00:00,200,saved,work_packages/M1_source_access/27_newspaper_context_recovery_20261008/social_public_api/continuations/20261010_broader_history_four_hour/worker/raw/eb349a2603ea472ecc0c69ff.bin.gz,a5fecd2b5feab0f61fc7ec838a10098c4f9261f6af4c033d78b271e6cd657029,94bdb8eebaec7c84648b4ff18d65d30e94b8420c50dd1373459669ee913ceb12,3503,1184,,loaded_native_returns,1,0,text/html,,"Mon, 04 Aug 2003 15:50:19 GMT",server_representation_metadata; not native message publication or verified edit time
eb4d2760a8f3164e5cb6fabf,osm_discourse,content,https://community.openstreetmap.org/t/32238.json,2026-10-10T06:06:28.650489+00:00,200,saved,work_packages/M1_source_access/27_newspaper_context_recovery_20261008/social_public_api/continuations/20261010_broader_history_four_hour/worker/raw/eb4d2760a8f3164e5cb6fabf.bin.gz,22539632fc84b007dffec1be3c27ad8619a74452773ae8c70490e147e4fb8d41,7fc642c18ceb2fab55d5d3a8a1b857ec622e7202a1d24c7e3cb4b89d54b73398,23543,5389,,loaded_native_returns,6,0,application/json; charset=utf-8,23543,,server_representation_metadata; not native message publication or verified edit time
eb683c34b5328924023aef7f,w3_wwwtalk,content,https://lists.w3.org/Archives/Public/www-talk/1992MayJun/0063.html,2026-10-10T07:19:44.358965+00:00,200,saved,work_packages/M1_source_access/27_newspaper_context_recovery_20261008/social_public_api/continuations/20261010_broader_history_four_hour/worker/raw/eb683c34b5328924023aef7f.bin.gz,dcbfeddcf3a18ebd0858b1e9c5fad38ac2cf68464ed621cd3762e4da7c9f4fe2,ad4b8da127c516b6dabc59c8fa07edade0687b059aa66318efbaebf52a52513f,7775,3205,,loaded_native_returns,1,0,text/html,,"Mon, 04 Aug 2003 15:50:20 GMT",server_representation_metadata; not native message publication or verified edit time
eb73f7c5ab4e1eb2cfcf4fca,tildes,content,https://tildes.net/~tildes.official/177q/lets_add_and_rearrange_some_groups_a_few_notes_about_other_short_term_plans,2026-10-10T06:37:59.190999+00:00,200,saved,work_packages/M1_source_access/27_newspaper_context_recovery_20261008/social_public_api/continuations/20261010_broader_history_four_hour/worker/raw/eb73f7c5ab4e1eb2cfcf4fca.bin.gz,93d40db904586c3b4f0d04dcc63bb8b3b8745342fc372d7a701892f58ec60fc1,a5960e70c6f5a30030aca1f45f29a4c3b79ad832d874fd32478376f119a82890,1715696,219078,,loaded_native_returns,731,0,text/html; charset=UTF-8,1715696,,server_representation_metadata; not native message publication or verified edit time
eba28261994143f1eec05e2a,mastodon_au,content,https://aus.social/api/v1/timelines/public?local=true&limit=40&max_id=116899412040866373,2026-10-10T09:42:20.862433+00:00,200,saved,work_packages/M1_source_access/27_newspaper_context_recovery_20261008/social_public_api/continuations/20261010_broader_history_four_hour/worker/raw/eba28261994143f1eec05e2a.bin.gz,44ed40cd3108b2e26a9d53f1fd4f7fa953f82d497837ba652ee3cb2eabaedd28,95de8cbbd9a74ef754bcffe41fc2ab74ac09a1fb7706bf948c50cbda88e2271a,171262,29992,,loaded_native_returns,40,0,application/json; charset=utf-8,171262,,server_representation_metadata; not native message publication or verified edit time
ec3d8c0c46276d0d39940bff,hackernews,content,https://hacker-news.firebaseio.com/v0/item/169.json,2026-10-10T07:44:44.158129+00:00,200,saved,work_packages/M1_source_access/27_newspaper_context_recovery_20261008/social_public_api/continuations/20261010_broader_history_four_hour/worker/raw/ec3d8c0c46276d0d39940bff.bin.gz,0778c6c52134c6e8116979c47cb575cc823aa5d46317f4b131c8b4050bf8e6f2,b271118ff6c4c945d7e9f97fe36b07bbd45995f4c955f92bbe94954d3489bb2f,158,147,,loaded_native_returns,1,0,application/json; charset=utf-8,158,,server_representation_metadata; not native message publication or verified edit time
ec70ef08c4b3f5601409ce59,lemmy_nz,content,https://lemmy.nz/api/v3/comment/list?type_=Local&sort=Old&limit=50&page=2&post_id=186831,2026-10-10T07:45:43.264461+00:00,200,saved,work_packages/M1_source_access/27_newspaper_context_recovery_20261008/social_public_api/continuations/20261010_broader_history_four_hour/worker/raw/ec70ef08c4b3f5601409ce59.bin.gz,9efdb10c81eaf55dc95e4320d1f02441576a405fb0551d5b8f1905bc0728f854,4fa14da49dc015f30581863a05d74d4091152f4549146526e99de651d5809edf,15,35,,loaded_native_returns,0,0,application/json,15,,server_representation_metadata; not native message publication or verified edit time
ecf6dbcfe59ddd5c6f397066,python_list_archive,content,https://mail.python.org/pipermail/python-list/2010-July.txt,2026-10-10T08:37:08.550759+00:00,200,saved,work_packages/M1_source_access/27_newspaper_context_recovery_20261008/social_public_api/continuations/20261010_broader_history_four_hour/worker/raw/ecf6dbcfe59ddd5c6f397066.bin.gz,843d6c664ff68e3b9ceac3f2958f6fcf8803802ba6ef95665da86f926c12603f,3764d607e823799d25254e81f21c635156a0968d2d46f19c90472ba709d4c7a4,9579524,2630454,,loaded_native_returns,5176,0,text/plain,9579524,"Mon, 28 Oct 2019 10:07:11 GMT",server_representation_metadata; not native message publication or verified edit time
ecf8097a66d95b2fd9078109,osm_discourse,content,https://community.openstreetmap.org/t/32287.json,2026-10-10T06:39:00.596386+00:00,200,saved,work_packages/M1_source_access/27_newspaper_context_recovery_20261008/social_public_api/continuations/20261010_broader_history_four_hour/worker/raw/ecf8097a66d95b2fd9078109.bin.gz,398d1edc29e684d30d72f2aadde9c6f2ffab367c9bfb26baa9a1b3443dd598d7,8dec9bdc4f96140da44b385f310cf5ec504f9e413c3133e393de7b5c31e1ba36,13040,3144,,loaded_native_returns,2,0,application/json; charset=utf-8,13040,,server_representation_metadata; not native message publication or verified edit time
ee1bf2ee24846a4725eb780a,mastodon_us,content,https://sfba.social/api/v1/timelines/public?local=true&limit=40&max_id=116920859113934616,2026-10-10T06:42:31.605920+00:00,200,saved,work_packages/M1_source_access/27_newspaper_context_recovery_20261008/social_public_api/continuations/20261010_broader_history_four_hour/worker/raw/ee1bf2ee24846a4725eb780a.bin.gz,f11708c687be34b10ff5aaba1615c2e5b5de36d8b253130d554fae1caa15f2db,54596115e09ce535585a78766bf3eccb69711a6cc60dbe443096190c706f60d8,140273,22153,,loaded_native_returns,40,0,application/json; charset=utf-8,140273,,server_representation_metadata; not native message publication or verified edit time
ee2904c7a23dfd574495894b,hackernews,content,https://hacker-news.firebaseio.com/v0/item/134.json,2026-10-10T06:30:55.725344+00:00,200,saved,work_packages/M1_source_access/27_newspaper_context_recovery_20261008/social_public_api/continuations/20261010_broader_history_four_hour/worker/raw/ee2904c7a23dfd574495894b.bin.gz,4c2e79fff2a0a77599ccce1976b1f91d504133da934fafb0ac056b6c32e926f8,b9a7db1d9e4e536759b03e8169ea6cea4aed82766b10df0c8b3805f0fdef8698,242,200,,loaded_native_returns,1,0,application/json; charset=utf-8,242,,server_representation_metadata; not native message publication or verified edit time
ee76303b21543055fe62a571,tildes,content,https://tildes.net/~games/1w3k/world_of_warcraft_forever_cinematic_trailer,2026-10-10T09:42:08.188852+00:00,200,saved,work_packages/M1_source_access/27_newspaper_context_recovery_20261008/social_public_api/continuations/20261010_broader_history_four_hour/worker/raw/ee76303b21543055fe62a571.bin.gz,b1e81077423157b815dd8c48a0dc43b4037e1f910feadeddcb17ac559f3f9a1a,8a94d4d3e5eb2fe958c314e8db695b46d0052805276384d09f1bfe48b6e05b7e,51329,8453,,loaded_native_returns,22,0,text/html; charset=UTF-8,51329,,server_representation_metadata; not native message publication or verified edit time
eef27e966a93efc09c3eb8ba,straight_dope,content,https://boards.straightdope.com/t/1025298/posts.json?post_ids%5B%5D=25854975&post_ids%5B%5D=25855110&post_ids%5B%5D=25855113&post_ids%5B%5D=25855193&post_ids%5B%5D=25855201&post_ids%5B%5D=25855287&post_ids%5B%5D=25855369&post_ids%5B%5D=25855415&post_ids%5B%5D=25855423&post_ids%5B%5D=25855427&post_ids%5B%5D=25855428&post_ids%5B%5D=25855437&post_ids%5B%5D=25855573&post_ids%5B%5D=25855649&post_ids%5B%5D=25855674&post_ids%5B%5D=25855682&post_ids%5B%5D=25855725&post_ids%5B%5D=25856013&post_ids%5B%5D=25856074&post_ids%5B%5D=25856110,2026-10-10T07:38:19.639288+00:00,200,saved,work_packages/M1_source_access/27_newspaper_context_recovery_20261008/social_public_api/continuations/20261010_broader_history_four_hour/worker/raw/eef27e966a93efc09c3eb8ba.bin.gz,85213380bac4e6c63ffcaaef2558cf5833137f282f628f41e5081f75673dd860,d77dc4e4fe9f78caf35ed72790b2485c8a8e764a5937d73044aee08c1ce6064c,105221,22497,,loaded_native_returns,21,0,application/json; charset=utf-8,105221,,server_representation_metadata; not native message publication or verified edit time
ef052ef4ddf9cc981d479086,python_list_archive,content,https://mail.python.org/pipermail/python-list/2009-April.txt,2026-10-10T08:07:36.166521+00:00,200,saved,work_packages/M1_source_access/27_newspaper_context_recovery_20261008/social_public_api/continuations/20261010_broader_history_four_hour/worker/raw/ef052ef4ddf9cc981d479086.bin.gz,75f7ea68feee3503c3c8c9639dc15adb3e2a7b896fbc3cb5b96e02a651581a2d,d77879d0ede2a23f5558e021cf3eb8f9bcac8108aca3bf2b5f4d6977de3b3b5c,13807547,4007114,,loaded_native_returns,8630,0,text/plain,13807547,"Mon, 28 Oct 2019 09:57:50 GMT",server_representation_metadata; not native message publication or verified edit time
ef626b0e0712b73e78120900,lemmy_nz,content,https://lemmy.nz/api/v3/comment/list?type_=Local&sort=Old&limit=50&page=2&post_id=175339,2026-10-10T06:28:32.362848+00:00,200,saved,work_packages/M1_source_access/27_newspaper_context_recovery_20261008/social_public_api/continuations/20261010_broader_history_four_hour/worker/raw/ef626b0e0712b73e78120900.bin.gz,9efdb10c81eaf55dc95e4320d1f02441576a405fb0551d5b8f1905bc0728f854,4fa14da49dc015f30581863a05d74d4091152f4549146526e99de651d5809edf,15,35,,loaded_native_returns,0,0,application/json,15,,server_representation_metadata; not native message publication or verified edit time
ef89dad7f5582aceeb21add9,tildes,content,https://tildes.net/~health/1w40/superhuman_ai_tool_spots_heart_disease_in_less_than_two_seconds,2026-10-10T08:20:25.909011+00:00,200,saved,work_packages/M1_source_access/27_newspaper_context_recovery_20261008/social_public_api/continuations/20261010_broader_history_four_hour/worker/raw/ef89dad7f5582aceeb21add9.bin.gz,b9631b0c00aa7707ed61c4a8d019f4e837a24d6af5e9986bc27bf9816b6d789d,9dc162919e9015ba0158004f5d79127e0f0bfaed2d4e088b532bbf56b9097d4d,41461,8685,,loaded_native_returns,13,0,text/html; charset=UTF-8,41461,,server_representation_metadata; not native message publication or verified edit time
efb82261bc4b358d7ac9a4e2,lemmy_nz,content,https://lemmy.nz/api/v3/comment/list?type_=Local&sort=Old&limit=50&page=1&post_id=171460,2026-10-10T06:11:52.719749+00:00,200,saved,work_packages/M1_source_access/27_newspaper_context_recovery_20261008/social_public_api/continuations/20261010_broader_history_four_hour/worker/raw/efb82261bc4b358d7ac9a4e2.bin.gz,ac474b962bee0e2996de75f3fd80fe18281ff54f16fa8103700bf66fd17857f2,9c52d4f2ce4b933178147b60df8dd2e63aae547c21fbe07bc0f05ffb27c5b346,22695,3670,,loaded_native_returns,12,0,application/json,22695,,server_representation_metadata; not native message publication or verified edit time
effb071978abcd5946310a9f,w3_wwwtalk,content,https://lists.w3.org/Archives/Public/www-talk/1992JulAug/,2026-10-10T07:38:05.243195+00:00,200,saved,work_packages/M1_source_access/27_newspaper_context_recovery_20261008/social_public_api/continuations/20261010_broader_history_four_hour/worker/raw/effb071978abcd5946310a9f.bin.gz,5fda5fdd26f4a70d251f9276c3443645608508198f11d8b9cf2f56fa3ab30fdf,8a15aaf4da3075bfb9ba705370f5d8d57f8fd7339c21a87003418d92cf125657,10157,2261,,loaded_native_returns,0,0,text/html,,"Wed, 08 Jul 1998 14:08:23 GMT",server_representation_metadata; not native message publication or verified edit time
f008f6227c52e8033eb3f06c,python_list_archive,content,https://mail.python.org/pipermail/python-list/2012-May.txt,2026-10-10T09:41:57.397177+00:00,200,saved,work_packages/M1_source_access/27_newspaper_context_recovery_20261008/social_public_api/continuations/20261010_broader_history_four_hour/worker/raw/f008f6227c52e8033eb3f06c.bin.gz,521bb06e9ccec5e0eed85d1c19ab340017868ccb0a1132d124ddb29b40f3b43e,8b6cb37b57aa9eb9361a984d0d8793f87839cfcbdb8c171ab8d7ee7b8d7698fc,3184334,864765,,loaded_native_returns,1831,0,text/plain,3184334,"Mon, 28 Oct 2019 10:14:27 GMT",server_representation_metadata; not native message publication or verified edit time
f00daf11c6be99170d2583a7,lemmy_nz,content,https://lemmy.nz/api/v3/comment/list?type_=Local&sort=Old&limit=50&page=1&post_id=183330,2026-10-10T07:07:15.077043+00:00,200,saved,work_packages/M1_source_access/27_newspaper_context_recovery_20261008/social_public_api/continuations/20261010_broader_history_four_hour/worker/raw/f00daf11c6be99170d2583a7.bin.gz,b68817b1496ecd074297730f07a7d46b064a50f2481861571960c3905279b68d,8a852042b8a18f12f8166dffc8113ef8f31ee00ea9330e8200ffd22cbdc27ad2,53649,4547,,loaded_native_returns,32,0,application/json,53649,,server_representation_metadata; not native message publication or verified edit time
f01ed33fc5f674bfe0168d51,tildes,content,https://tildes.net/~tech/163e/reddit_appears_to_be_down_during_blackout_day_1,2026-10-10T09:27:39.307841+00:00,200,saved,work_packages/M1_source_access/27_newspaper_context_recovery_20261008/social_public_api/continuations/20261010_broader_history_four_hour/worker/raw/f01ed33fc5f674bfe0168d51.bin.gz,5c9de7250622da117964df5d8a52af822e11b76f5a43ad07d22dfb4247fede83,6b182ce75988e1a25ec22b5f963101a1b42ce1a81540e8c354153b950e61e318,276112,29185,,loaded_native_returns,149,0,text/html; charset=UTF-8,276112,,server_representation_metadata; not native message publication or verified edit time
f0434d485099fe4871343f69,mastodon_us,content,https://sfba.social/api/v1/timelines/public?local=true&limit=40&max_id=116916173144829507,2026-10-10T07:00:28.929666+00:00,200,saved,work_packages/M1_source_access/27_newspaper_context_recovery_20261008/social_public_api/continuations/20261010_broader_history_four_hour/worker/raw/f0434d485099fe4871343f69.bin.gz,116df524e79a361add226df5b748f2edf4a3fa846b46bd9399ecb85c8ff9793e,b9e5dc7f8264dac1aeb5c642d7b061ad0ece8d2d3749922e464f17627dd0cf0e,141913,18875,,loaded_native_returns,40,0,application/json; charset=utf-8,141913,,server_representation_metadata; not native message publication or verified edit time
f08c1c7bd591342e60984262,bluesky,content,https://public.api.bsky.app/xrpc/app.bsky.feed.getAuthorFeed?actor=did%3Aplc%3Aragtjsm2j2vknwkz3zp4oxrd&limit=100&filter=posts_with_replies&includePins=false&cursor=2023-09-21T17%3A34%3A40.518Z,2026-10-10T08:02:35.292596+00:00,200,saved,work_packages/M1_source_access/27_newspaper_context_recovery_20261008/social_public_api/continuations/20261010_broader_history_four_hour/worker/raw/f08c1c7bd591342e60984262.bin.gz,74cc06d7143397d6df183f4d62a9d72f60d536d6aac8b6be0de885c1176d006b,502b63715c2e9c43174efd919961c83fe79c99d9ef7c073ebc7faf0a744386b8,452172,47804,,loaded_native_returns,104,0,application/json; charset=utf-8,452172,,server_representation_metadata; not native message publication or verified edit time
f09fcce5007c1d4f1b7da77e,hackernews,content,https://hacker-news.firebaseio.com/v0/item/214.json,2026-10-10T09:36:02.273805+00:00,200,saved,work_packages/M1_source_access/27_newspaper_context_recovery_20261008/social_public_api/continuations/20261010_broader_history_four_hour/worker/raw/f09fcce5007c1d4f1b7da77e.bin.gz,bdeea1c61c5ea890ba02f564ae7fc545b3a1ef4d8f15a4ba8b1747386730f1e4,f8bba8ff71809443a00e300102e448d6da266f5a68de76ec8014701c6dd5a2a2,175,165,,loaded_native_returns,1,0,application/json; charset=utf-8,175,,server_representation_metadata; not native message publication or verified edit time
f0c31cc18b5a11cd682efe7d,bluesky,content,https://public.api.bsky.app/xrpc/app.bsky.feed.getAuthorFeed?actor=did%3Aplc%3At5pur7eruxfgxy7ynpfrmg2w&limit=100&filter=posts_with_replies&includePins=false&cursor=2025-07-14T06%3A16%3A41.154Z,2026-10-10T08:36:17.248458+00:00,200,saved,work_packages/M1_source_access/27_newspaper_context_recovery_20261008/social_public_api/continuations/20261010_broader_history_four_hour/worker/raw/f0c31cc18b5a11cd682efe7d.bin.gz,671b4faef570a4e596af435ffc27358b5290898e4fee4bc69bd79eff9ce17fe9,5e3740569dfafe6262830c4b2c86c932bf1c4853f30883f26633595ab585e780,622623,65386,,loaded_native_returns,100,0,application/json; charset=utf-8,622623,,server_representation_metadata; not native message publication or verified edit time
f13df3d8ae5633f1a0f91908,mpls_issues_freedom2_archive,source_metadata,https://www.mail-archive.com/mpls-issues@freedom2.mtn.org/msg00000.html,2026-10-10T06:42:38.862627+00:00,200,saved,work_packages/M1_source_access/27_newspaper_context_recovery_20261008/social_public_api/continuations/20261010_broader_history_four_hour/worker/raw/f13df3d8ae5633f1a0f91908.bin.gz,f33cfae6b5b515cf0d3eccb9887b56b44569bf94cf3f33d530e2a71ca90127cd,eabd0d63b5885fdc1421871848efadd6838250e5c2c16134ce73f72e87c0d2e4,7947,3227,,noncontent_access_policy_or_frame_metadata,0,0,text/html; charset=utf-8,,,server_representation_metadata; not native message publication or verified edit time
f16e6de458a0c99eae730cce,tildes,content,https://tildes.net/?order=new&period=all&after=1wa2,2026-10-10T06:32:00.447595+00:00,200,saved,work_packages/M1_source_access/27_newspaper_context_recovery_20261008/social_public_api/continuations/20261010_broader_history_four_hour/worker/raw/f16e6de458a0c99eae730cce.bin.gz,2d60669c07536af7bc65d0ccb6dd40d7bbd390a32832af158a89955b2378eb80,2bc090bc7bdaf2f15ac7d790782626c3384fe84dc549b49659426e7d2b148100,124606,23226,,loaded_native_returns,50,0,text/html; charset=UTF-8,124606,,server_representation_metadata; not native message publication or verified edit time
f18845918f80cdcb26ea366d,python_discourse,content,https://discuss.python.org/t/563.json,2026-10-10T07:34:59.156723+00:00,200,saved,work_packages/M1_source_access/27_newspaper_context_recovery_20261008/social_public_api/continuations/20261010_broader_history_four_hour/worker/raw/f18845918f80cdcb26ea366d.bin.gz,045123bc8cfbba8d6b62d264c7e79f0093653c884c382df51be62e03db0a1931,6b9874756112925d3d1ff92ea422dd1e6c9d72c705f0c164b2f95e4a9363983c,52060,7395,,loaded_native_returns,21,0,application/json; charset=utf-8,52060,,server_representation_metadata; not native message publication or verified edit time
f21238a083cd5e94595084ba,tildes,content,https://tildes.net/~tech/15lt/reddit_is_going_to_enforce_rate_limiting_the_apis_free_tier_as_well_as_charging_for_higher_rates,2026-10-10T07:57:18.171160+00:00,200,saved,work_packages/M1_source_access/27_newspaper_context_recovery_20261008/social_public_api/continuations/20261010_broader_history_four_hour/worker/raw/f21238a083cd5e94595084ba.bin.gz,4b8ccf03d8185be83cbb878e10fb27e7261d5db4c10c67df16aecebb1051fcdc,25524580e342c2513fcba76451c9f5b69a9b2216394cbfa582b9e972b3564a4c,453866,55354,,loaded_native_returns,206,0,text/html; charset=UTF-8,453866,,server_representation_metadata; not native message publication or verified edit time
f21d1a69718dc21ed851f2dd,osm_discourse,content,https://community.openstreetmap.org/t/32514.json,2026-10-10T09:23:15.347237+00:00,200,saved,work_packages/M1_source_access/27_newspaper_context_recovery_20261008/social_public_api/continuations/20261010_broader_history_four_hour/worker/raw/f21d1a69718dc21ed851f2dd.bin.gz,153cf999df0db96cb927b16df69c5706802a99ad9948bec333a2bb4a94b12dcb,01da11469f46db4d0f9b3417b83e78784f64d8ff8c7512f7ad5581567eb85b14,36402,7185,,loaded_native_returns,9,0,application/json; charset=utf-8,36402,,server_representation_metadata; not native message publication or verified edit time
f23ed7d1f119647f302931e7,python_list_archive,content,https://mail.python.org/pipermail/python-list/2011-July.txt,2026-10-10T09:28:45.719217+00:00,200,saved,work_packages/M1_source_access/27_newspaper_context_recovery_20261008/social_public_api/continuations/20261010_broader_history_four_hour/worker/raw/f23ed7d1f119647f302931e7.bin.gz,82f76372b4bd2b3285624758b8eb3f6d199d8771ba85e704f2ee7825a24a6046,b486bcfbae3bd50e450cab09340e878b26828ae333258aa841152a2672cc5f49,7280509,1987705,,loaded_native_returns,4322,0,text/plain,7280509,"Mon, 28 Oct 2019 10:11:49 GMT",server_representation_metadata; not native message publication or verified edit time
f2c923ae8e4dd2f6c5c5b9d7,python_discourse,content,https://discuss.python.org/t/621.json,2026-10-10T08:11:13.132598+00:00,200,saved,work_packages/M1_source_access/27_newspaper_context_recovery_20261008/social_public_api/continuations/20261010_broader_history_four_hour/worker/raw/f2c923ae8e4dd2f6c5c5b9d7.bin.gz,1c379db920be1af89085b7f41d441a50a2ce3258edde1776df595e7ba86d6631,60960728f2274d5bcb10706af0800c6947b7448866acaaba9f57473c34a620b2,50738,6642,,loaded_native_returns,21,0,application/json; charset=utf-8,50738,,server_representation_metadata; not native message publication or verified edit time
f2ca56f9b420f49952f5f343,lemmy_nz,content,https://lemmy.nz/api/v3/comment/list?type_=Local&sort=Old&limit=50&page=1&post_id=211801,2026-10-10T09:30:32.786866+00:00,200,saved,work_packages/M1_source_access/27_newspaper_context_recovery_20261008/social_public_api/continuations/20261010_broader_history_four_hour/worker/raw/f2ca56f9b420f49952f5f343.bin.gz,c6c9a3597d5dbde7baf2b1bc87be25bbcbd64585941e03e3de2804820d0e00f2,bdda37a9e6cee8a69a25ea47514644408f9225bb03acd6ab22439e2cbf6bfd90,14151,2558,,loaded_native_returns,12,0,application/json,14151,,server_representation_metadata; not native message publication or verified edit time
f2cca71915a4b1bde7644515,dowire_tc_umn,content,https://www.mail-archive.com/do-wire%40tc.umn.edu/msg00010.html,2026-10-10T06:53:35.508765+00:00,200,saved,work_packages/M1_source_access/27_newspaper_context_recovery_20261008/social_public_api/continuations/20261010_broader_history_four_hour/worker/raw/f2cca71915a4b1bde7644515.bin.gz,1dbcd5ad60fce1530ec2c3046fb26455a2445e9ec271af5d36377a4889a27735,ff67eb1fe0925e8fca872f8cb80b783787f894d3d92cbbca84979c93024ff320,11726,4819,,loaded_native_returns,1,0,text/html; charset=utf-8,,,server_representation_metadata; not native message publication or verified edit time
f2ce28fbcaf919f4f7b22162,mastodon_uk,content,https://mastodon.me.uk/api/v1/timelines/public?local=true&limit=40&max_id=116109135577501788,2026-10-10T09:31:50.191281+00:00,200,saved,work_packages/M1_source_access/27_newspaper_context_recovery_20261008/social_public_api/continuations/20261010_broader_history_four_hour/worker/raw/f2ce28fbcaf919f4f7b22162.bin.gz,818236d3f3e1da8e2671d9516a00938946fed80cf04deac022d114b2fdd701d9,fa7e8fb9bd8f38ac6770cc62c20dff27a5dd7c933bcb5ab2750baabb6bf833c7,137791,20295,,loaded_native_returns,40,0,application/json; charset=utf-8,137791,,server_representation_metadata; not native message publication or verified edit time
f333cb32793770318e1e939f,w3_wwwtalk,content,https://lists.w3.org/Archives/Public/www-talk/1992JulAug/0046.html,2026-10-10T09:34:28.894913+00:00,200,saved,work_packages/M1_source_access/27_newspaper_context_recovery_20261008/social_public_api/continuations/20261010_broader_history_four_hour/worker/raw/f333cb32793770318e1e939f.bin.gz,00e66bacefb5931787dc39cbff9deb87ad79d635a870f05ae6805d0279cf2d44,ac1e46ee501f7967a642a564d4dbee1339270414b3a6266ff28c879b321e113f,2715,1052,,loaded_native_returns,1,0,text/html,,"Mon, 04 Aug 2003 15:50:20 GMT",server_representation_metadata; not native message publication or verified edit time
f38436f6963d6b7327a6f7de,mastodon_au,content,https://aus.social/api/v1/timelines/public?local=true&limit=40&max_id=116909497096794455,2026-10-10T09:23:53.821831+00:00,200,saved,work_packages/M1_source_access/27_newspaper_context_recovery_20261008/social_public_api/continuations/20261010_broader_history_four_hour/worker/raw/f38436f6963d6b7327a6f7de.bin.gz,77601a0126dfb1b34f77de01e4996cdcb849412340e199128bf5fd264015f358,8e58b9a9ac90fcbc25142402ea38a7c3ce961876d01cfe845fe66369806e03f7,144655,24748,,loaded_native_returns,40,0,application/json; charset=utf-8,144655,,server_representation_metadata; not native message publication or verified edit time
f3b92f355875c49b55e45fcb,python_list_archive,content,https://mail.python.org/pipermail/python-list/2011-March.txt,2026-10-10T08:51:50.432413+00:00,200,saved,work_packages/M1_source_access/27_newspaper_context_recovery_20261008/social_public_api/continuations/20261010_broader_history_four_hour/worker/raw/f3b92f355875c49b55e45fcb.bin.gz,8d5f167ce64110f31ee08af3ca56c0facf2fdc2aa106f50f8fee214e62c7e8f1,842982aae3cb410520eec22cce397010fc903e46ae420e537de251afdc915469,5679386,1526049,,loaded_native_returns,3584,0,text/plain,5679386,"Mon, 28 Oct 2019 10:10:43 GMT",server_representation_metadata; not native message publication or verified edit time
f3c3e82146f12c8c2c86386c,mastodon_us,content,https://sfba.social/api/v1/timelines/public?local=true&limit=40&max_id=116907840646564681,2026-10-10T07:26:44.386776+00:00,200,saved,work_packages/M1_source_access/27_newspaper_context_recovery_20261008/social_public_api/continuations/20261010_broader_history_four_hour/worker/raw/f3c3e82146f12c8c2c86386c.bin.gz,f6742b17f7a98539a077d44bf76fe2af3e57214cc14c9dea443ce2efd55a78c2,464868d3373b91c4a830d1ecf6b57850892a746c904ea56696ce983a87e2d613,142647,24080,,loaded_native_returns,40,0,application/json; charset=utf-8,142647,,server_representation_metadata; not native message publication or verified edit time
f3c403887c79058858ad124e,python_list_archive,content,https://mail.python.org/pipermail/python-list/2006-June.txt,2026-10-10T06:55:06.203932+00:00,200,saved,work_packages/M1_source_access/27_newspaper_context_recovery_20261008/social_public_api/continuations/20261010_broader_history_four_hour/worker/raw/f3c403887c79058858ad124e.bin.gz,305d6a8af7701154c154735e88a7e9ba0d1354ec8825e1e23d7acbd0e9962b28,43f3321a8893b3e43d6591e2513a727924c268aef31dd005e90923f4a2976d8b,8235078,3047386,,loaded_native_returns,5062,0,text/plain,8235078,"Mon, 28 Oct 2019 00:54:13 GMT",server_representation_metadata; not native message publication or verified edit time
f3d5cb09ba5a653a08b5242c,osm_discourse,content,https://community.openstreetmap.org/t/32259.json,2026-10-10T06:25:37.012309+00:00,200,saved,work_packages/M1_source_access/27_newspaper_context_recovery_20261008/social_public_api/continuations/20261010_broader_history_four_hour/worker/raw/f3d5cb09ba5a653a08b5242c.bin.gz,cf9308f281715ee45d3ad20f8c050bc17f2fdd604585b9680c4757efb072acae,63ea58cb39f289d8351f5830f7739e9cdc1b6136dd3e822b60701454bd0ae932,19173,4272,,loaded_native_returns,5,0,application/json; charset=utf-8,19173,,server_representation_metadata; not native message publication or verified edit time
f4135f6434a5dfc81ea82913,mastodon_us,content,https://sfba.social/api/v1/timelines/public?local=true&limit=40&max_id=116897869199942859,2026-10-10T07:58:58.124691+00:00,200,saved,work_packages/M1_source_access/27_newspaper_context_recovery_20261008/social_public_api/continuations/20261010_broader_history_four_hour/worker/raw/f4135f6434a5dfc81ea82913.bin.gz,761ba428ff03fd43c1eb256b6390dc3c901813a912e9ee1bef4859928ca7def9,63e05959e212d58ed3d11d6baa763f10a701d9e75041741d79c81ff6cf747d33,144291,22758,,loaded_native_returns,40,0,application/json; charset=utf-8,144291,,server_representation_metadata; not native message publication or verified edit time
f42eedf907c1e071e490b598,lemmy_nz,content,https://lemmy.nz/api/v3/comment/list?type_=Local&sort=Old&limit=50&page=2&post_id=199229,2026-10-10T08:08:28.775659+00:00,200,saved,work_packages/M1_source_access/27_newspaper_context_recovery_20261008/social_public_api/continuations/20261010_broader_history_four_hour/worker/raw/f42eedf907c1e071e490b598.bin.gz,fe814683712507b02d21677898aecab7bbf2466c693f44d34c54872c206cdc2f,c950a7143d717c9a1db4d90e11f39cc3dc26028cf89c35a8bbaa0393843d6c61,84988,4823,,loaded_native_returns,54,0,application/json,84988,,server_representation_metadata; not native message publication or verified edit time
f435549a5630310d1967e774,osm_discourse,content,https://community.openstreetmap.org/t/32295.json,2026-10-10T06:48:16.160077+00:00,200,saved,work_packages/M1_source_access/27_newspaper_context_recovery_20261008/social_public_api/continuations/20261010_broader_history_four_hour/worker/raw/f435549a5630310d1967e774.bin.gz,12e4540ddac02c85a72213c4f639fa97c8655dcaacb0b3f6903f6ffcb40b3660,bbfd916a9d6c735704f0cf51cba61e65a37c362a94ca17da385fed3ccff39751,15037,3465,,loaded_native_returns,4,0,application/json; charset=utf-8,15037,,server_representation_metadata; not native message publication or verified edit time
f442ef2ecde1497ff4aa9f3f,lemmy_nz,content,https://lemmy.nz/api/v3/comment/list?type_=Local&sort=Old&limit=50&page=1&post_id=175339,2026-10-10T06:26:37.812318+00:00,200,saved,work_packages/M1_source_access/27_newspaper_context_recovery_20261008/social_public_api/continuations/20261010_broader_history_four_hour/worker/raw/f442ef2ecde1497ff4aa9f3f.bin.gz,69a61a263bb7490c1efc03ffb6dc76e35a268ed4a8a9edd187064f2142449552,aa38d2276d6ebffdc8482327f70e21aae2578e46d3a55927a550b343994c719d,3036,1338,,loaded_native_returns,2,0,application/json,3036,,server_representation_metadata; not native message publication or verified edit time
f499ec1f83c6a5aca25c5fc5,python_list_archive,content,https://mail.python.org/pipermail/python-list/2006-September.txt,2026-10-10T07:01:17.006087+00:00,200,saved,work_packages/M1_source_access/27_newspaper_context_recovery_20261008/social_public_api/continuations/20261010_broader_history_four_hour/worker/raw/f499ec1f83c6a5aca25c5fc5.bin.gz,bf8564a9712751076921fa146665f93836479750ac63253d28e0e5cc8b3c6366,9cdb0c67cd1596458b7a40838f48e434bdd87056144e16de9681b19ed0c6adaf,7983845,2994701,,loaded_native_returns,5350,0,text/plain,7983845,"Mon, 28 Oct 2019 00:54:05 GMT",server_representation_metadata; not native message publication or verified edit time
f49a0df6e38a648ef9019b55,dowire_newswire,content,https://www.mail-archive.com/newswire%40groups.dowire.org/msg00004.html,2026-10-10T06:55:46.804264+00:00,200,saved,work_packages/M1_source_access/27_newspaper_context_recovery_20261008/social_public_api/continuations/20261010_broader_history_four_hour/worker/raw/f49a0df6e38a648ef9019b55.bin.gz,04fe3897414fee8f3e6487527e637d5af256cbb6c1d5ed9ab22051735c05d45b,d7dff814e37764a4a43a5de210f344d01a09849db462fe27c1ef91f3d866e8a2,11386,4119,,loaded_native_returns,1,0,text/html; charset=utf-8,,,server_representation_metadata; not native message publication or verified edit time
f4e9a81052681662802e6b88,bluesky,content,https://public.api.bsky.app/xrpc/app.bsky.feed.getAuthorFeed?actor=did%3Aplc%3Aragtjsm2j2vknwkz3zp4oxrd&limit=100&filter=posts_with_replies&includePins=false&cursor=2023-11-16T02%3A50%3A49.044Z,2026-10-10T06:54:12.574885+00:00,200,saved,work_packages/M1_source_access/27_newspaper_context_recovery_20261008/social_public_api/continuations/20261010_broader_history_four_hour/worker/raw/f4e9a81052681662802e6b88.bin.gz,9157568a2df8d7935d7a701246562a2181c0749f914f9f434703c3d5c2f1a377,39def9d16f80a57c56f4a582735bf06c94360a99e10888b184cf5ce91efff86b,445113,42838,,loaded_native_returns,106,0,application/json; charset=utf-8,445113,,server_representation_metadata; not native message publication or verified edit time
f4ed89821388933baa3fc2f0,tildes,policy,https://tildes.net/robots.txt,2026-10-10T05:56:56.235077+00:00,200,saved,work_packages/M1_source_access/27_newspaper_context_recovery_20261008/social_public_api/continuations/20261010_broader_history_four_hour/worker/raw/f4ed89821388933baa3fc2f0.bin.gz,f8afdabd1fa89288bd16e5c651775de89ee3544aceee30e19bc6ee61b4a88ce0,90a9118dc8988ac15f717c919754e2ccc1a4ce97368b8dc16024d2a36b8f7c92,1453,610,,noncontent_access_policy_or_frame_metadata,0,0,text/plain,1453,"Sun, 18 Feb 2024 05:48:10 GMT",server_representation_metadata; not native message publication or verified edit time
f5019fff59186fa0a9ff53c9,mastodon_uk,content,https://mastodon.me.uk/api/v1/timelines/public?local=true&limit=40&max_id=116244165634470967,2026-10-10T06:32:12.285829+00:00,200,saved,work_packages/M1_source_access/27_newspaper_context_recovery_20261008/social_public_api/continuations/20261010_broader_history_four_hour/worker/raw/f5019fff59186fa0a9ff53c9.bin.gz,2f1bfd56659718746570ebd66f015c53fa91ba105e8c5a34683296afecbf7387,6f29557372c7f0a24527a93bc62955276c5a0357880059331a03ed1cc1371b99,150800,22642,,loaded_native_returns,40,0,application/json; charset=utf-8,150800,,server_representation_metadata; not native message publication or verified edit time
f502becf6c13ed004b67ada3,python_discourse,content,https://discuss.python.org/t/436/posts.json?post_ids%5B%5D=2447&post_ids%5B%5D=2448&post_ids%5B%5D=2449&post_ids%5B%5D=2450&post_ids%5B%5D=2451&post_ids%5B%5D=2452&post_ids%5B%5D=2453&post_ids%5B%5D=2454&post_ids%5B%5D=2455&post_ids%5B%5D=2458&post_ids%5B%5D=2459&post_ids%5B%5D=2460&post_ids%5B%5D=2461&post_ids%5B%5D=2462&post_ids%5B%5D=2463&post_ids%5B%5D=2464&post_ids%5B%5D=2465&post_ids%5B%5D=2466&post_ids%5B%5D=2468&post_ids%5B%5D=2474,2026-10-10T06:23:04.622789+00:00,200,saved,work_packages/M1_source_access/27_newspaper_context_recovery_20261008/social_public_api/continuations/20261010_broader_history_four_hour/worker/raw/f502becf6c13ed004b67ada3.bin.gz,d8f5d403ab38c9109048bfe6856261beca21bf4134179665610a14a8252826bd,acf09ac958fc8108c7ebe1116d0d41f89a31e00af960bdb85db8d1715761624b,66219,11893,,loaded_native_returns,21,0,application/json; charset=utf-8,66219,,server_representation_metadata; not native message publication or verified edit time
f557a156ed62d512e4573326,straight_dope,content,https://boards.straightdope.com/t/1025298/posts.json?post_ids%5B%5D=25844818&post_ids%5B%5D=25844843&post_ids%5B%5D=25844855&post_ids%5B%5D=25844869&post_ids%5B%5D=25844901&post_ids%5B%5D=25844953&post_ids%5B%5D=25844975&post_ids%5B%5D=25844979&post_ids%5B%5D=25845012&post_ids%5B%5D=25845015&post_ids%5B%5D=25845094&post_ids%5B%5D=25845100&post_ids%5B%5D=25845113&post_ids%5B%5D=25845115&post_ids%5B%5D=25845117&post_ids%5B%5D=25845131&post_ids%5B%5D=25845135&post_ids%5B%5D=25845143&post_ids%5B%5D=25845147&post_ids%5B%5D=25845190,2026-10-10T07:19:55.761257+00:00,200,saved,work_packages/M1_source_access/27_newspaper_context_recovery_20261008/social_public_api/continuations/20261010_broader_history_four_hour/worker/raw/f557a156ed62d512e4573326.bin.gz,24c1493483e8dc2cb1af6a6f9fb861f855c9a01cd496670a3663e7d30682cd58,514d311aa601b7138f29b3aa47746bd43de410006292459725d44ce19cca136d,59745,7863,,loaded_native_returns,21,0,application/json; charset=utf-8,59745,,server_representation_metadata; not native message publication or verified edit time
f55c93be22fea1d985cc4f6a,thesession,content,https://thesession.org/discussions/35,2026-10-10T08:49:22.968892+00:00,200,saved,work_packages/M1_source_access/27_newspaper_context_recovery_20261008/social_public_api/continuations/20261010_broader_history_four_hour/worker/raw/f55c93be22fea1d985cc4f6a.bin.gz,76401276558884896f23ed5122b2cf2add28d0f4be5132d53997e0e4e704aa8c,f9662bc70554fc06fbea58745752e1b61f40992bd358d35bf77f34e69a8cd939,57488,13397,,loaded_native_returns,3,0,text/html; charset=utf-8,,,server_representation_metadata; not native message publication or verified edit time
f56dde897b0c6efa90ad178e,mastodon_au,content,https://aus.social/api/v1/timelines/public?local=true&limit=40&max_id=116922696232954282,2026-10-10T08:10:40.817255+00:00,200,saved,work_packages/M1_source_access/27_newspaper_context_recovery_20261008/social_public_api/continuations/20261010_broader_history_four_hour/worker/raw/f56dde897b0c6efa90ad178e.bin.gz,c6078e62ddf616114f7fde9dd0e70ebdefe355fae48038c07fdaaea6c3e0fd4a,fcdfa08b8c33ea16549dd225f8f3a3ea51ac565145ca66467c6437fbdcce441e,189626,30985,,loaded_native_returns,40,0,application/json; charset=utf-8,189626,,server_representation_metadata; not native message publication or verified edit time
f59715dceb834e164ad9e88e,mastodon_us,content,https://sfba.social/api/v1/timelines/public?local=true&limit=40&max_id=116890219318923600,2026-10-10T08:26:40.939008+00:00,200,saved,work_packages/M1_source_access/27_newspaper_context_recovery_20261008/social_public_api/continuations/20261010_broader_history_four_hour/worker/raw/f59715dceb834e164ad9e88e.bin.gz,952237807c50c2fa8b898514bc5154a8582169a26defdf0228b47580a95e42e9,643dcec23612e87a2c26e43afe89f4f915518bc1a46f555c1fab9902e37afb8f,160901,24953,,loaded_native_returns,40,0,application/json; charset=utf-8,160901,,server_representation_metadata; not native message publication or verified edit time
f59b4d742c4338c8e969b195,e_democracy_archival,source_metadata,https://web.archive.org/web/20240301132441/http://forums.e-democracy.org/groups/oxford-hm/messages/topics.html,,302,http_stop,,,,,,,transport_stop_no_raw_payload,0,0,,,,server_representation_metadata; not native message publication or verified edit time
f5a202ff4361d5dd6d38d7b8,w3_wwwtalk,content,https://lists.w3.org/Archives/Public/www-talk/1992JulAug/0008.html,2026-10-10T07:56:38.373706+00:00,200,saved,work_packages/M1_source_access/27_newspaper_context_recovery_20261008/social_public_api/continuations/20261010_broader_history_four_hour/worker/raw/f5a202ff4361d5dd6d38d7b8.bin.gz,29d5be6dabcb96e959fbb426eb7df740b1b80902fb9f59a17fed3b14338774a0,2422d46ce3470d96bfe3712ab30215fdedbbb7dcd52e2d2c98e327f287f787cb,2412,885,,loaded_native_returns,1,0,text/html,,"Mon, 04 Aug 2003 15:50:19 GMT",server_representation_metadata; not native message publication or verified edit time
f5a67ef2156e85d0477f6408,ilxor,source_metadata,https://www.ilxor.com/ILX/NewAnswersControllerServlet?boardid=40,2026-10-10T06:39:43.889558+00:00,200,saved,work_packages/M1_source_access/27_newspaper_context_recovery_20261008/social_public_api/continuations/20261010_broader_history_four_hour/worker/raw/f5a67ef2156e85d0477f6408.bin.gz,06bc3cf01b19f5957c418f0cc304507ab6a2af49ed1ae4b9630861db6789f72d,af3f1e2c993005418edb2d8a5c1be4397af3773e82f262579294b21570e95a18,44085,9722,,noncontent_access_policy_or_frame_metadata,0,0,text/html;charset=UTF-8,,"Sat, 10 Oct 2026 06:39:43 GMT",server_representation_metadata; not native message publication or verified edit time
f5f962cf0d123e19a3651ad8,w3_wwwtalk,content,https://lists.w3.org/Archives/Public/www-talk/1992JulAug/0053.html,2026-10-10T09:43:45.989122+00:00,200,saved,work_packages/M1_source_access/27_newspaper_context_recovery_20261008/social_public_api/continuations/20261010_broader_history_four_hour/worker/raw/f5f962cf0d123e19a3651ad8.bin.gz,18539bca298c9d820f012f4ef9b7f9d2d5c40c54a469b83b0277333304d49216,ed75707772af738223a3edfd4f5c7689d395311b38e0c539441e66415708e64c,3951,1542,,loaded_native_returns,1,0,text/html,,"Mon, 04 Aug 2003 15:50:20 GMT",server_representation_metadata; not native message publication or verified edit time
f5fc28c857b2d620736945cd,mastodon_uk,content,https://mastodon.me.uk/api/v1/timelines/public?local=true&limit=40&max_id=116176611406724886,2026-10-10T07:52:29.842964+00:00,200,saved,work_packages/M1_source_access/27_newspaper_context_recovery_20261008/social_public_api/continuations/20261010_broader_history_four_hour/worker/raw/f5fc28c857b2d620736945cd.bin.gz,032d5062d30cb24a606a6fa430831bf503664156e705dfa8e2d36486963e0d35,beff666cd2b6dc983dec97fee6f9c81dd8d8e7b4dab1d7800fb73889911dcea7,138258,21539,,loaded_native_returns,40,0,application/json; charset=utf-8,138258,,server_representation_metadata; not native message publication or verified edit time
f602065a3d58044ec5c40a1d,mastodon_us,content,https://sfba.social/api/v1/timelines/public?local=true&limit=40&max_id=116902438618723044,2026-10-10T07:45:59.868437+00:00,200,saved,work_packages/M1_source_access/27_newspaper_context_recovery_20261008/social_public_api/continuations/20261010_broader_history_four_hour/worker/raw/f602065a3d58044ec5c40a1d.bin.gz,2cb5198a9b9e829307086c4deec709400228e67894e7c5096e1c695c2dfc8515,da11937ce64ff274433ce0f42ba385bf4c8a57f92ab4337cba95363aa4835bea,147574,22501,,loaded_native_returns,40,0,application/json; charset=utf-8,147574,,server_representation_metadata; not native message publication or verified edit time
f603bad9e0ace722e9570eb9,mastodon_us,content,https://sfba.social/api/v1/timelines/public?local=true&limit=40&max_id=116909390460142382,2026-10-10T07:21:20.741542+00:00,200,saved,work_packages/M1_source_access/27_newspaper_context_recovery_20261008/social_public_api/continuations/20261010_broader_history_four_hour/worker/raw/f603bad9e0ace722e9570eb9.bin.gz,ba1479061c5946cfdcdd5f9c3625d7095d1c1c8440c8e03130b37a4a540c79a3,ad5f101f6941708dfbd78f8ba027c6a55ab4c46cd74b93d106401de1f3cb8754,133985,22449,,loaded_native_returns,40,0,application/json; charset=utf-8,133985,,server_representation_metadata; not native message publication or verified edit time
f61747c621e31df1796bd5a3,mastodon_us,content,https://sfba.social/api/v1/timelines/public?local=true&limit=40&max_id=116932480539412712,2026-10-10T06:05:52.982039+00:00,200,saved,work_packages/M1_source_access/27_newspaper_context_recovery_20261008/social_public_api/continuations/20261010_broader_history_four_hour/worker/raw/f61747c621e31df1796bd5a3.bin.gz,6df01ad6fc5424b62f4bb46d933552cf9aacb115a985a8edea99968fe902118e,9046a9538b7d38185fe8bfb18fae780e53460113a4050d353a783193a053ae1a,148539,24566,,loaded_native_returns,40,0,application/json; charset=utf-8,148539,,server_representation_metadata; not native message publication or verified edit time
f62680469bf6bdd8eb4de6ba,hackernews,content,https://hacker-news.firebaseio.com/v0/item/175.json,2026-10-10T07:57:02.173437+00:00,200,saved,work_packages/M1_source_access/27_newspaper_context_recovery_20261008/social_public_api/continuations/20261010_broader_history_four_hour/worker/raw/f62680469bf6bdd8eb4de6ba.bin.gz,4d2644d1b71795d2addd32534ba4f8c46a390ee8eaea533e29b522d5054ec657,ca978f9a7f44ad5a303871aede5a6eb09557bf22178aae4abdbad7b70f8ae907,130,127,,loaded_native_returns,1,0,application/json; charset=utf-8,130,,server_representation_metadata; not native message publication or verified edit time
f634ec7f796f8c7f6e2d5893,mastodon_au,content,https://aus.social/api/v1/timelines/public?local=true&limit=40&max_id=116931454540160834,2026-10-10T07:44:03.618750+00:00,200,saved,work_packages/M1_source_access/27_newspaper_context_recovery_20261008/social_public_api/continuations/20261010_broader_history_four_hour/worker/raw/f634ec7f796f8c7f6e2d5893.bin.gz,700b7cab2ea845578a1c9fadc6fe2c60191bda5200cd53a4cf8aaf2649c30dd8,6e799717783ef008d66cc67b1bdeb3efee90ac909571f1c32011e8f30788e665,146306,21270,,loaded_native_returns,40,0,application/json; charset=utf-8,146306,,server_representation_metadata; not native message publication or verified edit time
f6353049d11bd28b4ca6d807,tildes,content,https://tildes.net/~talk/164p/lets_talk_about_reddit_alternatives_shilling_and_tildes_bans,2026-10-10T07:45:38.480734+00:00,200,saved,work_packages/M1_source_access/27_newspaper_context_recovery_20261008/social_public_api/continuations/20261010_broader_history_four_hour/worker/raw/f6353049d11bd28b4ca6d807.bin.gz,41fb255b942ddea0c150f7cb7a93b4a216f828fab1dd00eeca0ec1581f80ebd2,96594a0b2e4bba87b2b12cb02c166b30c4c6918a856cd297ac972272073b45f7,463590,65022,,loaded_native_returns,196,0,text/html; charset=UTF-8,463590,,server_representation_metadata; not native message publication or verified edit time
f6460d8d5ee7eac97fff5a6f,straight_dope,content,https://boards.straightdope.com/t/712149/posts.json?post_ids%5B%5D=18026568&post_ids%5B%5D=18026761&post_ids%5B%5D=18026823&post_ids%5B%5D=18026843&post_ids%5B%5D=18026873&post_ids%5B%5D=18027004&post_ids%5B%5D=18027042&post_ids%5B%5D=18028246&post_ids%5B%5D=18028302&post_ids%5B%5D=18028308&post_ids%5B%5D=18028309&post_ids%5B%5D=18028312&post_ids%5B%5D=18028316&post_ids%5B%5D=18028323&post_ids%5B%5D=18028334&post_ids%5B%5D=18029057&post_ids%5B%5D=18029089&post_ids%5B%5D=18029109&post_ids%5B%5D=18029123&post_ids%5B%5D=18029124,2026-10-10T08:34:41.753083+00:00,200,saved,work_packages/M1_source_access/27_newspaper_context_recovery_20261008/social_public_api/continuations/20261010_broader_history_four_hour/worker/raw/f6460d8d5ee7eac97fff5a6f.bin.gz,bd4838b71bb1cabf01ec3b182e4aa86a6b643afce661c7761c779ee22c4bf449,378d6d6c221028d244030c4a31612e1ed34db73e0f7165240b5b792e94212516,30953,2924,,loaded_native_returns,21,0,application/json; charset=utf-8,30953,,server_representation_metadata; not native message publication or verified edit time
f649d466098db4d802c86c6f,osm_discourse,content,https://community.openstreetmap.org/t/32369.json,2026-10-10T07:29:17.294289+00:00,200,saved,work_packages/M1_source_access/27_newspaper_context_recovery_20261008/social_public_api/continuations/20261010_broader_history_four_hour/worker/raw/f649d466098db4d802c86c6f.bin.gz,66623fed69baec212c2a6198aafb2cbe1f17429e8edc93b456466020bd15040b,e3f403e7f4c25786c1b8501bc548aed2767d6c1d303e93b0d74fd8e636f8e7ad,23019,4503,,loaded_native_returns,8,0,application/json; charset=utf-8,23019,,server_representation_metadata; not native message publication or verified edit time
f66a922eb7e4c693c6ed1679,lemmy_nz,content,https://lemmy.nz/api/v3/comment/list?type_=Local&sort=Old&limit=50&page=1&post_id=200845,2026-10-10T08:20:31.365086+00:00,200,saved,work_packages/M1_source_access/27_newspaper_context_recovery_20261008/social_public_api/continuations/20261010_broader_history_four_hour/worker/raw/f66a922eb7e4c693c6ed1679.bin.gz,95613d81af937fb0561bcbbe9cc8ad89666ce61e8d796e1ac4d65d6ec77c2fce,57de673e537c60e9ff0e413350e61670fb195bfc0928c12aa1621717ea80bef1,33132,2601,,loaded_native_returns,26,0,application/json,33132,,server_representation_metadata; not native message publication or verified edit time
f68e4a457f4329430c563539,thesession,content,https://thesession.org/discussions/21,2026-10-10T08:23:05.245996+00:00,200,saved,work_packages/M1_source_access/27_newspaper_context_recovery_20261008/social_public_api/continuations/20261010_broader_history_four_hour/worker/raw/f68e4a457f4329430c563539.bin.gz,54f8f2c3c4766d32a840b15ff4e6ea1e7fdcc894f03c29bc3c6dc9fe873c85e1,8b95fcf20e60b266ff83d3a213b355d7bacea1917127b77bd88c0b14bf418b01,61641,13814,,loaded_native_returns,7,0,text/html; charset=utf-8,,,server_representation_metadata; not native message publication or verified edit time
f6a54f21a030c942d1f8a499,tildes,content,https://tildes.net/~books/1w46/how_victor_hugo_helped_save_the_notre_dame,2026-10-10T07:55:57.479031+00:00,200,saved,work_packages/M1_source_access/27_newspaper_context_recovery_20261008/social_public_api/continuations/20261010_broader_history_four_hour/worker/raw/f6a54f21a030c942d1f8a499.bin.gz,0852e0c7d2b20a60550191c2042548e7dbe35935ec59cecc8df3355aedd44b46,fdc8d89c0b35bb968e00be77d5aff30919d0ed715bc45412b198fa4e52d2f9fa,9030,2651,,loaded_native_returns,1,0,text/html; charset=UTF-8,9030,,server_representation_metadata; not native message publication or verified edit time
f6cdb939c9556c6ace1b2bdc,lemmy_nz,content,https://lemmy.nz/api/v3/comment/list?type_=Local&sort=Old&limit=50&page=2&post_id=201122,2026-10-10T08:30:14.059568+00:00,200,saved,work_packages/M1_source_access/27_newspaper_context_recovery_20261008/social_public_api/continuations/20261010_broader_history_four_hour/worker/raw/f6cdb939c9556c6ace1b2bdc.bin.gz,9efdb10c81eaf55dc95e4320d1f02441576a405fb0551d5b8f1905bc0728f854,4fa14da49dc015f30581863a05d74d4091152f4549146526e99de651d5809edf,15,35,,loaded_native_returns,0,0,application/json,15,,server_representation_metadata; not native message publication or verified edit time
f6d386e5abe5f28c4fef189c,lemmy_nz,content,https://lemmy.nz/api/v3/comment/list?type_=Local&sort=Old&limit=50&page=1&post_id=191509,2026-10-10T07:52:23.207111+00:00,200,saved,work_packages/M1_source_access/27_newspaper_context_recovery_20261008/social_public_api/continuations/20261010_broader_history_four_hour/worker/raw/f6d386e5abe5f28c4fef189c.bin.gz,7e087e44835d8688694d08cc1403ee516f1b3a093e264c65a6a79a987971186d,613cea20d601d98e2cc4d5a8a890efc9fdff6127e516b34de5c69b1b7daf767c,46314,4073,,loaded_native_returns,28,0,application/json,46314,,server_representation_metadata; not native message publication or verified edit time
f6fa80efeb59ee62bc55090e,lemmy_nz,content,https://lemmy.nz/api/v3/comment/list?type_=Local&sort=Old&limit=50&page=2&post_id=186282,2026-10-10T07:41:50.066186+00:00,200,saved,work_packages/M1_source_access/27_newspaper_context_recovery_20261008/social_public_api/continuations/20261010_broader_history_four_hour/worker/raw/f6fa80efeb59ee62bc55090e.bin.gz,9efdb10c81eaf55dc95e4320d1f02441576a405fb0551d5b8f1905bc0728f854,4fa14da49dc015f30581863a05d74d4091152f4549146526e99de651d5809edf,15,35,,loaded_native_returns,0,0,application/json,15,,server_representation_metadata; not native message publication or verified edit time
f738e098b805acbfe5ed1fbd,lemmy_nz,content,https://lemmy.nz/api/v3/comment/list?type_=Local&sort=Old&limit=50&page=2&post_id=200127,2026-10-10T08:18:25.916564+00:00,200,saved,work_packages/M1_source_access/27_newspaper_context_recovery_20261008/social_public_api/continuations/20261010_broader_history_four_hour/worker/raw/f738e098b805acbfe5ed1fbd.bin.gz,9efdb10c81eaf55dc95e4320d1f02441576a405fb0551d5b8f1905bc0728f854,4fa14da49dc015f30581863a05d74d4091152f4549146526e99de651d5809edf,15,35,,loaded_native_returns,0,0,application/json,15,,server_representation_metadata; not native message publication or verified edit time
f76c4bdc251c965872955379,tildes,content,https://tildes.net/~games/1w4j/what_games_have_you_been_playing_and_whats_your_opinion_on_them,2026-10-10T07:17:20.448578+00:00,200,saved,work_packages/M1_source_access/27_newspaper_context_recovery_20261008/social_public_api/continuations/20261010_broader_history_four_hour/worker/raw/f76c4bdc251c965872955379.bin.gz,4646193fe3c00a751bef8f0e36937fc11b9431d5f83372edcc6a39b5e9805b8b,44542b66616aadea184f5103309e608f3f8ec718d0aa9bef49cf51736182e462,117488,24621,,loaded_native_returns,43,0,text/html; charset=UTF-8,117488,,server_representation_metadata; not native message publication or verified edit time
f790c2d54b3e83d3ce637eb2,tildes,content,https://tildes.net/~tildes.official/17q7/group_updates_for_july_2023,2026-10-10T06:53:42.539848+00:00,200,saved,work_packages/M1_source_access/27_newspaper_context_recovery_20261008/social_public_api/continuations/20261010_broader_history_four_hour/worker/raw/f790c2d54b3e83d3ce637eb2.bin.gz,5baab84f5ba43c1d37fdf34c36dfc4d0ea861ccc4bda7f27a0d6c4279752ec84,5cbcfad5dd283775891b1f4a1eb76a8f4f7fbd7f9a30c7744895ecfb5f8d7e0b,439088,52647,,loaded_native_returns,210,0,text/html; charset=UTF-8,439088,,server_representation_metadata; not native message publication or verified edit time
f7bf4c134d6af43109e72fa6,lemmy_nz,content,https://lemmy.nz/api/v3/comment/list?type_=Local&sort=Old&limit=50&page=1&post_id=178535,2026-10-10T06:33:58.626162+00:00,200,saved,work_packages/M1_source_access/27_newspaper_context_recovery_20261008/social_public_api/continuations/20261010_broader_history_four_hour/worker/raw/f7bf4c134d6af43109e72fa6.bin.gz,eec927a72149fc744812115e234c424f71d3826cb1ea0c22730207952f39733c,38da0c56d3a87df67dff906631db2e010e04c6d4db97fc2a1f069f91bc66839a,6917,1927,,loaded_native_returns,4,0,application/json,6917,,server_representation_metadata; not native message publication or verified edit time
f7d3d55000fde56cf9060fe2,straight_dope,content,https://boards.straightdope.com/t/712149/posts.json?post_ids%5B%5D=18060803&post_ids%5B%5D=18061195&post_ids%5B%5D=18061367&post_ids%5B%5D=18061379&post_ids%5B%5D=18061383&post_ids%5B%5D=18061416&post_ids%5B%5D=18061687&post_ids%5B%5D=18061925&post_ids%5B%5D=18062308&post_ids%5B%5D=18062398&post_ids%5B%5D=18062415&post_ids%5B%5D=18062469&post_ids%5B%5D=18062521&post_ids%5B%5D=18062751&post_ids%5B%5D=18062784&post_ids%5B%5D=18063021&post_ids%5B%5D=18064664&post_ids%5B%5D=18064741&post_ids%5B%5D=18064932&post_ids%5B%5D=18064960,2026-10-10T08:51:26.406700+00:00,200,saved,work_packages/M1_source_access/27_newspaper_context_recovery_20261008/social_public_api/continuations/20261010_broader_history_four_hour/worker/raw/f7d3d55000fde56cf9060fe2.bin.gz,0a8340d03ff53ce34f8fbd3610d78bb83b285f2deed04163a4a02475aa312e94,c3996ecb7f49a7277e68a9297b8a30fa30d316c1670f042dbf07f0106a1ed9d4,31565,3121,,loaded_native_returns,21,0,application/json; charset=utf-8,31565,,server_representation_metadata; not native message publication or verified edit time
f8020d7ef78491a3485904e7,w3_wwwtalk,content,https://lists.w3.org/Archives/Public/www-talk/1992MayJun/0070.html,2026-10-10T07:32:54.350975+00:00,200,saved,work_packages/M1_source_access/27_newspaper_context_recovery_20261008/social_public_api/continuations/20261010_broader_history_four_hour/worker/raw/f8020d7ef78491a3485904e7.bin.gz,9b7472ea577e1e02afa9e827f0a67b24d733e0de972b601ca2be1522bcbfeb2a,bfdc00b5833508ece9413900debb20127a0105a69f92ba4ccaaeb7949e06c716,3829,1623,,loaded_native_returns,1,0,text/html,,"Mon, 04 Aug 2003 15:50:20 GMT",server_representation_metadata; not native message publication or verified edit time
f80767b88ca9511ab3bfd8a6,python_discourse,content,https://discuss.python.org/t/489/posts.json?post_ids%5B%5D=2415&post_ids%5B%5D=2416&post_ids%5B%5D=2417&post_ids%5B%5D=2435&post_ids%5B%5D=2572&post_ids%5B%5D=2573&post_ids%5B%5D=2574&post_ids%5B%5D=2577&post_ids%5B%5D=2579&post_ids%5B%5D=2580&post_ids%5B%5D=3319&post_ids%5B%5D=3347&post_ids%5B%5D=3435&post_ids%5B%5D=4715&post_ids%5B%5D=4761&post_ids%5B%5D=5256&post_ids%5B%5D=5269&post_ids%5B%5D=6969&post_ids%5B%5D=6981&post_ids%5B%5D=6984,2026-10-10T06:58:56.539612+00:00,200,saved,work_packages/M1_source_access/27_newspaper_context_recovery_20261008/social_public_api/continuations/20261010_broader_history_four_hour/worker/raw/f80767b88ca9511ab3bfd8a6.bin.gz,29938a5ccc5e41d003fb6ff4012ea323ed6448e2533fb05acb10ecc94496adf2,65178a3ce452c974187406e206034af445a34efa694072ac323a4b7d6c28b88d,37290,5305,,loaded_native_returns,21,0,application/json; charset=utf-8,37290,,server_representation_metadata; not native message publication or verified edit time
f81715b0b7387602e13f7744,python_discourse,content,https://discuss.python.org/t/494.json,2026-10-10T07:02:36.104977+00:00,200,saved,work_packages/M1_source_access/27_newspaper_context_recovery_20261008/social_public_api/continuations/20261010_broader_history_four_hour/worker/raw/f81715b0b7387602e13f7744.bin.gz,55755995c5c8f2cf53891a86025828b340eb1c27081b694be7bf81e3cc064af8,2e8c67f88b5f725c5980bc1d0fbccccb2eaa527c02f19b443a96b4d0d439e9d5,18469,3949,,loaded_native_returns,6,0,application/json; charset=utf-8,18469,,server_representation_metadata; not native message publication or verified edit time
f895a82a628aff8021774a8f,mastodon_uk,content,https://mastodon.me.uk/api/v1/timelines/public?local=true&limit=40&max_id=116215303959898090,2026-10-10T07:07:22.176095+00:00,200,saved,work_packages/M1_source_access/27_newspaper_context_recovery_20261008/social_public_api/continuations/20261010_broader_history_four_hour/worker/raw/f895a82a628aff8021774a8f.bin.gz,0a954d8c4d8538a7cc0bef2b998eeaee2f885520a99250ba99778beac34ad2b7,dc11160d76b06c0d92e328f546d8508072e17e520fa630b3f59ad338330bda85,125589,17594,,loaded_native_returns,40,0,application/json; charset=utf-8,125589,,server_representation_metadata; not native message publication or verified edit time
f8cdca3e1f4cc0e6dd87efab,mastodon_us,content,https://sfba.social/api/v1/timelines/public?local=true&limit=40&max_id=116916538104588136,2026-10-10T06:58:30.502583+00:00,200,saved,work_packages/M1_source_access/27_newspaper_context_recovery_20261008/social_public_api/continuations/20261010_broader_history_four_hour/worker/raw/f8cdca3e1f4cc0e6dd87efab.bin.gz,51dcae8b0fdb657ecde1b462e9cf8defbdfea9350e73d5d2d3f2c7eee7b9e351,7d20b39411469e7930586853bec5d2bf259d933b2b4a07f96748e7b34105adc0,148862,19882,,loaded_native_returns,40,0,application/json; charset=utf-8,148862,,server_representation_metadata; not native message publication or verified edit time
f9036a4cf4175fb7733db2fc,python_discourse,content,https://discuss.python.org/t/674.json,2026-10-10T09:31:03.609549+00:00,200,saved,work_packages/M1_source_access/27_newspaper_context_recovery_20261008/social_public_api/continuations/20261010_broader_history_four_hour/worker/raw/f9036a4cf4175fb7733db2fc.bin.gz,c1fe67322ff5872e3e0d5a78a79b1d3aada909d6857342a6d6c6d40e9a22001e,26454c7cc3e701f1cf60c24ad21e036be9c9f0a39a0624095becf47dcb2ca206,12212,3168,,loaded_native_returns,3,0,application/json; charset=utf-8,12212,,server_representation_metadata; not native message publication or verified edit time
f9054ed2931c69286448bc3e,python_list_archive,content,https://mail.python.org/pipermail/python-list/2009-October.txt,2026-10-10T08:19:43.604402+00:00,200,saved,work_packages/M1_source_access/27_newspaper_context_recovery_20261008/social_public_api/continuations/20261010_broader_history_four_hour/worker/raw/f9054ed2931c69286448bc3e.bin.gz,ba0acb30b63dcf4dc84f5cfc6dd76387bcf87a1f00ad3684c8f24c31bda551c4,61d25a8ca0fe771a375f34913e13aa2f58f5c82779278ad3f97ee0c259cec7c7,11698566,3308319,,loaded_native_returns,6834,0,text/plain,11698566,"Mon, 28 Oct 2019 10:01:27 GMT",server_representation_metadata; not native message publication or verified edit time
f9283b9347df339f60376529,mastodon_uk,content,https://mastodon.me.uk/api/v1/timelines/public?local=true&limit=40&max_id=116252042482591458,2026-10-10T06:22:34.925521+00:00,200,saved,work_packages/M1_source_access/27_newspaper_context_recovery_20261008/social_public_api/continuations/20261010_broader_history_four_hour/worker/raw/f9283b9347df339f60376529.bin.gz,9b9fa37a89b794e6356160d1ec44e7c1f3ee15804d219b665930f84fd8ea77d8,a09600e56bf9ecd35fad2c33fffd53fd93c45c5c7c4ffc7ef35b1297e82fda2d,141680,17917,,loaded_native_returns,40,0,application/json; charset=utf-8,141680,,server_representation_metadata; not native message publication or verified edit time
f963fc6e0189e1e20ee1fed7,mastodon_us,content,https://sfba.social/api/v1/timelines/public?local=true&limit=40&max_id=116873773838113323,2026-10-10T09:35:35.045219+00:00,200,saved,work_packages/M1_source_access/27_newspaper_context_recovery_20261008/social_public_api/continuations/20261010_broader_history_four_hour/worker/raw/f963fc6e0189e1e20ee1fed7.bin.gz,989ea56a3513b8d4d19175aa7c99db99020a1822ac5826f9aaec03c45d37b956,efa6c69c68459336bda0b549754330525ddb8ffb51349f33ac1c049c5fe186c7,158973,25963,,loaded_native_returns,40,0,application/json; charset=utf-8,158973,,server_representation_metadata; not native message publication or verified edit time
f9903ece1cf5eb4e8b077a7d,w3_wwwtalk,content,https://lists.w3.org/Archives/Public/www-talk/1992MayJun/0052.html,2026-10-10T06:58:51.509347+00:00,200,saved,work_packages/M1_source_access/27_newspaper_context_recovery_20261008/social_public_api/continuations/20261010_broader_history_four_hour/worker/raw/f9903ece1cf5eb4e8b077a7d.bin.gz,284668c58e70417fffa98f1710a728dabf440ad4ccb4571040e39f177076b58e,ea40f2ec7381deac34127b82304c6f23ef68f1674e3b577a7e106a8055a6a520,2452,836,,loaded_native_returns,1,0,text/html,,"Mon, 04 Aug 2003 15:50:20 GMT",server_representation_metadata; not native message publication or verified edit time
f992ea2b87525ab34f964bef,hackernews,content,https://hacker-news.firebaseio.com/v0/item/211.json,2026-10-10T09:32:29.128584+00:00,200,saved,work_packages/M1_source_access/27_newspaper_context_recovery_20261008/social_public_api/continuations/20261010_broader_history_four_hour/worker/raw/f992ea2b87525ab34f964bef.bin.gz,9d3dc0db084af8acf6724499b8fb8db30e402f6bfa4b666a00ce8368a7c1f4f8,d57e159a205aa59c2f9d97607ef555e4790c5fe547852ec7226ceb8d8c815ccd,162,152,,loaded_native_returns,1,0,application/json; charset=utf-8,162,,server_representation_metadata; not native message publication or verified edit time
f9c503ea8375ab636f4f866e,w3_wwwtalk,content,https://lists.w3.org/Archives/Public/www-talk/1992MayJun/0069.html,2026-10-10T07:30:51.325840+00:00,200,saved,work_packages/M1_source_access/27_newspaper_context_recovery_20261008/social_public_api/continuations/20261010_broader_history_four_hour/worker/raw/f9c503ea8375ab636f4f866e.bin.gz,0153bc2f46eb329d4c8cbd7b6d8b3e7f281e2581ebf42c06de049dc79e90c67b,1c4453673a4df8818d44889afd78f2c86b19d4f88ba2470b6c8284aa0c774d99,3236,1282,,loaded_native_returns,1,0,text/html,,"Mon, 04 Aug 2003 15:50:20 GMT",server_representation_metadata; not native message publication or verified edit time
f9e0a73b17a1369db516e583,dowire_lists_umn,content,https://www.mail-archive.com/do-wire%40lists.umn.edu/msg00002.html,2026-10-10T06:33:34.216934+00:00,200,saved,work_packages/M1_source_access/27_newspaper_context_recovery_20261008/social_public_api/continuations/20261010_broader_history_four_hour/worker/raw/f9e0a73b17a1369db516e583.bin.gz,8b53c60f6cbcc1945fe5677787cc655ea6908b5484dece15628d8562185eb965,d16296c854fba837806afbe482cee1a2d81883624c7a0639a74c6ccd901dd309,8961,3482,,loaded_native_returns,1,0,text/html; charset=utf-8,,,server_representation_metadata; not native message publication or verified edit time
f9f9672ed6ece6fa05e4523d,tildes,content,https://tildes.net/~movies/1w4c/the_further_mis_adventures_of_cliff_booth_official_trailer,2026-10-10T07:39:31.824237+00:00,200,saved,work_packages/M1_source_access/27_newspaper_context_recovery_20261008/social_public_api/continuations/20261010_broader_history_four_hour/worker/raw/f9f9672ed6ece6fa05e4523d.bin.gz,7a53374e693fd218a4e8196599a3d32e7dc145b86888d80a0f6cbeaa462f4135,75e69240e183dcb0829c0e4ba59e8980a62194a7633749e656c02512ab147a9a,8866,2650,,loaded_native_returns,1,0,text/html; charset=UTF-8,8866,,server_representation_metadata; not native message publication or verified edit time
fa33583099b374f0dc660e81,ilxor,source_metadata,https://www.ilxor.com/ILX/,2026-10-10T05:56:57.824695+00:00,200,saved,work_packages/M1_source_access/27_newspaper_context_recovery_20261008/social_public_api/continuations/20261010_broader_history_four_hour/worker/raw/fa33583099b374f0dc660e81.bin.gz,ebbb97933299a01ae5ce5de9496f528370586f5d19063ec148e1afef78f7f442,0e2bf71849b4e5a2cacf0506a8e963758076f2ac671f9124481937787e542729,25872,4608,,noncontent_access_policy_or_frame_metadata,0,0,text/html;charset=ISO-8859-1,,"Sat, 10 Oct 2026 05:56:57 GMT",server_representation_metadata; not native message publication or verified edit time
fa343e4f6a91a642445a3138,mastodon_au,content,https://aus.social/api/v1/timelines/public?local=true&limit=40&max_id=116916525823905079,2026-10-10T08:30:29.368006+00:00,200,saved,work_packages/M1_source_access/27_newspaper_context_recovery_20261008/social_public_api/continuations/20261010_broader_history_four_hour/worker/raw/fa343e4f6a91a642445a3138.bin.gz,9a54cfd4bb653daf6c66f7be2ede26036421338c770f7b3d7350a74fd71ee0b9,57f896eabdb863dc9048d1154c61ce6f27990dee4524b532ba3886a2cbf15605,156271,28753,,loaded_native_returns,40,0,application/json; charset=utf-8,156271,,server_representation_metadata; not native message publication or verified edit time
fa3e510e648846905ddb0df2,osm_discourse,content,https://community.openstreetmap.org/latest.json?ascending=true&no_definitions=true&order=created&page=3&per_page=50,2026-10-10T07:38:26.417037+00:00,200,saved,work_packages/M1_source_access/27_newspaper_context_recovery_20261008/social_public_api/continuations/20261010_broader_history_four_hour/worker/raw/fa3e510e648846905ddb0df2.bin.gz,308dedbcbec5a50f46c2285d9d9c9dee3e4d92237cbb6ab35b134c0786909218,aaf4353f013930d00377669c951948fb30125d49d649f1fd21f89cdb9bb53441,64529,7057,,loaded_native_returns,0,0,application/json; charset=utf-8,64529,,server_representation_metadata; not native message publication or verified edit time
fa4a4a048808cd19901c286e,osm_discourse,content,https://community.openstreetmap.org/t/32518.json,2026-10-10T09:24:22.189481+00:00,200,saved,work_packages/M1_source_access/27_newspaper_context_recovery_20261008/social_public_api/continuations/20261010_broader_history_four_hour/worker/raw/fa4a4a048808cd19901c286e.bin.gz,b6d81ddbb1de20d44068cfef6a8a78e8b70951c1a54327a5f90f4f0e3f46ea78,b3348de9a44de5211dfe4de9e2e51fd3e6a47c52836c9cd1721052a00943a4da,14889,3776,,loaded_native_returns,3,0,application/json; charset=utf-8,14889,,server_representation_metadata; not native message publication or verified edit time
fa899bb5289844077d52192a,boingboing_bbs,policy,https://bbs.boingboing.net/robots.txt,,301,http_stop,,,,,,,transport_stop_no_raw_payload,0,0,,,,server_representation_metadata; not native message publication or verified edit time
faaa2386ad3b2382a6bae4f1,lemmy_nz,content,https://lemmy.nz/api/v3/comment/list?type_=Local&sort=Old&limit=50&page=1&post_id=212248,2026-10-10T09:38:00.961924+00:00,200,saved,work_packages/M1_source_access/27_newspaper_context_recovery_20261008/social_public_api/continuations/20261010_broader_history_four_hour/worker/raw/faaa2386ad3b2382a6bae4f1.bin.gz,4c7880d397721bea633b71a12696113b177f5663f75db6865c66d3cb8f52c481,fb3a8a606124b7bb3c6ad368524f26d187fd0bcb046f57a99752671bb1243581,7791,2062,,loaded_native_returns,4,0,application/json,7791,,server_representation_metadata; not native message publication or verified edit time
faadc27962a88b7a236635f2,mastodon_uk,content,https://mastodon.me.uk/api/v1/timelines/public?local=true&limit=40&max_id=116267293462594691,2026-10-10T06:04:18.088586+00:00,200,saved,work_packages/M1_source_access/27_newspaper_context_recovery_20261008/social_public_api/continuations/20261010_broader_history_four_hour/worker/raw/faadc27962a88b7a236635f2.bin.gz,8de327e0e6158dd250267ff54524a9a28270b89101aba0baf5779db714e30b54,798f53fe595d472a780fd804b0b44cd8316915ba5dd7b0bfb92a50fa84e6833d,132001,15636,,loaded_native_returns,40,0,application/json; charset=utf-8,132001,,server_representation_metadata; not native message publication or verified edit time
fac643f799f5fc40f3cf06fa,mastodon_uk,content,https://mastodon.me.uk/api/v1/timelines/public?local=true&limit=40&max_id=116273130702583611,2026-10-10T05:57:38.588276+00:00,200,saved,work_packages/M1_source_access/27_newspaper_context_recovery_20261008/social_public_api/continuations/20261010_broader_history_four_hour/worker/raw/fac643f799f5fc40f3cf06fa.bin.gz,6cbd00dbfbddcb9805fcfd6279a1d245d97b2b72f0988cc276046eec04591d9e,a5ebd36e4b61dd314685a26b9503c25f796ce7885a60dec80fabe21f02cbbbd8,134990,18701,,loaded_native_returns,40,0,application/json; charset=utf-8,134990,,server_representation_metadata; not native message publication or verified edit time
fae9fffe5471452179c71dcf,w3_wwwtalk,content,https://lists.w3.org/Archives/Public/www-talk/1992JulAug/0042.html,2026-10-10T09:29:41.670041+00:00,200,saved,work_packages/M1_source_access/27_newspaper_context_recovery_20261008/social_public_api/continuations/20261010_broader_history_four_hour/worker/raw/fae9fffe5471452179c71dcf.bin.gz,b7408a7fa06026dd83fde0ca3ca0cab8581b891809aa43fa5b5aba53ed640686,f5987f88d31998e9436c71b6fa9a848f2b2a29ab41d9095833d276e2da3cf8b2,2027,723,,loaded_native_returns,1,0,text/html,,"Mon, 04 Aug 2003 15:50:20 GMT",server_representation_metadata; not native message publication or verified edit time
fb4ff3dbb819c7bc30918fc7,mastodon_uk,content,https://mastodon.me.uk/api/v1/timelines/public?local=true&limit=40&max_id=116097284431155056,2026-10-10T09:41:01.001872+00:00,200,saved,work_packages/M1_source_access/27_newspaper_context_recovery_20261008/social_public_api/continuations/20261010_broader_history_four_hour/worker/raw/fb4ff3dbb819c7bc30918fc7.bin.gz,ac659359fa8a3e6efb9ec026e36a881f130aebcca0774679dba902dc44947ab6,92f7942f16daa87925c5e4b0a3a3fb82b6334815ac10cb21133fbb86c191dd4b,139975,20914,,loaded_native_returns,40,0,application/json; charset=utf-8,139975,,server_representation_metadata; not native message publication or verified edit time
fb70966e7de9daf0f41c7486,bluesky,content,https://public.api.bsky.app/xrpc/app.bsky.feed.getAuthorFeed?actor=did%3Aplc%3Aragtjsm2j2vknwkz3zp4oxrd&limit=100&filter=posts_with_replies&includePins=false&cursor=2023-07-07T13%3A50%3A19.976Z,2026-10-10T09:41:12.146949+00:00,200,saved,work_packages/M1_source_access/27_newspaper_context_recovery_20261008/social_public_api/continuations/20261010_broader_history_four_hour/worker/raw/fb70966e7de9daf0f41c7486.bin.gz,c90796bae5fb310fae0f37fba57e939f5b62eba010b2de0fa4e628fba8ebfe28,f8984405e312342b3ce558b85d6370139bead89504a0cea042266d07b461f7dd,413228,41000,,loaded_native_returns,107,0,application/json; charset=utf-8,413228,,server_representation_metadata; not native message publication or verified edit time
fbb0ddcb42a30a0596414de7,osm_discourse,content,https://community.openstreetmap.org/t/32403.json,2026-10-10T07:51:20.829421+00:00,200,saved,work_packages/M1_source_access/27_newspaper_context_recovery_20261008/social_public_api/continuations/20261010_broader_history_four_hour/worker/raw/fbb0ddcb42a30a0596414de7.bin.gz,93ce1702792c0ae694a6ee519ddc9dc719f085c98e98608b7dc43c9b2826d8e0,d565fde42fb36231e234f1a4514b8f2b68aac3a5028a04caf365daa4463386b3,23089,4982,,loaded_native_returns,7,0,application/json; charset=utf-8,23089,,server_representation_metadata; not native message publication or verified edit time
fbf08592bf28c21d2da79bcb,lemmy_nz,content,https://lemmy.nz/api/v3/comment/list?type_=Local&sort=Old&limit=50&page=2&post_id=171460,2026-10-10T06:14:58.345531+00:00,200,saved,work_packages/M1_source_access/27_newspaper_context_recovery_20261008/social_public_api/continuations/20261010_broader_history_four_hour/worker/raw/fbf08592bf28c21d2da79bcb.bin.gz,9efdb10c81eaf55dc95e4320d1f02441576a405fb0551d5b8f1905bc0728f854,4fa14da49dc015f30581863a05d74d4091152f4549146526e99de651d5809edf,15,35,,loaded_native_returns,0,0,application/json,15,,server_representation_metadata; not native message publication or verified edit time
fc553ba8bb799553a5c01e7a,dowire_newswire,content,https://www.mail-archive.com/newswire%40groups.dowire.org/mail7.html,2026-10-10T06:33:38.967109+00:00,200,saved,work_packages/M1_source_access/27_newspaper_context_recovery_20261008/social_public_api/continuations/20261010_broader_history_four_hour/worker/raw/fc553ba8bb799553a5c01e7a.bin.gz,87b655bf0471b88c6b46ce54ce0848ec65fd1bee6e49e55194e850c1f3e0f57a,cf140305fa4f3b9d665c72fb074cbdfa3c1cf97209b6ef806a567568bca04285,49320,10437,,loaded_native_returns,0,0,text/html; charset=UTF-8,,,server_representation_metadata; not native message publication or verified edit time
fcc90edfabacc1853b00483f,bluesky,content,https://public.api.bsky.app/xrpc/app.bsky.feed.getAuthorFeed?actor=did%3Aplc%3At5pur7eruxfgxy7ynpfrmg2w&limit=100&filter=posts_with_replies&includePins=false&cursor=2025-08-01T08%3A45%3A27.709Z,2026-10-10T06:44:32.488790+00:00,200,saved,work_packages/M1_source_access/27_newspaper_context_recovery_20261008/social_public_api/continuations/20261010_broader_history_four_hour/worker/raw/fcc90edfabacc1853b00483f.bin.gz,6c8da4a77036071cf596d37cd354477a2ac5945e30d34e2f521cc95c286b1b1d,8ce2978f75dfcfe99b458a93e14ada885ed81b01f6228e7d2a1a8f0556c214b0,511272,53420,,loaded_native_returns,100,0,application/json; charset=utf-8,511272,,server_representation_metadata; not native message publication or verified edit time
fcd4710b540525fae189667a,mastodon_au,content,https://aus.social/api/v1/timelines/public?local=true&limit=40&max_id=116958063142563375,2026-10-10T06:08:54.746247+00:00,200,saved,work_packages/M1_source_access/27_newspaper_context_recovery_20261008/social_public_api/continuations/20261010_broader_history_four_hour/worker/raw/fcd4710b540525fae189667a.bin.gz,bc3672773b1fd7a749be0b9275a04c1403abb85b6b66fd02f15213e6ebcab892,c8d8a1f7cd461738abbe4c7066ace8460fb04b92180d8108e8562879b970eb9a,173154,30970,,loaded_native_returns,40,0,application/json; charset=utf-8,173154,,server_representation_metadata; not native message publication or verified edit time
fcd4822c75cf7ed844c48315,dowire_newswire,content,https://www.mail-archive.com/newswire%40groups.dowire.org/maillist.html,2026-10-10T06:22:06.888715+00:00,200,saved,work_packages/M1_source_access/27_newspaper_context_recovery_20261008/social_public_api/continuations/20261010_broader_history_four_hour/worker/raw/fcd4822c75cf7ed844c48315.bin.gz,936d0b0afdb80e7cf477deed7d04b6e8440f53c44078be5740814218e22d5253,0ab9a00e502fb307ab54ce8f8867f2450c0bfc4d88ff0765d9838b1cb28e0238,48571,9972,,loaded_native_returns,0,0,text/html; charset=UTF-8,,,server_representation_metadata; not native message publication or verified edit time
fcdf336251493cd6c4d9b06a,thesession,source_metadata,https://thesession.org/discussions/1?format=json,2026-10-10T07:32:31.282791+00:00,200,saved,work_packages/M1_source_access/27_newspaper_context_recovery_20261008/social_public_api/continuations/20261010_broader_history_four_hour/worker/raw/fcdf336251493cd6c4d9b06a.bin.gz,bdcd808c64430a0e5fb1c662a57cc1aa0091ebaee478b49c304ba99810b374e4,c674fe0e7e6879ee1045856be409eb6688d7a5114b878acbe739f9b691b4a18a,44070,10361,,noncontent_access_policy_or_frame_metadata,0,0,application/json; charset=utf-8,,,server_representation_metadata; not native message publication or verified edit time
fcf33ab098edad0d6a7171f2,mpls_issues_freedom2_archive,source_metadata,https://www.mail-archive.com/search?l=mpls-issues%40freedom2.mtn.org&q=date%3A%5B19880101+TO+20260921%5D+&o=oldest&f=1,2026-10-10T06:40:39.084217+00:00,200,saved,work_packages/M1_source_access/27_newspaper_context_recovery_20261008/social_public_api/continuations/20261010_broader_history_four_hour/worker/raw/fcf33ab098edad0d6a7171f2.bin.gz,f5f576228d5963f1945fafc5fbb1a3f111384b0c8057ffc73ba0c79ff05b976b,2ca2bfbff56100132162f9638ad79f579fca70be1a874abe2d815326c6236c87,299438,78427,,noncontent_access_policy_or_frame_metadata,0,0,text/html,,,server_representation_metadata; not native message publication or verified edit time
fd4ff7518bc6af5b725c414d,urban75,source_metadata,https://www.urban75.net/forums/,2026-10-10T07:22:45.467973+00:00,200,saved,work_packages/M1_source_access/27_newspaper_context_recovery_20261008/social_public_api/continuations/20261010_broader_history_four_hour/worker/raw/fd4ff7518bc6af5b725c414d.bin.gz,8e5a8d77b02a2a575a3dd6cb612d90ac04161549364e65c7a3ca67424b11445b,762cd24fdc308ae9a1942578292b26cdd80a30cbb3a3e0ecce2b8652f8a0cb80,201694,37706,,noncontent_access_policy_or_frame_metadata,0,0,text/html; charset=utf-8,,"Sat, 10 Oct 2026 07:22:44 GMT",server_representation_metadata; not native message publication or verified edit time
fd558a6d214113c40b154a8b,bluesky,content,https://public.api.bsky.app/xrpc/app.bsky.feed.getAuthorFeed?actor=did%3Aplc%3Aragtjsm2j2vknwkz3zp4oxrd&limit=100&filter=posts_with_replies&includePins=false&cursor=2023-09-01T20%3A35%3A11.06Z,2026-10-10T08:49:15.990650+00:00,200,saved,work_packages/M1_source_access/27_newspaper_context_recovery_20261008/social_public_api/continuations/20261010_broader_history_four_hour/worker/raw/fd558a6d214113c40b154a8b.bin.gz,d4ebc711d5361e8f6f33b83ae126b2bbf884c753344c8882849f52270243d227,15094c1f70a8f9d04eff76eea5938f027f5bf6581cdcc9ccd01b62a139821a4e,434883,39803,,loaded_native_returns,108,0,application/json; charset=utf-8,434883,,server_representation_metadata; not native message publication or verified edit time
fd94c4482e02811f4ebfdee4,tildes,content,https://tildes.net/~tildes.official/1k1l/ive_added_society_for_topics_related_to_politics_law_policies_and_similar_societal_level_subjects,2026-10-10T07:28:10.428219+00:00,200,saved,work_packages/M1_source_access/27_newspaper_context_recovery_20261008/social_public_api/continuations/20261010_broader_history_four_hour/worker/raw/fd94c4482e02811f4ebfdee4.bin.gz,19ae328f88f405e3e9afea19c82bce569841c08130729f271132e5e3a28a63d3,cfa7a7b8bbe5c4295b38934bdceb397bd391c57012f53d876d2601f7018b976a,148702,21550,,loaded_native_returns,63,0,text/html; charset=UTF-8,148702,,server_representation_metadata; not native message publication or verified edit time
fdb62b9a9fb4025872d436c5,w3_wwwtalk,content,https://lists.w3.org/Archives/Public/www-talk/1992MayJun/0054.html,2026-10-10T07:02:26.797092+00:00,200,saved,work_packages/M1_source_access/27_newspaper_context_recovery_20261008/social_public_api/continuations/20261010_broader_history_four_hour/worker/raw/fdb62b9a9fb4025872d436c5.bin.gz,d49b9bf72c22f30aa587e52069e5f368e78e243b4b765e41c6df39e7ca943269,5a8a541e559b7b4d9a84eb1cedf4e8f4ace558b43c6c5a1aa081b4ff8e80c73c,4057,1647,,loaded_native_returns,1,0,text/html,,"Mon, 04 Aug 2003 15:50:20 GMT",server_representation_metadata; not native message publication or verified edit time
fdeaed326346034efd7cae36,dowire_newswire,content,https://www.mail-archive.com/newswire%40groups.dowire.org/msg00002.html,2026-10-10T06:51:21.130683+00:00,200,saved,work_packages/M1_source_access/27_newspaper_context_recovery_20261008/social_public_api/continuations/20261010_broader_history_four_hour/worker/raw/fdeaed326346034efd7cae36.bin.gz,35c914ecd7c37eae5cb98aeb2fe96715f52078bfb3b84cc67c45a908daa3dfb0,29cca6ca627f3c111e3d0530b847f8a295d9af9bec15406233cd7eb384f444ca,14965,5908,,loaded_native_returns,1,0,text/html; charset=utf-8,,,server_representation_metadata; not native message publication or verified edit time
fdf85ba632f42f23ef0052a5,mastodon_uk,content,https://mastodon.me.uk/api/v1/timelines/public?local=true&limit=40&max_id=116220808625183968,2026-10-10T07:02:01.043935+00:00,200,saved,work_packages/M1_source_access/27_newspaper_context_recovery_20261008/social_public_api/continuations/20261010_broader_history_four_hour/worker/raw/fdf85ba632f42f23ef0052a5.bin.gz,ef25b4c5d3b4da337194cfa437927fcee59b6c6b6d98b3881cc3ea0c4635edf8,442d71057651fefa45d8e4dd0b79eec028188178585b0fc970e91f4457862ec4,127566,18052,,loaded_native_returns,40,0,application/json; charset=utf-8,127566,,server_representation_metadata; not native message publication or verified edit time
fe324f097bfd14c99bf8fd7a,tildes,content,https://tildes.net/~tildes/15xb/looking_for_beta_testers_for_my_tildes_net_ios_app,2026-10-10T08:26:13.449276+00:00,200,saved,work_packages/M1_source_access/27_newspaper_context_recovery_20261008/social_public_api/continuations/20261010_broader_history_four_hour/worker/raw/fe324f097bfd14c99bf8fd7a.bin.gz,b4c0854a9e588d4c257c7ec1c8f38f19b64909382909e5c8576d4f5e754d0cee,e0669a2ff4830333803a6d4c92c3e9982be35dbf9b227e6c547c074eed71bbf5,351237,35423,,loaded_native_returns,183,0,text/html; charset=UTF-8,351237,,server_representation_metadata; not native message publication or verified edit time
fe4634f38079a46c251433d1,w3_wwwtalk,content,https://lists.w3.org/Archives/Public/www-talk/1992JulAug/0041.html,2026-10-10T09:28:09.451036+00:00,200,saved,work_packages/M1_source_access/27_newspaper_context_recovery_20261008/social_public_api/continuations/20261010_broader_history_four_hour/worker/raw/fe4634f38079a46c251433d1.bin.gz,be0fae8f379f9fa09047ad050ac40f3a83ff5b8e30b6496cde7ef4828a265b3c,7ba5d003ce4ab7bc94490abe9316fb69f4e17e37151534f4c6a830c1cfdb1340,4547,1829,,loaded_native_returns,1,0,text/html,,"Mon, 04 Aug 2003 15:50:20 GMT",server_representation_metadata; not native message publication or verified edit time
fec6a89bc967347a5920bf96,thesession,content,https://thesession.org/discussions/44,2026-10-10T09:32:08.519627+00:00,200,saved,work_packages/M1_source_access/27_newspaper_context_recovery_20261008/social_public_api/continuations/20261010_broader_history_four_hour/worker/raw/fec6a89bc967347a5920bf96.bin.gz,b5ccbb85e05e80001f5bda374f02be560e9b459ee7257f7b321b4a3ec1f50afb,f77a5929581ae071c594bc9c67cc8e5f58b2eda92ff93f7c2b02eb1a551dfaac,55144,12704,,loaded_native_returns,2,0,text/html; charset=utf-8,,,server_representation_metadata; not native message publication or verified edit time
fedd831fbc14b9ed4047b458,lemmy_nz,content,https://lemmy.nz/api/v3/comment/list?type_=Local&sort=Old&limit=50&page=1&post_id=205910,2026-10-10T08:41:24.736039+00:00,200,saved,work_packages/M1_source_access/27_newspaper_context_recovery_20261008/social_public_api/continuations/20261010_broader_history_four_hour/worker/raw/fedd831fbc14b9ed4047b458.bin.gz,9b65077c147f3c32a0461fb46f86dce0708d64c89a4aac6a9cb7580482eae390,5c4d83fa690bbe4ace3c2f906e0e75e7fddf0f8d15abee37a99ad1f206c5a2ec,20950,3835,,loaded_native_returns,10,0,application/json,20950,,server_representation_metadata; not native message publication or verified edit time
feff86a3dc6a19d426d7f5ed,lemmy_nz,content,https://lemmy.nz/api/v3/comment/list?type_=Local&sort=Old&limit=50&page=2&post_id=178971,2026-10-10T06:44:07.723496+00:00,200,saved,work_packages/M1_source_access/27_newspaper_context_recovery_20261008/social_public_api/continuations/20261010_broader_history_four_hour/worker/raw/feff86a3dc6a19d426d7f5ed.bin.gz,9efdb10c81eaf55dc95e4320d1f02441576a405fb0551d5b8f1905bc0728f854,4fa14da49dc015f30581863a05d74d4091152f4549146526e99de651d5809edf,15,35,,loaded_native_returns,0,0,application/json,15,,server_representation_metadata; not native message publication or verified edit time
ff019ed6fc5ef1b7984df0eb,dowire_lists_umn,content,https://www.mail-archive.com/do-wire%40lists.umn.edu/msg00010.html,2026-10-10T06:51:16.231579+00:00,200,saved,work_packages/M1_source_access/27_newspaper_context_recovery_20261008/social_public_api/continuations/20261010_broader_history_four_hour/worker/raw/ff019ed6fc5ef1b7984df0eb.bin.gz,89c78ba470aab94599f3ccfeb0c0058ce088e3b76f92987f9b61533ea903a335,f7b89b2c4652c9e57a37925b9cad3ca56da19c213e672973bb471571b0523804,11145,4431,,loaded_native_returns,1,0,text/html; charset=utf-8,,,server_representation_metadata; not native message publication or verified edit time
ff39c5d125e540d6fd1941de,osm_discourse,content,https://community.openstreetmap.org/t/32379.json,2026-10-10T07:35:12.858628+00:00,200,saved,work_packages/M1_source_access/27_newspaper_context_recovery_20261008/social_public_api/continuations/20261010_broader_history_four_hour/worker/raw/ff39c5d125e540d6fd1941de.bin.gz,87214ccc3d0ace2f88a5cac8e7728e820a59bf72d5900b7c273332550d9ce975,4ba855cafb07073b0441465e1923d3f2613a192f46167c93909f32ad44579db5,14673,3366,,loaded_native_returns,3,0,application/json; charset=utf-8,14673,,server_representation_metadata; not native message publication or verified edit time
ff4a56a5b04c05a829310660,tildes,content,https://tildes.net/~books/1w3s/tildes_book_club_future,2026-10-10T08:50:26.261063+00:00,200,saved,work_packages/M1_source_access/27_newspaper_context_recovery_20261008/social_public_api/continuations/20261010_broader_history_four_hour/worker/raw/ff4a56a5b04c05a829310660.bin.gz,1a2b4952c701c35ec4cc6d54812d11c66b63857cdf458353c6555e42872ec86e,4c3998bce7995655dadfb8078f0f61f76793ccde5c038c76c442a64a42f3f0cd,49343,10382,,loaded_native_returns,17,0,text/html; charset=UTF-8,49343,,server_representation_metadata; not native message publication or verified edit time
ffeb57dc29d3027bea51d60f,mastodon_us,content,https://sfba.social/api/v1/timelines/public?local=true&limit=40&max_id=116892818079101949,2026-10-10T08:16:52.298301+00:00,200,saved,work_packages/M1_source_access/27_newspaper_context_recovery_20261008/social_public_api/continuations/20261010_broader_history_four_hour/worker/raw/ffeb57dc29d3027bea51d60f.bin.gz,609c5f93eab28687968bdcc6d80dc1b13870da265a16912ee4d48f9623b4cbee,29c694f5736fb5ad2e39b3fb617ffc98db583bfaf6360112412a339567accac1,149237,23776,,loaded_native_returns,40,0,application/json; charset=utf-8,149237,,server_representation_metadata; not native message publication or verified edit time
fff105f28fef47b5ea31a05e,python_list_archive,content,https://mail.python.org/pipermail/python-list/2008-November.txt,2026-10-10T07:53:26.526925+00:00,200,saved,work_packages/M1_source_access/27_newspaper_context_recovery_20261008/social_public_api/continuations/20261010_broader_history_four_hour/worker/raw/fff105f28fef47b5ea31a05e.bin.gz,15f62991ef537b6bf185b07a2a3ef9585b61ffac99b430d772c73e82bdb9f773,9fb7e09c12655cf9434d0f3124ad44d16093a0c1723b1643f7d68c1ce545c853,13635120,5202315,,loaded_native_returns,7670,0,text/plain,13635120,"Mon, 28 Oct 2019 09:52:27 GMT",server_representation_metadata; not native message publication or verified edit time
fffc931978a563245b3cd128,mastodon_uk,content,https://mastodon.me.uk/api/v1/timelines/public?local=true&limit=40&max_id=116113867758926531,2026-10-10T09:29:20.108125+00:00,200,saved,work_packages/M1_source_access/27_newspaper_context_recovery_20261008/social_public_api/continuations/20261010_broader_history_four_hour/worker/raw/fffc931978a563245b3cd128.bin.gz,5e193637d00999a940dc9a35468ce4c6aeff5a78b9794b708ebc4202a10121e2,99978908d0f5acdb9d5a6ab08ccd4eb5afda593cbd8603c7e552b72261eea816,124285,16307,,loaded_native_returns,40,0,application/json; charset=utf-8,124285,,server_representation_metadata; not native message publication or verified edit time
