source_id,month,count,previous_three_counts,following_three_counts,incomplete_boundary_context,greater_than_all_available_neighbors_candidate,event_attribution
aussie_zone,2023-06,1189,"[0, 0, 0]","[523, 299, 242]",0,1,none; independent dated evidence required
aussie_zone,2023-07,523,"[0, 0, 1189]","[299, 242, 207]",0,0,none; independent dated evidence required
aussie_zone,2023-08,299,"[0, 1189, 523]","[242, 207, 189]",0,0,none; independent dated evidence required
aussie_zone,2023-09,242,"[1189, 523, 299]","[207, 189, 188]",0,0,none; independent dated evidence required
aussie_zone,2023-10,207,"[523, 299, 242]","[189, 188, 185]",0,0,none; independent dated evidence required
aussie_zone,2023-11,189,"[299, 242, 207]","[188, 185, 171]",0,0,none; independent dated evidence required
aussie_zone,2023-12,188,"[242, 207, 189]","[185, 171, 241]",0,0,none; independent dated evidence required
aussie_zone,2024-01,185,"[207, 189, 188]","[171, 241, 178]",0,0,none; independent dated evidence required
aussie_zone,2024-02,171,"[189, 188, 185]","[241, 178, 162]",0,0,none; independent dated evidence required
aussie_zone,2024-03,241,"[188, 185, 171]","[178, 162, 193]",0,1,none; independent dated evidence required
aussie_zone,2024-04,178,"[185, 171, 241]","[162, 193, 159]",0,0,none; independent dated evidence required
aussie_zone,2024-05,162,"[171, 241, 178]","[193, 159, 156]",0,0,none; independent dated evidence required
aussie_zone,2024-06,193,"[241, 178, 162]","[159, 156, 175]",0,0,none; independent dated evidence required
aussie_zone,2024-07,159,"[178, 162, 193]","[156, 175, 225]",0,0,none; independent dated evidence required
aussie_zone,2024-08,156,"[162, 193, 159]","[175, 225, 197]",0,0,none; independent dated evidence required
aussie_zone,2024-09,175,"[193, 159, 156]","[225, 197, 177]",0,0,none; independent dated evidence required
aussie_zone,2024-10,225,"[159, 156, 175]","[197, 177, 189]",0,1,none; independent dated evidence required
aussie_zone,2024-11,197,"[156, 175, 225]","[177, 189, 178]",0,0,none; independent dated evidence required
aussie_zone,2024-12,177,"[175, 225, 197]","[189, 178, 226]",0,0,none; independent dated evidence required
aussie_zone,2025-01,189,"[225, 197, 177]","[178, 226, 210]",0,0,none; independent dated evidence required
aussie_zone,2025-02,178,"[197, 177, 189]","[226, 210, 201]",0,0,none; independent dated evidence required
aussie_zone,2025-03,226,"[177, 189, 178]","[210, 201, 211]",0,1,none; independent dated evidence required
aussie_zone,2025-04,210,"[189, 178, 226]","[201, 211, 221]",0,0,none; independent dated evidence required
aussie_zone,2025-05,201,"[178, 226, 210]","[211, 221, 243]",0,0,none; independent dated evidence required
aussie_zone,2025-06,211,"[226, 210, 201]","[221, 243, 175]",0,0,none; independent dated evidence required
aussie_zone,2025-07,221,"[210, 201, 211]","[243, 175, 188]",0,0,none; independent dated evidence required
aussie_zone,2025-08,243,"[201, 211, 221]","[175, 188, 168]",0,1,none; independent dated evidence required
aussie_zone,2025-09,175,"[211, 221, 243]","[188, 168, 163]",0,0,none; independent dated evidence required
aussie_zone,2025-10,188,"[221, 243, 175]","[168, 163, 195]",0,0,none; independent dated evidence required
aussie_zone,2025-11,168,"[243, 175, 188]","[163, 195, 249]",0,0,none; independent dated evidence required
aussie_zone,2025-12,163,"[175, 188, 168]","[195, 249, 345]",0,0,none; independent dated evidence required
aussie_zone,2026-01,195,"[188, 168, 163]","[249, 345, 285]",0,0,none; independent dated evidence required
aussie_zone,2026-02,249,"[168, 163, 195]","[345, 285, 288]",0,0,none; independent dated evidence required
aussie_zone,2026-03,345,"[163, 195, 249]","[285, 288, 324]",0,1,none; independent dated evidence required
aussie_zone,2026-04,285,"[195, 249, 345]","[288, 324, 279]",0,0,none; independent dated evidence required
aussie_zone,2026-05,288,"[249, 345, 285]","[324, 279, 264]",0,0,none; independent dated evidence required
aussie_zone,2026-06,324,"[345, 285, 288]","[279, 264, 200]",1,0,none; independent dated evidence required
aussie_zone,2026-07,279,"[285, 288, 324]","[264, 200]",1,0,none; independent dated evidence required
aussie_zone,2026-08,264,"[288, 324, 279]",[200],1,0,none; independent dated evidence required
aussie_zone,2026-09,200,"[324, 279, 264]",[],1,0,none; independent dated evidence required
bluesky,2020-09,1,"[0, 0, 0]","[0, 0, 0]",0,1,none; independent dated evidence required
bluesky,2022-11,1,"[0, 0, 0]","[0, 0, 0]",0,1,none; independent dated evidence required
bluesky,2023-04,94,"[0, 0, 0]","[126, 82, 366]",0,0,none; independent dated evidence required
bluesky,2023-05,126,"[0, 0, 94]","[82, 366, 699]",0,0,none; independent dated evidence required
bluesky,2023-06,82,"[0, 94, 126]","[366, 699, 1747]",0,0,none; independent dated evidence required
bluesky,2023-07,366,"[94, 126, 82]","[699, 1747, 795]",0,0,none; independent dated evidence required
bluesky,2023-08,699,"[126, 82, 366]","[1747, 795, 1046]",0,0,none; independent dated evidence required
bluesky,2023-09,1747,"[82, 366, 699]","[795, 1046, 2916]",0,0,none; independent dated evidence required
bluesky,2023-10,795,"[366, 699, 1747]","[1046, 2916, 1737]",0,0,none; independent dated evidence required
bluesky,2023-11,1046,"[699, 1747, 795]","[2916, 1737, 2200]",0,0,none; independent dated evidence required
bluesky,2023-12,2916,"[1747, 795, 1046]","[1737, 2200, 1523]",0,1,none; independent dated evidence required
bluesky,2024-01,1737,"[795, 1046, 2916]","[2200, 1523, 1538]",0,0,none; independent dated evidence required
bluesky,2024-02,2200,"[1046, 2916, 1737]","[1523, 1538, 1400]",0,0,none; independent dated evidence required
bluesky,2024-03,1523,"[2916, 1737, 2200]","[1538, 1400, 1253]",0,0,none; independent dated evidence required
bluesky,2024-04,1538,"[1737, 2200, 1523]","[1400, 1253, 571]",0,0,none; independent dated evidence required
bluesky,2024-05,1400,"[2200, 1523, 1538]","[1253, 571, 1112]",0,0,none; independent dated evidence required
bluesky,2024-06,1253,"[1523, 1538, 1400]","[571, 1112, 535]",0,0,none; independent dated evidence required
bluesky,2024-07,571,"[1538, 1400, 1253]","[1112, 535, 916]",0,0,none; independent dated evidence required
bluesky,2024-08,1112,"[1400, 1253, 571]","[535, 916, 1992]",0,0,none; independent dated evidence required
bluesky,2024-09,535,"[1253, 571, 1112]","[916, 1992, 1767]",0,0,none; independent dated evidence required
bluesky,2024-10,916,"[571, 1112, 535]","[1992, 1767, 1730]",0,0,none; independent dated evidence required
bluesky,2024-11,1992,"[1112, 535, 916]","[1767, 1730, 1044]",0,1,none; independent dated evidence required
bluesky,2024-12,1767,"[535, 916, 1992]","[1730, 1044, 1564]",0,0,none; independent dated evidence required
bluesky,2025-01,1730,"[916, 1992, 1767]","[1044, 1564, 1443]",0,0,none; independent dated evidence required
bluesky,2025-02,1044,"[1992, 1767, 1730]","[1564, 1443, 1578]",0,0,none; independent dated evidence required
bluesky,2025-03,1564,"[1767, 1730, 1044]","[1443, 1578, 1673]",0,0,none; independent dated evidence required
bluesky,2025-04,1443,"[1730, 1044, 1564]","[1578, 1673, 5726]",0,0,none; independent dated evidence required
bluesky,2025-05,1578,"[1044, 1564, 1443]","[1673, 5726, 8342]",0,0,none; independent dated evidence required
bluesky,2025-06,1673,"[1564, 1443, 1578]","[5726, 8342, 4026]",0,0,none; independent dated evidence required
bluesky,2025-07,5726,"[1443, 1578, 1673]","[8342, 4026, 1880]",0,0,none; independent dated evidence required
bluesky,2025-08,8342,"[1578, 1673, 5726]","[4026, 1880, 2116]",0,1,none; independent dated evidence required
bluesky,2025-09,4026,"[1673, 5726, 8342]","[1880, 2116, 2462]",0,0,none; independent dated evidence required
bluesky,2025-10,1880,"[5726, 8342, 4026]","[2116, 2462, 3933]",0,0,none; independent dated evidence required
bluesky,2025-11,2116,"[8342, 4026, 1880]","[2462, 3933, 3791]",0,0,none; independent dated evidence required
bluesky,2025-12,2462,"[4026, 1880, 2116]","[3933, 3791, 3858]",0,0,none; independent dated evidence required
bluesky,2026-01,3933,"[1880, 2116, 2462]","[3791, 3858, 3989]",0,0,none; independent dated evidence required
bluesky,2026-02,3791,"[2116, 2462, 3933]","[3858, 3989, 3451]",0,0,none; independent dated evidence required
bluesky,2026-03,3858,"[2462, 3933, 3791]","[3989, 3451, 3882]",0,0,none; independent dated evidence required
bluesky,2026-04,3989,"[3933, 3791, 3858]","[3451, 3882, 4362]",0,0,none; independent dated evidence required
bluesky,2026-05,3451,"[3791, 3858, 3989]","[3882, 4362, 4795]",0,0,none; independent dated evidence required
bluesky,2026-06,3882,"[3858, 3989, 3451]","[4362, 4795, 3617]",1,0,none; independent dated evidence required
bluesky,2026-07,4362,"[3989, 3451, 3882]","[4795, 3617]",1,0,none; independent dated evidence required
bluesky,2026-08,4795,"[3451, 3882, 4362]",[3617],1,1,none; independent dated evidence required
bluesky,2026-09,3617,"[3882, 4362, 4795]",[],1,0,none; independent dated evidence required
dowire_lists_umn,2003-05,1,"[0, 0, 0]","[14, 0, 0]",0,0,none; independent dated evidence required
dowire_lists_umn,2003-06,14,"[0, 0, 1]","[0, 0, 0]",0,1,none; independent dated evidence required
dowire_newswire,2006-05,6,"[0, 0, 0]","[0, 0, 0]",0,1,none; independent dated evidence required
dowire_tc_umn,2000-06,13,"[0, 0, 0]","[0, 0, 0]",0,1,none; independent dated evidence required
feddit_org,2023-10,1,"[0, 0, 0]","[0, 0, 0]",0,1,none; independent dated evidence required
feddit_org,2024-06,395,"[0, 0, 0]","[1808, 1141, 0]",0,0,none; independent dated evidence required
feddit_org,2024-07,1808,"[0, 0, 395]","[1141, 0, 0]",0,1,none; independent dated evidence required
feddit_org,2024-08,1141,"[0, 395, 1808]","[0, 0, 0]",0,0,none; independent dated evidence required
hackernews,2006-10,12,"[0, 0, 0]","[0, 0, 0]",0,1,none; independent dated evidence required
hackernews,2007-02,50,"[0, 0, 0]","[0, 0, 0]",0,1,none; independent dated evidence required
ilxor,2001-07,46,"[0, 0, 0]","[0, 0, 0]",0,1,none; independent dated evidence required
ilxor,2002-12,24,"[0, 0, 0]","[0, 0, 0]",0,1,none; independent dated evidence required
ilxor,2004-03,28,"[0, 0, 0]","[0, 0, 0]",0,1,none; independent dated evidence required
ilxor,2005-03,50,"[0, 0, 0]","[0, 0, 0]",0,1,none; independent dated evidence required
ilxor,2006-01,19,"[0, 0, 0]","[0, 0, 0]",0,1,none; independent dated evidence required
ilxor,2006-06,3,"[0, 0, 0]","[0, 0, 0]",0,1,none; independent dated evidence required
ilxor,2006-10,44,"[0, 0, 0]","[15, 0, 0]",0,1,none; independent dated evidence required
ilxor,2006-11,15,"[0, 0, 44]","[0, 0, 0]",0,0,none; independent dated evidence required
ilxor,2007-03,11,"[0, 0, 0]","[0, 4, 0]",0,1,none; independent dated evidence required
ilxor,2007-05,4,"[0, 11, 0]","[0, 15, 2]",0,0,none; independent dated evidence required
ilxor,2007-07,15,"[0, 4, 0]","[2, 54, 15]",0,0,none; independent dated evidence required
ilxor,2007-08,2,"[4, 0, 15]","[54, 15, 0]",0,0,none; independent dated evidence required
ilxor,2007-09,54,"[0, 15, 2]","[15, 0, 0]",0,1,none; independent dated evidence required
ilxor,2007-10,15,"[15, 2, 54]","[0, 0, 0]",0,0,none; independent dated evidence required
ilxor,2008-03,77,"[0, 0, 0]","[236, 1, 15]",0,0,none; independent dated evidence required
ilxor,2008-04,236,"[0, 0, 77]","[1, 15, 31]",0,1,none; independent dated evidence required
ilxor,2008-05,1,"[0, 77, 236]","[15, 31, 28]",0,0,none; independent dated evidence required
ilxor,2008-06,15,"[77, 236, 1]","[31, 28, 0]",0,0,none; independent dated evidence required
ilxor,2008-07,31,"[236, 1, 15]","[28, 0, 171]",0,0,none; independent dated evidence required
ilxor,2008-08,28,"[1, 15, 31]","[0, 171, 7]",0,0,none; independent dated evidence required
ilxor,2008-10,171,"[31, 28, 0]","[7, 42, 25]",0,1,none; independent dated evidence required
ilxor,2008-11,7,"[28, 0, 171]","[42, 25, 54]",0,0,none; independent dated evidence required
ilxor,2008-12,42,"[0, 171, 7]","[25, 54, 144]",0,0,none; independent dated evidence required
ilxor,2009-01,25,"[171, 7, 42]","[54, 144, 163]",0,0,none; independent dated evidence required
ilxor,2009-02,54,"[7, 42, 25]","[144, 163, 50]",0,0,none; independent dated evidence required
ilxor,2009-03,144,"[42, 25, 54]","[163, 50, 243]",0,0,none; independent dated evidence required
ilxor,2009-04,163,"[25, 54, 144]","[50, 243, 80]",0,0,none; independent dated evidence required
ilxor,2009-05,50,"[54, 144, 163]","[243, 80, 16]",0,0,none; independent dated evidence required
ilxor,2009-06,243,"[144, 163, 50]","[80, 16, 36]",0,1,none; independent dated evidence required
ilxor,2009-07,80,"[163, 50, 243]","[16, 36, 12]",0,0,none; independent dated evidence required
ilxor,2009-08,16,"[50, 243, 80]","[36, 12, 0]",0,0,none; independent dated evidence required
ilxor,2009-09,36,"[243, 80, 16]","[12, 0, 38]",0,0,none; independent dated evidence required
ilxor,2009-10,12,"[80, 16, 36]","[0, 38, 9]",0,0,none; independent dated evidence required
ilxor,2009-12,38,"[36, 12, 0]","[9, 12, 83]",0,0,none; independent dated evidence required
ilxor,2010-01,9,"[12, 0, 38]","[12, 83, 14]",0,0,none; independent dated evidence required
ilxor,2010-02,12,"[0, 38, 9]","[83, 14, 39]",0,0,none; independent dated evidence required
ilxor,2010-03,83,"[38, 9, 12]","[14, 39, 11]",0,1,none; independent dated evidence required
ilxor,2010-04,14,"[9, 12, 83]","[39, 11, 53]",0,0,none; independent dated evidence required
ilxor,2010-05,39,"[12, 83, 14]","[11, 53, 15]",0,0,none; independent dated evidence required
ilxor,2010-06,11,"[83, 14, 39]","[53, 15, 240]",0,0,none; independent dated evidence required
ilxor,2010-07,53,"[14, 39, 11]","[15, 240, 19]",0,0,none; independent dated evidence required
ilxor,2010-08,15,"[39, 11, 53]","[240, 19, 45]",0,0,none; independent dated evidence required
ilxor,2010-09,240,"[11, 53, 15]","[19, 45, 25]",0,1,none; independent dated evidence required
ilxor,2010-10,19,"[53, 15, 240]","[45, 25, 44]",0,0,none; independent dated evidence required
ilxor,2010-11,45,"[15, 240, 19]","[25, 44, 22]",0,0,none; independent dated evidence required
ilxor,2010-12,25,"[240, 19, 45]","[44, 22, 118]",0,0,none; independent dated evidence required
ilxor,2011-01,44,"[19, 45, 25]","[22, 118, 268]",0,0,none; independent dated evidence required
ilxor,2011-02,22,"[45, 25, 44]","[118, 268, 48]",0,0,none; independent dated evidence required
ilxor,2011-03,118,"[25, 44, 22]","[268, 48, 44]",0,0,none; independent dated evidence required
ilxor,2011-04,268,"[44, 22, 118]","[48, 44, 29]",0,1,none; independent dated evidence required
ilxor,2011-05,48,"[22, 118, 268]","[44, 29, 84]",0,0,none; independent dated evidence required
ilxor,2011-06,44,"[118, 268, 48]","[29, 84, 124]",0,0,none; independent dated evidence required
ilxor,2011-07,29,"[268, 48, 44]","[84, 124, 43]",0,0,none; independent dated evidence required
ilxor,2011-08,84,"[48, 44, 29]","[124, 43, 26]",0,0,none; independent dated evidence required
ilxor,2011-09,124,"[44, 29, 84]","[43, 26, 0]",0,1,none; independent dated evidence required
ilxor,2011-10,43,"[29, 84, 124]","[26, 0, 29]",0,0,none; independent dated evidence required
ilxor,2011-11,26,"[84, 124, 43]","[0, 29, 70]",0,0,none; independent dated evidence required
ilxor,2012-01,29,"[43, 26, 0]","[70, 50, 93]",0,0,none; independent dated evidence required
ilxor,2012-02,70,"[26, 0, 29]","[50, 93, 0]",0,0,none; independent dated evidence required
ilxor,2012-03,50,"[0, 29, 70]","[93, 0, 45]",0,0,none; independent dated evidence required
ilxor,2012-04,93,"[29, 70, 50]","[0, 45, 6]",0,1,none; independent dated evidence required
ilxor,2012-06,45,"[50, 93, 0]","[6, 26, 7]",0,0,none; independent dated evidence required
ilxor,2012-07,6,"[93, 0, 45]","[26, 7, 5]",0,0,none; independent dated evidence required
ilxor,2012-08,26,"[0, 45, 6]","[7, 5, 22]",0,0,none; independent dated evidence required
ilxor,2012-09,7,"[45, 6, 26]","[5, 22, 132]",0,0,none; independent dated evidence required
ilxor,2012-10,5,"[6, 26, 7]","[22, 132, 170]",0,0,none; independent dated evidence required
ilxor,2012-11,22,"[26, 7, 5]","[132, 170, 21]",0,0,none; independent dated evidence required
ilxor,2012-12,132,"[7, 5, 22]","[170, 21, 58]",0,0,none; independent dated evidence required
ilxor,2013-01,170,"[5, 22, 132]","[21, 58, 0]",0,1,none; independent dated evidence required
ilxor,2013-02,21,"[22, 132, 170]","[58, 0, 54]",0,0,none; independent dated evidence required
ilxor,2013-03,58,"[132, 170, 21]","[0, 54, 87]",0,0,none; independent dated evidence required
ilxor,2013-05,54,"[21, 58, 0]","[87, 47, 31]",0,0,none; independent dated evidence required
ilxor,2013-06,87,"[58, 0, 54]","[47, 31, 27]",0,1,none; independent dated evidence required
ilxor,2013-07,47,"[0, 54, 87]","[31, 27, 122]",0,0,none; independent dated evidence required
ilxor,2013-08,31,"[54, 87, 47]","[27, 122, 57]",0,0,none; independent dated evidence required
ilxor,2013-09,27,"[87, 47, 31]","[122, 57, 51]",0,0,none; independent dated evidence required
ilxor,2013-10,122,"[47, 31, 27]","[57, 51, 96]",0,1,none; independent dated evidence required
ilxor,2013-11,57,"[31, 27, 122]","[51, 96, 53]",0,0,none; independent dated evidence required
ilxor,2013-12,51,"[27, 122, 57]","[96, 53, 12]",0,0,none; independent dated evidence required
ilxor,2014-01,96,"[122, 57, 51]","[53, 12, 25]",0,0,none; independent dated evidence required
ilxor,2014-02,53,"[57, 51, 96]","[12, 25, 41]",0,0,none; independent dated evidence required
ilxor,2014-03,12,"[51, 96, 53]","[25, 41, 18]",0,0,none; independent dated evidence required
ilxor,2014-04,25,"[96, 53, 12]","[41, 18, 41]",0,0,none; independent dated evidence required
ilxor,2014-05,41,"[53, 12, 25]","[18, 41, 23]",0,0,none; independent dated evidence required
ilxor,2014-06,18,"[12, 25, 41]","[41, 23, 60]",0,0,none; independent dated evidence required
ilxor,2014-07,41,"[25, 41, 18]","[23, 60, 28]",0,0,none; independent dated evidence required
ilxor,2014-08,23,"[41, 18, 41]","[60, 28, 9]",0,0,none; independent dated evidence required
ilxor,2014-09,60,"[18, 41, 23]","[28, 9, 40]",0,1,none; independent dated evidence required
ilxor,2014-10,28,"[41, 23, 60]","[9, 40, 66]",0,0,none; independent dated evidence required
ilxor,2014-11,9,"[23, 60, 28]","[40, 66, 19]",0,0,none; independent dated evidence required
ilxor,2014-12,40,"[60, 28, 9]","[66, 19, 143]",0,0,none; independent dated evidence required
ilxor,2015-01,66,"[28, 9, 40]","[19, 143, 29]",0,0,none; independent dated evidence required
ilxor,2015-02,19,"[9, 40, 66]","[143, 29, 21]",0,0,none; independent dated evidence required
ilxor,2015-03,143,"[40, 66, 19]","[29, 21, 13]",0,1,none; independent dated evidence required
ilxor,2015-04,29,"[66, 19, 143]","[21, 13, 65]",0,0,none; independent dated evidence required
ilxor,2015-05,21,"[19, 143, 29]","[13, 65, 18]",0,0,none; independent dated evidence required
ilxor,2015-06,13,"[143, 29, 21]","[65, 18, 8]",0,0,none; independent dated evidence required
ilxor,2015-07,65,"[29, 21, 13]","[18, 8, 6]",0,1,none; independent dated evidence required
ilxor,2015-08,18,"[21, 13, 65]","[8, 6, 32]",0,0,none; independent dated evidence required
ilxor,2015-09,8,"[13, 65, 18]","[6, 32, 9]",0,0,none; independent dated evidence required
ilxor,2015-10,6,"[65, 18, 8]","[32, 9, 39]",0,0,none; independent dated evidence required
ilxor,2015-11,32,"[18, 8, 6]","[9, 39, 10]",0,0,none; independent dated evidence required
ilxor,2015-12,9,"[8, 6, 32]","[39, 10, 11]",0,0,none; independent dated evidence required
ilxor,2016-01,39,"[6, 32, 9]","[10, 11, 5]",0,1,none; independent dated evidence required
ilxor,2016-02,10,"[32, 9, 39]","[11, 5, 10]",0,0,none; independent dated evidence required
ilxor,2016-03,11,"[9, 39, 10]","[5, 10, 49]",0,0,none; independent dated evidence required
ilxor,2016-04,5,"[39, 10, 11]","[10, 49, 24]",0,0,none; independent dated evidence required
ilxor,2016-05,10,"[10, 11, 5]","[49, 24, 38]",0,0,none; independent dated evidence required
ilxor,2016-06,49,"[11, 5, 10]","[24, 38, 38]",0,1,none; independent dated evidence required
ilxor,2016-07,24,"[5, 10, 49]","[38, 38, 50]",0,0,none; independent dated evidence required
ilxor,2016-08,38,"[10, 49, 24]","[38, 50, 34]",0,0,none; independent dated evidence required
ilxor,2016-09,38,"[49, 24, 38]","[50, 34, 21]",0,0,none; independent dated evidence required
ilxor,2016-10,50,"[24, 38, 38]","[34, 21, 35]",0,1,none; independent dated evidence required
ilxor,2016-11,34,"[38, 38, 50]","[21, 35, 24]",0,0,none; independent dated evidence required
ilxor,2016-12,21,"[38, 50, 34]","[35, 24, 1]",0,0,none; independent dated evidence required
ilxor,2017-01,35,"[50, 34, 21]","[24, 1, 27]",0,0,none; independent dated evidence required
ilxor,2017-02,24,"[34, 21, 35]","[1, 27, 47]",0,0,none; independent dated evidence required
ilxor,2017-03,1,"[21, 35, 24]","[27, 47, 54]",0,0,none; independent dated evidence required
ilxor,2017-04,27,"[35, 24, 1]","[47, 54, 9]",0,0,none; independent dated evidence required
ilxor,2017-05,47,"[24, 1, 27]","[54, 9, 3]",0,0,none; independent dated evidence required
ilxor,2017-06,54,"[1, 27, 47]","[9, 3, 9]",0,1,none; independent dated evidence required
ilxor,2017-07,9,"[27, 47, 54]","[3, 9, 20]",0,0,none; independent dated evidence required
ilxor,2017-08,3,"[47, 54, 9]","[9, 20, 21]",0,0,none; independent dated evidence required
ilxor,2017-09,9,"[54, 9, 3]","[20, 21, 34]",0,0,none; independent dated evidence required
ilxor,2017-10,20,"[9, 3, 9]","[21, 34, 130]",0,0,none; independent dated evidence required
ilxor,2017-11,21,"[3, 9, 20]","[34, 130, 5]",0,0,none; independent dated evidence required
ilxor,2017-12,34,"[9, 20, 21]","[130, 5, 63]",0,0,none; independent dated evidence required
ilxor,2018-01,130,"[20, 21, 34]","[5, 63, 28]",0,1,none; independent dated evidence required
ilxor,2018-02,5,"[21, 34, 130]","[63, 28, 125]",0,0,none; independent dated evidence required
ilxor,2018-03,63,"[34, 130, 5]","[28, 125, 37]",0,0,none; independent dated evidence required
ilxor,2018-04,28,"[130, 5, 63]","[125, 37, 26]",0,0,none; independent dated evidence required
ilxor,2018-05,125,"[5, 63, 28]","[37, 26, 15]",0,1,none; independent dated evidence required
ilxor,2018-06,37,"[63, 28, 125]","[26, 15, 6]",0,0,none; independent dated evidence required
ilxor,2018-07,26,"[28, 125, 37]","[15, 6, 110]",0,0,none; independent dated evidence required
ilxor,2018-08,15,"[125, 37, 26]","[6, 110, 58]",0,0,none; independent dated evidence required
ilxor,2018-09,6,"[37, 26, 15]","[110, 58, 15]",0,0,none; independent dated evidence required
ilxor,2018-10,110,"[26, 15, 6]","[58, 15, 7]",0,1,none; independent dated evidence required
ilxor,2018-11,58,"[15, 6, 110]","[15, 7, 21]",0,0,none; independent dated evidence required
ilxor,2018-12,15,"[6, 110, 58]","[7, 21, 38]",0,0,none; independent dated evidence required
ilxor,2019-01,7,"[110, 58, 15]","[21, 38, 52]",0,0,none; independent dated evidence required
ilxor,2019-02,21,"[58, 15, 7]","[38, 52, 17]",0,0,none; independent dated evidence required
ilxor,2019-03,38,"[15, 7, 21]","[52, 17, 32]",0,0,none; independent dated evidence required
ilxor,2019-04,52,"[7, 21, 38]","[17, 32, 79]",0,0,none; independent dated evidence required
ilxor,2019-05,17,"[21, 38, 52]","[32, 79, 114]",0,0,none; independent dated evidence required
ilxor,2019-06,32,"[38, 52, 17]","[79, 114, 105]",0,0,none; independent dated evidence required
ilxor,2019-07,79,"[52, 17, 32]","[114, 105, 62]",0,0,none; independent dated evidence required
ilxor,2019-08,114,"[17, 32, 79]","[105, 62, 31]",0,1,none; independent dated evidence required
ilxor,2019-09,105,"[32, 79, 114]","[62, 31, 63]",0,0,none; independent dated evidence required
ilxor,2019-10,62,"[79, 114, 105]","[31, 63, 42]",0,0,none; independent dated evidence required
ilxor,2019-11,31,"[114, 105, 62]","[63, 42, 152]",0,0,none; independent dated evidence required
ilxor,2019-12,63,"[105, 62, 31]","[42, 152, 140]",0,0,none; independent dated evidence required
ilxor,2020-01,42,"[62, 31, 63]","[152, 140, 38]",0,0,none; independent dated evidence required
ilxor,2020-02,152,"[31, 63, 42]","[140, 38, 24]",0,1,none; independent dated evidence required
ilxor,2020-03,140,"[63, 42, 152]","[38, 24, 49]",0,0,none; independent dated evidence required
ilxor,2020-04,38,"[42, 152, 140]","[24, 49, 396]",0,0,none; independent dated evidence required
ilxor,2020-05,24,"[152, 140, 38]","[49, 396, 26]",0,0,none; independent dated evidence required
ilxor,2020-06,49,"[140, 38, 24]","[396, 26, 67]",0,0,none; independent dated evidence required
ilxor,2020-07,396,"[38, 24, 49]","[26, 67, 61]",0,1,none; independent dated evidence required
ilxor,2020-08,26,"[24, 49, 396]","[67, 61, 290]",0,0,none; independent dated evidence required
ilxor,2020-09,67,"[49, 396, 26]","[61, 290, 190]",0,0,none; independent dated evidence required
ilxor,2020-10,61,"[396, 26, 67]","[290, 190, 173]",0,0,none; independent dated evidence required
ilxor,2020-11,290,"[26, 67, 61]","[190, 173, 62]",0,1,none; independent dated evidence required
ilxor,2020-12,190,"[67, 61, 290]","[173, 62, 0]",0,0,none; independent dated evidence required
ilxor,2021-01,173,"[61, 290, 190]","[62, 0, 26]",0,0,none; independent dated evidence required
ilxor,2021-02,62,"[290, 190, 173]","[0, 26, 54]",0,0,none; independent dated evidence required
ilxor,2021-04,26,"[173, 62, 0]","[54, 120, 33]",0,0,none; independent dated evidence required
ilxor,2021-05,54,"[62, 0, 26]","[120, 33, 105]",0,0,none; independent dated evidence required
ilxor,2021-06,120,"[0, 26, 54]","[33, 105, 88]",0,1,none; independent dated evidence required
ilxor,2021-07,33,"[26, 54, 120]","[105, 88, 35]",0,0,none; independent dated evidence required
ilxor,2021-08,105,"[54, 120, 33]","[88, 35, 47]",0,0,none; independent dated evidence required
ilxor,2021-09,88,"[120, 33, 105]","[35, 47, 157]",0,0,none; independent dated evidence required
ilxor,2021-10,35,"[33, 105, 88]","[47, 157, 54]",0,0,none; independent dated evidence required
ilxor,2021-11,47,"[105, 88, 35]","[157, 54, 75]",0,0,none; independent dated evidence required
ilxor,2021-12,157,"[88, 35, 47]","[54, 75, 33]",0,1,none; independent dated evidence required
ilxor,2022-01,54,"[35, 47, 157]","[75, 33, 11]",0,0,none; independent dated evidence required
ilxor,2022-02,75,"[47, 157, 54]","[33, 11, 7]",0,0,none; independent dated evidence required
ilxor,2022-03,33,"[157, 54, 75]","[11, 7, 46]",0,0,none; independent dated evidence required
ilxor,2022-04,11,"[54, 75, 33]","[7, 46, 69]",0,0,none; independent dated evidence required
ilxor,2022-05,7,"[75, 33, 11]","[46, 69, 32]",0,0,none; independent dated evidence required
ilxor,2022-06,46,"[33, 11, 7]","[69, 32, 29]",0,0,none; independent dated evidence required
ilxor,2022-07,69,"[11, 7, 46]","[32, 29, 285]",0,0,none; independent dated evidence required
ilxor,2022-08,32,"[7, 46, 69]","[29, 285, 66]",0,0,none; independent dated evidence required
ilxor,2022-09,29,"[46, 69, 32]","[285, 66, 29]",0,0,none; independent dated evidence required
ilxor,2022-10,285,"[69, 32, 29]","[66, 29, 209]",0,1,none; independent dated evidence required
ilxor,2022-11,66,"[32, 29, 285]","[29, 209, 79]",0,0,none; independent dated evidence required
ilxor,2022-12,29,"[29, 285, 66]","[209, 79, 29]",0,0,none; independent dated evidence required
ilxor,2023-01,209,"[285, 66, 29]","[79, 29, 48]",0,0,none; independent dated evidence required
ilxor,2023-02,79,"[66, 29, 209]","[29, 48, 36]",0,0,none; independent dated evidence required
ilxor,2023-03,29,"[29, 209, 79]","[48, 36, 24]",0,0,none; independent dated evidence required
ilxor,2023-04,48,"[209, 79, 29]","[36, 24, 25]",0,0,none; independent dated evidence required
ilxor,2023-05,36,"[79, 29, 48]","[24, 25, 20]",0,0,none; independent dated evidence required
ilxor,2023-06,24,"[29, 48, 36]","[25, 20, 29]",0,0,none; independent dated evidence required
ilxor,2023-07,25,"[48, 36, 24]","[20, 29, 14]",0,0,none; independent dated evidence required
ilxor,2023-08,20,"[36, 24, 25]","[29, 14, 37]",0,0,none; independent dated evidence required
ilxor,2023-09,29,"[24, 25, 20]","[14, 37, 19]",0,0,none; independent dated evidence required
ilxor,2023-10,14,"[25, 20, 29]","[37, 19, 51]",0,0,none; independent dated evidence required
ilxor,2023-11,37,"[20, 29, 14]","[19, 51, 40]",0,0,none; independent dated evidence required
ilxor,2023-12,19,"[29, 14, 37]","[51, 40, 26]",0,0,none; independent dated evidence required
ilxor,2024-01,51,"[14, 37, 19]","[40, 26, 39]",0,1,none; independent dated evidence required
ilxor,2024-02,40,"[37, 19, 51]","[26, 39, 27]",0,0,none; independent dated evidence required
ilxor,2024-03,26,"[19, 51, 40]","[39, 27, 26]",0,0,none; independent dated evidence required
ilxor,2024-04,39,"[51, 40, 26]","[27, 26, 32]",0,0,none; independent dated evidence required
ilxor,2024-05,27,"[40, 26, 39]","[26, 32, 5]",0,0,none; independent dated evidence required
ilxor,2024-06,26,"[26, 39, 27]","[32, 5, 89]",0,0,none; independent dated evidence required
ilxor,2024-07,32,"[39, 27, 26]","[5, 89, 18]",0,0,none; independent dated evidence required
ilxor,2024-08,5,"[27, 26, 32]","[89, 18, 9]",0,0,none; independent dated evidence required
ilxor,2024-09,89,"[26, 32, 5]","[18, 9, 37]",0,1,none; independent dated evidence required
ilxor,2024-10,18,"[32, 5, 89]","[9, 37, 7]",0,0,none; independent dated evidence required
ilxor,2024-11,9,"[5, 89, 18]","[37, 7, 18]",0,0,none; independent dated evidence required
ilxor,2024-12,37,"[89, 18, 9]","[7, 18, 22]",0,0,none; independent dated evidence required
ilxor,2025-01,7,"[18, 9, 37]","[18, 22, 18]",0,0,none; independent dated evidence required
ilxor,2025-02,18,"[9, 37, 7]","[22, 18, 1]",0,0,none; independent dated evidence required
ilxor,2025-03,22,"[37, 7, 18]","[18, 1, 19]",0,0,none; independent dated evidence required
ilxor,2025-04,18,"[7, 18, 22]","[1, 19, 16]",0,0,none; independent dated evidence required
ilxor,2025-05,1,"[18, 22, 18]","[19, 16, 5]",0,0,none; independent dated evidence required
ilxor,2025-06,19,"[22, 18, 1]","[16, 5, 15]",0,0,none; independent dated evidence required
ilxor,2025-07,16,"[18, 1, 19]","[5, 15, 1]",0,0,none; independent dated evidence required
ilxor,2025-08,5,"[1, 19, 16]","[15, 1, 10]",0,0,none; independent dated evidence required
ilxor,2025-09,15,"[19, 16, 5]","[1, 10, 109]",0,0,none; independent dated evidence required
ilxor,2025-10,1,"[16, 5, 15]","[10, 109, 4]",0,0,none; independent dated evidence required
ilxor,2025-11,10,"[5, 15, 1]","[109, 4, 36]",0,0,none; independent dated evidence required
ilxor,2025-12,109,"[15, 1, 10]","[4, 36, 19]",0,1,none; independent dated evidence required
ilxor,2026-01,4,"[1, 10, 109]","[36, 19, 19]",0,0,none; independent dated evidence required
ilxor,2026-02,36,"[10, 109, 4]","[19, 19, 11]",0,0,none; independent dated evidence required
ilxor,2026-03,19,"[109, 4, 36]","[19, 11, 4]",0,0,none; independent dated evidence required
ilxor,2026-04,19,"[4, 36, 19]","[11, 4, 15]",0,0,none; independent dated evidence required
ilxor,2026-05,11,"[36, 19, 19]","[4, 15, 28]",0,0,none; independent dated evidence required
ilxor,2026-06,4,"[19, 19, 11]","[15, 28, 18]",1,0,none; independent dated evidence required
ilxor,2026-07,15,"[19, 11, 4]","[28, 18]",1,0,none; independent dated evidence required
ilxor,2026-08,28,"[11, 4, 15]",[18],1,1,none; independent dated evidence required
ilxor,2026-09,18,"[4, 15, 28]",[],1,0,none; independent dated evidence required
lemmy_nz,2023-06,2438,"[0, 0, 0]","[2217, 442, 95]",0,1,none; independent dated evidence required
lemmy_nz,2023-07,2217,"[0, 0, 2438]","[442, 95, 67]",0,0,none; independent dated evidence required
lemmy_nz,2023-08,442,"[0, 2438, 2217]","[95, 67, 62]",0,0,none; independent dated evidence required
lemmy_nz,2023-09,95,"[2438, 2217, 442]","[67, 62, 63]",0,0,none; independent dated evidence required
lemmy_nz,2023-10,67,"[2217, 442, 95]","[62, 63, 58]",0,0,none; independent dated evidence required
lemmy_nz,2023-11,62,"[442, 95, 67]","[63, 58, 70]",0,0,none; independent dated evidence required
lemmy_nz,2023-12,63,"[95, 67, 62]","[58, 70, 87]",0,0,none; independent dated evidence required
lemmy_nz,2024-01,58,"[67, 62, 63]","[70, 87, 60]",0,0,none; independent dated evidence required
lemmy_nz,2024-02,70,"[62, 63, 58]","[87, 60, 74]",0,0,none; independent dated evidence required
lemmy_nz,2024-03,87,"[63, 58, 70]","[60, 74, 68]",0,1,none; independent dated evidence required
lemmy_nz,2024-04,60,"[58, 70, 87]","[74, 68, 47]",0,0,none; independent dated evidence required
lemmy_nz,2024-05,74,"[70, 87, 60]","[68, 47, 42]",0,0,none; independent dated evidence required
lemmy_nz,2024-06,68,"[87, 60, 74]","[47, 42, 39]",0,0,none; independent dated evidence required
lemmy_nz,2024-07,47,"[60, 74, 68]","[42, 39, 25]",0,0,none; independent dated evidence required
lemmy_nz,2024-08,42,"[74, 68, 47]","[39, 25, 30]",0,0,none; independent dated evidence required
lemmy_nz,2024-09,39,"[68, 47, 42]","[25, 30, 28]",0,0,none; independent dated evidence required
lemmy_nz,2024-10,25,"[47, 42, 39]","[30, 28, 52]",0,0,none; independent dated evidence required
lemmy_nz,2024-11,30,"[42, 39, 25]","[28, 52, 56]",0,0,none; independent dated evidence required
lemmy_nz,2024-12,28,"[39, 25, 30]","[52, 56, 65]",0,0,none; independent dated evidence required
lemmy_nz,2025-01,52,"[25, 30, 28]","[56, 65, 46]",0,0,none; independent dated evidence required
lemmy_nz,2025-02,56,"[30, 28, 52]","[65, 46, 59]",0,0,none; independent dated evidence required
lemmy_nz,2025-03,65,"[28, 52, 56]","[46, 59, 40]",0,1,none; independent dated evidence required
lemmy_nz,2025-04,46,"[52, 56, 65]","[59, 40, 42]",0,0,none; independent dated evidence required
lemmy_nz,2025-05,59,"[56, 65, 46]","[40, 42, 71]",0,0,none; independent dated evidence required
lemmy_nz,2025-06,40,"[65, 46, 59]","[42, 71, 41]",0,0,none; independent dated evidence required
lemmy_nz,2025-07,42,"[46, 59, 40]","[71, 41, 54]",0,0,none; independent dated evidence required
lemmy_nz,2025-08,71,"[59, 40, 42]","[41, 54, 41]",0,1,none; independent dated evidence required
lemmy_nz,2025-09,41,"[40, 42, 71]","[54, 41, 32]",0,0,none; independent dated evidence required
lemmy_nz,2025-10,54,"[42, 71, 41]","[41, 32, 32]",0,0,none; independent dated evidence required
lemmy_nz,2025-11,41,"[71, 41, 54]","[32, 32, 44]",0,0,none; independent dated evidence required
lemmy_nz,2025-12,32,"[41, 54, 41]","[32, 44, 40]",0,0,none; independent dated evidence required
lemmy_nz,2026-01,32,"[54, 41, 32]","[44, 40, 31]",0,0,none; independent dated evidence required
lemmy_nz,2026-02,44,"[41, 32, 32]","[40, 31, 35]",0,1,none; independent dated evidence required
lemmy_nz,2026-03,40,"[32, 32, 44]","[31, 35, 52]",0,0,none; independent dated evidence required
lemmy_nz,2026-04,31,"[32, 44, 40]","[35, 52, 46]",0,0,none; independent dated evidence required
lemmy_nz,2026-05,35,"[44, 40, 31]","[52, 46, 69]",0,0,none; independent dated evidence required
lemmy_nz,2026-06,52,"[40, 31, 35]","[46, 69, 27]",1,0,none; independent dated evidence required
lemmy_nz,2026-07,46,"[31, 35, 52]","[69, 27]",1,0,none; independent dated evidence required
lemmy_nz,2026-08,69,"[35, 52, 46]",[27],1,1,none; independent dated evidence required
lemmy_nz,2026-09,27,"[52, 46, 69]",[],1,0,none; independent dated evidence required
mastodon_au,2026-07,7706,"[0, 0, 0]","[12000, 9415]",1,0,none; independent dated evidence required
mastodon_au,2026-08,12000,"[0, 0, 7706]",[9415],1,1,none; independent dated evidence required
mastodon_au,2026-09,9415,"[0, 7706, 12000]",[],1,0,none; independent dated evidence required
mastodon_ie,2026-06,246,"[0, 0, 0]","[8199, 7898, 5535]",1,0,none; independent dated evidence required
mastodon_ie,2026-07,8199,"[0, 0, 246]","[7898, 5535]",1,1,none; independent dated evidence required
mastodon_ie,2026-08,7898,"[0, 246, 8199]",[5535],1,0,none; independent dated evidence required
mastodon_ie,2026-09,5535,"[246, 8199, 7898]",[],1,0,none; independent dated evidence required
mastodon_uk,2026-02,1389,"[0, 0, 0]","[3828, 3946, 4214]",0,0,none; independent dated evidence required
mastodon_uk,2026-03,3828,"[0, 0, 1389]","[3946, 4214, 4152]",0,0,none; independent dated evidence required
mastodon_uk,2026-04,3946,"[0, 1389, 3828]","[4214, 4152, 4386]",0,0,none; independent dated evidence required
mastodon_uk,2026-05,4214,"[1389, 3828, 3946]","[4152, 4386, 4411]",0,0,none; independent dated evidence required
mastodon_uk,2026-06,4152,"[3828, 3946, 4214]","[4386, 4411, 3186]",1,0,none; independent dated evidence required
mastodon_uk,2026-07,4386,"[3946, 4214, 4152]","[4411, 3186]",1,0,none; independent dated evidence required
mastodon_uk,2026-08,4411,"[4214, 4152, 4386]",[3186],1,1,none; independent dated evidence required
mastodon_uk,2026-09,3186,"[4152, 4386, 4411]",[],1,0,none; independent dated evidence required
mastodon_us,2026-07,9468,"[0, 0, 0]","[11616, 7979]",1,0,none; independent dated evidence required
mastodon_us,2026-08,11616,"[0, 0, 9468]",[7979],1,1,none; independent dated evidence required
mastodon_us,2026-09,7979,"[0, 9468, 11616]",[],1,0,none; independent dated evidence required
midwest_social,2021-08,6,"[0, 0, 0]","[8, 0, 2]",0,0,none; independent dated evidence required
midwest_social,2021-09,8,"[0, 0, 6]","[0, 2, 15]",0,0,none; independent dated evidence required
midwest_social,2021-11,2,"[6, 8, 0]","[15, 13, 0]",0,0,none; independent dated evidence required
midwest_social,2021-12,15,"[8, 0, 2]","[13, 0, 22]",0,0,none; independent dated evidence required
midwest_social,2022-01,13,"[0, 2, 15]","[0, 22, 36]",0,0,none; independent dated evidence required
midwest_social,2022-03,22,"[15, 13, 0]","[36, 6, 3]",0,0,none; independent dated evidence required
midwest_social,2022-04,36,"[13, 0, 22]","[6, 3, 1]",0,1,none; independent dated evidence required
midwest_social,2022-05,6,"[0, 22, 36]","[3, 1, 44]",0,0,none; independent dated evidence required
midwest_social,2022-06,3,"[22, 36, 6]","[1, 44, 29]",0,0,none; independent dated evidence required
midwest_social,2022-07,1,"[36, 6, 3]","[44, 29, 0]",0,0,none; independent dated evidence required
midwest_social,2022-08,44,"[6, 3, 1]","[29, 0, 0]",0,1,none; independent dated evidence required
midwest_social,2022-09,29,"[3, 1, 44]","[0, 0, 0]",0,0,none; independent dated evidence required
mpls_issues_freedom2_archive,2000-09,5,"[0, 0, 0]","[0, 0, 0]",0,1,none; independent dated evidence required
mpls_mnforum_archive,2001-01,5,"[0, 0, 0]","[0, 0, 0]",0,1,none; independent dated evidence required
osm_discourse,2006-06,121,"[0, 0, 0]","[81, 1, 8]",0,1,none; independent dated evidence required
osm_discourse,2006-07,81,"[0, 0, 121]","[1, 8, 0]",0,0,none; independent dated evidence required
osm_discourse,2006-08,1,"[0, 121, 81]","[8, 0, 6]",0,0,none; independent dated evidence required
osm_discourse,2006-09,8,"[121, 81, 1]","[0, 6, 6]",0,0,none; independent dated evidence required
osm_discourse,2006-11,6,"[1, 8, 0]","[6, 0, 0]",0,0,none; independent dated evidence required
osm_discourse,2006-12,6,"[8, 0, 6]","[0, 0, 52]",0,0,none; independent dated evidence required
osm_discourse,2007-03,52,"[6, 0, 0]","[43, 79, 106]",0,0,none; independent dated evidence required
osm_discourse,2007-04,43,"[0, 0, 52]","[79, 106, 58]",0,0,none; independent dated evidence required
osm_discourse,2007-05,79,"[0, 52, 43]","[106, 58, 53]",0,0,none; independent dated evidence required
osm_discourse,2007-06,106,"[52, 43, 79]","[58, 53, 86]",0,1,none; independent dated evidence required
osm_discourse,2007-07,58,"[43, 79, 106]","[53, 86, 161]",0,0,none; independent dated evidence required
osm_discourse,2007-08,53,"[79, 106, 58]","[86, 161, 97]",0,0,none; independent dated evidence required
osm_discourse,2007-09,86,"[106, 58, 53]","[161, 97, 25]",0,0,none; independent dated evidence required
osm_discourse,2007-10,161,"[58, 53, 86]","[97, 25, 17]",0,1,none; independent dated evidence required
osm_discourse,2007-11,97,"[53, 86, 161]","[25, 17, 4]",0,0,none; independent dated evidence required
osm_discourse,2007-12,25,"[86, 161, 97]","[17, 4, 11]",0,0,none; independent dated evidence required
osm_discourse,2008-01,17,"[161, 97, 25]","[4, 11, 17]",0,0,none; independent dated evidence required
osm_discourse,2008-02,4,"[97, 25, 17]","[11, 17, 9]",0,0,none; independent dated evidence required
osm_discourse,2008-03,11,"[25, 17, 4]","[17, 9, 6]",0,0,none; independent dated evidence required
osm_discourse,2008-04,17,"[17, 4, 11]","[9, 6, 7]",0,0,none; independent dated evidence required
osm_discourse,2008-05,9,"[4, 11, 17]","[6, 7, 5]",0,0,none; independent dated evidence required
osm_discourse,2008-06,6,"[11, 17, 9]","[7, 5, 1]",0,0,none; independent dated evidence required
osm_discourse,2008-07,7,"[17, 9, 6]","[5, 1, 0]",0,0,none; independent dated evidence required
osm_discourse,2008-08,5,"[9, 6, 7]","[1, 0, 1]",0,0,none; independent dated evidence required
osm_discourse,2008-09,1,"[6, 7, 5]","[0, 1, 2]",0,0,none; independent dated evidence required
osm_discourse,2008-11,1,"[5, 1, 0]","[2, 3, 0]",0,0,none; independent dated evidence required
osm_discourse,2008-12,2,"[1, 0, 1]","[3, 0, 3]",0,0,none; independent dated evidence required
osm_discourse,2009-01,3,"[0, 1, 2]","[0, 3, 0]",0,0,none; independent dated evidence required
osm_discourse,2009-03,3,"[2, 3, 0]","[0, 10, 0]",0,0,none; independent dated evidence required
osm_discourse,2009-05,10,"[0, 3, 0]","[0, 3, 2]",0,1,none; independent dated evidence required
osm_discourse,2009-07,3,"[0, 10, 0]","[2, 0, 0]",0,0,none; independent dated evidence required
osm_discourse,2009-08,2,"[10, 0, 3]","[0, 0, 0]",0,0,none; independent dated evidence required
osm_discourse,2009-12,1,"[0, 0, 0]","[9, 21, 15]",0,0,none; independent dated evidence required
osm_discourse,2010-01,9,"[0, 0, 1]","[21, 15, 22]",0,0,none; independent dated evidence required
osm_discourse,2010-02,21,"[0, 1, 9]","[15, 22, 12]",0,0,none; independent dated evidence required
osm_discourse,2010-03,15,"[1, 9, 21]","[22, 12, 33]",0,0,none; independent dated evidence required
osm_discourse,2010-04,22,"[9, 21, 15]","[12, 33, 47]",0,0,none; independent dated evidence required
osm_discourse,2010-05,12,"[21, 15, 22]","[33, 47, 18]",0,0,none; independent dated evidence required
osm_discourse,2010-06,33,"[15, 22, 12]","[47, 18, 61]",0,0,none; independent dated evidence required
osm_discourse,2010-07,47,"[22, 12, 33]","[18, 61, 20]",0,0,none; independent dated evidence required
osm_discourse,2010-08,18,"[12, 33, 47]","[61, 20, 18]",0,0,none; independent dated evidence required
osm_discourse,2010-09,61,"[33, 47, 18]","[20, 18, 44]",0,1,none; independent dated evidence required
osm_discourse,2010-10,20,"[47, 18, 61]","[18, 44, 31]",0,0,none; independent dated evidence required
osm_discourse,2010-11,18,"[18, 61, 20]","[44, 31, 45]",0,0,none; independent dated evidence required
osm_discourse,2010-12,44,"[61, 20, 18]","[31, 45, 67]",0,0,none; independent dated evidence required
osm_discourse,2011-01,31,"[20, 18, 44]","[45, 67, 33]",0,0,none; independent dated evidence required
osm_discourse,2011-02,45,"[18, 44, 31]","[67, 33, 25]",0,0,none; independent dated evidence required
osm_discourse,2011-03,67,"[44, 31, 45]","[33, 25, 43]",0,1,none; independent dated evidence required
osm_discourse,2011-04,33,"[31, 45, 67]","[25, 43, 55]",0,0,none; independent dated evidence required
osm_discourse,2011-05,25,"[45, 67, 33]","[43, 55, 37]",0,0,none; independent dated evidence required
osm_discourse,2011-06,43,"[67, 33, 25]","[55, 37, 45]",0,0,none; independent dated evidence required
osm_discourse,2011-07,55,"[33, 25, 43]","[37, 45, 7]",0,1,none; independent dated evidence required
osm_discourse,2011-08,37,"[25, 43, 55]","[45, 7, 19]",0,0,none; independent dated evidence required
osm_discourse,2011-09,45,"[43, 55, 37]","[7, 19, 40]",0,0,none; independent dated evidence required
osm_discourse,2011-10,7,"[55, 37, 45]","[19, 40, 36]",0,0,none; independent dated evidence required
osm_discourse,2011-11,19,"[37, 45, 7]","[40, 36, 43]",0,0,none; independent dated evidence required
osm_discourse,2011-12,40,"[45, 7, 19]","[36, 43, 27]",0,0,none; independent dated evidence required
osm_discourse,2012-01,36,"[7, 19, 40]","[43, 27, 59]",0,0,none; independent dated evidence required
osm_discourse,2012-02,43,"[19, 40, 36]","[27, 59, 39]",0,0,none; independent dated evidence required
osm_discourse,2012-03,27,"[40, 36, 43]","[59, 39, 37]",0,0,none; independent dated evidence required
osm_discourse,2012-04,59,"[36, 43, 27]","[39, 37, 25]",0,1,none; independent dated evidence required
osm_discourse,2012-05,39,"[43, 27, 59]","[37, 25, 20]",0,0,none; independent dated evidence required
osm_discourse,2012-06,37,"[27, 59, 39]","[25, 20, 51]",0,0,none; independent dated evidence required
osm_discourse,2012-07,25,"[59, 39, 37]","[20, 51, 40]",0,0,none; independent dated evidence required
osm_discourse,2012-08,20,"[39, 37, 25]","[51, 40, 76]",0,0,none; independent dated evidence required
osm_discourse,2012-09,51,"[37, 25, 20]","[40, 76, 57]",0,0,none; independent dated evidence required
osm_discourse,2012-10,40,"[25, 20, 51]","[76, 57, 8]",0,0,none; independent dated evidence required
osm_discourse,2012-11,76,"[20, 51, 40]","[57, 8, 114]",0,0,none; independent dated evidence required
osm_discourse,2012-12,57,"[51, 40, 76]","[8, 114, 23]",0,0,none; independent dated evidence required
osm_discourse,2013-01,8,"[40, 76, 57]","[114, 23, 55]",0,0,none; independent dated evidence required
osm_discourse,2013-02,114,"[76, 57, 8]","[23, 55, 9]",0,1,none; independent dated evidence required
osm_discourse,2013-03,23,"[57, 8, 114]","[55, 9, 21]",0,0,none; independent dated evidence required
osm_discourse,2013-04,55,"[8, 114, 23]","[9, 21, 96]",0,0,none; independent dated evidence required
osm_discourse,2013-05,9,"[114, 23, 55]","[21, 96, 91]",0,0,none; independent dated evidence required
osm_discourse,2013-06,21,"[23, 55, 9]","[96, 91, 19]",0,0,none; independent dated evidence required
osm_discourse,2013-07,96,"[55, 9, 21]","[91, 19, 28]",0,1,none; independent dated evidence required
osm_discourse,2013-08,91,"[9, 21, 96]","[19, 28, 30]",0,0,none; independent dated evidence required
osm_discourse,2013-09,19,"[21, 96, 91]","[28, 30, 67]",0,0,none; independent dated evidence required
osm_discourse,2013-10,28,"[96, 91, 19]","[30, 67, 79]",0,0,none; independent dated evidence required
osm_discourse,2013-11,30,"[91, 19, 28]","[67, 79, 68]",0,0,none; independent dated evidence required
osm_discourse,2013-12,67,"[19, 28, 30]","[79, 68, 36]",0,0,none; independent dated evidence required
osm_discourse,2014-01,79,"[28, 30, 67]","[68, 36, 90]",0,0,none; independent dated evidence required
osm_discourse,2014-02,68,"[30, 67, 79]","[36, 90, 26]",0,0,none; independent dated evidence required
osm_discourse,2014-03,36,"[67, 79, 68]","[90, 26, 55]",0,0,none; independent dated evidence required
osm_discourse,2014-04,90,"[79, 68, 36]","[26, 55, 12]",0,1,none; independent dated evidence required
osm_discourse,2014-05,26,"[68, 36, 90]","[55, 12, 80]",0,0,none; independent dated evidence required
osm_discourse,2014-06,55,"[36, 90, 26]","[12, 80, 47]",0,0,none; independent dated evidence required
osm_discourse,2014-07,12,"[90, 26, 55]","[80, 47, 14]",0,0,none; independent dated evidence required
osm_discourse,2014-08,80,"[26, 55, 12]","[47, 14, 43]",0,1,none; independent dated evidence required
osm_discourse,2014-09,47,"[55, 12, 80]","[14, 43, 38]",0,0,none; independent dated evidence required
osm_discourse,2014-10,14,"[12, 80, 47]","[43, 38, 34]",0,0,none; independent dated evidence required
osm_discourse,2014-11,43,"[80, 47, 14]","[38, 34, 14]",0,0,none; independent dated evidence required
osm_discourse,2014-12,38,"[47, 14, 43]","[34, 14, 13]",0,0,none; independent dated evidence required
osm_discourse,2015-01,34,"[14, 43, 38]","[14, 13, 19]",0,0,none; independent dated evidence required
osm_discourse,2015-02,14,"[43, 38, 34]","[13, 19, 7]",0,0,none; independent dated evidence required
osm_discourse,2015-03,13,"[38, 34, 14]","[19, 7, 14]",0,0,none; independent dated evidence required
osm_discourse,2015-04,19,"[34, 14, 13]","[7, 14, 47]",0,0,none; independent dated evidence required
osm_discourse,2015-05,7,"[14, 13, 19]","[14, 47, 43]",0,0,none; independent dated evidence required
osm_discourse,2015-06,14,"[13, 19, 7]","[47, 43, 16]",0,0,none; independent dated evidence required
osm_discourse,2015-07,47,"[19, 7, 14]","[43, 16, 12]",0,1,none; independent dated evidence required
osm_discourse,2015-08,43,"[7, 14, 47]","[16, 12, 11]",0,0,none; independent dated evidence required
osm_discourse,2015-09,16,"[14, 47, 43]","[12, 11, 4]",0,0,none; independent dated evidence required
osm_discourse,2015-10,12,"[47, 43, 16]","[11, 4, 25]",0,0,none; independent dated evidence required
osm_discourse,2015-11,11,"[43, 16, 12]","[4, 25, 57]",0,0,none; independent dated evidence required
osm_discourse,2015-12,4,"[16, 12, 11]","[25, 57, 38]",0,0,none; independent dated evidence required
osm_discourse,2016-01,25,"[12, 11, 4]","[57, 38, 28]",0,0,none; independent dated evidence required
osm_discourse,2016-02,57,"[11, 4, 25]","[38, 28, 40]",0,1,none; independent dated evidence required
osm_discourse,2016-03,38,"[4, 25, 57]","[28, 40, 42]",0,0,none; independent dated evidence required
osm_discourse,2016-04,28,"[25, 57, 38]","[40, 42, 24]",0,0,none; independent dated evidence required
osm_discourse,2016-05,40,"[57, 38, 28]","[42, 24, 30]",0,0,none; independent dated evidence required
osm_discourse,2016-06,42,"[38, 28, 40]","[24, 30, 69]",0,0,none; independent dated evidence required
osm_discourse,2016-07,24,"[28, 40, 42]","[30, 69, 4]",0,0,none; independent dated evidence required
osm_discourse,2016-08,30,"[40, 42, 24]","[69, 4, 17]",0,0,none; independent dated evidence required
osm_discourse,2016-09,69,"[42, 24, 30]","[4, 17, 29]",0,1,none; independent dated evidence required
osm_discourse,2016-10,4,"[24, 30, 69]","[17, 29, 45]",0,0,none; independent dated evidence required
osm_discourse,2016-11,17,"[30, 69, 4]","[29, 45, 43]",0,0,none; independent dated evidence required
osm_discourse,2016-12,29,"[69, 4, 17]","[45, 43, 34]",0,0,none; independent dated evidence required
osm_discourse,2017-01,45,"[4, 17, 29]","[43, 34, 95]",0,0,none; independent dated evidence required
osm_discourse,2017-02,43,"[17, 29, 45]","[34, 95, 36]",0,0,none; independent dated evidence required
osm_discourse,2017-03,34,"[29, 45, 43]","[95, 36, 29]",0,0,none; independent dated evidence required
osm_discourse,2017-04,95,"[45, 43, 34]","[36, 29, 13]",0,1,none; independent dated evidence required
osm_discourse,2017-05,36,"[43, 34, 95]","[29, 13, 42]",0,0,none; independent dated evidence required
osm_discourse,2017-06,29,"[34, 95, 36]","[13, 42, 9]",0,0,none; independent dated evidence required
osm_discourse,2017-07,13,"[95, 36, 29]","[42, 9, 3]",0,0,none; independent dated evidence required
osm_discourse,2017-08,42,"[36, 29, 13]","[9, 3, 8]",0,1,none; independent dated evidence required
osm_discourse,2017-09,9,"[29, 13, 42]","[3, 8, 33]",0,0,none; independent dated evidence required
osm_discourse,2017-10,3,"[13, 42, 9]","[8, 33, 22]",0,0,none; independent dated evidence required
osm_discourse,2017-11,8,"[42, 9, 3]","[33, 22, 30]",0,0,none; independent dated evidence required
osm_discourse,2017-12,33,"[9, 3, 8]","[22, 30, 14]",0,1,none; independent dated evidence required
osm_discourse,2018-01,22,"[3, 8, 33]","[30, 14, 17]",0,0,none; independent dated evidence required
osm_discourse,2018-02,30,"[8, 33, 22]","[14, 17, 11]",0,0,none; independent dated evidence required
osm_discourse,2018-03,14,"[33, 22, 30]","[17, 11, 10]",0,0,none; independent dated evidence required
osm_discourse,2018-04,17,"[22, 30, 14]","[11, 10, 30]",0,0,none; independent dated evidence required
osm_discourse,2018-05,11,"[30, 14, 17]","[10, 30, 22]",0,0,none; independent dated evidence required
osm_discourse,2018-06,10,"[14, 17, 11]","[30, 22, 53]",0,0,none; independent dated evidence required
osm_discourse,2018-07,30,"[17, 11, 10]","[22, 53, 57]",0,0,none; independent dated evidence required
osm_discourse,2018-08,22,"[11, 10, 30]","[53, 57, 54]",0,0,none; independent dated evidence required
osm_discourse,2018-09,53,"[10, 30, 22]","[57, 54, 18]",0,0,none; independent dated evidence required
osm_discourse,2018-10,57,"[30, 22, 53]","[54, 18, 29]",0,1,none; independent dated evidence required
osm_discourse,2018-11,54,"[22, 53, 57]","[18, 29, 29]",0,0,none; independent dated evidence required
osm_discourse,2018-12,18,"[53, 57, 54]","[29, 29, 21]",0,0,none; independent dated evidence required
osm_discourse,2019-01,29,"[57, 54, 18]","[29, 21, 13]",0,0,none; independent dated evidence required
osm_discourse,2019-02,29,"[54, 18, 29]","[21, 13, 11]",0,0,none; independent dated evidence required
osm_discourse,2019-03,21,"[18, 29, 29]","[13, 11, 2]",0,0,none; independent dated evidence required
osm_discourse,2019-04,13,"[29, 29, 21]","[11, 2, 3]",0,0,none; independent dated evidence required
osm_discourse,2019-05,11,"[29, 21, 13]","[2, 3, 5]",0,0,none; independent dated evidence required
osm_discourse,2019-06,2,"[21, 13, 11]","[3, 5, 12]",0,0,none; independent dated evidence required
osm_discourse,2019-07,3,"[13, 11, 2]","[5, 12, 11]",0,0,none; independent dated evidence required
osm_discourse,2019-08,5,"[11, 2, 3]","[12, 11, 10]",0,0,none; independent dated evidence required
osm_discourse,2019-09,12,"[2, 3, 5]","[11, 10, 32]",0,0,none; independent dated evidence required
osm_discourse,2019-10,11,"[3, 5, 12]","[10, 32, 5]",0,0,none; independent dated evidence required
osm_discourse,2019-11,10,"[5, 12, 11]","[32, 5, 37]",0,0,none; independent dated evidence required
osm_discourse,2019-12,32,"[12, 11, 10]","[5, 37, 7]",0,0,none; independent dated evidence required
osm_discourse,2020-01,5,"[11, 10, 32]","[37, 7, 5]",0,0,none; independent dated evidence required
osm_discourse,2020-02,37,"[10, 32, 5]","[7, 5, 27]",0,1,none; independent dated evidence required
osm_discourse,2020-03,7,"[32, 5, 37]","[5, 27, 19]",0,0,none; independent dated evidence required
osm_discourse,2020-04,5,"[5, 37, 7]","[27, 19, 20]",0,0,none; independent dated evidence required
osm_discourse,2020-05,27,"[37, 7, 5]","[19, 20, 22]",0,0,none; independent dated evidence required
osm_discourse,2020-06,19,"[7, 5, 27]","[20, 22, 13]",0,0,none; independent dated evidence required
osm_discourse,2020-07,20,"[5, 27, 19]","[22, 13, 8]",0,0,none; independent dated evidence required
osm_discourse,2020-08,22,"[27, 19, 20]","[13, 8, 15]",0,0,none; independent dated evidence required
osm_discourse,2020-09,13,"[19, 20, 22]","[8, 15, 10]",0,0,none; independent dated evidence required
osm_discourse,2020-10,8,"[20, 22, 13]","[15, 10, 46]",0,0,none; independent dated evidence required
osm_discourse,2020-11,15,"[22, 13, 8]","[10, 46, 16]",0,0,none; independent dated evidence required
osm_discourse,2020-12,10,"[13, 8, 15]","[46, 16, 2]",0,0,none; independent dated evidence required
osm_discourse,2021-01,46,"[8, 15, 10]","[16, 2, 22]",0,1,none; independent dated evidence required
osm_discourse,2021-02,16,"[15, 10, 46]","[2, 22, 17]",0,0,none; independent dated evidence required
osm_discourse,2021-03,2,"[10, 46, 16]","[22, 17, 4]",0,0,none; independent dated evidence required
osm_discourse,2021-04,22,"[46, 16, 2]","[17, 4, 3]",0,0,none; independent dated evidence required
osm_discourse,2021-05,17,"[16, 2, 22]","[4, 3, 0]",0,0,none; independent dated evidence required
osm_discourse,2021-06,4,"[2, 22, 17]","[3, 0, 15]",0,0,none; independent dated evidence required
osm_discourse,2021-07,3,"[22, 17, 4]","[0, 15, 43]",0,0,none; independent dated evidence required
osm_discourse,2021-09,15,"[4, 3, 0]","[43, 20, 5]",0,0,none; independent dated evidence required
osm_discourse,2021-10,43,"[3, 0, 15]","[20, 5, 5]",0,1,none; independent dated evidence required
osm_discourse,2021-11,20,"[0, 15, 43]","[5, 5, 3]",0,0,none; independent dated evidence required
osm_discourse,2021-12,5,"[15, 43, 20]","[5, 3, 13]",0,0,none; independent dated evidence required
osm_discourse,2022-01,5,"[43, 20, 5]","[3, 13, 32]",0,0,none; independent dated evidence required
osm_discourse,2022-02,3,"[20, 5, 5]","[13, 32, 1]",0,0,none; independent dated evidence required
osm_discourse,2022-03,13,"[5, 5, 3]","[32, 1, 2]",0,0,none; independent dated evidence required
osm_discourse,2022-04,32,"[5, 3, 13]","[1, 2, 4]",0,1,none; independent dated evidence required
osm_discourse,2022-05,1,"[3, 13, 32]","[2, 4, 86]",0,0,none; independent dated evidence required
osm_discourse,2022-06,2,"[13, 32, 1]","[4, 86, 19]",0,0,none; independent dated evidence required
osm_discourse,2022-07,4,"[32, 1, 2]","[86, 19, 157]",0,0,none; independent dated evidence required
osm_discourse,2022-08,86,"[1, 2, 4]","[19, 157, 141]",0,0,none; independent dated evidence required
osm_discourse,2022-09,19,"[2, 4, 86]","[157, 141, 83]",0,0,none; independent dated evidence required
osm_discourse,2022-10,157,"[4, 86, 19]","[141, 83, 103]",0,1,none; independent dated evidence required
osm_discourse,2022-11,141,"[86, 19, 157]","[83, 103, 95]",0,0,none; independent dated evidence required
osm_discourse,2022-12,83,"[19, 157, 141]","[103, 95, 111]",0,0,none; independent dated evidence required
osm_discourse,2023-01,103,"[157, 141, 83]","[95, 111, 146]",0,0,none; independent dated evidence required
osm_discourse,2023-02,95,"[141, 83, 103]","[111, 146, 126]",0,0,none; independent dated evidence required
osm_discourse,2023-03,111,"[83, 103, 95]","[146, 126, 162]",0,0,none; independent dated evidence required
osm_discourse,2023-04,146,"[103, 95, 111]","[126, 162, 173]",0,0,none; independent dated evidence required
osm_discourse,2023-05,126,"[95, 111, 146]","[162, 173, 151]",0,0,none; independent dated evidence required
osm_discourse,2023-06,162,"[111, 146, 126]","[173, 151, 121]",0,0,none; independent dated evidence required
osm_discourse,2023-07,173,"[146, 126, 162]","[151, 121, 122]",0,1,none; independent dated evidence required
osm_discourse,2023-08,151,"[126, 162, 173]","[121, 122, 146]",0,0,none; independent dated evidence required
osm_discourse,2023-09,121,"[162, 173, 151]","[122, 146, 118]",0,0,none; independent dated evidence required
osm_discourse,2023-10,122,"[173, 151, 121]","[146, 118, 121]",0,0,none; independent dated evidence required
osm_discourse,2023-11,146,"[151, 121, 122]","[118, 121, 114]",0,0,none; independent dated evidence required
osm_discourse,2023-12,118,"[121, 122, 146]","[121, 114, 97]",0,0,none; independent dated evidence required
osm_discourse,2024-01,121,"[122, 146, 118]","[114, 97, 112]",0,0,none; independent dated evidence required
osm_discourse,2024-02,114,"[146, 118, 121]","[97, 112, 95]",0,0,none; independent dated evidence required
osm_discourse,2024-03,97,"[118, 121, 114]","[112, 95, 95]",0,0,none; independent dated evidence required
osm_discourse,2024-04,112,"[121, 114, 97]","[95, 95, 115]",0,0,none; independent dated evidence required
osm_discourse,2024-05,95,"[114, 97, 112]","[95, 115, 98]",0,0,none; independent dated evidence required
osm_discourse,2024-06,95,"[97, 112, 95]","[115, 98, 133]",0,0,none; independent dated evidence required
osm_discourse,2024-07,115,"[112, 95, 95]","[98, 133, 147]",0,0,none; independent dated evidence required
osm_discourse,2024-08,98,"[95, 95, 115]","[133, 147, 128]",0,0,none; independent dated evidence required
osm_discourse,2024-09,133,"[95, 115, 98]","[147, 128, 133]",0,0,none; independent dated evidence required
osm_discourse,2024-10,147,"[115, 98, 133]","[128, 133, 86]",0,1,none; independent dated evidence required
osm_discourse,2024-11,128,"[98, 133, 147]","[133, 86, 87]",0,0,none; independent dated evidence required
osm_discourse,2024-12,133,"[133, 147, 128]","[86, 87, 125]",0,0,none; independent dated evidence required
osm_discourse,2025-01,86,"[147, 128, 133]","[87, 125, 113]",0,0,none; independent dated evidence required
osm_discourse,2025-02,87,"[128, 133, 86]","[125, 113, 103]",0,0,none; independent dated evidence required
osm_discourse,2025-03,125,"[133, 86, 87]","[113, 103, 115]",0,0,none; independent dated evidence required
osm_discourse,2025-04,113,"[86, 87, 125]","[103, 115, 93]",0,0,none; independent dated evidence required
osm_discourse,2025-05,103,"[87, 125, 113]","[115, 93, 79]",0,0,none; independent dated evidence required
osm_discourse,2025-06,115,"[125, 113, 103]","[93, 79, 137]",0,0,none; independent dated evidence required
osm_discourse,2025-07,93,"[113, 103, 115]","[79, 137, 99]",0,0,none; independent dated evidence required
osm_discourse,2025-08,79,"[103, 115, 93]","[137, 99, 88]",0,0,none; independent dated evidence required
osm_discourse,2025-09,137,"[115, 93, 79]","[99, 88, 148]",0,0,none; independent dated evidence required
osm_discourse,2025-10,99,"[93, 79, 137]","[88, 148, 80]",0,0,none; independent dated evidence required
osm_discourse,2025-11,88,"[79, 137, 99]","[148, 80, 72]",0,0,none; independent dated evidence required
osm_discourse,2025-12,148,"[137, 99, 88]","[80, 72, 156]",0,0,none; independent dated evidence required
osm_discourse,2026-01,80,"[99, 88, 148]","[72, 156, 104]",0,0,none; independent dated evidence required
osm_discourse,2026-02,72,"[88, 148, 80]","[156, 104, 97]",0,0,none; independent dated evidence required
osm_discourse,2026-03,156,"[148, 80, 72]","[104, 97, 157]",0,0,none; independent dated evidence required
osm_discourse,2026-04,104,"[80, 72, 156]","[97, 157, 90]",0,0,none; independent dated evidence required
osm_discourse,2026-05,97,"[72, 156, 104]","[157, 90, 139]",0,0,none; independent dated evidence required
osm_discourse,2026-06,157,"[156, 104, 97]","[90, 139, 147]",1,1,none; independent dated evidence required
osm_discourse,2026-07,90,"[104, 97, 157]","[139, 147]",1,0,none; independent dated evidence required
osm_discourse,2026-08,139,"[97, 157, 90]",[147],1,0,none; independent dated evidence required
osm_discourse,2026-09,147,"[157, 90, 139]",[],1,0,none; independent dated evidence required
python_discourse,2018-09,166,"[0, 0, 0]","[599, 687, 195]",0,0,none; independent dated evidence required
python_discourse,2018-10,599,"[0, 0, 166]","[687, 195, 401]",0,0,none; independent dated evidence required
python_discourse,2018-11,687,"[0, 166, 599]","[195, 401, 46]",0,1,none; independent dated evidence required
python_discourse,2018-12,195,"[166, 599, 687]","[401, 46, 19]",0,0,none; independent dated evidence required
python_discourse,2019-01,401,"[599, 687, 195]","[46, 19, 61]",0,0,none; independent dated evidence required
python_discourse,2019-02,46,"[687, 195, 401]","[19, 61, 8]",0,0,none; independent dated evidence required
python_discourse,2019-03,19,"[195, 401, 46]","[61, 8, 34]",0,0,none; independent dated evidence required
python_discourse,2019-04,61,"[401, 46, 19]","[8, 34, 3]",0,0,none; independent dated evidence required
python_discourse,2019-05,8,"[46, 19, 61]","[34, 3, 1]",0,0,none; independent dated evidence required
python_discourse,2019-06,34,"[19, 61, 8]","[3, 1, 0]",0,0,none; independent dated evidence required
python_discourse,2019-07,3,"[61, 8, 34]","[1, 0, 0]",0,0,none; independent dated evidence required
python_discourse,2019-08,1,"[8, 34, 3]","[0, 0, 0]",0,0,none; independent dated evidence required
python_discourse,2019-12,2,"[0, 0, 0]","[13, 0, 1]",0,0,none; independent dated evidence required
python_discourse,2020-01,13,"[0, 0, 2]","[0, 1, 2]",0,1,none; independent dated evidence required
python_discourse,2020-03,1,"[2, 13, 0]","[2, 3, 0]",0,0,none; independent dated evidence required
python_discourse,2020-04,2,"[13, 0, 1]","[3, 0, 0]",0,0,none; independent dated evidence required
python_discourse,2020-05,3,"[0, 1, 2]","[0, 0, 0]",0,1,none; independent dated evidence required
python_discourse,2021-03,13,"[0, 0, 0]","[1, 0, 42]",0,0,none; independent dated evidence required
python_discourse,2021-04,1,"[0, 0, 13]","[0, 42, 2]",0,0,none; independent dated evidence required
python_discourse,2021-06,42,"[13, 1, 0]","[2, 1, 10]",0,1,none; independent dated evidence required
python_discourse,2021-07,2,"[1, 0, 42]","[1, 10, 30]",0,0,none; independent dated evidence required
python_discourse,2021-08,1,"[0, 42, 2]","[10, 30, 9]",0,0,none; independent dated evidence required
python_discourse,2021-09,10,"[42, 2, 1]","[30, 9, 2]",0,0,none; independent dated evidence required
python_discourse,2021-10,30,"[2, 1, 10]","[9, 2, 0]",0,1,none; independent dated evidence required
python_discourse,2021-11,9,"[1, 10, 30]","[2, 0, 0]",0,0,none; independent dated evidence required
python_discourse,2021-12,2,"[10, 30, 9]","[0, 0, 8]",0,0,none; independent dated evidence required
python_discourse,2022-03,8,"[2, 0, 0]","[0, 8, 2]",0,0,none; independent dated evidence required
python_discourse,2022-05,8,"[0, 8, 0]","[2, 0, 0]",0,0,none; independent dated evidence required
python_discourse,2022-06,2,"[8, 0, 8]","[0, 0, 12]",0,0,none; independent dated evidence required
python_discourse,2022-09,12,"[2, 0, 0]","[3, 0, 2]",0,1,none; independent dated evidence required
python_discourse,2022-10,3,"[0, 0, 12]","[0, 2, 0]",0,0,none; independent dated evidence required
python_discourse,2022-12,2,"[12, 3, 0]","[0, 3, 19]",0,0,none; independent dated evidence required
python_discourse,2023-02,3,"[0, 2, 0]","[19, 4, 0]",0,0,none; independent dated evidence required
python_discourse,2023-03,19,"[2, 0, 3]","[4, 0, 0]",0,1,none; independent dated evidence required
python_discourse,2023-04,4,"[0, 3, 19]","[0, 0, 0]",0,0,none; independent dated evidence required
python_discourse,2023-08,6,"[0, 0, 0]","[2, 0, 2]",0,1,none; independent dated evidence required
python_discourse,2023-09,2,"[0, 0, 6]","[0, 2, 10]",0,0,none; independent dated evidence required
python_discourse,2023-11,2,"[6, 2, 0]","[10, 0, 3]",0,0,none; independent dated evidence required
python_discourse,2023-12,10,"[2, 0, 2]","[0, 3, 21]",0,0,none; independent dated evidence required
python_discourse,2024-02,3,"[2, 10, 0]","[21, 9, 1]",0,0,none; independent dated evidence required
python_discourse,2024-03,21,"[10, 0, 3]","[9, 1, 3]",0,1,none; independent dated evidence required
python_discourse,2024-04,9,"[0, 3, 21]","[1, 3, 0]",0,0,none; independent dated evidence required
python_discourse,2024-05,1,"[3, 21, 9]","[3, 0, 6]",0,0,none; independent dated evidence required
python_discourse,2024-06,3,"[21, 9, 1]","[0, 6, 82]",0,0,none; independent dated evidence required
python_discourse,2024-08,6,"[1, 3, 0]","[82, 67, 11]",0,0,none; independent dated evidence required
python_discourse,2024-09,82,"[3, 0, 6]","[67, 11, 188]",0,0,none; independent dated evidence required
python_discourse,2024-10,67,"[0, 6, 82]","[11, 188, 116]",0,0,none; independent dated evidence required
python_discourse,2024-11,11,"[6, 82, 67]","[188, 116, 14]",0,0,none; independent dated evidence required
python_discourse,2024-12,188,"[82, 67, 11]","[116, 14, 28]",0,1,none; independent dated evidence required
python_discourse,2025-01,116,"[67, 11, 188]","[14, 28, 11]",0,0,none; independent dated evidence required
python_discourse,2025-02,14,"[11, 188, 116]","[28, 11, 8]",0,0,none; independent dated evidence required
python_discourse,2025-03,28,"[188, 116, 14]","[11, 8, 23]",0,0,none; independent dated evidence required
python_discourse,2025-04,11,"[116, 14, 28]","[8, 23, 9]",0,0,none; independent dated evidence required
python_discourse,2025-05,8,"[14, 28, 11]","[23, 9, 228]",0,0,none; independent dated evidence required
python_discourse,2025-06,23,"[28, 11, 8]","[9, 228, 147]",0,0,none; independent dated evidence required
python_discourse,2025-07,9,"[11, 8, 23]","[228, 147, 68]",0,0,none; independent dated evidence required
python_discourse,2025-08,228,"[8, 23, 9]","[147, 68, 86]",0,1,none; independent dated evidence required
python_discourse,2025-09,147,"[23, 9, 228]","[68, 86, 75]",0,0,none; independent dated evidence required
python_discourse,2025-10,68,"[9, 228, 147]","[86, 75, 226]",0,0,none; independent dated evidence required
python_discourse,2025-11,86,"[228, 147, 68]","[75, 226, 45]",0,0,none; independent dated evidence required
python_discourse,2025-12,75,"[147, 68, 86]","[226, 45, 125]",0,0,none; independent dated evidence required
python_discourse,2026-01,226,"[68, 86, 75]","[45, 125, 196]",0,1,none; independent dated evidence required
python_discourse,2026-02,45,"[86, 75, 226]","[125, 196, 231]",0,0,none; independent dated evidence required
python_discourse,2026-03,125,"[75, 226, 45]","[196, 231, 240]",0,0,none; independent dated evidence required
python_discourse,2026-04,196,"[226, 45, 125]","[231, 240, 271]",0,0,none; independent dated evidence required
python_discourse,2026-05,231,"[45, 125, 196]","[240, 271, 931]",0,0,none; independent dated evidence required
python_discourse,2026-06,240,"[125, 196, 231]","[271, 931, 1144]",1,0,none; independent dated evidence required
python_discourse,2026-07,271,"[196, 231, 240]","[931, 1144]",1,0,none; independent dated evidence required
python_discourse,2026-08,931,"[231, 240, 271]",[1144],1,0,none; independent dated evidence required
python_discourse,2026-09,1144,"[240, 271, 931]",[],1,1,none; independent dated evidence required
python_list_archive,1999-02,2,"[0, 0, 0]","[6, 1706, 2190]",0,0,none; independent dated evidence required
python_list_archive,1999-03,6,"[0, 0, 2]","[1706, 2190, 2377]",0,0,none; independent dated evidence required
python_list_archive,1999-04,1706,"[0, 2, 6]","[2190, 2377, 2342]",0,0,none; independent dated evidence required
python_list_archive,1999-05,2190,"[2, 6, 1706]","[2377, 2342, 2147]",0,0,none; independent dated evidence required
python_list_archive,1999-06,2377,"[6, 1706, 2190]","[2342, 2147, 1987]",0,1,none; independent dated evidence required
python_list_archive,1999-07,2342,"[1706, 2190, 2377]","[2147, 1987, 2048]",0,0,none; independent dated evidence required
python_list_archive,1999-08,2147,"[2190, 2377, 2342]","[1987, 2048, 1823]",0,0,none; independent dated evidence required
python_list_archive,1999-09,1987,"[2377, 2342, 2147]","[2048, 1823, 2248]",0,0,none; independent dated evidence required
python_list_archive,1999-10,2048,"[2342, 2147, 1987]","[1823, 2248, 2624]",0,0,none; independent dated evidence required
python_list_archive,1999-11,1823,"[2147, 1987, 2048]","[2248, 2624, 3924]",0,0,none; independent dated evidence required
python_list_archive,1999-12,2248,"[1987, 2048, 1823]","[2624, 3924, 3613]",0,0,none; independent dated evidence required
python_list_archive,2000-01,2624,"[2048, 1823, 2248]","[3924, 3613, 3209]",0,0,none; independent dated evidence required
python_list_archive,2000-02,3924,"[1823, 2248, 2624]","[3613, 3209, 4250]",0,0,none; independent dated evidence required
python_list_archive,2000-03,3613,"[2248, 2624, 3924]","[3209, 4250, 4062]",0,0,none; independent dated evidence required
python_list_archive,2000-04,3209,"[2624, 3924, 3613]","[4250, 4062, 4146]",0,0,none; independent dated evidence required
python_list_archive,2000-05,4250,"[3924, 3613, 3209]","[4062, 4146, 4235]",0,1,none; independent dated evidence required
python_list_archive,2000-06,4062,"[3613, 3209, 4250]","[4146, 4235, 3932]",0,0,none; independent dated evidence required
python_list_archive,2000-07,4146,"[3209, 4250, 4062]","[4235, 3932, 3784]",0,0,none; independent dated evidence required
python_list_archive,2000-08,4235,"[4250, 4062, 4146]","[3932, 3784, 2254]",0,0,none; independent dated evidence required
python_list_archive,2000-09,3932,"[4062, 4146, 4235]","[3784, 2254, 3000]",0,0,none; independent dated evidence required
python_list_archive,2000-10,3784,"[4146, 4235, 3932]","[2254, 3000, 4072]",0,0,none; independent dated evidence required
python_list_archive,2000-11,2254,"[4235, 3932, 3784]","[3000, 4072, 3775]",0,0,none; independent dated evidence required
python_list_archive,2000-12,3000,"[3932, 3784, 2254]","[4072, 3775, 4394]",0,0,none; independent dated evidence required
python_list_archive,2001-01,4072,"[3784, 2254, 3000]","[3775, 4394, 4619]",0,0,none; independent dated evidence required
python_list_archive,2001-02,3775,"[2254, 3000, 4072]","[4394, 4619, 5446]",0,0,none; independent dated evidence required
python_list_archive,2001-03,4394,"[3000, 4072, 3775]","[4619, 5446, 4875]",0,0,none; independent dated evidence required
python_list_archive,2001-04,4619,"[4072, 3775, 4394]","[5446, 4875, 6463]",0,0,none; independent dated evidence required
python_list_archive,2001-05,5446,"[3775, 4394, 4619]","[4875, 6463, 5135]",0,0,none; independent dated evidence required
python_list_archive,2001-06,4875,"[4394, 4619, 5446]","[6463, 5135, 3641]",0,0,none; independent dated evidence required
python_list_archive,2001-07,6463,"[4619, 5446, 4875]","[5135, 3641, 3612]",0,1,none; independent dated evidence required
python_list_archive,2001-08,5135,"[5446, 4875, 6463]","[3641, 3612, 4442]",0,0,none; independent dated evidence required
python_list_archive,2001-09,3641,"[4875, 6463, 5135]","[3612, 4442, 4272]",0,0,none; independent dated evidence required
python_list_archive,2001-10,3612,"[6463, 5135, 3641]","[4442, 4272, 5378]",0,0,none; independent dated evidence required
python_list_archive,2001-11,4442,"[5135, 3641, 3612]","[4272, 5378, 5032]",0,0,none; independent dated evidence required
python_list_archive,2001-12,4272,"[3641, 3612, 4442]","[5378, 5032, 5069]",0,0,none; independent dated evidence required
python_list_archive,2002-01,5378,"[3612, 4442, 4272]","[5032, 5069, 5879]",0,0,none; independent dated evidence required
python_list_archive,2002-02,5032,"[4442, 4272, 5378]","[5069, 5879, 5256]",0,0,none; independent dated evidence required
python_list_archive,2002-03,5069,"[4272, 5378, 5032]","[5879, 5256, 4192]",0,0,none; independent dated evidence required
python_list_archive,2002-04,5879,"[5378, 5032, 5069]","[5256, 4192, 4818]",0,1,none; independent dated evidence required
python_list_archive,2002-05,5256,"[5032, 5069, 5879]","[4192, 4818, 4870]",0,0,none; independent dated evidence required
python_list_archive,2002-06,4192,"[5069, 5879, 5256]","[4818, 4870, 4183]",0,0,none; independent dated evidence required
python_list_archive,2002-07,4818,"[5879, 5256, 4192]","[4870, 4183, 3281]",0,0,none; independent dated evidence required
python_list_archive,2002-08,4870,"[5256, 4192, 4818]","[4183, 3281, 4213]",0,0,none; independent dated evidence required
python_list_archive,2002-09,4183,"[4192, 4818, 4870]","[3281, 4213, 3996]",0,0,none; independent dated evidence required
python_list_archive,2002-10,3281,"[4818, 4870, 4183]","[4213, 3996, 6093]",0,0,none; independent dated evidence required
python_list_archive,2002-11,4213,"[4870, 4183, 3281]","[3996, 6093, 7620]",0,0,none; independent dated evidence required
python_list_archive,2002-12,3996,"[4183, 3281, 4213]","[6093, 7620, 4914]",0,0,none; independent dated evidence required
python_list_archive,2003-01,6093,"[3281, 4213, 3996]","[7620, 4914, 4922]",0,0,none; independent dated evidence required
python_list_archive,2003-02,7620,"[4213, 3996, 6093]","[4914, 4922, 4931]",0,1,none; independent dated evidence required
python_list_archive,2003-03,4914,"[3996, 6093, 7620]","[4922, 4931, 4802]",0,0,none; independent dated evidence required
python_list_archive,2003-04,4922,"[6093, 7620, 4914]","[4931, 4802, 4847]",0,0,none; independent dated evidence required
python_list_archive,2003-05,4931,"[7620, 4914, 4922]","[4802, 4847, 5419]",0,0,none; independent dated evidence required
python_list_archive,2003-06,4802,"[4914, 4922, 4931]","[4847, 5419, 4234]",0,0,none; independent dated evidence required
python_list_archive,2003-07,4847,"[4922, 4931, 4802]","[5419, 4234, 6246]",0,0,none; independent dated evidence required
python_list_archive,2003-08,5419,"[4931, 4802, 4847]","[4234, 6246, 4902]",0,0,none; independent dated evidence required
python_list_archive,2003-09,4234,"[4802, 4847, 5419]","[6246, 4902, 3806]",0,0,none; independent dated evidence required
python_list_archive,2003-10,6246,"[4847, 5419, 4234]","[4902, 3806, 3901]",0,1,none; independent dated evidence required
python_list_archive,2003-11,4902,"[5419, 4234, 6246]","[3806, 3901, 4150]",0,0,none; independent dated evidence required
python_list_archive,2003-12,3806,"[4234, 6246, 4902]","[3901, 4150, 4996]",0,0,none; independent dated evidence required
python_list_archive,2004-01,3901,"[6246, 4902, 3806]","[4150, 4996, 4144]",0,0,none; independent dated evidence required
python_list_archive,2004-02,4150,"[4902, 3806, 3901]","[4996, 4144, 3860]",0,0,none; independent dated evidence required
python_list_archive,2004-03,4996,"[3806, 3901, 4150]","[4144, 3860, 4188]",0,1,none; independent dated evidence required
python_list_archive,2004-04,4144,"[3901, 4150, 4996]","[3860, 4188, 4201]",0,0,none; independent dated evidence required
python_list_archive,2004-05,3860,"[4150, 4996, 4144]","[4188, 4201, 6196]",0,0,none; independent dated evidence required
python_list_archive,2004-06,4188,"[4996, 4144, 3860]","[4201, 6196, 5534]",0,0,none; independent dated evidence required
python_list_archive,2004-07,4201,"[4144, 3860, 4188]","[6196, 5534, 5177]",0,0,none; independent dated evidence required
python_list_archive,2004-08,6196,"[3860, 4188, 4201]","[5534, 5177, 3954]",0,1,none; independent dated evidence required
python_list_archive,2004-09,5534,"[4188, 4201, 6196]","[5177, 3954, 5177]",0,0,none; independent dated evidence required
python_list_archive,2004-10,5177,"[4201, 6196, 5534]","[3954, 5177, 5337]",0,0,none; independent dated evidence required
python_list_archive,2004-11,3954,"[6196, 5534, 5177]","[5177, 5337, 5201]",0,0,none; independent dated evidence required
python_list_archive,2004-12,5177,"[5534, 5177, 3954]","[5337, 5201, 5050]",0,0,none; independent dated evidence required
python_list_archive,2005-01,5337,"[5177, 3954, 5177]","[5201, 5050, 4986]",0,1,none; independent dated evidence required
python_list_archive,2005-02,5201,"[3954, 5177, 5337]","[5050, 4986, 4314]",0,0,none; independent dated evidence required
python_list_archive,2005-03,5050,"[5177, 5337, 5201]","[4986, 4314, 4528]",0,0,none; independent dated evidence required
python_list_archive,2005-04,4986,"[5337, 5201, 5050]","[4314, 4528, 4462]",0,0,none; independent dated evidence required
python_list_archive,2005-05,4314,"[5201, 5050, 4986]","[4528, 4462, 4442]",0,0,none; independent dated evidence required
python_list_archive,2005-06,4528,"[5050, 4986, 4314]","[4462, 4442, 4523]",0,0,none; independent dated evidence required
python_list_archive,2005-07,4462,"[4986, 4314, 4528]","[4442, 4523, 5439]",0,0,none; independent dated evidence required
python_list_archive,2005-08,4442,"[4314, 4528, 4462]","[4523, 5439, 5641]",0,0,none; independent dated evidence required
python_list_archive,2005-09,4523,"[4528, 4462, 4442]","[5439, 5641, 5034]",0,0,none; independent dated evidence required
python_list_archive,2005-10,5439,"[4462, 4442, 4523]","[5641, 5034, 5321]",0,0,none; independent dated evidence required
python_list_archive,2005-11,5641,"[4442, 4523, 5439]","[5034, 5321, 4820]",0,1,none; independent dated evidence required
python_list_archive,2005-12,5034,"[4523, 5439, 5641]","[5321, 4820, 5740]",0,0,none; independent dated evidence required
python_list_archive,2006-01,5321,"[5439, 5641, 5034]","[4820, 5740, 4852]",0,0,none; independent dated evidence required
python_list_archive,2006-02,4820,"[5641, 5034, 5321]","[5740, 4852, 5290]",0,0,none; independent dated evidence required
python_list_archive,2006-03,5740,"[5034, 5321, 4820]","[4852, 5290, 4976]",0,1,none; independent dated evidence required
python_list_archive,2006-04,4852,"[5321, 4820, 5740]","[5290, 4976, 4733]",0,0,none; independent dated evidence required
python_list_archive,2006-05,5290,"[4820, 5740, 4852]","[4976, 4733, 4846]",0,0,none; independent dated evidence required
python_list_archive,2006-06,4976,"[5740, 4852, 5290]","[4733, 4846, 5339]",0,0,none; independent dated evidence required
python_list_archive,2006-07,4733,"[4852, 5290, 4976]","[4846, 5339, 5625]",0,0,none; independent dated evidence required
python_list_archive,2006-08,4846,"[5290, 4976, 4733]","[5339, 5625, 4224]",0,0,none; independent dated evidence required
python_list_archive,2006-09,5339,"[4976, 4733, 4846]","[5625, 4224, 4535]",0,0,none; independent dated evidence required
python_list_archive,2006-10,5625,"[4733, 4846, 5339]","[4224, 4535, 3860]",0,1,none; independent dated evidence required
python_list_archive,2006-11,4224,"[4846, 5339, 5625]","[4535, 3860, 4001]",0,0,none; independent dated evidence required
python_list_archive,2006-12,4535,"[5339, 5625, 4224]","[3860, 4001, 4447]",0,0,none; independent dated evidence required
python_list_archive,2007-01,3860,"[5625, 4224, 4535]","[4001, 4447, 4872]",0,0,none; independent dated evidence required
python_list_archive,2007-02,4001,"[4224, 4535, 3860]","[4447, 4872, 4960]",0,0,none; independent dated evidence required
python_list_archive,2007-03,4447,"[4535, 3860, 4001]","[4872, 4960, 3535]",0,0,none; independent dated evidence required
python_list_archive,2007-04,4872,"[3860, 4001, 4447]","[4960, 3535, 3290]",0,0,none; independent dated evidence required
python_list_archive,2007-05,4960,"[4001, 4447, 4872]","[3535, 3290, 3552]",0,1,none; independent dated evidence required
python_list_archive,2007-06,3535,"[4447, 4872, 4960]","[3290, 3552, 3674]",0,0,none; independent dated evidence required
python_list_archive,2007-07,3290,"[4872, 4960, 3535]","[3552, 3674, 3422]",0,0,none; independent dated evidence required
python_list_archive,2007-08,3552,"[4960, 3535, 3290]","[3674, 3422, 2986]",0,0,none; independent dated evidence required
python_list_archive,2007-09,3674,"[3535, 3290, 3552]","[3422, 2986, 3575]",0,1,none; independent dated evidence required
python_list_archive,2007-10,3422,"[3290, 3552, 3674]","[2986, 3575, 4064]",0,0,none; independent dated evidence required
python_list_archive,2007-11,2986,"[3552, 3674, 3422]","[3575, 4064, 4066]",0,0,none; independent dated evidence required
python_list_archive,2007-12,3575,"[3674, 3422, 2986]","[4064, 4066, 4006]",0,0,none; independent dated evidence required
python_list_archive,2008-01,4064,"[3422, 2986, 3575]","[4066, 4006, 4699]",0,0,none; independent dated evidence required
python_list_archive,2008-02,4066,"[2986, 3575, 4064]","[4006, 4699, 5001]",0,0,none; independent dated evidence required
python_list_archive,2008-03,4006,"[3575, 4064, 4066]","[4699, 5001, 3745]",0,0,none; independent dated evidence required
python_list_archive,2008-04,4699,"[4064, 4066, 4006]","[5001, 3745, 4235]",0,0,none; independent dated evidence required
python_list_archive,2008-05,5001,"[4066, 4006, 4699]","[3745, 4235, 4076]",0,1,none; independent dated evidence required
python_list_archive,2008-06,3745,"[4006, 4699, 5001]","[4235, 4076, 3820]",0,0,none; independent dated evidence required
python_list_archive,2008-07,4235,"[4699, 5001, 3745]","[4076, 3820, 4135]",0,0,none; independent dated evidence required
python_list_archive,2008-08,4076,"[5001, 3745, 4235]","[3820, 4135, 3805]",0,0,none; independent dated evidence required
python_list_archive,2008-09,3820,"[3745, 4235, 4076]","[4135, 3805, 4318]",0,0,none; independent dated evidence required
python_list_archive,2008-10,4135,"[4235, 4076, 3820]","[3805, 4318, 4833]",0,0,none; independent dated evidence required
python_list_archive,2008-11,3805,"[4076, 3820, 4135]","[4318, 4833, 3953]",0,0,none; independent dated evidence required
python_list_archive,2008-12,4318,"[3820, 4135, 3805]","[4833, 3953, 4229]",0,0,none; independent dated evidence required
python_list_archive,2009-01,4833,"[4135, 3805, 4318]","[3953, 4229, 4317]",0,1,none; independent dated evidence required
python_list_archive,2009-02,3953,"[3805, 4318, 4833]","[4229, 4317, 3389]",0,0,none; independent dated evidence required
python_list_archive,2009-03,4229,"[4318, 4833, 3953]","[4317, 3389, 3366]",0,0,none; independent dated evidence required
python_list_archive,2009-04,4317,"[4833, 3953, 4229]","[3389, 3366, 3851]",0,0,none; independent dated evidence required
python_list_archive,2009-05,3389,"[3953, 4229, 4317]","[3366, 3851, 3927]",0,0,none; independent dated evidence required
python_list_archive,2009-06,3366,"[4229, 4317, 3389]","[3851, 3927, 3069]",0,0,none; independent dated evidence required
python_list_archive,2009-07,3851,"[4317, 3389, 3366]","[3927, 3069, 3386]",0,0,none; independent dated evidence required
python_list_archive,2009-08,3927,"[3389, 3366, 3851]","[3069, 3386, 3350]",0,1,none; independent dated evidence required
python_list_archive,2009-09,3069,"[3366, 3851, 3927]","[3386, 3350, 2871]",0,0,none; independent dated evidence required
python_list_archive,2009-10,3386,"[3851, 3927, 3069]","[3350, 2871, 3283]",0,0,none; independent dated evidence required
python_list_archive,2009-11,3350,"[3927, 3069, 3386]","[2871, 3283, 3466]",0,0,none; independent dated evidence required
python_list_archive,2009-12,2871,"[3069, 3386, 3350]","[3283, 3466, 2743]",0,0,none; independent dated evidence required
python_list_archive,2010-01,3283,"[3386, 3350, 2871]","[3466, 2743, 2346]",0,0,none; independent dated evidence required
python_list_archive,2010-02,3466,"[3350, 2871, 3283]","[2743, 2346, 2439]",0,1,none; independent dated evidence required
python_list_archive,2010-03,2743,"[2871, 3283, 3466]","[2346, 2439, 3236]",0,0,none; independent dated evidence required
python_list_archive,2010-04,2346,"[3283, 3466, 2743]","[2439, 3236, 2587]",0,0,none; independent dated evidence required
python_list_archive,2010-05,2439,"[3466, 2743, 2346]","[3236, 2587, 3101]",0,0,none; independent dated evidence required
python_list_archive,2010-06,3236,"[2743, 2346, 2439]","[2587, 3101, 2186]",0,1,none; independent dated evidence required
python_list_archive,2010-07,2587,"[2346, 2439, 3236]","[3101, 2186, 2522]",0,0,none; independent dated evidence required
python_list_archive,2010-08,3101,"[2439, 3236, 2587]","[2186, 2522, 2349]",0,0,none; independent dated evidence required
python_list_archive,2010-09,2186,"[3236, 2587, 3101]","[2522, 2349, 1662]",0,0,none; independent dated evidence required
python_list_archive,2010-10,2522,"[2587, 3101, 2186]","[2349, 1662, 2124]",0,0,none; independent dated evidence required
python_list_archive,2010-11,2349,"[3101, 2186, 2522]","[1662, 2124, 1735]",0,0,none; independent dated evidence required
python_list_archive,2010-12,1662,"[2186, 2522, 2349]","[2124, 1735, 1752]",0,0,none; independent dated evidence required
python_list_archive,2011-01,2124,"[2522, 2349, 1662]","[1735, 1752, 2101]",0,0,none; independent dated evidence required
python_list_archive,2011-02,1735,"[2349, 1662, 2124]","[1752, 2101, 2475]",0,0,none; independent dated evidence required
python_list_archive,2011-03,1752,"[1662, 2124, 1735]","[2101, 2475, 1908]",0,0,none; independent dated evidence required
python_list_archive,2011-04,2101,"[2124, 1735, 1752]","[2475, 1908, 2140]",0,0,none; independent dated evidence required
python_list_archive,2011-05,2475,"[1735, 1752, 2101]","[1908, 2140, 2076]",0,1,none; independent dated evidence required
python_list_archive,2011-06,1908,"[1752, 2101, 2475]","[2140, 2076, 1588]",0,0,none; independent dated evidence required
python_list_archive,2011-07,2140,"[2101, 2475, 1908]","[2076, 1588, 1200]",0,0,none; independent dated evidence required
python_list_archive,2011-08,2076,"[2475, 1908, 2140]","[1588, 1200, 1287]",0,0,none; independent dated evidence required
python_list_archive,2011-09,1588,"[1908, 2140, 2076]","[1200, 1287, 1898]",0,0,none; independent dated evidence required
python_list_archive,2011-10,1200,"[2140, 2076, 1588]","[1287, 1898, 1448]",0,0,none; independent dated evidence required
python_list_archive,2011-11,1287,"[2076, 1588, 1200]","[1898, 1448, 1459]",0,0,none; independent dated evidence required
python_list_archive,2011-12,1898,"[1588, 1200, 1287]","[1448, 1459, 1444]",0,1,none; independent dated evidence required
python_list_archive,2012-01,1448,"[1200, 1287, 1898]","[1459, 1444, 1497]",0,0,none; independent dated evidence required
python_list_archive,2012-02,1459,"[1287, 1898, 1448]","[1444, 1497, 1207]",0,0,none; independent dated evidence required
python_list_archive,2012-03,1444,"[1898, 1448, 1459]","[1497, 1207, 1184]",0,0,none; independent dated evidence required
python_list_archive,2012-04,1497,"[1448, 1459, 1444]","[1207, 1184, 7]",0,1,none; independent dated evidence required
python_list_archive,2012-05,1207,"[1459, 1444, 1497]","[1184, 7, 0]",0,0,none; independent dated evidence required
python_list_archive,2012-06,1184,"[1444, 1497, 1207]","[7, 0, 0]",0,0,none; independent dated evidence required
python_list_archive,2012-07,7,"[1497, 1207, 1184]","[0, 0, 0]",0,0,none; independent dated evidence required
se_earthscience,2014-04,970,"[0, 0, 0]","[622, 218, 182]",0,1,none; independent dated evidence required
se_earthscience,2014-05,622,"[0, 0, 970]","[218, 182, 183]",0,0,none; independent dated evidence required
se_earthscience,2014-06,218,"[0, 970, 622]","[182, 183, 244]",0,0,none; independent dated evidence required
se_earthscience,2014-07,182,"[970, 622, 218]","[183, 244, 228]",0,0,none; independent dated evidence required
se_earthscience,2014-08,183,"[622, 218, 182]","[244, 228, 379]",0,0,none; independent dated evidence required
se_earthscience,2014-09,244,"[218, 182, 183]","[228, 379, 413]",0,0,none; independent dated evidence required
se_earthscience,2014-10,228,"[182, 183, 244]","[379, 413, 375]",0,0,none; independent dated evidence required
se_earthscience,2014-11,379,"[183, 244, 228]","[413, 375, 185]",0,0,none; independent dated evidence required
se_earthscience,2014-12,413,"[244, 228, 379]","[375, 185, 282]",0,1,none; independent dated evidence required
se_earthscience,2015-01,375,"[228, 379, 413]","[185, 282, 243]",0,0,none; independent dated evidence required
se_earthscience,2015-02,185,"[379, 413, 375]","[282, 243, 234]",0,0,none; independent dated evidence required
se_earthscience,2015-03,282,"[413, 375, 185]","[243, 234, 243]",0,0,none; independent dated evidence required
se_earthscience,2015-04,243,"[375, 185, 282]","[234, 243, 270]",0,0,none; independent dated evidence required
se_earthscience,2015-05,234,"[185, 282, 243]","[243, 270, 297]",0,0,none; independent dated evidence required
se_earthscience,2015-06,243,"[282, 243, 234]","[270, 297, 220]",0,0,none; independent dated evidence required
se_earthscience,2015-07,270,"[243, 234, 243]","[297, 220, 304]",0,0,none; independent dated evidence required
se_earthscience,2015-08,297,"[234, 243, 270]","[220, 304, 277]",0,0,none; independent dated evidence required
se_earthscience,2015-09,220,"[243, 270, 297]","[304, 277, 249]",0,0,none; independent dated evidence required
se_earthscience,2015-10,304,"[270, 297, 220]","[277, 249, 379]",0,0,none; independent dated evidence required
se_earthscience,2015-11,277,"[297, 220, 304]","[249, 379, 324]",0,0,none; independent dated evidence required
se_earthscience,2015-12,249,"[220, 304, 277]","[379, 324, 275]",0,0,none; independent dated evidence required
se_earthscience,2016-01,379,"[304, 277, 249]","[324, 275, 296]",0,1,none; independent dated evidence required
se_earthscience,2016-02,324,"[277, 249, 379]","[275, 296, 228]",0,0,none; independent dated evidence required
se_earthscience,2016-03,275,"[249, 379, 324]","[296, 228, 315]",0,0,none; independent dated evidence required
se_earthscience,2016-04,296,"[379, 324, 275]","[228, 315, 296]",0,0,none; independent dated evidence required
se_earthscience,2016-05,228,"[324, 275, 296]","[315, 296, 279]",0,0,none; independent dated evidence required
se_earthscience,2016-06,315,"[275, 296, 228]","[296, 279, 198]",0,1,none; independent dated evidence required
se_earthscience,2016-07,296,"[296, 228, 315]","[279, 198, 288]",0,0,none; independent dated evidence required
se_earthscience,2016-08,279,"[228, 315, 296]","[198, 288, 323]",0,0,none; independent dated evidence required
se_earthscience,2016-09,198,"[315, 296, 279]","[288, 323, 286]",0,0,none; independent dated evidence required
se_earthscience,2016-10,288,"[296, 279, 198]","[323, 286, 362]",0,0,none; independent dated evidence required
se_earthscience,2016-11,323,"[279, 198, 288]","[286, 362, 412]",0,0,none; independent dated evidence required
se_earthscience,2016-12,286,"[198, 288, 323]","[362, 412, 379]",0,0,none; independent dated evidence required
se_earthscience,2017-01,362,"[288, 323, 286]","[412, 379, 391]",0,0,none; independent dated evidence required
se_earthscience,2017-02,412,"[323, 286, 362]","[379, 391, 387]",0,1,none; independent dated evidence required
se_earthscience,2017-03,379,"[286, 362, 412]","[391, 387, 326]",0,0,none; independent dated evidence required
se_earthscience,2017-04,391,"[362, 412, 379]","[387, 326, 400]",0,0,none; independent dated evidence required
se_earthscience,2017-05,387,"[412, 379, 391]","[326, 400, 327]",0,0,none; independent dated evidence required
se_earthscience,2017-06,326,"[379, 391, 387]","[400, 327, 323]",0,0,none; independent dated evidence required
se_earthscience,2017-07,400,"[391, 387, 326]","[327, 323, 261]",0,1,none; independent dated evidence required
se_earthscience,2017-08,327,"[387, 326, 400]","[323, 261, 319]",0,0,none; independent dated evidence required
se_earthscience,2017-09,323,"[326, 400, 327]","[261, 319, 311]",0,0,none; independent dated evidence required
se_earthscience,2017-10,261,"[400, 327, 323]","[319, 311, 437]",0,0,none; independent dated evidence required
se_earthscience,2017-11,319,"[327, 323, 261]","[311, 437, 429]",0,0,none; independent dated evidence required
se_earthscience,2017-12,311,"[323, 261, 319]","[437, 429, 438]",0,0,none; independent dated evidence required
se_earthscience,2018-01,437,"[261, 319, 311]","[429, 438, 331]",0,0,none; independent dated evidence required
se_earthscience,2018-02,429,"[319, 311, 437]","[438, 331, 449]",0,0,none; independent dated evidence required
se_earthscience,2018-03,438,"[311, 437, 429]","[331, 449, 346]",0,0,none; independent dated evidence required
se_earthscience,2018-04,331,"[437, 429, 438]","[449, 346, 189]",0,0,none; independent dated evidence required
se_earthscience,2018-05,449,"[429, 438, 331]","[346, 189, 26]",0,1,none; independent dated evidence required
se_earthscience,2018-06,346,"[438, 331, 449]","[189, 26, 39]",0,0,none; independent dated evidence required
se_earthscience,2018-07,189,"[331, 449, 346]","[26, 39, 40]",0,0,none; independent dated evidence required
se_earthscience,2018-08,26,"[449, 346, 189]","[39, 40, 20]",0,0,none; independent dated evidence required
se_earthscience,2018-09,39,"[346, 189, 26]","[40, 20, 28]",0,0,none; independent dated evidence required
se_earthscience,2018-10,40,"[189, 26, 39]","[20, 28, 51]",0,0,none; independent dated evidence required
se_earthscience,2018-11,20,"[26, 39, 40]","[28, 51, 44]",0,0,none; independent dated evidence required
se_earthscience,2018-12,28,"[39, 40, 20]","[51, 44, 25]",0,0,none; independent dated evidence required
se_earthscience,2019-01,51,"[40, 20, 28]","[44, 25, 52]",0,0,none; independent dated evidence required
se_earthscience,2019-02,44,"[20, 28, 51]","[25, 52, 20]",0,0,none; independent dated evidence required
se_earthscience,2019-03,25,"[28, 51, 44]","[52, 20, 29]",0,0,none; independent dated evidence required
se_earthscience,2019-04,52,"[51, 44, 25]","[20, 29, 17]",0,1,none; independent dated evidence required
se_earthscience,2019-05,20,"[44, 25, 52]","[29, 17, 27]",0,0,none; independent dated evidence required
se_earthscience,2019-06,29,"[25, 52, 20]","[17, 27, 7]",0,0,none; independent dated evidence required
se_earthscience,2019-07,17,"[52, 20, 29]","[27, 7, 12]",0,0,none; independent dated evidence required
se_earthscience,2019-08,27,"[20, 29, 17]","[7, 12, 9]",0,0,none; independent dated evidence required
se_earthscience,2019-09,7,"[29, 17, 27]","[12, 9, 10]",0,0,none; independent dated evidence required
se_earthscience,2019-10,12,"[17, 27, 7]","[9, 10, 48]",0,0,none; independent dated evidence required
se_earthscience,2019-11,9,"[27, 7, 12]","[10, 48, 13]",0,0,none; independent dated evidence required
se_earthscience,2019-12,10,"[7, 12, 9]","[48, 13, 16]",0,0,none; independent dated evidence required
se_earthscience,2020-01,48,"[12, 9, 10]","[13, 16, 15]",0,1,none; independent dated evidence required
se_earthscience,2020-02,13,"[9, 10, 48]","[16, 15, 14]",0,0,none; independent dated evidence required
se_earthscience,2020-03,16,"[10, 48, 13]","[15, 14, 6]",0,0,none; independent dated evidence required
se_earthscience,2020-04,15,"[48, 13, 16]","[14, 6, 11]",0,0,none; independent dated evidence required
se_earthscience,2020-05,14,"[13, 16, 15]","[6, 11, 12]",0,0,none; independent dated evidence required
se_earthscience,2020-06,6,"[16, 15, 14]","[11, 12, 14]",0,0,none; independent dated evidence required
se_earthscience,2020-07,11,"[15, 14, 6]","[12, 14, 12]",0,0,none; independent dated evidence required
se_earthscience,2020-08,12,"[14, 6, 11]","[14, 12, 11]",0,0,none; independent dated evidence required
se_earthscience,2020-09,14,"[6, 11, 12]","[12, 11, 4]",0,1,none; independent dated evidence required
se_earthscience,2020-10,12,"[11, 12, 14]","[11, 4, 45]",0,0,none; independent dated evidence required
se_earthscience,2020-11,11,"[12, 14, 12]","[4, 45, 15]",0,0,none; independent dated evidence required
se_earthscience,2020-12,4,"[14, 12, 11]","[45, 15, 7]",0,0,none; independent dated evidence required
se_earthscience,2021-01,45,"[12, 11, 4]","[15, 7, 7]",0,1,none; independent dated evidence required
se_earthscience,2021-02,15,"[11, 4, 45]","[7, 7, 11]",0,0,none; independent dated evidence required
se_earthscience,2021-03,7,"[4, 45, 15]","[7, 11, 11]",0,0,none; independent dated evidence required
se_earthscience,2021-04,7,"[45, 15, 7]","[11, 11, 28]",0,0,none; independent dated evidence required
se_earthscience,2021-05,11,"[15, 7, 7]","[11, 28, 8]",0,0,none; independent dated evidence required
se_earthscience,2021-06,11,"[7, 7, 11]","[28, 8, 22]",0,0,none; independent dated evidence required
se_earthscience,2021-07,28,"[7, 11, 11]","[8, 22, 12]",0,1,none; independent dated evidence required
se_earthscience,2021-08,8,"[11, 11, 28]","[22, 12, 14]",0,0,none; independent dated evidence required
se_earthscience,2021-09,22,"[11, 28, 8]","[12, 14, 10]",0,0,none; independent dated evidence required
se_earthscience,2021-10,12,"[28, 8, 22]","[14, 10, 46]",0,0,none; independent dated evidence required
se_earthscience,2021-11,14,"[8, 22, 12]","[10, 46, 12]",0,0,none; independent dated evidence required
se_earthscience,2021-12,10,"[22, 12, 14]","[46, 12, 7]",0,0,none; independent dated evidence required
se_earthscience,2022-01,46,"[12, 14, 10]","[12, 7, 4]",0,1,none; independent dated evidence required
se_earthscience,2022-02,12,"[14, 10, 46]","[7, 4, 9]",0,0,none; independent dated evidence required
se_earthscience,2022-03,7,"[10, 46, 12]","[4, 9, 3]",0,0,none; independent dated evidence required
se_earthscience,2022-04,4,"[46, 12, 7]","[9, 3, 3]",0,0,none; independent dated evidence required
se_earthscience,2022-05,9,"[12, 7, 4]","[3, 3, 8]",0,0,none; independent dated evidence required
se_earthscience,2022-06,3,"[7, 4, 9]","[3, 8, 5]",0,0,none; independent dated evidence required
se_earthscience,2022-07,3,"[4, 9, 3]","[8, 5, 5]",0,0,none; independent dated evidence required
se_earthscience,2022-08,8,"[9, 3, 3]","[5, 5, 8]",0,0,none; independent dated evidence required
se_earthscience,2022-09,5,"[3, 3, 8]","[5, 8, 14]",0,0,none; independent dated evidence required
se_earthscience,2022-10,5,"[3, 8, 5]","[8, 14, 36]",0,0,none; independent dated evidence required
se_earthscience,2022-11,8,"[8, 5, 5]","[14, 36, 6]",0,0,none; independent dated evidence required
se_earthscience,2022-12,14,"[5, 5, 8]","[36, 6, 5]",0,0,none; independent dated evidence required
se_earthscience,2023-01,36,"[5, 8, 14]","[6, 5, 11]",0,1,none; independent dated evidence required
se_earthscience,2023-02,6,"[8, 14, 36]","[5, 11, 7]",0,0,none; independent dated evidence required
se_earthscience,2023-03,5,"[14, 36, 6]","[11, 7, 3]",0,0,none; independent dated evidence required
se_earthscience,2023-04,11,"[36, 6, 5]","[7, 3, 11]",0,0,none; independent dated evidence required
se_earthscience,2023-05,7,"[6, 5, 11]","[3, 11, 11]",0,0,none; independent dated evidence required
se_earthscience,2023-06,3,"[5, 11, 7]","[11, 11, 7]",0,0,none; independent dated evidence required
se_earthscience,2023-07,11,"[11, 7, 3]","[11, 7, 3]",0,0,none; independent dated evidence required
se_earthscience,2023-08,11,"[7, 3, 11]","[7, 3, 1]",0,0,none; independent dated evidence required
se_earthscience,2023-09,7,"[3, 11, 11]","[3, 1, 1]",0,0,none; independent dated evidence required
se_earthscience,2023-10,3,"[11, 11, 7]","[1, 1, 37]",0,0,none; independent dated evidence required
se_earthscience,2023-11,1,"[11, 7, 3]","[1, 37, 10]",0,0,none; independent dated evidence required
se_earthscience,2023-12,1,"[7, 3, 1]","[37, 10, 3]",0,0,none; independent dated evidence required
se_earthscience,2024-01,37,"[3, 1, 1]","[10, 3, 1]",0,1,none; independent dated evidence required
se_earthscience,2024-02,10,"[1, 1, 37]","[3, 1, 6]",0,0,none; independent dated evidence required
se_earthscience,2024-03,3,"[1, 37, 10]","[1, 6, 4]",0,0,none; independent dated evidence required
se_earthscience,2024-04,1,"[37, 10, 3]","[6, 4, 8]",0,0,none; independent dated evidence required
se_earthscience,2024-05,6,"[10, 3, 1]","[4, 8, 2]",0,0,none; independent dated evidence required
se_earthscience,2024-06,4,"[3, 1, 6]","[8, 2, 0]",0,0,none; independent dated evidence required
se_earthscience,2024-07,8,"[1, 6, 4]","[2, 0, 5]",0,1,none; independent dated evidence required
se_earthscience,2024-08,2,"[6, 4, 8]","[0, 5, 1]",0,0,none; independent dated evidence required
se_earthscience,2024-10,5,"[8, 2, 0]","[1, 4, 33]",0,0,none; independent dated evidence required
se_earthscience,2024-11,1,"[2, 0, 5]","[4, 33, 12]",0,0,none; independent dated evidence required
se_earthscience,2024-12,4,"[0, 5, 1]","[33, 12, 1]",0,0,none; independent dated evidence required
se_earthscience,2025-01,33,"[5, 1, 4]","[12, 1, 5]",0,1,none; independent dated evidence required
se_earthscience,2025-02,12,"[1, 4, 33]","[1, 5, 2]",0,0,none; independent dated evidence required
se_earthscience,2025-03,1,"[4, 33, 12]","[5, 2, 3]",0,0,none; independent dated evidence required
se_earthscience,2025-04,5,"[33, 12, 1]","[2, 3, 2]",0,0,none; independent dated evidence required
se_earthscience,2025-05,2,"[12, 1, 5]","[3, 2, 2]",0,0,none; independent dated evidence required
se_earthscience,2025-06,3,"[1, 5, 2]","[2, 2, 7]",0,0,none; independent dated evidence required
se_earthscience,2025-07,2,"[5, 2, 3]","[2, 7, 7]",0,0,none; independent dated evidence required
se_earthscience,2025-08,2,"[2, 3, 2]","[7, 7, 5]",0,0,none; independent dated evidence required
se_earthscience,2025-09,7,"[3, 2, 2]","[7, 5, 2]",0,0,none; independent dated evidence required
se_earthscience,2025-10,7,"[2, 2, 7]","[5, 2, 9]",0,0,none; independent dated evidence required
se_earthscience,2025-11,5,"[2, 7, 7]","[2, 9, 5]",0,0,none; independent dated evidence required
se_earthscience,2025-12,2,"[7, 7, 5]","[9, 5, 12]",0,0,none; independent dated evidence required
se_earthscience,2026-01,9,"[7, 5, 2]","[5, 12, 8]",0,0,none; independent dated evidence required
se_earthscience,2026-02,5,"[5, 2, 9]","[12, 8, 2]",0,0,none; independent dated evidence required
se_earthscience,2026-03,12,"[2, 9, 5]","[8, 2, 2]",0,1,none; independent dated evidence required
se_earthscience,2026-04,8,"[9, 5, 12]","[2, 2, 1]",0,0,none; independent dated evidence required
se_earthscience,2026-05,2,"[5, 12, 8]","[2, 1, 6]",0,0,none; independent dated evidence required
se_earthscience,2026-06,2,"[12, 8, 2]","[1, 6, 0]",1,0,none; independent dated evidence required
se_earthscience,2026-07,1,"[8, 2, 2]","[6, 0]",1,0,none; independent dated evidence required
se_earthscience,2026-08,6,"[2, 2, 1]",[0],1,1,none; independent dated evidence required
se_sustainability,2013-01,292,"[0, 0, 0]","[619, 173, 173]",0,0,none; independent dated evidence required
se_sustainability,2013-02,619,"[0, 0, 292]","[173, 173, 227]",0,1,none; independent dated evidence required
se_sustainability,2013-03,173,"[0, 292, 619]","[173, 227, 148]",0,0,none; independent dated evidence required
se_sustainability,2013-04,173,"[292, 619, 173]","[227, 148, 132]",0,0,none; independent dated evidence required
se_sustainability,2013-05,227,"[619, 173, 173]","[148, 132, 58]",0,0,none; independent dated evidence required
se_sustainability,2013-06,148,"[173, 173, 227]","[132, 58, 53]",0,0,none; independent dated evidence required
se_sustainability,2013-07,132,"[173, 227, 148]","[58, 53, 78]",0,0,none; independent dated evidence required
se_sustainability,2013-08,58,"[227, 148, 132]","[53, 78, 103]",0,0,none; independent dated evidence required
se_sustainability,2013-09,53,"[148, 132, 58]","[78, 103, 90]",0,0,none; independent dated evidence required
se_sustainability,2013-10,78,"[132, 58, 53]","[103, 90, 108]",0,0,none; independent dated evidence required
se_sustainability,2013-11,103,"[58, 53, 78]","[90, 108, 153]",0,0,none; independent dated evidence required
se_sustainability,2013-12,90,"[53, 78, 103]","[108, 153, 117]",0,0,none; independent dated evidence required
se_sustainability,2014-01,108,"[78, 103, 90]","[153, 117, 93]",0,0,none; independent dated evidence required
se_sustainability,2014-02,153,"[103, 90, 108]","[117, 93, 71]",0,1,none; independent dated evidence required
se_sustainability,2014-03,117,"[90, 108, 153]","[93, 71, 80]",0,0,none; independent dated evidence required
se_sustainability,2014-04,93,"[108, 153, 117]","[71, 80, 76]",0,0,none; independent dated evidence required
se_sustainability,2014-05,71,"[153, 117, 93]","[80, 76, 106]",0,0,none; independent dated evidence required
se_sustainability,2014-06,80,"[117, 93, 71]","[76, 106, 115]",0,0,none; independent dated evidence required
se_sustainability,2014-07,76,"[93, 71, 80]","[106, 115, 66]",0,0,none; independent dated evidence required
se_sustainability,2014-08,106,"[71, 80, 76]","[115, 66, 78]",0,0,none; independent dated evidence required
se_sustainability,2014-09,115,"[80, 76, 106]","[66, 78, 72]",0,1,none; independent dated evidence required
se_sustainability,2014-10,66,"[76, 106, 115]","[78, 72, 86]",0,0,none; independent dated evidence required
se_sustainability,2014-11,78,"[106, 115, 66]","[72, 86, 102]",0,0,none; independent dated evidence required
se_sustainability,2014-12,72,"[115, 66, 78]","[86, 102, 74]",0,0,none; independent dated evidence required
se_sustainability,2015-01,86,"[66, 78, 72]","[102, 74, 87]",0,0,none; independent dated evidence required
se_sustainability,2015-02,102,"[78, 72, 86]","[74, 87, 67]",0,1,none; independent dated evidence required
se_sustainability,2015-03,74,"[72, 86, 102]","[87, 67, 81]",0,0,none; independent dated evidence required
se_sustainability,2015-04,87,"[86, 102, 74]","[67, 81, 76]",0,0,none; independent dated evidence required
se_sustainability,2015-05,67,"[102, 74, 87]","[81, 76, 64]",0,0,none; independent dated evidence required
se_sustainability,2015-06,81,"[74, 87, 67]","[76, 64, 75]",0,0,none; independent dated evidence required
se_sustainability,2015-07,76,"[87, 67, 81]","[64, 75, 79]",0,0,none; independent dated evidence required
se_sustainability,2015-08,64,"[67, 81, 76]","[75, 79, 112]",0,0,none; independent dated evidence required
se_sustainability,2015-09,75,"[81, 76, 64]","[79, 112, 172]",0,0,none; independent dated evidence required
se_sustainability,2015-10,79,"[76, 64, 75]","[112, 172, 114]",0,0,none; independent dated evidence required
se_sustainability,2015-11,112,"[64, 75, 79]","[172, 114, 98]",0,0,none; independent dated evidence required
se_sustainability,2015-12,172,"[75, 79, 112]","[114, 98, 99]",0,1,none; independent dated evidence required
se_sustainability,2016-01,114,"[79, 112, 172]","[98, 99, 129]",0,0,none; independent dated evidence required
se_sustainability,2016-02,98,"[112, 172, 114]","[99, 129, 122]",0,0,none; independent dated evidence required
se_sustainability,2016-03,99,"[172, 114, 98]","[129, 122, 95]",0,0,none; independent dated evidence required
se_sustainability,2016-04,129,"[114, 98, 99]","[122, 95, 131]",0,0,none; independent dated evidence required
se_sustainability,2016-05,122,"[98, 99, 129]","[95, 131, 89]",0,0,none; independent dated evidence required
se_sustainability,2016-06,95,"[99, 129, 122]","[131, 89, 56]",0,0,none; independent dated evidence required
se_sustainability,2016-07,131,"[129, 122, 95]","[89, 56, 67]",0,1,none; independent dated evidence required
se_sustainability,2016-08,89,"[122, 95, 131]","[56, 67, 147]",0,0,none; independent dated evidence required
se_sustainability,2016-09,56,"[95, 131, 89]","[67, 147, 103]",0,0,none; independent dated evidence required
se_sustainability,2016-10,67,"[131, 89, 56]","[147, 103, 134]",0,0,none; independent dated evidence required
se_sustainability,2016-11,147,"[89, 56, 67]","[103, 134, 110]",0,1,none; independent dated evidence required
se_sustainability,2016-12,103,"[56, 67, 147]","[134, 110, 119]",0,0,none; independent dated evidence required
se_sustainability,2017-01,134,"[67, 147, 103]","[110, 119, 71]",0,0,none; independent dated evidence required
se_sustainability,2017-02,110,"[147, 103, 134]","[119, 71, 59]",0,0,none; independent dated evidence required
se_sustainability,2017-03,119,"[103, 134, 110]","[71, 59, 60]",0,0,none; independent dated evidence required
se_sustainability,2017-04,71,"[134, 110, 119]","[59, 60, 57]",0,0,none; independent dated evidence required
se_sustainability,2017-05,59,"[110, 119, 71]","[60, 57, 82]",0,0,none; independent dated evidence required
se_sustainability,2017-06,60,"[119, 71, 59]","[57, 82, 50]",0,0,none; independent dated evidence required
se_sustainability,2017-07,57,"[71, 59, 60]","[82, 50, 67]",0,0,none; independent dated evidence required
se_sustainability,2017-08,82,"[59, 60, 57]","[50, 67, 67]",0,1,none; independent dated evidence required
se_sustainability,2017-09,50,"[60, 57, 82]","[67, 67, 83]",0,0,none; independent dated evidence required
se_sustainability,2017-10,67,"[57, 82, 50]","[67, 83, 81]",0,0,none; independent dated evidence required
se_sustainability,2017-11,67,"[82, 50, 67]","[83, 81, 90]",0,0,none; independent dated evidence required
se_sustainability,2017-12,83,"[50, 67, 67]","[81, 90, 107]",0,0,none; independent dated evidence required
se_sustainability,2018-01,81,"[67, 67, 83]","[90, 107, 113]",0,0,none; independent dated evidence required
se_sustainability,2018-02,90,"[67, 83, 81]","[107, 113, 112]",0,0,none; independent dated evidence required
se_sustainability,2018-03,107,"[83, 81, 90]","[113, 112, 117]",0,0,none; independent dated evidence required
se_sustainability,2018-04,113,"[81, 90, 107]","[112, 117, 69]",0,0,none; independent dated evidence required
se_sustainability,2018-05,112,"[90, 107, 113]","[117, 69, 80]",0,0,none; independent dated evidence required
se_sustainability,2018-06,117,"[107, 113, 112]","[69, 80, 75]",0,1,none; independent dated evidence required
se_sustainability,2018-07,69,"[113, 112, 117]","[80, 75, 98]",0,0,none; independent dated evidence required
se_sustainability,2018-08,80,"[112, 117, 69]","[75, 98, 76]",0,0,none; independent dated evidence required
se_sustainability,2018-09,75,"[117, 69, 80]","[98, 76, 79]",0,0,none; independent dated evidence required
se_sustainability,2018-10,98,"[69, 80, 75]","[76, 79, 63]",0,1,none; independent dated evidence required
se_sustainability,2018-11,76,"[80, 75, 98]","[79, 63, 82]",0,0,none; independent dated evidence required
se_sustainability,2018-12,79,"[75, 98, 76]","[63, 82, 64]",0,0,none; independent dated evidence required
se_sustainability,2019-01,63,"[98, 76, 79]","[82, 64, 90]",0,0,none; independent dated evidence required
se_sustainability,2019-02,82,"[76, 79, 63]","[64, 90, 104]",0,0,none; independent dated evidence required
se_sustainability,2019-03,64,"[79, 63, 82]","[90, 104, 51]",0,0,none; independent dated evidence required
se_sustainability,2019-04,90,"[63, 82, 64]","[104, 51, 76]",0,0,none; independent dated evidence required
se_sustainability,2019-05,104,"[82, 64, 90]","[51, 76, 112]",0,0,none; independent dated evidence required
se_sustainability,2019-06,51,"[64, 90, 104]","[76, 112, 112]",0,0,none; independent dated evidence required
se_sustainability,2019-07,76,"[90, 104, 51]","[112, 112, 70]",0,0,none; independent dated evidence required
se_sustainability,2019-08,112,"[104, 51, 76]","[112, 70, 181]",0,0,none; independent dated evidence required
se_sustainability,2019-09,112,"[51, 76, 112]","[70, 181, 91]",0,0,none; independent dated evidence required
se_sustainability,2019-10,70,"[76, 112, 112]","[181, 91, 112]",0,0,none; independent dated evidence required
se_sustainability,2019-11,181,"[112, 112, 70]","[91, 112, 117]",0,1,none; independent dated evidence required
se_sustainability,2019-12,91,"[112, 70, 181]","[112, 117, 80]",0,0,none; independent dated evidence required
se_sustainability,2020-01,112,"[70, 181, 91]","[117, 80, 73]",0,0,none; independent dated evidence required
se_sustainability,2020-02,117,"[181, 91, 112]","[80, 73, 38]",0,0,none; independent dated evidence required
se_sustainability,2020-03,80,"[91, 112, 117]","[73, 38, 47]",0,0,none; independent dated evidence required
se_sustainability,2020-04,73,"[112, 117, 80]","[38, 47, 28]",0,0,none; independent dated evidence required
se_sustainability,2020-05,38,"[117, 80, 73]","[47, 28, 68]",0,0,none; independent dated evidence required
se_sustainability,2020-06,47,"[80, 73, 38]","[28, 68, 74]",0,0,none; independent dated evidence required
se_sustainability,2020-07,28,"[73, 38, 47]","[68, 74, 108]",0,0,none; independent dated evidence required
se_sustainability,2020-08,68,"[38, 47, 28]","[74, 108, 61]",0,0,none; independent dated evidence required
se_sustainability,2020-09,74,"[47, 28, 68]","[108, 61, 61]",0,0,none; independent dated evidence required
se_sustainability,2020-10,108,"[28, 68, 74]","[61, 61, 117]",0,0,none; independent dated evidence required
se_sustainability,2020-11,61,"[68, 74, 108]","[61, 117, 59]",0,0,none; independent dated evidence required
se_sustainability,2020-12,61,"[74, 108, 61]","[117, 59, 65]",0,0,none; independent dated evidence required
se_sustainability,2021-01,117,"[108, 61, 61]","[59, 65, 31]",0,1,none; independent dated evidence required
se_sustainability,2021-02,59,"[61, 61, 117]","[65, 31, 45]",0,0,none; independent dated evidence required
se_sustainability,2021-03,65,"[61, 117, 59]","[31, 45, 52]",0,0,none; independent dated evidence required
se_sustainability,2021-04,31,"[117, 59, 65]","[45, 52, 106]",0,0,none; independent dated evidence required
se_sustainability,2021-05,45,"[59, 65, 31]","[52, 106, 87]",0,0,none; independent dated evidence required
se_sustainability,2021-06,52,"[65, 31, 45]","[106, 87, 69]",0,0,none; independent dated evidence required
se_sustainability,2021-07,106,"[31, 45, 52]","[87, 69, 48]",0,1,none; independent dated evidence required
se_sustainability,2021-08,87,"[45, 52, 106]","[69, 48, 71]",0,0,none; independent dated evidence required
se_sustainability,2021-09,69,"[52, 106, 87]","[48, 71, 74]",0,0,none; independent dated evidence required
se_sustainability,2021-10,48,"[106, 87, 69]","[71, 74, 115]",0,0,none; independent dated evidence required
se_sustainability,2021-11,71,"[87, 69, 48]","[74, 115, 43]",0,0,none; independent dated evidence required
se_sustainability,2021-12,74,"[69, 48, 71]","[115, 43, 42]",0,0,none; independent dated evidence required
se_sustainability,2022-01,115,"[48, 71, 74]","[43, 42, 61]",0,1,none; independent dated evidence required
se_sustainability,2022-02,43,"[71, 74, 115]","[42, 61, 58]",0,0,none; independent dated evidence required
se_sustainability,2022-03,42,"[74, 115, 43]","[61, 58, 47]",0,0,none; independent dated evidence required
se_sustainability,2022-04,61,"[115, 43, 42]","[58, 47, 44]",0,0,none; independent dated evidence required
se_sustainability,2022-05,58,"[43, 42, 61]","[47, 44, 52]",0,0,none; independent dated evidence required
se_sustainability,2022-06,47,"[42, 61, 58]","[44, 52, 58]",0,0,none; independent dated evidence required
se_sustainability,2022-07,44,"[61, 58, 47]","[52, 58, 47]",0,0,none; independent dated evidence required
se_sustainability,2022-08,52,"[58, 47, 44]","[58, 47, 66]",0,0,none; independent dated evidence required
se_sustainability,2022-09,58,"[47, 44, 52]","[47, 66, 45]",0,0,none; independent dated evidence required
se_sustainability,2022-10,47,"[44, 52, 58]","[66, 45, 50]",0,0,none; independent dated evidence required
se_sustainability,2022-11,66,"[52, 58, 47]","[45, 50, 27]",0,1,none; independent dated evidence required
se_sustainability,2022-12,45,"[58, 47, 66]","[50, 27, 44]",0,0,none; independent dated evidence required
se_sustainability,2023-01,50,"[47, 66, 45]","[27, 44, 7]",0,0,none; independent dated evidence required
se_sustainability,2023-02,27,"[66, 45, 50]","[44, 7, 16]",0,0,none; independent dated evidence required
se_sustainability,2023-03,44,"[45, 50, 27]","[7, 16, 23]",0,0,none; independent dated evidence required
se_sustainability,2023-04,7,"[50, 27, 44]","[16, 23, 46]",0,0,none; independent dated evidence required
se_sustainability,2023-05,16,"[27, 44, 7]","[23, 46, 45]",0,0,none; independent dated evidence required
se_sustainability,2023-06,23,"[44, 7, 16]","[46, 45, 12]",0,0,none; independent dated evidence required
se_sustainability,2023-07,46,"[7, 16, 23]","[45, 12, 22]",0,1,none; independent dated evidence required
se_sustainability,2023-08,45,"[16, 23, 46]","[12, 22, 33]",0,0,none; independent dated evidence required
se_sustainability,2023-09,12,"[23, 46, 45]","[22, 33, 11]",0,0,none; independent dated evidence required
se_sustainability,2023-10,22,"[46, 45, 12]","[33, 11, 16]",0,0,none; independent dated evidence required
se_sustainability,2023-11,33,"[45, 12, 22]","[11, 16, 25]",0,0,none; independent dated evidence required
se_sustainability,2023-12,11,"[12, 22, 33]","[16, 25, 41]",0,0,none; independent dated evidence required
se_sustainability,2024-01,16,"[22, 33, 11]","[25, 41, 17]",0,0,none; independent dated evidence required
se_sustainability,2024-02,25,"[33, 11, 16]","[41, 17, 25]",0,0,none; independent dated evidence required
se_sustainability,2024-03,41,"[11, 16, 25]","[17, 25, 23]",0,1,none; independent dated evidence required
se_sustainability,2024-04,17,"[16, 25, 41]","[25, 23, 9]",0,0,none; independent dated evidence required
se_sustainability,2024-05,25,"[25, 41, 17]","[23, 9, 16]",0,0,none; independent dated evidence required
se_sustainability,2024-06,23,"[41, 17, 25]","[9, 16, 20]",0,0,none; independent dated evidence required
se_sustainability,2024-07,9,"[17, 25, 23]","[16, 20, 26]",0,0,none; independent dated evidence required
se_sustainability,2024-08,16,"[25, 23, 9]","[20, 26, 7]",0,0,none; independent dated evidence required
se_sustainability,2024-09,20,"[23, 9, 16]","[26, 7, 16]",0,0,none; independent dated evidence required
se_sustainability,2024-10,26,"[9, 16, 20]","[7, 16, 32]",0,0,none; independent dated evidence required
se_sustainability,2024-11,7,"[16, 20, 26]","[16, 32, 11]",0,0,none; independent dated evidence required
se_sustainability,2024-12,16,"[20, 26, 7]","[32, 11, 12]",0,0,none; independent dated evidence required
se_sustainability,2025-01,32,"[26, 7, 16]","[11, 12, 21]",0,1,none; independent dated evidence required
se_sustainability,2025-02,11,"[7, 16, 32]","[12, 21, 11]",0,0,none; independent dated evidence required
se_sustainability,2025-03,12,"[16, 32, 11]","[21, 11, 16]",0,0,none; independent dated evidence required
se_sustainability,2025-04,21,"[32, 11, 12]","[11, 16, 7]",0,0,none; independent dated evidence required
se_sustainability,2025-05,11,"[11, 12, 21]","[16, 7, 9]",0,0,none; independent dated evidence required
se_sustainability,2025-06,16,"[12, 21, 11]","[7, 9, 2]",0,0,none; independent dated evidence required
se_sustainability,2025-07,7,"[21, 11, 16]","[9, 2, 12]",0,0,none; independent dated evidence required
se_sustainability,2025-08,9,"[11, 16, 7]","[2, 12, 10]",0,0,none; independent dated evidence required
se_sustainability,2025-09,2,"[16, 7, 9]","[12, 10, 19]",0,0,none; independent dated evidence required
se_sustainability,2025-10,12,"[7, 9, 2]","[10, 19, 8]",0,0,none; independent dated evidence required
se_sustainability,2025-11,10,"[9, 2, 12]","[19, 8, 13]",0,0,none; independent dated evidence required
se_sustainability,2025-12,19,"[2, 12, 10]","[8, 13, 18]",0,1,none; independent dated evidence required
se_sustainability,2026-01,8,"[12, 10, 19]","[13, 18, 6]",0,0,none; independent dated evidence required
se_sustainability,2026-02,13,"[10, 19, 8]","[18, 6, 1]",0,0,none; independent dated evidence required
se_sustainability,2026-03,18,"[19, 8, 13]","[6, 1, 23]",0,0,none; independent dated evidence required
se_sustainability,2026-04,6,"[8, 13, 18]","[1, 23, 6]",0,0,none; independent dated evidence required
se_sustainability,2026-05,1,"[13, 18, 6]","[23, 6, 4]",0,0,none; independent dated evidence required
se_sustainability,2026-06,23,"[18, 6, 1]","[6, 4, 19]",1,1,none; independent dated evidence required
se_sustainability,2026-07,6,"[6, 1, 23]","[4, 19]",1,0,none; independent dated evidence required
se_sustainability,2026-08,4,"[1, 23, 6]",[19],1,0,none; independent dated evidence required
se_sustainability,2026-09,19,"[23, 6, 4]",[],1,0,none; independent dated evidence required
straight_dope,1999-03,693,"[0, 0, 0]","[522, 90, 77]",0,1,none; independent dated evidence required
straight_dope,1999-04,522,"[0, 0, 693]","[90, 77, 45]",0,0,none; independent dated evidence required
straight_dope,1999-05,90,"[0, 693, 522]","[77, 45, 16]",0,0,none; independent dated evidence required
straight_dope,1999-06,77,"[693, 522, 90]","[45, 16, 37]",0,0,none; independent dated evidence required
straight_dope,1999-07,45,"[522, 90, 77]","[16, 37, 22]",0,0,none; independent dated evidence required
straight_dope,1999-08,16,"[90, 77, 45]","[37, 22, 34]",0,0,none; independent dated evidence required
straight_dope,1999-09,37,"[77, 45, 16]","[22, 34, 39]",0,0,none; independent dated evidence required
straight_dope,1999-10,22,"[45, 16, 37]","[34, 39, 20]",0,0,none; independent dated evidence required
straight_dope,1999-11,34,"[16, 37, 22]","[39, 20, 38]",0,0,none; independent dated evidence required
straight_dope,1999-12,39,"[37, 22, 34]","[20, 38, 25]",0,1,none; independent dated evidence required
straight_dope,2000-01,20,"[22, 34, 39]","[38, 25, 7]",0,0,none; independent dated evidence required
straight_dope,2000-02,38,"[34, 39, 20]","[25, 7, 6]",0,0,none; independent dated evidence required
straight_dope,2000-03,25,"[39, 20, 38]","[7, 6, 27]",0,0,none; independent dated evidence required
straight_dope,2000-04,7,"[20, 38, 25]","[6, 27, 0]",0,0,none; independent dated evidence required
straight_dope,2000-05,6,"[38, 25, 7]","[27, 0, 0]",0,0,none; independent dated evidence required
straight_dope,2000-06,27,"[25, 7, 6]","[0, 0, 0]",0,1,none; independent dated evidence required
straight_dope,2000-10,1,"[0, 0, 0]","[0, 1, 0]",0,0,none; independent dated evidence required
straight_dope,2000-12,1,"[0, 1, 0]","[0, 0, 0]",0,0,none; independent dated evidence required
straight_dope,2001-05,7,"[0, 0, 0]","[12, 0, 0]",0,0,none; independent dated evidence required
straight_dope,2001-06,12,"[0, 0, 7]","[0, 0, 0]",0,1,none; independent dated evidence required
straight_dope,2003-02,2,"[0, 0, 0]","[0, 0, 10]",0,0,none; independent dated evidence required
straight_dope,2003-05,10,"[2, 0, 0]","[0, 0, 0]",0,1,none; independent dated evidence required
straight_dope,2004-03,4,"[0, 0, 0]","[9, 0, 0]",0,0,none; independent dated evidence required
straight_dope,2004-04,9,"[0, 0, 4]","[0, 0, 0]",0,1,none; independent dated evidence required
straight_dope,2006-06,9,"[0, 0, 0]","[0, 0, 0]",0,1,none; independent dated evidence required
straight_dope,2011-05,55,"[0, 0, 0]","[0, 0, 0]",0,1,none; independent dated evidence required
straight_dope,2011-09,34,"[0, 0, 0]","[3, 0, 0]",0,1,none; independent dated evidence required
straight_dope,2011-10,3,"[0, 0, 34]","[0, 0, 0]",0,0,none; independent dated evidence required
straight_dope,2012-12,61,"[0, 0, 0]","[0, 0, 0]",0,1,none; independent dated evidence required
straight_dope,2014-01,5,"[0, 0, 0]","[9, 0, 0]",0,0,none; independent dated evidence required
straight_dope,2014-02,9,"[0, 0, 5]","[0, 0, 0]",0,1,none; independent dated evidence required
straight_dope,2014-07,17,"[0, 0, 0]","[0, 0, 0]",0,1,none; independent dated evidence required
straight_dope,2015-01,6,"[0, 0, 0]","[373, 387, 0]",0,0,none; independent dated evidence required
straight_dope,2015-02,373,"[0, 0, 6]","[387, 0, 0]",0,0,none; independent dated evidence required
straight_dope,2015-03,387,"[0, 6, 373]","[0, 0, 0]",0,1,none; independent dated evidence required
straight_dope,2015-08,6,"[0, 0, 0]","[0, 0, 0]",0,1,none; independent dated evidence required
straight_dope,2016-02,2,"[0, 0, 0]","[0, 0, 0]",0,1,none; independent dated evidence required
straight_dope,2020-02,3,"[0, 0, 0]","[0, 0, 0]",0,1,none; independent dated evidence required
straight_dope,2025-05,235,"[0, 0, 0]","[193, 190, 147]",0,1,none; independent dated evidence required
straight_dope,2025-06,193,"[0, 0, 235]","[190, 147, 196]",0,0,none; independent dated evidence required
straight_dope,2025-07,190,"[0, 235, 193]","[147, 196, 107]",0,0,none; independent dated evidence required
straight_dope,2025-08,147,"[235, 193, 190]","[196, 107, 94]",0,0,none; independent dated evidence required
straight_dope,2025-09,196,"[193, 190, 147]","[107, 94, 1277]",0,0,none; independent dated evidence required
straight_dope,2025-10,107,"[190, 147, 196]","[94, 1277, 1128]",0,0,none; independent dated evidence required
straight_dope,2025-11,94,"[147, 196, 107]","[1277, 1128, 782]",0,0,none; independent dated evidence required
straight_dope,2025-12,1277,"[196, 107, 94]","[1128, 782, 1043]",0,1,none; independent dated evidence required
straight_dope,2026-01,1128,"[107, 94, 1277]","[782, 1043, 1398]",0,0,none; independent dated evidence required
straight_dope,2026-02,782,"[94, 1277, 1128]","[1043, 1398, 969]",0,0,none; independent dated evidence required
straight_dope,2026-03,1043,"[1277, 1128, 782]","[1398, 969, 1023]",0,0,none; independent dated evidence required
straight_dope,2026-04,1398,"[1128, 782, 1043]","[969, 1023, 795]",0,1,none; independent dated evidence required
straight_dope,2026-05,969,"[782, 1043, 1398]","[1023, 795, 912]",0,0,none; independent dated evidence required
straight_dope,2026-06,1023,"[1043, 1398, 969]","[795, 912, 788]",1,0,none; independent dated evidence required
straight_dope,2026-07,795,"[1398, 969, 1023]","[912, 788]",1,0,none; independent dated evidence required
straight_dope,2026-08,912,"[969, 1023, 795]",[788],1,0,none; independent dated evidence required
straight_dope,2026-09,788,"[1023, 795, 912]",[],1,0,none; independent dated evidence required
thesession,2001-06,107,"[0, 0, 0]","[125, 70, 2]",0,0,none; independent dated evidence required
thesession,2001-07,125,"[0, 0, 107]","[70, 2, 1]",0,1,none; independent dated evidence required
thesession,2001-08,70,"[0, 107, 125]","[2, 1, 4]",0,0,none; independent dated evidence required
thesession,2001-09,2,"[107, 125, 70]","[1, 4, 0]",0,0,none; independent dated evidence required
thesession,2001-10,1,"[125, 70, 2]","[4, 0, 0]",0,0,none; independent dated evidence required
thesession,2001-11,4,"[70, 2, 1]","[0, 0, 0]",0,0,none; independent dated evidence required
thesession,2002-07,1,"[0, 0, 0]","[0, 2, 1]",0,0,none; independent dated evidence required
thesession,2002-09,2,"[0, 1, 0]","[1, 2, 0]",0,0,none; independent dated evidence required
thesession,2002-10,1,"[1, 0, 2]","[2, 0, 1]",0,0,none; independent dated evidence required
thesession,2002-11,2,"[0, 2, 1]","[0, 1, 0]",0,0,none; independent dated evidence required
thesession,2003-01,1,"[1, 2, 0]","[0, 0, 0]",0,0,none; independent dated evidence required
thesession,2004-04,1,"[0, 0, 0]","[0, 3, 0]",0,0,none; independent dated evidence required
thesession,2004-06,3,"[0, 1, 0]","[0, 1, 0]",0,1,none; independent dated evidence required
thesession,2004-08,1,"[0, 3, 0]","[0, 0, 0]",0,0,none; independent dated evidence required
thesession,2005-08,1,"[0, 0, 0]","[0, 3, 0]",0,0,none; independent dated evidence required
thesession,2005-10,3,"[0, 1, 0]","[0, 0, 0]",0,1,none; independent dated evidence required
thesession,2007-01,1,"[0, 0, 0]","[0, 2, 0]",0,0,none; independent dated evidence required
thesession,2007-03,2,"[0, 1, 0]","[0, 0, 1]",0,1,none; independent dated evidence required
thesession,2007-06,1,"[2, 0, 0]","[0, 0, 1]",0,0,none; independent dated evidence required
thesession,2007-09,1,"[1, 0, 0]","[0, 0, 0]",0,0,none; independent dated evidence required
thesession,2008-07,2,"[0, 0, 0]","[0, 0, 0]",0,1,none; independent dated evidence required
thesession,2009-05,1,"[0, 0, 0]","[0, 0, 0]",0,1,none; independent dated evidence required
thesession,2011-05,5,"[0, 0, 0]","[1, 0, 0]",0,1,none; independent dated evidence required
thesession,2011-06,1,"[0, 0, 5]","[0, 0, 0]",0,0,none; independent dated evidence required
thesession,2011-12,1,"[0, 0, 0]","[0, 0, 0]",0,1,none; independent dated evidence required
thesession,2014-10,2,"[0, 0, 0]","[0, 0, 0]",0,1,none; independent dated evidence required
thesession,2016-12,1,"[0, 0, 0]","[0, 0, 0]",0,1,none; independent dated evidence required
thesession,2019-03,1,"[0, 0, 0]","[0, 0, 0]",0,1,none; independent dated evidence required
thesession,2020-08,1,"[0, 0, 0]","[0, 0, 0]",0,1,none; independent dated evidence required
thesession,2021-02,1,"[0, 0, 0]","[0, 0, 0]",0,1,none; independent dated evidence required
thesession,2022-07,1,"[0, 0, 0]","[0, 0, 0]",0,1,none; independent dated evidence required
thesession,2025-02,3,"[0, 0, 0]","[0, 0, 0]",0,1,none; independent dated evidence required
tildes,2018-05,168,"[0, 0, 0]","[37, 91, 4]",0,1,none; independent dated evidence required
tildes,2018-06,37,"[0, 0, 168]","[91, 4, 1]",0,0,none; independent dated evidence required
tildes,2018-07,91,"[0, 168, 37]","[4, 1, 0]",0,0,none; independent dated evidence required
tildes,2018-08,4,"[168, 37, 91]","[1, 0, 0]",0,0,none; independent dated evidence required
tildes,2018-09,1,"[37, 91, 4]","[0, 0, 0]",0,0,none; independent dated evidence required
tildes,2019-02,104,"[0, 0, 0]","[2, 0, 0]",0,1,none; independent dated evidence required
tildes,2019-03,2,"[0, 0, 104]","[0, 0, 0]",0,0,none; independent dated evidence required
tildes,2023-05,33,"[0, 0, 0]","[5315, 1746, 365]",0,0,none; independent dated evidence required
tildes,2023-06,5315,"[0, 0, 33]","[1746, 365, 93]",0,1,none; independent dated evidence required
tildes,2023-07,1746,"[0, 33, 5315]","[365, 93, 16]",0,0,none; independent dated evidence required
tildes,2023-08,365,"[33, 5315, 1746]","[93, 16, 4]",0,0,none; independent dated evidence required
tildes,2023-09,93,"[5315, 1746, 365]","[16, 4, 121]",0,0,none; independent dated evidence required
tildes,2023-10,16,"[1746, 365, 93]","[4, 121, 47]",0,0,none; independent dated evidence required
tildes,2023-11,4,"[365, 93, 16]","[121, 47, 0]",0,0,none; independent dated evidence required
tildes,2023-12,121,"[93, 16, 4]","[47, 0, 0]",0,1,none; independent dated evidence required
tildes,2024-01,47,"[16, 4, 121]","[0, 0, 31]",0,0,none; independent dated evidence required
tildes,2024-04,31,"[47, 0, 0]","[0, 0, 13]",0,0,none; independent dated evidence required
tildes,2024-07,13,"[31, 0, 0]","[1, 0, 0]",0,0,none; independent dated evidence required
tildes,2024-08,1,"[0, 0, 13]","[0, 0, 61]",0,0,none; independent dated evidence required
tildes,2024-11,61,"[1, 0, 0]","[0, 0, 117]",0,0,none; independent dated evidence required
tildes,2025-02,117,"[61, 0, 0]","[0, 5, 0]",0,1,none; independent dated evidence required
tildes,2025-04,5,"[0, 117, 0]","[0, 0, 1]",0,0,none; independent dated evidence required
tildes,2025-07,1,"[5, 0, 0]","[0, 10, 0]",0,0,none; independent dated evidence required
tildes,2025-09,10,"[0, 1, 0]","[0, 135, 4]",0,0,none; independent dated evidence required
tildes,2025-11,135,"[0, 10, 0]","[4, 0, 1]",0,1,none; independent dated evidence required
tildes,2025-12,4,"[10, 0, 135]","[0, 1, 0]",0,0,none; independent dated evidence required
tildes,2026-02,1,"[135, 4, 0]","[0, 0, 0]",0,0,none; independent dated evidence required
tildes,2026-08,289,"[0, 0, 0]",[319],1,0,none; independent dated evidence required
tildes,2026-09,319,"[0, 0, 289]",[],1,1,none; independent dated evidence required
w3_wwwtalk,1991-10,6,"[0, 0, 0]","[14, 10, 4]",0,0,none; independent dated evidence required
w3_wwwtalk,1991-11,14,"[0, 0, 6]","[10, 4, 22]",0,0,none; independent dated evidence required
w3_wwwtalk,1991-12,10,"[0, 6, 14]","[4, 22, 24]",0,0,none; independent dated evidence required
w3_wwwtalk,1992-01,4,"[6, 14, 10]","[22, 24, 5]",0,0,none; independent dated evidence required
w3_wwwtalk,1992-02,22,"[14, 10, 4]","[24, 5, 10]",0,0,none; independent dated evidence required
w3_wwwtalk,1992-03,24,"[10, 4, 22]","[5, 10, 51]",0,0,none; independent dated evidence required
w3_wwwtalk,1992-04,5,"[4, 22, 24]","[10, 51, 27]",0,0,none; independent dated evidence required
w3_wwwtalk,1992-05,10,"[22, 24, 5]","[51, 27, 15]",0,0,none; independent dated evidence required
w3_wwwtalk,1992-06,51,"[24, 5, 10]","[27, 15, 0]",0,1,none; independent dated evidence required
w3_wwwtalk,1992-07,27,"[5, 10, 51]","[15, 0, 0]",0,0,none; independent dated evidence required
w3_wwwtalk,1992-08,15,"[10, 51, 27]","[0, 0, 0]",0,0,none; independent dated evidence required
