source,target,stage,reason
Historic Hansard XML,S6CV0200P0.zip,download/validation,File is not a zip file
Hansard API,https://hansard-api.parliament.uk/debates/debate/06121471000030.json,detail download,HTTP 400
Hansard API,https://hansard-api.parliament.uk/debates/debate/07051786000018.json,detail download,HTTP 400
Hansard API,https://hansard-api.parliament.uk/debates/debate/09021274000015.json,detail download,HTTP 400
Hansard API,https://hansard-api.parliament.uk/debates/debate/09021291000008.json,detail download,HTTP 400
Hansard API,https://hansard-api.parliament.uk/debates/debate/10022378000029.json,detail download,HTTP 400
Hansard API,https://hansard-api.parliament.uk/debates/debate/10022416000013.json,detail download,HTTP 400
Hansard API,https://hansard-api.parliament.uk/debates/debate/10022416000014.json,detail download,HTTP 400
Hansard WrittenAnswers,https://hansard-api.parliament.uk/debates/debate/003e54c5-1ee7-4ef0-8aaa-8217304cdb86.json,answer detail,detail_validation_failed:department=INTERNATIONAL DEVELOPMENT;questions=1;responses=1
Hansard WrittenAnswers,https://hansard-api.parliament.uk/debates/debate/095ad608-0218-4d8e-8a91-ac708347ece2.json,answer detail,detail_validation_failed:department=INTERNATIONAL DEVELOPMENT;questions=1;responses=1
Hansard WrittenAnswers,https://hansard-api.parliament.uk/debates/debate/15ce7444-6592-431a-b526-1543c858b001.json,answer detail,detail_validation_failed:department=INTERNATIONAL DEVELOPMENT;questions=2;responses=2
Hansard WrittenAnswers,https://hansard-api.parliament.uk/debates/debate/1aa3349f-4c08-4219-8ee0-d1ef4a21c174.json,answer detail,detail_validation_failed:department=INTERNATIONAL DEVELOPMENT;questions=1;responses=1
Hansard WrittenAnswers,https://hansard-api.parliament.uk/debates/debate/1d5e42a1-c5ca-498c-bb7f-00f8e7638144.json,answer detail,detail_validation_failed:department=INTERNATIONAL DEVELOPMENT;questions=1;responses=1
Hansard WrittenAnswers,https://hansard-api.parliament.uk/debates/debate/1ee94a1a-260a-431d-b405-5d19206d3c75.json,answer detail,detail_validation_failed:department=INTERNATIONAL DEVELOPMENT;questions=1;responses=1
Hansard WrittenAnswers,https://hansard-api.parliament.uk/debates/debate/25d40ef1-3086-4610-8bf6-e004796b0e5f.json,answer detail,detail_validation_failed:department=INTERNATIONAL DEVELOPMENT;questions=1;responses=1
Hansard WrittenAnswers,https://hansard-api.parliament.uk/debates/debate/264269a4-d43c-440e-bf1a-5822e3c75bd0.json,answer detail,detail_validation_failed:department=INTERNATIONAL DEVELOPMENT;questions=9;responses=9
Hansard WrittenAnswers,https://hansard-api.parliament.uk/debates/debate/2be93724-3e33-48b4-85f0-b2d1a229b565.json,answer detail,detail_validation_failed:department=INTERNATIONAL DEVELOPMENT;questions=1;responses=1
Hansard WrittenAnswers,https://hansard-api.parliament.uk/debates/debate/34ef35b8-5f74-4b7e-8ac6-92b5ceb6f20a.json,answer detail,detail_validation_failed:department=INTERNATIONAL DEVELOPMENT;questions=4;responses=4
Hansard WrittenAnswers,https://hansard-api.parliament.uk/debates/debate/3a18de64-b2d7-43d0-98f2-1a54011c4762.json,answer detail,detail_validation_failed:department=INTERNATIONAL DEVELOPMENT;questions=3;responses=3
Hansard WrittenAnswers,https://hansard-api.parliament.uk/debates/debate/3bebd54a-b3cf-409f-b461-dc48e3fe6f4d.json,answer detail,detail_validation_failed:department=INTERNATIONAL DEVELOPMENT;questions=2;responses=2
Hansard WrittenAnswers,https://hansard-api.parliament.uk/debates/debate/3cc0923e-13bc-4f5c-b094-656ecf41c0c9.json,answer detail,detail_validation_failed:department=INTERNATIONAL DEVELOPMENT;questions=1;responses=1
Hansard WrittenAnswers,https://hansard-api.parliament.uk/debates/debate/4263d2a4-3588-4b6d-aec5-1295ac7e8078.json,answer detail,detail_validation_failed:department=INTERNATIONAL DEVELOPMENT;questions=1;responses=1
Hansard WrittenAnswers,https://hansard-api.parliament.uk/debates/debate/464bce13-784a-4660-a20d-91a5a71b0fba.json,answer detail,detail_validation_failed:department=INTERNATIONAL DEVELOPMENT;questions=1;responses=1
Hansard WrittenAnswers,https://hansard-api.parliament.uk/debates/debate/506bc88b-04d0-449b-a81e-a53752aa6c9d.json,answer detail,detail_validation_failed:department=INTERNATIONAL DEVELOPMENT;questions=3;responses=3
Hansard WrittenAnswers,https://hansard-api.parliament.uk/debates/debate/567ff59f-a8ad-4619-afc8-b4f36e512c75.json,answer detail,detail_validation_failed:department=INTERNATIONAL DEVELOPMENT;questions=1;responses=1
Hansard WrittenAnswers,https://hansard-api.parliament.uk/debates/debate/5aa1fbab-05fc-4fe6-a412-b53fa921dd8e.json,answer detail,detail_validation_failed:department=INTERNATIONAL DEVELOPMENT;questions=3;responses=3
Hansard WrittenAnswers,https://hansard-api.parliament.uk/debates/debate/63ce40cd-8c4d-43a3-931b-901d98bad5ac.json,answer detail,detail_validation_failed:department=INTERNATIONAL DEVELOPMENT;questions=1;responses=1
Hansard WrittenAnswers,https://hansard-api.parliament.uk/debates/debate/74db0c2a-676d-4d91-b63e-37440e451e7f.json,answer detail,detail_validation_failed:department=INTERNATIONAL DEVELOPMENT;questions=1;responses=1
Hansard WrittenAnswers,https://hansard-api.parliament.uk/debates/debate/750a864a-4abd-4a23-9372-fe25314935e5.json,answer detail,detail_validation_failed:department=INTERNATIONAL DEVELOPMENT;questions=1;responses=1
Hansard WrittenAnswers,https://hansard-api.parliament.uk/debates/debate/7db089a9-994e-40c4-9105-92ff479a77e0.json,answer detail,detail_validation_failed:department=INTERNATIONAL DEVELOPMENT;questions=1;responses=1
Hansard WrittenAnswers,https://hansard-api.parliament.uk/debates/debate/8936df33-979c-4915-b17f-d3cb6c69d153.json,answer detail,detail_validation_failed:department=INTERNATIONAL DEVELOPMENT;questions=1;responses=1
Hansard WrittenAnswers,https://hansard-api.parliament.uk/debates/debate/89e0e79f-72dc-4cee-a19d-0ed7710178f5.json,answer detail,detail_validation_failed:department=INTERNATIONAL DEVELOPMENT;questions=1;responses=1
Hansard WrittenAnswers,https://hansard-api.parliament.uk/debates/debate/8ecc58e0-af08-4298-bb82-9f0393ad7d88.json,answer detail,detail_validation_failed:department=INTERNATIONAL DEVELOPMENT;questions=1;responses=1
Hansard WrittenAnswers,https://hansard-api.parliament.uk/debates/debate/90ab8a69-5a83-41d5-8761-35c4051f3a77.json,answer detail,detail_validation_failed:department=INTERNATIONAL DEVELOPMENT;questions=1;responses=1
Hansard WrittenAnswers,https://hansard-api.parliament.uk/debates/debate/94eadd97-29fe-44a3-93fd-810f076ffe24.json,answer detail,detail_validation_failed:department=INTERNATIONAL DEVELOPMENT;questions=3;responses=3
Hansard WrittenAnswers,https://hansard-api.parliament.uk/debates/debate/95a3ebca-5273-404b-8291-0a99b6b9d71c.json,answer detail,detail_validation_failed:department=INTERNATIONAL DEVELOPMENT;questions=1;responses=1
Hansard WrittenAnswers,https://hansard-api.parliament.uk/debates/debate/9dff7e2e-6f4a-4c20-92f5-e64f6356bbad.json,answer detail,detail_validation_failed:department=INTERNATIONAL DEVELOPMENT;questions=1;responses=1
Hansard WrittenAnswers,https://hansard-api.parliament.uk/debates/debate/a5ee33e9-8ad3-40dc-972a-cc29f95d13b1.json,answer detail,detail_validation_failed:department=INTERNATIONAL DEVELOPMENT;questions=2;responses=2
Hansard WrittenAnswers,https://hansard-api.parliament.uk/debates/debate/af22a898-60a6-4a5d-8aa2-a9361665569d.json,answer detail,detail_validation_failed:department=INTERNATIONAL DEVELOPMENT;questions=1;responses=1
Hansard WrittenAnswers,https://hansard-api.parliament.uk/debates/debate/b1c31a33-5eab-45aa-9da3-11c82f21eece.json,answer detail,detail_validation_failed:department=INTERNATIONAL DEVELOPMENT;questions=2;responses=2
Hansard WrittenAnswers,https://hansard-api.parliament.uk/debates/debate/b5960588-d2a7-4ce4-aab6-78545c2eb792.json,answer detail,detail_validation_failed:department=INTERNATIONAL DEVELOPMENT;questions=2;responses=2
Hansard WrittenAnswers,https://hansard-api.parliament.uk/debates/debate/baae0dee-30f4-4f32-ab0d-f2df5a68f30f.json,answer detail,detail_validation_failed:department=INTERNATIONAL DEVELOPMENT;questions=1;responses=1
Hansard WrittenAnswers,https://hansard-api.parliament.uk/debates/debate/bee6dc42-df4f-4984-a8b6-6ffa439d0c16.json,answer detail,detail_validation_failed:department=INTERNATIONAL DEVELOPMENT;questions=1;responses=1
Hansard WrittenAnswers,https://hansard-api.parliament.uk/debates/debate/bf95b5a2-d449-4822-a96b-306496520143.json,answer detail,detail_validation_failed:department=INTERNATIONAL DEVELOPMENT;questions=3;responses=3
Hansard WrittenAnswers,https://hansard-api.parliament.uk/debates/debate/c2370ada-0bf8-4fff-a481-4ae8dc5a8598.json,answer detail,detail_validation_failed:department=INTERNATIONAL DEVELOPMENT;questions=2;responses=2
Hansard WrittenAnswers,https://hansard-api.parliament.uk/debates/debate/d6c1a95b-fbec-4a1d-a793-9d4c37fb0252.json,answer detail,detail_validation_failed:department=INTERNATIONAL DEVELOPMENT;questions=1;responses=1
Hansard WrittenAnswers,https://hansard-api.parliament.uk/debates/debate/db353c16-2faf-409f-8579-f21880971c05.json,answer detail,detail_validation_failed:department=INTERNATIONAL DEVELOPMENT;questions=1;responses=1
Hansard WrittenAnswers,https://hansard-api.parliament.uk/debates/debate/ded16530-a8e2-45a6-b25f-552e0a703e0a.json,answer detail,detail_validation_failed:department=INTERNATIONAL DEVELOPMENT;questions=1;responses=1
Hansard WrittenAnswers,https://hansard-api.parliament.uk/debates/debate/ef0565ce-cedf-4767-a653-b024987f5df5.json,answer detail,detail_validation_failed:department=INTERNATIONAL DEVELOPMENT;questions=1;responses=1
Hansard WrittenAnswers,https://hansard-api.parliament.uk/debates/debate/059f1751-5c55-44ff-aff5-d39fbaa31e01.json,answer detail,detail_validation_failed:department=INTERNATIONAL DEVELOPMENT;questions=1;responses=1
Hansard WrittenAnswers,https://hansard-api.parliament.uk/debates/debate/079688af-c805-437d-bbd7-c55239622625.json,answer detail,detail_validation_failed:department=INTERNATIONAL DEVELOPMENT;questions=1;responses=1
Hansard WrittenAnswers,https://hansard-api.parliament.uk/debates/debate/09709b40-0c29-4915-b47f-43f232e59702.json,answer detail,detail_validation_failed:department=INTERNATIONAL DEVELOPMENT;questions=1;responses=1
Hansard WrittenAnswers,https://hansard-api.parliament.uk/debates/debate/14c5e74b-d6c1-4217-b0ba-c397a1abe9c2.json,answer detail,detail_validation_failed:department=INTERNATIONAL DEVELOPMENT;questions=1;responses=1
Hansard WrittenAnswers,https://hansard-api.parliament.uk/debates/debate/14c60196-2cef-4ff6-af35-060ab848f152.json,answer detail,detail_validation_failed:department=INTERNATIONAL DEVELOPMENT;questions=1;responses=1
Hansard WrittenAnswers,https://hansard-api.parliament.uk/debates/debate/202dfdca-d334-468f-94af-edc411557f58.json,answer detail,detail_validation_failed:department=INTERNATIONAL DEVELOPMENT;questions=1;responses=1
Hansard WrittenAnswers,https://hansard-api.parliament.uk/debates/debate/2c9b397d-6123-440a-aeec-b8affd58d96b.json,answer detail,detail_validation_failed:department=INTERNATIONAL DEVELOPMENT;questions=1;responses=1
Hansard WrittenAnswers,https://hansard-api.parliament.uk/debates/debate/31d3fba3-085a-40e9-8e15-124c3585f34a.json,answer detail,detail_validation_failed:department=INTERNATIONAL DEVELOPMENT;questions=2;responses=2
Hansard WrittenAnswers,https://hansard-api.parliament.uk/debates/debate/47d8f90a-a9a0-4127-bcbd-da93b069b2f4.json,answer detail,detail_validation_failed:department=INTERNATIONAL DEVELOPMENT;questions=1;responses=1
Hansard WrittenAnswers,https://hansard-api.parliament.uk/debates/debate/4871ab21-64d0-49fd-8dcc-3b334b2cc0c9.json,answer detail,detail_validation_failed:department=INTERNATIONAL DEVELOPMENT;questions=1;responses=1
Hansard WrittenAnswers,https://hansard-api.parliament.uk/debates/debate/4eae0048-c995-490f-ba8d-0cfef373a41b.json,answer detail,detail_validation_failed:department=INTERNATIONAL DEVELOPMENT;questions=1;responses=1
Hansard WrittenAnswers,https://hansard-api.parliament.uk/debates/debate/60d63e1a-852c-4c97-adef-9a46db4fb2a2.json,answer detail,detail_validation_failed:department=INTERNATIONAL DEVELOPMENT;questions=1;responses=1
Hansard WrittenAnswers,https://hansard-api.parliament.uk/debates/debate/66efd36d-453a-41de-9ebf-28910172e260.json,answer detail,detail_validation_failed:department=INTERNATIONAL DEVELOPMENT;questions=1;responses=1
Hansard WrittenAnswers,https://hansard-api.parliament.uk/debates/debate/6a164fbb-6162-4d70-a99a-c89884ba9d0e.json,answer detail,detail_validation_failed:department=INTERNATIONAL DEVELOPMENT;questions=1;responses=1
Hansard WrittenAnswers,https://hansard-api.parliament.uk/debates/debate/6b712237-3d9b-41cf-89ad-91cece794a38.json,answer detail,detail_validation_failed:department=INTERNATIONAL DEVELOPMENT;questions=1;responses=1
Hansard WrittenAnswers,https://hansard-api.parliament.uk/debates/debate/7cae0eeb-c554-4e72-8582-7fcba210c18b.json,answer detail,detail_validation_failed:department=INTERNATIONAL DEVELOPMENT;questions=1;responses=1
Hansard WrittenAnswers,https://hansard-api.parliament.uk/debates/debate/7d01efe7-8e2f-4e89-ba80-52d78ac418e4.json,answer detail,detail_validation_failed:department=INTERNATIONAL DEVELOPMENT;questions=1;responses=1
Hansard WrittenAnswers,https://hansard-api.parliament.uk/debates/debate/80de84b2-d585-454c-af35-60d4f8d3da58.json,answer detail,detail_validation_failed:department=INTERNATIONAL DEVELOPMENT;questions=1;responses=1
Hansard WrittenAnswers,https://hansard-api.parliament.uk/debates/debate/81c548b5-7563-461c-9e85-2b768dddfd71.json,answer detail,detail_validation_failed:department=INTERNATIONAL DEVELOPMENT;questions=1;responses=1
Hansard WrittenAnswers,https://hansard-api.parliament.uk/debates/debate/845bd3f5-75bf-4677-9bfe-ac3ce2e6ea58.json,answer detail,detail_validation_failed:department=INTERNATIONAL DEVELOPMENT;questions=1;responses=1
Hansard WrittenAnswers,https://hansard-api.parliament.uk/debates/debate/87a32d5b-b41a-4770-a499-f1a87f60cd8c.json,answer detail,detail_validation_failed:department=INTERNATIONAL DEVELOPMENT;questions=1;responses=1
Hansard WrittenAnswers,https://hansard-api.parliament.uk/debates/debate/9056fde8-d6ed-4ca1-81ee-d36503435c8a.json,answer detail,detail_validation_failed:department=INTERNATIONAL DEVELOPMENT;questions=1;responses=1
Hansard WrittenAnswers,https://hansard-api.parliament.uk/debates/debate/93e77e0a-8c3f-4817-9f1a-479dfaff6802.json,answer detail,detail_validation_failed:department=INTERNATIONAL DEVELOPMENT;questions=1;responses=1
Hansard WrittenAnswers,https://hansard-api.parliament.uk/debates/debate/a0a587b4-4079-40f7-843b-7fa81c803fb8.json,answer detail,detail_validation_failed:department=INTERNATIONAL DEVELOPMENT;questions=1;responses=1
Hansard WrittenAnswers,https://hansard-api.parliament.uk/debates/debate/a47e91ab-42a3-4094-b7a6-928fb7b06932.json,answer detail,detail_validation_failed:department=INTERNATIONAL DEVELOPMENT;questions=1;responses=1
Hansard WrittenAnswers,https://hansard-api.parliament.uk/debates/debate/af2c2aa8-96cc-4b5c-bf56-be7a75308c20.json,answer detail,detail_validation_failed:department=INTERNATIONAL DEVELOPMENT;questions=1;responses=1
Hansard WrittenAnswers,https://hansard-api.parliament.uk/debates/debate/bf77f423-7c0b-4c2d-9a86-36ad5dc47114.json,answer detail,detail_validation_failed:department=INTERNATIONAL DEVELOPMENT;questions=7;responses=7
Hansard WrittenAnswers,https://hansard-api.parliament.uk/debates/debate/c044046c-f33a-47a5-8bbb-5a43d004490a.json,answer detail,detail_validation_failed:department=INTERNATIONAL DEVELOPMENT;questions=2;responses=2
Hansard WrittenAnswers,https://hansard-api.parliament.uk/debates/debate/d2c6237e-cb63-49f6-bf26-7c8db545778c.json,answer detail,detail_validation_failed:department=INTERNATIONAL DEVELOPMENT;questions=1;responses=1
Hansard WrittenAnswers,https://hansard-api.parliament.uk/debates/debate/d55cd1db-27e7-4684-a63b-c0a751ae412e.json,answer detail,detail_validation_failed:department=INTERNATIONAL DEVELOPMENT;questions=1;responses=1
Hansard WrittenAnswers,https://hansard-api.parliament.uk/debates/debate/dc200468-51e2-4473-b90f-4d0318be1edd.json,answer detail,detail_validation_failed:department=INTERNATIONAL DEVELOPMENT;questions=1;responses=1
Hansard WrittenAnswers,https://hansard-api.parliament.uk/debates/debate/dc31957d-f26d-4320-8b38-04d1d8295889.json,answer detail,detail_validation_failed:department=INTERNATIONAL DEVELOPMENT;questions=1;responses=1
Hansard WrittenAnswers,https://hansard-api.parliament.uk/debates/debate/dd36609a-74bd-4c93-b77f-76251caba2f4.json,answer detail,detail_validation_failed:department=INTERNATIONAL DEVELOPMENT;questions=1;responses=1
Hansard WrittenAnswers,https://hansard-api.parliament.uk/debates/debate/dfbb3de4-f79a-46f7-a80a-83b81e4f30b3.json,answer detail,detail_validation_failed:department=INTERNATIONAL DEVELOPMENT;questions=1;responses=1
Hansard WrittenAnswers,https://hansard-api.parliament.uk/debates/debate/e2770efc-cc6c-4b44-9585-7ca55fd4d930.json,answer detail,detail_validation_failed:department=INTERNATIONAL DEVELOPMENT;questions=1;responses=1
Hansard WrittenAnswers,https://hansard-api.parliament.uk/debates/debate/e3402e32-99e5-43c5-96ea-09495e6f4861.json,answer detail,detail_validation_failed:department=INTERNATIONAL DEVELOPMENT;questions=1;responses=1
Hansard WrittenAnswers,https://hansard-api.parliament.uk/debates/debate/ecc54e95-0d7f-40bb-88ca-d967e3110ca7.json,answer detail,detail_validation_failed:department=INTERNATIONAL DEVELOPMENT;questions=1;responses=1
Hansard WrittenAnswers,https://hansard-api.parliament.uk/debates/debate/fcf23538-80d9-4094-947e-9ad8b6a0b6ed.json,answer detail,detail_validation_failed:department=INTERNATIONAL DEVELOPMENT;questions=1;responses=1
Hansard WrittenAnswers,https://hansard-api.parliament.uk/debates/debate/06071282000011.json,answer detail,"detail_validation_failed:department=ENVIRONMENT, FOOD AND RURAL AFFAIRS;questions=0;responses=0"
Hansard WrittenAnswers,https://hansard-api.parliament.uk/debates/debate/06101841000010.json,answer detail,"detail_validation_failed:department=ENVIRONMENT, FOOD AND RURAL AFFAIRS;questions=0;responses=3"
Hansard WrittenAnswers,https://hansard-api.parliament.uk/debates/debate/07031215000029.json,answer detail,"detail_validation_failed:department=ENVIRONMENT, FOOD AND RURAL AFFAIRS;questions=0;responses=2"
Hansard WrittenAnswers,https://hansard-api.parliament.uk/debates/debate/07031943000036.json,answer detail,detail_validation_failed:department=TRADE AND INDUSTRY;questions=0;responses=8
Hansard WrittenAnswers,https://hansard-api.parliament.uk/debates/debate/07091719000037.json,answer detail,api_error_payload:An error has occurred.
Hansard WrittenAnswers,https://hansard-api.parliament.uk/debates/debate/07101133000055.json,answer detail,"detail_validation_failed:department=ENVIRONMENT, FOOD AND RURAL AFFAIRS;questions=0;responses=2"
Hansard gap Written candidates,https://hansard-api.parliament.uk/debates/debate/1009068000001.json,candidate detail and official-index scope audit,api_error_payload:An error has occurred.; not_yet_scope_resolved
Hansard gap Written candidates,https://hansard-api.parliament.uk/debates/debate/11021758000013.json,candidate detail and official-index scope audit,HTTP 400; not_yet_scope_resolved
Commons publications archive,2010-05-18,dated written-answer index,unexpected_html_content
Commons publications archive,2010-05-19,dated written-answer index,unexpected_html_content
Commons publications archive,2010-05-20,dated written-answer index,unexpected_html_content
Commons publications archive,2010-05-24,dated written-answer index,unexpected_html_content
Commons publications archive,2010-05-25,dated written-answer index,HTTP 403
Commons publications archive,2010-05-26,dated written-answer index,unexpected_html_content
Commons publications archive,2010-06-09,dated written-answer index,HTTP 403
Commons publications archive,2010-07-14,dated written-answer index,HTTP 403
Commons publications archive,2011-03-10,dated written-answer index,HTTP 403
Commons publications archive,2011-05-18,dated written-answer index,unexpected_html_content
Commons publications archive,2012-02-09,dated written-answer index,HTTP 403
Commons publications archive,2012-05-09,dated written-answer index,unexpected_html_content
Commons publications archive,2012-05-10,dated written-answer index,unexpected_html_content
Commons publications archive,2013-01-31,dated written-answer index,HTTP 403
Commons publications archive,2013-05-08,dated written-answer index,HTTP 403
Commons publications archive,2013-05-09,dated written-answer index,unexpected_html_content
Commons publications archive,2013-11-27,dated written-answer index,HTTP 403
Commons publications archive,2014-06-04,dated written-answer index,unexpected_html_content
Commons publications archive,2014-06-05,dated written-answer index,unexpected_html_content
Commons publications archive,2014-07-10,dated written-answer index,HTTP 403
Commons publications archive,https://publications.parliament.uk/pa/cm201011/cmhansrd/cm100602/text/100602w0002.htm,written-answer HTML,HTTP 403
Commons publications archive,https://publications.parliament.uk/pa/cm201011/cmhansrd/cm100607/text/100607w0003.htm,written-answer HTML,HTTP 403
Commons publications archive,https://publications.parliament.uk/pa/cm201011/cmhansrd/cm100630/text/100630w0001.htm,written-answer HTML,HTTP 403
Commons publications archive,https://publications.parliament.uk/pa/cm201011/cmhansrd/cm100707/text/100707w0002.htm,written-answer HTML,HTTP 403
Commons publications archive,https://publications.parliament.uk/pa/cm201011/cmhansrd/cm100906/text/100906w0005.htm,written-answer HTML,HTTP 403
Commons publications archive,https://publications.parliament.uk/pa/cm201011/cmhansrd/cm100913/text/100913w0003.htm,written-answer HTML,HTTP 403
Commons publications archive,https://publications.parliament.uk/pa/cm201011/cmhansrd/cm101012/text/101012w0001.htm,written-answer HTML,HTTP 403
Commons publications archive,https://publications.parliament.uk/pa/cm201011/cmhansrd/cm101021/text/101021w0002.htm,written-answer HTML,HTTP 403
Commons publications archive,https://publications.parliament.uk/pa/cm201011/cmhansrd/cm101028/text/101028w0001.htm,written-answer HTML,HTTP 403
Commons publications archive,https://publications.parliament.uk/pa/cm201011/cmhansrd/cm101102/text/101102w0001.htm,written-answer HTML,HTTP 403
Commons publications archive,https://publications.parliament.uk/pa/cm201011/cmhansrd/cm101108/text/101108w0001.htm,written-answer HTML,HTTP 403
Commons publications archive,https://publications.parliament.uk/pa/cm201011/cmhansrd/cm101111/text/101111w0003.htm,written-answer HTML,HTTP 403
Commons publications archive,https://publications.parliament.uk/pa/cm201011/cmhansrd/cm101117/text/101117w0001.htm,written-answer HTML,HTTP 403
Commons publications archive,https://publications.parliament.uk/pa/cm201011/cmhansrd/cm101118/text/101118w0002.htm,written-answer HTML,HTTP 403
Commons publications archive,https://publications.parliament.uk/pa/cm201011/cmhansrd/cm101123/text/101123w0001.htm,written-answer HTML,HTTP 403
Commons publications archive,https://publications.parliament.uk/pa/cm201011/cmhansrd/cm101206/text/101206w0001.htm,written-answer HTML,HTTP 403
Commons publications archive,https://publications.parliament.uk/pa/cm201011/cmhansrd/cm101216/text/101216w0002.htm,written-answer HTML,HTTP 403
Commons publications archive,https://publications.parliament.uk/pa/cm201011/cmhansrd/cm110112/text/110112w0001.htm,written-answer HTML,HTTP 403
Commons publications archive,https://publications.parliament.uk/pa/cm201011/cmhansrd/cm110119/text/110119w0001.htm,written-answer HTML,HTTP 403
Commons publications archive,https://publications.parliament.uk/pa/cm201011/cmhansrd/cm110216/text/110216w0003.htm,written-answer HTML,HTTP 403
Commons publications archive,https://publications.parliament.uk/pa/cm201011/cmhansrd/cm110217/text/110217w0002.htm,written-answer HTML,HTTP 403
Commons publications archive,https://publications.parliament.uk/pa/cm201011/cmhansrd/cm110303/text/110303w0001.htm,written-answer HTML,HTTP 403
Commons publications archive,https://publications.parliament.uk/pa/cm201011/cmhansrd/cm110307/text/110307w0002.htm,written-answer HTML,HTTP 403
Commons publications archive,https://publications.parliament.uk/pa/cm201011/cmhansrd/cm110309/text/110309w0003.htm,written-answer HTML,HTTP 403
Commons publications archive,https://publications.parliament.uk/pa/cm201011/cmhansrd/cm110321/text/110321w0002.htm,written-answer HTML,HTTP 403
Commons publications archive,https://publications.parliament.uk/pa/cm201011/cmhansrd/cm110404/text/110404w0002.htm,written-answer HTML,HTTP 403
Commons publications archive,https://publications.parliament.uk/pa/cm201011/cmhansrd/cm110428/text/110428w0002.htm,written-answer HTML,HTTP 403
Commons publications archive,https://publications.parliament.uk/pa/cm201011/cmhansrd/cm110503/text/110503w0004.htm,written-answer HTML,HTTP 403
Commons publications archive,https://publications.parliament.uk/pa/cm201011/cmhansrd/cm110504/text/110504w0002.htm,written-answer HTML,HTTP 403
Commons publications archive,https://publications.parliament.uk/pa/cm201011/cmhansrd/cm110510/text/110510w0001.htm,written-answer HTML,HTTP 403
Commons publications archive,https://publications.parliament.uk/pa/cm201011/cmhansrd/cm110524/text/110524w0002.htm,written-answer HTML,HTTP 403
Commons publications archive,https://publications.parliament.uk/pa/cm201011/cmhansrd/cm110608/text/110608w0001.htm,written-answer HTML,HTTP 403
Commons publications archive,https://publications.parliament.uk/pa/cm201011/cmhansrd/cm110610/text/110610w0004.htm,written-answer HTML,HTTP 403
Commons publications archive,https://publications.parliament.uk/pa/cm201011/cmhansrd/cm110614/text/110614w0002.htm,written-answer HTML,HTTP 403
Commons publications archive,https://publications.parliament.uk/pa/cm201011/cmhansrd/cm110617/text/110617w0001.htm,written-answer HTML,HTTP 403
Commons publications archive,https://publications.parliament.uk/pa/cm201011/cmhansrd/cm110622/text/110622w0001.htm,written-answer HTML,HTTP 403
Commons publications archive,https://publications.parliament.uk/pa/cm201011/cmhansrd/cm110629/text/110629w0003.htm,written-answer HTML,HTTP 403
Commons publications archive,https://publications.parliament.uk/pa/cm201011/cmhansrd/cm110713/text/110713w0003.htm,written-answer HTML,HTTP 403
Commons publications archive,https://publications.parliament.uk/pa/cm201011/cmhansrd/cm110905/text/110905w0002.htm,written-answer HTML,HTTP 403
Commons publications archive,https://publications.parliament.uk/pa/cm201011/cmhansrd/cm110914/text/110914w0001.htm,written-answer HTML,HTTP 403
Commons publications archive,https://publications.parliament.uk/pa/cm201011/cmhansrd/cm111011/text/111011w0001.htm,written-answer HTML,HTTP 403
Commons publications archive,https://publications.parliament.uk/pa/cm201011/cmhansrd/cm111017/text/111017w0002.htm,written-answer HTML,HTTP 403
Commons publications archive,https://publications.parliament.uk/pa/cm201011/cmhansrd/cm111019/text/111019w0003.htm,written-answer HTML,HTTP 403
Commons publications archive,https://publications.parliament.uk/pa/cm201011/cmhansrd/cm111020/text/111020w0003.htm,written-answer HTML,HTTP 403
Commons publications archive,https://publications.parliament.uk/pa/cm201011/cmhansrd/cm111107/text/111107w0001.htm,written-answer HTML,HTTP 403
Commons publications archive,https://publications.parliament.uk/pa/cm201011/cmhansrd/cm111110/text/111110w0001.htm,written-answer HTML,HTTP 403
Commons publications archive,https://publications.parliament.uk/pa/cm201011/cmhansrd/cm111121/text/111121w0008.htm,written-answer HTML,HTTP 403
Commons publications archive,https://publications.parliament.uk/pa/cm201011/cmhansrd/cm111129/text/111129w0005.htm,written-answer HTML,HTTP 403
Commons publications archive,https://publications.parliament.uk/pa/cm201011/cmhansrd/cm111205/text/111205w0002.htm,written-answer HTML,HTTP 403
Commons publications archive,https://publications.parliament.uk/pa/cm201011/cmhansrd/cm111212/text/111212w0001.htm,written-answer HTML,HTTP 403
Commons publications archive,https://publications.parliament.uk/pa/cm201011/cmhansrd/cm111214/text/111214w0001.htm,written-answer HTML,HTTP 403
Commons publications archive,https://publications.parliament.uk/pa/cm201011/cmhansrd/cm111215/text/111215w0001.htm,written-answer HTML,HTTP 403
Commons publications archive,https://publications.parliament.uk/pa/cm201212/cmhansrd/cm120111/text/120111w0003.htm,written-answer HTML,HTTP 403
Commons publications archive,https://publications.parliament.uk/pa/cm201212/cmhansrd/cm120117/text/120117w0003.htm,written-answer HTML,HTTP 403
Commons publications archive,https://publications.parliament.uk/pa/cm201212/cmhansrd/cm120201/text/120201w0002.htm,written-answer HTML,HTTP 403
Commons publications archive,https://publications.parliament.uk/pa/cm201212/cmhansrd/cm120229/text/120229w0001.htm,written-answer HTML,HTTP 403
Commons publications archive,https://publications.parliament.uk/pa/cm201212/cmhansrd/cm120305/text/120305w0001.htm,written-answer HTML,HTTP 403
Commons publications archive,https://publications.parliament.uk/pa/cm201212/cmhansrd/cm120312/text/120312w0004.htm,written-answer HTML,HTTP 403
Commons publications archive,https://publications.parliament.uk/pa/cm201212/cmhansrd/cm120313/text/120313w0002.htm,written-answer HTML,HTTP 403
Commons publications archive,https://publications.parliament.uk/pa/cm201212/cmhansrd/cm120315/text/120315w0003.htm,written-answer HTML,HTTP 403
Commons publications archive,https://publications.parliament.uk/pa/cm201212/cmhansrd/cm120319/text/120319w0004.htm,written-answer HTML,HTTP 403
Commons publications archive,https://publications.parliament.uk/pa/cm201212/cmhansrd/cm120326/text/120326w0002.htm,written-answer HTML,HTTP 403
Commons publications archive,https://publications.parliament.uk/pa/cm201212/cmhansrd/cm120416/text/120416w0006.htm,written-answer HTML,HTTP 403
Commons publications archive,https://publications.parliament.uk/pa/cm201212/cmhansrd/cm120417/text/120417w0001.htm,written-answer HTML,HTTP 403
Commons publications archive,https://publications.parliament.uk/pa/cm201212/cmhansrd/cm120418/text/120418w0001.htm,written-answer HTML,HTTP 403
Commons publications archive,https://publications.parliament.uk/pa/cm201212/cmhansrd/cm120419/text/120419w0002.htm,written-answer HTML,HTTP 403
Commons publications archive,https://publications.parliament.uk/pa/cm201212/cmhansrd/cm120423/text/120423w0007.htm,written-answer HTML,HTTP 403
Commons publications archive,https://publications.parliament.uk/pa/cm201212/cmhansrd/cm120425/text/120425w0001.htm,written-answer HTML,HTTP 403
Commons publications archive,https://publications.parliament.uk/pa/cm201212/cmhansrd/cm120430/text/120430w0005.htm,written-answer HTML,HTTP 403
Commons publications archive,https://publications.parliament.uk/pa/cm201212/cmhansrd/cm120501/text/120501w0002.htm,written-answer HTML,HTTP 403
Commons publications archive,https://publications.parliament.uk/pa/cm201213/cmhansrd/cm120517/text/120517w0002.htm,written-answer HTML,HTTP 403
Commons publications archive,https://publications.parliament.uk/pa/cm201213/cmhansrd/cm120523/text/120523w0002.htm,written-answer HTML,HTTP 403
Commons publications archive,https://publications.parliament.uk/pa/cm201213/cmhansrd/cm120524/text/120524w0003.htm,written-answer HTML,HTTP 403
Commons publications archive,https://publications.parliament.uk/pa/cm201213/cmhansrd/cm120611/text/120611w0008.htm,written-answer HTML,HTTP 403
Commons publications archive,https://publications.parliament.uk/pa/cm201213/cmhansrd/cm120611/text/120611w0012.htm,written-answer HTML,HTTP 403
Commons publications archive,https://publications.parliament.uk/pa/cm201213/cmhansrd/cm120613/text/120613w0001.htm,written-answer HTML,HTTP 403
Commons publications archive,https://publications.parliament.uk/pa/cm201213/cmhansrd/cm120614/text/120614w0001.htm,written-answer HTML,HTTP 403
Commons publications archive,https://publications.parliament.uk/pa/cm201213/cmhansrd/cm120619/text/120619w0001.htm,written-answer HTML,HTTP 403
Commons publications archive,https://publications.parliament.uk/pa/cm201213/cmhansrd/cm120621/text/120621w0001.htm,written-answer HTML,HTTP 403
Commons publications archive,https://publications.parliament.uk/pa/cm201213/cmhansrd/cm120626/text/120626w0002.htm,written-answer HTML,HTTP 403
Commons publications archive,https://publications.parliament.uk/pa/cm201213/cmhansrd/cm120628/text/120628w0001.htm,written-answer HTML,HTTP 403
Commons publications archive,https://publications.parliament.uk/pa/cm201213/cmhansrd/cm120702/text/120702w0003.htm,written-answer HTML,HTTP 403
Commons publications archive,https://publications.parliament.uk/pa/cm201213/cmhansrd/cm120709/text/120709w0001.htm,written-answer HTML,HTTP 403
Commons publications archive,https://publications.parliament.uk/pa/cm201213/cmhansrd/cm120710/text/120710w0002.htm,written-answer HTML,HTTP 403
Commons publications archive,https://publications.parliament.uk/pa/cm201213/cmhansrd/cm120712/text/120712w0001.htm,written-answer HTML,HTTP 403
Commons publications archive,https://publications.parliament.uk/pa/cm201213/cmhansrd/cm120713/text/120713w0001.htm,written-answer HTML,HTTP 403
Commons publications archive,https://publications.parliament.uk/pa/cm201213/cmhansrd/cm120903/text/120903w0001.htm,written-answer HTML,HTTP 403
Commons publications archive,https://publications.parliament.uk/pa/cm201213/cmhansrd/cm120907/text/120907w0003.htm,written-answer HTML,HTTP 403
Commons publications archive,https://publications.parliament.uk/pa/cm201213/cmhansrd/cm120910/text/120910w0003.htm,written-answer HTML,HTTP 403
Commons publications archive,https://publications.parliament.uk/pa/cm201213/cmhansrd/cm120917/text/120917w0002.htm,written-answer HTML,HTTP 403
Commons publications archive,https://publications.parliament.uk/pa/cm201213/cmhansrd/cm121016/text/121016w0001.htm,written-answer HTML,HTTP 403
Commons publications archive,https://publications.parliament.uk/pa/cm201213/cmhansrd/cm121017/text/121017w0002.htm,written-answer HTML,HTTP 403
Commons publications archive,https://publications.parliament.uk/pa/cm201213/cmhansrd/cm121018/text/121018w0002.htm,written-answer HTML,HTTP 403
Commons publications archive,https://publications.parliament.uk/pa/cm201213/cmhansrd/cm121019/text/121019w0003.htm,written-answer HTML,HTTP 403
Commons publications archive,https://publications.parliament.uk/pa/cm201213/cmhansrd/cm121024/text/121024w0002.htm,written-answer HTML,HTTP 403
Commons publications archive,https://publications.parliament.uk/pa/cm201213/cmhansrd/cm121030/text/121030w0002.htm,written-answer HTML,HTTP 403
Commons publications archive,https://publications.parliament.uk/pa/cm201213/cmhansrd/cm121102/text/121102w0001.htm,written-answer HTML,HTTP 403
Commons publications archive,https://publications.parliament.uk/pa/cm201213/cmhansrd/cm121106/text/121106w0004.htm,written-answer HTML,HTTP 403
Commons publications archive,https://publications.parliament.uk/pa/cm201213/cmhansrd/cm121107/text/121107w0002.htm,written-answer HTML,HTTP 403
Commons publications archive,https://publications.parliament.uk/pa/cm201213/cmhansrd/cm121108/text/121108w0002.htm,written-answer HTML,HTTP 403
Commons publications archive,https://publications.parliament.uk/pa/cm201213/cmhansrd/cm121109/text/121109w0002.htm,written-answer HTML,HTTP 403
Commons publications archive,https://publications.parliament.uk/pa/cm201213/cmhansrd/cm121112/text/121112w0001.htm,written-answer HTML,HTTP 403
Commons publications archive,https://publications.parliament.uk/pa/cm201213/cmhansrd/cm121113/text/121113w0001.htm,written-answer HTML,HTTP 403
Commons publications archive,https://publications.parliament.uk/pa/cm201213/cmhansrd/cm121119/text/121119w0006.htm,written-answer HTML,HTTP 403
Commons publications archive,https://publications.parliament.uk/pa/cm201213/cmhansrd/cm121120/text/121120w0002.htm,written-answer HTML,HTTP 403
Commons publications archive,https://publications.parliament.uk/pa/cm201213/cmhansrd/cm121126/text/121126w0002.htm,written-answer HTML,HTTP 403
Commons publications archive,https://publications.parliament.uk/pa/cm201213/cmhansrd/cm121127/text/121127w0008.htm,written-answer HTML,HTTP 403
Commons publications archive,https://publications.parliament.uk/pa/cm201213/cmhansrd/cm121128/text/121128w0001.htm,written-answer HTML,HTTP 403
Commons publications archive,https://publications.parliament.uk/pa/cm201213/cmhansrd/cm121129/text/121129w0001.htm,written-answer HTML,HTTP 403
Commons publications archive,https://publications.parliament.uk/pa/cm201213/cmhansrd/cm121129/text/121129w0002.htm,written-answer HTML,HTTP 403
Commons publications archive,https://publications.parliament.uk/pa/cm201213/cmhansrd/cm121130/text/121130w0002.htm,written-answer HTML,HTTP 403
Commons publications archive,https://publications.parliament.uk/pa/cm201213/cmhansrd/cm121130/text/121130w0003.htm,written-answer HTML,HTTP 403
Commons publications archive,https://publications.parliament.uk/pa/cm201213/cmhansrd/cm121203/text/121203w0001.htm,written-answer HTML,HTTP 403
Commons publications archive,https://publications.parliament.uk/pa/cm201213/cmhansrd/cm121203/text/121203w0003.htm,written-answer HTML,HTTP 403
Commons publications archive,https://publications.parliament.uk/pa/cm201213/cmhansrd/cm121204/text/121204w0002.htm,written-answer HTML,HTTP 403
Commons publications archive,https://publications.parliament.uk/pa/cm201213/cmhansrd/cm121205/text/121205w0002.htm,written-answer HTML,HTTP 403
Commons publications archive,https://publications.parliament.uk/pa/cm201213/cmhansrd/cm121210/text/121210w0003.htm,written-answer HTML,HTTP 403
Commons publications archive,https://publications.parliament.uk/pa/cm201213/cmhansrd/cm121211/text/121211w0003.htm,written-answer HTML,HTTP 403
Commons publications archive,https://publications.parliament.uk/pa/cm201213/cmhansrd/cm121211/text/121211w0004.htm,written-answer HTML,HTTP 403
Commons publications archive,https://publications.parliament.uk/pa/cm201213/cmhansrd/cm121212/text/121212w0001.htm,written-answer HTML,HTTP 403
Commons publications archive,https://publications.parliament.uk/pa/cm201213/cmhansrd/cm121212/text/121212w0002.htm,written-answer HTML,HTTP 403
Commons publications archive,https://publications.parliament.uk/pa/cm201213/cmhansrd/cm121213/text/121213w0003.htm,written-answer HTML,HTTP 403
Commons publications archive,https://publications.parliament.uk/pa/cm201213/cmhansrd/cm121217/text/121217w0001.htm,written-answer HTML,HTTP 403
Commons publications archive,https://publications.parliament.uk/pa/cm201213/cmhansrd/cm130107/text/130107w0004.htm,written-answer HTML,HTTP 403
Commons publications archive,https://publications.parliament.uk/pa/cm201213/cmhansrd/cm130109/text/130109w0002.htm,written-answer HTML,HTTP 403
Commons publications archive,https://publications.parliament.uk/pa/cm201213/cmhansrd/cm130110/text/130110w0002.htm,written-answer HTML,HTTP 403
Commons publications archive,https://publications.parliament.uk/pa/cm201213/cmhansrd/cm130110/text/130110w0003.htm,written-answer HTML,HTTP 403
Commons publications archive,https://publications.parliament.uk/pa/cm201213/cmhansrd/cm130116/text/130116w0001.htm,written-answer HTML,HTTP 403
Commons publications archive,https://publications.parliament.uk/pa/cm201213/cmhansrd/cm130116/text/130116w0002.htm,written-answer HTML,HTTP 403
Commons publications archive,https://publications.parliament.uk/pa/cm201213/cmhansrd/cm130117/text/130117w0001.htm,written-answer HTML,HTTP 403
Commons publications archive,https://publications.parliament.uk/pa/cm201213/cmhansrd/cm130118/text/130118w0001.htm,written-answer HTML,HTTP 403
Commons publications archive,https://publications.parliament.uk/pa/cm201213/cmhansrd/cm130121/text/130121w0004.htm,written-answer HTML,HTTP 403
Commons publications archive,https://publications.parliament.uk/pa/cm201213/cmhansrd/cm130122/text/130122w0001.htm,written-answer HTML,HTTP 403
Commons publications archive,https://publications.parliament.uk/pa/cm201213/cmhansrd/cm130124/text/130124w0002.htm,written-answer HTML,HTTP 403
Commons publications archive,https://publications.parliament.uk/pa/cm201213/cmhansrd/cm130128/text/130128w0003.htm,written-answer HTML,HTTP 403
Commons publications archive,https://publications.parliament.uk/pa/cm201213/cmhansrd/cm130129/text/130129w0001.htm,written-answer HTML,HTTP 403
Commons publications archive,https://publications.parliament.uk/pa/cm201213/cmhansrd/cm130130/text/130130w0002.htm,written-answer HTML,HTTP 403
Commons publications archive,https://publications.parliament.uk/pa/cm201213/cmhansrd/cm130130/text/130130w0003.htm,written-answer HTML,HTTP 403
Commons publications archive,https://publications.parliament.uk/pa/cm201213/cmhansrd/cm130201/text/130201w0001.htm,written-answer HTML,HTTP 403
Commons publications archive,https://publications.parliament.uk/pa/cm201213/cmhansrd/cm130204/text/130204w0001.htm,written-answer HTML,HTTP 403
Commons publications archive,https://publications.parliament.uk/pa/cm201213/cmhansrd/cm130205/text/130205w0001.htm,written-answer HTML,HTTP 403
Commons publications archive,https://publications.parliament.uk/pa/cm201213/cmhansrd/cm130206/text/130206w0001.htm,written-answer HTML,HTTP 403
Commons publications archive,https://publications.parliament.uk/pa/cm201213/cmhansrd/cm130206/text/130206w0002.htm,written-answer HTML,HTTP 403
Commons publications archive,https://publications.parliament.uk/pa/cm201213/cmhansrd/cm130207/text/130207w0001.htm,written-answer HTML,HTTP 403
Commons publications archive,https://publications.parliament.uk/pa/cm201213/cmhansrd/cm130212/text/130212w0001.htm,written-answer HTML,HTTP 403
Commons publications archive,https://publications.parliament.uk/pa/cm201213/cmhansrd/cm130213/text/130213w0001.htm,written-answer HTML,HTTP 403
Commons publications archive,https://publications.parliament.uk/pa/cm201213/cmhansrd/cm130213/text/130213w0002.htm,written-answer HTML,HTTP 403
Commons publications archive,https://publications.parliament.uk/pa/cm201213/cmhansrd/cm130214/text/130214w0005.htm,written-answer HTML,HTTP 403
Commons publications archive,https://publications.parliament.uk/pa/cm201213/cmhansrd/cm130226/text/130226w0001.htm,written-answer HTML,HTTP 403
Commons publications archive,https://publications.parliament.uk/pa/cm201213/cmhansrd/cm130226/text/130226w0002.htm,written-answer HTML,HTTP 403
Commons publications archive,https://publications.parliament.uk/pa/cm201213/cmhansrd/cm130227/text/130227w0001.htm,written-answer HTML,HTTP 403
Commons publications archive,https://publications.parliament.uk/pa/cm201213/cmhansrd/cm130227/text/130227w0002.htm,written-answer HTML,HTTP 403
Commons publications archive,https://publications.parliament.uk/pa/cm201213/cmhansrd/cm130228/text/130228w0001.htm,written-answer HTML,HTTP 403
Commons publications archive,https://publications.parliament.uk/pa/cm201213/cmhansrd/cm130305/text/130305w0002.htm,written-answer HTML,HTTP 403
Commons publications archive,https://publications.parliament.uk/pa/cm201213/cmhansrd/cm130306/text/130306w0003.htm,written-answer HTML,HTTP 403
Commons publications archive,https://publications.parliament.uk/pa/cm201213/cmhansrd/cm130311/text/130311w0001.htm,written-answer HTML,HTTP 403
Commons publications archive,https://publications.parliament.uk/pa/cm201213/cmhansrd/cm130318/text/130318w0002.htm,written-answer HTML,HTTP 403
Commons publications archive,https://publications.parliament.uk/pa/cm201213/cmhansrd/cm130319/text/130319w0002.htm,written-answer HTML,HTTP 403
Commons publications archive,https://publications.parliament.uk/pa/cm201213/cmhansrd/cm130320/text/130320w0001.htm,written-answer HTML,HTTP 403
Commons publications archive,https://publications.parliament.uk/pa/cm201213/cmhansrd/cm130320/text/130320w0002.htm,written-answer HTML,HTTP 403
Commons publications archive,https://publications.parliament.uk/pa/cm201213/cmhansrd/cm130321/text/130321w0002.htm,written-answer HTML,HTTP 403
Commons publications archive,https://publications.parliament.uk/pa/cm201213/cmhansrd/cm130322/text/130322w0001.htm,written-answer HTML,HTTP 403
Commons publications archive,https://publications.parliament.uk/pa/cm201213/cmhansrd/cm130322/text/130322w0002.htm,written-answer HTML,HTTP 403
Commons publications archive,https://publications.parliament.uk/pa/cm201213/cmhansrd/cm130325/text/130325w0001.htm,written-answer HTML,HTTP 403
Commons publications archive,https://publications.parliament.uk/pa/cm201213/cmhansrd/cm130325/text/130325w0003.htm,written-answer HTML,HTTP 403
Commons publications archive,https://publications.parliament.uk/pa/cm201213/cmhansrd/cm130326/text/130326w0002.htm,written-answer HTML,HTTP 403
Commons publications archive,https://publications.parliament.uk/pa/cm201213/cmhansrd/cm130326/text/130326w0003.htm,written-answer HTML,HTTP 403
Commons publications archive,https://publications.parliament.uk/pa/cm201213/cmhansrd/cm130415/text/130415w0003.htm,written-answer HTML,HTTP 403
Commons publications archive,https://publications.parliament.uk/pa/cm201213/cmhansrd/cm130417/text/130417w0001.htm,written-answer HTML,HTTP 403
Commons publications archive,https://publications.parliament.uk/pa/cm201213/cmhansrd/cm130418/text/130418w0001.htm,written-answer HTML,HTTP 403
Commons publications archive,https://publications.parliament.uk/pa/cm201213/cmhansrd/cm130418/text/130418w0002.htm,written-answer HTML,HTTP 403
Commons publications archive,https://publications.parliament.uk/pa/cm201213/cmhansrd/cm130422/text/130422w0001.htm,written-answer HTML,HTTP 403
Commons publications archive,https://publications.parliament.uk/pa/cm201213/cmhansrd/cm130423/text/130423w0003.htm,written-answer HTML,HTTP 403
Commons publications archive,https://publications.parliament.uk/pa/cm201213/cmhansrd/cm130424/text/130424w0003.htm,written-answer HTML,HTTP 403
Commons publications archive,https://publications.parliament.uk/pa/cm201213/cmhansrd/cm130425/text/130425w0002.htm,written-answer HTML,HTTP 403
Commons publications archive,https://publications.parliament.uk/pa/cm201213/cmhansrd/cm130425/text/130425w0007.htm,written-answer HTML,HTTP 403
Commons publications archive,https://publications.parliament.uk/pa/cm201314/cmhansrd/cm130513/text/130513w0001.htm,written-answer HTML,HTTP 403
Commons publications archive,https://publications.parliament.uk/pa/cm201314/cmhansrd/cm130514/text/130514w0002.htm,written-answer HTML,HTTP 403
Commons publications archive,https://publications.parliament.uk/pa/cm201314/cmhansrd/cm130515/text/130515w0001.htm,written-answer HTML,HTTP 403
Commons publications archive,https://publications.parliament.uk/pa/cm201314/cmhansrd/cm130516/text/130516w0001.htm,written-answer HTML,HTTP 403
Commons publications archive,https://publications.parliament.uk/pa/cm201314/cmhansrd/cm130516/text/130516w0002.htm,written-answer HTML,HTTP 403
Commons publications archive,https://publications.parliament.uk/pa/cm201314/cmhansrd/cm130520/text/130520w0001.htm,written-answer HTML,HTTP 403
Commons publications archive,https://publications.parliament.uk/pa/cm201314/cmhansrd/cm130520/text/130520w0002.htm,written-answer HTML,HTTP 403
Commons publications archive,https://publications.parliament.uk/pa/cm201314/cmhansrd/cm130521/text/130521w0003.htm,written-answer HTML,HTTP 403
Commons publications archive,https://publications.parliament.uk/pa/cm201314/cmhansrd/cm130603/text/130603w0007.htm,written-answer HTML,HTTP 403
Commons publications archive,https://publications.parliament.uk/pa/cm201314/cmhansrd/cm130604/text/130604w0002.htm,written-answer HTML,HTTP 403
Commons publications archive,https://publications.parliament.uk/pa/cm201314/cmhansrd/cm130605/text/130605w0001.htm,written-answer HTML,HTTP 403
Commons publications archive,https://publications.parliament.uk/pa/cm201314/cmhansrd/cm130606/text/130606w0003.htm,written-answer HTML,HTTP 403
Commons publications archive,https://publications.parliament.uk/pa/cm201314/cmhansrd/cm130610/text/130610w0001.htm,written-answer HTML,HTTP 403
Commons publications archive,https://publications.parliament.uk/pa/cm201314/cmhansrd/cm130610/text/130610w0003.htm,written-answer HTML,HTTP 403
Commons publications archive,https://publications.parliament.uk/pa/cm201314/cmhansrd/cm130611/text/130611w0001.htm,written-answer HTML,HTTP 403
Commons publications archive,https://publications.parliament.uk/pa/cm201314/cmhansrd/cm130611/text/130611w0002.htm,written-answer HTML,HTTP 403
Commons publications archive,https://publications.parliament.uk/pa/cm201314/cmhansrd/cm130612/text/130612w0002.htm,written-answer HTML,HTTP 403
Commons publications archive,https://publications.parliament.uk/pa/cm201314/cmhansrd/cm130613/text/130613w0001.htm,written-answer HTML,HTTP 403
Commons publications archive,https://publications.parliament.uk/pa/cm201314/cmhansrd/cm130617/text/130617w0001.htm,written-answer HTML,HTTP 403
Commons publications archive,https://publications.parliament.uk/pa/cm201314/cmhansrd/cm130626/text/130626w0003.htm,written-answer HTML,HTTP 403
Commons publications archive,https://publications.parliament.uk/pa/cm201314/cmhansrd/cm130627/text/130627w0001.htm,written-answer HTML,HTTP 403
Commons publications archive,https://publications.parliament.uk/pa/cm201314/cmhansrd/cm130701/text/130701w0003.htm,written-answer HTML,HTTP 403
Commons publications archive,https://publications.parliament.uk/pa/cm201314/cmhansrd/cm130702/text/130702w0001.htm,written-answer HTML,HTTP 403
Commons publications archive,https://publications.parliament.uk/pa/cm201314/cmhansrd/cm130702/text/130702w0004.htm,written-answer HTML,HTTP 403
Commons publications archive,https://publications.parliament.uk/pa/cm201314/cmhansrd/cm130704/text/130704w0001.htm,written-answer HTML,HTTP 403
Commons publications archive,https://publications.parliament.uk/pa/cm201314/cmhansrd/cm130708/text/130708w0001.htm,written-answer HTML,HTTP 403
Commons publications archive,https://publications.parliament.uk/pa/cm201314/cmhansrd/cm130708/text/130708w0003.htm,written-answer HTML,HTTP 403
Commons publications archive,https://publications.parliament.uk/pa/cm201314/cmhansrd/cm130710/text/130710w0001.htm,written-answer HTML,HTTP 403
Commons publications archive,https://publications.parliament.uk/pa/cm201314/cmhansrd/cm130711/text/130711w0001.htm,written-answer HTML,HTTP 403
Commons publications archive,https://publications.parliament.uk/pa/cm201314/cmhansrd/cm130715/text/130715w0001.htm,written-answer HTML,HTTP 403
Commons publications archive,https://publications.parliament.uk/pa/cm201314/cmhansrd/cm130716/text/130716w0003.htm,written-answer HTML,HTTP 403
Commons publications archive,https://publications.parliament.uk/pa/cm201314/cmhansrd/cm130718/text/130718w0003.htm,written-answer HTML,HTTP 403
Commons publications archive,https://publications.parliament.uk/pa/cm201314/cmhansrd/cm130829/text/130829w0001.htm,written-answer HTML,HTTP 403
Commons publications archive,https://publications.parliament.uk/pa/cm201314/cmhansrd/cm130902/text/130902w0011.htm,written-answer HTML,HTTP 403
Commons publications archive,https://publications.parliament.uk/pa/cm201314/cmhansrd/cm130904/text/130904w0001.htm,written-answer HTML,HTTP 403
Commons publications archive,https://publications.parliament.uk/pa/cm201314/cmhansrd/cm130909/text/130909w0002.htm,written-answer HTML,HTTP 403
Commons publications archive,https://publications.parliament.uk/pa/cm201314/cmhansrd/cm130911/text/130911w0001.htm,written-answer HTML,HTTP 403
Commons publications archive,https://publications.parliament.uk/pa/cm201314/cmhansrd/cm130912/text/130912w0002.htm,written-answer HTML,HTTP 403
Commons publications archive,https://publications.parliament.uk/pa/cm201314/cmhansrd/cm131008/text/131008w0003.htm,written-answer HTML,HTTP 403
Commons publications archive,https://publications.parliament.uk/pa/cm201314/cmhansrd/cm131009/text/131009w0002.htm,written-answer HTML,HTTP 403
Commons publications archive,https://publications.parliament.uk/pa/cm201314/cmhansrd/cm131014/text/131014w0002.htm,written-answer HTML,HTTP 403
Commons publications archive,https://publications.parliament.uk/pa/cm201314/cmhansrd/cm131016/text/131016w0002.htm,written-answer HTML,HTTP 403
Commons publications archive,https://publications.parliament.uk/pa/cm201314/cmhansrd/cm131018/text/131018w0001.htm,written-answer HTML,HTTP 403
Commons publications archive,https://publications.parliament.uk/pa/cm201314/cmhansrd/cm131022/text/131022w0003.htm,written-answer HTML,HTTP 403
Commons publications archive,https://publications.parliament.uk/pa/cm201314/cmhansrd/cm131023/text/131023w0002.htm,written-answer HTML,HTTP 403
Commons publications archive,https://publications.parliament.uk/pa/cm201314/cmhansrd/cm131024/text/131024w0002.htm,written-answer HTML,HTTP 403
Commons publications archive,https://publications.parliament.uk/pa/cm201314/cmhansrd/cm131028/text/131028w0001.htm,written-answer HTML,HTTP 403
Commons publications archive,https://publications.parliament.uk/pa/cm201314/cmhansrd/cm131029/text/131029w0002.htm,written-answer HTML,HTTP 403
Commons publications archive,https://publications.parliament.uk/pa/cm201314/cmhansrd/cm131101/text/131101w0001.htm,written-answer HTML,HTTP 403
Commons publications archive,https://publications.parliament.uk/pa/cm201314/cmhansrd/cm131107/text/131107w0002.htm,written-answer HTML not requested before throttle stop,No HTTP request status was committed before the bounded archive-page phase stopped; not interpreted as an unavailable or zero-record page.
Commons publications archive,https://publications.parliament.uk/pa/cm201314/cmhansrd/cm131108/text/131108w0001.htm,written-answer HTML not requested before throttle stop,No HTTP request status was committed before the bounded archive-page phase stopped; not interpreted as an unavailable or zero-record page.
Commons publications archive,https://publications.parliament.uk/pa/cm201314/cmhansrd/cm131108/text/131108w0002.htm,written-answer HTML not requested before throttle stop,No HTTP request status was committed before the bounded archive-page phase stopped; not interpreted as an unavailable or zero-record page.
Commons publications archive,https://publications.parliament.uk/pa/cm201314/cmhansrd/cm131111/text/131111w0001.htm,written-answer HTML not requested before throttle stop,No HTTP request status was committed before the bounded archive-page phase stopped; not interpreted as an unavailable or zero-record page.
Commons publications archive,https://publications.parliament.uk/pa/cm201314/cmhansrd/cm131111/text/131111w0002.htm,written-answer HTML not requested before throttle stop,No HTTP request status was committed before the bounded archive-page phase stopped; not interpreted as an unavailable or zero-record page.
Commons publications archive,https://publications.parliament.uk/pa/cm201314/cmhansrd/cm131112/text/131112w0001.htm,written-answer HTML not requested before throttle stop,No HTTP request status was committed before the bounded archive-page phase stopped; not interpreted as an unavailable or zero-record page.
Commons publications archive,https://publications.parliament.uk/pa/cm201314/cmhansrd/cm131112/text/131112w0002.htm,written-answer HTML not requested before throttle stop,No HTTP request status was committed before the bounded archive-page phase stopped; not interpreted as an unavailable or zero-record page.
Commons publications archive,https://publications.parliament.uk/pa/cm201314/cmhansrd/cm131112/text/131112w0003.htm,written-answer HTML not requested before throttle stop,No HTTP request status was committed before the bounded archive-page phase stopped; not interpreted as an unavailable or zero-record page.
Commons publications archive,https://publications.parliament.uk/pa/cm201314/cmhansrd/cm131118/text/131118w0003.htm,written-answer HTML not requested before throttle stop,No HTTP request status was committed before the bounded archive-page phase stopped; not interpreted as an unavailable or zero-record page.
Commons publications archive,https://publications.parliament.uk/pa/cm201314/cmhansrd/cm131118/text/131118w0004.htm,written-answer HTML not requested before throttle stop,No HTTP request status was committed before the bounded archive-page phase stopped; not interpreted as an unavailable or zero-record page.
Commons publications archive,https://publications.parliament.uk/pa/cm201314/cmhansrd/cm131119/text/131119w0001.htm,written-answer HTML not requested before throttle stop,No HTTP request status was committed before the bounded archive-page phase stopped; not interpreted as an unavailable or zero-record page.
Commons publications archive,https://publications.parliament.uk/pa/cm201314/cmhansrd/cm131119/text/131119w0002.htm,written-answer HTML not requested before throttle stop,No HTTP request status was committed before the bounded archive-page phase stopped; not interpreted as an unavailable or zero-record page.
Commons publications archive,https://publications.parliament.uk/pa/cm201314/cmhansrd/cm131120/text/131120w0002.htm,written-answer HTML not requested before throttle stop,No HTTP request status was committed before the bounded archive-page phase stopped; not interpreted as an unavailable or zero-record page.
Commons publications archive,https://publications.parliament.uk/pa/cm201314/cmhansrd/cm131121/text/131121w0002.htm,written-answer HTML not requested before throttle stop,No HTTP request status was committed before the bounded archive-page phase stopped; not interpreted as an unavailable or zero-record page.
Commons publications archive,https://publications.parliament.uk/pa/cm201314/cmhansrd/cm131122/text/131122w0001.htm,written-answer HTML not requested before throttle stop,No HTTP request status was committed before the bounded archive-page phase stopped; not interpreted as an unavailable or zero-record page.
Commons publications archive,https://publications.parliament.uk/pa/cm201314/cmhansrd/cm131122/text/131122w0002.htm,written-answer HTML not requested before throttle stop,No HTTP request status was committed before the bounded archive-page phase stopped; not interpreted as an unavailable or zero-record page.
Commons publications archive,https://publications.parliament.uk/pa/cm201314/cmhansrd/cm131125/text/131125w0001.htm,written-answer HTML not requested before throttle stop,No HTTP request status was committed before the bounded archive-page phase stopped; not interpreted as an unavailable or zero-record page.
Commons publications archive,https://publications.parliament.uk/pa/cm201314/cmhansrd/cm131126/text/131126w0002.htm,written-answer HTML not requested before throttle stop,No HTTP request status was committed before the bounded archive-page phase stopped; not interpreted as an unavailable or zero-record page.
Commons publications archive,https://publications.parliament.uk/pa/cm201314/cmhansrd/cm131126/text/131126w0003.htm,written-answer HTML not requested before throttle stop,No HTTP request status was committed before the bounded archive-page phase stopped; not interpreted as an unavailable or zero-record page.
Commons publications archive,https://publications.parliament.uk/pa/cm201314/cmhansrd/cm131128/text/131128w0001.htm,written-answer HTML not requested before throttle stop,No HTTP request status was committed before the bounded archive-page phase stopped; not interpreted as an unavailable or zero-record page.
Commons publications archive,https://publications.parliament.uk/pa/cm201314/cmhansrd/cm131128/text/131128w0002.htm,written-answer HTML not requested before throttle stop,No HTTP request status was committed before the bounded archive-page phase stopped; not interpreted as an unavailable or zero-record page.
Commons publications archive,https://publications.parliament.uk/pa/cm201314/cmhansrd/cm131129/text/131129w0001.htm,written-answer HTML not requested before throttle stop,No HTTP request status was committed before the bounded archive-page phase stopped; not interpreted as an unavailable or zero-record page.
Commons publications archive,https://publications.parliament.uk/pa/cm201314/cmhansrd/cm131202/text/131202w0001.htm,written-answer HTML not requested before throttle stop,No HTTP request status was committed before the bounded archive-page phase stopped; not interpreted as an unavailable or zero-record page.
Commons publications archive,https://publications.parliament.uk/pa/cm201314/cmhansrd/cm131202/text/131202w0004.htm,written-answer HTML not requested before throttle stop,No HTTP request status was committed before the bounded archive-page phase stopped; not interpreted as an unavailable or zero-record page.
Commons publications archive,https://publications.parliament.uk/pa/cm201314/cmhansrd/cm131203/text/131203w0001.htm,written-answer HTML not requested before throttle stop,No HTTP request status was committed before the bounded archive-page phase stopped; not interpreted as an unavailable or zero-record page.
Commons publications archive,https://publications.parliament.uk/pa/cm201314/cmhansrd/cm131203/text/131203w0002.htm,written-answer HTML not requested before throttle stop,No HTTP request status was committed before the bounded archive-page phase stopped; not interpreted as an unavailable or zero-record page.
Commons publications archive,https://publications.parliament.uk/pa/cm201314/cmhansrd/cm131204/text/131204w0001.htm,written-answer HTML not requested before throttle stop,No HTTP request status was committed before the bounded archive-page phase stopped; not interpreted as an unavailable or zero-record page.
Commons publications archive,https://publications.parliament.uk/pa/cm201314/cmhansrd/cm131205/text/131205w0001.htm,written-answer HTML not requested before throttle stop,No HTTP request status was committed before the bounded archive-page phase stopped; not interpreted as an unavailable or zero-record page.
Commons publications archive,https://publications.parliament.uk/pa/cm201314/cmhansrd/cm131209/text/131209w0001.htm,written-answer HTML not requested before throttle stop,No HTTP request status was committed before the bounded archive-page phase stopped; not interpreted as an unavailable or zero-record page.
Commons publications archive,https://publications.parliament.uk/pa/cm201314/cmhansrd/cm131209/text/131209w0002.htm,written-answer HTML not requested before throttle stop,No HTTP request status was committed before the bounded archive-page phase stopped; not interpreted as an unavailable or zero-record page.
Commons publications archive,https://publications.parliament.uk/pa/cm201314/cmhansrd/cm131210/text/131210w0001.htm,written-answer HTML not requested before throttle stop,No HTTP request status was committed before the bounded archive-page phase stopped; not interpreted as an unavailable or zero-record page.
Commons publications archive,https://publications.parliament.uk/pa/cm201314/cmhansrd/cm131210/text/131210w0004.htm,written-answer HTML not requested before throttle stop,No HTTP request status was committed before the bounded archive-page phase stopped; not interpreted as an unavailable or zero-record page.
Commons publications archive,https://publications.parliament.uk/pa/cm201314/cmhansrd/cm131211/text/131211w0002.htm,written-answer HTML not requested before throttle stop,No HTTP request status was committed before the bounded archive-page phase stopped; not interpreted as an unavailable or zero-record page.
Commons publications archive,https://publications.parliament.uk/pa/cm201314/cmhansrd/cm131212/text/131212w0001.htm,written-answer HTML not requested before throttle stop,No HTTP request status was committed before the bounded archive-page phase stopped; not interpreted as an unavailable or zero-record page.
Commons publications archive,https://publications.parliament.uk/pa/cm201314/cmhansrd/cm131212/text/131212w0002.htm,written-answer HTML not requested before throttle stop,No HTTP request status was committed before the bounded archive-page phase stopped; not interpreted as an unavailable or zero-record page.
Commons publications archive,https://publications.parliament.uk/pa/cm201314/cmhansrd/cm131216/text/131216w0001.htm,written-answer HTML not requested before throttle stop,No HTTP request status was committed before the bounded archive-page phase stopped; not interpreted as an unavailable or zero-record page.
Commons publications archive,https://publications.parliament.uk/pa/cm201314/cmhansrd/cm131216/text/131216w0002.htm,written-answer HTML not requested before throttle stop,No HTTP request status was committed before the bounded archive-page phase stopped; not interpreted as an unavailable or zero-record page.
Commons publications archive,https://publications.parliament.uk/pa/cm201314/cmhansrd/cm131216/text/131216w0003.htm,written-answer HTML not requested before throttle stop,No HTTP request status was committed before the bounded archive-page phase stopped; not interpreted as an unavailable or zero-record page.
Commons publications archive,https://publications.parliament.uk/pa/cm201314/cmhansrd/cm131217/text/131217w0002.htm,written-answer HTML not requested before throttle stop,No HTTP request status was committed before the bounded archive-page phase stopped; not interpreted as an unavailable or zero-record page.
Commons publications archive,https://publications.parliament.uk/pa/cm201314/cmhansrd/cm131217/text/131217w0003.htm,written-answer HTML not requested before throttle stop,No HTTP request status was committed before the bounded archive-page phase stopped; not interpreted as an unavailable or zero-record page.
Commons publications archive,https://publications.parliament.uk/pa/cm201314/cmhansrd/cm131218/text/131218w0001.htm,written-answer HTML not requested before throttle stop,No HTTP request status was committed before the bounded archive-page phase stopped; not interpreted as an unavailable or zero-record page.
Commons publications archive,https://publications.parliament.uk/pa/cm201314/cmhansrd/cm131219/text/131219w0002.htm,written-answer HTML not requested before throttle stop,No HTTP request status was committed before the bounded archive-page phase stopped; not interpreted as an unavailable or zero-record page.
Commons publications archive,https://publications.parliament.uk/pa/cm201314/cmhansrd/cm140106/text/140106w0005.htm,written-answer HTML not requested before throttle stop,No HTTP request status was committed before the bounded archive-page phase stopped; not interpreted as an unavailable or zero-record page.
Commons publications archive,https://publications.parliament.uk/pa/cm201314/cmhansrd/cm140106/text/140106w0006.htm,written-answer HTML not requested before throttle stop,No HTTP request status was committed before the bounded archive-page phase stopped; not interpreted as an unavailable or zero-record page.
Commons publications archive,https://publications.parliament.uk/pa/cm201314/cmhansrd/cm140107/text/140107w0001.htm,written-answer HTML not requested before throttle stop,No HTTP request status was committed before the bounded archive-page phase stopped; not interpreted as an unavailable or zero-record page.
Commons publications archive,https://publications.parliament.uk/pa/cm201314/cmhansrd/cm140108/text/140108w0001.htm,written-answer HTML not requested before throttle stop,No HTTP request status was committed before the bounded archive-page phase stopped; not interpreted as an unavailable or zero-record page.
Commons publications archive,https://publications.parliament.uk/pa/cm201314/cmhansrd/cm140109/text/140109w0001.htm,written-answer HTML not requested before throttle stop,No HTTP request status was committed before the bounded archive-page phase stopped; not interpreted as an unavailable or zero-record page.
Commons publications archive,https://publications.parliament.uk/pa/cm201314/cmhansrd/cm140109/text/140109w0002.htm,written-answer HTML not requested before throttle stop,No HTTP request status was committed before the bounded archive-page phase stopped; not interpreted as an unavailable or zero-record page.
Commons publications archive,https://publications.parliament.uk/pa/cm201314/cmhansrd/cm140113/text/140113w0001.htm,written-answer HTML not requested before throttle stop,No HTTP request status was committed before the bounded archive-page phase stopped; not interpreted as an unavailable or zero-record page.
Commons publications archive,https://publications.parliament.uk/pa/cm201314/cmhansrd/cm140114/text/140114w0001.htm,written-answer HTML not requested before throttle stop,No HTTP request status was committed before the bounded archive-page phase stopped; not interpreted as an unavailable or zero-record page.
Commons publications archive,https://publications.parliament.uk/pa/cm201314/cmhansrd/cm140114/text/140114w0003.htm,written-answer HTML not requested before throttle stop,No HTTP request status was committed before the bounded archive-page phase stopped; not interpreted as an unavailable or zero-record page.
Commons publications archive,https://publications.parliament.uk/pa/cm201314/cmhansrd/cm140115/text/140115w0001.htm,written-answer HTML not requested before throttle stop,No HTTP request status was committed before the bounded archive-page phase stopped; not interpreted as an unavailable or zero-record page.
Commons publications archive,https://publications.parliament.uk/pa/cm201314/cmhansrd/cm140115/text/140115w0002.htm,written-answer HTML not requested before throttle stop,No HTTP request status was committed before the bounded archive-page phase stopped; not interpreted as an unavailable or zero-record page.
Commons publications archive,https://publications.parliament.uk/pa/cm201314/cmhansrd/cm140116/text/140116w0001.htm,written-answer HTML not requested before throttle stop,No HTTP request status was committed before the bounded archive-page phase stopped; not interpreted as an unavailable or zero-record page.
Commons publications archive,https://publications.parliament.uk/pa/cm201314/cmhansrd/cm140117/text/140117w0001.htm,written-answer HTML not requested before throttle stop,No HTTP request status was committed before the bounded archive-page phase stopped; not interpreted as an unavailable or zero-record page.
Commons publications archive,https://publications.parliament.uk/pa/cm201314/cmhansrd/cm140120/text/140120w0001.htm,written-answer HTML not requested before throttle stop,No HTTP request status was committed before the bounded archive-page phase stopped; not interpreted as an unavailable or zero-record page.
Commons publications archive,https://publications.parliament.uk/pa/cm201314/cmhansrd/cm140121/text/140121w0001.htm,written-answer HTML not requested before throttle stop,No HTTP request status was committed before the bounded archive-page phase stopped; not interpreted as an unavailable or zero-record page.
Commons publications archive,https://publications.parliament.uk/pa/cm201314/cmhansrd/cm140121/text/140121w0002.htm,written-answer HTML not requested before throttle stop,No HTTP request status was committed before the bounded archive-page phase stopped; not interpreted as an unavailable or zero-record page.
Commons publications archive,https://publications.parliament.uk/pa/cm201314/cmhansrd/cm140122/text/140122w0001.htm,written-answer HTML not requested before throttle stop,No HTTP request status was committed before the bounded archive-page phase stopped; not interpreted as an unavailable or zero-record page.
Commons publications archive,https://publications.parliament.uk/pa/cm201314/cmhansrd/cm140123/text/140123w0001.htm,written-answer HTML not requested before throttle stop,No HTTP request status was committed before the bounded archive-page phase stopped; not interpreted as an unavailable or zero-record page.
Commons publications archive,https://publications.parliament.uk/pa/cm201314/cmhansrd/cm140123/text/140123w0002.htm,written-answer HTML not requested before throttle stop,No HTTP request status was committed before the bounded archive-page phase stopped; not interpreted as an unavailable or zero-record page.
Commons publications archive,https://publications.parliament.uk/pa/cm201314/cmhansrd/cm140124/text/140124w0001.htm,written-answer HTML not requested before throttle stop,No HTTP request status was committed before the bounded archive-page phase stopped; not interpreted as an unavailable or zero-record page.
Commons publications archive,https://publications.parliament.uk/pa/cm201314/cmhansrd/cm140127/text/140127w0001.htm,written-answer HTML not requested before throttle stop,No HTTP request status was committed before the bounded archive-page phase stopped; not interpreted as an unavailable or zero-record page.
Commons publications archive,https://publications.parliament.uk/pa/cm201314/cmhansrd/cm140127/text/140127w0002.htm,written-answer HTML not requested before throttle stop,No HTTP request status was committed before the bounded archive-page phase stopped; not interpreted as an unavailable or zero-record page.
Commons publications archive,https://publications.parliament.uk/pa/cm201314/cmhansrd/cm140128/text/140128w0001.htm,written-answer HTML not requested before throttle stop,No HTTP request status was committed before the bounded archive-page phase stopped; not interpreted as an unavailable or zero-record page.
Commons publications archive,https://publications.parliament.uk/pa/cm201314/cmhansrd/cm140128/text/140128w0002.htm,written-answer HTML not requested before throttle stop,No HTTP request status was committed before the bounded archive-page phase stopped; not interpreted as an unavailable or zero-record page.
Commons publications archive,https://publications.parliament.uk/pa/cm201314/cmhansrd/cm140129/text/140129w0002.htm,written-answer HTML not requested before throttle stop,No HTTP request status was committed before the bounded archive-page phase stopped; not interpreted as an unavailable or zero-record page.
Commons publications archive,https://publications.parliament.uk/pa/cm201314/cmhansrd/cm140129/text/140129w0005.htm,written-answer HTML not requested before throttle stop,No HTTP request status was committed before the bounded archive-page phase stopped; not interpreted as an unavailable or zero-record page.
Commons publications archive,https://publications.parliament.uk/pa/cm201314/cmhansrd/cm140130/text/140130w0002.htm,written-answer HTML not requested before throttle stop,No HTTP request status was committed before the bounded archive-page phase stopped; not interpreted as an unavailable or zero-record page.
Commons publications archive,https://publications.parliament.uk/pa/cm201314/cmhansrd/cm140203/text/140203w0001.htm,written-answer HTML not requested before throttle stop,No HTTP request status was committed before the bounded archive-page phase stopped; not interpreted as an unavailable or zero-record page.
Commons publications archive,https://publications.parliament.uk/pa/cm201314/cmhansrd/cm140203/text/140203w0005.htm,written-answer HTML not requested before throttle stop,No HTTP request status was committed before the bounded archive-page phase stopped; not interpreted as an unavailable or zero-record page.
Commons publications archive,https://publications.parliament.uk/pa/cm201314/cmhansrd/cm140204/text/140204w0001.htm,written-answer HTML not requested before throttle stop,No HTTP request status was committed before the bounded archive-page phase stopped; not interpreted as an unavailable or zero-record page.
Commons publications archive,https://publications.parliament.uk/pa/cm201314/cmhansrd/cm140204/text/140204w0003.htm,written-answer HTML not requested before throttle stop,No HTTP request status was committed before the bounded archive-page phase stopped; not interpreted as an unavailable or zero-record page.
Commons publications archive,https://publications.parliament.uk/pa/cm201314/cmhansrd/cm140204/text/140204w0004.htm,written-answer HTML not requested before throttle stop,No HTTP request status was committed before the bounded archive-page phase stopped; not interpreted as an unavailable or zero-record page.
Commons publications archive,https://publications.parliament.uk/pa/cm201314/cmhansrd/cm140205/text/140205w0002.htm,written-answer HTML not requested before throttle stop,No HTTP request status was committed before the bounded archive-page phase stopped; not interpreted as an unavailable or zero-record page.
Commons publications archive,https://publications.parliament.uk/pa/cm201314/cmhansrd/cm140205/text/140205w0003.htm,written-answer HTML not requested before throttle stop,No HTTP request status was committed before the bounded archive-page phase stopped; not interpreted as an unavailable or zero-record page.
Commons publications archive,https://publications.parliament.uk/pa/cm201314/cmhansrd/cm140206/text/140206w0001.htm,written-answer HTML not requested before throttle stop,No HTTP request status was committed before the bounded archive-page phase stopped; not interpreted as an unavailable or zero-record page.
Commons publications archive,https://publications.parliament.uk/pa/cm201314/cmhansrd/cm140206/text/140206w0003.htm,written-answer HTML not requested before throttle stop,No HTTP request status was committed before the bounded archive-page phase stopped; not interpreted as an unavailable or zero-record page.
Commons publications archive,https://publications.parliament.uk/pa/cm201314/cmhansrd/cm140210/text/140210w0001.htm,written-answer HTML not requested before throttle stop,No HTTP request status was committed before the bounded archive-page phase stopped; not interpreted as an unavailable or zero-record page.
Commons publications archive,https://publications.parliament.uk/pa/cm201314/cmhansrd/cm140210/text/140210w0002.htm,written-answer HTML not requested before throttle stop,No HTTP request status was committed before the bounded archive-page phase stopped; not interpreted as an unavailable or zero-record page.
Commons publications archive,https://publications.parliament.uk/pa/cm201314/cmhansrd/cm140211/text/140211w0002.htm,written-answer HTML not requested before throttle stop,No HTTP request status was committed before the bounded archive-page phase stopped; not interpreted as an unavailable or zero-record page.
Commons publications archive,https://publications.parliament.uk/pa/cm201314/cmhansrd/cm140211/text/140211w0003.htm,written-answer HTML not requested before throttle stop,No HTTP request status was committed before the bounded archive-page phase stopped; not interpreted as an unavailable or zero-record page.
Commons publications archive,https://publications.parliament.uk/pa/cm201314/cmhansrd/cm140212/text/140212w0001.htm,written-answer HTML not requested before throttle stop,No HTTP request status was committed before the bounded archive-page phase stopped; not interpreted as an unavailable or zero-record page.
Commons publications archive,https://publications.parliament.uk/pa/cm201314/cmhansrd/cm140212/text/140212w0002.htm,written-answer HTML not requested before throttle stop,No HTTP request status was committed before the bounded archive-page phase stopped; not interpreted as an unavailable or zero-record page.
Commons publications archive,https://publications.parliament.uk/pa/cm201314/cmhansrd/cm140213/text/140213w0001.htm,written-answer HTML not requested before throttle stop,No HTTP request status was committed before the bounded archive-page phase stopped; not interpreted as an unavailable or zero-record page.
Commons publications archive,https://publications.parliament.uk/pa/cm201314/cmhansrd/cm140213/text/140213w0005.htm,written-answer HTML not requested before throttle stop,No HTTP request status was committed before the bounded archive-page phase stopped; not interpreted as an unavailable or zero-record page.
Commons publications archive,https://publications.parliament.uk/pa/cm201314/cmhansrd/cm140224/text/140224w0003.htm,written-answer HTML not requested before throttle stop,No HTTP request status was committed before the bounded archive-page phase stopped; not interpreted as an unavailable or zero-record page.
Commons publications archive,https://publications.parliament.uk/pa/cm201314/cmhansrd/cm140224/text/140224w0004.htm,written-answer HTML not requested before throttle stop,No HTTP request status was committed before the bounded archive-page phase stopped; not interpreted as an unavailable or zero-record page.
Commons publications archive,https://publications.parliament.uk/pa/cm201314/cmhansrd/cm140224/text/140224w0005.htm,written-answer HTML not requested before throttle stop,No HTTP request status was committed before the bounded archive-page phase stopped; not interpreted as an unavailable or zero-record page.
Commons publications archive,https://publications.parliament.uk/pa/cm201314/cmhansrd/cm140225/text/140225w0001.htm,written-answer HTML not requested before throttle stop,No HTTP request status was committed before the bounded archive-page phase stopped; not interpreted as an unavailable or zero-record page.
Commons publications archive,https://publications.parliament.uk/pa/cm201314/cmhansrd/cm140226/text/140226w0001.htm,written-answer HTML not requested before throttle stop,No HTTP request status was committed before the bounded archive-page phase stopped; not interpreted as an unavailable or zero-record page.
Commons publications archive,https://publications.parliament.uk/pa/cm201314/cmhansrd/cm140226/text/140226w0003.htm,written-answer HTML not requested before throttle stop,No HTTP request status was committed before the bounded archive-page phase stopped; not interpreted as an unavailable or zero-record page.
Commons publications archive,https://publications.parliament.uk/pa/cm201314/cmhansrd/cm140227/text/140227w0002.htm,written-answer HTML not requested before throttle stop,No HTTP request status was committed before the bounded archive-page phase stopped; not interpreted as an unavailable or zero-record page.
Commons publications archive,https://publications.parliament.uk/pa/cm201314/cmhansrd/cm140227/text/140227w0003.htm,written-answer HTML not requested before throttle stop,No HTTP request status was committed before the bounded archive-page phase stopped; not interpreted as an unavailable or zero-record page.
Commons publications archive,https://publications.parliament.uk/pa/cm201314/cmhansrd/cm140228/text/140228w0001.htm,written-answer HTML not requested before throttle stop,No HTTP request status was committed before the bounded archive-page phase stopped; not interpreted as an unavailable or zero-record page.
Commons publications archive,https://publications.parliament.uk/pa/cm201314/cmhansrd/cm140303/text/140303w0001.htm,written-answer HTML not requested before throttle stop,No HTTP request status was committed before the bounded archive-page phase stopped; not interpreted as an unavailable or zero-record page.
Commons publications archive,https://publications.parliament.uk/pa/cm201314/cmhansrd/cm140303/text/140303w0002.htm,written-answer HTML not requested before throttle stop,No HTTP request status was committed before the bounded archive-page phase stopped; not interpreted as an unavailable or zero-record page.
Commons publications archive,https://publications.parliament.uk/pa/cm201314/cmhansrd/cm140303/text/140303w0004.htm,written-answer HTML not requested before throttle stop,No HTTP request status was committed before the bounded archive-page phase stopped; not interpreted as an unavailable or zero-record page.
Commons publications archive,https://publications.parliament.uk/pa/cm201314/cmhansrd/cm140304/text/140304w0001.htm,written-answer HTML not requested before throttle stop,No HTTP request status was committed before the bounded archive-page phase stopped; not interpreted as an unavailable or zero-record page.
Commons publications archive,https://publications.parliament.uk/pa/cm201314/cmhansrd/cm140304/text/140304w0002.htm,written-answer HTML not requested before throttle stop,No HTTP request status was committed before the bounded archive-page phase stopped; not interpreted as an unavailable or zero-record page.
Commons publications archive,https://publications.parliament.uk/pa/cm201314/cmhansrd/cm140305/text/140305w0001.htm,written-answer HTML not requested before throttle stop,No HTTP request status was committed before the bounded archive-page phase stopped; not interpreted as an unavailable or zero-record page.
Commons publications archive,https://publications.parliament.uk/pa/cm201314/cmhansrd/cm140305/text/140305w0002.htm,written-answer HTML not requested before throttle stop,No HTTP request status was committed before the bounded archive-page phase stopped; not interpreted as an unavailable or zero-record page.
Commons publications archive,https://publications.parliament.uk/pa/cm201314/cmhansrd/cm140306/text/140306w0002.htm,written-answer HTML not requested before throttle stop,No HTTP request status was committed before the bounded archive-page phase stopped; not interpreted as an unavailable or zero-record page.
Commons publications archive,https://publications.parliament.uk/pa/cm201314/cmhansrd/cm140306/text/140306w0004.htm,written-answer HTML not requested before throttle stop,No HTTP request status was committed before the bounded archive-page phase stopped; not interpreted as an unavailable or zero-record page.
Commons publications archive,https://publications.parliament.uk/pa/cm201314/cmhansrd/cm140310/text/140310w0001.htm,written-answer HTML not requested before throttle stop,No HTTP request status was committed before the bounded archive-page phase stopped; not interpreted as an unavailable or zero-record page.
Commons publications archive,https://publications.parliament.uk/pa/cm201314/cmhansrd/cm140310/text/140310w0003.htm,written-answer HTML not requested before throttle stop,No HTTP request status was committed before the bounded archive-page phase stopped; not interpreted as an unavailable or zero-record page.
Commons publications archive,https://publications.parliament.uk/pa/cm201314/cmhansrd/cm140311/text/140311w0001.htm,written-answer HTML not requested before throttle stop,No HTTP request status was committed before the bounded archive-page phase stopped; not interpreted as an unavailable or zero-record page.
Commons publications archive,https://publications.parliament.uk/pa/cm201314/cmhansrd/cm140311/text/140311w0003.htm,written-answer HTML not requested before throttle stop,No HTTP request status was committed before the bounded archive-page phase stopped; not interpreted as an unavailable or zero-record page.
Commons publications archive,https://publications.parliament.uk/pa/cm201314/cmhansrd/cm140312/text/140312w0001.htm,written-answer HTML not requested before throttle stop,No HTTP request status was committed before the bounded archive-page phase stopped; not interpreted as an unavailable or zero-record page.
Commons publications archive,https://publications.parliament.uk/pa/cm201314/cmhansrd/cm140312/text/140312w0002.htm,written-answer HTML not requested before throttle stop,No HTTP request status was committed before the bounded archive-page phase stopped; not interpreted as an unavailable or zero-record page.
Commons publications archive,https://publications.parliament.uk/pa/cm201314/cmhansrd/cm140313/text/140313w0002.htm,written-answer HTML not requested before throttle stop,No HTTP request status was committed before the bounded archive-page phase stopped; not interpreted as an unavailable or zero-record page.
Commons publications archive,https://publications.parliament.uk/pa/cm201314/cmhansrd/cm140317/text/140317w0001.htm,written-answer HTML not requested before throttle stop,No HTTP request status was committed before the bounded archive-page phase stopped; not interpreted as an unavailable or zero-record page.
Commons publications archive,https://publications.parliament.uk/pa/cm201314/cmhansrd/cm140317/text/140317w0002.htm,written-answer HTML not requested before throttle stop,No HTTP request status was committed before the bounded archive-page phase stopped; not interpreted as an unavailable or zero-record page.
Commons publications archive,https://publications.parliament.uk/pa/cm201314/cmhansrd/cm140318/text/140318w0001.htm,written-answer HTML not requested before throttle stop,No HTTP request status was committed before the bounded archive-page phase stopped; not interpreted as an unavailable or zero-record page.
Commons publications archive,https://publications.parliament.uk/pa/cm201314/cmhansrd/cm140318/text/140318w0002.htm,written-answer HTML not requested before throttle stop,No HTTP request status was committed before the bounded archive-page phase stopped; not interpreted as an unavailable or zero-record page.
Commons publications archive,https://publications.parliament.uk/pa/cm201314/cmhansrd/cm140319/text/140319w0001.htm,written-answer HTML not requested before throttle stop,No HTTP request status was committed before the bounded archive-page phase stopped; not interpreted as an unavailable or zero-record page.
Commons publications archive,https://publications.parliament.uk/pa/cm201314/cmhansrd/cm140320/text/140320w0001.htm,written-answer HTML not requested before throttle stop,No HTTP request status was committed before the bounded archive-page phase stopped; not interpreted as an unavailable or zero-record page.
Commons publications archive,https://publications.parliament.uk/pa/cm201314/cmhansrd/cm140324/text/140324w0001.htm,written-answer HTML not requested before throttle stop,No HTTP request status was committed before the bounded archive-page phase stopped; not interpreted as an unavailable or zero-record page.
Commons publications archive,https://publications.parliament.uk/pa/cm201314/cmhansrd/cm140324/text/140324w0002.htm,written-answer HTML not requested before throttle stop,No HTTP request status was committed before the bounded archive-page phase stopped; not interpreted as an unavailable or zero-record page.
Commons publications archive,https://publications.parliament.uk/pa/cm201314/cmhansrd/cm140325/text/140325w0001.htm,written-answer HTML not requested before throttle stop,No HTTP request status was committed before the bounded archive-page phase stopped; not interpreted as an unavailable or zero-record page.
Commons publications archive,https://publications.parliament.uk/pa/cm201314/cmhansrd/cm140326/text/140326w0001.htm,written-answer HTML not requested before throttle stop,No HTTP request status was committed before the bounded archive-page phase stopped; not interpreted as an unavailable or zero-record page.
Commons publications archive,https://publications.parliament.uk/pa/cm201314/cmhansrd/cm140326/text/140326w0003.htm,written-answer HTML not requested before throttle stop,No HTTP request status was committed before the bounded archive-page phase stopped; not interpreted as an unavailable or zero-record page.
Commons publications archive,https://publications.parliament.uk/pa/cm201314/cmhansrd/cm140327/text/140327w0002.htm,written-answer HTML not requested before throttle stop,No HTTP request status was committed before the bounded archive-page phase stopped; not interpreted as an unavailable or zero-record page.
Commons publications archive,https://publications.parliament.uk/pa/cm201314/cmhansrd/cm140327/text/140327w0003.htm,written-answer HTML not requested before throttle stop,No HTTP request status was committed before the bounded archive-page phase stopped; not interpreted as an unavailable or zero-record page.
Commons publications archive,https://publications.parliament.uk/pa/cm201314/cmhansrd/cm140331/text/140331w0001.htm,written-answer HTML not requested before throttle stop,No HTTP request status was committed before the bounded archive-page phase stopped; not interpreted as an unavailable or zero-record page.
Commons publications archive,https://publications.parliament.uk/pa/cm201314/cmhansrd/cm140401/text/140401w0002.htm,written-answer HTML not requested before throttle stop,No HTTP request status was committed before the bounded archive-page phase stopped; not interpreted as an unavailable or zero-record page.
Commons publications archive,https://publications.parliament.uk/pa/cm201314/cmhansrd/cm140401/text/140401w0003.htm,written-answer HTML not requested before throttle stop,No HTTP request status was committed before the bounded archive-page phase stopped; not interpreted as an unavailable or zero-record page.
Commons publications archive,https://publications.parliament.uk/pa/cm201314/cmhansrd/cm140402/text/140402w0002.htm,written-answer HTML not requested before throttle stop,No HTTP request status was committed before the bounded archive-page phase stopped; not interpreted as an unavailable or zero-record page.
Commons publications archive,https://publications.parliament.uk/pa/cm201314/cmhansrd/cm140402/text/140402w0003.htm,written-answer HTML not requested before throttle stop,No HTTP request status was committed before the bounded archive-page phase stopped; not interpreted as an unavailable or zero-record page.
Commons publications archive,https://publications.parliament.uk/pa/cm201314/cmhansrd/cm140403/text/140403w0002.htm,written-answer HTML not requested before throttle stop,No HTTP request status was committed before the bounded archive-page phase stopped; not interpreted as an unavailable or zero-record page.
Commons publications archive,https://publications.parliament.uk/pa/cm201314/cmhansrd/cm140403/text/140403w0003.htm,written-answer HTML not requested before throttle stop,No HTTP request status was committed before the bounded archive-page phase stopped; not interpreted as an unavailable or zero-record page.
Commons publications archive,https://publications.parliament.uk/pa/cm201314/cmhansrd/cm140407/text/140407w0002.htm,written-answer HTML not requested before throttle stop,No HTTP request status was committed before the bounded archive-page phase stopped; not interpreted as an unavailable or zero-record page.
Commons publications archive,https://publications.parliament.uk/pa/cm201314/cmhansrd/cm140407/text/140407w0003.htm,written-answer HTML not requested before throttle stop,No HTTP request status was committed before the bounded archive-page phase stopped; not interpreted as an unavailable or zero-record page.
Commons publications archive,https://publications.parliament.uk/pa/cm201314/cmhansrd/cm140408/text/140408w0003.htm,written-answer HTML not requested before throttle stop,No HTTP request status was committed before the bounded archive-page phase stopped; not interpreted as an unavailable or zero-record page.
Commons publications archive,https://publications.parliament.uk/pa/cm201314/cmhansrd/cm140409/text/140409w0001.htm,written-answer HTML not requested before throttle stop,No HTTP request status was committed before the bounded archive-page phase stopped; not interpreted as an unavailable or zero-record page.
Commons publications archive,https://publications.parliament.uk/pa/cm201314/cmhansrd/cm140409/text/140409w0002.htm,written-answer HTML not requested before throttle stop,No HTTP request status was committed before the bounded archive-page phase stopped; not interpreted as an unavailable or zero-record page.
Commons publications archive,https://publications.parliament.uk/pa/cm201314/cmhansrd/cm140410/text/140410w0003.htm,written-answer HTML not requested before throttle stop,No HTTP request status was committed before the bounded archive-page phase stopped; not interpreted as an unavailable or zero-record page.
Commons publications archive,https://publications.parliament.uk/pa/cm201314/cmhansrd/cm140410/text/140410w0004.htm,written-answer HTML not requested before throttle stop,No HTTP request status was committed before the bounded archive-page phase stopped; not interpreted as an unavailable or zero-record page.
Commons publications archive,https://publications.parliament.uk/pa/cm201314/cmhansrd/cm140428/text/140428w0002.htm,written-answer HTML not requested before throttle stop,No HTTP request status was committed before the bounded archive-page phase stopped; not interpreted as an unavailable or zero-record page.
Commons publications archive,https://publications.parliament.uk/pa/cm201314/cmhansrd/cm140428/text/140428w0003.htm,written-answer HTML not requested before throttle stop,No HTTP request status was committed before the bounded archive-page phase stopped; not interpreted as an unavailable or zero-record page.
Commons publications archive,https://publications.parliament.uk/pa/cm201314/cmhansrd/cm140428/text/140428w0004.htm,written-answer HTML not requested before throttle stop,No HTTP request status was committed before the bounded archive-page phase stopped; not interpreted as an unavailable or zero-record page.
Commons publications archive,https://publications.parliament.uk/pa/cm201314/cmhansrd/cm140429/text/140429w0001.htm,written-answer HTML not requested before throttle stop,No HTTP request status was committed before the bounded archive-page phase stopped; not interpreted as an unavailable or zero-record page.
Commons publications archive,https://publications.parliament.uk/pa/cm201314/cmhansrd/cm140430/text/140430w0001.htm,written-answer HTML not requested before throttle stop,No HTTP request status was committed before the bounded archive-page phase stopped; not interpreted as an unavailable or zero-record page.
Commons publications archive,https://publications.parliament.uk/pa/cm201314/cmhansrd/cm140430/text/140430w0002.htm,written-answer HTML not requested before throttle stop,No HTTP request status was committed before the bounded archive-page phase stopped; not interpreted as an unavailable or zero-record page.
Commons publications archive,https://publications.parliament.uk/pa/cm201314/cmhansrd/cm140501/text/140501w0001.htm,written-answer HTML not requested before throttle stop,No HTTP request status was committed before the bounded archive-page phase stopped; not interpreted as an unavailable or zero-record page.
Commons publications archive,https://publications.parliament.uk/pa/cm201314/cmhansrd/cm140501/text/140501w0002.htm,written-answer HTML not requested before throttle stop,No HTTP request status was committed before the bounded archive-page phase stopped; not interpreted as an unavailable or zero-record page.
Commons publications archive,https://publications.parliament.uk/pa/cm201314/cmhansrd/cm140506/text/140506w0002.htm,written-answer HTML not requested before throttle stop,No HTTP request status was committed before the bounded archive-page phase stopped; not interpreted as an unavailable or zero-record page.
Commons publications archive,https://publications.parliament.uk/pa/cm201314/cmhansrd/cm140507/text/140507w0002.htm,written-answer HTML not requested before throttle stop,No HTTP request status was committed before the bounded archive-page phase stopped; not interpreted as an unavailable or zero-record page.
Commons publications archive,https://publications.parliament.uk/pa/cm201314/cmhansrd/cm140508/text/140508w0001.htm,written-answer HTML not requested before throttle stop,No HTTP request status was committed before the bounded archive-page phase stopped; not interpreted as an unavailable or zero-record page.
Commons publications archive,https://publications.parliament.uk/pa/cm201314/cmhansrd/cm140512/text/140512w0001.htm,written-answer HTML not requested before throttle stop,No HTTP request status was committed before the bounded archive-page phase stopped; not interpreted as an unavailable or zero-record page.
Commons publications archive,https://publications.parliament.uk/pa/cm201314/cmhansrd/cm140512/text/140512w0002.htm,written-answer HTML not requested before throttle stop,No HTTP request status was committed before the bounded archive-page phase stopped; not interpreted as an unavailable or zero-record page.
Commons publications archive,https://publications.parliament.uk/pa/cm201314/cmhansrd/cm140513/text/140513w0004.htm,written-answer HTML not requested before throttle stop,No HTTP request status was committed before the bounded archive-page phase stopped; not interpreted as an unavailable or zero-record page.
Commons publications archive,https://publications.parliament.uk/pa/cm201314/cmhansrd/cm140513/text/140513w0005.htm,written-answer HTML not requested before throttle stop,No HTTP request status was committed before the bounded archive-page phase stopped; not interpreted as an unavailable or zero-record page.
Commons publications archive,https://publications.parliament.uk/pa/cm201314/cmhansrd/cm140514/text/140514w0001.htm,written-answer HTML not requested before throttle stop,No HTTP request status was committed before the bounded archive-page phase stopped; not interpreted as an unavailable or zero-record page.
Commons publications archive,https://publications.parliament.uk/pa/cm201314/cmhansrd/cm140514/text/140514w0002.htm,written-answer HTML not requested before throttle stop,No HTTP request status was committed before the bounded archive-page phase stopped; not interpreted as an unavailable or zero-record page.
Commons publications archive,https://publications.parliament.uk/pa/cm201415/cmhansrd/cm140609/text/140609w0001.htm,written-answer HTML not requested before throttle stop,No HTTP request status was committed before the bounded archive-page phase stopped; not interpreted as an unavailable or zero-record page.
Commons publications archive,https://publications.parliament.uk/pa/cm201415/cmhansrd/cm140610/text/140610w0001.htm,written-answer HTML not requested before throttle stop,No HTTP request status was committed before the bounded archive-page phase stopped; not interpreted as an unavailable or zero-record page.
Commons publications archive,https://publications.parliament.uk/pa/cm201415/cmhansrd/cm140610/text/140610w0002.htm,written-answer HTML not requested before throttle stop,No HTTP request status was committed before the bounded archive-page phase stopped; not interpreted as an unavailable or zero-record page.
Commons publications archive,https://publications.parliament.uk/pa/cm201415/cmhansrd/cm140611/text/140611w0001.htm,written-answer HTML not requested before throttle stop,No HTTP request status was committed before the bounded archive-page phase stopped; not interpreted as an unavailable or zero-record page.
Commons publications archive,https://publications.parliament.uk/pa/cm201415/cmhansrd/cm140612/text/140612w0001.htm,written-answer HTML not requested before throttle stop,No HTTP request status was committed before the bounded archive-page phase stopped; not interpreted as an unavailable or zero-record page.
Commons publications archive,https://publications.parliament.uk/pa/cm201415/cmhansrd/cm140616/text/140616w0001.htm,written-answer HTML not requested before throttle stop,No HTTP request status was committed before the bounded archive-page phase stopped; not interpreted as an unavailable or zero-record page.
Commons publications archive,https://publications.parliament.uk/pa/cm201415/cmhansrd/cm140617/text/140617w0001.htm,written-answer HTML not requested before throttle stop,No HTTP request status was committed before the bounded archive-page phase stopped; not interpreted as an unavailable or zero-record page.
Commons publications archive,https://publications.parliament.uk/pa/cm201415/cmhansrd/cm140617/text/140617w0003.htm,written-answer HTML not requested before throttle stop,No HTTP request status was committed before the bounded archive-page phase stopped; not interpreted as an unavailable or zero-record page.
Commons publications archive,https://publications.parliament.uk/pa/cm201415/cmhansrd/cm140618/text/140618w0001.htm,written-answer HTML not requested before throttle stop,No HTTP request status was committed before the bounded archive-page phase stopped; not interpreted as an unavailable or zero-record page.
Commons publications archive,https://publications.parliament.uk/pa/cm201415/cmhansrd/cm140619/text/140619w0001.htm,written-answer HTML not requested before throttle stop,No HTTP request status was committed before the bounded archive-page phase stopped; not interpreted as an unavailable or zero-record page.
Commons publications archive,https://publications.parliament.uk/pa/cm201415/cmhansrd/cm140623/text/140623w0002.htm,written-answer HTML not requested before throttle stop,No HTTP request status was committed before the bounded archive-page phase stopped; not interpreted as an unavailable or zero-record page.
Commons publications archive,https://publications.parliament.uk/pa/cm201415/cmhansrd/cm140623/text/140623w0003.htm,written-answer HTML not requested before throttle stop,No HTTP request status was committed before the bounded archive-page phase stopped; not interpreted as an unavailable or zero-record page.
Commons publications archive,https://publications.parliament.uk/pa/cm201415/cmhansrd/cm140624/text/140624w0001.htm,written-answer HTML not requested before throttle stop,No HTTP request status was committed before the bounded archive-page phase stopped; not interpreted as an unavailable or zero-record page.
Commons publications archive,https://publications.parliament.uk/pa/cm201415/cmhansrd/cm140625/text/140625w0001.htm,written-answer HTML not requested before throttle stop,No HTTP request status was committed before the bounded archive-page phase stopped; not interpreted as an unavailable or zero-record page.
Commons publications archive,https://publications.parliament.uk/pa/cm201415/cmhansrd/cm140625/text/140625w0002.htm,written-answer HTML not requested before throttle stop,No HTTP request status was committed before the bounded archive-page phase stopped; not interpreted as an unavailable or zero-record page.
Commons publications archive,https://publications.parliament.uk/pa/cm201415/cmhansrd/cm140626/text/140626w0002.htm,written-answer HTML not requested before throttle stop,No HTTP request status was committed before the bounded archive-page phase stopped; not interpreted as an unavailable or zero-record page.
Commons publications archive,https://publications.parliament.uk/pa/cm201415/cmhansrd/cm140626/text/140626w0003.htm,written-answer HTML not requested before throttle stop,No HTTP request status was committed before the bounded archive-page phase stopped; not interpreted as an unavailable or zero-record page.
Commons publications archive,https://publications.parliament.uk/pa/cm201415/cmhansrd/cm140630/text/140630w0004.htm,written-answer HTML not requested before throttle stop,No HTTP request status was committed before the bounded archive-page phase stopped; not interpreted as an unavailable or zero-record page.
Commons publications archive,https://publications.parliament.uk/pa/cm201415/cmhansrd/cm140701/text/140701w0001.htm,written-answer HTML not requested before throttle stop,No HTTP request status was committed before the bounded archive-page phase stopped; not interpreted as an unavailable or zero-record page.
Commons publications archive,https://publications.parliament.uk/pa/cm201415/cmhansrd/cm140701/text/140701w0002.htm,written-answer HTML not requested before throttle stop,No HTTP request status was committed before the bounded archive-page phase stopped; not interpreted as an unavailable or zero-record page.
Commons publications archive,https://publications.parliament.uk/pa/cm201415/cmhansrd/cm140701/text/140701w0003.htm,written-answer HTML not requested before throttle stop,No HTTP request status was committed before the bounded archive-page phase stopped; not interpreted as an unavailable or zero-record page.
Commons publications archive,https://publications.parliament.uk/pa/cm201415/cmhansrd/cm140702/text/140702w0001.htm,written-answer HTML not requested before throttle stop,No HTTP request status was committed before the bounded archive-page phase stopped; not interpreted as an unavailable or zero-record page.
Commons publications archive,https://publications.parliament.uk/pa/cm201415/cmhansrd/cm140703/text/140703w0002.htm,written-answer HTML not requested before throttle stop,No HTTP request status was committed before the bounded archive-page phase stopped; not interpreted as an unavailable or zero-record page.
Commons publications archive,https://publications.parliament.uk/pa/cm201415/cmhansrd/cm140703/text/140703w0003.htm,written-answer HTML not requested before throttle stop,No HTTP request status was committed before the bounded archive-page phase stopped; not interpreted as an unavailable or zero-record page.
Commons publications archive,https://publications.parliament.uk/pa/cm201415/cmhansrd/cm140707/text/140707w0003.htm,written-answer HTML not requested before throttle stop,No HTTP request status was committed before the bounded archive-page phase stopped; not interpreted as an unavailable or zero-record page.
Commons publications archive,https://publications.parliament.uk/pa/cm201415/cmhansrd/cm140708/text/140708w0001.htm,written-answer HTML not requested before throttle stop,No HTTP request status was committed before the bounded archive-page phase stopped; not interpreted as an unavailable or zero-record page.
Commons publications archive,https://publications.parliament.uk/pa/cm201415/cmhansrd/cm140708/text/140708w0002.htm,written-answer HTML not requested before throttle stop,No HTTP request status was committed before the bounded archive-page phase stopped; not interpreted as an unavailable or zero-record page.
Commons publications archive,https://publications.parliament.uk/pa/cm201415/cmhansrd/cm140709/text/140709w0001.htm,written-answer HTML not requested before throttle stop,No HTTP request status was committed before the bounded archive-page phase stopped; not interpreted as an unavailable or zero-record page.
Commons publications archive,https://publications.parliament.uk/pa/cm201415/cmhansrd/cm140714/text/140714w0001.htm,written-answer HTML not requested before throttle stop,No HTTP request status was committed before the bounded archive-page phase stopped; not interpreted as an unavailable or zero-record page.
Commons publications archive,https://publications.parliament.uk/pa/cm201415/cmhansrd/cm140714/text/140714w0002.htm,written-answer HTML not requested before throttle stop,No HTTP request status was committed before the bounded archive-page phase stopped; not interpreted as an unavailable or zero-record page.
Commons publications archive,https://publications.parliament.uk/pa/cm201415/cmhansrd/cm140714/text/140714w0004.htm,written-answer HTML not requested before throttle stop,No HTTP request status was committed before the bounded archive-page phase stopped; not interpreted as an unavailable or zero-record page.
Commons publications archive,https://publications.parliament.uk/pa/cm201415/cmhansrd/cm140715/text/140715w0001.htm,written-answer HTML not requested before throttle stop,No HTTP request status was committed before the bounded archive-page phase stopped; not interpreted as an unavailable or zero-record page.
Commons publications archive,https://publications.parliament.uk/pa/cm201415/cmhansrd/cm140715/text/140715w0003.htm,written-answer HTML not requested before throttle stop,No HTTP request status was committed before the bounded archive-page phase stopped; not interpreted as an unavailable or zero-record page.
Commons publications archive,https://publications.parliament.uk/pa/cm201415/cmhansrd/cm140716/text/140716w0001.htm,written-answer HTML not requested before throttle stop,No HTTP request status was committed before the bounded archive-page phase stopped; not interpreted as an unavailable or zero-record page.
Commons publications archive,https://publications.parliament.uk/pa/cm201415/cmhansrd/cm140716/text/140716w0002.htm,written-answer HTML not requested before throttle stop,No HTTP request status was committed before the bounded archive-page phase stopped; not interpreted as an unavailable or zero-record page.
Commons publications archive,https://publications.parliament.uk/pa/cm201415/cmhansrd/cm140717/text/140717w0001.htm,written-answer HTML not requested before throttle stop,No HTTP request status was committed before the bounded archive-page phase stopped; not interpreted as an unavailable or zero-record page.
Commons publications archive,https://publications.parliament.uk/pa/cm201415/cmhansrd/cm140717/text/140717w0002.htm,written-answer HTML not requested before throttle stop,No HTTP request status was committed before the bounded archive-page phase stopped; not interpreted as an unavailable or zero-record page.
Commons publications archive,https://publications.parliament.uk/pa/cm201415/cmhansrd/cm140721/text/140721w0005.htm,written-answer HTML not requested before throttle stop,No HTTP request status was committed before the bounded archive-page phase stopped; not interpreted as an unavailable or zero-record page.
Commons publications archive,https://publications.parliament.uk/pa/cm201415/cmhansrd/cm140722/text/140722w0002.htm,written-answer HTML not requested before throttle stop,No HTTP request status was committed before the bounded archive-page phase stopped; not interpreted as an unavailable or zero-record page.
Commons publications archive,https://publications.parliament.uk/pa/cm201415/cmhansrd/cm140722/text/140722w0004.htm,written-answer HTML not requested before throttle stop,No HTTP request status was committed before the bounded archive-page phase stopped; not interpreted as an unavailable or zero-record page.
Commons publications archive,https://publications.parliament.uk/pa/cm201415/cmhansrd/cm140722/text/140722w0005.htm,written-answer HTML not requested before throttle stop,No HTTP request status was committed before the bounded archive-page phase stopped; not interpreted as an unavailable or zero-record page.
Commons publications archive,https://publications.parliament.uk/pa/cm201415/cmhansrd/cm140901/text/140901w0002.htm,written-answer HTML not requested before throttle stop,No HTTP request status was committed before the bounded archive-page phase stopped; not interpreted as an unavailable or zero-record page.
Commons publications archive,https://publications.parliament.uk/pa/cm201415/cmhansrd/cm140901/text/140901w0004.htm,written-answer HTML not requested before throttle stop,No HTTP request status was committed before the bounded archive-page phase stopped; not interpreted as an unavailable or zero-record page.
Commons publications archive,https://publications.parliament.uk/pa/cm201415/cmhansrd/cm140901/text/140901w0005.htm,written-answer HTML not requested before throttle stop,No HTTP request status was committed before the bounded archive-page phase stopped; not interpreted as an unavailable or zero-record page.
Commons publications archive,https://publications.parliament.uk/pa/cm201415/cmhansrd/cm140902/text/140902w0001.htm,written-answer HTML not requested before throttle stop,No HTTP request status was committed before the bounded archive-page phase stopped; not interpreted as an unavailable or zero-record page.
Commons publications archive,https://publications.parliament.uk/pa/cm201415/cmhansrd/cm140903/text/140903w0002.htm,written-answer HTML not requested before throttle stop,No HTTP request status was committed before the bounded archive-page phase stopped; not interpreted as an unavailable or zero-record page.
Commons publications archive,https://publications.parliament.uk/pa/cm201415/cmhansrd/cm140904/text/140904w0001.htm,written-answer HTML not requested before throttle stop,No HTTP request status was committed before the bounded archive-page phase stopped; not interpreted as an unavailable or zero-record page.
Commons publications archive,https://publications.parliament.uk/pa/cm201415/cmhansrd/cm140905/text/140905w0001.htm,written-answer HTML not requested before throttle stop,No HTTP request status was committed before the bounded archive-page phase stopped; not interpreted as an unavailable or zero-record page.
Commons publications archive,https://publications.parliament.uk/pa/cm201415/cmhansrd/cm140905/text/140905w0002.htm,written-answer HTML not requested before throttle stop,No HTTP request status was committed before the bounded archive-page phase stopped; not interpreted as an unavailable or zero-record page.
Commons publications archive,https://publications.parliament.uk/pa/cm201415/cmhansrd/cm140908/text/140908w0001.htm,written-answer HTML not requested before throttle stop,No HTTP request status was committed before the bounded archive-page phase stopped; not interpreted as an unavailable or zero-record page.
Commons publications archive,https://publications.parliament.uk/pa/cm201415/cmhansrd/cm140908/text/140908w0004.htm,written-answer HTML not requested before throttle stop,No HTTP request status was committed before the bounded archive-page phase stopped; not interpreted as an unavailable or zero-record page.
Commons publications archive,https://publications.parliament.uk/pa/cm201415/cmhansrd/cm140909/text/140909w0001.htm,written-answer HTML not requested before throttle stop,No HTTP request status was committed before the bounded archive-page phase stopped; not interpreted as an unavailable or zero-record page.
Commons publications archive,https://publications.parliament.uk/pa/cm201415/cmhansrd/cm140909/text/140909w0002.htm,written-answer HTML not requested before throttle stop,No HTTP request status was committed before the bounded archive-page phase stopped; not interpreted as an unavailable or zero-record page.
Commons publications archive,https://publications.parliament.uk/pa/cm201415/cmhansrd/cm140910/text/140910w0001.htm,written-answer HTML not requested before throttle stop,No HTTP request status was committed before the bounded archive-page phase stopped; not interpreted as an unavailable or zero-record page.
Commons publications archive,https://publications.parliament.uk/pa/cm201415/cmhansrd/cm140910/text/140910w0002.htm,written-answer HTML not requested before throttle stop,No HTTP request status was committed before the bounded archive-page phase stopped; not interpreted as an unavailable or zero-record page.
Commons publications archive,https://publications.parliament.uk/pa/cm201415/cmhansrd/cm140911/text/140911w0003.htm,written-answer HTML not requested before throttle stop,No HTTP request status was committed before the bounded archive-page phase stopped; not interpreted as an unavailable or zero-record page.
Commons publications archive,https://publications.parliament.uk/pa/cm201415/cmhansrd/cm140911/text/140911w0004.htm,written-answer HTML not requested before throttle stop,No HTTP request status was committed before the bounded archive-page phase stopped; not interpreted as an unavailable or zero-record page.
Questions/Statements API diagnostic,https://questions-statements-api.parliament.uk/api/writtenstatements/statements/2138786?expandMember=true&sessionStatus=Any,stopped redundant per-record detail path,HTTP 404; complete text retained in verified list parent
Questions/Statements API diagnostic,https://questions-statements-api.parliament.uk/api/writtenstatements/statements/2138785?expandMember=true&sessionStatus=Any,stopped redundant per-record detail path,HTTP 404; complete text retained in verified list parent
Questions/Statements API diagnostic,https://questions-statements-api.parliament.uk/api/writtenstatements/statements/2138784?expandMember=true&sessionStatus=Any,stopped redundant per-record detail path,HTTP 404; complete text retained in verified list parent
Questions/Statements API diagnostic,https://questions-statements-api.parliament.uk/api/writtenstatements/statements/248918?expandMember=true&sessionStatus=Any,stopped redundant per-record detail path,HTTP 404; complete text retained in verified list parent
Questions/Statements API diagnostic,https://questions-statements-api.parliament.uk/api/writtenstatements/statements/248917?expandMember=true&sessionStatus=Any,stopped redundant per-record detail path,HTTP 404; complete text retained in verified list parent
Questions/Statements API diagnostic,https://questions-statements-api.parliament.uk/api/writtenstatements/statements/248916?expandMember=true&sessionStatus=Any,stopped redundant per-record detail path,HTTP 404; complete text retained in verified list parent
Questions/Statements API diagnostic,https://questions-statements-api.parliament.uk/api/writtenstatements/statements/248915?expandMember=true&sessionStatus=Any,stopped redundant per-record detail path,HTTP 404; complete text retained in verified list parent
Questions/Statements API diagnostic,https://questions-statements-api.parliament.uk/api/writtenstatements/statements/2138783?expandMember=true&sessionStatus=Any,stopped redundant per-record detail path,HTTP 404; complete text retained in verified list parent
Questions/Statements API diagnostic,https://questions-statements-api.parliament.uk/api/writtenstatements/statements/248914?expandMember=true&sessionStatus=Any,stopped redundant per-record detail path,HTTP 404; complete text retained in verified list parent
Questions/Statements API diagnostic,https://questions-statements-api.parliament.uk/api/writtenstatements/statements/248913?expandMember=true&sessionStatus=Any,stopped redundant per-record detail path,HTTP 404; complete text retained in verified list parent
Questions/Statements API diagnostic,https://questions-statements-api.parliament.uk/api/writtenstatements/statements/2138782?expandMember=true&sessionStatus=Any,stopped redundant per-record detail path,HTTP 404; complete text retained in verified list parent
Questions/Statements API diagnostic,https://questions-statements-api.parliament.uk/api/writtenstatements/statements/248912?expandMember=true&sessionStatus=Any,stopped redundant per-record detail path,HTTP 404; complete text retained in verified list parent
Questions/Statements API diagnostic,https://questions-statements-api.parliament.uk/api/writtenstatements/statements/249006?expandMember=true&sessionStatus=Any,stopped redundant per-record detail path,HTTP 404; complete text retained in verified list parent
Questions/Statements API diagnostic,https://questions-statements-api.parliament.uk/api/writtenstatements/statements/1623589?expandMember=true&sessionStatus=Any,stopped redundant per-record detail path,HTTP 404; complete text retained in verified list parent
Questions/Statements API diagnostic,https://questions-statements-api.parliament.uk/api/writtenstatements/statements/1623588?expandMember=true&sessionStatus=Any,stopped redundant per-record detail path,HTTP 404; complete text retained in verified list parent
UK Government Web Archive,https://webarchive.nationalarchives.gov.uk/ukgwa/timeline1/https://www.dti.gov.uk/,bounded policy-index route enumeration,Timeline returned AWS WAF Human Verification/CAPTCHA; access controls not bypassed.
UK Government Web Archive,https://webarchive.nationalarchives.gov.uk/ukgwa/timeline1/https://www.berr.gov.uk/,bounded policy-index route enumeration,Same UKGWA timeline service as the DTI route; stopped after the verified shared CAPTCHA barrier.
UK Government Web Archive,https://webarchive.nationalarchives.gov.uk/ukgwa/timeline1/https://www.decc.gov.uk/,bounded policy-index route enumeration,Same UKGWA timeline service as the DTI route; stopped after the verified shared CAPTCHA barrier.
UK Government Web Archive,https://webarchive.nationalarchives.gov.uk/ukgwa/timeline1/https://www.defra.gov.uk/,bounded policy-index route enumeration,Same UKGWA timeline service as the DTI route; stopped after the verified shared CAPTCHA barrier.
UK Government Web Archive,https://webarchive.nationalarchives.gov.uk/ukgwa/timeline1/https://archive.defra.gov.uk/,bounded policy-index route enumeration,Same UKGWA timeline service as the DTI route; stopped after the verified shared CAPTCHA barrier.
UK Government Web Archive,https://webarchive.nationalarchives.gov.uk/ukgwa/timeline1/https://ww2.defra.gov.uk/,bounded policy-index route enumeration,Same UKGWA timeline service as the DTI route; stopped after the verified shared CAPTCHA barrier.
UK Government Web Archive,UK DoE,bounded policy-index route enumeration,No exact UK Department of the Environment A-Z route was verified; Northern Ireland DoE was not substituted.
UK Government Web Archive,DETR,bounded policy-index route enumeration,No exact DETR A-Z route was verified.
UK Government Web Archive,MAFF,bounded policy-index route enumeration,No exact MAFF A-Z route was verified.
Commons ministerial series,2010-05-01..2014-09-11,bounded official backfill,"One or more dated index, archive-page, parser, or statement-detail partitions remain unavailable or unprocessed; interval is not claimed as continuous coverage."
GOV.UK historical policy,UK DoE / MAFF,organisation route,Verified searchable UK organisation identifier/index unavailable; Northern Ireland DoE was not substituted.
GOV.UK historical policy,https://assets.publishing.service.gov.uk/media/5a74b991e5274a3cb2866ade/2235.pdf,downloaded attachment extraction,needs_ocr: PDF contained no readable text; OCR was not attempted
GOV.UK historical policy,https://assets.publishing.service.gov.uk/media/5a75978be5274a436829873f/0545.pdf,downloaded attachment extraction,needs_ocr: PDF contained no readable text; OCR was not attempted
GOV.UK historical policy,https://assets.publishing.service.gov.uk/media/5a7c182740f0b61a825d66b2/2614.pdf,downloaded attachment extraction,needs_ocr: PDF contained no readable text; OCR was not attempted
GOV.UK historical policy,https://assets.publishing.service.gov.uk/media/5a7c1f5940f0b645ba3c6d4f/5761.pdf,downloaded attachment extraction,needs_ocr: PDF contained no readable text; OCR was not attempted
