parent_id,month,selected_format,all_distinct_item_alternatives,selected_manifestation_distinct_items,selected_format_distinct_items,component_roles
http://publications.europa.eu/resource/cellar/0223f594-a818-11e4-8e01-01aa75ed71a1,2015-01,pdf1x,5,2,2,unresolved from saved relationship metadata alone
http://publications.europa.eu/resource/cellar/078f1cf0-a91e-11e4-8e01-01aa75ed71a1,2015-01,pdfa1a,4,1,1,unresolved from saved relationship metadata alone
http://publications.europa.eu/resource/cellar/08bd94e5-a6b9-11e4-8e01-01aa75ed71a1,2015-01,pdfa1a,4,1,1,unresolved from saved relationship metadata alone
http://publications.europa.eu/resource/cellar/15326969-a2d0-11e4-9f50-01aa75ed71a1,2015-01,pdfa1a,5,1,1,unresolved from saved relationship metadata alone
http://publications.europa.eu/resource/cellar/1640a679-a389-11e4-9f50-01aa75ed71a1,2015-01,pdfa1a,6,1,1,unresolved from saved relationship metadata alone
http://publications.europa.eu/resource/cellar/1d4333d2-9d52-11e4-872e-01aa75ed71a1,2015-01,pdfa1a,4,1,1,unresolved from saved relationship metadata alone
http://publications.europa.eu/resource/cellar/1daa7b92-9705-11e4-b8a5-01aa75ed71a1,2015-01,pdfa1a,4,1,1,unresolved from saved relationship metadata alone
http://publications.europa.eu/resource/cellar/20932b08-a13d-11e4-872e-01aa75ed71a1,2015-01,pdfa1a,4,1,1,unresolved from saved relationship metadata alone
http://publications.europa.eu/resource/cellar/23ae95d0-a7b9-11e4-8e01-01aa75ed71a1,2015-01,pdf1x,5,2,2,unresolved from saved relationship metadata alone
http://publications.europa.eu/resource/cellar/2a0a0e87-a6b9-11e4-8e01-01aa75ed71a1,2015-01,pdfa1a,4,1,1,unresolved from saved relationship metadata alone
http://publications.europa.eu/resource/cellar/2b624cc1-a78c-11e4-8e01-01aa75ed71a1,2015-01,pdfa1a,4,1,1,unresolved from saved relationship metadata alone
http://publications.europa.eu/resource/cellar/2e3782de-989b-11e4-b8a5-01aa75ed71a1,2015-01,pdfa1a,4,1,1,unresolved from saved relationship metadata alone
http://publications.europa.eu/resource/cellar/2ec8a745-9a5f-11e4-b8a5-01aa75ed71a1,2015-01,pdf1x,5,2,2,unresolved from saved relationship metadata alone
http://publications.europa.eu/resource/cellar/3178174c-9bbf-11e4-872e-01aa75ed71a1,2015-01,pdfa1a,4,1,1,unresolved from saved relationship metadata alone
http://publications.europa.eu/resource/cellar/33a50913-981b-11e4-b8a5-01aa75ed71a1,2015-01,pdf1x,4,2,2,unresolved from saved relationship metadata alone
http://publications.europa.eu/resource/cellar/3984dc68-a861-11e4-8e01-01aa75ed71a1,2015-01,pdfa1a,4,1,1,unresolved from saved relationship metadata alone
http://publications.europa.eu/resource/cellar/3a3b5f62-a91e-11e4-8e01-01aa75ed71a1,2015-01,pdfa1a,4,1,1,unresolved from saved relationship metadata alone
http://publications.europa.eu/resource/cellar/3a64825c-a7a7-11e4-8e01-01aa75ed71a1,2015-01,pdf1x,8,2,2,unresolved from saved relationship metadata alone
http://publications.europa.eu/resource/cellar/3acca3c9-a08d-11e4-872e-01aa75ed71a1,2015-01,pdf1x,5,2,2,unresolved from saved relationship metadata alone
http://publications.europa.eu/resource/cellar/3cdd23c0-a226-11e4-afbf-01aa75ed71a1,2015-01,pdf1x,3,1,1,unresolved from saved relationship metadata alone
http://publications.europa.eu/resource/cellar/3df58e03-97cd-11e4-b8a5-01aa75ed71a1,2015-01,pdfa1a,4,1,1,unresolved from saved relationship metadata alone
http://publications.europa.eu/resource/cellar/43051b8d-a7a8-11e4-8e01-01aa75ed71a1,2015-01,pdf1x,5,2,2,unresolved from saved relationship metadata alone
http://publications.europa.eu/resource/cellar/4579b3c4-981b-11e4-b8a5-01aa75ed71a1,2015-01,pdf1x,6,3,3,unresolved from saved relationship metadata alone
http://publications.europa.eu/resource/cellar/4663c0db-a0b3-11e4-872e-01aa75ed71a1,2015-01,pdf1x,3,1,1,unresolved from saved relationship metadata alone
http://publications.europa.eu/resource/cellar/4756fdf5-9d52-11e4-872e-01aa75ed71a1,2015-01,pdfa1a,4,1,1,unresolved from saved relationship metadata alone
http://publications.europa.eu/resource/cellar/47684527-963b-11e4-b8a5-01aa75ed71a1,2015-01,pdfa1a,6,1,1,unresolved from saved relationship metadata alone
http://publications.europa.eu/resource/cellar/4aa489d0-a873-11e4-8e01-01aa75ed71a1,2015-01,pdf1x,3,1,1,unresolved from saved relationship metadata alone
http://publications.europa.eu/resource/cellar/4b22b4da-a13d-11e4-872e-01aa75ed71a1,2015-01,pdfa1a,8,1,1,unresolved from saved relationship metadata alone
http://publications.europa.eu/resource/cellar/4c296889-a6b9-11e4-8e01-01aa75ed71a1,2015-01,pdfa1a,4,1,1,unresolved from saved relationship metadata alone
http://publications.europa.eu/resource/cellar/4d519454-9705-11e4-b8a5-01aa75ed71a1,2015-01,pdfa1a,4,1,1,unresolved from saved relationship metadata alone
http://publications.europa.eu/resource/cellar/53fcf081-a226-11e4-afbf-01aa75ed71a1,2015-01,pdf1x,3,1,1,unresolved from saved relationship metadata alone
http://publications.europa.eu/resource/cellar/57e14a84-a78c-11e4-8e01-01aa75ed71a1,2015-01,pdfa1a,4,1,1,unresolved from saved relationship metadata alone
http://publications.europa.eu/resource/cellar/6ced1bd9-a861-11e4-8e01-01aa75ed71a1,2015-01,pdfa1a,9,1,1,unresolved from saved relationship metadata alone
http://publications.europa.eu/resource/cellar/6d9af3ba-9bd8-11e4-872e-01aa75ed71a1,2015-01,pdf1x,3,1,1,unresolved from saved relationship metadata alone
http://publications.europa.eu/resource/cellar/70daa4d4-9e10-11e4-872e-01aa75ed71a1,2015-01,pdfa1a,4,1,1,unresolved from saved relationship metadata alone
http://publications.europa.eu/resource/cellar/73d88c1b-9bd8-11e4-872e-01aa75ed71a1,2015-01,pdf1x,5,2,2,unresolved from saved relationship metadata alone
http://publications.europa.eu/resource/cellar/74d73ef8-05de-11e5-8817-01aa75ed71a1,2015-01,pdf1x,2,1,1,unresolved from saved relationship metadata alone
http://publications.europa.eu/resource/cellar/75d91eb8-9d52-11e4-872e-01aa75ed71a1,2015-01,pdfa1a,4,1,1,unresolved from saved relationship metadata alone
http://publications.europa.eu/resource/cellar/78bd6a3a-a5f4-11e4-8e01-01aa75ed71a1,2015-01,pdfa1a,4,1,1,unresolved from saved relationship metadata alone
http://publications.europa.eu/resource/cellar/79da53b8-a793-11e4-8e01-01aa75ed71a1,2015-01,pdf1x,3,1,1,unresolved from saved relationship metadata alone
http://publications.europa.eu/resource/cellar/7a273b7c-9bd8-11e4-872e-01aa75ed71a1,2015-01,pdf1x,3,1,1,unresolved from saved relationship metadata alone
http://publications.europa.eu/resource/cellar/7a49e287-a78c-11e4-8e01-01aa75ed71a1,2015-01,pdfa1a,4,1,1,unresolved from saved relationship metadata alone
http://publications.europa.eu/resource/cellar/7be5c529-963b-11e4-b8a5-01aa75ed71a1,2015-01,pdfa1a,4,1,1,unresolved from saved relationship metadata alone
http://publications.europa.eu/resource/cellar/7c75def4-a91e-11e4-8e01-01aa75ed71a1,2015-01,pdfa1a,6,1,1,unresolved from saved relationship metadata alone
http://publications.europa.eu/resource/cellar/7ed86be5-a2cf-11e4-9f50-01aa75ed71a1,2015-01,pdfa1a,4,1,1,unresolved from saved relationship metadata alone
http://publications.europa.eu/resource/cellar/7ee53dda-a7a6-11e4-8e01-01aa75ed71a1,2015-01,pdf1x,5,2,2,unresolved from saved relationship metadata alone
http://publications.europa.eu/resource/cellar/805ba5ed-a2ce-11e4-9f50-01aa75ed71a1,2015-01,pdfa1a,4,1,1,unresolved from saved relationship metadata alone
http://publications.europa.eu/resource/cellar/818145b6-97cd-11e4-b8a5-01aa75ed71a1,2015-01,pdfa1a,4,1,1,unresolved from saved relationship metadata alone
http://publications.europa.eu/resource/cellar/82046525-9719-11e4-b8a5-01aa75ed71a1,2015-01,pdf1x,3,1,1,unresolved from saved relationship metadata alone
http://publications.europa.eu/resource/cellar/82375b2a-a240-11e4-9f50-01aa75ed71a1,2015-01,pdf1x,3,1,1,unresolved from saved relationship metadata alone
http://publications.europa.eu/resource/cellar/83bd8de5-67b9-4d93-8373-01650122be89,2015-01,pdf,9,2,2,unresolved from saved relationship metadata alone
http://publications.europa.eu/resource/cellar/8830496b-a240-11e4-9f50-01aa75ed71a1,2015-01,pdf1x,3,1,1,unresolved from saved relationship metadata alone
http://publications.europa.eu/resource/cellar/8a93a359-a793-11e4-8e01-01aa75ed71a1,2015-01,pdf1x,3,1,1,unresolved from saved relationship metadata alone
http://publications.europa.eu/resource/cellar/8d2235ed-a073-11e4-872e-01aa75ed71a1,2015-01,pdfa1a,4,1,1,unresolved from saved relationship metadata alone
http://publications.europa.eu/resource/cellar/8da6ef0c-9af5-11e4-872e-01aa75ed71a1,2015-01,pdfa1a,5,1,1,unresolved from saved relationship metadata alone
http://publications.europa.eu/resource/cellar/9418718a-9c89-11e4-872e-01aa75ed71a1,2015-01,pdfa1a,4,1,1,unresolved from saved relationship metadata alone
http://publications.europa.eu/resource/cellar/955b2011-a873-11e4-8e01-01aa75ed71a1,2015-01,pdf1x,5,2,2,unresolved from saved relationship metadata alone
http://publications.europa.eu/resource/cellar/975f6d0d-9d52-11e4-872e-01aa75ed71a1,2015-01,pdfa1a,4,1,1,unresolved from saved relationship metadata alone
http://publications.europa.eu/resource/cellar/984d75f6-a790-11e4-8e01-01aa75ed71a1,2015-01,pdf1x,3,1,1,unresolved from saved relationship metadata alone
http://publications.europa.eu/resource/cellar/9ae0eed9-a78c-11e4-8e01-01aa75ed71a1,2015-01,pdfa1a,4,1,1,unresolved from saved relationship metadata alone
http://publications.europa.eu/resource/cellar/a5dc788c-a5f4-11e4-8e01-01aa75ed71a1,2015-01,pdfa1a,4,1,1,unresolved from saved relationship metadata alone
http://publications.europa.eu/resource/cellar/a6938e11-aac3-11e4-b5b2-01aa75ed71a1,2015-01,pdf1x,5,2,2,unresolved from saved relationship metadata alone
http://publications.europa.eu/resource/cellar/a7af0131-a7b9-11e4-8e01-01aa75ed71a1,2015-01,pdf1x,5,2,2,unresolved from saved relationship metadata alone
http://publications.europa.eu/resource/cellar/abb0440a-a55b-11e4-8e01-01aa75ed71a1,2015-01,pdf1x,5,2,2,unresolved from saved relationship metadata alone
http://publications.europa.eu/resource/cellar/abb0e04b-a55b-11e4-8e01-01aa75ed71a1,2015-01,pdf1x,3,1,1,unresolved from saved relationship metadata alone
http://publications.europa.eu/resource/cellar/affbbc8c-2a0d-11e5-9f85-01aa75ed71a1,2015-01,pdf,1,1,1,unresolved from saved relationship metadata alone
http://publications.europa.eu/resource/cellar/b1424e26-a2cf-11e4-9f50-01aa75ed71a1,2015-01,pdfa1a,4,1,1,unresolved from saved relationship metadata alone
http://publications.europa.eu/resource/cellar/b4c41a8d-9d51-11e4-872e-01aa75ed71a1,2015-01,pdfa1a,4,1,1,unresolved from saved relationship metadata alone
http://publications.europa.eu/resource/cellar/b8c0071c-a78c-11e4-8e01-01aa75ed71a1,2015-01,pdfa1a,4,1,1,unresolved from saved relationship metadata alone
http://publications.europa.eu/resource/cellar/c2f14bae-9d52-11e4-872e-01aa75ed71a1,2015-01,pdfa1a,4,1,1,unresolved from saved relationship metadata alone
http://publications.europa.eu/resource/cellar/c39d85f5-9830-11e4-b8a5-01aa75ed71a1,2015-01,pdf1x,3,1,1,unresolved from saved relationship metadata alone
http://publications.europa.eu/resource/cellar/cf4285a7-a790-11e4-8e01-01aa75ed71a1,2015-01,pdf1x,3,1,1,unresolved from saved relationship metadata alone
http://publications.europa.eu/resource/cellar/d11c207e-a7b8-11e4-8e01-01aa75ed71a1,2015-01,pdf1x,5,2,2,unresolved from saved relationship metadata alone
http://publications.europa.eu/resource/cellar/d621a7ef-a2ce-11e4-9f50-01aa75ed71a1,2015-01,pdfa1a,4,1,1,unresolved from saved relationship metadata alone
http://publications.europa.eu/resource/cellar/dc48d03e-a5f4-11e4-8e01-01aa75ed71a1,2015-01,pdfa1a,4,1,1,unresolved from saved relationship metadata alone
http://publications.europa.eu/resource/cellar/de2ae3db-a7a6-11e4-8e01-01aa75ed71a1,2015-01,pdf1x,5,2,2,unresolved from saved relationship metadata alone
http://publications.europa.eu/resource/cellar/df181d20-a073-11e4-872e-01aa75ed71a1,2015-01,pdfa1a,4,1,1,unresolved from saved relationship metadata alone
http://publications.europa.eu/resource/cellar/e06c404f-9d51-11e4-872e-01aa75ed71a1,2015-01,pdfa1a,4,1,1,unresolved from saved relationship metadata alone
http://publications.europa.eu/resource/cellar/e1d2a162-a88d-11e4-8e01-01aa75ed71a1,2015-01,pdf1x,3,1,1,unresolved from saved relationship metadata alone
http://publications.europa.eu/resource/cellar/e3e43058-a2cf-11e4-9f50-01aa75ed71a1,2015-01,pdfa1a,6,1,1,unresolved from saved relationship metadata alone
http://publications.europa.eu/resource/cellar/e708bc00-9704-11e4-b8a5-01aa75ed71a1,2015-01,pdfa1a,4,1,1,unresolved from saved relationship metadata alone
http://publications.europa.eu/resource/cellar/e87cbee3-a6b8-11e4-8e01-01aa75ed71a1,2015-01,pdfa1a,4,1,1,unresolved from saved relationship metadata alone
http://publications.europa.eu/resource/cellar/ee833d34-a891-11e4-8e01-01aa75ed71a1,2015-01,pdf1x,5,2,2,unresolved from saved relationship metadata alone
http://publications.europa.eu/resource/cellar/ef8ec011-a2ce-11e4-9f50-01aa75ed71a1,2015-01,pdfa1a,4,1,1,unresolved from saved relationship metadata alone
http://publications.europa.eu/resource/cellar/ef8fb08f-a7b8-11e4-8e01-01aa75ed71a1,2015-01,pdf1x,5,2,2,unresolved from saved relationship metadata alone
http://publications.europa.eu/resource/cellar/f0fa3bd5-9bbe-11e4-872e-01aa75ed71a1,2015-01,pdfa1a,4,1,1,unresolved from saved relationship metadata alone
http://publications.europa.eu/resource/cellar/f2de7ae9-a6b7-11e4-8e01-01aa75ed71a1,2015-01,pdfa1a,4,1,1,unresolved from saved relationship metadata alone
http://publications.europa.eu/resource/cellar/f516aadf-9d52-11e4-872e-01aa75ed71a1,2015-01,pdfa1a,4,1,1,unresolved from saved relationship metadata alone
http://publications.europa.eu/resource/cellar/f669dc5b-a86a-11e4-8e01-01aa75ed71a1,2015-01,pdf1x,3,1,1,unresolved from saved relationship metadata alone
http://publications.europa.eu/resource/cellar/f71d26ba-a0a8-11e4-872e-01aa75ed71a1,2015-01,pdf1x,5,2,2,unresolved from saved relationship metadata alone
http://publications.europa.eu/resource/cellar/fc365613-9c9f-11e4-872e-01aa75ed71a1,2015-01,pdf1x,3,1,1,unresolved from saved relationship metadata alone
http://publications.europa.eu/resource/cellar/01a911b2-b871-11e4-a73e-01aa75ed71a1,2015-02,pdf1x,5,2,2,unresolved from saved relationship metadata alone
http://publications.europa.eu/resource/cellar/03aea09a-b41b-11e4-b5b2-01aa75ed71a1,2015-02,pdfa1a,4,1,1,unresolved from saved relationship metadata alone
http://publications.europa.eu/resource/cellar/0538aa7f-b80e-11e4-b3fe-01aa75ed71a1,2015-02,pdfa1a,6,1,1,unresolved from saved relationship metadata alone
http://publications.europa.eu/resource/cellar/07f4b1b4-b818-11e4-b3fe-01aa75ed71a1,2015-02,pdf1x,3,1,1,unresolved from saved relationship metadata alone
http://publications.europa.eu/resource/cellar/08ed1f16-ab6d-11e4-b5b2-01aa75ed71a1,2015-02,pdfa1a,4,1,1,unresolved from saved relationship metadata alone
http://publications.europa.eu/resource/cellar/0a21f577-b0ee-11e4-b5b2-01aa75ed71a1,2015-02,pdfa1a,4,1,1,unresolved from saved relationship metadata alone
http://publications.europa.eu/resource/cellar/13ce4182-bdb2-11e4-bbe1-01aa75ed71a1,2015-02,pdf1x,3,1,1,unresolved from saved relationship metadata alone
http://publications.europa.eu/resource/cellar/148bd7d1-ce1d-11e4-ab4d-01aa75ed71a1,2015-02,pdf1x,3,1,1,unresolved from saved relationship metadata alone
http://publications.europa.eu/resource/cellar/1591bada-ac3a-11e4-b5b2-01aa75ed71a1,2015-02,pdfa1a,4,1,1,unresolved from saved relationship metadata alone
http://publications.europa.eu/resource/cellar/16c9f553-bdb2-11e4-bbe1-01aa75ed71a1,2015-02,pdf1x,3,1,1,unresolved from saved relationship metadata alone
http://publications.europa.eu/resource/cellar/1779adb1-bf1b-11e4-bbe1-01aa75ed71a1,2015-02,pdfa1a,4,1,1,unresolved from saved relationship metadata alone
http://publications.europa.eu/resource/cellar/17dbd6b1-b41a-11e4-b5b2-01aa75ed71a1,2015-02,pdfa1a,4,1,1,unresolved from saved relationship metadata alone
http://publications.europa.eu/resource/cellar/19b1d304-bdb2-11e4-bbe1-01aa75ed71a1,2015-02,pdf1x,3,1,1,unresolved from saved relationship metadata alone
http://publications.europa.eu/resource/cellar/1bd46c90-bdd4-11e4-bbe1-01aa75ed71a1,2015-02,pdf1x,5,2,2,unresolved from saved relationship metadata alone
http://publications.europa.eu/resource/cellar/1be51481-b8d5-11e4-a59c-01aa75ed71a1,2015-02,pdfa1a,4,1,1,unresolved from saved relationship metadata alone
http://publications.europa.eu/resource/cellar/1c42ff84-c320-11e4-bbe1-01aa75ed71a1,2015-02,pdf1x,5,2,2,unresolved from saved relationship metadata alone
http://publications.europa.eu/resource/cellar/1fc4c2ad-bcf7-11e4-bbe1-01aa75ed71a1,2015-02,pdf1x,2,1,1,unresolved from saved relationship metadata alone
http://publications.europa.eu/resource/cellar/1fd0827e-bcf7-11e4-bbe1-01aa75ed71a1,2015-02,pdf1x,2,1,1,unresolved from saved relationship metadata alone
http://publications.europa.eu/resource/cellar/21a3f935-bdb2-11e4-bbe1-01aa75ed71a1,2015-02,pdf1x,3,1,1,unresolved from saved relationship metadata alone
http://publications.europa.eu/resource/cellar/233a0286-bdb2-11e4-bbe1-01aa75ed71a1,2015-02,pdf1x,3,1,1,unresolved from saved relationship metadata alone
http://publications.europa.eu/resource/cellar/243c7e67-bdb2-11e4-bbe1-01aa75ed71a1,2015-02,pdf1x,3,1,1,unresolved from saved relationship metadata alone
http://publications.europa.eu/resource/cellar/24b9c4b8-bdb2-11e4-bbe1-01aa75ed71a1,2015-02,pdf1x,3,1,1,unresolved from saved relationship metadata alone
http://publications.europa.eu/resource/cellar/25b338bc-be79-11e4-bbe1-01aa75ed71a1,2015-02,pdf1x,3,1,1,unresolved from saved relationship metadata alone
http://publications.europa.eu/resource/cellar/25eeef99-ab95-11e4-b5b2-01aa75ed71a1,2015-02,pdf1x,3,1,1,unresolved from saved relationship metadata alone
http://publications.europa.eu/resource/cellar/266be91c-adcb-11e4-b5b2-01aa75ed71a1,2015-02,pdfa1a,7,1,1,unresolved from saved relationship metadata alone
http://publications.europa.eu/resource/cellar/268005c9-bdb2-11e4-bbe1-01aa75ed71a1,2015-02,pdf1x,3,1,1,unresolved from saved relationship metadata alone
http://publications.europa.eu/resource/cellar/29736288-ab6d-11e4-b5b2-01aa75ed71a1,2015-02,pdfa1a,4,1,1,unresolved from saved relationship metadata alone
http://publications.europa.eu/resource/cellar/299a170a-bdb2-11e4-bbe1-01aa75ed71a1,2015-02,pdf1x,3,1,1,unresolved from saved relationship metadata alone
http://publications.europa.eu/resource/cellar/29da214a-bb4b-11e4-809a-01aa75ed71a1,2015-02,pdf1x,2,1,1,unresolved from saved relationship metadata alone
http://publications.europa.eu/resource/cellar/2e795f5a-b34c-11e4-b5b2-01aa75ed71a1,2015-02,pdfa1a,4,1,1,unresolved from saved relationship metadata alone
http://publications.europa.eu/resource/cellar/308d43cb-bdb2-11e4-bbe1-01aa75ed71a1,2015-02,pdf1x,3,1,1,unresolved from saved relationship metadata alone
http://publications.europa.eu/resource/cellar/34466684-adf1-11e4-b5b2-01aa75ed71a1,2015-02,pdf1x,3,1,1,unresolved from saved relationship metadata alone
http://publications.europa.eu/resource/cellar/38effd7b-ac3a-11e4-b5b2-01aa75ed71a1,2015-02,pdfa1a,4,1,1,unresolved from saved relationship metadata alone
http://publications.europa.eu/resource/cellar/3ab704d8-cd83-11e4-ab4d-01aa75ed71a1,2015-02,pdf1x,3,1,1,unresolved from saved relationship metadata alone
http://publications.europa.eu/resource/cellar/3c31004d-bdb2-11e4-bbe1-01aa75ed71a1,2015-02,pdf1x,3,1,1,unresolved from saved relationship metadata alone
http://publications.europa.eu/resource/cellar/3c5d9d42-b742-11e4-b3fe-01aa75ed71a1,2015-02,pdfa1a,4,1,1,unresolved from saved relationship metadata alone
http://publications.europa.eu/resource/cellar/3dda153d-be79-11e4-bbe1-01aa75ed71a1,2015-02,pdf1x,3,1,1,unresolved from saved relationship metadata alone
http://publications.europa.eu/resource/cellar/3f1f5ffd-abad-11e4-b5b2-01aa75ed71a1,2015-02,pdf1x,4,2,2,unresolved from saved relationship metadata alone
http://publications.europa.eu/resource/cellar/3fb3e57e-bdb2-11e4-bbe1-01aa75ed71a1,2015-02,pdf1x,3,1,1,unresolved from saved relationship metadata alone
http://publications.europa.eu/resource/cellar/4148f284-b858-11e4-a73e-01aa75ed71a1,2015-02,pdf1x,3,1,1,unresolved from saved relationship metadata alone
http://publications.europa.eu/resource/cellar/428b968f-bdb2-11e4-bbe1-01aa75ed71a1,2015-02,pdf1x,3,1,1,unresolved from saved relationship metadata alone
http://publications.europa.eu/resource/cellar/43ecad30-bdb2-11e4-bbe1-01aa75ed71a1,2015-02,pdf1x,3,1,1,unresolved from saved relationship metadata alone
http://publications.europa.eu/resource/cellar/458108d1-bdb2-11e4-bbe1-01aa75ed71a1,2015-02,pdf1x,3,1,1,unresolved from saved relationship metadata alone
http://publications.europa.eu/resource/cellar/46d7bf32-bdb2-11e4-bbe1-01aa75ed71a1,2015-02,pdf1x,3,1,1,unresolved from saved relationship metadata alone
http://publications.europa.eu/resource/cellar/48e409f3-bdb2-11e4-bbe1-01aa75ed71a1,2015-02,pdf1x,3,1,1,unresolved from saved relationship metadata alone
http://publications.europa.eu/resource/cellar/490b01df-bdd1-11e4-bbe1-01aa75ed71a1,2015-02,pdf1x,2,1,1,unresolved from saved relationship metadata alone
http://publications.europa.eu/resource/cellar/49a277f4-bdb2-11e4-bbe1-01aa75ed71a1,2015-02,pdf1x,3,1,1,unresolved from saved relationship metadata alone
http://publications.europa.eu/resource/cellar/49df17eb-cd81-11e4-ab4d-01aa75ed71a1,2015-02,pdf1x,3,1,1,unresolved from saved relationship metadata alone
http://publications.europa.eu/resource/cellar/4bccb25f-abaf-11e4-b5b2-01aa75ed71a1,2015-02,pdf1x,5,2,2,unresolved from saved relationship metadata alone
http://publications.europa.eu/resource/cellar/4c3715b7-b388-11e4-b5b2-01aa75ed71a1,2015-02,pdf1x,3,1,1,unresolved from saved relationship metadata alone
http://publications.europa.eu/resource/cellar/4cc45165-bdb2-11e4-bbe1-01aa75ed71a1,2015-02,pdf1x,3,1,1,unresolved from saved relationship metadata alone
http://publications.europa.eu/resource/cellar/4cf341ee-b8d6-11e4-a59c-01aa75ed71a1,2015-02,pdfa1a,4,1,1,unresolved from saved relationship metadata alone
http://publications.europa.eu/resource/cellar/4d91d4e9-cd83-11e4-ab4d-01aa75ed71a1,2015-02,pdf1x,3,1,1,unresolved from saved relationship metadata alone
http://publications.europa.eu/resource/cellar/4dbc9b9d-adcb-11e4-b5b2-01aa75ed71a1,2015-02,pdfa1a,5,1,1,unresolved from saved relationship metadata alone
http://publications.europa.eu/resource/cellar/4e389aae-be79-11e4-bbe1-01aa75ed71a1,2015-02,pdf1x,14,1,1,unresolved from saved relationship metadata alone
http://publications.europa.eu/resource/cellar/519f7064-b34b-11e4-b5b2-01aa75ed71a1,2015-02,pdfa1a,4,1,1,unresolved from saved relationship metadata alone
http://publications.europa.eu/resource/cellar/537a7e16-ae0a-11e4-b5b2-01aa75ed71a1,2015-02,pdf1x,5,2,2,unresolved from saved relationship metadata alone
http://publications.europa.eu/resource/cellar/539ab43a-b77d-11e4-b3fe-01aa75ed71a1,2015-02,pdf1x,3,1,1,unresolved from saved relationship metadata alone
http://publications.europa.eu/resource/cellar/5477b9af-be79-11e4-bbe1-01aa75ed71a1,2015-02,pdf1x,3,1,1,unresolved from saved relationship metadata alone
http://publications.europa.eu/resource/cellar/54c96cea-bdbe-11e4-bbe1-01aa75ed71a1,2015-02,pdf1x,3,1,1,unresolved from saved relationship metadata alone
http://publications.europa.eu/resource/cellar/57819e54-ae95-11e4-b5b2-01aa75ed71a1,2015-02,pdfa1a,5,1,1,unresolved from saved relationship metadata alone
http://publications.europa.eu/resource/cellar/57b9708a-be4c-11e4-bbe1-01aa75ed71a1,2015-02,pdfa1a,4,1,1,unresolved from saved relationship metadata alone
http://publications.europa.eu/resource/cellar/60c13c39-cd7d-11e4-ab4d-01aa75ed71a1,2015-02,pdf1x,3,1,1,unresolved from saved relationship metadata alone
http://publications.europa.eu/resource/cellar/64e6103f-bcbc-11e4-bbe1-01aa75ed71a1,2015-02,pdfa1a,14,1,1,unresolved from saved relationship metadata alone
http://publications.europa.eu/resource/cellar/70ddd56e-b78f-11e4-b3fe-01aa75ed71a1,2015-02,pdf1x,5,2,2,unresolved from saved relationship metadata alone
http://publications.europa.eu/resource/cellar/77644ec6-ae95-11e4-b5b2-01aa75ed71a1,2015-02,pdfa1a,4,1,1,unresolved from saved relationship metadata alone
http://publications.europa.eu/resource/cellar/7e09cf3e-ac3a-11e4-b5b2-01aa75ed71a1,2015-02,pdfa1a,4,1,1,unresolved from saved relationship metadata alone
http://publications.europa.eu/resource/cellar/7f363c1c-be4c-11e4-bbe1-01aa75ed71a1,2015-02,pdfa1a,4,1,1,unresolved from saved relationship metadata alone
http://publications.europa.eu/resource/cellar/895124aa-d176-11e4-9de8-01aa75ed71a1,2015-02,pdf1x,3,1,1,unresolved from saved relationship metadata alone
http://publications.europa.eu/resource/cellar/8cf7c8d1-bcbc-11e4-bbe1-01aa75ed71a1,2015-02,pdfa1a,4,1,1,unresolved from saved relationship metadata alone
http://publications.europa.eu/resource/cellar/8d97911f-b8d6-11e4-a59c-01aa75ed71a1,2015-02,pdfa1a,4,1,1,unresolved from saved relationship metadata alone
http://publications.europa.eu/resource/cellar/8ebe2d0d-be4b-11e4-bbe1-01aa75ed71a1,2015-02,pdfa1a,4,1,1,unresolved from saved relationship metadata alone
http://publications.europa.eu/resource/cellar/933426b6-d168-11e4-9de8-01aa75ed71a1,2015-02,pdf1x,3,1,1,unresolved from saved relationship metadata alone
http://publications.europa.eu/resource/cellar/93fa0c0f-bf1a-11e4-bbe1-01aa75ed71a1,2015-02,pdfa1a,4,1,1,unresolved from saved relationship metadata alone
http://publications.europa.eu/resource/cellar/945c9f55-b742-11e4-b3fe-01aa75ed71a1,2015-02,pdfa1a,4,1,1,unresolved from saved relationship metadata alone
http://publications.europa.eu/resource/cellar/9570f994-b5d8-11e4-b5b2-01aa75ed71a1,2015-02,pdf1x,3,1,1,unresolved from saved relationship metadata alone
http://publications.europa.eu/resource/cellar/95a44670-b02f-11e4-b5b2-01aa75ed71a1,2015-02,pdf1x,3,1,1,unresolved from saved relationship metadata alone
http://publications.europa.eu/resource/cellar/96741e64-aacc-11e4-b5b2-01aa75ed71a1,2015-02,pdf1x,3,1,1,unresolved from saved relationship metadata alone
http://publications.europa.eu/resource/cellar/9cfe0b3a-cd80-11e4-ab4d-01aa75ed71a1,2015-02,pdf1x,3,1,1,unresolved from saved relationship metadata alone
http://publications.europa.eu/resource/cellar/9f821946-b34b-11e4-b5b2-01aa75ed71a1,2015-02,pdfa1a,4,1,1,unresolved from saved relationship metadata alone
http://publications.europa.eu/resource/cellar/a1a7d081-b071-11e4-b5b2-01aa75ed71a1,2015-02,pdf1x,3,1,1,unresolved from saved relationship metadata alone
http://publications.europa.eu/resource/cellar/a7d832f8-cd7c-11e4-ab4d-01aa75ed71a1,2015-02,pdf1x,3,1,1,unresolved from saved relationship metadata alone
http://publications.europa.eu/resource/cellar/aaf174ae-be4c-11e4-bbe1-01aa75ed71a1,2015-02,pdfa1a,8,1,1,unresolved from saved relationship metadata alone
http://publications.europa.eu/resource/cellar/afc5ef38-ad24-11e4-b5b2-01aa75ed71a1,2015-02,pdf1x,5,2,2,unresolved from saved relationship metadata alone
http://publications.europa.eu/resource/cellar/b11cc3cd-b91d-11e4-94b7-01aa75ed71a1,2015-02,pdf1x,3,1,1,unresolved from saved relationship metadata alone
http://publications.europa.eu/resource/cellar/b221f189-ad2d-11e4-b5b2-01aa75ed71a1,2015-02,pdf1x,3,1,1,unresolved from saved relationship metadata alone
http://publications.europa.eu/resource/cellar/b275c68b-bdc4-11e4-bbe1-01aa75ed71a1,2015-02,pdf1x,3,1,1,unresolved from saved relationship metadata alone
http://publications.europa.eu/resource/cellar/b3ecf914-b368-11e4-b5b2-01aa75ed71a1,2015-02,pdf1x,5,2,2,unresolved from saved relationship metadata alone
http://publications.europa.eu/resource/cellar/b561aa83-ac5d-11e4-b5b2-01aa75ed71a1,2015-02,pdf1x,3,1,1,unresolved from saved relationship metadata alone
http://publications.europa.eu/resource/cellar/b5c391fc-bdc4-11e4-bbe1-01aa75ed71a1,2015-02,pdf1x,3,1,1,unresolved from saved relationship metadata alone
http://publications.europa.eu/resource/cellar/b66cc156-bd88-11e4-bbe1-01aa75ed71a1,2015-02,pdfa1a,4,1,1,unresolved from saved relationship metadata alone
http://publications.europa.eu/resource/cellar/b6aec837-bdb7-11e4-bbe1-01aa75ed71a1,2015-02,pdf1x,3,1,1,unresolved from saved relationship metadata alone
http://publications.europa.eu/resource/cellar/b8d863b3-bcbc-11e4-bbe1-01aa75ed71a1,2015-02,pdfa1a,4,1,1,unresolved from saved relationship metadata alone
http://publications.europa.eu/resource/cellar/bd3eadee-bdb1-11e4-bbe1-01aa75ed71a1,2015-02,pdf1x,3,1,1,unresolved from saved relationship metadata alone
http://publications.europa.eu/resource/cellar/c11160cf-bdb1-11e4-bbe1-01aa75ed71a1,2015-02,pdf1x,3,1,1,unresolved from saved relationship metadata alone
http://publications.europa.eu/resource/cellar/c19995d0-be4b-11e4-bbe1-01aa75ed71a1,2015-02,pdfa1a,4,1,1,unresolved from saved relationship metadata alone
http://publications.europa.eu/resource/cellar/c3da330e-b80d-11e4-b3fe-01aa75ed71a1,2015-02,pdfa1a,4,1,1,unresolved from saved relationship metadata alone
http://publications.europa.eu/resource/cellar/c4241f10-bdb1-11e4-bbe1-01aa75ed71a1,2015-02,pdf1x,3,1,1,unresolved from saved relationship metadata alone
http://publications.europa.eu/resource/cellar/c70ee209-bdbc-11e4-bbe1-01aa75ed71a1,2015-02,pdf1x,3,1,1,unresolved from saved relationship metadata alone
http://publications.europa.eu/resource/cellar/c724c223-b0ed-11e4-b5b2-01aa75ed71a1,2015-02,pdfa1a,4,1,1,unresolved from saved relationship metadata alone
http://publications.europa.eu/resource/cellar/c73e5761-bdb1-11e4-bbe1-01aa75ed71a1,2015-02,pdf1x,3,1,1,unresolved from saved relationship metadata alone
http://publications.europa.eu/resource/cellar/c77cca96-bdb2-11e4-bbe1-01aa75ed71a1,2015-02,pdf1x,3,1,1,unresolved from saved relationship metadata alone
http://publications.europa.eu/resource/cellar/c91579b8-bdb7-11e4-bbe1-01aa75ed71a1,2015-02,pdf1x,5,2,2,unresolved from saved relationship metadata alone
http://publications.europa.eu/resource/cellar/cc96b459-be5a-11e4-bbe1-01aa75ed71a1,2015-02,pdf1x,3,1,1,unresolved from saved relationship metadata alone
http://publications.europa.eu/resource/cellar/cf0cafae-b8d4-11e4-a59c-01aa75ed71a1,2015-02,pdfa1a,4,1,1,unresolved from saved relationship metadata alone
http://publications.europa.eu/resource/cellar/d9686200-bcfa-11e4-bbe1-01aa75ed71a1,2015-02,pdf1x,3,1,1,unresolved from saved relationship metadata alone
http://publications.europa.eu/resource/cellar/dab192d0-b8d6-11e4-a59c-01aa75ed71a1,2015-02,pdfa1a,4,1,1,unresolved from saved relationship metadata alone
http://publications.europa.eu/resource/cellar/db3cea60-be79-11e4-bbe1-01aa75ed71a1,2015-02,pdf1x,3,1,1,unresolved from saved relationship metadata alone
http://publications.europa.eu/resource/cellar/dd7837b9-b41a-11e4-b5b2-01aa75ed71a1,2015-02,pdfa1a,4,1,1,unresolved from saved relationship metadata alone
http://publications.europa.eu/resource/cellar/df18d0a5-b36d-11e4-b5b2-01aa75ed71a1,2015-02,pdf1x,3,1,1,unresolved from saved relationship metadata alone
http://publications.europa.eu/resource/cellar/e27fdb4d-bdce-11e4-bbe1-01aa75ed71a1,2015-02,pdf1x,5,2,2,unresolved from saved relationship metadata alone
http://publications.europa.eu/resource/cellar/e6ca90a5-b0ed-11e4-b5b2-01aa75ed71a1,2015-02,pdfa1a,4,1,1,unresolved from saved relationship metadata alone
http://publications.europa.eu/resource/cellar/eb097286-ac85-11e4-b5b2-01aa75ed71a1,2015-02,pdf1x,3,1,1,unresolved from saved relationship metadata alone
http://publications.europa.eu/resource/cellar/ee39b672-b071-11e4-b5b2-01aa75ed71a1,2015-02,pdf1x,5,2,2,unresolved from saved relationship metadata alone
http://publications.europa.eu/resource/cellar/ef1431a5-be4b-11e4-bbe1-01aa75ed71a1,2015-02,pdfa1a,6,1,1,unresolved from saved relationship metadata alone
http://publications.europa.eu/resource/cellar/f4765565-bb49-11e4-809a-01aa75ed71a1,2015-02,pdf1x,2,1,1,unresolved from saved relationship metadata alone
http://publications.europa.eu/resource/cellar/f7fbe612-b34a-11e4-b5b2-01aa75ed71a1,2015-02,pdfa1a,4,1,1,unresolved from saved relationship metadata alone
http://publications.europa.eu/resource/cellar/fa14e725-ae09-11e4-b5b2-01aa75ed71a1,2015-02,pdf1x,7,3,3,unresolved from saved relationship metadata alone
http://publications.europa.eu/resource/cellar/fa4b7ba6-b36f-11e4-b5b2-01aa75ed71a1,2015-02,pdf1x,3,1,1,unresolved from saved relationship metadata alone
http://publications.europa.eu/resource/cellar/fb7b163a-b8d5-11e4-a59c-01aa75ed71a1,2015-02,pdfa1a,4,1,1,unresolved from saved relationship metadata alone
http://publications.europa.eu/resource/cellar/fca4fdbf-bcf8-11e4-bbe1-01aa75ed71a1,2015-02,pdf1x,2,1,1,unresolved from saved relationship metadata alone
http://publications.europa.eu/resource/cellar/fd7f87fa-adca-11e4-b5b2-01aa75ed71a1,2015-02,pdfa1a,4,1,1,unresolved from saved relationship metadata alone
http://publications.europa.eu/resource/cellar/fd91e065-bc0d-11e4-bbe1-01aa75ed71a1,2015-02,pdf1x,4,1,1,unresolved from saved relationship metadata alone
http://publications.europa.eu/resource/cellar/fe12cb91-b870-11e4-a73e-01aa75ed71a1,2015-02,pdf1x,5,2,2,unresolved from saved relationship metadata alone
http://publications.europa.eu/resource/cellar/0152bec2-d3c7-11e4-9de8-01aa75ed71a1,2015-03,pdf1x,3,1,1,unresolved from saved relationship metadata alone
http://publications.europa.eu/resource/cellar/051e2a07-d2f9-11e4-9de8-01aa75ed71a1,2015-03,pdf1x,3,1,1,unresolved from saved relationship metadata alone
http://publications.europa.eu/resource/cellar/068b26dc-c6f4-11e4-bbe1-01aa75ed71a1,2015-03,pdfa1a,6,1,1,unresolved from saved relationship metadata alone
http://publications.europa.eu/resource/cellar/06ee5b11-d2c2-11e4-9de8-01aa75ed71a1,2015-03,pdfa1a,4,1,1,unresolved from saved relationship metadata alone
http://publications.europa.eu/resource/cellar/07381016-d769-11e4-9de8-01aa75ed71a1,2015-03,pdfa1a,4,1,1,unresolved from saved relationship metadata alone
http://publications.europa.eu/resource/cellar/09d1c6de-c173-11e4-bbe1-01aa75ed71a1,2015-03,pdfa1a,4,1,1,unresolved from saved relationship metadata alone
http://publications.europa.eu/resource/cellar/0b460e76-2a0d-11e5-9f85-01aa75ed71a1,2015-03,pdf,1,1,1,unresolved from saved relationship metadata alone
http://publications.europa.eu/resource/cellar/0da1fc7d-c241-11e4-bbe1-01aa75ed71a1,2015-03,pdfa1a,4,1,1,unresolved from saved relationship metadata alone
http://publications.europa.eu/resource/cellar/1b6d7ae1-cecb-11e4-8b38-01aa75ed71a1,2015-03,pdfa1a,4,1,1,unresolved from saved relationship metadata alone
http://publications.europa.eu/resource/cellar/1c14f9be-d456-11e4-9de8-01aa75ed71a1,2015-03,pdfa1a,5,1,1,unresolved from saved relationship metadata alone
http://publications.europa.eu/resource/cellar/1d01333f-c308-11e4-bbe1-01aa75ed71a1,2015-03,pdfa1a,4,1,1,unresolved from saved relationship metadata alone
http://publications.europa.eu/resource/cellar/1ecac05b-d455-11e4-9de8-01aa75ed71a1,2015-03,pdfa1a,4,1,1,unresolved from saved relationship metadata alone
http://publications.europa.eu/resource/cellar/20d06bf4-c6f3-11e4-bbe1-01aa75ed71a1,2015-03,pdfa1a,4,1,1,unresolved from saved relationship metadata alone
http://publications.europa.eu/resource/cellar/26a6918b-d38c-11e4-9de8-01aa75ed71a1,2015-03,pdfa1a,4,1,1,unresolved from saved relationship metadata alone
http://publications.europa.eu/resource/cellar/2b09e9f3-d3c7-11e4-9de8-01aa75ed71a1,2015-03,pdf1x,3,1,1,unresolved from saved relationship metadata alone
http://publications.europa.eu/resource/cellar/2c84edd9-d2ff-11e4-9de8-01aa75ed71a1,2015-03,pdf1x,3,1,1,unresolved from saved relationship metadata alone
http://publications.europa.eu/resource/cellar/2de14353-c49b-11e4-bbe1-01aa75ed71a1,2015-03,pdfa1a,4,1,1,unresolved from saved relationship metadata alone
http://publications.europa.eu/resource/cellar/2fbffc7a-8d8f-4ea0-8961-95f356671d22,2015-03,pdf,3,1,1,unresolved from saved relationship metadata alone
http://publications.europa.eu/resource/cellar/3078c659-d2c1-11e4-9de8-01aa75ed71a1,2015-03,pdfa1a,4,1,1,unresolved from saved relationship metadata alone
http://publications.europa.eu/resource/cellar/31bb16c9-d769-11e4-9de8-01aa75ed71a1,2015-03,pdfa1a,4,1,1,unresolved from saved relationship metadata alone
http://publications.europa.eu/resource/cellar/32910fef-c368-11e4-bbe1-01aa75ed71a1,2015-03,pdf1x,5,2,2,unresolved from saved relationship metadata alone
http://publications.europa.eu/resource/cellar/32b4b3ce-2a0e-11e5-9f85-01aa75ed71a1,2015-03,pdf,1,1,1,unresolved from saved relationship metadata alone
http://publications.europa.eu/resource/cellar/33d9ec4c-c65f-11e4-bbe1-01aa75ed71a1,2015-03,pdf1x,3,1,1,unresolved from saved relationship metadata alone
http://publications.europa.eu/resource/cellar/3470c661-c665-11e4-bbe1-01aa75ed71a1,2015-03,pdf1x,3,1,1,unresolved from saved relationship metadata alone
http://publications.europa.eu/resource/cellar/363abfad-c65f-11e4-bbe1-01aa75ed71a1,2015-03,pdf1x,3,1,1,unresolved from saved relationship metadata alone
http://publications.europa.eu/resource/cellar/37267ed4-cecb-11e4-8b38-01aa75ed71a1,2015-03,pdfa1a,4,1,1,unresolved from saved relationship metadata alone
http://publications.europa.eu/resource/cellar/375e8a3f-c350-11e4-bbe1-01aa75ed71a1,2015-03,pdf1x,3,1,1,unresolved from saved relationship metadata alone
http://publications.europa.eu/resource/cellar/39ddaffe-c65f-11e4-bbe1-01aa75ed71a1,2015-03,pdf1x,3,1,1,unresolved from saved relationship metadata alone
http://publications.europa.eu/resource/cellar/3baa75d6-c240-11e4-bbe1-01aa75ed71a1,2015-03,pdfa1a,103,1,1,unresolved from saved relationship metadata alone
http://publications.europa.eu/resource/cellar/3d58445b-c49a-11e4-bbe1-01aa75ed71a1,2015-03,pdfa1a,4,1,1,unresolved from saved relationship metadata alone
http://publications.europa.eu/resource/cellar/41f04666-c1be-11e4-bbe1-01aa75ed71a1,2015-03,pdf1x,3,1,1,unresolved from saved relationship metadata alone
http://publications.europa.eu/resource/cellar/426e21e7-cd7c-11e4-ab4d-01aa75ed71a1,2015-03,pdf1x,3,1,1,unresolved from saved relationship metadata alone
http://publications.europa.eu/resource/cellar/453dfd42-c0ed-11e4-bbe1-01aa75ed71a1,2015-03,pdf1x,5,2,2,unresolved from saved relationship metadata alone
http://publications.europa.eu/resource/cellar/46a8957b-c3ce-11e4-bbe1-01aa75ed71a1,2015-03,pdfa1a,4,1,1,unresolved from saved relationship metadata alone
http://publications.europa.eu/resource/cellar/48c7f060-c6f4-11e4-bbe1-01aa75ed71a1,2015-03,pdfa1a,6,1,1,unresolved from saved relationship metadata alone
http://publications.europa.eu/resource/cellar/4900811f-c65f-11e4-bbe1-01aa75ed71a1,2015-03,pdf1x,3,1,1,unresolved from saved relationship metadata alone
http://publications.europa.eu/resource/cellar/4b1a6070-c65f-11e4-bbe1-01aa75ed71a1,2015-03,pdf1x,3,1,1,unresolved from saved relationship metadata alone
http://publications.europa.eu/resource/cellar/4bf7dd2b-c307-11e4-bbe1-01aa75ed71a1,2015-03,pdfa1a,4,1,1,unresolved from saved relationship metadata alone
http://publications.europa.eu/resource/cellar/4db885af-cd7a-11e4-ab4d-01aa75ed71a1,2015-03,pdf1x,2,1,1,unresolved from saved relationship metadata alone
http://publications.europa.eu/resource/cellar/4e2bd676-c980-11e4-9ae3-01aa75ed71a1,2015-03,pdf1x,5,2,2,unresolved from saved relationship metadata alone
http://publications.europa.eu/resource/cellar/507243cb-c64b-11e4-bbe1-01aa75ed71a1,2015-03,pdf1x,5,2,2,unresolved from saved relationship metadata alone
http://publications.europa.eu/resource/cellar/50af426b-c0c9-11e4-bbe1-01aa75ed71a1,2015-03,pdf1x,5,2,2,unresolved from saved relationship metadata alone
http://publications.europa.eu/resource/cellar/53c7036b-d2c1-11e4-9de8-01aa75ed71a1,2015-03,pdfa1a,4,1,1,unresolved from saved relationship metadata alone
http://publications.europa.eu/resource/cellar/55ee98c6-c6f3-11e4-bbe1-01aa75ed71a1,2015-03,pdfa1a,4,1,1,unresolved from saved relationship metadata alone
http://publications.europa.eu/resource/cellar/59360211-cf5c-11e4-9a66-01aa75ed71a1,2015-03,pdfa1a,5,1,1,unresolved from saved relationship metadata alone
http://publications.europa.eu/resource/cellar/59882428-c411-11e4-bbe1-01aa75ed71a1,2015-03,pdf1x,5,2,2,unresolved from saved relationship metadata alone
http://publications.europa.eu/resource/cellar/5cebbc65-c70e-11e4-bbe1-01aa75ed71a1,2015-03,pdf1x,5,2,2,unresolved from saved relationship metadata alone
http://publications.europa.eu/resource/cellar/5dc94022-d45b-11e4-9de8-01aa75ed71a1,2015-03,pdfa1a,4,1,1,unresolved from saved relationship metadata alone
http://publications.europa.eu/resource/cellar/5f387d42-c368-11e4-bbe1-01aa75ed71a1,2015-03,pdf1x,5,2,2,unresolved from saved relationship metadata alone
http://publications.europa.eu/resource/cellar/635dfa66-c30a-11e4-bbe1-01aa75ed71a1,2015-03,pdfa1a,4,1,1,unresolved from saved relationship metadata alone
http://publications.europa.eu/resource/cellar/65552bd9-2a0d-11e5-9f85-01aa75ed71a1,2015-03,pdf,1,1,1,unresolved from saved relationship metadata alone
http://publications.europa.eu/resource/cellar/6605b668-c732-11e4-bbe1-01aa75ed71a1,2015-03,pdf1x,3,1,1,unresolved from saved relationship metadata alone
http://publications.europa.eu/resource/cellar/690cb509-c94e-11e4-bbe1-01aa75ed71a1,2015-03,pdfa1a,4,1,1,unresolved from saved relationship metadata alone
http://publications.europa.eu/resource/cellar/6b38c86e-c3ce-11e4-bbe1-01aa75ed71a1,2015-03,pdfa1a,4,1,1,unresolved from saved relationship metadata alone
http://publications.europa.eu/resource/cellar/6b50904e-d768-11e4-9de8-01aa75ed71a1,2015-03,pdfa1a,4,1,1,unresolved from saved relationship metadata alone
http://publications.europa.eu/resource/cellar/6c0caf4c-d1f9-11e4-9de8-01aa75ed71a1,2015-03,pdfa1a,4,1,1,unresolved from saved relationship metadata alone
http://publications.europa.eu/resource/cellar/6c99f1d0-c0d6-11e4-bbe1-01aa75ed71a1,2015-03,pdf1x,5,2,2,unresolved from saved relationship metadata alone
http://publications.europa.eu/resource/cellar/755ca869-c8c0-11e4-bbe1-01aa75ed71a1,2015-03,pdf1x,5,2,2,unresolved from saved relationship metadata alone
http://publications.europa.eu/resource/cellar/75e3773c-d2c1-11e4-9de8-01aa75ed71a1,2015-03,pdfa1a,4,1,1,unresolved from saved relationship metadata alone
http://publications.europa.eu/resource/cellar/76e68795-ced6-11e4-8b38-01aa75ed71a1,2015-03,pdf1x,3,1,1,unresolved from saved relationship metadata alone
http://publications.europa.eu/resource/cellar/7776965c-d38c-11e4-9de8-01aa75ed71a1,2015-03,pdfa1a,4,1,1,unresolved from saved relationship metadata alone
http://publications.europa.eu/resource/cellar/7824c91a-c8c0-11e4-bbe1-01aa75ed71a1,2015-03,pdf1x,3,1,1,unresolved from saved relationship metadata alone
http://publications.europa.eu/resource/cellar/7943083f-c3cf-11e4-bbe1-01aa75ed71a1,2015-03,pdfa1a,6,1,1,unresolved from saved relationship metadata alone
http://publications.europa.eu/resource/cellar/7c25ab21-d7a0-11e4-9de8-01aa75ed71a1,2015-03,pdf1x,17,1,1,unresolved from saved relationship metadata alone
http://publications.europa.eu/resource/cellar/812fc230-c353-11e4-bbe1-01aa75ed71a1,2015-03,pdf1x,5,2,2,unresolved from saved relationship metadata alone
http://publications.europa.eu/resource/cellar/8152de33-cf5c-11e4-9a66-01aa75ed71a1,2015-03,pdfa1a,4,1,1,unresolved from saved relationship metadata alone
http://publications.europa.eu/resource/cellar/827031d7-c7bb-11e4-bbe1-01aa75ed71a1,2015-03,pdfa1a,14,1,1,unresolved from saved relationship metadata alone
http://publications.europa.eu/resource/cellar/8cc65379-c94d-11e4-bbe1-01aa75ed71a1,2015-03,pdfa1a,4,1,1,unresolved from saved relationship metadata alone
http://publications.europa.eu/resource/cellar/8eb83b89-c7f9-11e4-bbe1-01aa75ed71a1,2015-03,pdf1x,3,1,1,unresolved from saved relationship metadata alone
http://publications.europa.eu/resource/cellar/8f28400a-cecb-11e4-8b38-01aa75ed71a1,2015-03,pdfa1a,4,1,1,unresolved from saved relationship metadata alone
http://publications.europa.eu/resource/cellar/8fe3808d-d2c1-11e4-9de8-01aa75ed71a1,2015-03,pdfa1a,4,1,1,unresolved from saved relationship metadata alone
http://publications.europa.eu/resource/cellar/9105647b-cecb-11e4-8b38-01aa75ed71a1,2015-03,pdfa1a,4,1,1,unresolved from saved relationship metadata alone
http://publications.europa.eu/resource/cellar/9a033b6c-c0c9-11e4-bbe1-01aa75ed71a1,2015-03,pdf1x,5,2,2,unresolved from saved relationship metadata alone
http://publications.europa.eu/resource/cellar/9a46c332-c666-11e4-bbe1-01aa75ed71a1,2015-03,pdf1x,3,1,1,unresolved from saved relationship metadata alone
http://publications.europa.eu/resource/cellar/9dc5a1da-d6bf-11e4-9de8-01aa75ed71a1,2015-03,pdf1x,2,1,1,unresolved from saved relationship metadata alone
http://publications.europa.eu/resource/cellar/9df09dc0-d768-11e4-9de8-01aa75ed71a1,2015-03,pdfa1a,4,1,1,unresolved from saved relationship metadata alone
http://publications.europa.eu/resource/cellar/9e7d9a77-c410-11e4-bbe1-01aa75ed71a1,2015-03,pdf1x,5,2,2,unresolved from saved relationship metadata alone
http://publications.europa.eu/resource/cellar/a04f0a18-d2dc-11e4-9de8-01aa75ed71a1,2015-03,pdf1x,3,1,1,unresolved from saved relationship metadata alone
http://publications.europa.eu/resource/cellar/a19487f1-c3cf-11e4-bbe1-01aa75ed71a1,2015-03,pdfa1a,4,1,1,unresolved from saved relationship metadata alone
http://publications.europa.eu/resource/cellar/a2a42682-c364-11e4-bbe1-01aa75ed71a1,2015-03,pdf1x,5,2,2,unresolved from saved relationship metadata alone
http://publications.europa.eu/resource/cellar/a40ac4d6-c3df-11e4-bbe1-01aa75ed71a1,2015-03,pdf1x,5,2,2,unresolved from saved relationship metadata alone
http://publications.europa.eu/resource/cellar/a5a1220d-ce00-11e4-ab4d-01aa75ed71a1,2015-03,pdfa1a,4,1,1,unresolved from saved relationship metadata alone
http://publications.europa.eu/resource/cellar/a85b3468-ced6-11e4-8b38-01aa75ed71a1,2015-03,pdf1x,3,1,1,unresolved from saved relationship metadata alone
http://publications.europa.eu/resource/cellar/ac8fcfa5-c1b3-11e4-bbe1-01aa75ed71a1,2015-03,pdf1x,5,2,2,unresolved from saved relationship metadata alone
http://publications.europa.eu/resource/cellar/ad8e1b4e-d2c1-11e4-9de8-01aa75ed71a1,2015-03,pdfa1a,4,1,1,unresolved from saved relationship metadata alone
http://publications.europa.eu/resource/cellar/ae26a558-d173-11e4-9de8-01aa75ed71a1,2015-03,pdf1x,3,1,1,unresolved from saved relationship metadata alone
http://publications.europa.eu/resource/cellar/ae8529eb-d2df-11e4-9de8-01aa75ed71a1,2015-03,pdf1x,3,1,1,unresolved from saved relationship metadata alone
http://publications.europa.eu/resource/cellar/b0967dbc-d2df-11e4-9de8-01aa75ed71a1,2015-03,pdf1x,3,1,1,unresolved from saved relationship metadata alone
http://publications.europa.eu/resource/cellar/b0b7fc7c-c94d-11e4-bbe1-01aa75ed71a1,2015-03,pdfa1a,4,1,1,unresolved from saved relationship metadata alone
http://publications.europa.eu/resource/cellar/b0ea4530-d38d-11e4-9de8-01aa75ed71a1,2015-03,pdfa1a,4,1,1,unresolved from saved relationship metadata alone
http://publications.europa.eu/resource/cellar/b182ce4d-cecb-11e4-8b38-01aa75ed71a1,2015-03,pdfa1a,5,1,1,unresolved from saved relationship metadata alone
http://publications.europa.eu/resource/cellar/b25d7add-c181-11e4-bbe1-01aa75ed71a1,2015-03,pdf1x,3,1,1,unresolved from saved relationship metadata alone
http://publications.europa.eu/resource/cellar/b30134ee-c181-11e4-bbe1-01aa75ed71a1,2015-03,pdf1x,5,2,2,unresolved from saved relationship metadata alone
http://publications.europa.eu/resource/cellar/b333bddd-d2df-11e4-9de8-01aa75ed71a1,2015-03,pdf1x,3,1,1,unresolved from saved relationship metadata alone
http://publications.europa.eu/resource/cellar/b4046c4b-c30c-11e4-bbe1-01aa75ed71a1,2015-03,pdfa1a,6,1,1,unresolved from saved relationship metadata alone
http://publications.europa.eu/resource/cellar/b7184b0f-d2df-11e4-9de8-01aa75ed71a1,2015-03,pdf1x,3,1,1,unresolved from saved relationship metadata alone
http://publications.europa.eu/resource/cellar/b7c7c4f0-d2df-11e4-9de8-01aa75ed71a1,2015-03,pdf1x,3,1,1,unresolved from saved relationship metadata alone
http://publications.europa.eu/resource/cellar/bba30351-d2df-11e4-9de8-01aa75ed71a1,2015-03,pdf1x,3,1,1,unresolved from saved relationship metadata alone
http://publications.europa.eu/resource/cellar/bc0fa7d2-d2df-11e4-9de8-01aa75ed71a1,2015-03,pdf1x,3,1,1,unresolved from saved relationship metadata alone
http://publications.europa.eu/resource/cellar/be951a33-d2df-11e4-9de8-01aa75ed71a1,2015-03,pdf1x,3,1,1,unresolved from saved relationship metadata alone
http://publications.europa.eu/resource/cellar/becd2302-c367-11e4-bbe1-01aa75ed71a1,2015-03,pdf1x,5,2,2,unresolved from saved relationship metadata alone
http://publications.europa.eu/resource/cellar/bf143e26-c367-11e4-bbe1-01aa75ed71a1,2015-03,pdf1x,8,2,2,unresolved from saved relationship metadata alone
http://publications.europa.eu/resource/cellar/bf7793d7-c367-11e4-bbe1-01aa75ed71a1,2015-03,pdf1x,5,2,2,unresolved from saved relationship metadata alone
http://publications.europa.eu/resource/cellar/bfcf9604-d2df-11e4-9de8-01aa75ed71a1,2015-03,pdf1x,3,1,1,unresolved from saved relationship metadata alone
http://publications.europa.eu/resource/cellar/c0b6e8c6-d2df-11e4-9de8-01aa75ed71a1,2015-03,pdf1x,3,1,1,unresolved from saved relationship metadata alone
http://publications.europa.eu/resource/cellar/c2855dac-ca1d-11e4-ab4d-01aa75ed71a1,2015-03,pdfa1a,4,1,1,unresolved from saved relationship metadata alone
http://publications.europa.eu/resource/cellar/c2dbf64b-c17f-11e4-bbe1-01aa75ed71a1,2015-03,pdf1x,5,2,2,unresolved from saved relationship metadata alone
http://publications.europa.eu/resource/cellar/c3d49470-d2c0-11e4-9de8-01aa75ed71a1,2015-03,pdfa1a,4,1,1,unresolved from saved relationship metadata alone
http://publications.europa.eu/resource/cellar/c5a3660a-c6f3-11e4-bbe1-01aa75ed71a1,2015-03,pdfa1a,6,1,1,unresolved from saved relationship metadata alone
http://publications.europa.eu/resource/cellar/c64cdd61-c355-11e4-bbe1-01aa75ed71a1,2015-03,pdf1x,5,2,2,unresolved from saved relationship metadata alone
http://publications.europa.eu/resource/cellar/c653e242-c355-11e4-bbe1-01aa75ed71a1,2015-03,pdf1x,5,2,2,unresolved from saved relationship metadata alone
http://publications.europa.eu/resource/cellar/c70a28bb-57ca-11e5-afbf-01aa75ed71a1,2015-03,pdf,4,1,1,unresolved from saved relationship metadata alone
http://publications.europa.eu/resource/cellar/c75a07a3-c355-11e4-bbe1-01aa75ed71a1,2015-03,pdf1x,5,2,2,unresolved from saved relationship metadata alone
http://publications.europa.eu/resource/cellar/c9eaefa9-d2dd-11e4-9de8-01aa75ed71a1,2015-03,pdf1x,3,1,1,unresolved from saved relationship metadata alone
http://publications.europa.eu/resource/cellar/ccf806ea-c364-11e4-bbe1-01aa75ed71a1,2015-03,pdf1x,5,2,2,unresolved from saved relationship metadata alone
http://publications.europa.eu/resource/cellar/cd9fc7b3-c309-11e4-bbe1-01aa75ed71a1,2015-03,pdfa1a,4,1,1,unresolved from saved relationship metadata alone
http://publications.europa.eu/resource/cellar/ce5eae2f-d2c1-11e4-9de8-01aa75ed71a1,2015-03,pdfa1a,4,1,1,unresolved from saved relationship metadata alone
http://publications.europa.eu/resource/cellar/cfa3045a-d2dd-11e4-9de8-01aa75ed71a1,2015-03,pdf1x,3,1,1,unresolved from saved relationship metadata alone
http://publications.europa.eu/resource/cellar/d1d3983d-c307-11e4-bbe1-01aa75ed71a1,2015-03,pdfa1a,4,1,1,unresolved from saved relationship metadata alone
http://publications.europa.eu/resource/cellar/d1f05c6d-d38c-11e4-9de8-01aa75ed71a1,2015-03,pdfa1a,4,1,1,unresolved from saved relationship metadata alone
http://publications.europa.eu/resource/cellar/d29b37df-c94d-11e4-bbe1-01aa75ed71a1,2015-03,pdfa1a,4,1,1,unresolved from saved relationship metadata alone
http://publications.europa.eu/resource/cellar/d7953d14-d768-11e4-9de8-01aa75ed71a1,2015-03,pdfa1a,4,1,1,unresolved from saved relationship metadata alone
http://publications.europa.eu/resource/cellar/d7cc8445-cee3-11e4-8b38-01aa75ed71a1,2015-03,pdf1x,3,1,1,unresolved from saved relationship metadata alone
http://publications.europa.eu/resource/cellar/dacba046-d1f8-11e4-9de8-01aa75ed71a1,2015-03,pdfa1a,4,1,1,unresolved from saved relationship metadata alone
http://publications.europa.eu/resource/cellar/db81583b-c240-11e4-bbe1-01aa75ed71a1,2015-03,pdfa1a,6,1,1,unresolved from saved relationship metadata alone
http://publications.europa.eu/resource/cellar/db9a5b25-c355-11e4-bbe1-01aa75ed71a1,2015-03,pdf1x,5,2,2,unresolved from saved relationship metadata alone
http://publications.europa.eu/resource/cellar/dc498015-c884-11e4-bbe1-01aa75ed71a1,2015-03,pdfa1a,4,1,1,unresolved from saved relationship metadata alone
http://publications.europa.eu/resource/cellar/dcb3ba66-c355-11e4-bbe1-01aa75ed71a1,2015-03,pdf1x,5,2,2,unresolved from saved relationship metadata alone
http://publications.europa.eu/resource/cellar/dccec95a-ced6-11e4-8b38-01aa75ed71a1,2015-03,pdf1x,3,1,1,unresolved from saved relationship metadata alone
http://publications.europa.eu/resource/cellar/e82a84bd-2a0d-11e5-9f85-01aa75ed71a1,2015-03,pdf,1,1,1,unresolved from saved relationship metadata alone
http://publications.europa.eu/resource/cellar/e90be656-cd7b-11e4-ab4d-01aa75ed71a1,2015-03,pdf1x,3,1,1,unresolved from saved relationship metadata alone
http://publications.europa.eu/resource/cellar/eaaefc4b-d176-11e4-9de8-01aa75ed71a1,2015-03,pdf1x,3,1,1,unresolved from saved relationship metadata alone
http://publications.europa.eu/resource/cellar/ead07ad0-d2c1-11e4-9de8-01aa75ed71a1,2015-03,pdfa1a,4,1,1,unresolved from saved relationship metadata alone
http://publications.europa.eu/resource/cellar/eb5f58d4-cf5d-11e4-9a66-01aa75ed71a1,2015-03,pdfa1a,4,1,1,unresolved from saved relationship metadata alone
http://publications.europa.eu/resource/cellar/ee2e321b-c367-11e4-bbe1-01aa75ed71a1,2015-03,pdf1x,5,2,2,unresolved from saved relationship metadata alone
http://publications.europa.eu/resource/cellar/ef9e8afc-c367-11e4-bbe1-01aa75ed71a1,2015-03,pdf1x,5,2,2,unresolved from saved relationship metadata alone
http://publications.europa.eu/resource/cellar/f0c077b8-cd3a-11e4-ab4d-01aa75ed71a1,2015-03,pdfa1a,4,1,1,unresolved from saved relationship metadata alone
http://publications.europa.eu/resource/cellar/f4a4a85d-cf5c-11e4-9a66-01aa75ed71a1,2015-03,pdfa1a,4,1,1,unresolved from saved relationship metadata alone
http://publications.europa.eu/resource/cellar/f7027ea3-c0ef-11e4-bbe1-01aa75ed71a1,2015-03,pdf1x,5,2,2,unresolved from saved relationship metadata alone
http://publications.europa.eu/resource/cellar/fa348937-c359-11e4-bbe1-01aa75ed71a1,2015-03,pdf1x,5,2,2,unresolved from saved relationship metadata alone
http://publications.europa.eu/resource/cellar/fa447db7-c80d-11e4-bbe1-01aa75ed71a1,2015-03,pdf1x,7,3,3,unresolved from saved relationship metadata alone
http://publications.europa.eu/resource/cellar/fadb6148-d454-11e4-9de8-01aa75ed71a1,2015-03,pdfa1a,4,1,1,unresolved from saved relationship metadata alone
http://publications.europa.eu/resource/cellar/0619817e-e2aa-11e4-b1d3-01aa75ed71a1,2015-04,pdf1x,3,1,1,unresolved from saved relationship metadata alone
http://publications.europa.eu/resource/cellar/08f2e9a2-e419-11e4-baa4-01aa75ed71a1,2015-04,pdf1x,3,1,1,unresolved from saved relationship metadata alone
http://publications.europa.eu/resource/cellar/117e0464-e369-11e4-b1d3-01aa75ed71a1,2015-04,pdfa1a,4,1,1,unresolved from saved relationship metadata alone
http://publications.europa.eu/resource/cellar/14ff9f6e-df4d-11e4-b1d3-01aa75ed71a1,2015-04,pdfa1a,14,1,1,unresolved from saved relationship metadata alone
http://publications.europa.eu/resource/cellar/242d33a6-ecc2-11e4-892c-01aa75ed71a1,2015-04,pdf1x,5,1,1,unresolved from saved relationship metadata alone
http://publications.europa.eu/resource/cellar/27c63733-e50b-11e4-baa4-01aa75ed71a1,2015-04,pdf1x,5,2,2,unresolved from saved relationship metadata alone
http://publications.europa.eu/resource/cellar/29aa6ffa-ef38-11e4-a3bf-01aa75ed71a1,2015-04,pdf1x,17,4,4,unresolved from saved relationship metadata alone
http://publications.europa.eu/resource/cellar/29af03a2-d856-11e4-9de8-01aa75ed71a1,2015-04,pdf1x,5,2,2,unresolved from saved relationship metadata alone
http://publications.europa.eu/resource/cellar/30066a5f-df4d-11e4-b1d3-01aa75ed71a1,2015-04,pdfa1a,4,1,1,unresolved from saved relationship metadata alone
http://publications.europa.eu/resource/cellar/3c86f114-e43a-11e4-baa4-01aa75ed71a1,2015-04,pdf1x,3,1,1,unresolved from saved relationship metadata alone
http://publications.europa.eu/resource/cellar/3cc2bfe5-e9d1-11e4-892c-01aa75ed71a1,2015-04,pdf1x,10,2,2,unresolved from saved relationship metadata alone
http://publications.europa.eu/resource/cellar/3cc64256-e9d1-11e4-892c-01aa75ed71a1,2015-04,pdf1x,9,2,2,unresolved from saved relationship metadata alone
http://publications.europa.eu/resource/cellar/3f5b8807-e4c9-11e4-baa4-01aa75ed71a1,2015-04,pdfa1a,4,1,1,unresolved from saved relationship metadata alone
http://publications.europa.eu/resource/cellar/450d657b-e824-11e4-baa4-01aa75ed71a1,2015-04,pdf,8,2,2,unresolved from saved relationship metadata alone
http://publications.europa.eu/resource/cellar/49a567f4-df4d-11e4-b1d3-01aa75ed71a1,2015-04,pdfa1a,9,1,1,unresolved from saved relationship metadata alone
http://publications.europa.eu/resource/cellar/49c22e36-e26e-11e4-b1d3-01aa75ed71a1,2015-04,pdfa1a,4,1,1,unresolved from saved relationship metadata alone
http://publications.europa.eu/resource/cellar/4bc77ca1-ef0f-11e4-a3bf-01aa75ed71a1,2015-04,pdf1x,5,1,1,unresolved from saved relationship metadata alone
http://publications.europa.eu/resource/cellar/566e9353-e419-11e4-baa4-01aa75ed71a1,2015-04,pdf1x,7,3,3,unresolved from saved relationship metadata alone
http://publications.europa.eu/resource/cellar/582b312b-ef38-11e4-a3bf-01aa75ed71a1,2015-04,pdf1x,21,5,5,unresolved from saved relationship metadata alone
http://publications.europa.eu/resource/cellar/59c7bc67-ecc2-11e4-892c-01aa75ed71a1,2015-04,pdf1x,5,1,1,unresolved from saved relationship metadata alone
http://publications.europa.eu/resource/cellar/618090d2-e1ea-11e4-b1d3-01aa75ed71a1,2015-04,pdf1x,3,1,1,unresolved from saved relationship metadata alone
http://publications.europa.eu/resource/cellar/6439d260-e34f-11e4-b1d3-01aa75ed71a1,2015-04,pdf1x,5,2,2,unresolved from saved relationship metadata alone
http://publications.europa.eu/resource/cellar/645e7161-e34f-11e4-b1d3-01aa75ed71a1,2015-04,pdf1x,3,1,1,unresolved from saved relationship metadata alone
http://publications.europa.eu/resource/cellar/6befe4d2-e439-11e4-baa4-01aa75ed71a1,2015-04,pdf1x,3,1,1,unresolved from saved relationship metadata alone
http://publications.europa.eu/resource/cellar/6c8bb4f2-e4eb-11e4-baa4-01aa75ed71a1,2015-04,pdf1x,5,2,2,unresolved from saved relationship metadata alone
http://publications.europa.eu/resource/cellar/6cce97df-e368-11e4-b1d3-01aa75ed71a1,2015-04,pdfa1a,4,1,1,unresolved from saved relationship metadata alone
http://publications.europa.eu/resource/cellar/71d65db3-df4c-11e4-b1d3-01aa75ed71a1,2015-04,pdfa1a,5,1,1,unresolved from saved relationship metadata alone
http://publications.europa.eu/resource/cellar/75b1bd38-e26e-11e4-b1d3-01aa75ed71a1,2015-04,pdfa1a,4,1,1,unresolved from saved relationship metadata alone
http://publications.europa.eu/resource/cellar/7ee36b3c-e9d0-11e4-892c-01aa75ed71a1,2015-04,pdf1x,5,1,1,unresolved from saved relationship metadata alone
http://publications.europa.eu/resource/cellar/7f03c47d-e9d0-11e4-892c-01aa75ed71a1,2015-04,pdf1x,2,1,1,unresolved from saved relationship metadata alone
http://publications.europa.eu/resource/cellar/7f2f7d08-e58f-11e4-baa4-01aa75ed71a1,2015-04,pdfa1a,4,1,1,unresolved from saved relationship metadata alone
http://publications.europa.eu/resource/cellar/7f5084ef-e9d0-11e4-892c-01aa75ed71a1,2015-04,pdf1x,2,1,1,unresolved from saved relationship metadata alone
http://publications.europa.eu/resource/cellar/8533b7e1-e416-11e4-baa4-01aa75ed71a1,2015-04,pdf1x,3,1,1,unresolved from saved relationship metadata alone
http://publications.europa.eu/resource/cellar/857a9fbc-e00d-11e4-b1d3-01aa75ed71a1,2015-04,pdfa1a,4,1,1,unresolved from saved relationship metadata alone
http://publications.europa.eu/resource/cellar/8811dd5f-e36d-11e4-b1d3-01aa75ed71a1,2015-04,pdf1x,5,2,2,unresolved from saved relationship metadata alone
http://publications.europa.eu/resource/cellar/8821402a-e4c8-11e4-baa4-01aa75ed71a1,2015-04,pdfa1a,4,1,1,unresolved from saved relationship metadata alone
http://publications.europa.eu/resource/cellar/8ecc9e90-de97-11e4-b266-01aa75ed71a1,2015-04,pdfa1a,6,1,1,unresolved from saved relationship metadata alone
http://publications.europa.eu/resource/cellar/93541bf8-ef37-11e4-a3bf-01aa75ed71a1,2015-04,pdf1x,17,4,4,unresolved from saved relationship metadata alone
http://publications.europa.eu/resource/cellar/947bada5-e9d0-11e4-892c-01aa75ed71a1,2015-04,pdf1x,9,2,2,unresolved from saved relationship metadata alone
http://publications.europa.eu/resource/cellar/94e25eb6-e9d0-11e4-892c-01aa75ed71a1,2015-04,pdf1x,5,1,1,unresolved from saved relationship metadata alone
http://publications.europa.eu/resource/cellar/a4f98269-d83c-11e4-9de8-01aa75ed71a1,2015-04,pdfa1a,4,1,1,unresolved from saved relationship metadata alone
http://publications.europa.eu/resource/cellar/aba978fe-e4c8-11e4-baa4-01aa75ed71a1,2015-04,pdfa1a,4,1,1,unresolved from saved relationship metadata alone
http://publications.europa.eu/resource/cellar/ae1ce6e0-eab4-11e4-892c-01aa75ed71a1,2015-04,pdf1x,2,1,1,unresolved from saved relationship metadata alone
http://publications.europa.eu/resource/cellar/b34b4070-e9d0-11e4-892c-01aa75ed71a1,2015-04,pdf1x,4,2,2,unresolved from saved relationship metadata alone
http://publications.europa.eu/resource/cellar/b3686713-e439-11e4-baa4-01aa75ed71a1,2015-04,pdf1x,3,1,1,unresolved from saved relationship metadata alone
http://publications.europa.eu/resource/cellar/b44afd31-e9d0-11e4-892c-01aa75ed71a1,2015-04,pdf1x,9,2,2,unresolved from saved relationship metadata alone
http://publications.europa.eu/resource/cellar/b58d4133-e9d0-11e4-892c-01aa75ed71a1,2015-04,pdf,2,1,1,unresolved from saved relationship metadata alone
http://publications.europa.eu/resource/cellar/b5dd8593-e1ed-11e4-b1d3-01aa75ed71a1,2015-04,pdf1x,3,1,1,unresolved from saved relationship metadata alone
http://publications.europa.eu/resource/cellar/b63cbad6-e00c-11e4-b1d3-01aa75ed71a1,2015-04,pdfa1a,4,1,1,unresolved from saved relationship metadata alone
http://publications.europa.eu/resource/cellar/bcc282e8-df4c-11e4-b1d3-01aa75ed71a1,2015-04,pdfa1a,4,1,1,unresolved from saved relationship metadata alone
http://publications.europa.eu/resource/cellar/c186a21d-e00d-11e4-b1d3-01aa75ed71a1,2015-04,pdfa1a,4,1,1,unresolved from saved relationship metadata alone
http://publications.europa.eu/resource/cellar/c36861c1-2a0c-11e5-9f85-01aa75ed71a1,2015-04,pdf,1,1,1,unresolved from saved relationship metadata alone
http://publications.europa.eu/resource/cellar/c4f86e7b-edb0-11e4-a3bf-01aa75ed71a1,2015-04,pdf1x,5,1,1,unresolved from saved relationship metadata alone
http://publications.europa.eu/resource/cellar/c50518ac-edb0-11e4-a3bf-01aa75ed71a1,2015-04,pdf1x,5,1,1,unresolved from saved relationship metadata alone
http://publications.europa.eu/resource/cellar/d3e257a6-ef22-11e4-a3bf-01aa75ed71a1,2015-04,pdf1x,5,1,1,unresolved from saved relationship metadata alone
http://publications.europa.eu/resource/cellar/d429af14-ddb8-11e4-b266-01aa75ed71a1,2015-04,pdfa1a,4,1,1,unresolved from saved relationship metadata alone
http://publications.europa.eu/resource/cellar/d8228241-e1e8-11e4-b1d3-01aa75ed71a1,2015-04,pdf1x,3,1,1,unresolved from saved relationship metadata alone
http://publications.europa.eu/resource/cellar/e028e71b-eab3-11e4-892c-01aa75ed71a1,2015-04,pdf1x,4,2,2,unresolved from saved relationship metadata alone
http://publications.europa.eu/resource/cellar/e02ae2ec-eab3-11e4-892c-01aa75ed71a1,2015-04,pdf1x,5,1,1,unresolved from saved relationship metadata alone
http://publications.europa.eu/resource/cellar/e446a60b-d83c-11e4-9de8-01aa75ed71a1,2015-04,pdfa1a,4,1,1,unresolved from saved relationship metadata alone
http://publications.europa.eu/resource/cellar/e64c8077-e00c-11e4-b1d3-01aa75ed71a1,2015-04,pdfa1a,4,1,1,unresolved from saved relationship metadata alone
http://publications.europa.eu/resource/cellar/e963471c-dd2a-11e4-b266-01aa75ed71a1,2015-04,pdf1x,5,2,2,unresolved from saved relationship metadata alone
http://publications.europa.eu/resource/cellar/e99d5c4b-df4c-11e4-b1d3-01aa75ed71a1,2015-04,pdfa1a,4,1,1,unresolved from saved relationship metadata alone
http://publications.europa.eu/resource/cellar/eb32023f-e1c4-11e4-b1d3-01aa75ed71a1,2015-04,pdf1x,5,2,2,unresolved from saved relationship metadata alone
http://publications.europa.eu/resource/cellar/ee3f3e5c-e2a9-11e4-b1d3-01aa75ed71a1,2015-04,pdf1x,3,1,1,unresolved from saved relationship metadata alone
http://publications.europa.eu/resource/cellar/ef6472be-dd2a-11e4-b266-01aa75ed71a1,2015-04,pdf1x,5,2,2,unresolved from saved relationship metadata alone
http://publications.europa.eu/resource/cellar/f193765a-e823-11e4-baa4-01aa75ed71a1,2015-04,pdf1x,5,1,1,unresolved from saved relationship metadata alone
http://publications.europa.eu/resource/cellar/fe67827b-dd0c-11e4-b266-01aa75ed71a1,2015-04,pdf1x,3,1,1,unresolved from saved relationship metadata alone
http://publications.europa.eu/resource/cellar/fe9dbd63-e4c8-11e4-baa4-01aa75ed71a1,2015-04,pdfa1a,4,1,1,unresolved from saved relationship metadata alone
http://publications.europa.eu/resource/cellar/0562de07-f951-11e4-a4c8-01aa75ed71a1,2015-05,pdf1x,5,1,1,unresolved from saved relationship metadata alone
http://publications.europa.eu/resource/cellar/05688358-f951-11e4-a4c8-01aa75ed71a1,2015-05,pdf1x,8,1,1,unresolved from saved relationship metadata alone
http://publications.europa.eu/resource/cellar/08e2155d-f55f-11e4-a3bf-01aa75ed71a1,2015-05,pdf1x,17,1,1,unresolved from saved relationship metadata alone
http://publications.europa.eu/resource/cellar/097823b4-f947-11e4-a4c8-01aa75ed71a1,2015-05,pdf1x,13,1,1,unresolved from saved relationship metadata alone
http://publications.europa.eu/resource/cellar/22f9f0c9-f951-11e4-a4c8-01aa75ed71a1,2015-05,pdf1x,5,1,1,unresolved from saved relationship metadata alone
http://publications.europa.eu/resource/cellar/2882e133-f567-11e4-a3bf-01aa75ed71a1,2015-05,pdf1x,5,1,1,unresolved from saved relationship metadata alone
http://publications.europa.eu/resource/cellar/38112efe-fd3d-11e4-a4c8-01aa75ed71a1,2015-05,pdf1x,5,1,1,unresolved from saved relationship metadata alone
http://publications.europa.eu/resource/cellar/3812195f-fd3d-11e4-a4c8-01aa75ed71a1,2015-05,pdf1x,5,1,1,unresolved from saved relationship metadata alone
http://publications.europa.eu/resource/cellar/3c2aa380-f245-11e4-a3bf-01aa75ed71a1,2015-05,pdf1x,13,3,3,unresolved from saved relationship metadata alone
http://publications.europa.eu/resource/cellar/4133cb37-fed5-11e4-a4c8-01aa75ed71a1,2015-05,pdf1x,2,1,1,unresolved from saved relationship metadata alone
http://publications.europa.eu/resource/cellar/426cda51-f246-11e4-a3bf-01aa75ed71a1,2015-05,pdf1x,13,3,3,unresolved from saved relationship metadata alone
http://publications.europa.eu/resource/cellar/49604e33-fec8-11e4-a4c8-01aa75ed71a1,2015-05,pdf,9,1,1,unresolved from saved relationship metadata alone
http://publications.europa.eu/resource/cellar/49e93510-fd3d-11e4-a4c8-01aa75ed71a1,2015-05,pdf1x,5,1,1,unresolved from saved relationship metadata alone
http://publications.europa.eu/resource/cellar/49f0af21-fd3d-11e4-a4c8-01aa75ed71a1,2015-05,pdf1x,5,1,1,unresolved from saved relationship metadata alone
http://publications.europa.eu/resource/cellar/49f0af22-fd3d-11e4-a4c8-01aa75ed71a1,2015-05,pdf1x,5,1,1,unresolved from saved relationship metadata alone
http://publications.europa.eu/resource/cellar/49f14fce-006b-11e5-a4c8-01aa75ed71a1,2015-05,pdf1x,4,2,2,unresolved from saved relationship metadata alone
http://publications.europa.eu/resource/cellar/4fdb4583-fd3d-11e4-a4c8-01aa75ed71a1,2015-05,pdf1x,5,1,1,unresolved from saved relationship metadata alone
http://publications.europa.eu/resource/cellar/5363e2d4-0547-11e5-8817-01aa75ed71a1,2015-05,pdf1x,4,2,2,unresolved from saved relationship metadata alone
http://publications.europa.eu/resource/cellar/547b1499-05e5-11e5-8817-01aa75ed71a1,2015-05,pdf1x,4,2,2,unresolved from saved relationship metadata alone
http://publications.europa.eu/resource/cellar/57368b1a-05e5-11e5-8817-01aa75ed71a1,2015-05,pdf1x,5,1,1,unresolved from saved relationship metadata alone
http://publications.europa.eu/resource/cellar/5899347a-f951-11e4-a4c8-01aa75ed71a1,2015-05,pdf1x,5,1,1,unresolved from saved relationship metadata alone
http://publications.europa.eu/resource/cellar/5bc5cf04-fd3d-11e4-a4c8-01aa75ed71a1,2015-05,pdf1x,5,1,1,unresolved from saved relationship metadata alone
http://publications.europa.eu/resource/cellar/61ba2965-fd3d-11e4-a4c8-01aa75ed71a1,2015-05,pdf1x,5,1,1,unresolved from saved relationship metadata alone
http://publications.europa.eu/resource/cellar/61ba7786-fd3d-11e4-a4c8-01aa75ed71a1,2015-05,pdf1x,2,1,1,unresolved from saved relationship metadata alone
http://publications.europa.eu/resource/cellar/61fec455-fecb-11e4-a4c8-01aa75ed71a1,2015-05,pdf1x,4,2,2,unresolved from saved relationship metadata alone
http://publications.europa.eu/resource/cellar/658350e6-fe24-11e4-a4c8-01aa75ed71a1,2015-05,pdf1x,5,1,1,unresolved from saved relationship metadata alone
http://publications.europa.eu/resource/cellar/66fa6489-3235-11e6-b497-01aa75ed71a1,2015-05,pdf,4,1,1,unresolved from saved relationship metadata alone
http://publications.europa.eu/resource/cellar/6dbdec01-f566-11e4-a3bf-01aa75ed71a1,2015-05,pdf1x,5,1,1,unresolved from saved relationship metadata alone
http://publications.europa.eu/resource/cellar/7170e5ca-ff9d-11e4-a4c8-01aa75ed71a1,2015-05,pdf1x,4,2,2,unresolved from saved relationship metadata alone
http://publications.europa.eu/resource/cellar/73a4f427-fd3d-11e4-a4c8-01aa75ed71a1,2015-05,pdf1x,5,1,1,unresolved from saved relationship metadata alone
http://publications.europa.eu/resource/cellar/73a54248-fd3d-11e4-a4c8-01aa75ed71a1,2015-05,pdf1x,5,1,1,unresolved from saved relationship metadata alone
http://publications.europa.eu/resource/cellar/73a6eff9-fd3d-11e4-a4c8-01aa75ed71a1,2015-05,pdf1x,5,1,1,unresolved from saved relationship metadata alone
http://publications.europa.eu/resource/cellar/7520c85f-f4b8-11e4-a3bf-01aa75ed71a1,2015-05,pdf1x,2,1,1,unresolved from saved relationship metadata alone
http://publications.europa.eu/resource/cellar/77f6ff84-f567-11e4-a3bf-01aa75ed71a1,2015-05,pdf1x,5,1,1,unresolved from saved relationship metadata alone
http://publications.europa.eu/resource/cellar/7948ef9d-f325-11e4-a3bf-01aa75ed71a1,2015-05,pdf1x,5,1,1,unresolved from saved relationship metadata alone
http://publications.europa.eu/resource/cellar/79e3c215-f56c-11e4-a3bf-01aa75ed71a1,2015-05,pdf1x,5,1,1,unresolved from saved relationship metadata alone
http://publications.europa.eu/resource/cellar/7a1553a1-053d-11e5-8817-01aa75ed71a1,2015-05,pdf1x,5,1,1,unresolved from saved relationship metadata alone
http://publications.europa.eu/resource/cellar/7a15efe2-053d-11e5-8817-01aa75ed71a1,2015-05,pdf1x,5,1,1,unresolved from saved relationship metadata alone
http://publications.europa.eu/resource/cellar/7a15efe3-053d-11e5-8817-01aa75ed71a1,2015-05,pdf1x,9,2,2,unresolved from saved relationship metadata alone
http://publications.europa.eu/resource/cellar/7fd8c772-f566-11e4-a3bf-01aa75ed71a1,2015-05,pdf1x,10,1,1,unresolved from saved relationship metadata alone
http://publications.europa.eu/resource/cellar/857c0fda-fd3d-11e4-a4c8-01aa75ed71a1,2015-05,pdf1x,5,1,1,unresolved from saved relationship metadata alone
http://publications.europa.eu/resource/cellar/85818e1b-fd3d-11e4-a4c8-01aa75ed71a1,2015-05,pdf1x,5,1,1,unresolved from saved relationship metadata alone
http://publications.europa.eu/resource/cellar/8586972c-fd3d-11e4-a4c8-01aa75ed71a1,2015-05,pdf1x,6,1,1,unresolved from saved relationship metadata alone
http://publications.europa.eu/resource/cellar/861346cd-fd3d-11e4-a4c8-01aa75ed71a1,2015-05,pdf1x,5,1,1,unresolved from saved relationship metadata alone
http://publications.europa.eu/resource/cellar/8714182b-061c-11e5-8817-01aa75ed71a1,2015-05,pdf1x,4,2,2,unresolved from saved relationship metadata alone
http://publications.europa.eu/resource/cellar/872be5ec-061c-11e5-8817-01aa75ed71a1,2015-05,pdf1x,4,2,2,unresolved from saved relationship metadata alone
http://publications.europa.eu/resource/cellar/8758260d-061c-11e5-8817-01aa75ed71a1,2015-05,pdf1x,5,1,1,unresolved from saved relationship metadata alone
http://publications.europa.eu/resource/cellar/87cbcf6e-061c-11e5-8817-01aa75ed71a1,2015-05,pdf1x,4,2,2,unresolved from saved relationship metadata alone
http://publications.europa.eu/resource/cellar/8b73ecae-fd3d-11e4-a4c8-01aa75ed71a1,2015-05,pdf1x,5,1,1,unresolved from saved relationship metadata alone
http://publications.europa.eu/resource/cellar/8cf473fa-047a-11e5-a4c8-01aa75ed71a1,2015-05,pdf1x,5,1,1,unresolved from saved relationship metadata alone
http://publications.europa.eu/resource/cellar/92f3a3cb-047a-11e5-a4c8-01aa75ed71a1,2015-05,pdf1x,7,1,1,unresolved from saved relationship metadata alone
http://publications.europa.eu/resource/cellar/9a3d5c23-fe0d-11e4-a4c8-01aa75ed71a1,2015-05,pdf1x,5,1,1,unresolved from saved relationship metadata alone
http://publications.europa.eu/resource/cellar/9d4fea5f-fd3d-11e4-a4c8-01aa75ed71a1,2015-05,pdf1x,5,1,1,unresolved from saved relationship metadata alone
http://publications.europa.eu/resource/cellar/a08f6a38-fed5-11e4-a4c8-01aa75ed71a1,2015-05,pdf1x,5,1,1,unresolved from saved relationship metadata alone
http://publications.europa.eu/resource/cellar/a689a68b-f55d-11e4-a3bf-01aa75ed71a1,2015-05,pdf,5,1,1,unresolved from saved relationship metadata alone
http://publications.europa.eu/resource/cellar/a68d3a12-f256-11e4-a3bf-01aa75ed71a1,2015-05,pdf1x,9,2,2,unresolved from saved relationship metadata alone
http://publications.europa.eu/resource/cellar/abaf503d-fd58-11e4-a4c8-01aa75ed71a1,2015-05,pdf1x,5,1,1,unresolved from saved relationship metadata alone
http://publications.europa.eu/resource/cellar/ac77984c-f55d-11e4-a3bf-01aa75ed71a1,2015-05,pdf,5,1,1,unresolved from saved relationship metadata alone
http://publications.europa.eu/resource/cellar/aee1543f-007e-11e5-a4c8-01aa75ed71a1,2015-05,pdf1x,5,1,1,unresolved from saved relationship metadata alone
http://publications.europa.eu/resource/cellar/af3006c0-fd3d-11e4-a4c8-01aa75ed71a1,2015-05,pdf1x,5,1,1,unresolved from saved relationship metadata alone
http://publications.europa.eu/resource/cellar/af355df1-fd3d-11e4-a4c8-01aa75ed71a1,2015-05,pdf1x,5,1,1,unresolved from saved relationship metadata alone
http://publications.europa.eu/resource/cellar/b1571328-f7c1-11e4-a4c8-01aa75ed71a1,2015-05,pdf1x,4,2,2,unresolved from saved relationship metadata alone
http://publications.europa.eu/resource/cellar/b17a8eda-fd44-11e4-a4c8-01aa75ed71a1,2015-05,pdf1x,4,2,2,unresolved from saved relationship metadata alone
http://publications.europa.eu/resource/cellar/b1d438e0-f4b9-11e4-a3bf-01aa75ed71a1,2015-05,pdf1x,15,2,2,unresolved from saved relationship metadata alone
http://publications.europa.eu/resource/cellar/b39f573b-fed9-11e4-a4c8-01aa75ed71a1,2015-05,pdf1x,2,1,1,unresolved from saved relationship metadata alone
http://publications.europa.eu/resource/cellar/b570bf5d-f49f-11e4-a3bf-01aa75ed71a1,2015-05,pdf,25,1,1,unresolved from saved relationship metadata alone
http://publications.europa.eu/resource/cellar/ba24ce5c-0853-11e5-8817-01aa75ed71a1,2015-05,pdf1x,5,1,1,unresolved from saved relationship metadata alone
http://publications.europa.eu/resource/cellar/ba305fe0-f562-11e4-a3bf-01aa75ed71a1,2015-05,pdf1x,2,1,1,unresolved from saved relationship metadata alone
http://publications.europa.eu/resource/cellar/c1126d12-fd3d-11e4-a4c8-01aa75ed71a1,2015-05,pdf1x,5,1,1,unresolved from saved relationship metadata alone
http://publications.europa.eu/resource/cellar/c1130953-fd3d-11e4-a4c8-01aa75ed71a1,2015-05,pdf1x,5,1,1,unresolved from saved relationship metadata alone
http://publications.europa.eu/resource/cellar/c11468e4-fd3d-11e4-a4c8-01aa75ed71a1,2015-05,pdf1x,5,1,1,unresolved from saved relationship metadata alone
http://publications.europa.eu/resource/cellar/c2bf2dd1-0389-11e5-a4c8-01aa75ed71a1,2015-05,pdf1x,4,2,2,unresolved from saved relationship metadata alone
http://publications.europa.eu/resource/cellar/c2d19661-f4b9-11e4-a3bf-01aa75ed71a1,2015-05,pdf1x,5,1,1,unresolved from saved relationship metadata alone
http://publications.europa.eu/resource/cellar/c70b5b55-fd3d-11e4-a4c8-01aa75ed71a1,2015-05,pdf1x,5,1,1,unresolved from saved relationship metadata alone
http://publications.europa.eu/resource/cellar/c70c45b6-fd3d-11e4-a4c8-01aa75ed71a1,2015-05,pdf1x,5,1,1,unresolved from saved relationship metadata alone
http://publications.europa.eu/resource/cellar/cf305f0f-061d-11e5-8817-01aa75ed71a1,2015-05,pdf1x,5,1,1,unresolved from saved relationship metadata alone
http://publications.europa.eu/resource/cellar/cf32a900-061d-11e5-8817-01aa75ed71a1,2015-05,pdf1x,4,2,2,unresolved from saved relationship metadata alone
http://publications.europa.eu/resource/cellar/cf33e181-061d-11e5-8817-01aa75ed71a1,2015-05,pdf1x,5,1,1,unresolved from saved relationship metadata alone
http://publications.europa.eu/resource/cellar/cf380032-061d-11e5-8817-01aa75ed71a1,2015-05,pdf1x,24,1,1,unresolved from saved relationship metadata alone
http://publications.europa.eu/resource/cellar/d0fc3209-fed7-11e4-a4c8-01aa75ed71a1,2015-05,pdf1x,2,1,1,unresolved from saved relationship metadata alone
http://publications.europa.eu/resource/cellar/d2fe4947-fd3d-11e4-a4c8-01aa75ed71a1,2015-05,pdf1x,5,1,1,unresolved from saved relationship metadata alone
http://publications.europa.eu/resource/cellar/d3043cb8-fd3d-11e4-a4c8-01aa75ed71a1,2015-05,pdf1x,5,1,1,unresolved from saved relationship metadata alone
http://publications.europa.eu/resource/cellar/d3fefd98-050f-11e5-a4c8-01aa75ed71a1,2015-05,pdf1x,7,1,1,unresolved from saved relationship metadata alone
http://publications.europa.eu/resource/cellar/d567606c-fd45-11e4-a4c8-01aa75ed71a1,2015-05,pdf1x,5,1,1,unresolved from saved relationship metadata alone
http://publications.europa.eu/resource/cellar/d5a026f5-f950-11e4-a4c8-01aa75ed71a1,2015-05,pdf1x,5,1,1,unresolved from saved relationship metadata alone
http://publications.europa.eu/resource/cellar/d8e954d9-fd3d-11e4-a4c8-01aa75ed71a1,2015-05,pdf1x,5,1,1,unresolved from saved relationship metadata alone
http://publications.europa.eu/resource/cellar/e71abceb-fd44-11e4-a4c8-01aa75ed71a1,2015-05,pdf1x,4,2,2,unresolved from saved relationship metadata alone
http://publications.europa.eu/resource/cellar/e9fb546a-f980-11e4-a4c8-01aa75ed71a1,2015-05,pdf1x,5,1,1,unresolved from saved relationship metadata alone
http://publications.europa.eu/resource/cellar/eb7efc0e-f4a0-11e4-a3bf-01aa75ed71a1,2015-05,pdf,4,1,1,unresolved from saved relationship metadata alone
http://publications.europa.eu/resource/cellar/fca295f4-feca-11e4-a4c8-01aa75ed71a1,2015-05,pdf,4,1,1,unresolved from saved relationship metadata alone
http://publications.europa.eu/resource/cellar/ff5f8f86-f950-11e4-a4c8-01aa75ed71a1,2015-05,pdf1x,5,1,1,unresolved from saved relationship metadata alone
http://publications.europa.eu/resource/cellar/00d6fe2c-103c-11e5-8817-01aa75ed71a1,2015-06,pdf1x,18,1,1,unresolved from saved relationship metadata alone
http://publications.europa.eu/resource/cellar/049acc13-15dc-11e5-a342-01aa75ed71a1,2015-06,pdf1x,9,2,2,unresolved from saved relationship metadata alone
http://publications.europa.eu/resource/cellar/06fece17-10e7-11e5-8817-01aa75ed71a1,2015-06,pdf1x,6,1,1,unresolved from saved relationship metadata alone
http://publications.europa.eu/resource/cellar/0c8b70f1-1bdf-11e5-a342-01aa75ed71a1,2015-06,pdf1x,5,1,1,unresolved from saved relationship metadata alone
http://publications.europa.eu/resource/cellar/136b6d29-1119-11e5-8817-01aa75ed71a1,2015-06,pdf1x,5,1,1,unresolved from saved relationship metadata alone
http://publications.europa.eu/resource/cellar/14f237a4-1bef-11e5-a342-01aa75ed71a1,2015-06,pdf1x,2,1,1,unresolved from saved relationship metadata alone
http://publications.europa.eu/resource/cellar/1a37ef0d-1041-11e5-8817-01aa75ed71a1,2015-06,pdf1x,2,1,1,unresolved from saved relationship metadata alone
http://publications.europa.eu/resource/cellar/1c4d5b90-1402-11e5-8817-01aa75ed71a1,2015-06,pdf1x,4,2,2,unresolved from saved relationship metadata alone
http://publications.europa.eu/resource/cellar/1f1d9f39-0ac8-11e5-8817-01aa75ed71a1,2015-06,pdf1x,4,2,2,unresolved from saved relationship metadata alone
http://publications.europa.eu/resource/cellar/1f8aa57b-1e68-11e5-a342-01aa75ed71a1,2015-06,pdf,8,1,1,unresolved from saved relationship metadata alone
http://publications.europa.eu/resource/cellar/225b899c-1f05-11e5-a342-01aa75ed71a1,2015-06,pdf,4,1,1,unresolved from saved relationship metadata alone
http://publications.europa.eu/resource/cellar/26c9b711-18e1-11e5-a342-01aa75ed71a1,2015-06,pdf1x,5,1,1,unresolved from saved relationship metadata alone
http://publications.europa.eu/resource/cellar/2b716c7d-1346-11e5-8817-01aa75ed71a1,2015-06,pdf1x,6,1,1,unresolved from saved relationship metadata alone
http://publications.europa.eu/resource/cellar/3593ff74-10d8-11e5-8817-01aa75ed71a1,2015-06,pdf1x,21,1,1,unresolved from saved relationship metadata alone
http://publications.europa.eu/resource/cellar/3daf2ba0-200a-11e5-a342-01aa75ed71a1,2015-06,pdf,10,1,1,unresolved from saved relationship metadata alone
http://publications.europa.eu/resource/cellar/3df1bbaa-0f54-11e5-8817-01aa75ed71a1,2015-06,pdf1x,16,2,2,unresolved from saved relationship metadata alone
http://publications.europa.eu/resource/cellar/424c652b-14e4-11e5-8817-01aa75ed71a1,2015-06,pdf1x,5,1,1,unresolved from saved relationship metadata alone
http://publications.europa.eu/resource/cellar/4bee0d68-10e7-11e5-8817-01aa75ed71a1,2015-06,pdf1x,5,1,1,unresolved from saved relationship metadata alone
http://publications.europa.eu/resource/cellar/4f8722ce-1347-11e5-8817-01aa75ed71a1,2015-06,pdf1x,4,2,2,unresolved from saved relationship metadata alone
http://publications.europa.eu/resource/cellar/557a6bbf-1347-11e5-8817-01aa75ed71a1,2015-06,pdf1x,6,1,1,unresolved from saved relationship metadata alone
http://publications.europa.eu/resource/cellar/56a98359-0933-11e5-8817-01aa75ed71a1,2015-06,pdf1x,8,1,1,unresolved from saved relationship metadata alone
http://publications.europa.eu/resource/cellar/58779f0f-18c0-11e5-a342-01aa75ed71a1,2015-06,pdf1x,8,1,1,unresolved from saved relationship metadata alone
http://publications.europa.eu/resource/cellar/5c7d9432-18e1-11e5-a342-01aa75ed71a1,2015-06,pdf1x,4,2,2,unresolved from saved relationship metadata alone
http://publications.europa.eu/resource/cellar/5d00da86-090d-11e5-8817-01aa75ed71a1,2015-06,pdf1x,4,2,2,unresolved from saved relationship metadata alone
http://publications.europa.eu/resource/cellar/5ddceab5-18be-11e5-a342-01aa75ed71a1,2015-06,pdf1x,5,1,1,unresolved from saved relationship metadata alone
http://publications.europa.eu/resource/cellar/5e0c70be-15b7-11e5-a342-01aa75ed71a1,2015-06,pdf1x,38,1,1,unresolved from saved relationship metadata alone
http://publications.europa.eu/resource/cellar/5e101a3f-15b7-11e5-a342-01aa75ed71a1,2015-06,pdf1x,2,1,1,unresolved from saved relationship metadata alone
http://publications.europa.eu/resource/cellar/5e1fd1b0-15b7-11e5-a342-01aa75ed71a1,2015-06,pdf1x,11,2,2,unresolved from saved relationship metadata alone
http://publications.europa.eu/resource/cellar/697d4baf-1401-11e5-8817-01aa75ed71a1,2015-06,pdf1x,4,2,2,unresolved from saved relationship metadata alone
http://publications.europa.eu/resource/cellar/6ac90993-1a64-11e5-a342-01aa75ed71a1,2015-06,pdf1x,5,1,1,unresolved from saved relationship metadata alone
http://publications.europa.eu/resource/cellar/6ae9213f-1a4f-11e5-a342-01aa75ed71a1,2015-06,pdf1x,2,1,1,unresolved from saved relationship metadata alone
http://publications.europa.eu/resource/cellar/76593894-09d9-11e5-8817-01aa75ed71a1,2015-06,pdf1x,4,2,2,unresolved from saved relationship metadata alone
http://publications.europa.eu/resource/cellar/80baeb8e-13ff-11e5-8817-01aa75ed71a1,2015-06,pdf1x,4,2,2,unresolved from saved relationship metadata alone
http://publications.europa.eu/resource/cellar/835ae748-0929-11e5-8817-01aa75ed71a1,2015-06,pdf1x,5,1,1,unresolved from saved relationship metadata alone
http://publications.europa.eu/resource/cellar/83ef9132-1bee-11e5-a342-01aa75ed71a1,2015-06,pdf1x,2,1,1,unresolved from saved relationship metadata alone
http://publications.europa.eu/resource/cellar/84317c33-1bee-11e5-a342-01aa75ed71a1,2015-06,pdf1x,5,1,1,unresolved from saved relationship metadata alone
http://publications.europa.eu/resource/cellar/8f2715e9-14ce-11e5-8817-01aa75ed71a1,2015-06,pdf1x,5,1,1,unresolved from saved relationship metadata alone
http://publications.europa.eu/resource/cellar/8fc528ac-14e4-11e5-8817-01aa75ed71a1,2015-06,pdf1x,4,2,2,unresolved from saved relationship metadata alone
http://publications.europa.eu/resource/cellar/9813b338-0a99-11e5-8817-01aa75ed71a1,2015-06,pdf1x,8,1,1,unresolved from saved relationship metadata alone
http://publications.europa.eu/resource/cellar/9b21f005-1bf8-11e5-a342-01aa75ed71a1,2015-06,pdf1x,2,1,1,unresolved from saved relationship metadata alone
http://publications.europa.eu/resource/cellar/a745717a-14cf-11e5-8817-01aa75ed71a1,2015-06,pdf1x,2,1,1,unresolved from saved relationship metadata alone
http://publications.europa.eu/resource/cellar/b7f0f35c-0ac3-11e5-8817-01aa75ed71a1,2015-06,pdf1x,5,1,1,unresolved from saved relationship metadata alone
http://publications.europa.eu/resource/cellar/c1674422-1a59-11e5-a342-01aa75ed71a1,2015-06,pdf,9,2,2,unresolved from saved relationship metadata alone
http://publications.europa.eu/resource/cellar/c9f4bebc-1e68-11e5-a342-01aa75ed71a1,2015-06,pdf,4,1,1,unresolved from saved relationship metadata alone
http://publications.europa.eu/resource/cellar/d85ec72d-1e68-11e5-a342-01aa75ed71a1,2015-06,pdf,4,1,1,unresolved from saved relationship metadata alone
http://publications.europa.eu/resource/cellar/e4aa81c4-0ac6-11e5-8817-01aa75ed71a1,2015-06,pdf1x,4,2,2,unresolved from saved relationship metadata alone
http://publications.europa.eu/resource/cellar/f97b41f0-09c5-11e5-8817-01aa75ed71a1,2015-06,pdf1x,7,1,1,unresolved from saved relationship metadata alone
http://publications.europa.eu/resource/cellar/0b7e6c50-2c92-11e5-9f85-01aa75ed71a1,2015-07,pdf,4,1,1,unresolved from saved relationship metadata alone
http://publications.europa.eu/resource/cellar/0c2f7ae3-378e-11e5-98a0-01aa75ed71a1,2015-07,pdf,4,1,1,unresolved from saved relationship metadata alone
http://publications.europa.eu/resource/cellar/0e686939-2ba5-11e5-9f85-01aa75ed71a1,2015-07,pdf,4,1,1,unresolved from saved relationship metadata alone
http://publications.europa.eu/resource/cellar/10b4999a-311a-11e5-9f85-01aa75ed71a1,2015-07,pdf,4,1,1,unresolved from saved relationship metadata alone
http://publications.europa.eu/resource/cellar/136c81e4-378e-11e5-98a0-01aa75ed71a1,2015-07,pdf,4,1,1,unresolved from saved relationship metadata alone
http://publications.europa.eu/resource/cellar/13e3a94f-3770-11e5-98a0-01aa75ed71a1,2015-07,pdf,37,1,1,unresolved from saved relationship metadata alone
http://publications.europa.eu/resource/cellar/15a13a92-2948-11e5-9f85-01aa75ed71a1,2015-07,pdf,8,2,2,unresolved from saved relationship metadata alone
http://publications.europa.eu/resource/cellar/1b3415a5-378e-11e5-98a0-01aa75ed71a1,2015-07,pdf,5,1,1,unresolved from saved relationship metadata alone
http://publications.europa.eu/resource/cellar/1e45710a-cc50-11ec-b6f4-01aa75ed71a1,2015-07,pdf,3,1,1,unresolved from saved relationship metadata alone
http://publications.europa.eu/resource/cellar/1f1042b3-2626-11e5-a342-01aa75ed71a1,2015-07,pdf,8,2,2,unresolved from saved relationship metadata alone
http://publications.europa.eu/resource/cellar/216021d6-378e-11e5-98a0-01aa75ed71a1,2015-07,pdf,76,1,1,unresolved from saved relationship metadata alone
http://publications.europa.eu/resource/cellar/21e4af01-3050-11e5-9f85-01aa75ed71a1,2015-07,pdf,4,1,1,unresolved from saved relationship metadata alone
http://publications.europa.eu/resource/cellar/33f82bac-2bc2-11e5-9f85-01aa75ed71a1,2015-07,pdf,8,2,2,unresolved from saved relationship metadata alone
http://publications.europa.eu/resource/cellar/39531d17-378e-11e5-98a0-01aa75ed71a1,2015-07,pdf,23,1,1,unresolved from saved relationship metadata alone
http://publications.europa.eu/resource/cellar/3a1c9232-200e-11e5-a342-01aa75ed71a1,2015-07,pdf,9,1,1,unresolved from saved relationship metadata alone
http://publications.europa.eu/resource/cellar/3eda9a2a-2ba5-11e5-9f85-01aa75ed71a1,2015-07,pdf,54,1,1,unresolved from saved relationship metadata alone
http://publications.europa.eu/resource/cellar/3ef43970-2ba1-11e5-9f85-01aa75ed71a1,2015-07,pdf,12,3,3,unresolved from saved relationship metadata alone
http://publications.europa.eu/resource/cellar/4223f591-2ba1-11e5-9f85-01aa75ed71a1,2015-07,pdf,4,1,1,unresolved from saved relationship metadata alone
http://publications.europa.eu/resource/cellar/4648960d-2bc2-11e5-9f85-01aa75ed71a1,2015-07,pdf,4,1,1,unresolved from saved relationship metadata alone
http://publications.europa.eu/resource/cellar/472a9159-2b9d-11e5-9f85-01aa75ed71a1,2015-07,pdf,8,2,2,unresolved from saved relationship metadata alone
http://publications.europa.eu/resource/cellar/477c2cba-2c64-11e5-9f85-01aa75ed71a1,2015-07,pdf,8,2,2,unresolved from saved relationship metadata alone
http://publications.europa.eu/resource/cellar/4a2d3b28-378e-11e5-98a0-01aa75ed71a1,2015-07,pdf,227,1,1,unresolved from saved relationship metadata alone
http://publications.europa.eu/resource/cellar/4c2a5826-31f5-11e5-9f85-01aa75ed71a1,2015-07,pdf,4,1,1,unresolved from saved relationship metadata alone
http://publications.europa.eu/resource/cellar/4f061aec-2ba0-11e5-9f85-01aa75ed71a1,2015-07,pdf,5,1,1,unresolved from saved relationship metadata alone
http://publications.europa.eu/resource/cellar/4fa04c5e-293c-11e5-9f85-01aa75ed71a1,2015-07,pdf,4,1,1,unresolved from saved relationship metadata alone
http://publications.europa.eu/resource/cellar/589fd77b-5089-11e5-9f5a-01aa75ed71a1,2015-07,pdf,5,1,1,unresolved from saved relationship metadata alone
http://publications.europa.eu/resource/cellar/5cd5dcc0-35cf-11e5-9f85-01aa75ed71a1,2015-07,pdf,12,3,3,unresolved from saved relationship metadata alone
http://publications.europa.eu/resource/cellar/5dc59397-3206-11e5-9f85-01aa75ed71a1,2015-07,pdf,8,2,2,unresolved from saved relationship metadata alone
http://publications.europa.eu/resource/cellar/63280f6c-2a09-11e5-9f85-01aa75ed71a1,2015-07,pdf,8,2,2,unresolved from saved relationship metadata alone
http://publications.europa.eu/resource/cellar/6395595e-2bc2-11e5-9f85-01aa75ed71a1,2015-07,pdf,31,1,1,unresolved from saved relationship metadata alone
http://publications.europa.eu/resource/cellar/6a9f43c3-296b-11e5-9f85-01aa75ed71a1,2015-07,pdf,9,2,2,unresolved from saved relationship metadata alone
http://publications.europa.eu/resource/cellar/6d9371bd-e12f-11e5-8a50-01aa75ed71a1,2015-07,pdf,25,1,1,unresolved from saved relationship metadata alone
http://publications.europa.eu/resource/cellar/6d9de7c7-3114-11e5-9f85-01aa75ed71a1,2015-07,pdf,4,1,1,unresolved from saved relationship metadata alone
http://publications.europa.eu/resource/cellar/6e507113-2ba2-11e5-9f85-01aa75ed71a1,2015-07,pdf,4,1,1,unresolved from saved relationship metadata alone
http://publications.europa.eu/resource/cellar/73aa9948-26e3-11e5-a342-01aa75ed71a1,2015-07,pdf,14,1,1,unresolved from saved relationship metadata alone
http://publications.europa.eu/resource/cellar/7411085a-3505-11e5-9f85-01aa75ed71a1,2015-07,pdf,5,1,1,unresolved from saved relationship metadata alone
http://publications.europa.eu/resource/cellar/743d692b-36aa-11e5-98a0-01aa75ed71a1,2015-07,pdf,4,1,1,unresolved from saved relationship metadata alone
http://publications.europa.eu/resource/cellar/791495ef-350c-11e5-9f85-01aa75ed71a1,2015-07,pdf,4,1,1,unresolved from saved relationship metadata alone
http://publications.europa.eu/resource/cellar/7a07519d-2c6f-11e5-9f85-01aa75ed71a1,2015-07,pdf,11,1,1,unresolved from saved relationship metadata alone
http://publications.europa.eu/resource/cellar/7ea404db-2c67-11e5-9f85-01aa75ed71a1,2015-07,pdf,4,1,1,unresolved from saved relationship metadata alone
http://publications.europa.eu/resource/cellar/854a70e5-2ba3-11e5-9f85-01aa75ed71a1,2015-07,pdf,4,1,1,unresolved from saved relationship metadata alone
http://publications.europa.eu/resource/cellar/857a6a11-377d-11e5-98a0-01aa75ed71a1,2015-07,pdf,8,2,2,unresolved from saved relationship metadata alone
http://publications.europa.eu/resource/cellar/86c5a3be-e12f-11e5-8a50-01aa75ed71a1,2015-07,pdf,174,4,4,unresolved from saved relationship metadata alone
http://publications.europa.eu/resource/cellar/893d5a7f-e12f-11e5-8a50-01aa75ed71a1,2015-07,pdf,362,7,7,unresolved from saved relationship metadata alone
http://publications.europa.eu/resource/cellar/8b8bcf44-2ba2-11e5-9f85-01aa75ed71a1,2015-07,pdf,73,1,1,unresolved from saved relationship metadata alone
http://publications.europa.eu/resource/cellar/8f21e3c2-2ba1-11e5-9f85-01aa75ed71a1,2015-07,pdf,6,1,1,unresolved from saved relationship metadata alone
http://publications.europa.eu/resource/cellar/90fd3881-2acb-11e5-9f85-01aa75ed71a1,2015-07,pdfa1b,4,1,1,unresolved from saved relationship metadata alone
http://publications.europa.eu/resource/cellar/9332fe40-312d-11e5-9f85-01aa75ed71a1,2015-07,pdf,4,1,1,unresolved from saved relationship metadata alone
http://publications.europa.eu/resource/cellar/967e4243-20be-11e5-a342-01aa75ed71a1,2015-07,pdf,8,2,2,unresolved from saved relationship metadata alone
http://publications.europa.eu/resource/cellar/9a2168d5-31f4-11e5-9f85-01aa75ed71a1,2015-07,pdf,4,1,1,unresolved from saved relationship metadata alone
http://publications.europa.eu/resource/cellar/9f89ad8a-26e3-11e5-a342-01aa75ed71a1,2015-07,pdf,8,2,2,unresolved from saved relationship metadata alone
http://publications.europa.eu/resource/cellar/a021a293-3133-11e5-9f85-01aa75ed71a1,2015-07,pdf,16,1,1,unresolved from saved relationship metadata alone
http://publications.europa.eu/resource/cellar/a40c0f0f-3126-11e5-9f85-01aa75ed71a1,2015-07,pdf,9,2,2,unresolved from saved relationship metadata alone
http://publications.europa.eu/resource/cellar/a4d8c15e-23cb-11e5-a342-01aa75ed71a1,2015-07,pdf,8,2,2,unresolved from saved relationship metadata alone
http://publications.europa.eu/resource/cellar/a6fb9638-3118-11e5-9f85-01aa75ed71a1,2015-07,pdf,4,1,1,unresolved from saved relationship metadata alone
http://publications.europa.eu/resource/cellar/b443a9fb-3505-11e5-9f85-01aa75ed71a1,2015-07,pdf,4,1,1,unresolved from saved relationship metadata alone
http://publications.europa.eu/resource/cellar/b5b391fe-376f-11e5-98a0-01aa75ed71a1,2015-07,pdf,4,1,1,unresolved from saved relationship metadata alone
http://publications.europa.eu/resource/cellar/c32bc336-3050-11e5-9f85-01aa75ed71a1,2015-07,pdf,32,2,2,unresolved from saved relationship metadata alone
http://publications.europa.eu/resource/cellar/cc2a0e61-200d-11e5-a342-01aa75ed71a1,2015-07,pdf,8,1,1,unresolved from saved relationship metadata alone
http://publications.europa.eu/resource/cellar/cd1403fb-26e7-11e5-a342-01aa75ed71a1,2015-07,pdf,4,1,1,unresolved from saved relationship metadata alone
http://publications.europa.eu/resource/cellar/cedb679e-2c71-11e5-9f85-01aa75ed71a1,2015-07,pdf,4,1,1,unresolved from saved relationship metadata alone
http://publications.europa.eu/resource/cellar/d57638ab-2b9e-11e5-9f85-01aa75ed71a1,2015-07,pdf,8,2,2,unresolved from saved relationship metadata alone
http://publications.europa.eu/resource/cellar/d93fdeba-2a06-11e5-9f85-01aa75ed71a1,2015-07,pdf,4,1,1,unresolved from saved relationship metadata alone
http://publications.europa.eu/resource/cellar/d98b64ad-375f-11e5-98a0-01aa75ed71a1,2015-07,pdf,5,1,1,unresolved from saved relationship metadata alone
http://publications.europa.eu/resource/cellar/db661d10-2946-11e5-9f85-01aa75ed71a1,2015-07,pdf,8,2,2,unresolved from saved relationship metadata alone
http://publications.europa.eu/resource/cellar/dd5c724c-3505-11e5-9f85-01aa75ed71a1,2015-07,pdf,7,1,1,unresolved from saved relationship metadata alone
http://publications.europa.eu/resource/cellar/df345b0a-1fda-11e5-a342-01aa75ed71a1,2015-07,pdf,4,1,1,unresolved from saved relationship metadata alone
http://publications.europa.eu/resource/cellar/e1df9222-378d-11e5-98a0-01aa75ed71a1,2015-07,pdf,15,1,1,unresolved from saved relationship metadata alone
http://publications.europa.eu/resource/cellar/e25b97d1-3131-11e5-9f85-01aa75ed71a1,2015-07,pdf,6,1,1,unresolved from saved relationship metadata alone
http://publications.europa.eu/resource/cellar/e285ab78-2ba4-11e5-9f85-01aa75ed71a1,2015-07,pdf,8,2,2,unresolved from saved relationship metadata alone
http://publications.europa.eu/resource/cellar/f11cd5da-379d-11e5-98a0-01aa75ed71a1,2015-07,pdf,8,2,2,unresolved from saved relationship metadata alone
http://publications.europa.eu/resource/cellar/f75c6806-2ba3-11e5-9f85-01aa75ed71a1,2015-07,pdf,20,1,1,unresolved from saved relationship metadata alone
http://publications.europa.eu/resource/cellar/f7ff33cc-2c6e-11e5-9f85-01aa75ed71a1,2015-07,pdf,4,1,1,unresolved from saved relationship metadata alone
http://publications.europa.eu/resource/cellar/fcaa8e99-5080-11e5-9f5a-01aa75ed71a1,2015-07,pdf,4,1,1,unresolved from saved relationship metadata alone
http://publications.europa.eu/resource/cellar/fe49fbf2-20bc-11e5-a342-01aa75ed71a1,2015-07,pdf,8,2,2,unresolved from saved relationship metadata alone
http://publications.europa.eu/resource/cellar/01a4fe84-4803-11e5-9f5a-01aa75ed71a1,2015-08,pdf,6,1,1,unresolved from saved relationship metadata alone
http://publications.europa.eu/resource/cellar/16b78a24-39e1-11e5-98a0-01aa75ed71a1,2015-08,pdf,4,1,1,unresolved from saved relationship metadata alone
http://publications.europa.eu/resource/cellar/1a6ffef6-4c9a-11e5-9f5a-01aa75ed71a1,2015-08,pdf,24,1,1,unresolved from saved relationship metadata alone
http://publications.europa.eu/resource/cellar/1ea57a34-4fc9-11e5-9f5a-01aa75ed71a1,2015-08,pdf,8,2,2,unresolved from saved relationship metadata alone
http://publications.europa.eu/resource/cellar/26b329fa-3cf8-11e5-9f5a-01aa75ed71a1,2015-08,pdf,8,2,2,unresolved from saved relationship metadata alone
http://publications.europa.eu/resource/cellar/2e43908d-4d6a-11e5-9f5a-01aa75ed71a1,2015-08,pdf,4,1,1,unresolved from saved relationship metadata alone
http://publications.europa.eu/resource/cellar/30a57da5-4c98-11e5-9f5a-01aa75ed71a1,2015-08,pdf,5,1,1,unresolved from saved relationship metadata alone
http://publications.europa.eu/resource/cellar/383e00b5-3c17-11e5-98a0-01aa75ed71a1,2015-08,pdf,8,2,2,unresolved from saved relationship metadata alone
http://publications.europa.eu/resource/cellar/3ab6318d-4cad-11e5-9f5a-01aa75ed71a1,2015-08,pdf,18,3,3,unresolved from saved relationship metadata alone
http://publications.europa.eu/resource/cellar/473ee3ec-508e-11e5-9f5a-01aa75ed71a1,2015-08,pdf,4,1,1,unresolved from saved relationship metadata alone
http://publications.europa.eu/resource/cellar/4f0ffa65-39e1-11e5-98a0-01aa75ed71a1,2015-08,pdf,4,1,1,unresolved from saved relationship metadata alone
http://publications.europa.eu/resource/cellar/627e18f6-4807-11e5-9f5a-01aa75ed71a1,2015-08,pdf,8,2,2,unresolved from saved relationship metadata alone
http://publications.europa.eu/resource/cellar/63134c63-3b5b-11e5-98a0-01aa75ed71a1,2015-08,pdf,8,2,2,unresolved from saved relationship metadata alone
http://publications.europa.eu/resource/cellar/6568d416-3cee-11e5-9f5a-01aa75ed71a1,2015-08,pdf,8,2,2,unresolved from saved relationship metadata alone
http://publications.europa.eu/resource/cellar/770bc450-39bd-11e5-98a0-01aa75ed71a1,2015-08,pdf,4,1,1,unresolved from saved relationship metadata alone
http://publications.europa.eu/resource/cellar/7d468111-39be-11e5-98a0-01aa75ed71a1,2015-08,pdf,4,1,1,unresolved from saved relationship metadata alone
http://publications.europa.eu/resource/cellar/85fb7352-39c4-11e5-98a0-01aa75ed71a1,2015-08,pdf,4,1,1,unresolved from saved relationship metadata alone
http://publications.europa.eu/resource/cellar/8639b41c-3cf9-11e5-9f5a-01aa75ed71a1,2015-08,pdf,8,2,2,unresolved from saved relationship metadata alone
http://publications.europa.eu/resource/cellar/975c6f89-4c20-11e5-9f5a-01aa75ed71a1,2015-08,pdf,8,2,2,unresolved from saved relationship metadata alone
http://publications.europa.eu/resource/cellar/bcc50e26-474e-11e5-9f5a-01aa75ed71a1,2015-08,pdf,15,1,1,unresolved from saved relationship metadata alone
http://publications.europa.eu/resource/cellar/c35e99df-4d74-11e5-9f5a-01aa75ed71a1,2015-08,pdf,4,1,1,unresolved from saved relationship metadata alone
http://publications.europa.eu/resource/cellar/c8c458e1-3b58-11e5-98a0-01aa75ed71a1,2015-08,pdf,4,1,1,unresolved from saved relationship metadata alone
http://publications.europa.eu/resource/cellar/e0889a53-39c4-11e5-98a0-01aa75ed71a1,2015-08,pdf,4,1,1,unresolved from saved relationship metadata alone
http://publications.europa.eu/resource/cellar/e30adac1-4652-11e5-9f5a-01aa75ed71a1,2015-08,pdf,4,1,1,unresolved from saved relationship metadata alone
http://publications.europa.eu/resource/cellar/e500bfc8-3cef-11e5-9f5a-01aa75ed71a1,2015-08,pdf,8,2,2,unresolved from saved relationship metadata alone
http://publications.europa.eu/resource/cellar/03ae5e2b-6384-11e5-9317-01aa75ed71a1,2015-09,pdf,15,2,2,unresolved from saved relationship metadata alone
http://publications.europa.eu/resource/cellar/086e3e60-521d-11e5-9f5a-01aa75ed71a1,2015-09,pdf,4,1,1,unresolved from saved relationship metadata alone
http://publications.europa.eu/resource/cellar/0d64e650-677c-11e5-9317-01aa75ed71a1,2015-09,pdf,4,1,1,unresolved from saved relationship metadata alone
http://publications.europa.eu/resource/cellar/16216ca4-5799-11e5-afbf-01aa75ed71a1,2015-09,pdf,4,1,1,unresolved from saved relationship metadata alone
http://publications.europa.eu/resource/cellar/19c92014-522f-11e5-9f5a-01aa75ed71a1,2015-09,pdf,8,2,2,unresolved from saved relationship metadata alone
http://publications.europa.eu/resource/cellar/21bbf773-5ac2-11e5-afbf-01aa75ed71a1,2015-09,pdf,8,2,2,unresolved from saved relationship metadata alone
http://publications.europa.eu/resource/cellar/252d0fbf-6776-11e5-9317-01aa75ed71a1,2015-09,pdf,4,1,1,unresolved from saved relationship metadata alone
http://publications.europa.eu/resource/cellar/27bc939d-5ad2-11e5-afbf-01aa75ed71a1,2015-09,pdf,8,2,2,unresolved from saved relationship metadata alone
http://publications.europa.eu/resource/cellar/2aa0f5e5-677e-11e5-9317-01aa75ed71a1,2015-09,pdf,4,1,1,unresolved from saved relationship metadata alone
http://publications.europa.eu/resource/cellar/2d94a272-66b4-11e5-9317-01aa75ed71a1,2015-09,pdf,24,6,6,unresolved from saved relationship metadata alone
http://publications.europa.eu/resource/cellar/305ccf53-61e2-11e5-afbf-01aa75ed71a1,2015-09,pdf,32,8,8,unresolved from saved relationship metadata alone
http://publications.europa.eu/resource/cellar/35d7300a-5087-11e5-9f5a-01aa75ed71a1,2015-09,pdf,4,1,1,unresolved from saved relationship metadata alone
http://publications.europa.eu/resource/cellar/37885296-5d17-11e5-afbf-01aa75ed71a1,2015-09,pdf,30,1,1,unresolved from saved relationship metadata alone
http://publications.europa.eu/resource/cellar/3db0c150-5ac1-11e5-afbf-01aa75ed71a1,2015-09,pdf,4,1,1,unresolved from saved relationship metadata alone
http://publications.europa.eu/resource/cellar/3fe8f7f1-5ade-11e5-afbf-01aa75ed71a1,2015-09,pdf,8,2,2,unresolved from saved relationship metadata alone
http://publications.europa.eu/resource/cellar/40f02c36-677e-11e5-9317-01aa75ed71a1,2015-09,pdf,4,1,1,unresolved from saved relationship metadata alone
http://publications.europa.eu/resource/cellar/447f8a85-6108-11e5-afbf-01aa75ed71a1,2015-09,pdf,4,1,1,unresolved from saved relationship metadata alone
http://publications.europa.eu/resource/cellar/4c715c1e-5b8a-11e5-afbf-01aa75ed71a1,2015-09,pdf,4,1,1,unresolved from saved relationship metadata alone
http://publications.europa.eu/resource/cellar/4d60e603-5c46-11e5-afbf-01aa75ed71a1,2015-09,pdf,4,1,1,unresolved from saved relationship metadata alone
http://publications.europa.eu/resource/cellar/5b2e4563-677d-11e5-9317-01aa75ed71a1,2015-09,pdf,4,1,1,unresolved from saved relationship metadata alone
http://publications.europa.eu/resource/cellar/5bd47b07-677e-11e5-9317-01aa75ed71a1,2015-09,pdf,33,1,1,unresolved from saved relationship metadata alone
http://publications.europa.eu/resource/cellar/63a6ab0b-5860-11e5-afbf-01aa75ed71a1,2015-09,pdf,4,1,1,unresolved from saved relationship metadata alone
http://publications.europa.eu/resource/cellar/6414abe8-5d19-11e5-afbf-01aa75ed71a1,2015-09,pdf,4,1,1,unresolved from saved relationship metadata alone
http://publications.europa.eu/resource/cellar/6547eb0c-5155-11e5-9f5a-01aa75ed71a1,2015-09,pdf,4,1,1,unresolved from saved relationship metadata alone
http://publications.europa.eu/resource/cellar/706abf61-5ac1-11e5-afbf-01aa75ed71a1,2015-09,pdf,4,1,1,unresolved from saved relationship metadata alone
http://publications.europa.eu/resource/cellar/756d3020-6751-11e5-9317-01aa75ed71a1,2015-09,pdf,8,2,2,unresolved from saved relationship metadata alone
http://publications.europa.eu/resource/cellar/796112b6-5bae-11e5-afbf-01aa75ed71a1,2015-09,pdf,9,2,2,unresolved from saved relationship metadata alone
http://publications.europa.eu/resource/cellar/79da605c-5c58-11e5-afbf-01aa75ed71a1,2015-09,pdf,4,1,1,unresolved from saved relationship metadata alone
http://publications.europa.eu/resource/cellar/7deab216-5c50-11e5-afbf-01aa75ed71a1,2015-09,pdf,8,2,2,unresolved from saved relationship metadata alone
http://publications.europa.eu/resource/cellar/7eb682b9-5ac7-11e5-afbf-01aa75ed71a1,2015-09,pdf,8,2,2,unresolved from saved relationship metadata alone
http://publications.europa.eu/resource/cellar/811c2d01-5639-11e5-afbf-01aa75ed71a1,2015-09,pdf,8,2,2,unresolved from saved relationship metadata alone
http://publications.europa.eu/resource/cellar/8590ca33-56c6-11e5-afbf-01aa75ed71a1,2015-09,pdfa1b,4,1,1,unresolved from saved relationship metadata alone
http://publications.europa.eu/resource/cellar/8975137d-5ac0-11e5-afbf-01aa75ed71a1,2015-09,pdf,4,1,1,unresolved from saved relationship metadata alone
http://publications.europa.eu/resource/cellar/8c4e06f7-5c54-11e5-afbf-01aa75ed71a1,2015-09,pdf,4,1,1,unresolved from saved relationship metadata alone
http://publications.europa.eu/resource/cellar/8c565a77-56ca-11e5-afbf-01aa75ed71a1,2015-09,pdf,8,2,2,unresolved from saved relationship metadata alone
http://publications.europa.eu/resource/cellar/8cf1ba55-5ac4-11e5-afbf-01aa75ed71a1,2015-09,pdf,8,2,2,unresolved from saved relationship metadata alone
http://publications.europa.eu/resource/cellar/92b8154b-56cd-11e5-afbf-01aa75ed71a1,2015-09,pdf,10,2,2,unresolved from saved relationship metadata alone
http://publications.europa.eu/resource/cellar/92dca818-677f-11e5-9317-01aa75ed71a1,2015-09,pdf,4,1,1,unresolved from saved relationship metadata alone
http://publications.europa.eu/resource/cellar/9478809d-675e-11e5-9317-01aa75ed71a1,2015-09,pdf,4,1,1,unresolved from saved relationship metadata alone
http://publications.europa.eu/resource/cellar/9cf761db-6754-11e5-9317-01aa75ed71a1,2015-09,pdf,9,2,2,unresolved from saved relationship metadata alone
http://publications.europa.eu/resource/cellar/a2459321-522e-11e5-9f5a-01aa75ed71a1,2015-09,pdf,4,1,1,unresolved from saved relationship metadata alone
http://publications.europa.eu/resource/cellar/a27b7ae5-56c7-11e5-afbf-01aa75ed71a1,2015-09,pdfa1b,4,1,1,unresolved from saved relationship metadata alone
http://publications.europa.eu/resource/cellar/a556e9fb-5153-11e5-9f5a-01aa75ed71a1,2015-09,pdf,8,2,2,unresolved from saved relationship metadata alone
http://publications.europa.eu/resource/cellar/a5874209-56cc-11e5-afbf-01aa75ed71a1,2015-09,pdf,8,2,2,unresolved from saved relationship metadata alone
http://publications.europa.eu/resource/cellar/a6011642-515f-11e5-9f5a-01aa75ed71a1,2015-09,pdf,8,2,2,unresolved from saved relationship metadata alone
http://publications.europa.eu/resource/cellar/a7984d72-677c-11e5-9317-01aa75ed71a1,2015-09,pdf,9,1,1,unresolved from saved relationship metadata alone
http://publications.europa.eu/resource/cellar/af75087f-5ad3-11e5-afbf-01aa75ed71a1,2015-09,pdf,8,2,2,unresolved from saved relationship metadata alone
http://publications.europa.eu/resource/cellar/af831f14-5c46-11e5-afbf-01aa75ed71a1,2015-09,pdf,4,1,1,unresolved from saved relationship metadata alone
http://publications.europa.eu/resource/cellar/b0bc7a1d-5155-11e5-9f5a-01aa75ed71a1,2015-09,pdf,4,1,1,unresolved from saved relationship metadata alone
http://publications.europa.eu/resource/cellar/b31cbac9-677f-11e5-9317-01aa75ed71a1,2015-09,pdf,50,1,1,unresolved from saved relationship metadata alone
http://publications.europa.eu/resource/cellar/b69c269a-5256-11e5-9f5a-01aa75ed71a1,2015-09,pdf,8,2,2,unresolved from saved relationship metadata alone
http://publications.europa.eu/resource/cellar/bab8688f-5b8a-11e5-afbf-01aa75ed71a1,2015-09,pdf,5,1,1,unresolved from saved relationship metadata alone
http://publications.europa.eu/resource/cellar/bac4edd6-52e3-11e5-9f5a-01aa75ed71a1,2015-09,pdf,8,1,1,unresolved from saved relationship metadata alone
http://publications.europa.eu/resource/cellar/c130afcf-6825-11e5-9317-01aa75ed71a1,2015-09,pdf,9,2,2,unresolved from saved relationship metadata alone
http://publications.europa.eu/resource/cellar/c36d5614-555d-11e5-9f5a-01aa75ed71a1,2015-09,pdf,8,2,2,unresolved from saved relationship metadata alone
http://publications.europa.eu/resource/cellar/c84858aa-677f-11e5-9317-01aa75ed71a1,2015-09,pdf,6,1,1,unresolved from saved relationship metadata alone
http://publications.europa.eu/resource/cellar/cd5d884c-6384-11e5-9317-01aa75ed71a1,2015-09,pdf,42,1,1,unresolved from saved relationship metadata alone
http://publications.europa.eu/resource/cellar/d4b27e70-5b8a-11e5-afbf-01aa75ed71a1,2015-09,pdf,264,6,6,unresolved from saved relationship metadata alone
http://publications.europa.eu/resource/cellar/dcd7c515-5d16-11e5-afbf-01aa75ed71a1,2015-09,pdf,4,1,1,unresolved from saved relationship metadata alone
http://publications.europa.eu/resource/cellar/e0f08363-5ae4-11e5-afbf-01aa75ed71a1,2015-09,pdf,8,2,2,unresolved from saved relationship metadata alone
http://publications.europa.eu/resource/cellar/e71e6442-522e-11e5-9f5a-01aa75ed71a1,2015-09,pdf,4,1,1,unresolved from saved relationship metadata alone
http://publications.europa.eu/resource/cellar/e9cd8f7b-5ac8-11e5-afbf-01aa75ed71a1,2015-09,pdf,8,2,2,unresolved from saved relationship metadata alone
http://publications.europa.eu/resource/cellar/ef0e1f62-5dd7-11e5-afbf-01aa75ed71a1,2015-09,pdf,4,1,1,unresolved from saved relationship metadata alone
http://publications.europa.eu/resource/cellar/f443b3b8-5baf-11e5-afbf-01aa75ed71a1,2015-09,pdf,9,2,2,unresolved from saved relationship metadata alone
http://publications.europa.eu/resource/cellar/fab69b3f-5ac0-11e5-afbf-01aa75ed71a1,2015-09,pdf,8,2,2,unresolved from saved relationship metadata alone
http://publications.europa.eu/resource/cellar/fb5cd417-5ac5-11e5-afbf-01aa75ed71a1,2015-09,pdf,8,2,2,unresolved from saved relationship metadata alone
http://publications.europa.eu/resource/cellar/00a0d9d5-7801-11e5-86db-01aa75ed71a1,2015-10,pdf,5,1,1,unresolved from saved relationship metadata alone
http://publications.europa.eu/resource/cellar/02d012ad-7bd1-11e5-9fae-01aa75ed71a1,2015-10,pdf,5,1,1,unresolved from saved relationship metadata alone
http://publications.europa.eu/resource/cellar/062275ea-797e-11e5-86db-01aa75ed71a1,2015-10,pdf,12,3,3,unresolved from saved relationship metadata alone
http://publications.europa.eu/resource/cellar/0a99e9c6-6e61-11e5-9317-01aa75ed71a1,2015-10,pdf,4,1,1,unresolved from saved relationship metadata alone
http://publications.europa.eu/resource/cellar/138d8737-6dd2-11e5-9317-01aa75ed71a1,2015-10,pdf,8,1,1,unresolved from saved relationship metadata alone
http://publications.europa.eu/resource/cellar/15ab9f77-6e61-11e5-9317-01aa75ed71a1,2015-10,pdf,4,1,1,unresolved from saved relationship metadata alone
http://publications.europa.eu/resource/cellar/15c4f3c1-7efe-11e5-b8b7-01aa75ed71a1,2015-10,pdf,5,1,1,unresolved from saved relationship metadata alone
http://publications.europa.eu/resource/cellar/20bd55a7-6c2f-11e5-9317-01aa75ed71a1,2015-10,pdf,4,1,1,unresolved from saved relationship metadata alone
http://publications.europa.eu/resource/cellar/27e16b3f-7d78-11e5-b8b7-01aa75ed71a1,2015-10,pdf,28,7,7,unresolved from saved relationship metadata alone
http://publications.europa.eu/resource/cellar/2c4a71b6-77cf-11e5-86db-01aa75ed71a1,2015-10,pdf,8,2,2,unresolved from saved relationship metadata alone
http://publications.europa.eu/resource/cellar/2fef34ae-7cc7-11e5-b8b7-01aa75ed71a1,2015-10,pdf,4,1,1,unresolved from saved relationship metadata alone
http://publications.europa.eu/resource/cellar/30e6d1ff-7bd2-11e5-9fae-01aa75ed71a1,2015-10,pdf,8,2,2,unresolved from saved relationship metadata alone
http://publications.europa.eu/resource/cellar/4078ad81-7680-11e5-86db-01aa75ed71a1,2015-10,pdf,4,1,1,unresolved from saved relationship metadata alone
http://publications.europa.eu/resource/cellar/412d82f8-77d1-11e5-86db-01aa75ed71a1,2015-10,pdf,8,2,2,unresolved from saved relationship metadata alone
http://publications.europa.eu/resource/cellar/489d9220-789e-11e5-86db-01aa75ed71a1,2015-10,pdf,8,2,2,unresolved from saved relationship metadata alone
http://publications.europa.eu/resource/cellar/496e609e-765b-11e5-86db-01aa75ed71a1,2015-10,pdf,14,3,3,unresolved from saved relationship metadata alone
http://publications.europa.eu/resource/cellar/49956a75-7196-11e5-9317-01aa75ed71a1,2015-10,pdf,4,1,1,unresolved from saved relationship metadata alone
http://publications.europa.eu/resource/cellar/4d93ebda-77d4-11e5-86db-01aa75ed71a1,2015-10,pdf,4,1,1,unresolved from saved relationship metadata alone
http://publications.europa.eu/resource/cellar/5254559f-68eb-11e5-9317-01aa75ed71a1,2015-10,pdf,47,3,3,unresolved from saved relationship metadata alone
http://publications.europa.eu/resource/cellar/5f5524f8-6817-11e5-9317-01aa75ed71a1,2015-10,pdf,4,1,1,unresolved from saved relationship metadata alone
http://publications.europa.eu/resource/cellar/631c477e-7d63-11e5-b8b7-01aa75ed71a1,2015-10,pdf,4,1,1,unresolved from saved relationship metadata alone
http://publications.europa.eu/resource/cellar/71c161a9-6cd9-11e5-9317-01aa75ed71a1,2015-10,pdf,4,1,1,unresolved from saved relationship metadata alone
http://publications.europa.eu/resource/cellar/741c050a-7d5a-11e5-b8b7-01aa75ed71a1,2015-10,pdf,4,1,1,unresolved from saved relationship metadata alone
http://publications.europa.eu/resource/cellar/7d4b52d1-68f6-11e5-9317-01aa75ed71a1,2015-10,pdf,8,2,2,unresolved from saved relationship metadata alone
http://publications.europa.eu/resource/cellar/87acabc7-796b-11e5-86db-01aa75ed71a1,2015-10,pdf,8,1,1,unresolved from saved relationship metadata alone
http://publications.europa.eu/resource/cellar/8a49cac4-718c-11e5-9317-01aa75ed71a1,2015-10,pdf,4,1,1,unresolved from saved relationship metadata alone
http://publications.europa.eu/resource/cellar/8c53aa6b-7d5a-11e5-b8b7-01aa75ed71a1,2015-10,pdf,11,1,1,unresolved from saved relationship metadata alone
http://publications.europa.eu/resource/cellar/8e65f709-73e5-11e5-86db-01aa75ed71a1,2015-10,pdf,64,2,2,unresolved from saved relationship metadata alone
http://publications.europa.eu/resource/cellar/93a2b2cc-7d5a-11e5-b8b7-01aa75ed71a1,2015-10,pdf,113,3,3,unresolved from saved relationship metadata alone
http://publications.europa.eu/resource/cellar/94fef5ba-771a-11e5-86db-01aa75ed71a1,2015-10,pdf,24,3,3,unresolved from saved relationship metadata alone
http://publications.europa.eu/resource/cellar/9b8f84bb-6daa-11e5-9317-01aa75ed71a1,2015-10,pdf,8,2,2,unresolved from saved relationship metadata alone
http://publications.europa.eu/resource/cellar/9c6309f5-6e60-11e5-9317-01aa75ed71a1,2015-10,pdf,4,1,1,unresolved from saved relationship metadata alone
http://publications.europa.eu/resource/cellar/a0b3b73f-725f-11e5-9317-01aa75ed71a1,2015-10,pdf,8,2,2,unresolved from saved relationship metadata alone
http://publications.europa.eu/resource/cellar/a19cd76d-68e8-11e5-9317-01aa75ed71a1,2015-10,pdf,4,1,1,unresolved from saved relationship metadata alone
http://publications.europa.eu/resource/cellar/a381aeaa-682d-11e5-9317-01aa75ed71a1,2015-10,pdf,11,2,2,unresolved from saved relationship metadata alone
http://publications.europa.eu/resource/cellar/a9f561cd-731b-11e5-9317-01aa75ed71a1,2015-10,pdf,42,10,10,unresolved from saved relationship metadata alone
http://publications.europa.eu/resource/cellar/ab67fcb8-6827-11e5-9317-01aa75ed71a1,2015-10,pdf,12,2,2,unresolved from saved relationship metadata alone
http://publications.europa.eu/resource/cellar/aed795cd-7d5e-11e5-b8b7-01aa75ed71a1,2015-10,pdf,4,1,1,unresolved from saved relationship metadata alone
http://publications.europa.eu/resource/cellar/b089af54-7288-11e5-9317-01aa75ed71a1,2015-10,pdf,4,1,1,unresolved from saved relationship metadata alone
http://publications.europa.eu/resource/cellar/b7bf320d-6824-11e5-9317-01aa75ed71a1,2015-10,pdf,4,1,1,unresolved from saved relationship metadata alone
http://publications.europa.eu/resource/cellar/bc0fa86f-7ef8-11e5-b8b7-01aa75ed71a1,2015-10,pdf,4,1,1,unresolved from saved relationship metadata alone
http://publications.europa.eu/resource/cellar/d0a5a1a0-7cc7-11e5-b8b7-01aa75ed71a1,2015-10,pdf,9,2,2,unresolved from saved relationship metadata alone
http://publications.europa.eu/resource/cellar/d62c04f9-681c-11e5-9317-01aa75ed71a1,2015-10,pdf,11,2,2,unresolved from saved relationship metadata alone
http://publications.europa.eu/resource/cellar/d7bdb658-6e63-11e5-9317-01aa75ed71a1,2015-10,pdf,8,2,2,unresolved from saved relationship metadata alone
http://publications.europa.eu/resource/cellar/e05894c7-73e3-11e5-86db-01aa75ed71a1,2015-10,pdf,8,2,2,unresolved from saved relationship metadata alone
http://publications.europa.eu/resource/cellar/e326a876-7801-11e5-86db-01aa75ed71a1,2015-10,pdf,4,1,1,unresolved from saved relationship metadata alone
http://publications.europa.eu/resource/cellar/e76a7f40-7efd-11e5-b8b7-01aa75ed71a1,2015-10,pdf,4,1,1,unresolved from saved relationship metadata alone
http://publications.europa.eu/resource/cellar/e7d8e918-7805-11e5-86db-01aa75ed71a1,2015-10,pdf,4,1,1,unresolved from saved relationship metadata alone
http://publications.europa.eu/resource/cellar/eaa9f17e-68ea-11e5-9317-01aa75ed71a1,2015-10,pdf,15,1,1,unresolved from saved relationship metadata alone
http://publications.europa.eu/resource/cellar/eb828647-6b55-11e5-9317-01aa75ed71a1,2015-10,pdf,4,1,1,unresolved from saved relationship metadata alone
http://publications.europa.eu/resource/cellar/ed3a1eb9-6c2f-11e5-9317-01aa75ed71a1,2015-10,pdf,4,1,1,unresolved from saved relationship metadata alone
http://publications.europa.eu/resource/cellar/edd623fc-6daa-11e5-9317-01aa75ed71a1,2015-10,pdf,4,1,1,unresolved from saved relationship metadata alone
http://publications.europa.eu/resource/cellar/eea9f3ac-7255-11e5-9317-01aa75ed71a1,2015-10,pdf,4,1,1,unresolved from saved relationship metadata alone
http://publications.europa.eu/resource/cellar/efb76f3d-7259-11e5-9317-01aa75ed71a1,2015-10,pdf,4,1,1,unresolved from saved relationship metadata alone
http://publications.europa.eu/resource/cellar/f1ac096f-681a-11e5-9317-01aa75ed71a1,2015-10,pdf,4,1,1,unresolved from saved relationship metadata alone
http://publications.europa.eu/resource/cellar/f3075d75-70d1-11e5-9317-01aa75ed71a1,2015-10,pdf,4,1,1,unresolved from saved relationship metadata alone
http://publications.europa.eu/resource/cellar/faa39c98-770b-11e5-86db-01aa75ed71a1,2015-10,pdf,4,1,1,unresolved from saved relationship metadata alone
http://publications.europa.eu/resource/cellar/ffb3d048-73e4-11e5-86db-01aa75ed71a1,2015-10,pdf,4,1,1,unresolved from saved relationship metadata alone
http://publications.europa.eu/resource/cellar/003c9317-91c6-11e5-983e-01aa75ed71a1,2015-11,pdf,8,2,2,unresolved from saved relationship metadata alone
http://publications.europa.eu/resource/cellar/00e3b418-9826-11e5-983e-01aa75ed71a1,2015-11,pdf,4,1,1,unresolved from saved relationship metadata alone
http://publications.europa.eu/resource/cellar/026d3a4a-9826-11e5-983e-01aa75ed71a1,2015-11,pdf,4,1,1,unresolved from saved relationship metadata alone
http://publications.europa.eu/resource/cellar/02f6b59b-9826-11e5-983e-01aa75ed71a1,2015-11,pdf,4,1,1,unresolved from saved relationship metadata alone
http://publications.europa.eu/resource/cellar/036c16c7-9763-11e5-983e-01aa75ed71a1,2015-11,pdf,8,2,2,unresolved from saved relationship metadata alone
http://publications.europa.eu/resource/cellar/0552a72f-8eac-11e5-983e-01aa75ed71a1,2015-11,pdf,33,1,1,unresolved from saved relationship metadata alone
http://publications.europa.eu/resource/cellar/07971c53-d558-11e5-a4b5-01aa75ed71a1,2015-11,pdf,8,2,2,unresolved from saved relationship metadata alone
http://publications.europa.eu/resource/cellar/07b2bd0a-4d49-4056-ac47-cf1a7c2b4827,2015-11,pdf,4,1,1,unresolved from saved relationship metadata alone
http://publications.europa.eu/resource/cellar/0b599f30-8eac-11e5-983e-01aa75ed71a1,2015-11,pdf,33,1,1,unresolved from saved relationship metadata alone
http://publications.europa.eu/resource/cellar/0c4fe5dc-9826-11e5-983e-01aa75ed71a1,2015-11,pdf,10,2,2,unresolved from saved relationship metadata alone
http://publications.europa.eu/resource/cellar/0c74dc50-8fac-11e5-983e-01aa75ed71a1,2015-11,pdf,32,1,1,unresolved from saved relationship metadata alone
http://publications.europa.eu/resource/cellar/0d526bd8-9763-11e5-983e-01aa75ed71a1,2015-11,pdf,4,1,1,unresolved from saved relationship metadata alone
http://publications.europa.eu/resource/cellar/113604c1-8eac-11e5-983e-01aa75ed71a1,2015-11,pdf,32,1,1,unresolved from saved relationship metadata alone
http://publications.europa.eu/resource/cellar/16ffa5a2-8eac-11e5-983e-01aa75ed71a1,2015-11,pdf,33,1,1,unresolved from saved relationship metadata alone
http://publications.europa.eu/resource/cellar/17293089-9763-11e5-983e-01aa75ed71a1,2015-11,pdf,12,1,1,unresolved from saved relationship metadata alone
http://publications.europa.eu/resource/cellar/177cd059-8dde-11e5-b8b7-01aa75ed71a1,2015-11,pdf,4,1,1,unresolved from saved relationship metadata alone
http://publications.europa.eu/resource/cellar/1cb5e593-8eac-11e5-983e-01aa75ed71a1,2015-11,pdf,33,1,1,unresolved from saved relationship metadata alone
http://publications.europa.eu/resource/cellar/1f1acd1a-849d-11e5-b8b7-01aa75ed71a1,2015-11,pdf,4,1,1,unresolved from saved relationship metadata alone
http://publications.europa.eu/resource/cellar/2241e134-8eac-11e5-983e-01aa75ed71a1,2015-11,pdf,33,1,1,unresolved from saved relationship metadata alone
http://publications.europa.eu/resource/cellar/280e6845-8eac-11e5-983e-01aa75ed71a1,2015-11,pdf,33,1,1,unresolved from saved relationship metadata alone
http://publications.europa.eu/resource/cellar/2a07c70d-9826-11e5-983e-01aa75ed71a1,2015-11,pdf,4,1,1,unresolved from saved relationship metadata alone
http://publications.europa.eu/resource/cellar/2e0078b6-8eac-11e5-983e-01aa75ed71a1,2015-11,pdf,33,1,1,unresolved from saved relationship metadata alone
http://publications.europa.eu/resource/cellar/2f816e89-92b7-11e5-983e-01aa75ed71a1,2015-11,pdf,26,1,1,unresolved from saved relationship metadata alone
http://publications.europa.eu/resource/cellar/3357a8b7-8eac-11e5-983e-01aa75ed71a1,2015-11,pdf,33,1,1,unresolved from saved relationship metadata alone
http://publications.europa.eu/resource/cellar/350c4163-a31e-11e5-b528-01aa75ed71a1,2015-11,pdf,4,1,1,unresolved from saved relationship metadata alone
http://publications.europa.eu/resource/cellar/39203828-8eac-11e5-983e-01aa75ed71a1,2015-11,pdf,34,1,1,unresolved from saved relationship metadata alone
http://publications.europa.eu/resource/cellar/3ea79fe9-8eac-11e5-983e-01aa75ed71a1,2015-11,pdf,33,1,1,unresolved from saved relationship metadata alone
http://publications.europa.eu/resource/cellar/413f6524-d558-11e5-a4b5-01aa75ed71a1,2015-11,pdf,6,1,1,unresolved from saved relationship metadata alone
http://publications.europa.eu/resource/cellar/44184b5a-8eac-11e5-983e-01aa75ed71a1,2015-11,pdf,33,1,1,unresolved from saved relationship metadata alone
http://publications.europa.eu/resource/cellar/4a55959b-8eac-11e5-983e-01aa75ed71a1,2015-11,pdf,33,1,1,unresolved from saved relationship metadata alone
http://publications.europa.eu/resource/cellar/4fe561cc-8eac-11e5-983e-01aa75ed71a1,2015-11,pdf,33,1,1,unresolved from saved relationship metadata alone
http://publications.europa.eu/resource/cellar/555793dd-8eac-11e5-983e-01aa75ed71a1,2015-11,pdf,33,1,1,unresolved from saved relationship metadata alone
http://publications.europa.eu/resource/cellar/590ec691-8d18-11e5-b8b7-01aa75ed71a1,2015-11,pdf,5,1,1,unresolved from saved relationship metadata alone
http://publications.europa.eu/resource/cellar/5aa5ea3e-8eac-11e5-983e-01aa75ed71a1,2015-11,pdf,33,1,1,unresolved from saved relationship metadata alone
http://publications.europa.eu/resource/cellar/5d0db65c-8d14-11e5-b8b7-01aa75ed71a1,2015-11,pdf,20,2,2,unresolved from saved relationship metadata alone
http://publications.europa.eu/resource/cellar/5ff15a6f-8eac-11e5-983e-01aa75ed71a1,2015-11,pdf,33,1,1,unresolved from saved relationship metadata alone
http://publications.europa.eu/resource/cellar/60e88ef8-8e11-11e5-b8b7-01aa75ed71a1,2015-11,pdf,4,1,1,unresolved from saved relationship metadata alone
http://publications.europa.eu/resource/cellar/62f7e7eb-879c-11e5-b8b7-01aa75ed71a1,2015-11,pdf,4,1,1,unresolved from saved relationship metadata alone
http://publications.europa.eu/resource/cellar/65486360-8eac-11e5-983e-01aa75ed71a1,2015-11,pdf,32,1,1,unresolved from saved relationship metadata alone
http://publications.europa.eu/resource/cellar/6aa75b91-8eac-11e5-983e-01aa75ed71a1,2015-11,pdf,33,1,1,unresolved from saved relationship metadata alone
http://publications.europa.eu/resource/cellar/6dd42773-8866-11e5-b8b7-01aa75ed71a1,2015-11,pdf,4,1,1,unresolved from saved relationship metadata alone
http://publications.europa.eu/resource/cellar/7049c562-8eac-11e5-983e-01aa75ed71a1,2015-11,pdf,34,1,1,unresolved from saved relationship metadata alone
http://publications.europa.eu/resource/cellar/76158923-8eac-11e5-983e-01aa75ed71a1,2015-11,pdf,33,1,1,unresolved from saved relationship metadata alone
http://publications.europa.eu/resource/cellar/79df86ff-846a-11e5-b8b7-01aa75ed71a1,2015-11,pdf,4,1,1,unresolved from saved relationship metadata alone
http://publications.europa.eu/resource/cellar/7a0d7782-a31d-11e5-b528-01aa75ed71a1,2015-11,pdf,4,1,1,unresolved from saved relationship metadata alone
http://publications.europa.eu/resource/cellar/7b64f0f4-8eac-11e5-983e-01aa75ed71a1,2015-11,pdf,33,1,1,unresolved from saved relationship metadata alone
http://publications.europa.eu/resource/cellar/7efc3cb9-8788-11e5-b8b7-01aa75ed71a1,2015-11,pdfa1b,4,1,1,unresolved from saved relationship metadata alone
http://publications.europa.eu/resource/cellar/80b08835-8eac-11e5-983e-01aa75ed71a1,2015-11,pdf,33,1,1,unresolved from saved relationship metadata alone
http://publications.europa.eu/resource/cellar/80fbaa99-91d0-11e5-983e-01aa75ed71a1,2015-11,pdf,4,1,1,unresolved from saved relationship metadata alone
http://publications.europa.eu/resource/cellar/81d5459f-8d17-11e5-b8b7-01aa75ed71a1,2015-11,pdf,6,1,1,unresolved from saved relationship metadata alone
http://publications.europa.eu/resource/cellar/8210d1c6-8ddc-11e5-b8b7-01aa75ed71a1,2015-11,pdf,5,1,1,unresolved from saved relationship metadata alone
http://publications.europa.eu/resource/cellar/825c94cf-9827-11e5-983e-01aa75ed71a1,2015-11,pdf,47,1,1,unresolved from saved relationship metadata alone
http://publications.europa.eu/resource/cellar/82ffb2a0-9827-11e5-983e-01aa75ed71a1,2015-11,pdf,35,1,1,unresolved from saved relationship metadata alone
http://publications.europa.eu/resource/cellar/83942c53-8d1a-11e5-b8b7-01aa75ed71a1,2015-11,pdf,4,1,1,unresolved from saved relationship metadata alone
http://publications.europa.eu/resource/cellar/83a1d2d2-8d18-11e5-b8b7-01aa75ed71a1,2015-11,pdf,7,1,1,unresolved from saved relationship metadata alone
http://publications.europa.eu/resource/cellar/842a28e6-847a-11e5-b8b7-01aa75ed71a1,2015-11,pdf,9,2,2,unresolved from saved relationship metadata alone
http://publications.europa.eu/resource/cellar/862c5736-8eac-11e5-983e-01aa75ed71a1,2015-11,pdf,33,1,1,unresolved from saved relationship metadata alone
http://publications.europa.eu/resource/cellar/8bac9307-8eac-11e5-983e-01aa75ed71a1,2015-11,pdf,33,1,1,unresolved from saved relationship metadata alone
http://publications.europa.eu/resource/cellar/8c423997-8ddc-11e5-b8b7-01aa75ed71a1,2015-11,pdf,94,2,2,unresolved from saved relationship metadata alone
http://publications.europa.eu/resource/cellar/90a7e768-8eac-11e5-983e-01aa75ed71a1,2015-11,pdf,33,1,1,unresolved from saved relationship metadata alone
http://publications.europa.eu/resource/cellar/90e6442a-8788-11e5-b8b7-01aa75ed71a1,2015-11,pdf,7,1,1,unresolved from saved relationship metadata alone
http://publications.europa.eu/resource/cellar/965b1a19-8eac-11e5-983e-01aa75ed71a1,2015-11,pdf,33,1,1,unresolved from saved relationship metadata alone
http://publications.europa.eu/resource/cellar/967e74cb-8788-11e5-b8b7-01aa75ed71a1,2015-11,pdf,7,1,1,unresolved from saved relationship metadata alone
http://publications.europa.eu/resource/cellar/97207877-8d22-11e5-b8b7-01aa75ed71a1,2015-11,pdf,7,1,1,unresolved from saved relationship metadata alone
http://publications.europa.eu/resource/cellar/9abe9620-9292-11e5-983e-01aa75ed71a1,2015-11,pdf,4,1,1,unresolved from saved relationship metadata alone
http://publications.europa.eu/resource/cellar/9bb5e7cc-8788-11e5-b8b7-01aa75ed71a1,2015-11,pdf,7,1,1,unresolved from saved relationship metadata alone
http://publications.europa.eu/resource/cellar/9bdf9baa-8eac-11e5-983e-01aa75ed71a1,2015-11,pdf,73,1,1,unresolved from saved relationship metadata alone
http://publications.europa.eu/resource/cellar/9c4b0492-d550-11e5-a4b5-01aa75ed71a1,2015-11,pdf,9,1,1,unresolved from saved relationship metadata alone
http://publications.europa.eu/resource/cellar/a0efcbcd-8788-11e5-b8b7-01aa75ed71a1,2015-11,pdf,7,1,1,unresolved from saved relationship metadata alone
http://publications.europa.eu/resource/cellar/a3dffe0b-8dde-11e5-b8b7-01aa75ed71a1,2015-11,pdf,8,2,2,unresolved from saved relationship metadata alone
http://publications.europa.eu/resource/cellar/a65c317e-8788-11e5-b8b7-01aa75ed71a1,2015-11,pdf,7,1,1,unresolved from saved relationship metadata alone
http://publications.europa.eu/resource/cellar/a6ae452f-9291-11e5-983e-01aa75ed71a1,2015-11,pdf,4,1,1,unresolved from saved relationship metadata alone
http://publications.europa.eu/resource/cellar/abc1442f-8788-11e5-b8b7-01aa75ed71a1,2015-11,pdf,7,1,1,unresolved from saved relationship metadata alone
http://publications.europa.eu/resource/cellar/ad81bf47-8790-11e5-b8b7-01aa75ed71a1,2015-11,pdf,4,1,1,unresolved from saved relationship metadata alone
http://publications.europa.eu/resource/cellar/ad96d34b-8eac-11e5-983e-01aa75ed71a1,2015-11,pdf,4,1,1,unresolved from saved relationship metadata alone
http://publications.europa.eu/resource/cellar/adf850de-8de4-11e5-b8b7-01aa75ed71a1,2015-11,pdf,20,3,3,unresolved from saved relationship metadata alone
http://publications.europa.eu/resource/cellar/ae73d1f4-8d1a-11e5-b8b7-01aa75ed71a1,2015-11,pdf,18,1,1,unresolved from saved relationship metadata alone
http://publications.europa.eu/resource/cellar/b0b804b0-8788-11e5-b8b7-01aa75ed71a1,2015-11,pdf,7,1,1,unresolved from saved relationship metadata alone
http://publications.europa.eu/resource/cellar/b3fa61aa-8c49-11e5-b8b7-01aa75ed71a1,2015-11,pdf,8,2,2,unresolved from saved relationship metadata alone
http://publications.europa.eu/resource/cellar/b75a803f-934b-11e5-983e-01aa75ed71a1,2015-11,pdf,4,1,1,unresolved from saved relationship metadata alone
http://publications.europa.eu/resource/cellar/bd16c17e-8d16-11e5-b8b7-01aa75ed71a1,2015-11,pdf,7,1,1,unresolved from saved relationship metadata alone
http://publications.europa.eu/resource/cellar/bdd50752-8864-11e5-b8b7-01aa75ed71a1,2015-11,pdf,9,2,2,unresolved from saved relationship metadata alone
http://publications.europa.eu/resource/cellar/bde7c0cf-8de4-11e5-b8b7-01aa75ed71a1,2015-11,pdf,24,1,1,unresolved from saved relationship metadata alone
http://publications.europa.eu/resource/cellar/d0cfd7f2-935a-11e5-983e-01aa75ed71a1,2015-11,pdf,4,1,1,unresolved from saved relationship metadata alone
http://publications.europa.eu/resource/cellar/d1d8e4af-8fab-11e5-983e-01aa75ed71a1,2015-11,pdf,10,2,2,unresolved from saved relationship metadata alone
http://publications.europa.eu/resource/cellar/e1036016-92a2-11e5-983e-01aa75ed71a1,2015-11,pdf,8,2,2,unresolved from saved relationship metadata alone
http://publications.europa.eu/resource/cellar/e196006e-8467-11e5-b8b7-01aa75ed71a1,2015-11,pdf,4,1,1,unresolved from saved relationship metadata alone
http://publications.europa.eu/resource/cellar/e93a06e9-8791-11e5-b8b7-01aa75ed71a1,2015-11,pdf,4,1,1,unresolved from saved relationship metadata alone
http://publications.europa.eu/resource/cellar/ebdf266c-8eab-11e5-983e-01aa75ed71a1,2015-11,pdf,12,3,3,unresolved from saved relationship metadata alone
http://publications.europa.eu/resource/cellar/eddcfdb8-8ddd-11e5-b8b7-01aa75ed71a1,2015-11,pdf,4,1,1,unresolved from saved relationship metadata alone
http://publications.europa.eu/resource/cellar/f4d9701d-87b1-11e5-b8b7-01aa75ed71a1,2015-11,pdf,13,3,3,unresolved from saved relationship metadata alone
http://publications.europa.eu/resource/cellar/fbd918d7-92b6-11e5-983e-01aa75ed71a1,2015-11,pdf,4,1,1,unresolved from saved relationship metadata alone
http://publications.europa.eu/resource/cellar/fc3f92ed-8f6d-11e5-983e-01aa75ed71a1,2015-11,pdf,8,2,2,unresolved from saved relationship metadata alone
http://publications.europa.eu/resource/cellar/fea5d23e-8eab-11e5-983e-01aa75ed71a1,2015-11,pdf,33,1,1,unresolved from saved relationship metadata alone
http://publications.europa.eu/resource/cellar/02c8f9ac-a3e2-11e5-b528-01aa75ed71a1,2015-12,pdf,4,1,1,unresolved from saved relationship metadata alone
http://publications.europa.eu/resource/cellar/07c5665a-a34b-11e5-b528-01aa75ed71a1,2015-12,pdf,4,1,1,unresolved from saved relationship metadata alone
http://publications.europa.eu/resource/cellar/0bb43b02-a3e4-11e5-b528-01aa75ed71a1,2015-12,pdf,4,1,1,unresolved from saved relationship metadata alone
http://publications.europa.eu/resource/cellar/0d11e039-b465-11e5-8d3c-01aa75ed71a1,2015-12,pdf,4,1,1,unresolved from saved relationship metadata alone
http://publications.europa.eu/resource/cellar/132208cc-a8c1-11e5-b528-01aa75ed71a1,2015-12,pdf,12,1,1,unresolved from saved relationship metadata alone
http://publications.europa.eu/resource/cellar/15167a24-a571-11e5-b528-01aa75ed71a1,2015-12,pdf,4,1,1,unresolved from saved relationship metadata alone
http://publications.europa.eu/resource/cellar/1d3561ff-a310-11e5-b528-01aa75ed71a1,2015-12,pdf,4,1,1,unresolved from saved relationship metadata alone
http://publications.europa.eu/resource/cellar/202aa1e4-99a0-11e5-b3b7-01aa75ed71a1,2015-12,pdf,16,4,4,unresolved from saved relationship metadata alone
http://publications.europa.eu/resource/cellar/2de8c4cb-999e-11e5-b3b7-01aa75ed71a1,2015-12,pdf,4,1,1,unresolved from saved relationship metadata alone
http://publications.europa.eu/resource/cellar/2f1264e0-99ab-11e5-b3b7-01aa75ed71a1,2015-12,pdf,4,1,1,unresolved from saved relationship metadata alone
http://publications.europa.eu/resource/cellar/308267d5-a03d-11e5-b4a2-01aa75ed71a1,2015-12,pdf,8,2,2,unresolved from saved relationship metadata alone
http://publications.europa.eu/resource/cellar/3086c6c9-a3e7-11e5-b528-01aa75ed71a1,2015-12,pdf,10,2,2,unresolved from saved relationship metadata alone
http://publications.europa.eu/resource/cellar/3109030c-a4b8-11e5-b528-01aa75ed71a1,2015-12,pdf,4,1,1,unresolved from saved relationship metadata alone
http://publications.europa.eu/resource/cellar/31766d85-99a0-11e5-b3b7-01aa75ed71a1,2015-12,pdf,4,1,1,unresolved from saved relationship metadata alone
http://publications.europa.eu/resource/cellar/3a9e3ac0-a3e3-11e5-b528-01aa75ed71a1,2015-12,pdf,4,1,1,unresolved from saved relationship metadata alone
http://publications.europa.eu/resource/cellar/3c2190d3-9f2f-11e5-8781-01aa75ed71a1,2015-12,pdf,8,2,2,unresolved from saved relationship metadata alone
http://publications.europa.eu/resource/cellar/3df7dfd6-99a0-11e5-b3b7-01aa75ed71a1,2015-12,pdf,45,3,3,unresolved from saved relationship metadata alone
http://publications.europa.eu/resource/cellar/40934d09-a03e-11e5-b4a2-01aa75ed71a1,2015-12,pdf,8,2,2,unresolved from saved relationship metadata alone
http://publications.europa.eu/resource/cellar/40bbb81d-a4b8-11e5-b528-01aa75ed71a1,2015-12,pdf,9,1,1,unresolved from saved relationship metadata alone
http://publications.europa.eu/resource/cellar/42c1c17e-a30b-11e5-b528-01aa75ed71a1,2015-12,pdf,9,2,2,unresolved from saved relationship metadata alone
http://publications.europa.eu/resource/cellar/458047b7-99a0-11e5-b3b7-01aa75ed71a1,2015-12,pdf,4,1,1,unresolved from saved relationship metadata alone
http://publications.europa.eu/resource/cellar/48462dec-a309-11e5-b528-01aa75ed71a1,2015-12,pdf,9,2,2,unresolved from saved relationship metadata alone
http://publications.europa.eu/resource/cellar/490a1802-a4cc-11e5-b528-01aa75ed71a1,2015-12,pdf,4,1,1,unresolved from saved relationship metadata alone
http://publications.europa.eu/resource/cellar/4bf2e541-a4ba-11e5-b528-01aa75ed71a1,2015-12,pdf,9,2,2,unresolved from saved relationship metadata alone
http://publications.europa.eu/resource/cellar/4cccd167-a251-11e5-b528-01aa75ed71a1,2015-12,pdf,4,1,1,unresolved from saved relationship metadata alone
http://publications.europa.eu/resource/cellar/4f61c4c9-a3df-11e5-b528-01aa75ed71a1,2015-12,pdf,4,1,1,unresolved from saved relationship metadata alone
http://publications.europa.eu/resource/cellar/5622cc2f-9f27-11e5-8781-01aa75ed71a1,2015-12,pdf,4,1,1,unresolved from saved relationship metadata alone
http://publications.europa.eu/resource/cellar/56c41f64-a3e5-11e5-b528-01aa75ed71a1,2015-12,pdf,9,2,2,unresolved from saved relationship metadata alone
http://publications.europa.eu/resource/cellar/577a11e0-a310-11e5-b528-01aa75ed71a1,2015-12,pdf,4,1,1,unresolved from saved relationship metadata alone
http://publications.europa.eu/resource/cellar/59c42387-a3e6-11e5-b528-01aa75ed71a1,2015-12,pdf,9,2,2,unresolved from saved relationship metadata alone
http://publications.europa.eu/resource/cellar/5e086e00-a4d8-11e5-b528-01aa75ed71a1,2015-12,pdf,6,1,1,unresolved from saved relationship metadata alone
http://publications.europa.eu/resource/cellar/639c6094-9f2f-11e5-8781-01aa75ed71a1,2015-12,pdf,4,1,1,unresolved from saved relationship metadata alone
http://publications.europa.eu/resource/cellar/63da161f-a4b9-11e5-b528-01aa75ed71a1,2015-12,pdf,9,2,2,unresolved from saved relationship metadata alone
http://publications.europa.eu/resource/cellar/67bff875-9aaa-11e5-b792-01aa75ed71a1,2015-12,pdf,8,2,2,unresolved from saved relationship metadata alone
http://publications.europa.eu/resource/cellar/71b69f05-a3e5-11e5-b528-01aa75ed71a1,2015-12,pdf,4,1,1,unresolved from saved relationship metadata alone
http://publications.europa.eu/resource/cellar/760b7e55-a3de-11e5-b528-01aa75ed71a1,2015-12,pdf,8,2,2,unresolved from saved relationship metadata alone
http://publications.europa.eu/resource/cellar/77b3493c-99a5-11e5-b3b7-01aa75ed71a1,2015-12,pdf,8,2,2,unresolved from saved relationship metadata alone
http://publications.europa.eu/resource/cellar/79c59512-a570-11e5-b528-01aa75ed71a1,2015-12,pdf,4,1,1,unresolved from saved relationship metadata alone
http://publications.europa.eu/resource/cellar/7a19fcca-9ce7-11e5-8781-01aa75ed71a1,2015-12,pdf,4,1,1,unresolved from saved relationship metadata alone
http://publications.europa.eu/resource/cellar/7cb8cbae-a3e2-11e5-b528-01aa75ed71a1,2015-12,pdf,4,1,1,unresolved from saved relationship metadata alone
http://publications.europa.eu/resource/cellar/7f337dd4-a4cd-11e5-b528-01aa75ed71a1,2015-12,pdf,7,1,1,unresolved from saved relationship metadata alone
http://publications.europa.eu/resource/cellar/81ed8553-a248-11e5-b528-01aa75ed71a1,2015-12,pdf,23,4,4,unresolved from saved relationship metadata alone
http://publications.europa.eu/resource/cellar/8350eac3-a4cc-11e5-b528-01aa75ed71a1,2015-12,pdf,4,1,1,unresolved from saved relationship metadata alone
http://publications.europa.eu/resource/cellar/85bcf5fb-9ce7-11e5-8781-01aa75ed71a1,2015-12,pdf,20,1,1,unresolved from saved relationship metadata alone
http://publications.europa.eu/resource/cellar/85f34213-a570-11e5-b528-01aa75ed71a1,2015-12,pdf,6,1,1,unresolved from saved relationship metadata alone
http://publications.europa.eu/resource/cellar/8a8ef5e8-99a0-11e5-b3b7-01aa75ed71a1,2015-12,pdf,8,2,2,unresolved from saved relationship metadata alone
http://publications.europa.eu/resource/cellar/8cbd1563-a3dd-11e5-b528-01aa75ed71a1,2015-12,pdf,8,2,2,unresolved from saved relationship metadata alone
http://publications.europa.eu/resource/cellar/8dd2b8c1-9f2d-11e5-8781-01aa75ed71a1,2015-12,pdf,5,1,1,unresolved from saved relationship metadata alone
http://publications.europa.eu/resource/cellar/8fd92745-a24e-11e5-b528-01aa75ed71a1,2015-12,pdf,5,1,1,unresolved from saved relationship metadata alone
http://publications.europa.eu/resource/cellar/a92958b0-a56f-11e5-b528-01aa75ed71a1,2015-12,pdf,4,1,1,unresolved from saved relationship metadata alone
http://publications.europa.eu/resource/cellar/a9d33c5f-a27e-11e5-b528-01aa75ed71a1,2015-12,pdf,9,2,2,unresolved from saved relationship metadata alone
http://publications.europa.eu/resource/cellar/ab6c6a7a-a3e7-11e5-b528-01aa75ed71a1,2015-12,pdf,5,1,1,unresolved from saved relationship metadata alone
http://publications.europa.eu/resource/cellar/acbf9549-999d-11e5-b3b7-01aa75ed71a1,2015-12,pdf,4,1,1,unresolved from saved relationship metadata alone
http://publications.europa.eu/resource/cellar/aeaabb96-a3de-11e5-b528-01aa75ed71a1,2015-12,pdf,6,1,1,unresolved from saved relationship metadata alone
http://publications.europa.eu/resource/cellar/b08d702f-a3dc-11e5-b528-01aa75ed71a1,2015-12,pdf,8,2,2,unresolved from saved relationship metadata alone
http://publications.europa.eu/resource/cellar/b3f0bb1e-6ec2-4454-8ccd-8e1a9dfa39e5,2015-12,pdf,36,2,2,unresolved from saved relationship metadata alone
http://publications.europa.eu/resource/cellar/b5775ef1-a56f-11e5-b528-01aa75ed71a1,2015-12,pdf,5,1,1,unresolved from saved relationship metadata alone
http://publications.europa.eu/resource/cellar/b68494d2-999f-11e5-b3b7-01aa75ed71a1,2015-12,pdf,8,2,2,unresolved from saved relationship metadata alone
http://publications.europa.eu/resource/cellar/c0d2a72a-a577-11e5-b528-01aa75ed71a1,2015-12,pdf,9,1,1,unresolved from saved relationship metadata alone
http://publications.europa.eu/resource/cellar/c2b5929d-999e-11e5-b3b7-01aa75ed71a1,2015-12,pdf,8,2,2,unresolved from saved relationship metadata alone
http://publications.europa.eu/resource/cellar/c2df43cd-a3e8-11e5-b528-01aa75ed71a1,2015-12,pdf,8,2,2,unresolved from saved relationship metadata alone
http://publications.europa.eu/resource/cellar/c54d37ea-9f20-11e5-8781-01aa75ed71a1,2015-12,pdf,4,1,1,unresolved from saved relationship metadata alone
http://publications.europa.eu/resource/cellar/cc56c329-a576-11e5-b528-01aa75ed71a1,2015-12,pdf,12,3,3,unresolved from saved relationship metadata alone
http://publications.europa.eu/resource/cellar/ce336175-9f28-11e5-8781-01aa75ed71a1,2015-12,pdf,4,1,1,unresolved from saved relationship metadata alone
http://publications.europa.eu/resource/cellar/d27fc74e-999e-11e5-b3b7-01aa75ed71a1,2015-12,pdf,10,1,1,unresolved from saved relationship metadata alone
http://publications.europa.eu/resource/cellar/d289a992-330c-11e6-969e-01aa75ed71a1,2015-12,pdf,4,1,1,unresolved from saved relationship metadata alone
http://publications.europa.eu/resource/cellar/d35a70a5-a3f6-11e5-b528-01aa75ed71a1,2015-12,pdf,4,1,1,unresolved from saved relationship metadata alone
http://publications.europa.eu/resource/cellar/d3f381e1-9f27-11e5-8781-01aa75ed71a1,2015-12,pdf,4,1,1,unresolved from saved relationship metadata alone
http://publications.europa.eu/resource/cellar/d655605f-999e-11e5-b3b7-01aa75ed71a1,2015-12,pdf,4,1,1,unresolved from saved relationship metadata alone
http://publications.europa.eu/resource/cellar/d980dca3-a3e4-11e5-b528-01aa75ed71a1,2015-12,pdf,4,1,1,unresolved from saved relationship metadata alone
http://publications.europa.eu/resource/cellar/da3c7077-999c-11e5-b3b7-01aa75ed71a1,2015-12,pdf,4,1,1,unresolved from saved relationship metadata alone
http://publications.europa.eu/resource/cellar/da8dfec1-9ce9-11e5-8781-01aa75ed71a1,2015-12,pdf,8,2,2,unresolved from saved relationship metadata alone
http://publications.europa.eu/resource/cellar/dac489d2-a3f0-11e5-b528-01aa75ed71a1,2015-12,pdf,8,2,2,unresolved from saved relationship metadata alone
http://publications.europa.eu/resource/cellar/dca379d2-9f27-11e5-8781-01aa75ed71a1,2015-12,pdf,4,1,1,unresolved from saved relationship metadata alone
http://publications.europa.eu/resource/cellar/de8239fe-a56e-11e5-b528-01aa75ed71a1,2015-12,pdf,4,1,1,unresolved from saved relationship metadata alone
http://publications.europa.eu/resource/cellar/df9db197-9f28-11e5-8781-01aa75ed71a1,2015-12,pdf,13,1,1,unresolved from saved relationship metadata alone
http://publications.europa.eu/resource/cellar/e33c4902-9ce9-11e5-8781-01aa75ed71a1,2015-12,pdf,8,2,2,unresolved from saved relationship metadata alone
http://publications.europa.eu/resource/cellar/e3e88e08-958f-4c7d-b952-de65a468865c,2015-12,pdf,4,1,1,unresolved from saved relationship metadata alone
http://publications.europa.eu/resource/cellar/e56991d3-9f27-11e5-8781-01aa75ed71a1,2015-12,pdf,4,1,1,unresolved from saved relationship metadata alone
http://publications.europa.eu/resource/cellar/e657fd34-a3f1-11e5-b528-01aa75ed71a1,2015-12,pdf,8,2,2,unresolved from saved relationship metadata alone
http://publications.europa.eu/resource/cellar/e87c0fb6-a571-11e5-b528-01aa75ed71a1,2015-12,pdf,8,2,2,unresolved from saved relationship metadata alone
http://publications.europa.eu/resource/cellar/e9aed4db-a3e7-11e5-b528-01aa75ed71a1,2015-12,pdf,18,1,1,unresolved from saved relationship metadata alone
http://publications.europa.eu/resource/cellar/eaa03c5b-a57e-11e5-b528-01aa75ed71a1,2015-12,pdf,4,1,1,unresolved from saved relationship metadata alone
http://publications.europa.eu/resource/cellar/ec9e79f3-9ce9-11e5-8781-01aa75ed71a1,2015-12,pdf,99,2,2,unresolved from saved relationship metadata alone
http://publications.europa.eu/resource/cellar/ed720d67-a3de-11e5-b528-01aa75ed71a1,2015-12,pdf,4,1,1,unresolved from saved relationship metadata alone
http://publications.europa.eu/resource/cellar/ef5f7715-a320-11e5-b528-01aa75ed71a1,2015-12,pdf,8,2,2,unresolved from saved relationship metadata alone
http://publications.europa.eu/resource/cellar/ef9cd8c7-a321-11e5-b528-01aa75ed71a1,2015-12,pdf,8,2,2,unresolved from saved relationship metadata alone
http://publications.europa.eu/resource/cellar/f0a0e4cd-9ce8-11e5-8781-01aa75ed71a1,2015-12,pdf,10,2,2,unresolved from saved relationship metadata alone
http://publications.europa.eu/resource/cellar/f0f19738-a3de-11e5-b528-01aa75ed71a1,2015-12,pdf,4,1,1,unresolved from saved relationship metadata alone
http://publications.europa.eu/resource/cellar/f351d52f-a56e-11e5-b528-01aa75ed71a1,2015-12,pdf,5,1,1,unresolved from saved relationship metadata alone
http://publications.europa.eu/resource/cellar/f378573b-a3e0-11e5-b528-01aa75ed71a1,2015-12,pdf,4,1,1,unresolved from saved relationship metadata alone
http://publications.europa.eu/resource/cellar/f536cd70-999e-11e5-b3b7-01aa75ed71a1,2015-12,pdf,8,2,2,unresolved from saved relationship metadata alone
http://publications.europa.eu/resource/cellar/f5f089b3-98e6-11e5-b3b7-01aa75ed71a1,2015-12,pdf,14,2,2,unresolved from saved relationship metadata alone
http://publications.europa.eu/resource/cellar/f753cd3a-2642-11e6-86d0-01aa75ed71a1,2015-12,pdf,4,1,1,unresolved from saved relationship metadata alone
http://publications.europa.eu/resource/cellar/f841e91c-a3e7-11e5-b528-01aa75ed71a1,2015-12,pdf,8,2,2,unresolved from saved relationship metadata alone
http://publications.europa.eu/resource/cellar/f9e17a9d-a56d-11e5-b528-01aa75ed71a1,2015-12,pdf,4,1,1,unresolved from saved relationship metadata alone
http://publications.europa.eu/resource/cellar/fe2acefe-9f26-11e5-8781-01aa75ed71a1,2015-12,pdf,4,1,1,unresolved from saved relationship metadata alone
